Sep 24 01:19:58.144 INF building image image=hive/hiveproxy nocache=false pull=false
Sep 24 01:19:58.162 INF building 9 clients...
Sep 24 01:19:58.162 INF building image image=hive/clients/besu_development:latest dir=clients/besu nocache=false pull=false baseimage=trace-interop/besu tag=a85249905183f65c98c9e8c282955e40487c4ff8af8db8b8e306d58292231744
Sep 24 01:19:58.189 INF building image image=hive/clients/besu_release:latest dir=clients/besu nocache=false pull=false baseimage=trace-interop/besu tag=f3713c713ca4f9e89c09e1478d2a85116ba9ce8343129d709420ba2af009598b
Sep 24 01:19:58.215 INF building image image=hive/clients/erigon_development:latest dir=clients/erigon nocache=false pull=false baseimage=trace-interop/erigon tag=8269576669f1b4a55572ee7d1a7e4489244cd57bb545293391d1ebd5e0fac002
Sep 24 01:19:58.240 INF building image image=hive/clients/erigon_release:latest dir=clients/erigon nocache=false pull=false baseimage=trace-interop/erigon tag=8668d9c5adc01ad1d12aa25380e384079080bdde7e0ce93f11bed422d82ca0ac
Sep 24 01:19:58.274 INF building image image=hive/clients/go-ethereum_trace:latest dir=clients/go-ethereum nocache=false pull=false baseimage=trace-interop/go-ethereum tag=351f4131517b32d6a34d884f30dd5d6db83e1c008297f920e87b02b269f9874e
Sep 24 01:19:58.302 INF building image image=hive/clients/nethermind_development:latest dir=clients/nethermind nocache=false pull=false baseimage=trace-interop/nethermind tag=e68f6cd253c312443b306b7e1e61381a38fd174dd16fe7e9bc55487245718182
Sep 24 01:19:58.330 INF building image image=hive/clients/nethermind_release:latest dir=clients/nethermind nocache=false pull=false baseimage=trace-interop/nethermind tag=a5098d75bfa8d4da1992ba8404b357fde6d53241315396e26b88e16e5f67bb59
Sep 24 01:19:58.358 INF building image image=hive/clients/reth_development:latest dir=clients/reth nocache=false pull=false baseimage=trace-interop/reth tag=1d6a97ef686d7c6099c5426c77334ca5891ce5d362fe5f3049ac2ea0df76de86
Sep 24 01:19:58.382 INF building image image=hive/clients/reth_release:latest dir=clients/reth nocache=false pull=false baseimage=trace-interop/reth tag=e939dc4a471d9d27224e430f607a954d692ca5037a1350ee2036397d14532ca7
Sep 24 01:19:58.407 INF building 1 simulators...
Sep 24 01:19:58.407 INF building image image=hive/simulators/ethereum/rpc-compat:latest dir=simulators/ethereum/rpc-compat nocache=false pull=false
Sep 24 01:19:58.545 INF creating output directory folder=/home/banteg/dev/trace-coverage-20260924/evidence/2026-09-24/coverage-matrix/forks/hive
Sep 24 01:19:58.553 INF running simulation: ethereum/rpc-compat
Sep 24 01:19:58.695 INF hiveproxy started container=56201e86a035 addr=172.17.0.2:8081
Sep 24 01:19:58.882 INF API: suite started suite=0 name=rpc-compat
Sep 24 01:19:58.883 INF API: test started suite=0 test=1 name="client launch (besu_development)"
Sep 24 01:20:07.738 INF API: client besu_development started suite=0 test=1 container=aea6e67a
Sep 24 01:20:08.006 INF API: test started suite=0 test=2 name="interop/_control/head (besu_development)"
Sep 24 01:20:08.013 INF API: test ended suite=0 test=2 pass=false
Sep 24 01:20:08.014 INF API: test started suite=0 test=3 name="interop/_control/latest (besu_development)"
Sep 24 01:20:08.020 INF API: test ended suite=0 test=3 pass=false
Sep 24 01:20:08.021 INF API: test started suite=0 test=4 name="interop/_control/receipt/0x03a4bc78840db70e9b34ed52a9b17a34d4c72011731e9d7c36c962cda16c5b17 (besu_development)"
Sep 24 01:20:08.037 INF API: test ended suite=0 test=4 pass=false
Sep 24 01:20:08.038 INF API: test started suite=0 test=5 name="interop/_control/receipt/0x0c68db54417efe088e4000b2c274e0ae72f58d3fb80be5274f4dde231fb0b53d (besu_development)"
Sep 24 01:20:08.046 INF API: test ended suite=0 test=5 pass=false
Sep 24 01:20:08.047 INF API: test started suite=0 test=6 name="interop/_control/receipt/0x1276cda02bb88cd6b116024f7eb9ad89ee88c24a3f929fc67642cf8eb060e4fc (besu_development)"
Sep 24 01:20:08.052 INF API: test ended suite=0 test=6 pass=false
Sep 24 01:20:08.053 INF API: test started suite=0 test=7 name="interop/_control/receipt/0x269517da790ccc02577056426570550beac8d70ec0c0a3f407a8ffea3d80acc0 (besu_development)"
Sep 24 01:20:08.061 INF API: test ended suite=0 test=7 pass=false
Sep 24 01:20:08.062 INF API: test started suite=0 test=8 name="interop/_control/receipt/0x2eeede94c04e0a644f532b31b9cb71387ba69a26323fed48fa3a7dae6eb23084 (besu_development)"
Sep 24 01:20:08.068 INF API: test ended suite=0 test=8 pass=false
Sep 24 01:20:08.069 INF API: test started suite=0 test=9 name="interop/_control/receipt/0x38287a4cde4cb8f1b78c6c29880a5721ddda573f6d15413753a1e0546b996c1d (besu_development)"
Sep 24 01:20:08.075 INF API: test ended suite=0 test=9 pass=false
Sep 24 01:20:08.076 INF API: test started suite=0 test=10 name="interop/_control/receipt/0x3af8b2d42d7d74bb5ce1c5e9043f767d0808e4a269784db66f09edeee022e4ec (besu_development)"
Sep 24 01:20:08.081 INF API: test ended suite=0 test=10 pass=false
Sep 24 01:20:08.082 INF API: test started suite=0 test=11 name="interop/_control/receipt/0x485156c6fb5117ef740b7f2fd07fa3b59aaa8f63268e2f6b55663a5e532bd2d5 (besu_development)"
Sep 24 01:20:08.089 INF API: test ended suite=0 test=11 pass=false
Sep 24 01:20:08.089 INF API: test started suite=0 test=12 name="interop/_control/receipt/0x49771ec1756a3196f6302d643791d97e345923ecb628472fe369a7895e3d9ef3 (besu_development)"
Sep 24 01:20:08.096 INF API: test ended suite=0 test=12 pass=false
Sep 24 01:20:08.097 INF API: test started suite=0 test=13 name="interop/_control/receipt/0x4ba8c63a6eb76028beb54b621d0aebcb4408b53cfe3221a03426c5d5940d5107 (besu_development)"
Sep 24 01:20:08.103 INF API: test ended suite=0 test=13 pass=false
Sep 24 01:20:08.104 INF API: test started suite=0 test=14 name="interop/_control/receipt/0x4cd560128a9866daaeb440cc4bd884d87396ad816188b6a097af17350fdef754 (besu_development)"
Sep 24 01:20:08.110 INF API: test ended suite=0 test=14 pass=false
Sep 24 01:20:08.111 INF API: test started suite=0 test=15 name="interop/_control/receipt/0x5f8744bbc1ccfe48c9c5d0dc5003a7578289376fca7ca6c58b133b36e8e9029b (besu_development)"
Sep 24 01:20:08.117 INF API: test ended suite=0 test=15 pass=false
Sep 24 01:20:08.117 INF API: test started suite=0 test=16 name="interop/_control/receipt/0x63debd7bcab14a95198660dfe794ca12fd2a34b24f780dd7572c55f2a58735b3 (besu_development)"
Sep 24 01:20:08.123 INF API: test ended suite=0 test=16 pass=false
Sep 24 01:20:08.124 INF API: test started suite=0 test=17 name="interop/_control/receipt/0x6d172e7e8ec79c2f0c2e8c935a52ff48a3d39e20759767badf37fed372fbae77 (besu_development)"
Sep 24 01:20:08.129 INF API: test ended suite=0 test=17 pass=false
Sep 24 01:20:08.131 INF API: test started suite=0 test=18 name="interop/_control/receipt/0x76430fba1b629206573ad53847b0bc7e9f80161b0e79750803715a8fb1bc5955 (besu_development)"
Sep 24 01:20:08.138 INF API: test ended suite=0 test=18 pass=false
Sep 24 01:20:08.139 INF API: test started suite=0 test=19 name="interop/_control/receipt/0x7a4a9d54552bc6b4b024a707408e6c304ead4f2de44a131ecb98c03998b1f153 (besu_development)"
Sep 24 01:20:08.144 INF API: test ended suite=0 test=19 pass=false
Sep 24 01:20:08.145 INF API: test started suite=0 test=20 name="interop/_control/receipt/0x87d8ef31d0d35ae040f2998b90fd61eeb04882b21f189c521bec5c3cefb416d2 (besu_development)"
Sep 24 01:20:08.150 INF API: test ended suite=0 test=20 pass=false
Sep 24 01:20:08.150 INF API: test started suite=0 test=21 name="interop/_control/receipt/0x894d679a5f0efe3beb6fa7e13b7c92c6c223c815f625a77be692533f73e21eb2 (besu_development)"
Sep 24 01:20:08.155 INF API: test ended suite=0 test=21 pass=false
Sep 24 01:20:08.155 INF API: test started suite=0 test=22 name="interop/_control/receipt/0xa23373d1e4fa559fc33ffb791665855530831c83d0c241ef6b2d3f46a5f448f4 (besu_development)"
Sep 24 01:20:08.160 INF API: test ended suite=0 test=22 pass=false
Sep 24 01:20:08.161 INF API: test started suite=0 test=23 name="interop/_control/receipt/0xa263812c1fe6b84efc195c1762cb0f4fccb198b1b5657df7b435e3343bcab1fa (besu_development)"
Sep 24 01:20:08.165 INF API: test ended suite=0 test=23 pass=false
Sep 24 01:20:08.165 INF API: test started suite=0 test=24 name="interop/_control/receipt/0xa7a765e9f45b0ddcc07a023677846e2bfeb53f68ebb3deb3bcbfda3a6754f803 (besu_development)"
Sep 24 01:20:08.170 INF API: test ended suite=0 test=24 pass=false
Sep 24 01:20:08.170 INF API: test started suite=0 test=25 name="interop/_control/receipt/0xcb6cc0f2c24bd58148d690e7c202ffffdc0ed017e2ca6e6a744d8d3698e38091 (besu_development)"
Sep 24 01:20:08.175 INF API: test ended suite=0 test=25 pass=false
Sep 24 01:20:08.176 INF API: test started suite=0 test=26 name="interop/_control/receipt/0xd29a6a56a495a4e78a91c5176cd643bd729df3c17253daf839e9b0921cb27bb7 (besu_development)"
Sep 24 01:20:08.180 INF API: test ended suite=0 test=26 pass=false
Sep 24 01:20:08.181 INF API: test started suite=0 test=27 name="interop/_control/receipt/0xd7822fd23594d52bc98493786233edb857cbeee469a3148b5780e076a53985db (besu_development)"
Sep 24 01:20:08.186 INF API: test ended suite=0 test=27 pass=false
Sep 24 01:20:08.187 INF API: test started suite=0 test=28 name="interop/_control/receipt/0xe4c4e6a9105669372c4eb7fe40af9f521ee1f58d6b0f73d85f32af95189c3876 (besu_development)"
Sep 24 01:20:08.192 INF API: test ended suite=0 test=28 pass=false
Sep 24 01:20:08.193 INF API: test started suite=0 test=29 name="interop/_control/receipt/0xedc4ae6e22147d1f6f417fb53747ccdd61ea8bf8bc04b6aa10b69c59187ac325 (besu_development)"
Sep 24 01:20:08.198 INF API: test ended suite=0 test=29 pass=false
Sep 24 01:20:08.199 INF API: test started suite=0 test=30 name="interop/_control/receipt/0xfaf95f0248bf8587ba17feda97333e872894f94ab3b418bfab84287e76d89b79 (besu_development)"
Sep 24 01:20:08.204 INF API: test ended suite=0 test=30 pass=false
Sep 24 01:20:08.205 INF API: test started suite=0 test=31 name="interop/_control/version (besu_development)"
Sep 24 01:20:08.209 INF API: test ended suite=0 test=31 pass=false
Sep 24 01:20:08.210 INF API: test started suite=0 test=32 name="interop/block-35 (besu_development)"
Sep 24 01:20:08.266 INF API: test ended suite=0 test=32 pass=false
Sep 24 01:20:08.267 INF API: test started suite=0 test=33 name="interop/block-36 (besu_development)"
Sep 24 01:20:08.292 INF API: test ended suite=0 test=33 pass=false
Sep 24 01:20:08.293 INF API: test started suite=0 test=34 name="interop/block-47 (besu_development)"
Sep 24 01:20:08.303 INF API: test ended suite=0 test=34 pass=false
Sep 24 01:20:08.304 INF API: test started suite=0 test=35 name="interop/block-48 (besu_development)"
Sep 24 01:20:08.313 INF API: test ended suite=0 test=35 pass=false
Sep 24 01:20:08.314 INF API: test started suite=0 test=36 name="interop/block-51 (besu_development)"
Sep 24 01:20:08.328 INF API: test ended suite=0 test=36 pass=false
Sep 24 01:20:08.329 INF API: test started suite=0 test=37 name="interop/block-52 (besu_development)"
Sep 24 01:20:08.337 INF API: test ended suite=0 test=37 pass=false
Sep 24 01:20:08.338 INF API: test started suite=0 test=38 name="interop/block-55 (besu_development)"
Sep 24 01:20:08.345 INF API: test ended suite=0 test=38 pass=false
Sep 24 01:20:08.346 INF API: test started suite=0 test=39 name="interop/block-56 (besu_development)"
Sep 24 01:20:08.354 INF API: test ended suite=0 test=39 pass=false
Sep 24 01:20:08.355 INF API: test started suite=0 test=40 name="interop/block-59 (besu_development)"
Sep 24 01:20:08.363 INF API: test ended suite=0 test=40 pass=false
Sep 24 01:20:08.364 INF API: test started suite=0 test=41 name="interop/block-60 (besu_development)"
Sep 24 01:20:08.377 INF API: test ended suite=0 test=41 pass=false
Sep 24 01:20:08.379 INF API: test started suite=0 test=42 name="interop/control-head (besu_development)"
Sep 24 01:20:08.388 INF API: test ended suite=0 test=42 pass=false
Sep 24 01:20:08.389 INF API: test started suite=0 test=43 name="interop/control-height (besu_development)"
Sep 24 01:20:08.402 INF API: test ended suite=0 test=43 pass=false
Sep 24 01:20:08.403 INF API: test started suite=0 test=44 name="interop/control-version (besu_development)"
Sep 24 01:20:08.408 INF API: test ended suite=0 test=44 pass=false
Sep 24 01:20:08.409 INF API: test started suite=0 test=45 name="interop/destroy-prestate-55 (besu_development)"
Sep 24 01:20:08.468 INF API: test ended suite=0 test=45 pass=false
Sep 24 01:20:08.469 INF API: test started suite=0 test=46 name="interop/destroy-prestate-56 (besu_development)"
Sep 24 01:20:08.477 INF API: test ended suite=0 test=46 pass=false
Sep 24 01:20:08.478 INF API: test started suite=0 test=47 name="interop/destroy-trace-55 (besu_development)"
Sep 24 01:20:08.508 INF API: test ended suite=0 test=47 pass=false
Sep 24 01:20:08.509 INF API: test started suite=0 test=48 name="interop/destroy-trace-56 (besu_development)"
Sep 24 01:20:08.518 INF API: test ended suite=0 test=48 pass=false
Sep 24 01:20:08.519 INF API: test started suite=0 test=49 name="interop/filter-35 (besu_development)"
Sep 24 01:20:08.540 INF API: test ended suite=0 test=49 pass=false
Sep 24 01:20:08.541 INF API: test started suite=0 test=50 name="interop/filter-36 (besu_development)"
Sep 24 01:20:08.552 INF API: test ended suite=0 test=50 pass=false
Sep 24 01:20:08.553 INF API: test started suite=0 test=51 name="interop/filter-47 (besu_development)"
Sep 24 01:20:08.561 INF API: test ended suite=0 test=51 pass=false
Sep 24 01:20:08.562 INF API: test started suite=0 test=52 name="interop/filter-48 (besu_development)"
Sep 24 01:20:08.570 INF API: test ended suite=0 test=52 pass=false
Sep 24 01:20:08.570 INF API: test started suite=0 test=53 name="interop/filter-51 (besu_development)"
Sep 24 01:20:08.580 INF API: test ended suite=0 test=53 pass=false
Sep 24 01:20:08.581 INF API: test started suite=0 test=54 name="interop/filter-52 (besu_development)"
Sep 24 01:20:08.588 INF API: test ended suite=0 test=54 pass=false
Sep 24 01:20:08.589 INF API: test started suite=0 test=55 name="interop/filter-55 (besu_development)"
Sep 24 01:20:08.595 INF API: test ended suite=0 test=55 pass=false
Sep 24 01:20:08.596 INF API: test started suite=0 test=56 name="interop/filter-56 (besu_development)"
Sep 24 01:20:08.604 INF API: test ended suite=0 test=56 pass=false
Sep 24 01:20:08.605 INF API: test started suite=0 test=57 name="interop/filter-59 (besu_development)"
Sep 24 01:20:08.612 INF API: test ended suite=0 test=57 pass=false
Sep 24 01:20:08.613 INF API: test started suite=0 test=58 name="interop/filter-60 (besu_development)"
Sep 24 01:20:08.622 INF API: test ended suite=0 test=58 pass=false
Sep 24 01:20:08.623 INF API: test started suite=0 test=59 name="interop/filter-across-36 (besu_development)"
Sep 24 01:20:08.632 INF API: test ended suite=0 test=59 pass=false
Sep 24 01:20:08.633 INF API: test started suite=0 test=60 name="interop/filter-across-48 (besu_development)"
Sep 24 01:20:08.645 INF API: test ended suite=0 test=60 pass=false
Sep 24 01:20:08.647 INF API: test started suite=0 test=61 name="interop/filter-across-52 (besu_development)"
Sep 24 01:20:08.657 INF API: test ended suite=0 test=61 pass=false
Sep 24 01:20:08.659 INF API: test started suite=0 test=62 name="interop/filter-across-56 (besu_development)"
Sep 24 01:20:08.667 INF API: test ended suite=0 test=62 pass=false
Sep 24 01:20:08.668 INF API: test started suite=0 test=63 name="interop/filter-across-60 (besu_development)"
Sep 24 01:20:09.677 INF API: test ended suite=0 test=63 pass=false
Sep 24 01:20:09.678 INF API: test started suite=0 test=64 name="interop/header-35 (besu_development)"
Sep 24 01:20:09.683 INF API: test ended suite=0 test=64 pass=false
Sep 24 01:20:09.684 INF API: test started suite=0 test=65 name="interop/header-36 (besu_development)"
Sep 24 01:20:09.689 INF API: test ended suite=0 test=65 pass=false
Sep 24 01:20:09.689 INF API: test started suite=0 test=66 name="interop/header-47 (besu_development)"
Sep 24 01:20:09.695 INF API: test ended suite=0 test=66 pass=false
Sep 24 01:20:09.696 INF API: test started suite=0 test=67 name="interop/header-48 (besu_development)"
Sep 24 01:20:09.701 INF API: test ended suite=0 test=67 pass=false
Sep 24 01:20:09.702 INF API: test started suite=0 test=68 name="interop/header-51 (besu_development)"
Sep 24 01:20:09.706 INF API: test ended suite=0 test=68 pass=false
Sep 24 01:20:09.707 INF API: test started suite=0 test=69 name="interop/header-52 (besu_development)"
Sep 24 01:20:09.712 INF API: test ended suite=0 test=69 pass=false
Sep 24 01:20:09.712 INF API: test started suite=0 test=70 name="interop/header-55 (besu_development)"
Sep 24 01:20:09.716 INF API: test ended suite=0 test=70 pass=false
Sep 24 01:20:09.717 INF API: test started suite=0 test=71 name="interop/header-56 (besu_development)"
Sep 24 01:20:09.722 INF API: test ended suite=0 test=71 pass=false
Sep 24 01:20:09.722 INF API: test started suite=0 test=72 name="interop/header-59 (besu_development)"
Sep 24 01:20:09.726 INF API: test ended suite=0 test=72 pass=false
Sep 24 01:20:09.727 INF API: test started suite=0 test=73 name="interop/header-60 (besu_development)"
Sep 24 01:20:09.731 INF API: test ended suite=0 test=73 pass=false
Sep 24 01:20:09.732 INF API: test started suite=0 test=74 name="interop/mcopy-prestate-55 (besu_development)"
Sep 24 01:20:09.740 INF API: test ended suite=0 test=74 pass=false
Sep 24 01:20:09.741 INF API: test started suite=0 test=75 name="interop/mcopy-prestate-56 (besu_development)"
Sep 24 01:20:09.746 INF API: test ended suite=0 test=75 pass=false
Sep 24 01:20:09.747 INF API: test started suite=0 test=76 name="interop/mcopy-trace-55 (besu_development)"
Sep 24 01:20:09.755 INF API: test ended suite=0 test=76 pass=false
Sep 24 01:20:09.756 INF API: test started suite=0 test=77 name="interop/mcopy-trace-56 (besu_development)"
Sep 24 01:20:09.763 INF API: test ended suite=0 test=77 pass=false
Sep 24 01:20:09.764 INF API: test started suite=0 test=78 name="interop/replay-35 (besu_development)"
Sep 24 01:20:09.778 INF API: test ended suite=0 test=78 pass=false
Sep 24 01:20:09.779 INF API: test started suite=0 test=79 name="interop/replay-36 (besu_development)"
Sep 24 01:20:09.792 INF API: test ended suite=0 test=79 pass=false
Sep 24 01:20:09.793 INF API: test started suite=0 test=80 name="interop/replay-47 (besu_development)"
Sep 24 01:20:09.800 INF API: test ended suite=0 test=80 pass=false
Sep 24 01:20:09.801 INF API: test started suite=0 test=81 name="interop/replay-48 (besu_development)"
Sep 24 01:20:09.809 INF API: test ended suite=0 test=81 pass=false
Sep 24 01:20:09.809 INF API: test started suite=0 test=82 name="interop/replay-51 (besu_development)"
Sep 24 01:20:09.818 INF API: test ended suite=0 test=82 pass=false
Sep 24 01:20:09.819 INF API: test started suite=0 test=83 name="interop/replay-52 (besu_development)"
Sep 24 01:20:09.826 INF API: test ended suite=0 test=83 pass=false
Sep 24 01:20:09.826 INF API: test started suite=0 test=84 name="interop/replay-55 (besu_development)"
Sep 24 01:20:09.833 INF API: test ended suite=0 test=84 pass=false
Sep 24 01:20:09.833 INF API: test started suite=0 test=85 name="interop/replay-56 (besu_development)"
Sep 24 01:20:09.841 INF API: test ended suite=0 test=85 pass=false
Sep 24 01:20:09.842 INF API: test started suite=0 test=86 name="interop/replay-59 (besu_development)"
Sep 24 01:20:09.850 INF API: test ended suite=0 test=86 pass=false
Sep 24 01:20:09.851 INF API: test started suite=0 test=87 name="interop/replay-60 (besu_development)"
Sep 24 01:20:10.876 INF API: test ended suite=0 test=87 pass=false
Sep 24 01:20:10.877 INF API: test started suite=0 test=88 name="interop/system-beacon-55-560 (besu_development)"
Sep 24 01:20:10.894 INF API: test ended suite=0 test=88 pass=false
Sep 24 01:20:10.895 INF API: test started suite=0 test=89 name="interop/system-beacon-55-8751 (besu_development)"
Sep 24 01:20:10.898 INF API: test ended suite=0 test=89 pass=false
Sep 24 01:20:10.899 INF API: test started suite=0 test=90 name="interop/system-beacon-56-560 (besu_development)"
Sep 24 01:20:10.902 INF API: test ended suite=0 test=90 pass=false
Sep 24 01:20:10.903 INF API: test started suite=0 test=91 name="interop/system-beacon-56-8751 (besu_development)"
Sep 24 01:20:10.906 INF API: test ended suite=0 test=91 pass=false
Sep 24 01:20:10.907 INF API: test started suite=0 test=92 name="interop/system-beacon-57-560 (besu_development)"
Sep 24 01:20:10.911 INF API: test ended suite=0 test=92 pass=false
Sep 24 01:20:10.912 INF API: test started suite=0 test=93 name="interop/system-beacon-57-8751 (besu_development)"
Sep 24 01:20:10.915 INF API: test ended suite=0 test=93 pass=false
Sep 24 01:20:11.081 INF API: test ended suite=0 test=1 pass=true
Sep 24 01:20:11.082 INF API: test started suite=0 test=94 name="client launch (besu_release)"
Sep 24 01:20:19.935 INF API: client besu_release started suite=0 test=94 container=4c15ff26
Sep 24 01:20:20.183 INF API: test started suite=0 test=95 name="interop/_control/head (besu_release)"
Sep 24 01:20:20.191 INF API: test ended suite=0 test=95 pass=false
Sep 24 01:20:20.192 INF API: test started suite=0 test=96 name="interop/_control/latest (besu_release)"
Sep 24 01:20:20.200 INF API: test ended suite=0 test=96 pass=false
Sep 24 01:20:20.200 INF API: test started suite=0 test=97 name="interop/_control/receipt/0x03a4bc78840db70e9b34ed52a9b17a34d4c72011731e9d7c36c962cda16c5b17 (besu_release)"
Sep 24 01:20:20.215 INF API: test ended suite=0 test=97 pass=false
Sep 24 01:20:20.216 INF API: test started suite=0 test=98 name="interop/_control/receipt/0x0c68db54417efe088e4000b2c274e0ae72f58d3fb80be5274f4dde231fb0b53d (besu_release)"
Sep 24 01:20:20.226 INF API: test ended suite=0 test=98 pass=false
Sep 24 01:20:20.226 INF API: test started suite=0 test=99 name="interop/_control/receipt/0x1276cda02bb88cd6b116024f7eb9ad89ee88c24a3f929fc67642cf8eb060e4fc (besu_release)"
Sep 24 01:20:20.232 INF API: test ended suite=0 test=99 pass=false
Sep 24 01:20:20.233 INF API: test started suite=0 test=100 name="interop/_control/receipt/0x269517da790ccc02577056426570550beac8d70ec0c0a3f407a8ffea3d80acc0 (besu_release)"
Sep 24 01:20:20.243 INF API: test ended suite=0 test=100 pass=false
Sep 24 01:20:20.244 INF API: test started suite=0 test=101 name="interop/_control/receipt/0x2eeede94c04e0a644f532b31b9cb71387ba69a26323fed48fa3a7dae6eb23084 (besu_release)"
Sep 24 01:20:20.250 INF API: test ended suite=0 test=101 pass=false
Sep 24 01:20:20.251 INF API: test started suite=0 test=102 name="interop/_control/receipt/0x38287a4cde4cb8f1b78c6c29880a5721ddda573f6d15413753a1e0546b996c1d (besu_release)"
Sep 24 01:20:20.257 INF API: test ended suite=0 test=102 pass=false
Sep 24 01:20:20.258 INF API: test started suite=0 test=103 name="interop/_control/receipt/0x3af8b2d42d7d74bb5ce1c5e9043f767d0808e4a269784db66f09edeee022e4ec (besu_release)"
Sep 24 01:20:20.263 INF API: test ended suite=0 test=103 pass=false
Sep 24 01:20:20.264 INF API: test started suite=0 test=104 name="interop/_control/receipt/0x485156c6fb5117ef740b7f2fd07fa3b59aaa8f63268e2f6b55663a5e532bd2d5 (besu_release)"
Sep 24 01:20:20.270 INF API: test ended suite=0 test=104 pass=false
Sep 24 01:20:20.271 INF API: test started suite=0 test=105 name="interop/_control/receipt/0x49771ec1756a3196f6302d643791d97e345923ecb628472fe369a7895e3d9ef3 (besu_release)"
Sep 24 01:20:20.278 INF API: test ended suite=0 test=105 pass=false
Sep 24 01:20:20.278 INF API: test started suite=0 test=106 name="interop/_control/receipt/0x4ba8c63a6eb76028beb54b621d0aebcb4408b53cfe3221a03426c5d5940d5107 (besu_release)"
Sep 24 01:20:20.284 INF API: test ended suite=0 test=106 pass=false
Sep 24 01:20:20.285 INF API: test started suite=0 test=107 name="interop/_control/receipt/0x4cd560128a9866daaeb440cc4bd884d87396ad816188b6a097af17350fdef754 (besu_release)"
Sep 24 01:20:20.290 INF API: test ended suite=0 test=107 pass=false
Sep 24 01:20:20.291 INF API: test started suite=0 test=108 name="interop/_control/receipt/0x5f8744bbc1ccfe48c9c5d0dc5003a7578289376fca7ca6c58b133b36e8e9029b (besu_release)"
Sep 24 01:20:20.296 INF API: test ended suite=0 test=108 pass=false
Sep 24 01:20:20.297 INF API: test started suite=0 test=109 name="interop/_control/receipt/0x63debd7bcab14a95198660dfe794ca12fd2a34b24f780dd7572c55f2a58735b3 (besu_release)"
Sep 24 01:20:20.303 INF API: test ended suite=0 test=109 pass=false
Sep 24 01:20:20.304 INF API: test started suite=0 test=110 name="interop/_control/receipt/0x6d172e7e8ec79c2f0c2e8c935a52ff48a3d39e20759767badf37fed372fbae77 (besu_release)"
Sep 24 01:20:20.309 INF API: test ended suite=0 test=110 pass=false
Sep 24 01:20:20.310 INF API: test started suite=0 test=111 name="interop/_control/receipt/0x76430fba1b629206573ad53847b0bc7e9f80161b0e79750803715a8fb1bc5955 (besu_release)"
Sep 24 01:20:20.316 INF API: test ended suite=0 test=111 pass=false
Sep 24 01:20:20.317 INF API: test started suite=0 test=112 name="interop/_control/receipt/0x7a4a9d54552bc6b4b024a707408e6c304ead4f2de44a131ecb98c03998b1f153 (besu_release)"
Sep 24 01:20:20.325 INF API: test ended suite=0 test=112 pass=false
Sep 24 01:20:20.326 INF API: test started suite=0 test=113 name="interop/_control/receipt/0x87d8ef31d0d35ae040f2998b90fd61eeb04882b21f189c521bec5c3cefb416d2 (besu_release)"
Sep 24 01:20:20.331 INF API: test ended suite=0 test=113 pass=false
Sep 24 01:20:20.332 INF API: test started suite=0 test=114 name="interop/_control/receipt/0x894d679a5f0efe3beb6fa7e13b7c92c6c223c815f625a77be692533f73e21eb2 (besu_release)"
Sep 24 01:20:20.338 INF API: test ended suite=0 test=114 pass=false
Sep 24 01:20:20.338 INF API: test started suite=0 test=115 name="interop/_control/receipt/0xa23373d1e4fa559fc33ffb791665855530831c83d0c241ef6b2d3f46a5f448f4 (besu_release)"
Sep 24 01:20:20.343 INF API: test ended suite=0 test=115 pass=false
Sep 24 01:20:20.344 INF API: test started suite=0 test=116 name="interop/_control/receipt/0xa263812c1fe6b84efc195c1762cb0f4fccb198b1b5657df7b435e3343bcab1fa (besu_release)"
Sep 24 01:20:20.348 INF API: test ended suite=0 test=116 pass=false
Sep 24 01:20:20.349 INF API: test started suite=0 test=117 name="interop/_control/receipt/0xa7a765e9f45b0ddcc07a023677846e2bfeb53f68ebb3deb3bcbfda3a6754f803 (besu_release)"
Sep 24 01:20:20.355 INF API: test ended suite=0 test=117 pass=false
Sep 24 01:20:20.356 INF API: test started suite=0 test=118 name="interop/_control/receipt/0xcb6cc0f2c24bd58148d690e7c202ffffdc0ed017e2ca6e6a744d8d3698e38091 (besu_release)"
Sep 24 01:20:20.361 INF API: test ended suite=0 test=118 pass=false
Sep 24 01:20:20.361 INF API: test started suite=0 test=119 name="interop/_control/receipt/0xd29a6a56a495a4e78a91c5176cd643bd729df3c17253daf839e9b0921cb27bb7 (besu_release)"
Sep 24 01:20:20.366 INF API: test ended suite=0 test=119 pass=false
Sep 24 01:20:20.367 INF API: test started suite=0 test=120 name="interop/_control/receipt/0xd7822fd23594d52bc98493786233edb857cbeee469a3148b5780e076a53985db (besu_release)"
Sep 24 01:20:20.371 INF API: test ended suite=0 test=120 pass=false
Sep 24 01:20:20.372 INF API: test started suite=0 test=121 name="interop/_control/receipt/0xe4c4e6a9105669372c4eb7fe40af9f521ee1f58d6b0f73d85f32af95189c3876 (besu_release)"
Sep 24 01:20:20.376 INF API: test ended suite=0 test=121 pass=false
Sep 24 01:20:20.377 INF API: test started suite=0 test=122 name="interop/_control/receipt/0xedc4ae6e22147d1f6f417fb53747ccdd61ea8bf8bc04b6aa10b69c59187ac325 (besu_release)"
Sep 24 01:20:20.382 INF API: test ended suite=0 test=122 pass=false
Sep 24 01:20:20.383 INF API: test started suite=0 test=123 name="interop/_control/receipt/0xfaf95f0248bf8587ba17feda97333e872894f94ab3b418bfab84287e76d89b79 (besu_release)"
Sep 24 01:20:20.387 INF API: test ended suite=0 test=123 pass=false
Sep 24 01:20:20.388 INF API: test started suite=0 test=124 name="interop/_control/version (besu_release)"
Sep 24 01:20:20.392 INF API: test ended suite=0 test=124 pass=false
Sep 24 01:20:20.392 INF API: test started suite=0 test=125 name="interop/block-35 (besu_release)"
Sep 24 01:20:20.452 INF API: test ended suite=0 test=125 pass=false
Sep 24 01:20:20.453 INF API: test started suite=0 test=126 name="interop/block-36 (besu_release)"
Sep 24 01:20:20.488 INF API: test ended suite=0 test=126 pass=false
Sep 24 01:20:20.489 INF API: test started suite=0 test=127 name="interop/block-47 (besu_release)"
Sep 24 01:20:20.502 INF API: test ended suite=0 test=127 pass=false
Sep 24 01:20:20.503 INF API: test started suite=0 test=128 name="interop/block-48 (besu_release)"
Sep 24 01:20:20.518 INF API: test ended suite=0 test=128 pass=false
Sep 24 01:20:20.519 INF API: test started suite=0 test=129 name="interop/block-51 (besu_release)"
Sep 24 01:20:20.533 INF API: test ended suite=0 test=129 pass=false
Sep 24 01:20:20.534 INF API: test started suite=0 test=130 name="interop/block-52 (besu_release)"
Sep 24 01:20:20.543 INF API: test ended suite=0 test=130 pass=false
Sep 24 01:20:20.544 INF API: test started suite=0 test=131 name="interop/block-55 (besu_release)"
Sep 24 01:20:20.552 INF API: test ended suite=0 test=131 pass=false
Sep 24 01:20:20.552 INF API: test started suite=0 test=132 name="interop/block-56 (besu_release)"
Sep 24 01:20:20.560 INF API: test ended suite=0 test=132 pass=false
Sep 24 01:20:20.561 INF API: test started suite=0 test=133 name="interop/block-59 (besu_release)"
Sep 24 01:20:20.570 INF API: test ended suite=0 test=133 pass=false
Sep 24 01:20:20.571 INF API: test started suite=0 test=134 name="interop/block-60 (besu_release)"
Sep 24 01:20:20.583 INF API: test ended suite=0 test=134 pass=false
Sep 24 01:20:20.584 INF API: test started suite=0 test=135 name="interop/control-head (besu_release)"
Sep 24 01:20:20.591 INF API: test ended suite=0 test=135 pass=false
Sep 24 01:20:20.592 INF API: test started suite=0 test=136 name="interop/control-height (besu_release)"
Sep 24 01:20:20.599 INF API: test ended suite=0 test=136 pass=false
Sep 24 01:20:20.599 INF API: test started suite=0 test=137 name="interop/control-version (besu_release)"
Sep 24 01:20:20.604 INF API: test ended suite=0 test=137 pass=false
Sep 24 01:20:20.605 INF API: test started suite=0 test=138 name="interop/destroy-prestate-55 (besu_release)"
Sep 24 01:20:20.656 INF API: test ended suite=0 test=138 pass=false
Sep 24 01:20:20.657 INF API: test started suite=0 test=139 name="interop/destroy-prestate-56 (besu_release)"
Sep 24 01:20:20.667 INF API: test ended suite=0 test=139 pass=false
Sep 24 01:20:20.668 INF API: test started suite=0 test=140 name="interop/destroy-trace-55 (besu_release)"
Sep 24 01:20:20.694 INF API: test ended suite=0 test=140 pass=false
Sep 24 01:20:20.695 INF API: test started suite=0 test=141 name="interop/destroy-trace-56 (besu_release)"
Sep 24 01:20:20.701 INF API: test ended suite=0 test=141 pass=false
Sep 24 01:20:20.702 INF API: test started suite=0 test=142 name="interop/filter-35 (besu_release)"
Sep 24 01:20:20.720 INF API: test ended suite=0 test=142 pass=false
Sep 24 01:20:20.721 INF API: test started suite=0 test=143 name="interop/filter-36 (besu_release)"
Sep 24 01:20:20.732 INF API: test ended suite=0 test=143 pass=false
Sep 24 01:20:20.733 INF API: test started suite=0 test=144 name="interop/filter-47 (besu_release)"
Sep 24 01:20:20.741 INF API: test ended suite=0 test=144 pass=false
Sep 24 01:20:20.742 INF API: test started suite=0 test=145 name="interop/filter-48 (besu_release)"
Sep 24 01:20:20.749 INF API: test ended suite=0 test=145 pass=false
Sep 24 01:20:20.749 INF API: test started suite=0 test=146 name="interop/filter-51 (besu_release)"
Sep 24 01:20:20.758 INF API: test ended suite=0 test=146 pass=false
Sep 24 01:20:20.759 INF API: test started suite=0 test=147 name="interop/filter-52 (besu_release)"
Sep 24 01:20:20.765 INF API: test ended suite=0 test=147 pass=false
Sep 24 01:20:20.766 INF API: test started suite=0 test=148 name="interop/filter-55 (besu_release)"
Sep 24 01:20:20.772 INF API: test ended suite=0 test=148 pass=false
Sep 24 01:20:20.772 INF API: test started suite=0 test=149 name="interop/filter-56 (besu_release)"
Sep 24 01:20:20.779 INF API: test ended suite=0 test=149 pass=false
Sep 24 01:20:20.780 INF API: test started suite=0 test=150 name="interop/filter-59 (besu_release)"
Sep 24 01:20:20.786 INF API: test ended suite=0 test=150 pass=false
Sep 24 01:20:20.787 INF API: test started suite=0 test=151 name="interop/filter-60 (besu_release)"
Sep 24 01:20:20.796 INF API: test ended suite=0 test=151 pass=false
Sep 24 01:20:20.797 INF API: test started suite=0 test=152 name="interop/filter-across-36 (besu_release)"
Sep 24 01:20:20.804 INF API: test ended suite=0 test=152 pass=false
Sep 24 01:20:20.805 INF API: test started suite=0 test=153 name="interop/filter-across-48 (besu_release)"
Sep 24 01:20:21.831 INF API: test ended suite=0 test=153 pass=false
Sep 24 01:20:21.832 INF API: test started suite=0 test=154 name="interop/filter-across-52 (besu_release)"
Sep 24 01:20:21.845 INF API: test ended suite=0 test=154 pass=false
Sep 24 01:20:21.846 INF API: test started suite=0 test=155 name="interop/filter-across-56 (besu_release)"
Sep 24 01:20:21.854 INF API: test ended suite=0 test=155 pass=false
Sep 24 01:20:21.855 INF API: test started suite=0 test=156 name="interop/filter-across-60 (besu_release)"
Sep 24 01:20:21.864 INF API: test ended suite=0 test=156 pass=false
Sep 24 01:20:21.865 INF API: test started suite=0 test=157 name="interop/header-35 (besu_release)"
Sep 24 01:20:21.870 INF API: test ended suite=0 test=157 pass=false
Sep 24 01:20:21.871 INF API: test started suite=0 test=158 name="interop/header-36 (besu_release)"
Sep 24 01:20:21.875 INF API: test ended suite=0 test=158 pass=false
Sep 24 01:20:21.876 INF API: test started suite=0 test=159 name="interop/header-47 (besu_release)"
Sep 24 01:20:21.881 INF API: test ended suite=0 test=159 pass=false
Sep 24 01:20:21.881 INF API: test started suite=0 test=160 name="interop/header-48 (besu_release)"
Sep 24 01:20:21.885 INF API: test ended suite=0 test=160 pass=false
Sep 24 01:20:21.886 INF API: test started suite=0 test=161 name="interop/header-51 (besu_release)"
Sep 24 01:20:21.891 INF API: test ended suite=0 test=161 pass=false
Sep 24 01:20:21.892 INF API: test started suite=0 test=162 name="interop/header-52 (besu_release)"
Sep 24 01:20:21.897 INF API: test ended suite=0 test=162 pass=false
Sep 24 01:20:21.897 INF API: test started suite=0 test=163 name="interop/header-55 (besu_release)"
Sep 24 01:20:21.901 INF API: test ended suite=0 test=163 pass=false
Sep 24 01:20:21.902 INF API: test started suite=0 test=164 name="interop/header-56 (besu_release)"
Sep 24 01:20:21.906 INF API: test ended suite=0 test=164 pass=false
Sep 24 01:20:21.907 INF API: test started suite=0 test=165 name="interop/header-59 (besu_release)"
Sep 24 01:20:21.911 INF API: test ended suite=0 test=165 pass=false
Sep 24 01:20:21.912 INF API: test started suite=0 test=166 name="interop/header-60 (besu_release)"
Sep 24 01:20:21.917 INF API: test ended suite=0 test=166 pass=false
Sep 24 01:20:21.918 INF API: test started suite=0 test=167 name="interop/mcopy-prestate-55 (besu_release)"
Sep 24 01:20:21.928 INF API: test ended suite=0 test=167 pass=false
Sep 24 01:20:21.929 INF API: test started suite=0 test=168 name="interop/mcopy-prestate-56 (besu_release)"
Sep 24 01:20:21.934 INF API: test ended suite=0 test=168 pass=false
Sep 24 01:20:21.935 INF API: test started suite=0 test=169 name="interop/mcopy-trace-55 (besu_release)"
Sep 24 01:20:21.942 INF API: test ended suite=0 test=169 pass=false
Sep 24 01:20:21.943 INF API: test started suite=0 test=170 name="interop/mcopy-trace-56 (besu_release)"
Sep 24 01:20:21.949 INF API: test ended suite=0 test=170 pass=false
Sep 24 01:20:21.949 INF API: test started suite=0 test=171 name="interop/replay-35 (besu_release)"
Sep 24 01:20:21.962 INF API: test ended suite=0 test=171 pass=false
Sep 24 01:20:21.963 INF API: test started suite=0 test=172 name="interop/replay-36 (besu_release)"
Sep 24 01:20:21.988 INF API: test ended suite=0 test=172 pass=false
Sep 24 01:20:21.989 INF API: test started suite=0 test=173 name="interop/replay-47 (besu_release)"
Sep 24 01:20:21.999 INF API: test ended suite=0 test=173 pass=false
Sep 24 01:20:22.000 INF API: test started suite=0 test=174 name="interop/replay-48 (besu_release)"
Sep 24 01:20:22.008 INF API: test ended suite=0 test=174 pass=false
Sep 24 01:20:22.009 INF API: test started suite=0 test=175 name="interop/replay-51 (besu_release)"
Sep 24 01:20:22.020 INF API: test ended suite=0 test=175 pass=false
Sep 24 01:20:22.021 INF API: test started suite=0 test=176 name="interop/replay-52 (besu_release)"
Sep 24 01:20:22.028 INF API: test ended suite=0 test=176 pass=false
Sep 24 01:20:22.029 INF API: test started suite=0 test=177 name="interop/replay-55 (besu_release)"
Sep 24 01:20:22.035 INF API: test ended suite=0 test=177 pass=false
Sep 24 01:20:22.036 INF API: test started suite=0 test=178 name="interop/replay-56 (besu_release)"
Sep 24 01:20:22.044 INF API: test ended suite=0 test=178 pass=false
Sep 24 01:20:22.045 INF API: test started suite=0 test=179 name="interop/replay-59 (besu_release)"
Sep 24 01:20:22.053 INF API: test ended suite=0 test=179 pass=false
Sep 24 01:20:22.054 INF API: test started suite=0 test=180 name="interop/replay-60 (besu_release)"
Sep 24 01:20:23.080 INF API: test ended suite=0 test=180 pass=false
Sep 24 01:20:23.081 INF API: test started suite=0 test=181 name="interop/system-beacon-55-560 (besu_release)"
Sep 24 01:20:23.098 INF API: test ended suite=0 test=181 pass=false
Sep 24 01:20:23.099 INF API: test started suite=0 test=182 name="interop/system-beacon-55-8751 (besu_release)"
Sep 24 01:20:23.104 INF API: test ended suite=0 test=182 pass=false
Sep 24 01:20:23.105 INF API: test started suite=0 test=183 name="interop/system-beacon-56-560 (besu_release)"
Sep 24 01:20:23.110 INF API: test ended suite=0 test=183 pass=false
Sep 24 01:20:23.111 INF API: test started suite=0 test=184 name="interop/system-beacon-56-8751 (besu_release)"
Sep 24 01:20:23.114 INF API: test ended suite=0 test=184 pass=false
Sep 24 01:20:23.115 INF API: test started suite=0 test=185 name="interop/system-beacon-57-560 (besu_release)"
Sep 24 01:20:23.120 INF API: test ended suite=0 test=185 pass=false
Sep 24 01:20:23.120 INF API: test started suite=0 test=186 name="interop/system-beacon-57-8751 (besu_release)"
Sep 24 01:20:23.124 INF API: test ended suite=0 test=186 pass=false
Sep 24 01:20:23.295 INF API: test ended suite=0 test=94 pass=true
Sep 24 01:20:23.296 INF API: test started suite=0 test=187 name="client launch (erigon_development)"
Sep 24 01:20:24.060 INF API: client erigon_development started suite=0 test=187 container=d570d281
Sep 24 01:20:24.074 INF API: test started suite=0 test=188 name="interop/_control/head (erigon_development)"
Sep 24 01:20:24.077 INF API: test ended suite=0 test=188 pass=false
Sep 24 01:20:24.078 INF API: test started suite=0 test=189 name="interop/_control/latest (erigon_development)"
Sep 24 01:20:24.080 INF API: test ended suite=0 test=189 pass=false
Sep 24 01:20:24.081 INF API: test started suite=0 test=190 name="interop/_control/receipt/0x03a4bc78840db70e9b34ed52a9b17a34d4c72011731e9d7c36c962cda16c5b17 (erigon_development)"
Sep 24 01:20:24.083 INF API: test ended suite=0 test=190 pass=false
Sep 24 01:20:24.084 INF API: test started suite=0 test=191 name="interop/_control/receipt/0x0c68db54417efe088e4000b2c274e0ae72f58d3fb80be5274f4dde231fb0b53d (erigon_development)"
Sep 24 01:20:24.086 INF API: test ended suite=0 test=191 pass=false
Sep 24 01:20:24.087 INF API: test started suite=0 test=192 name="interop/_control/receipt/0x1276cda02bb88cd6b116024f7eb9ad89ee88c24a3f929fc67642cf8eb060e4fc (erigon_development)"
Sep 24 01:20:24.090 INF API: test ended suite=0 test=192 pass=false
Sep 24 01:20:24.090 INF API: test started suite=0 test=193 name="interop/_control/receipt/0x269517da790ccc02577056426570550beac8d70ec0c0a3f407a8ffea3d80acc0 (erigon_development)"
Sep 24 01:20:24.093 INF API: test ended suite=0 test=193 pass=false
Sep 24 01:20:24.094 INF API: test started suite=0 test=194 name="interop/_control/receipt/0x2eeede94c04e0a644f532b31b9cb71387ba69a26323fed48fa3a7dae6eb23084 (erigon_development)"
Sep 24 01:20:24.096 INF API: test ended suite=0 test=194 pass=false
Sep 24 01:20:24.097 INF API: test started suite=0 test=195 name="interop/_control/receipt/0x38287a4cde4cb8f1b78c6c29880a5721ddda573f6d15413753a1e0546b996c1d (erigon_development)"
Sep 24 01:20:24.099 INF API: test ended suite=0 test=195 pass=false
Sep 24 01:20:24.100 INF API: test started suite=0 test=196 name="interop/_control/receipt/0x3af8b2d42d7d74bb5ce1c5e9043f767d0808e4a269784db66f09edeee022e4ec (erigon_development)"
Sep 24 01:20:24.105 INF API: test ended suite=0 test=196 pass=false
Sep 24 01:20:24.105 INF API: test started suite=0 test=197 name="interop/_control/receipt/0x485156c6fb5117ef740b7f2fd07fa3b59aaa8f63268e2f6b55663a5e532bd2d5 (erigon_development)"
Sep 24 01:20:24.108 INF API: test ended suite=0 test=197 pass=false
Sep 24 01:20:24.108 INF API: test started suite=0 test=198 name="interop/_control/receipt/0x49771ec1756a3196f6302d643791d97e345923ecb628472fe369a7895e3d9ef3 (erigon_development)"
Sep 24 01:20:24.110 INF API: test ended suite=0 test=198 pass=false
Sep 24 01:20:24.111 INF API: test started suite=0 test=199 name="interop/_control/receipt/0x4ba8c63a6eb76028beb54b621d0aebcb4408b53cfe3221a03426c5d5940d5107 (erigon_development)"
Sep 24 01:20:24.114 INF API: test ended suite=0 test=199 pass=false
Sep 24 01:20:24.114 INF API: test started suite=0 test=200 name="interop/_control/receipt/0x4cd560128a9866daaeb440cc4bd884d87396ad816188b6a097af17350fdef754 (erigon_development)"
Sep 24 01:20:24.116 INF API: test ended suite=0 test=200 pass=false
Sep 24 01:20:24.117 INF API: test started suite=0 test=201 name="interop/_control/receipt/0x5f8744bbc1ccfe48c9c5d0dc5003a7578289376fca7ca6c58b133b36e8e9029b (erigon_development)"
Sep 24 01:20:24.120 INF API: test ended suite=0 test=201 pass=false
Sep 24 01:20:24.120 INF API: test started suite=0 test=202 name="interop/_control/receipt/0x63debd7bcab14a95198660dfe794ca12fd2a34b24f780dd7572c55f2a58735b3 (erigon_development)"
Sep 24 01:20:24.123 INF API: test ended suite=0 test=202 pass=false
Sep 24 01:20:24.124 INF API: test started suite=0 test=203 name="interop/_control/receipt/0x6d172e7e8ec79c2f0c2e8c935a52ff48a3d39e20759767badf37fed372fbae77 (erigon_development)"
Sep 24 01:20:24.126 INF API: test ended suite=0 test=203 pass=false
Sep 24 01:20:24.127 INF API: test started suite=0 test=204 name="interop/_control/receipt/0x76430fba1b629206573ad53847b0bc7e9f80161b0e79750803715a8fb1bc5955 (erigon_development)"
Sep 24 01:20:24.130 INF API: test ended suite=0 test=204 pass=false
Sep 24 01:20:24.130 INF API: test started suite=0 test=205 name="interop/_control/receipt/0x7a4a9d54552bc6b4b024a707408e6c304ead4f2de44a131ecb98c03998b1f153 (erigon_development)"
Sep 24 01:20:24.132 INF API: test ended suite=0 test=205 pass=false
Sep 24 01:20:24.133 INF API: test started suite=0 test=206 name="interop/_control/receipt/0x87d8ef31d0d35ae040f2998b90fd61eeb04882b21f189c521bec5c3cefb416d2 (erigon_development)"
Sep 24 01:20:24.135 INF API: test ended suite=0 test=206 pass=false
Sep 24 01:20:24.136 INF API: test started suite=0 test=207 name="interop/_control/receipt/0x894d679a5f0efe3beb6fa7e13b7c92c6c223c815f625a77be692533f73e21eb2 (erigon_development)"
Sep 24 01:20:24.138 INF API: test ended suite=0 test=207 pass=false
Sep 24 01:20:24.139 INF API: test started suite=0 test=208 name="interop/_control/receipt/0xa23373d1e4fa559fc33ffb791665855530831c83d0c241ef6b2d3f46a5f448f4 (erigon_development)"
Sep 24 01:20:24.141 INF API: test ended suite=0 test=208 pass=false
Sep 24 01:20:24.142 INF API: test started suite=0 test=209 name="interop/_control/receipt/0xa263812c1fe6b84efc195c1762cb0f4fccb198b1b5657df7b435e3343bcab1fa (erigon_development)"
Sep 24 01:20:24.144 INF API: test ended suite=0 test=209 pass=false
Sep 24 01:20:24.145 INF API: test started suite=0 test=210 name="interop/_control/receipt/0xa7a765e9f45b0ddcc07a023677846e2bfeb53f68ebb3deb3bcbfda3a6754f803 (erigon_development)"
Sep 24 01:20:24.148 INF API: test ended suite=0 test=210 pass=false
Sep 24 01:20:24.149 INF API: test started suite=0 test=211 name="interop/_control/receipt/0xcb6cc0f2c24bd58148d690e7c202ffffdc0ed017e2ca6e6a744d8d3698e38091 (erigon_development)"
Sep 24 01:20:24.151 INF API: test ended suite=0 test=211 pass=false
Sep 24 01:20:24.152 INF API: test started suite=0 test=212 name="interop/_control/receipt/0xd29a6a56a495a4e78a91c5176cd643bd729df3c17253daf839e9b0921cb27bb7 (erigon_development)"
Sep 24 01:20:24.154 INF API: test ended suite=0 test=212 pass=false
Sep 24 01:20:24.155 INF API: test started suite=0 test=213 name="interop/_control/receipt/0xd7822fd23594d52bc98493786233edb857cbeee469a3148b5780e076a53985db (erigon_development)"
Sep 24 01:20:24.158 INF API: test ended suite=0 test=213 pass=false
Sep 24 01:20:24.158 INF API: test started suite=0 test=214 name="interop/_control/receipt/0xe4c4e6a9105669372c4eb7fe40af9f521ee1f58d6b0f73d85f32af95189c3876 (erigon_development)"
Sep 24 01:20:24.160 INF API: test ended suite=0 test=214 pass=false
Sep 24 01:20:24.161 INF API: test started suite=0 test=215 name="interop/_control/receipt/0xedc4ae6e22147d1f6f417fb53747ccdd61ea8bf8bc04b6aa10b69c59187ac325 (erigon_development)"
Sep 24 01:20:24.163 INF API: test ended suite=0 test=215 pass=false
Sep 24 01:20:24.164 INF API: test started suite=0 test=216 name="interop/_control/receipt/0xfaf95f0248bf8587ba17feda97333e872894f94ab3b418bfab84287e76d89b79 (erigon_development)"
Sep 24 01:20:24.167 INF API: test ended suite=0 test=216 pass=false
Sep 24 01:20:24.167 INF API: test started suite=0 test=217 name="interop/_control/version (erigon_development)"
Sep 24 01:20:24.170 INF API: test ended suite=0 test=217 pass=false
Sep 24 01:20:24.170 INF API: test started suite=0 test=218 name="interop/block-35 (erigon_development)"
Sep 24 01:20:24.173 INF API: test ended suite=0 test=218 pass=false
Sep 24 01:20:24.174 INF API: test started suite=0 test=219 name="interop/block-36 (erigon_development)"
Sep 24 01:20:24.178 INF API: test ended suite=0 test=219 pass=false
Sep 24 01:20:24.178 INF API: test started suite=0 test=220 name="interop/block-47 (erigon_development)"
Sep 24 01:20:24.181 INF API: test ended suite=0 test=220 pass=false
Sep 24 01:20:24.182 INF API: test started suite=0 test=221 name="interop/block-48 (erigon_development)"
Sep 24 01:20:24.184 INF API: test ended suite=0 test=221 pass=false
Sep 24 01:20:24.185 INF API: test started suite=0 test=222 name="interop/block-51 (erigon_development)"
Sep 24 01:20:24.188 INF API: test ended suite=0 test=222 pass=false
Sep 24 01:20:24.188 INF API: test started suite=0 test=223 name="interop/block-52 (erigon_development)"
Sep 24 01:20:24.191 INF API: test ended suite=0 test=223 pass=false
Sep 24 01:20:24.192 INF API: test started suite=0 test=224 name="interop/block-55 (erigon_development)"
Sep 24 01:20:24.194 INF API: test ended suite=0 test=224 pass=false
Sep 24 01:20:24.195 INF API: test started suite=0 test=225 name="interop/block-56 (erigon_development)"
Sep 24 01:20:24.197 INF API: test ended suite=0 test=225 pass=false
Sep 24 01:20:24.198 INF API: test started suite=0 test=226 name="interop/block-59 (erigon_development)"
Sep 24 01:20:24.201 INF API: test ended suite=0 test=226 pass=false
Sep 24 01:20:24.201 INF API: test started suite=0 test=227 name="interop/block-60 (erigon_development)"
Sep 24 01:20:24.204 INF API: test ended suite=0 test=227 pass=false
Sep 24 01:20:24.205 INF API: test started suite=0 test=228 name="interop/control-head (erigon_development)"
Sep 24 01:20:24.207 INF API: test ended suite=0 test=228 pass=false
Sep 24 01:20:24.208 INF API: test started suite=0 test=229 name="interop/control-height (erigon_development)"
Sep 24 01:20:24.210 INF API: test ended suite=0 test=229 pass=false
Sep 24 01:20:24.210 INF API: test started suite=0 test=230 name="interop/control-version (erigon_development)"
Sep 24 01:20:24.213 INF API: test ended suite=0 test=230 pass=false
Sep 24 01:20:24.213 INF API: test started suite=0 test=231 name="interop/destroy-prestate-55 (erigon_development)"
Sep 24 01:20:24.216 INF API: test ended suite=0 test=231 pass=false
Sep 24 01:20:24.217 INF API: test started suite=0 test=232 name="interop/destroy-prestate-56 (erigon_development)"
Sep 24 01:20:24.219 INF API: test ended suite=0 test=232 pass=false
Sep 24 01:20:24.220 INF API: test started suite=0 test=233 name="interop/destroy-trace-55 (erigon_development)"
Sep 24 01:20:24.222 INF API: test ended suite=0 test=233 pass=false
Sep 24 01:20:24.223 INF API: test started suite=0 test=234 name="interop/destroy-trace-56 (erigon_development)"
Sep 24 01:20:24.226 INF API: test ended suite=0 test=234 pass=false
Sep 24 01:20:24.227 INF API: test started suite=0 test=235 name="interop/filter-35 (erigon_development)"
Sep 24 01:20:24.229 INF API: test ended suite=0 test=235 pass=false
Sep 24 01:20:24.230 INF API: test started suite=0 test=236 name="interop/filter-36 (erigon_development)"
Sep 24 01:20:24.233 INF API: test ended suite=0 test=236 pass=false
Sep 24 01:20:24.234 INF API: test started suite=0 test=237 name="interop/filter-47 (erigon_development)"
Sep 24 01:20:24.236 INF API: test ended suite=0 test=237 pass=false
Sep 24 01:20:24.237 INF API: test started suite=0 test=238 name="interop/filter-48 (erigon_development)"
Sep 24 01:20:24.239 INF API: test ended suite=0 test=238 pass=false
Sep 24 01:20:24.240 INF API: test started suite=0 test=239 name="interop/filter-51 (erigon_development)"
Sep 24 01:20:24.243 INF API: test ended suite=0 test=239 pass=false
Sep 24 01:20:24.244 INF API: test started suite=0 test=240 name="interop/filter-52 (erigon_development)"
Sep 24 01:20:24.246 INF API: test ended suite=0 test=240 pass=false
Sep 24 01:20:24.247 INF API: test started suite=0 test=241 name="interop/filter-55 (erigon_development)"
Sep 24 01:20:24.249 INF API: test ended suite=0 test=241 pass=false
Sep 24 01:20:24.250 INF API: test started suite=0 test=242 name="interop/filter-56 (erigon_development)"
Sep 24 01:20:24.253 INF API: test ended suite=0 test=242 pass=false
Sep 24 01:20:24.254 INF API: test started suite=0 test=243 name="interop/filter-59 (erigon_development)"
Sep 24 01:20:24.257 INF API: test ended suite=0 test=243 pass=false
Sep 24 01:20:24.257 INF API: test started suite=0 test=244 name="interop/filter-60 (erigon_development)"
Sep 24 01:20:24.260 INF API: test ended suite=0 test=244 pass=false
Sep 24 01:20:24.261 INF API: test started suite=0 test=245 name="interop/filter-across-36 (erigon_development)"
Sep 24 01:20:24.264 INF API: test ended suite=0 test=245 pass=false
Sep 24 01:20:24.265 INF API: test started suite=0 test=246 name="interop/filter-across-48 (erigon_development)"
Sep 24 01:20:24.268 INF API: test ended suite=0 test=246 pass=false
Sep 24 01:20:24.268 INF API: test started suite=0 test=247 name="interop/filter-across-52 (erigon_development)"
Sep 24 01:20:24.272 INF API: test ended suite=0 test=247 pass=false
Sep 24 01:20:24.272 INF API: test started suite=0 test=248 name="interop/filter-across-56 (erigon_development)"
Sep 24 01:20:24.276 INF API: test ended suite=0 test=248 pass=false
Sep 24 01:20:24.276 INF API: test started suite=0 test=249 name="interop/filter-across-60 (erigon_development)"
Sep 24 01:20:24.280 INF API: test ended suite=0 test=249 pass=false
Sep 24 01:20:24.280 INF API: test started suite=0 test=250 name="interop/header-35 (erigon_development)"
Sep 24 01:20:24.283 INF API: test ended suite=0 test=250 pass=false
Sep 24 01:20:24.284 INF API: test started suite=0 test=251 name="interop/header-36 (erigon_development)"
Sep 24 01:20:24.286 INF API: test ended suite=0 test=251 pass=false
Sep 24 01:20:24.286 INF API: test started suite=0 test=252 name="interop/header-47 (erigon_development)"
Sep 24 01:20:24.289 INF API: test ended suite=0 test=252 pass=false
Sep 24 01:20:24.289 INF API: test started suite=0 test=253 name="interop/header-48 (erigon_development)"
Sep 24 01:20:24.292 INF API: test ended suite=0 test=253 pass=false
Sep 24 01:20:24.293 INF API: test started suite=0 test=254 name="interop/header-51 (erigon_development)"
Sep 24 01:20:24.295 INF API: test ended suite=0 test=254 pass=false
Sep 24 01:20:24.295 INF API: test started suite=0 test=255 name="interop/header-52 (erigon_development)"
Sep 24 01:20:24.300 INF API: test ended suite=0 test=255 pass=false
Sep 24 01:20:24.301 INF API: test started suite=0 test=256 name="interop/header-55 (erigon_development)"
Sep 24 01:20:24.303 INF API: test ended suite=0 test=256 pass=false
Sep 24 01:20:24.304 INF API: test started suite=0 test=257 name="interop/header-56 (erigon_development)"
Sep 24 01:20:24.306 INF API: test ended suite=0 test=257 pass=false
Sep 24 01:20:24.307 INF API: test started suite=0 test=258 name="interop/header-59 (erigon_development)"
Sep 24 01:20:24.309 INF API: test ended suite=0 test=258 pass=false
Sep 24 01:20:24.310 INF API: test started suite=0 test=259 name="interop/header-60 (erigon_development)"
Sep 24 01:20:24.312 INF API: test ended suite=0 test=259 pass=false
Sep 24 01:20:24.313 INF API: test started suite=0 test=260 name="interop/mcopy-prestate-55 (erigon_development)"
Sep 24 01:20:24.315 INF API: test ended suite=0 test=260 pass=false
Sep 24 01:20:24.316 INF API: test started suite=0 test=261 name="interop/mcopy-prestate-56 (erigon_development)"
Sep 24 01:20:24.318 INF API: test ended suite=0 test=261 pass=false
Sep 24 01:20:24.319 INF API: test started suite=0 test=262 name="interop/mcopy-trace-55 (erigon_development)"
Sep 24 01:20:24.321 INF API: test ended suite=0 test=262 pass=false
Sep 24 01:20:24.321 INF API: test started suite=0 test=263 name="interop/mcopy-trace-56 (erigon_development)"
Sep 24 01:20:24.324 INF API: test ended suite=0 test=263 pass=false
Sep 24 01:20:24.325 INF API: test started suite=0 test=264 name="interop/replay-35 (erigon_development)"
Sep 24 01:20:24.327 INF API: test ended suite=0 test=264 pass=false
Sep 24 01:20:24.328 INF API: test started suite=0 test=265 name="interop/replay-36 (erigon_development)"
Sep 24 01:20:24.330 INF API: test ended suite=0 test=265 pass=false
Sep 24 01:20:24.331 INF API: test started suite=0 test=266 name="interop/replay-47 (erigon_development)"
Sep 24 01:20:24.334 INF API: test ended suite=0 test=266 pass=false
Sep 24 01:20:24.335 INF API: test started suite=0 test=267 name="interop/replay-48 (erigon_development)"
Sep 24 01:20:24.338 INF API: test ended suite=0 test=267 pass=false
Sep 24 01:20:24.339 INF API: test started suite=0 test=268 name="interop/replay-51 (erigon_development)"
Sep 24 01:20:24.342 INF API: test ended suite=0 test=268 pass=false
Sep 24 01:20:24.343 INF API: test started suite=0 test=269 name="interop/replay-52 (erigon_development)"
Sep 24 01:20:24.345 INF API: test ended suite=0 test=269 pass=false
Sep 24 01:20:24.346 INF API: test started suite=0 test=270 name="interop/replay-55 (erigon_development)"
Sep 24 01:20:24.349 INF API: test ended suite=0 test=270 pass=false
Sep 24 01:20:24.350 INF API: test started suite=0 test=271 name="interop/replay-56 (erigon_development)"
Sep 24 01:20:24.353 INF API: test ended suite=0 test=271 pass=false
Sep 24 01:20:24.353 INF API: test started suite=0 test=272 name="interop/replay-59 (erigon_development)"
Sep 24 01:20:24.356 INF API: test ended suite=0 test=272 pass=false
Sep 24 01:20:24.357 INF API: test started suite=0 test=273 name="interop/replay-60 (erigon_development)"
Sep 24 01:20:24.360 INF API: test ended suite=0 test=273 pass=false
Sep 24 01:20:24.361 INF API: test started suite=0 test=274 name="interop/system-beacon-55-560 (erigon_development)"
Sep 24 01:20:24.362 INF API: test ended suite=0 test=274 pass=false
Sep 24 01:20:24.363 INF API: test started suite=0 test=275 name="interop/system-beacon-55-8751 (erigon_development)"
Sep 24 01:20:24.365 INF API: test ended suite=0 test=275 pass=false
Sep 24 01:20:24.366 INF API: test started suite=0 test=276 name="interop/system-beacon-56-560 (erigon_development)"
Sep 24 01:20:24.368 INF API: test ended suite=0 test=276 pass=false
Sep 24 01:20:24.369 INF API: test started suite=0 test=277 name="interop/system-beacon-56-8751 (erigon_development)"
Sep 24 01:20:24.371 INF API: test ended suite=0 test=277 pass=false
Sep 24 01:20:24.372 INF API: test started suite=0 test=278 name="interop/system-beacon-57-560 (erigon_development)"
Sep 24 01:20:24.374 INF API: test ended suite=0 test=278 pass=false
Sep 24 01:20:24.374 INF API: test started suite=0 test=279 name="interop/system-beacon-57-8751 (erigon_development)"
Sep 24 01:20:24.376 INF API: test ended suite=0 test=279 pass=false
Sep 24 01:20:24.486 INF API: test ended suite=0 test=187 pass=true
Sep 24 01:20:24.487 INF API: test started suite=0 test=280 name="client launch (erigon_release)"
Sep 24 01:20:25.334 INF API: client erigon_release started suite=0 test=280 container=685338df
Sep 24 01:20:25.345 INF API: test started suite=0 test=281 name="interop/_control/head (erigon_release)"
Sep 24 01:20:25.348 INF API: test ended suite=0 test=281 pass=false
Sep 24 01:20:25.349 INF API: test started suite=0 test=282 name="interop/_control/latest (erigon_release)"
Sep 24 01:20:25.351 INF API: test ended suite=0 test=282 pass=false
Sep 24 01:20:25.352 INF API: test started suite=0 test=283 name="interop/_control/receipt/0x03a4bc78840db70e9b34ed52a9b17a34d4c72011731e9d7c36c962cda16c5b17 (erigon_release)"
Sep 24 01:20:25.355 INF API: test ended suite=0 test=283 pass=false
Sep 24 01:20:25.356 INF API: test started suite=0 test=284 name="interop/_control/receipt/0x0c68db54417efe088e4000b2c274e0ae72f58d3fb80be5274f4dde231fb0b53d (erigon_release)"
Sep 24 01:20:25.360 INF API: test ended suite=0 test=284 pass=false
Sep 24 01:20:25.361 INF API: test started suite=0 test=285 name="interop/_control/receipt/0x1276cda02bb88cd6b116024f7eb9ad89ee88c24a3f929fc67642cf8eb060e4fc (erigon_release)"
Sep 24 01:20:25.364 INF API: test ended suite=0 test=285 pass=false
Sep 24 01:20:25.364 INF API: test started suite=0 test=286 name="interop/_control/receipt/0x269517da790ccc02577056426570550beac8d70ec0c0a3f407a8ffea3d80acc0 (erigon_release)"
Sep 24 01:20:25.367 INF API: test ended suite=0 test=286 pass=false
Sep 24 01:20:25.368 INF API: test started suite=0 test=287 name="interop/_control/receipt/0x2eeede94c04e0a644f532b31b9cb71387ba69a26323fed48fa3a7dae6eb23084 (erigon_release)"
Sep 24 01:20:25.371 INF API: test ended suite=0 test=287 pass=false
Sep 24 01:20:25.372 INF API: test started suite=0 test=288 name="interop/_control/receipt/0x38287a4cde4cb8f1b78c6c29880a5721ddda573f6d15413753a1e0546b996c1d (erigon_release)"
Sep 24 01:20:25.374 INF API: test ended suite=0 test=288 pass=false
Sep 24 01:20:25.375 INF API: test started suite=0 test=289 name="interop/_control/receipt/0x3af8b2d42d7d74bb5ce1c5e9043f767d0808e4a269784db66f09edeee022e4ec (erigon_release)"
Sep 24 01:20:25.378 INF API: test ended suite=0 test=289 pass=false
Sep 24 01:20:25.378 INF API: test started suite=0 test=290 name="interop/_control/receipt/0x485156c6fb5117ef740b7f2fd07fa3b59aaa8f63268e2f6b55663a5e532bd2d5 (erigon_release)"
Sep 24 01:20:25.381 INF API: test ended suite=0 test=290 pass=false
Sep 24 01:20:25.382 INF API: test started suite=0 test=291 name="interop/_control/receipt/0x49771ec1756a3196f6302d643791d97e345923ecb628472fe369a7895e3d9ef3 (erigon_release)"
Sep 24 01:20:25.385 INF API: test ended suite=0 test=291 pass=false
Sep 24 01:20:25.386 INF API: test started suite=0 test=292 name="interop/_control/receipt/0x4ba8c63a6eb76028beb54b621d0aebcb4408b53cfe3221a03426c5d5940d5107 (erigon_release)"
Sep 24 01:20:25.388 INF API: test ended suite=0 test=292 pass=false
Sep 24 01:20:25.389 INF API: test started suite=0 test=293 name="interop/_control/receipt/0x4cd560128a9866daaeb440cc4bd884d87396ad816188b6a097af17350fdef754 (erigon_release)"
Sep 24 01:20:25.391 INF API: test ended suite=0 test=293 pass=false
Sep 24 01:20:25.392 INF API: test started suite=0 test=294 name="interop/_control/receipt/0x5f8744bbc1ccfe48c9c5d0dc5003a7578289376fca7ca6c58b133b36e8e9029b (erigon_release)"
Sep 24 01:20:25.394 INF API: test ended suite=0 test=294 pass=false
Sep 24 01:20:25.395 INF API: test started suite=0 test=295 name="interop/_control/receipt/0x63debd7bcab14a95198660dfe794ca12fd2a34b24f780dd7572c55f2a58735b3 (erigon_release)"
Sep 24 01:20:25.398 INF API: test ended suite=0 test=295 pass=false
Sep 24 01:20:25.398 INF API: test started suite=0 test=296 name="interop/_control/receipt/0x6d172e7e8ec79c2f0c2e8c935a52ff48a3d39e20759767badf37fed372fbae77 (erigon_release)"
Sep 24 01:20:25.401 INF API: test ended suite=0 test=296 pass=false
Sep 24 01:20:25.402 INF API: test started suite=0 test=297 name="interop/_control/receipt/0x76430fba1b629206573ad53847b0bc7e9f80161b0e79750803715a8fb1bc5955 (erigon_release)"
Sep 24 01:20:25.405 INF API: test ended suite=0 test=297 pass=false
Sep 24 01:20:25.405 INF API: test started suite=0 test=298 name="interop/_control/receipt/0x7a4a9d54552bc6b4b024a707408e6c304ead4f2de44a131ecb98c03998b1f153 (erigon_release)"
Sep 24 01:20:25.408 INF API: test ended suite=0 test=298 pass=false
Sep 24 01:20:25.408 INF API: test started suite=0 test=299 name="interop/_control/receipt/0x87d8ef31d0d35ae040f2998b90fd61eeb04882b21f189c521bec5c3cefb416d2 (erigon_release)"
Sep 24 01:20:25.411 INF API: test ended suite=0 test=299 pass=false
Sep 24 01:20:25.412 INF API: test started suite=0 test=300 name="interop/_control/receipt/0x894d679a5f0efe3beb6fa7e13b7c92c6c223c815f625a77be692533f73e21eb2 (erigon_release)"
Sep 24 01:20:25.414 INF API: test ended suite=0 test=300 pass=false
Sep 24 01:20:25.415 INF API: test started suite=0 test=301 name="interop/_control/receipt/0xa23373d1e4fa559fc33ffb791665855530831c83d0c241ef6b2d3f46a5f448f4 (erigon_release)"
Sep 24 01:20:25.417 INF API: test ended suite=0 test=301 pass=false
Sep 24 01:20:25.418 INF API: test started suite=0 test=302 name="interop/_control/receipt/0xa263812c1fe6b84efc195c1762cb0f4fccb198b1b5657df7b435e3343bcab1fa (erigon_release)"
Sep 24 01:20:25.420 INF API: test ended suite=0 test=302 pass=false
Sep 24 01:20:25.421 INF API: test started suite=0 test=303 name="interop/_control/receipt/0xa7a765e9f45b0ddcc07a023677846e2bfeb53f68ebb3deb3bcbfda3a6754f803 (erigon_release)"
Sep 24 01:20:25.424 INF API: test ended suite=0 test=303 pass=false
Sep 24 01:20:25.425 INF API: test started suite=0 test=304 name="interop/_control/receipt/0xcb6cc0f2c24bd58148d690e7c202ffffdc0ed017e2ca6e6a744d8d3698e38091 (erigon_release)"
Sep 24 01:20:25.427 INF API: test ended suite=0 test=304 pass=false
Sep 24 01:20:25.428 INF API: test started suite=0 test=305 name="interop/_control/receipt/0xd29a6a56a495a4e78a91c5176cd643bd729df3c17253daf839e9b0921cb27bb7 (erigon_release)"
Sep 24 01:20:25.431 INF API: test ended suite=0 test=305 pass=false
Sep 24 01:20:25.432 INF API: test started suite=0 test=306 name="interop/_control/receipt/0xd7822fd23594d52bc98493786233edb857cbeee469a3148b5780e076a53985db (erigon_release)"
Sep 24 01:20:25.435 INF API: test ended suite=0 test=306 pass=false
Sep 24 01:20:25.436 INF API: test started suite=0 test=307 name="interop/_control/receipt/0xe4c4e6a9105669372c4eb7fe40af9f521ee1f58d6b0f73d85f32af95189c3876 (erigon_release)"
Sep 24 01:20:25.438 INF API: test ended suite=0 test=307 pass=false
Sep 24 01:20:25.439 INF API: test started suite=0 test=308 name="interop/_control/receipt/0xedc4ae6e22147d1f6f417fb53747ccdd61ea8bf8bc04b6aa10b69c59187ac325 (erigon_release)"
Sep 24 01:20:25.441 INF API: test ended suite=0 test=308 pass=false
Sep 24 01:20:25.442 INF API: test started suite=0 test=309 name="interop/_control/receipt/0xfaf95f0248bf8587ba17feda97333e872894f94ab3b418bfab84287e76d89b79 (erigon_release)"
Sep 24 01:20:25.444 INF API: test ended suite=0 test=309 pass=false
Sep 24 01:20:25.445 INF API: test started suite=0 test=310 name="interop/_control/version (erigon_release)"
Sep 24 01:20:25.447 INF API: test ended suite=0 test=310 pass=false
Sep 24 01:20:25.448 INF API: test started suite=0 test=311 name="interop/block-35 (erigon_release)"
Sep 24 01:20:25.451 INF API: test ended suite=0 test=311 pass=false
Sep 24 01:20:25.451 INF API: test started suite=0 test=312 name="interop/block-36 (erigon_release)"
Sep 24 01:20:25.454 INF API: test ended suite=0 test=312 pass=false
Sep 24 01:20:25.455 INF API: test started suite=0 test=313 name="interop/block-47 (erigon_release)"
Sep 24 01:20:25.457 INF API: test ended suite=0 test=313 pass=false
Sep 24 01:20:25.458 INF API: test started suite=0 test=314 name="interop/block-48 (erigon_release)"
Sep 24 01:20:25.460 INF API: test ended suite=0 test=314 pass=false
Sep 24 01:20:25.461 INF API: test started suite=0 test=315 name="interop/block-51 (erigon_release)"
Sep 24 01:20:25.463 INF API: test ended suite=0 test=315 pass=false
Sep 24 01:20:25.464 INF API: test started suite=0 test=316 name="interop/block-52 (erigon_release)"
Sep 24 01:20:25.467 INF API: test ended suite=0 test=316 pass=false
Sep 24 01:20:25.467 INF API: test started suite=0 test=317 name="interop/block-55 (erigon_release)"
Sep 24 01:20:25.470 INF API: test ended suite=0 test=317 pass=false
Sep 24 01:20:25.471 INF API: test started suite=0 test=318 name="interop/block-56 (erigon_release)"
Sep 24 01:20:25.474 INF API: test ended suite=0 test=318 pass=false
Sep 24 01:20:25.474 INF API: test started suite=0 test=319 name="interop/block-59 (erigon_release)"
Sep 24 01:20:25.477 INF API: test ended suite=0 test=319 pass=false
Sep 24 01:20:25.478 INF API: test started suite=0 test=320 name="interop/block-60 (erigon_release)"
Sep 24 01:20:25.481 INF API: test ended suite=0 test=320 pass=false
Sep 24 01:20:25.482 INF API: test started suite=0 test=321 name="interop/control-head (erigon_release)"
Sep 24 01:20:25.484 INF API: test ended suite=0 test=321 pass=false
Sep 24 01:20:25.485 INF API: test started suite=0 test=322 name="interop/control-height (erigon_release)"
Sep 24 01:20:25.487 INF API: test ended suite=0 test=322 pass=false
Sep 24 01:20:25.488 INF API: test started suite=0 test=323 name="interop/control-version (erigon_release)"
Sep 24 01:20:25.490 INF API: test ended suite=0 test=323 pass=false
Sep 24 01:20:25.491 INF API: test started suite=0 test=324 name="interop/destroy-prestate-55 (erigon_release)"
Sep 24 01:20:25.494 INF API: test ended suite=0 test=324 pass=false
Sep 24 01:20:25.494 INF API: test started suite=0 test=325 name="interop/destroy-prestate-56 (erigon_release)"
Sep 24 01:20:25.497 INF API: test ended suite=0 test=325 pass=false
Sep 24 01:20:25.497 INF API: test started suite=0 test=326 name="interop/destroy-trace-55 (erigon_release)"
Sep 24 01:20:25.500 INF API: test ended suite=0 test=326 pass=false
Sep 24 01:20:25.501 INF API: test started suite=0 test=327 name="interop/destroy-trace-56 (erigon_release)"
Sep 24 01:20:25.503 INF API: test ended suite=0 test=327 pass=false
Sep 24 01:20:25.504 INF API: test started suite=0 test=328 name="interop/filter-35 (erigon_release)"
Sep 24 01:20:25.508 INF API: test ended suite=0 test=328 pass=false
Sep 24 01:20:25.508 INF API: test started suite=0 test=329 name="interop/filter-36 (erigon_release)"
Sep 24 01:20:25.513 INF API: test ended suite=0 test=329 pass=false
Sep 24 01:20:25.514 INF API: test started suite=0 test=330 name="interop/filter-47 (erigon_release)"
Sep 24 01:20:25.517 INF API: test ended suite=0 test=330 pass=false
Sep 24 01:20:25.518 INF API: test started suite=0 test=331 name="interop/filter-48 (erigon_release)"
Sep 24 01:20:25.522 INF API: test ended suite=0 test=331 pass=false
Sep 24 01:20:25.522 INF API: test started suite=0 test=332 name="interop/filter-51 (erigon_release)"
Sep 24 01:20:25.526 INF API: test ended suite=0 test=332 pass=false
Sep 24 01:20:25.526 INF API: test started suite=0 test=333 name="interop/filter-52 (erigon_release)"
Sep 24 01:20:25.529 INF API: test ended suite=0 test=333 pass=false
Sep 24 01:20:25.530 INF API: test started suite=0 test=334 name="interop/filter-55 (erigon_release)"
Sep 24 01:20:25.533 INF API: test ended suite=0 test=334 pass=false
Sep 24 01:20:25.534 INF API: test started suite=0 test=335 name="interop/filter-56 (erigon_release)"
Sep 24 01:20:25.537 INF API: test ended suite=0 test=335 pass=false
Sep 24 01:20:25.537 INF API: test started suite=0 test=336 name="interop/filter-59 (erigon_release)"
Sep 24 01:20:25.540 INF API: test ended suite=0 test=336 pass=false
Sep 24 01:20:25.540 INF API: test started suite=0 test=337 name="interop/filter-60 (erigon_release)"
Sep 24 01:20:25.544 INF API: test ended suite=0 test=337 pass=false
Sep 24 01:20:25.544 INF API: test started suite=0 test=338 name="interop/filter-across-36 (erigon_release)"
Sep 24 01:20:25.548 INF API: test ended suite=0 test=338 pass=false
Sep 24 01:20:25.549 INF API: test started suite=0 test=339 name="interop/filter-across-48 (erigon_release)"
Sep 24 01:20:25.552 INF API: test ended suite=0 test=339 pass=false
Sep 24 01:20:25.553 INF API: test started suite=0 test=340 name="interop/filter-across-52 (erigon_release)"
Sep 24 01:20:25.557 INF API: test ended suite=0 test=340 pass=false
Sep 24 01:20:25.557 INF API: test started suite=0 test=341 name="interop/filter-across-56 (erigon_release)"
Sep 24 01:20:25.560 INF API: test ended suite=0 test=341 pass=false
Sep 24 01:20:25.561 INF API: test started suite=0 test=342 name="interop/filter-across-60 (erigon_release)"
Sep 24 01:20:25.565 INF API: test ended suite=0 test=342 pass=false
Sep 24 01:20:25.565 INF API: test started suite=0 test=343 name="interop/header-35 (erigon_release)"
Sep 24 01:20:25.570 INF API: test ended suite=0 test=343 pass=false
Sep 24 01:20:25.571 INF API: test started suite=0 test=344 name="interop/header-36 (erigon_release)"
Sep 24 01:20:25.573 INF API: test ended suite=0 test=344 pass=false
Sep 24 01:20:25.574 INF API: test started suite=0 test=345 name="interop/header-47 (erigon_release)"
Sep 24 01:20:25.576 INF API: test ended suite=0 test=345 pass=false
Sep 24 01:20:25.577 INF API: test started suite=0 test=346 name="interop/header-48 (erigon_release)"
Sep 24 01:20:25.579 INF API: test ended suite=0 test=346 pass=false
Sep 24 01:20:25.579 INF API: test started suite=0 test=347 name="interop/header-51 (erigon_release)"
Sep 24 01:20:25.582 INF API: test ended suite=0 test=347 pass=false
Sep 24 01:20:25.583 INF API: test started suite=0 test=348 name="interop/header-52 (erigon_release)"
Sep 24 01:20:25.585 INF API: test ended suite=0 test=348 pass=false
Sep 24 01:20:25.586 INF API: test started suite=0 test=349 name="interop/header-55 (erigon_release)"
Sep 24 01:20:25.588 INF API: test ended suite=0 test=349 pass=false
Sep 24 01:20:25.589 INF API: test started suite=0 test=350 name="interop/header-56 (erigon_release)"
Sep 24 01:20:25.591 INF API: test ended suite=0 test=350 pass=false
Sep 24 01:20:25.592 INF API: test started suite=0 test=351 name="interop/header-59 (erigon_release)"
Sep 24 01:20:25.594 INF API: test ended suite=0 test=351 pass=false
Sep 24 01:20:25.595 INF API: test started suite=0 test=352 name="interop/header-60 (erigon_release)"
Sep 24 01:20:25.597 INF API: test ended suite=0 test=352 pass=false
Sep 24 01:20:25.598 INF API: test started suite=0 test=353 name="interop/mcopy-prestate-55 (erigon_release)"
Sep 24 01:20:25.601 INF API: test ended suite=0 test=353 pass=false
Sep 24 01:20:25.601 INF API: test started suite=0 test=354 name="interop/mcopy-prestate-56 (erigon_release)"
Sep 24 01:20:25.604 INF API: test ended suite=0 test=354 pass=false
Sep 24 01:20:25.604 INF API: test started suite=0 test=355 name="interop/mcopy-trace-55 (erigon_release)"
Sep 24 01:20:25.607 INF API: test ended suite=0 test=355 pass=false
Sep 24 01:20:25.608 INF API: test started suite=0 test=356 name="interop/mcopy-trace-56 (erigon_release)"
Sep 24 01:20:25.610 INF API: test ended suite=0 test=356 pass=false
Sep 24 01:20:25.611 INF API: test started suite=0 test=357 name="interop/replay-35 (erigon_release)"
Sep 24 01:20:25.613 INF API: test ended suite=0 test=357 pass=false
Sep 24 01:20:25.614 INF API: test started suite=0 test=358 name="interop/replay-36 (erigon_release)"
Sep 24 01:20:25.617 INF API: test ended suite=0 test=358 pass=false
Sep 24 01:20:25.617 INF API: test started suite=0 test=359 name="interop/replay-47 (erigon_release)"
Sep 24 01:20:25.620 INF API: test ended suite=0 test=359 pass=false
Sep 24 01:20:25.621 INF API: test started suite=0 test=360 name="interop/replay-48 (erigon_release)"
Sep 24 01:20:25.623 INF API: test ended suite=0 test=360 pass=false
Sep 24 01:20:25.624 INF API: test started suite=0 test=361 name="interop/replay-51 (erigon_release)"
Sep 24 01:20:25.627 INF API: test ended suite=0 test=361 pass=false
Sep 24 01:20:25.627 INF API: test started suite=0 test=362 name="interop/replay-52 (erigon_release)"
Sep 24 01:20:25.630 INF API: test ended suite=0 test=362 pass=false
Sep 24 01:20:25.631 INF API: test started suite=0 test=363 name="interop/replay-55 (erigon_release)"
Sep 24 01:20:25.633 INF API: test ended suite=0 test=363 pass=false
Sep 24 01:20:25.634 INF API: test started suite=0 test=364 name="interop/replay-56 (erigon_release)"
Sep 24 01:20:25.636 INF API: test ended suite=0 test=364 pass=false
Sep 24 01:20:25.637 INF API: test started suite=0 test=365 name="interop/replay-59 (erigon_release)"
Sep 24 01:20:25.639 INF API: test ended suite=0 test=365 pass=false
Sep 24 01:20:25.640 INF API: test started suite=0 test=366 name="interop/replay-60 (erigon_release)"
Sep 24 01:20:25.643 INF API: test ended suite=0 test=366 pass=false
Sep 24 01:20:25.644 INF API: test started suite=0 test=367 name="interop/system-beacon-55-560 (erigon_release)"
Sep 24 01:20:25.646 INF API: test ended suite=0 test=367 pass=false
Sep 24 01:20:25.646 INF API: test started suite=0 test=368 name="interop/system-beacon-55-8751 (erigon_release)"
Sep 24 01:20:25.649 INF API: test ended suite=0 test=368 pass=false
Sep 24 01:20:25.649 INF API: test started suite=0 test=369 name="interop/system-beacon-56-560 (erigon_release)"
Sep 24 01:20:25.651 INF API: test ended suite=0 test=369 pass=false
Sep 24 01:20:25.651 INF API: test started suite=0 test=370 name="interop/system-beacon-56-8751 (erigon_release)"
Sep 24 01:20:25.654 INF API: test ended suite=0 test=370 pass=false
Sep 24 01:20:25.655 INF API: test started suite=0 test=371 name="interop/system-beacon-57-560 (erigon_release)"
Sep 24 01:20:25.657 INF API: test ended suite=0 test=371 pass=false
Sep 24 01:20:25.658 INF API: test started suite=0 test=372 name="interop/system-beacon-57-8751 (erigon_release)"
Sep 24 01:20:25.660 INF API: test ended suite=0 test=372 pass=false
Sep 24 01:20:25.791 INF API: test ended suite=0 test=280 pass=true
Sep 24 01:20:25.793 INF API: test started suite=0 test=373 name="client launch (go-ethereum_trace)"
Sep 24 01:20:26.436 INF API: client go-ethereum_trace started suite=0 test=373 container=9bb926cf
Sep 24 01:20:26.446 INF API: test started suite=0 test=374 name="interop/_control/head (go-ethereum_trace)"
Sep 24 01:20:26.450 INF API: test ended suite=0 test=374 pass=false
Sep 24 01:20:26.451 INF API: test started suite=0 test=375 name="interop/_control/latest (go-ethereum_trace)"
Sep 24 01:20:26.454 INF API: test ended suite=0 test=375 pass=false
Sep 24 01:20:26.455 INF API: test started suite=0 test=376 name="interop/_control/receipt/0x03a4bc78840db70e9b34ed52a9b17a34d4c72011731e9d7c36c962cda16c5b17 (go-ethereum_trace)"
Sep 24 01:20:26.459 INF API: test ended suite=0 test=376 pass=false
Sep 24 01:20:26.461 INF API: test started suite=0 test=377 name="interop/_control/receipt/0x0c68db54417efe088e4000b2c274e0ae72f58d3fb80be5274f4dde231fb0b53d (go-ethereum_trace)"
Sep 24 01:20:26.465 INF API: test ended suite=0 test=377 pass=false
Sep 24 01:20:26.466 INF API: test started suite=0 test=378 name="interop/_control/receipt/0x1276cda02bb88cd6b116024f7eb9ad89ee88c24a3f929fc67642cf8eb060e4fc (go-ethereum_trace)"
Sep 24 01:20:26.470 INF API: test ended suite=0 test=378 pass=false
Sep 24 01:20:26.471 INF API: test started suite=0 test=379 name="interop/_control/receipt/0x269517da790ccc02577056426570550beac8d70ec0c0a3f407a8ffea3d80acc0 (go-ethereum_trace)"
Sep 24 01:20:26.475 INF API: test ended suite=0 test=379 pass=false
Sep 24 01:20:26.476 INF API: test started suite=0 test=380 name="interop/_control/receipt/0x2eeede94c04e0a644f532b31b9cb71387ba69a26323fed48fa3a7dae6eb23084 (go-ethereum_trace)"
Sep 24 01:20:26.480 INF API: test ended suite=0 test=380 pass=false
Sep 24 01:20:26.481 INF API: test started suite=0 test=381 name="interop/_control/receipt/0x38287a4cde4cb8f1b78c6c29880a5721ddda573f6d15413753a1e0546b996c1d (go-ethereum_trace)"
Sep 24 01:20:26.485 INF API: test ended suite=0 test=381 pass=false
Sep 24 01:20:26.486 INF API: test started suite=0 test=382 name="interop/_control/receipt/0x3af8b2d42d7d74bb5ce1c5e9043f767d0808e4a269784db66f09edeee022e4ec (go-ethereum_trace)"
Sep 24 01:20:26.489 INF API: test ended suite=0 test=382 pass=false
Sep 24 01:20:26.491 INF API: test started suite=0 test=383 name="interop/_control/receipt/0x485156c6fb5117ef740b7f2fd07fa3b59aaa8f63268e2f6b55663a5e532bd2d5 (go-ethereum_trace)"
Sep 24 01:20:26.494 INF API: test ended suite=0 test=383 pass=false
Sep 24 01:20:26.495 INF API: test started suite=0 test=384 name="interop/_control/receipt/0x49771ec1756a3196f6302d643791d97e345923ecb628472fe369a7895e3d9ef3 (go-ethereum_trace)"
Sep 24 01:20:26.500 INF API: test ended suite=0 test=384 pass=false
Sep 24 01:20:26.503 INF API: test started suite=0 test=385 name="interop/_control/receipt/0x4ba8c63a6eb76028beb54b621d0aebcb4408b53cfe3221a03426c5d5940d5107 (go-ethereum_trace)"
Sep 24 01:20:26.505 INF API: test ended suite=0 test=385 pass=false
Sep 24 01:20:26.507 INF API: test started suite=0 test=386 name="interop/_control/receipt/0x4cd560128a9866daaeb440cc4bd884d87396ad816188b6a097af17350fdef754 (go-ethereum_trace)"
Sep 24 01:20:26.511 INF API: test ended suite=0 test=386 pass=false
Sep 24 01:20:26.512 INF API: test started suite=0 test=387 name="interop/_control/receipt/0x5f8744bbc1ccfe48c9c5d0dc5003a7578289376fca7ca6c58b133b36e8e9029b (go-ethereum_trace)"
Sep 24 01:20:26.515 INF API: test ended suite=0 test=387 pass=false
Sep 24 01:20:26.516 INF API: test started suite=0 test=388 name="interop/_control/receipt/0x63debd7bcab14a95198660dfe794ca12fd2a34b24f780dd7572c55f2a58735b3 (go-ethereum_trace)"
Sep 24 01:20:26.519 INF API: test ended suite=0 test=388 pass=false
Sep 24 01:20:26.520 INF API: test started suite=0 test=389 name="interop/_control/receipt/0x6d172e7e8ec79c2f0c2e8c935a52ff48a3d39e20759767badf37fed372fbae77 (go-ethereum_trace)"
Sep 24 01:20:26.524 INF API: test ended suite=0 test=389 pass=false
Sep 24 01:20:26.526 INF API: test started suite=0 test=390 name="interop/_control/receipt/0x76430fba1b629206573ad53847b0bc7e9f80161b0e79750803715a8fb1bc5955 (go-ethereum_trace)"
Sep 24 01:20:26.530 INF API: test ended suite=0 test=390 pass=false
Sep 24 01:20:26.531 INF API: test started suite=0 test=391 name="interop/_control/receipt/0x7a4a9d54552bc6b4b024a707408e6c304ead4f2de44a131ecb98c03998b1f153 (go-ethereum_trace)"
Sep 24 01:20:26.536 INF API: test ended suite=0 test=391 pass=false
Sep 24 01:20:26.536 INF API: test started suite=0 test=392 name="interop/_control/receipt/0x87d8ef31d0d35ae040f2998b90fd61eeb04882b21f189c521bec5c3cefb416d2 (go-ethereum_trace)"
Sep 24 01:20:26.540 INF API: test ended suite=0 test=392 pass=false
Sep 24 01:20:26.541 INF API: test started suite=0 test=393 name="interop/_control/receipt/0x894d679a5f0efe3beb6fa7e13b7c92c6c223c815f625a77be692533f73e21eb2 (go-ethereum_trace)"
Sep 24 01:20:26.545 INF API: test ended suite=0 test=393 pass=false
Sep 24 01:20:26.546 INF API: test started suite=0 test=394 name="interop/_control/receipt/0xa23373d1e4fa559fc33ffb791665855530831c83d0c241ef6b2d3f46a5f448f4 (go-ethereum_trace)"
Sep 24 01:20:26.549 INF API: test ended suite=0 test=394 pass=false
Sep 24 01:20:26.550 INF API: test started suite=0 test=395 name="interop/_control/receipt/0xa263812c1fe6b84efc195c1762cb0f4fccb198b1b5657df7b435e3343bcab1fa (go-ethereum_trace)"
Sep 24 01:20:26.553 INF API: test ended suite=0 test=395 pass=false
Sep 24 01:20:26.554 INF API: test started suite=0 test=396 name="interop/_control/receipt/0xa7a765e9f45b0ddcc07a023677846e2bfeb53f68ebb3deb3bcbfda3a6754f803 (go-ethereum_trace)"
Sep 24 01:20:26.557 INF API: test ended suite=0 test=396 pass=false
Sep 24 01:20:26.558 INF API: test started suite=0 test=397 name="interop/_control/receipt/0xcb6cc0f2c24bd58148d690e7c202ffffdc0ed017e2ca6e6a744d8d3698e38091 (go-ethereum_trace)"
Sep 24 01:20:26.561 INF API: test ended suite=0 test=397 pass=false
Sep 24 01:20:26.562 INF API: test started suite=0 test=398 name="interop/_control/receipt/0xd29a6a56a495a4e78a91c5176cd643bd729df3c17253daf839e9b0921cb27bb7 (go-ethereum_trace)"
Sep 24 01:20:26.566 INF API: test ended suite=0 test=398 pass=false
Sep 24 01:20:26.567 INF API: test started suite=0 test=399 name="interop/_control/receipt/0xd7822fd23594d52bc98493786233edb857cbeee469a3148b5780e076a53985db (go-ethereum_trace)"
Sep 24 01:20:26.570 INF API: test ended suite=0 test=399 pass=false
Sep 24 01:20:26.571 INF API: test started suite=0 test=400 name="interop/_control/receipt/0xe4c4e6a9105669372c4eb7fe40af9f521ee1f58d6b0f73d85f32af95189c3876 (go-ethereum_trace)"
Sep 24 01:20:26.574 INF API: test ended suite=0 test=400 pass=false
Sep 24 01:20:26.575 INF API: test started suite=0 test=401 name="interop/_control/receipt/0xedc4ae6e22147d1f6f417fb53747ccdd61ea8bf8bc04b6aa10b69c59187ac325 (go-ethereum_trace)"
Sep 24 01:20:26.578 INF API: test ended suite=0 test=401 pass=false
Sep 24 01:20:26.578 INF API: test started suite=0 test=402 name="interop/_control/receipt/0xfaf95f0248bf8587ba17feda97333e872894f94ab3b418bfab84287e76d89b79 (go-ethereum_trace)"
Sep 24 01:20:26.582 INF API: test ended suite=0 test=402 pass=false
Sep 24 01:20:26.582 INF API: test started suite=0 test=403 name="interop/_control/version (go-ethereum_trace)"
Sep 24 01:20:26.584 INF API: test ended suite=0 test=403 pass=false
Sep 24 01:20:26.586 INF API: test started suite=0 test=404 name="interop/block-35 (go-ethereum_trace)"
Sep 24 01:20:26.590 INF API: test ended suite=0 test=404 pass=false
Sep 24 01:20:26.591 INF API: test started suite=0 test=405 name="interop/block-36 (go-ethereum_trace)"
Sep 24 01:20:26.595 INF API: test ended suite=0 test=405 pass=false
Sep 24 01:20:26.596 INF API: test started suite=0 test=406 name="interop/block-47 (go-ethereum_trace)"
Sep 24 01:20:26.601 INF API: test ended suite=0 test=406 pass=false
Sep 24 01:20:26.602 INF API: test started suite=0 test=407 name="interop/block-48 (go-ethereum_trace)"
Sep 24 01:20:26.606 INF API: test ended suite=0 test=407 pass=false
Sep 24 01:20:26.607 INF API: test started suite=0 test=408 name="interop/block-51 (go-ethereum_trace)"
Sep 24 01:20:26.612 INF API: test ended suite=0 test=408 pass=false
Sep 24 01:20:26.612 INF API: test started suite=0 test=409 name="interop/block-52 (go-ethereum_trace)"
Sep 24 01:20:26.616 INF API: test ended suite=0 test=409 pass=false
Sep 24 01:20:26.617 INF API: test started suite=0 test=410 name="interop/block-55 (go-ethereum_trace)"
Sep 24 01:20:26.621 INF API: test ended suite=0 test=410 pass=false
Sep 24 01:20:26.626 INF API: test started suite=0 test=411 name="interop/block-56 (go-ethereum_trace)"
Sep 24 01:20:26.632 INF API: test ended suite=0 test=411 pass=false
Sep 24 01:20:26.633 INF API: test started suite=0 test=412 name="interop/block-59 (go-ethereum_trace)"
Sep 24 01:20:26.638 INF API: test ended suite=0 test=412 pass=false
Sep 24 01:20:26.639 INF API: test started suite=0 test=413 name="interop/block-60 (go-ethereum_trace)"
Sep 24 01:20:26.645 INF API: test ended suite=0 test=413 pass=false
Sep 24 01:20:26.646 INF API: test started suite=0 test=414 name="interop/control-head (go-ethereum_trace)"
Sep 24 01:20:26.648 INF API: test ended suite=0 test=414 pass=false
Sep 24 01:20:26.649 INF API: test started suite=0 test=415 name="interop/control-height (go-ethereum_trace)"
Sep 24 01:20:26.651 INF API: test ended suite=0 test=415 pass=false
Sep 24 01:20:26.652 INF API: test started suite=0 test=416 name="interop/control-version (go-ethereum_trace)"
Sep 24 01:20:26.654 INF API: test ended suite=0 test=416 pass=false
Sep 24 01:20:26.655 INF API: test started suite=0 test=417 name="interop/destroy-prestate-55 (go-ethereum_trace)"
Sep 24 01:20:26.658 INF API: test ended suite=0 test=417 pass=false
Sep 24 01:20:26.658 INF API: test started suite=0 test=418 name="interop/destroy-prestate-56 (go-ethereum_trace)"
Sep 24 01:20:26.663 INF API: test ended suite=0 test=418 pass=false
Sep 24 01:20:26.664 INF API: test started suite=0 test=419 name="interop/destroy-trace-55 (go-ethereum_trace)"
Sep 24 01:20:26.667 INF API: test ended suite=0 test=419 pass=false
Sep 24 01:20:26.668 INF API: test started suite=0 test=420 name="interop/destroy-trace-56 (go-ethereum_trace)"
Sep 24 01:20:26.671 INF API: test ended suite=0 test=420 pass=false
Sep 24 01:20:26.672 INF API: test started suite=0 test=421 name="interop/filter-35 (go-ethereum_trace)"
Sep 24 01:20:26.674 INF API: test ended suite=0 test=421 pass=false
Sep 24 01:20:26.675 INF API: test started suite=0 test=422 name="interop/filter-36 (go-ethereum_trace)"
Sep 24 01:20:26.678 INF API: test ended suite=0 test=422 pass=false
Sep 24 01:20:26.679 INF API: test started suite=0 test=423 name="interop/filter-47 (go-ethereum_trace)"
Sep 24 01:20:26.682 INF API: test ended suite=0 test=423 pass=false
Sep 24 01:20:26.683 INF API: test started suite=0 test=424 name="interop/filter-48 (go-ethereum_trace)"
Sep 24 01:20:26.686 INF API: test ended suite=0 test=424 pass=false
Sep 24 01:20:26.687 INF API: test started suite=0 test=425 name="interop/filter-51 (go-ethereum_trace)"
Sep 24 01:20:26.690 INF API: test ended suite=0 test=425 pass=false
Sep 24 01:20:26.690 INF API: test started suite=0 test=426 name="interop/filter-52 (go-ethereum_trace)"
Sep 24 01:20:26.693 INF API: test ended suite=0 test=426 pass=false
Sep 24 01:20:26.693 INF API: test started suite=0 test=427 name="interop/filter-55 (go-ethereum_trace)"
Sep 24 01:20:26.696 INF API: test ended suite=0 test=427 pass=false
Sep 24 01:20:26.697 INF API: test started suite=0 test=428 name="interop/filter-56 (go-ethereum_trace)"
Sep 24 01:20:26.700 INF API: test ended suite=0 test=428 pass=false
Sep 24 01:20:26.701 INF API: test started suite=0 test=429 name="interop/filter-59 (go-ethereum_trace)"
Sep 24 01:20:26.704 INF API: test ended suite=0 test=429 pass=false
Sep 24 01:20:26.704 INF API: test started suite=0 test=430 name="interop/filter-60 (go-ethereum_trace)"
Sep 24 01:20:26.708 INF API: test ended suite=0 test=430 pass=false
Sep 24 01:20:26.709 INF API: test started suite=0 test=431 name="interop/filter-across-36 (go-ethereum_trace)"
Sep 24 01:20:26.713 INF API: test ended suite=0 test=431 pass=false
Sep 24 01:20:26.714 INF API: test started suite=0 test=432 name="interop/filter-across-48 (go-ethereum_trace)"
Sep 24 01:20:26.717 INF API: test ended suite=0 test=432 pass=false
Sep 24 01:20:26.718 INF API: test started suite=0 test=433 name="interop/filter-across-52 (go-ethereum_trace)"
Sep 24 01:20:26.721 INF API: test ended suite=0 test=433 pass=false
Sep 24 01:20:26.723 INF API: test started suite=0 test=434 name="interop/filter-across-56 (go-ethereum_trace)"
Sep 24 01:20:26.726 INF API: test ended suite=0 test=434 pass=false
Sep 24 01:20:26.727 INF API: test started suite=0 test=435 name="interop/filter-across-60 (go-ethereum_trace)"
Sep 24 01:20:26.731 INF API: test ended suite=0 test=435 pass=false
Sep 24 01:20:26.732 INF API: test started suite=0 test=436 name="interop/header-35 (go-ethereum_trace)"
Sep 24 01:20:26.736 INF API: test ended suite=0 test=436 pass=false
Sep 24 01:20:26.737 INF API: test started suite=0 test=437 name="interop/header-36 (go-ethereum_trace)"
Sep 24 01:20:26.739 INF API: test ended suite=0 test=437 pass=false
Sep 24 01:20:26.740 INF API: test started suite=0 test=438 name="interop/header-47 (go-ethereum_trace)"
Sep 24 01:20:26.742 INF API: test ended suite=0 test=438 pass=false
Sep 24 01:20:26.743 INF API: test started suite=0 test=439 name="interop/header-48 (go-ethereum_trace)"
Sep 24 01:20:26.745 INF API: test ended suite=0 test=439 pass=false
Sep 24 01:20:26.746 INF API: test started suite=0 test=440 name="interop/header-51 (go-ethereum_trace)"
Sep 24 01:20:26.749 INF API: test ended suite=0 test=440 pass=false
Sep 24 01:20:26.750 INF API: test started suite=0 test=441 name="interop/header-52 (go-ethereum_trace)"
Sep 24 01:20:26.754 INF API: test ended suite=0 test=441 pass=false
Sep 24 01:20:26.755 INF API: test started suite=0 test=442 name="interop/header-55 (go-ethereum_trace)"
Sep 24 01:20:26.758 INF API: test ended suite=0 test=442 pass=false
Sep 24 01:20:26.759 INF API: test started suite=0 test=443 name="interop/header-56 (go-ethereum_trace)"
Sep 24 01:20:26.762 INF API: test ended suite=0 test=443 pass=false
Sep 24 01:20:26.763 INF API: test started suite=0 test=444 name="interop/header-59 (go-ethereum_trace)"
Sep 24 01:20:26.765 INF API: test ended suite=0 test=444 pass=false
Sep 24 01:20:26.766 INF API: test started suite=0 test=445 name="interop/header-60 (go-ethereum_trace)"
Sep 24 01:20:26.769 INF API: test ended suite=0 test=445 pass=false
Sep 24 01:20:26.770 INF API: test started suite=0 test=446 name="interop/mcopy-prestate-55 (go-ethereum_trace)"
Sep 24 01:20:26.774 INF API: test ended suite=0 test=446 pass=false
Sep 24 01:20:26.775 INF API: test started suite=0 test=447 name="interop/mcopy-prestate-56 (go-ethereum_trace)"
Sep 24 01:20:26.777 INF API: test ended suite=0 test=447 pass=false
Sep 24 01:20:26.778 INF API: test started suite=0 test=448 name="interop/mcopy-trace-55 (go-ethereum_trace)"
Sep 24 01:20:26.781 INF API: test ended suite=0 test=448 pass=false
Sep 24 01:20:26.782 INF API: test started suite=0 test=449 name="interop/mcopy-trace-56 (go-ethereum_trace)"
Sep 24 01:20:26.785 INF API: test ended suite=0 test=449 pass=false
Sep 24 01:20:26.786 INF API: test started suite=0 test=450 name="interop/replay-35 (go-ethereum_trace)"
Sep 24 01:20:26.789 INF API: test ended suite=0 test=450 pass=false
Sep 24 01:20:26.790 INF API: test started suite=0 test=451 name="interop/replay-36 (go-ethereum_trace)"
Sep 24 01:20:26.794 INF API: test ended suite=0 test=451 pass=false
Sep 24 01:20:26.794 INF API: test started suite=0 test=452 name="interop/replay-47 (go-ethereum_trace)"
Sep 24 01:20:26.797 INF API: test ended suite=0 test=452 pass=false
Sep 24 01:20:26.798 INF API: test started suite=0 test=453 name="interop/replay-48 (go-ethereum_trace)"
Sep 24 01:20:26.801 INF API: test ended suite=0 test=453 pass=false
Sep 24 01:20:26.802 INF API: test started suite=0 test=454 name="interop/replay-51 (go-ethereum_trace)"
Sep 24 01:20:26.806 INF API: test ended suite=0 test=454 pass=false
Sep 24 01:20:26.807 INF API: test started suite=0 test=455 name="interop/replay-52 (go-ethereum_trace)"
Sep 24 01:20:26.810 INF API: test ended suite=0 test=455 pass=false
Sep 24 01:20:26.811 INF API: test started suite=0 test=456 name="interop/replay-55 (go-ethereum_trace)"
Sep 24 01:20:26.814 INF API: test ended suite=0 test=456 pass=false
Sep 24 01:20:26.815 INF API: test started suite=0 test=457 name="interop/replay-56 (go-ethereum_trace)"
Sep 24 01:20:26.818 INF API: test ended suite=0 test=457 pass=false
Sep 24 01:20:26.819 INF API: test started suite=0 test=458 name="interop/replay-59 (go-ethereum_trace)"
Sep 24 01:20:26.822 INF API: test ended suite=0 test=458 pass=false
Sep 24 01:20:26.824 INF API: test started suite=0 test=459 name="interop/replay-60 (go-ethereum_trace)"
Sep 24 01:20:26.828 INF API: test ended suite=0 test=459 pass=false
Sep 24 01:20:26.829 INF API: test started suite=0 test=460 name="interop/system-beacon-55-560 (go-ethereum_trace)"
Sep 24 01:20:26.832 INF API: test ended suite=0 test=460 pass=false
Sep 24 01:20:26.833 INF API: test started suite=0 test=461 name="interop/system-beacon-55-8751 (go-ethereum_trace)"
Sep 24 01:20:26.835 INF API: test ended suite=0 test=461 pass=false
Sep 24 01:20:26.836 INF API: test started suite=0 test=462 name="interop/system-beacon-56-560 (go-ethereum_trace)"
Sep 24 01:20:26.838 INF API: test ended suite=0 test=462 pass=false
Sep 24 01:20:26.839 INF API: test started suite=0 test=463 name="interop/system-beacon-56-8751 (go-ethereum_trace)"
Sep 24 01:20:26.842 INF API: test ended suite=0 test=463 pass=false
Sep 24 01:20:26.842 INF API: test started suite=0 test=464 name="interop/system-beacon-57-560 (go-ethereum_trace)"
Sep 24 01:20:26.845 INF API: test ended suite=0 test=464 pass=false
Sep 24 01:20:26.846 INF API: test started suite=0 test=465 name="interop/system-beacon-57-8751 (go-ethereum_trace)"
Sep 24 01:20:26.848 INF API: test ended suite=0 test=465 pass=false
Sep 24 01:20:26.981 INF API: test ended suite=0 test=373 pass=true
Sep 24 01:20:26.983 INF API: test started suite=0 test=466 name="client launch (nethermind_development)"
Sep 24 01:20:35.137 INF API: client nethermind_development started suite=0 test=466 container=cb57942c
Sep 24 01:20:35.279 INF API: test started suite=0 test=467 name="interop/_control/head (nethermind_development)"
Sep 24 01:20:35.285 INF API: test ended suite=0 test=467 pass=false
Sep 24 01:20:35.286 INF API: test started suite=0 test=468 name="interop/_control/latest (nethermind_development)"
Sep 24 01:20:35.289 INF API: test ended suite=0 test=468 pass=false
Sep 24 01:20:35.290 INF API: test started suite=0 test=469 name="interop/_control/receipt/0x03a4bc78840db70e9b34ed52a9b17a34d4c72011731e9d7c36c962cda16c5b17 (nethermind_development)"
Sep 24 01:20:35.310 INF API: test ended suite=0 test=469 pass=false
Sep 24 01:20:35.311 INF API: test started suite=0 test=470 name="interop/_control/receipt/0x0c68db54417efe088e4000b2c274e0ae72f58d3fb80be5274f4dde231fb0b53d (nethermind_development)"
Sep 24 01:20:35.313 INF API: test ended suite=0 test=470 pass=false
Sep 24 01:20:35.314 INF API: test started suite=0 test=471 name="interop/_control/receipt/0x1276cda02bb88cd6b116024f7eb9ad89ee88c24a3f929fc67642cf8eb060e4fc (nethermind_development)"
Sep 24 01:20:35.317 INF API: test ended suite=0 test=471 pass=false
Sep 24 01:20:35.318 INF API: test started suite=0 test=472 name="interop/_control/receipt/0x269517da790ccc02577056426570550beac8d70ec0c0a3f407a8ffea3d80acc0 (nethermind_development)"
Sep 24 01:20:35.323 INF API: test ended suite=0 test=472 pass=false
Sep 24 01:20:35.323 INF API: test started suite=0 test=473 name="interop/_control/receipt/0x2eeede94c04e0a644f532b31b9cb71387ba69a26323fed48fa3a7dae6eb23084 (nethermind_development)"
Sep 24 01:20:35.326 INF API: test ended suite=0 test=473 pass=false
Sep 24 01:20:35.326 INF API: test started suite=0 test=474 name="interop/_control/receipt/0x38287a4cde4cb8f1b78c6c29880a5721ddda573f6d15413753a1e0546b996c1d (nethermind_development)"
Sep 24 01:20:35.329 INF API: test ended suite=0 test=474 pass=false
Sep 24 01:20:35.329 INF API: test started suite=0 test=475 name="interop/_control/receipt/0x3af8b2d42d7d74bb5ce1c5e9043f767d0808e4a269784db66f09edeee022e4ec (nethermind_development)"
Sep 24 01:20:35.332 INF API: test ended suite=0 test=475 pass=false
Sep 24 01:20:35.332 INF API: test started suite=0 test=476 name="interop/_control/receipt/0x485156c6fb5117ef740b7f2fd07fa3b59aaa8f63268e2f6b55663a5e532bd2d5 (nethermind_development)"
Sep 24 01:20:35.335 INF API: test ended suite=0 test=476 pass=false
Sep 24 01:20:35.336 INF API: test started suite=0 test=477 name="interop/_control/receipt/0x49771ec1756a3196f6302d643791d97e345923ecb628472fe369a7895e3d9ef3 (nethermind_development)"
Sep 24 01:20:35.338 INF API: test ended suite=0 test=477 pass=false
Sep 24 01:20:35.339 INF API: test started suite=0 test=478 name="interop/_control/receipt/0x4ba8c63a6eb76028beb54b621d0aebcb4408b53cfe3221a03426c5d5940d5107 (nethermind_development)"
Sep 24 01:20:35.341 INF API: test ended suite=0 test=478 pass=false
Sep 24 01:20:35.342 INF API: test started suite=0 test=479 name="interop/_control/receipt/0x4cd560128a9866daaeb440cc4bd884d87396ad816188b6a097af17350fdef754 (nethermind_development)"
Sep 24 01:20:35.344 INF API: test ended suite=0 test=479 pass=false
Sep 24 01:20:35.345 INF API: test started suite=0 test=480 name="interop/_control/receipt/0x5f8744bbc1ccfe48c9c5d0dc5003a7578289376fca7ca6c58b133b36e8e9029b (nethermind_development)"
Sep 24 01:20:35.347 INF API: test ended suite=0 test=480 pass=false
Sep 24 01:20:35.348 INF API: test started suite=0 test=481 name="interop/_control/receipt/0x63debd7bcab14a95198660dfe794ca12fd2a34b24f780dd7572c55f2a58735b3 (nethermind_development)"
Sep 24 01:20:35.350 INF API: test ended suite=0 test=481 pass=false
Sep 24 01:20:35.351 INF API: test started suite=0 test=482 name="interop/_control/receipt/0x6d172e7e8ec79c2f0c2e8c935a52ff48a3d39e20759767badf37fed372fbae77 (nethermind_development)"
Sep 24 01:20:35.354 INF API: test ended suite=0 test=482 pass=false
Sep 24 01:20:35.354 INF API: test started suite=0 test=483 name="interop/_control/receipt/0x76430fba1b629206573ad53847b0bc7e9f80161b0e79750803715a8fb1bc5955 (nethermind_development)"
Sep 24 01:20:35.357 INF API: test ended suite=0 test=483 pass=false
Sep 24 01:20:35.357 INF API: test started suite=0 test=484 name="interop/_control/receipt/0x7a4a9d54552bc6b4b024a707408e6c304ead4f2de44a131ecb98c03998b1f153 (nethermind_development)"
Sep 24 01:20:35.360 INF API: test ended suite=0 test=484 pass=false
Sep 24 01:20:35.361 INF API: test started suite=0 test=485 name="interop/_control/receipt/0x87d8ef31d0d35ae040f2998b90fd61eeb04882b21f189c521bec5c3cefb416d2 (nethermind_development)"
Sep 24 01:20:35.363 INF API: test ended suite=0 test=485 pass=false
Sep 24 01:20:35.364 INF API: test started suite=0 test=486 name="interop/_control/receipt/0x894d679a5f0efe3beb6fa7e13b7c92c6c223c815f625a77be692533f73e21eb2 (nethermind_development)"
Sep 24 01:20:35.366 INF API: test ended suite=0 test=486 pass=false
Sep 24 01:20:35.367 INF API: test started suite=0 test=487 name="interop/_control/receipt/0xa23373d1e4fa559fc33ffb791665855530831c83d0c241ef6b2d3f46a5f448f4 (nethermind_development)"
Sep 24 01:20:35.371 INF API: test ended suite=0 test=487 pass=false
Sep 24 01:20:35.372 INF API: test started suite=0 test=488 name="interop/_control/receipt/0xa263812c1fe6b84efc195c1762cb0f4fccb198b1b5657df7b435e3343bcab1fa (nethermind_development)"
Sep 24 01:20:35.374 INF API: test ended suite=0 test=488 pass=false
Sep 24 01:20:35.375 INF API: test started suite=0 test=489 name="interop/_control/receipt/0xa7a765e9f45b0ddcc07a023677846e2bfeb53f68ebb3deb3bcbfda3a6754f803 (nethermind_development)"
Sep 24 01:20:35.377 INF API: test ended suite=0 test=489 pass=false
Sep 24 01:20:35.378 INF API: test started suite=0 test=490 name="interop/_control/receipt/0xcb6cc0f2c24bd58148d690e7c202ffffdc0ed017e2ca6e6a744d8d3698e38091 (nethermind_development)"
Sep 24 01:20:35.380 INF API: test ended suite=0 test=490 pass=false
Sep 24 01:20:35.381 INF API: test started suite=0 test=491 name="interop/_control/receipt/0xd29a6a56a495a4e78a91c5176cd643bd729df3c17253daf839e9b0921cb27bb7 (nethermind_development)"
Sep 24 01:20:35.383 INF API: test ended suite=0 test=491 pass=false
Sep 24 01:20:35.384 INF API: test started suite=0 test=492 name="interop/_control/receipt/0xd7822fd23594d52bc98493786233edb857cbeee469a3148b5780e076a53985db (nethermind_development)"
Sep 24 01:20:35.386 INF API: test ended suite=0 test=492 pass=false
Sep 24 01:20:35.387 INF API: test started suite=0 test=493 name="interop/_control/receipt/0xe4c4e6a9105669372c4eb7fe40af9f521ee1f58d6b0f73d85f32af95189c3876 (nethermind_development)"
Sep 24 01:20:35.389 INF API: test ended suite=0 test=493 pass=false
Sep 24 01:20:35.390 INF API: test started suite=0 test=494 name="interop/_control/receipt/0xedc4ae6e22147d1f6f417fb53747ccdd61ea8bf8bc04b6aa10b69c59187ac325 (nethermind_development)"
Sep 24 01:20:35.392 INF API: test ended suite=0 test=494 pass=false
Sep 24 01:20:35.393 INF API: test started suite=0 test=495 name="interop/_control/receipt/0xfaf95f0248bf8587ba17feda97333e872894f94ab3b418bfab84287e76d89b79 (nethermind_development)"
Sep 24 01:20:35.395 INF API: test ended suite=0 test=495 pass=false
Sep 24 01:20:35.396 INF API: test started suite=0 test=496 name="interop/_control/version (nethermind_development)"
Sep 24 01:20:35.400 INF API: test ended suite=0 test=496 pass=false
Sep 24 01:20:35.400 INF API: test started suite=0 test=497 name="interop/block-35 (nethermind_development)"
Sep 24 01:20:35.490 INF API: test ended suite=0 test=497 pass=false
Sep 24 01:20:35.491 INF API: test started suite=0 test=498 name="interop/block-36 (nethermind_development)"
Sep 24 01:20:35.501 INF API: test ended suite=0 test=498 pass=false
Sep 24 01:20:35.502 INF API: test started suite=0 test=499 name="interop/block-47 (nethermind_development)"
Sep 24 01:20:35.506 INF API: test ended suite=0 test=499 pass=false
Sep 24 01:20:35.507 INF API: test started suite=0 test=500 name="interop/block-48 (nethermind_development)"
Sep 24 01:20:35.511 INF API: test ended suite=0 test=500 pass=false
Sep 24 01:20:35.512 INF API: test started suite=0 test=501 name="interop/block-51 (nethermind_development)"
Sep 24 01:20:35.516 INF API: test ended suite=0 test=501 pass=false
Sep 24 01:20:35.517 INF API: test started suite=0 test=502 name="interop/block-52 (nethermind_development)"
Sep 24 01:20:35.520 INF API: test ended suite=0 test=502 pass=false
Sep 24 01:20:35.520 INF API: test started suite=0 test=503 name="interop/block-55 (nethermind_development)"
Sep 24 01:20:35.523 INF API: test ended suite=0 test=503 pass=false
Sep 24 01:20:35.524 INF API: test started suite=0 test=504 name="interop/block-56 (nethermind_development)"
Sep 24 01:20:35.528 INF API: test ended suite=0 test=504 pass=false
Sep 24 01:20:35.528 INF API: test started suite=0 test=505 name="interop/block-59 (nethermind_development)"
Sep 24 01:20:35.532 INF API: test ended suite=0 test=505 pass=false
Sep 24 01:20:35.532 INF API: test started suite=0 test=506 name="interop/block-60 (nethermind_development)"
Sep 24 01:20:35.537 INF API: test ended suite=0 test=506 pass=false
Sep 24 01:20:35.537 INF API: test started suite=0 test=507 name="interop/control-head (nethermind_development)"
Sep 24 01:20:35.540 INF API: test ended suite=0 test=507 pass=false
Sep 24 01:20:35.540 INF API: test started suite=0 test=508 name="interop/control-height (nethermind_development)"
Sep 24 01:20:35.545 INF API: test ended suite=0 test=508 pass=false
Sep 24 01:20:35.546 INF API: test started suite=0 test=509 name="interop/control-version (nethermind_development)"
Sep 24 01:20:35.548 INF API: test ended suite=0 test=509 pass=false
Sep 24 01:20:35.549 INF API: test started suite=0 test=510 name="interop/destroy-prestate-55 (nethermind_development)"
Sep 24 01:20:35.739 INF API: test ended suite=0 test=510 pass=false
Sep 24 01:20:35.740 INF API: test started suite=0 test=511 name="interop/destroy-prestate-56 (nethermind_development)"
Sep 24 01:20:35.752 INF API: test ended suite=0 test=511 pass=false
Sep 24 01:20:35.753 INF API: test started suite=0 test=512 name="interop/destroy-trace-55 (nethermind_development)"
Sep 24 01:20:35.796 INF API: test ended suite=0 test=512 pass=false
Sep 24 01:20:35.797 INF API: test started suite=0 test=513 name="interop/destroy-trace-56 (nethermind_development)"
Sep 24 01:20:35.801 INF API: test ended suite=0 test=513 pass=false
Sep 24 01:20:35.802 INF API: test started suite=0 test=514 name="interop/filter-35 (nethermind_development)"
Sep 24 01:20:35.810 INF API: test ended suite=0 test=514 pass=false
Sep 24 01:20:35.811 INF API: test started suite=0 test=515 name="interop/filter-36 (nethermind_development)"
Sep 24 01:20:35.815 INF API: test ended suite=0 test=515 pass=false
Sep 24 01:20:35.815 INF API: test started suite=0 test=516 name="interop/filter-47 (nethermind_development)"
Sep 24 01:20:35.818 INF API: test ended suite=0 test=516 pass=false
Sep 24 01:20:35.819 INF API: test started suite=0 test=517 name="interop/filter-48 (nethermind_development)"
Sep 24 01:20:35.822 INF API: test ended suite=0 test=517 pass=false
Sep 24 01:20:35.823 INF API: test started suite=0 test=518 name="interop/filter-51 (nethermind_development)"
Sep 24 01:20:35.827 INF API: test ended suite=0 test=518 pass=false
Sep 24 01:20:35.827 INF API: test started suite=0 test=519 name="interop/filter-52 (nethermind_development)"
Sep 24 01:20:35.830 INF API: test ended suite=0 test=519 pass=false
Sep 24 01:20:35.831 INF API: test started suite=0 test=520 name="interop/filter-55 (nethermind_development)"
Sep 24 01:20:35.834 INF API: test ended suite=0 test=520 pass=false
Sep 24 01:20:35.835 INF API: test started suite=0 test=521 name="interop/filter-56 (nethermind_development)"
Sep 24 01:20:35.838 INF API: test ended suite=0 test=521 pass=false
Sep 24 01:20:35.839 INF API: test started suite=0 test=522 name="interop/filter-59 (nethermind_development)"
Sep 24 01:20:35.842 INF API: test ended suite=0 test=522 pass=false
Sep 24 01:20:35.843 INF API: test started suite=0 test=523 name="interop/filter-60 (nethermind_development)"
Sep 24 01:20:35.847 INF API: test ended suite=0 test=523 pass=false
Sep 24 01:20:35.847 INF API: test started suite=0 test=524 name="interop/filter-across-36 (nethermind_development)"
Sep 24 01:20:35.853 INF API: test ended suite=0 test=524 pass=false
Sep 24 01:20:35.854 INF API: test started suite=0 test=525 name="interop/filter-across-48 (nethermind_development)"
Sep 24 01:20:35.857 INF API: test ended suite=0 test=525 pass=false
Sep 24 01:20:35.858 INF API: test started suite=0 test=526 name="interop/filter-across-52 (nethermind_development)"
Sep 24 01:20:35.862 INF API: test ended suite=0 test=526 pass=false
Sep 24 01:20:35.863 INF API: test started suite=0 test=527 name="interop/filter-across-56 (nethermind_development)"
Sep 24 01:20:35.868 INF API: test ended suite=0 test=527 pass=false
Sep 24 01:20:35.868 INF API: test started suite=0 test=528 name="interop/filter-across-60 (nethermind_development)"
Sep 24 01:20:35.873 INF API: test ended suite=0 test=528 pass=false
Sep 24 01:20:35.874 INF API: test started suite=0 test=529 name="interop/header-35 (nethermind_development)"
Sep 24 01:20:35.876 INF API: test ended suite=0 test=529 pass=false
Sep 24 01:20:35.877 INF API: test started suite=0 test=530 name="interop/header-36 (nethermind_development)"
Sep 24 01:20:35.879 INF API: test ended suite=0 test=530 pass=false
Sep 24 01:20:35.880 INF API: test started suite=0 test=531 name="interop/header-47 (nethermind_development)"
Sep 24 01:20:35.882 INF API: test ended suite=0 test=531 pass=false
Sep 24 01:20:35.883 INF API: test started suite=0 test=532 name="interop/header-48 (nethermind_development)"
Sep 24 01:20:35.885 INF API: test ended suite=0 test=532 pass=false
Sep 24 01:20:35.886 INF API: test started suite=0 test=533 name="interop/header-51 (nethermind_development)"
Sep 24 01:20:35.888 INF API: test ended suite=0 test=533 pass=false
Sep 24 01:20:35.889 INF API: test started suite=0 test=534 name="interop/header-52 (nethermind_development)"
Sep 24 01:20:35.891 INF API: test ended suite=0 test=534 pass=false
Sep 24 01:20:35.892 INF API: test started suite=0 test=535 name="interop/header-55 (nethermind_development)"
Sep 24 01:20:35.895 INF API: test ended suite=0 test=535 pass=false
Sep 24 01:20:35.895 INF API: test started suite=0 test=536 name="interop/header-56 (nethermind_development)"
Sep 24 01:20:35.898 INF API: test ended suite=0 test=536 pass=false
Sep 24 01:20:35.898 INF API: test started suite=0 test=537 name="interop/header-59 (nethermind_development)"
Sep 24 01:20:35.901 INF API: test ended suite=0 test=537 pass=false
Sep 24 01:20:35.901 INF API: test started suite=0 test=538 name="interop/header-60 (nethermind_development)"
Sep 24 01:20:35.904 INF API: test ended suite=0 test=538 pass=false
Sep 24 01:20:35.905 INF API: test started suite=0 test=539 name="interop/mcopy-prestate-55 (nethermind_development)"
Sep 24 01:20:35.916 INF API: test ended suite=0 test=539 pass=false
Sep 24 01:20:35.917 INF API: test started suite=0 test=540 name="interop/mcopy-prestate-56 (nethermind_development)"
Sep 24 01:20:35.929 INF API: test ended suite=0 test=540 pass=false
Sep 24 01:20:35.930 INF API: test started suite=0 test=541 name="interop/mcopy-trace-55 (nethermind_development)"
Sep 24 01:20:35.939 INF API: test ended suite=0 test=541 pass=false
Sep 24 01:20:35.940 INF API: test started suite=0 test=542 name="interop/mcopy-trace-56 (nethermind_development)"
Sep 24 01:20:35.949 INF API: test ended suite=0 test=542 pass=false
Sep 24 01:20:35.950 INF API: test started suite=0 test=543 name="interop/replay-35 (nethermind_development)"
Sep 24 01:20:35.965 INF API: test ended suite=0 test=543 pass=false
Sep 24 01:20:35.966 INF API: test started suite=0 test=544 name="interop/replay-36 (nethermind_development)"
Sep 24 01:20:35.972 INF API: test ended suite=0 test=544 pass=false
Sep 24 01:20:35.973 INF API: test started suite=0 test=545 name="interop/replay-47 (nethermind_development)"
Sep 24 01:20:35.976 INF API: test ended suite=0 test=545 pass=false
Sep 24 01:20:35.977 INF API: test started suite=0 test=546 name="interop/replay-48 (nethermind_development)"
Sep 24 01:20:35.980 INF API: test ended suite=0 test=546 pass=false
Sep 24 01:20:35.981 INF API: test started suite=0 test=547 name="interop/replay-51 (nethermind_development)"
Sep 24 01:20:35.986 INF API: test ended suite=0 test=547 pass=false
Sep 24 01:20:35.986 INF API: test started suite=0 test=548 name="interop/replay-52 (nethermind_development)"
Sep 24 01:20:35.989 INF API: test ended suite=0 test=548 pass=false
Sep 24 01:20:35.990 INF API: test started suite=0 test=549 name="interop/replay-55 (nethermind_development)"
Sep 24 01:20:35.993 INF API: test ended suite=0 test=549 pass=false
Sep 24 01:20:35.994 INF API: test started suite=0 test=550 name="interop/replay-56 (nethermind_development)"
Sep 24 01:20:35.999 INF API: test ended suite=0 test=550 pass=false
Sep 24 01:20:36.000 INF API: test started suite=0 test=551 name="interop/replay-59 (nethermind_development)"
Sep 24 01:20:36.003 INF API: test ended suite=0 test=551 pass=false
Sep 24 01:20:36.004 INF API: test started suite=0 test=552 name="interop/replay-60 (nethermind_development)"
Sep 24 01:20:36.009 INF API: test ended suite=0 test=552 pass=false
Sep 24 01:20:36.010 INF API: test started suite=0 test=553 name="interop/system-beacon-55-560 (nethermind_development)"
Sep 24 01:20:36.015 INF API: test ended suite=0 test=553 pass=false
Sep 24 01:20:36.015 INF API: test started suite=0 test=554 name="interop/system-beacon-55-8751 (nethermind_development)"
Sep 24 01:20:36.019 INF API: test ended suite=0 test=554 pass=false
Sep 24 01:20:36.019 INF API: test started suite=0 test=555 name="interop/system-beacon-56-560 (nethermind_development)"
Sep 24 01:20:36.021 INF API: test ended suite=0 test=555 pass=false
Sep 24 01:20:36.022 INF API: test started suite=0 test=556 name="interop/system-beacon-56-8751 (nethermind_development)"
Sep 24 01:20:36.024 INF API: test ended suite=0 test=556 pass=false
Sep 24 01:20:36.025 INF API: test started suite=0 test=557 name="interop/system-beacon-57-560 (nethermind_development)"
Sep 24 01:20:36.027 INF API: test ended suite=0 test=557 pass=false
Sep 24 01:20:36.028 INF API: test started suite=0 test=558 name="interop/system-beacon-57-8751 (nethermind_development)"
Sep 24 01:20:36.030 INF API: test ended suite=0 test=558 pass=false
Sep 24 01:20:36.180 INF API: test ended suite=0 test=466 pass=true
Sep 24 01:20:36.182 INF API: test started suite=0 test=559 name="client launch (nethermind_release)"
Sep 24 01:20:43.427 INF API: client nethermind_release started suite=0 test=559 container=77584e60
Sep 24 01:20:43.587 INF API: test started suite=0 test=560 name="interop/_control/head (nethermind_release)"
Sep 24 01:20:43.595 INF API: test ended suite=0 test=560 pass=false
Sep 24 01:20:43.596 INF API: test started suite=0 test=561 name="interop/_control/latest (nethermind_release)"
Sep 24 01:20:43.598 INF API: test ended suite=0 test=561 pass=false
Sep 24 01:20:43.599 INF API: test started suite=0 test=562 name="interop/_control/receipt/0x03a4bc78840db70e9b34ed52a9b17a34d4c72011731e9d7c36c962cda16c5b17 (nethermind_release)"
Sep 24 01:20:43.620 INF API: test ended suite=0 test=562 pass=false
Sep 24 01:20:43.621 INF API: test started suite=0 test=563 name="interop/_control/receipt/0x0c68db54417efe088e4000b2c274e0ae72f58d3fb80be5274f4dde231fb0b53d (nethermind_release)"
Sep 24 01:20:43.632 INF API: test ended suite=0 test=563 pass=false
Sep 24 01:20:43.633 INF API: test started suite=0 test=564 name="interop/_control/receipt/0x1276cda02bb88cd6b116024f7eb9ad89ee88c24a3f929fc67642cf8eb060e4fc (nethermind_release)"
Sep 24 01:20:43.644 INF API: test ended suite=0 test=564 pass=false
Sep 24 01:20:43.645 INF API: test started suite=0 test=565 name="interop/_control/receipt/0x269517da790ccc02577056426570550beac8d70ec0c0a3f407a8ffea3d80acc0 (nethermind_release)"
Sep 24 01:20:43.650 INF API: test ended suite=0 test=565 pass=false
Sep 24 01:20:43.652 INF API: test started suite=0 test=566 name="interop/_control/receipt/0x2eeede94c04e0a644f532b31b9cb71387ba69a26323fed48fa3a7dae6eb23084 (nethermind_release)"
Sep 24 01:20:43.654 INF API: test ended suite=0 test=566 pass=false
Sep 24 01:20:43.655 INF API: test started suite=0 test=567 name="interop/_control/receipt/0x38287a4cde4cb8f1b78c6c29880a5721ddda573f6d15413753a1e0546b996c1d (nethermind_release)"
Sep 24 01:20:43.658 INF API: test ended suite=0 test=567 pass=false
Sep 24 01:20:43.659 INF API: test started suite=0 test=568 name="interop/_control/receipt/0x3af8b2d42d7d74bb5ce1c5e9043f767d0808e4a269784db66f09edeee022e4ec (nethermind_release)"
Sep 24 01:20:43.661 INF API: test ended suite=0 test=568 pass=false
Sep 24 01:20:43.662 INF API: test started suite=0 test=569 name="interop/_control/receipt/0x485156c6fb5117ef740b7f2fd07fa3b59aaa8f63268e2f6b55663a5e532bd2d5 (nethermind_release)"
Sep 24 01:20:43.664 INF API: test ended suite=0 test=569 pass=false
Sep 24 01:20:43.664 INF API: test started suite=0 test=570 name="interop/_control/receipt/0x49771ec1756a3196f6302d643791d97e345923ecb628472fe369a7895e3d9ef3 (nethermind_release)"
Sep 24 01:20:43.666 INF API: test ended suite=0 test=570 pass=false
Sep 24 01:20:43.666 INF API: test started suite=0 test=571 name="interop/_control/receipt/0x4ba8c63a6eb76028beb54b621d0aebcb4408b53cfe3221a03426c5d5940d5107 (nethermind_release)"
Sep 24 01:20:43.669 INF API: test ended suite=0 test=571 pass=false
Sep 24 01:20:43.670 INF API: test started suite=0 test=572 name="interop/_control/receipt/0x4cd560128a9866daaeb440cc4bd884d87396ad816188b6a097af17350fdef754 (nethermind_release)"
Sep 24 01:20:43.671 INF API: test ended suite=0 test=572 pass=false
Sep 24 01:20:43.672 INF API: test started suite=0 test=573 name="interop/_control/receipt/0x5f8744bbc1ccfe48c9c5d0dc5003a7578289376fca7ca6c58b133b36e8e9029b (nethermind_release)"
Sep 24 01:20:43.673 INF API: test ended suite=0 test=573 pass=false
Sep 24 01:20:43.674 INF API: test started suite=0 test=574 name="interop/_control/receipt/0x63debd7bcab14a95198660dfe794ca12fd2a34b24f780dd7572c55f2a58735b3 (nethermind_release)"
Sep 24 01:20:43.676 INF API: test ended suite=0 test=574 pass=false
Sep 24 01:20:43.676 INF API: test started suite=0 test=575 name="interop/_control/receipt/0x6d172e7e8ec79c2f0c2e8c935a52ff48a3d39e20759767badf37fed372fbae77 (nethermind_release)"
Sep 24 01:20:43.677 INF API: test ended suite=0 test=575 pass=false
Sep 24 01:20:43.679 INF API: test started suite=0 test=576 name="interop/_control/receipt/0x76430fba1b629206573ad53847b0bc7e9f80161b0e79750803715a8fb1bc5955 (nethermind_release)"
Sep 24 01:20:43.681 INF API: test ended suite=0 test=576 pass=false
Sep 24 01:20:43.682 INF API: test started suite=0 test=577 name="interop/_control/receipt/0x7a4a9d54552bc6b4b024a707408e6c304ead4f2de44a131ecb98c03998b1f153 (nethermind_release)"
Sep 24 01:20:43.684 INF API: test ended suite=0 test=577 pass=false
Sep 24 01:20:43.684 INF API: test started suite=0 test=578 name="interop/_control/receipt/0x87d8ef31d0d35ae040f2998b90fd61eeb04882b21f189c521bec5c3cefb416d2 (nethermind_release)"
Sep 24 01:20:43.687 INF API: test ended suite=0 test=578 pass=false
Sep 24 01:20:43.687 INF API: test started suite=0 test=579 name="interop/_control/receipt/0x894d679a5f0efe3beb6fa7e13b7c92c6c223c815f625a77be692533f73e21eb2 (nethermind_release)"
Sep 24 01:20:43.689 INF API: test ended suite=0 test=579 pass=false
Sep 24 01:20:43.690 INF API: test started suite=0 test=580 name="interop/_control/receipt/0xa23373d1e4fa559fc33ffb791665855530831c83d0c241ef6b2d3f46a5f448f4 (nethermind_release)"
Sep 24 01:20:43.692 INF API: test ended suite=0 test=580 pass=false
Sep 24 01:20:43.693 INF API: test started suite=0 test=581 name="interop/_control/receipt/0xa263812c1fe6b84efc195c1762cb0f4fccb198b1b5657df7b435e3343bcab1fa (nethermind_release)"
Sep 24 01:20:43.695 INF API: test ended suite=0 test=581 pass=false
Sep 24 01:20:43.696 INF API: test started suite=0 test=582 name="interop/_control/receipt/0xa7a765e9f45b0ddcc07a023677846e2bfeb53f68ebb3deb3bcbfda3a6754f803 (nethermind_release)"
Sep 24 01:20:43.699 INF API: test ended suite=0 test=582 pass=false
Sep 24 01:20:43.700 INF API: test started suite=0 test=583 name="interop/_control/receipt/0xcb6cc0f2c24bd58148d690e7c202ffffdc0ed017e2ca6e6a744d8d3698e38091 (nethermind_release)"
Sep 24 01:20:43.703 INF API: test ended suite=0 test=583 pass=false
Sep 24 01:20:43.704 INF API: test started suite=0 test=584 name="interop/_control/receipt/0xd29a6a56a495a4e78a91c5176cd643bd729df3c17253daf839e9b0921cb27bb7 (nethermind_release)"
Sep 24 01:20:43.707 INF API: test ended suite=0 test=584 pass=false
Sep 24 01:20:43.707 INF API: test started suite=0 test=585 name="interop/_control/receipt/0xd7822fd23594d52bc98493786233edb857cbeee469a3148b5780e076a53985db (nethermind_release)"
Sep 24 01:20:43.711 INF API: test ended suite=0 test=585 pass=false
Sep 24 01:20:43.713 INF API: test started suite=0 test=586 name="interop/_control/receipt/0xe4c4e6a9105669372c4eb7fe40af9f521ee1f58d6b0f73d85f32af95189c3876 (nethermind_release)"
Sep 24 01:20:43.715 INF API: test ended suite=0 test=586 pass=false
Sep 24 01:20:43.716 INF API: test started suite=0 test=587 name="interop/_control/receipt/0xedc4ae6e22147d1f6f417fb53747ccdd61ea8bf8bc04b6aa10b69c59187ac325 (nethermind_release)"
Sep 24 01:20:43.717 INF API: test ended suite=0 test=587 pass=false
Sep 24 01:20:43.718 INF API: test started suite=0 test=588 name="interop/_control/receipt/0xfaf95f0248bf8587ba17feda97333e872894f94ab3b418bfab84287e76d89b79 (nethermind_release)"
Sep 24 01:20:43.720 INF API: test ended suite=0 test=588 pass=false
Sep 24 01:20:43.722 INF API: test started suite=0 test=589 name="interop/_control/version (nethermind_release)"
Sep 24 01:20:43.725 INF API: test ended suite=0 test=589 pass=false
Sep 24 01:20:43.726 INF API: test started suite=0 test=590 name="interop/block-35 (nethermind_release)"
Sep 24 01:20:43.789 INF API: test ended suite=0 test=590 pass=false
Sep 24 01:20:43.790 INF API: test started suite=0 test=591 name="interop/block-36 (nethermind_release)"
Sep 24 01:20:43.796 INF API: test ended suite=0 test=591 pass=false
Sep 24 01:20:43.797 INF API: test started suite=0 test=592 name="interop/block-47 (nethermind_release)"
Sep 24 01:20:43.800 INF API: test ended suite=0 test=592 pass=false
Sep 24 01:20:43.801 INF API: test started suite=0 test=593 name="interop/block-48 (nethermind_release)"
Sep 24 01:20:43.803 INF API: test ended suite=0 test=593 pass=false
Sep 24 01:20:43.803 INF API: test started suite=0 test=594 name="interop/block-51 (nethermind_release)"
Sep 24 01:20:43.807 INF API: test ended suite=0 test=594 pass=false
Sep 24 01:20:43.808 INF API: test started suite=0 test=595 name="interop/block-52 (nethermind_release)"
Sep 24 01:20:43.809 INF API: test ended suite=0 test=595 pass=false
Sep 24 01:20:43.810 INF API: test started suite=0 test=596 name="interop/block-55 (nethermind_release)"
Sep 24 01:20:43.814 INF API: test ended suite=0 test=596 pass=false
Sep 24 01:20:43.815 INF API: test started suite=0 test=597 name="interop/block-56 (nethermind_release)"
Sep 24 01:20:43.818 INF API: test ended suite=0 test=597 pass=false
Sep 24 01:20:43.819 INF API: test started suite=0 test=598 name="interop/block-59 (nethermind_release)"
Sep 24 01:20:43.821 INF API: test ended suite=0 test=598 pass=false
Sep 24 01:20:43.821 INF API: test started suite=0 test=599 name="interop/block-60 (nethermind_release)"
Sep 24 01:20:43.826 INF API: test ended suite=0 test=599 pass=false
Sep 24 01:20:43.827 INF API: test started suite=0 test=600 name="interop/control-head (nethermind_release)"
Sep 24 01:20:43.828 INF API: test ended suite=0 test=600 pass=false
Sep 24 01:20:43.829 INF API: test started suite=0 test=601 name="interop/control-height (nethermind_release)"
Sep 24 01:20:43.836 INF API: test ended suite=0 test=601 pass=false
Sep 24 01:20:43.836 INF API: test started suite=0 test=602 name="interop/control-version (nethermind_release)"
Sep 24 01:20:43.837 INF API: test ended suite=0 test=602 pass=false
Sep 24 01:20:43.839 INF API: test started suite=0 test=603 name="interop/destroy-prestate-55 (nethermind_release)"
Sep 24 01:20:43.936 INF API: test ended suite=0 test=603 pass=false
Sep 24 01:20:43.937 INF API: test started suite=0 test=604 name="interop/destroy-prestate-56 (nethermind_release)"
Sep 24 01:20:43.941 INF API: test ended suite=0 test=604 pass=false
Sep 24 01:20:43.942 INF API: test started suite=0 test=605 name="interop/destroy-trace-55 (nethermind_release)"
Sep 24 01:20:43.980 INF API: test ended suite=0 test=605 pass=false
Sep 24 01:20:43.981 INF API: test started suite=0 test=606 name="interop/destroy-trace-56 (nethermind_release)"
Sep 24 01:20:43.984 INF API: test ended suite=0 test=606 pass=false
Sep 24 01:20:43.985 INF API: test started suite=0 test=607 name="interop/filter-35 (nethermind_release)"
Sep 24 01:20:43.992 INF API: test ended suite=0 test=607 pass=false
Sep 24 01:20:43.993 INF API: test started suite=0 test=608 name="interop/filter-36 (nethermind_release)"
Sep 24 01:20:43.996 INF API: test ended suite=0 test=608 pass=false
Sep 24 01:20:43.997 INF API: test started suite=0 test=609 name="interop/filter-47 (nethermind_release)"
Sep 24 01:20:44.000 INF API: test ended suite=0 test=609 pass=false
Sep 24 01:20:44.001 INF API: test started suite=0 test=610 name="interop/filter-48 (nethermind_release)"
Sep 24 01:20:44.004 INF API: test ended suite=0 test=610 pass=false
Sep 24 01:20:44.004 INF API: test started suite=0 test=611 name="interop/filter-51 (nethermind_release)"
Sep 24 01:20:44.007 INF API: test ended suite=0 test=611 pass=false
Sep 24 01:20:44.008 INF API: test started suite=0 test=612 name="interop/filter-52 (nethermind_release)"
Sep 24 01:20:44.010 INF API: test ended suite=0 test=612 pass=false
Sep 24 01:20:44.011 INF API: test started suite=0 test=613 name="interop/filter-55 (nethermind_release)"
Sep 24 01:20:44.013 INF API: test ended suite=0 test=613 pass=false
Sep 24 01:20:44.013 INF API: test started suite=0 test=614 name="interop/filter-56 (nethermind_release)"
Sep 24 01:20:44.016 INF API: test ended suite=0 test=614 pass=false
Sep 24 01:20:44.017 INF API: test started suite=0 test=615 name="interop/filter-59 (nethermind_release)"
Sep 24 01:20:44.019 INF API: test ended suite=0 test=615 pass=false
Sep 24 01:20:44.020 INF API: test started suite=0 test=616 name="interop/filter-60 (nethermind_release)"
Sep 24 01:20:44.023 INF API: test ended suite=0 test=616 pass=false
Sep 24 01:20:44.023 INF API: test started suite=0 test=617 name="interop/filter-across-36 (nethermind_release)"
Sep 24 01:20:44.027 INF API: test ended suite=0 test=617 pass=false
Sep 24 01:20:44.027 INF API: test started suite=0 test=618 name="interop/filter-across-48 (nethermind_release)"
Sep 24 01:20:44.030 INF API: test ended suite=0 test=618 pass=false
Sep 24 01:20:44.030 INF API: test started suite=0 test=619 name="interop/filter-across-52 (nethermind_release)"
Sep 24 01:20:44.034 INF API: test ended suite=0 test=619 pass=false
Sep 24 01:20:44.035 INF API: test started suite=0 test=620 name="interop/filter-across-56 (nethermind_release)"
Sep 24 01:20:44.039 INF API: test ended suite=0 test=620 pass=false
Sep 24 01:20:44.039 INF API: test started suite=0 test=621 name="interop/filter-across-60 (nethermind_release)"
Sep 24 01:20:44.044 INF API: test ended suite=0 test=621 pass=false
Sep 24 01:20:44.045 INF API: test started suite=0 test=622 name="interop/header-35 (nethermind_release)"
Sep 24 01:20:44.046 INF API: test ended suite=0 test=622 pass=false
Sep 24 01:20:44.047 INF API: test started suite=0 test=623 name="interop/header-36 (nethermind_release)"
Sep 24 01:20:44.050 INF API: test ended suite=0 test=623 pass=false
Sep 24 01:20:44.050 INF API: test started suite=0 test=624 name="interop/header-47 (nethermind_release)"
Sep 24 01:20:44.051 INF API: test ended suite=0 test=624 pass=false
Sep 24 01:20:44.052 INF API: test started suite=0 test=625 name="interop/header-48 (nethermind_release)"
Sep 24 01:20:44.054 INF API: test ended suite=0 test=625 pass=false
Sep 24 01:20:44.054 INF API: test started suite=0 test=626 name="interop/header-51 (nethermind_release)"
Sep 24 01:20:44.055 INF API: test ended suite=0 test=626 pass=false
Sep 24 01:20:44.056 INF API: test started suite=0 test=627 name="interop/header-52 (nethermind_release)"
Sep 24 01:20:44.058 INF API: test ended suite=0 test=627 pass=false
Sep 24 01:20:44.058 INF API: test started suite=0 test=628 name="interop/header-55 (nethermind_release)"
Sep 24 01:20:44.060 INF API: test ended suite=0 test=628 pass=false
Sep 24 01:20:44.061 INF API: test started suite=0 test=629 name="interop/header-56 (nethermind_release)"
Sep 24 01:20:44.063 INF API: test ended suite=0 test=629 pass=false
Sep 24 01:20:44.063 INF API: test started suite=0 test=630 name="interop/header-59 (nethermind_release)"
Sep 24 01:20:44.065 INF API: test ended suite=0 test=630 pass=false
Sep 24 01:20:44.066 INF API: test started suite=0 test=631 name="interop/header-60 (nethermind_release)"
Sep 24 01:20:44.068 INF API: test ended suite=0 test=631 pass=false
Sep 24 01:20:44.068 INF API: test started suite=0 test=632 name="interop/mcopy-prestate-55 (nethermind_release)"
Sep 24 01:20:44.072 INF API: test ended suite=0 test=632 pass=false
Sep 24 01:20:44.073 INF API: test started suite=0 test=633 name="interop/mcopy-prestate-56 (nethermind_release)"
Sep 24 01:20:44.075 INF API: test ended suite=0 test=633 pass=false
Sep 24 01:20:44.076 INF API: test started suite=0 test=634 name="interop/mcopy-trace-55 (nethermind_release)"
Sep 24 01:20:44.078 INF API: test ended suite=0 test=634 pass=false
Sep 24 01:20:44.079 INF API: test started suite=0 test=635 name="interop/mcopy-trace-56 (nethermind_release)"
Sep 24 01:20:44.081 INF API: test ended suite=0 test=635 pass=false
Sep 24 01:20:44.082 INF API: test started suite=0 test=636 name="interop/replay-35 (nethermind_release)"
Sep 24 01:20:44.095 INF API: test ended suite=0 test=636 pass=false
Sep 24 01:20:44.096 INF API: test started suite=0 test=637 name="interop/replay-36 (nethermind_release)"
Sep 24 01:20:44.100 INF API: test ended suite=0 test=637 pass=false
Sep 24 01:20:44.101 INF API: test started suite=0 test=638 name="interop/replay-47 (nethermind_release)"
Sep 24 01:20:44.103 INF API: test ended suite=0 test=638 pass=false
Sep 24 01:20:44.103 INF API: test started suite=0 test=639 name="interop/replay-48 (nethermind_release)"
Sep 24 01:20:44.106 INF API: test ended suite=0 test=639 pass=false
Sep 24 01:20:44.106 INF API: test started suite=0 test=640 name="interop/replay-51 (nethermind_release)"
Sep 24 01:20:44.110 INF API: test ended suite=0 test=640 pass=false
Sep 24 01:20:44.110 INF API: test started suite=0 test=641 name="interop/replay-52 (nethermind_release)"
Sep 24 01:20:44.113 INF API: test ended suite=0 test=641 pass=false
Sep 24 01:20:44.114 INF API: test started suite=0 test=642 name="interop/replay-55 (nethermind_release)"
Sep 24 01:20:44.116 INF API: test ended suite=0 test=642 pass=false
Sep 24 01:20:44.117 INF API: test started suite=0 test=643 name="interop/replay-56 (nethermind_release)"
Sep 24 01:20:44.120 INF API: test ended suite=0 test=643 pass=false
Sep 24 01:20:44.121 INF API: test started suite=0 test=644 name="interop/replay-59 (nethermind_release)"
Sep 24 01:20:44.123 INF API: test ended suite=0 test=644 pass=false
Sep 24 01:20:44.124 INF API: test started suite=0 test=645 name="interop/replay-60 (nethermind_release)"
Sep 24 01:20:44.130 INF API: test ended suite=0 test=645 pass=false
Sep 24 01:20:44.131 INF API: test started suite=0 test=646 name="interop/system-beacon-55-560 (nethermind_release)"
Sep 24 01:20:44.134 INF API: test ended suite=0 test=646 pass=false
Sep 24 01:20:44.135 INF API: test started suite=0 test=647 name="interop/system-beacon-55-8751 (nethermind_release)"
Sep 24 01:20:44.136 INF API: test ended suite=0 test=647 pass=false
Sep 24 01:20:44.137 INF API: test started suite=0 test=648 name="interop/system-beacon-56-560 (nethermind_release)"
Sep 24 01:20:44.138 INF API: test ended suite=0 test=648 pass=false
Sep 24 01:20:44.139 INF API: test started suite=0 test=649 name="interop/system-beacon-56-8751 (nethermind_release)"
Sep 24 01:20:44.141 INF API: test ended suite=0 test=649 pass=false
Sep 24 01:20:44.141 INF API: test started suite=0 test=650 name="interop/system-beacon-57-560 (nethermind_release)"
Sep 24 01:20:44.142 INF API: test ended suite=0 test=650 pass=false
Sep 24 01:20:44.143 INF API: test started suite=0 test=651 name="interop/system-beacon-57-8751 (nethermind_release)"
Sep 24 01:20:44.145 INF API: test ended suite=0 test=651 pass=false
Sep 24 01:20:44.405 INF API: test ended suite=0 test=559 pass=true
Sep 24 01:20:44.406 INF API: test started suite=0 test=652 name="client launch (reth_development)"
Sep 24 01:20:45.879 INF API: client reth_development started suite=0 test=652 container=59f94e89
Sep 24 01:20:45.886 INF API: test started suite=0 test=653 name="interop/_control/head (reth_development)"
Sep 24 01:20:45.902 INF API: test ended suite=0 test=653 pass=false
Sep 24 01:20:45.903 INF API: test started suite=0 test=654 name="interop/_control/latest (reth_development)"
Sep 24 01:20:45.914 INF API: test ended suite=0 test=654 pass=false
Sep 24 01:20:45.915 INF API: test started suite=0 test=655 name="interop/_control/receipt/0x03a4bc78840db70e9b34ed52a9b17a34d4c72011731e9d7c36c962cda16c5b17 (reth_development)"
Sep 24 01:20:45.917 INF API: test ended suite=0 test=655 pass=false
Sep 24 01:20:45.918 INF API: test started suite=0 test=656 name="interop/_control/receipt/0x0c68db54417efe088e4000b2c274e0ae72f58d3fb80be5274f4dde231fb0b53d (reth_development)"
Sep 24 01:20:45.920 INF API: test ended suite=0 test=656 pass=false
Sep 24 01:20:45.921 INF API: test started suite=0 test=657 name="interop/_control/receipt/0x1276cda02bb88cd6b116024f7eb9ad89ee88c24a3f929fc67642cf8eb060e4fc (reth_development)"
Sep 24 01:20:45.923 INF API: test ended suite=0 test=657 pass=false
Sep 24 01:20:45.924 INF API: test started suite=0 test=658 name="interop/_control/receipt/0x269517da790ccc02577056426570550beac8d70ec0c0a3f407a8ffea3d80acc0 (reth_development)"
Sep 24 01:20:45.928 INF API: test ended suite=0 test=658 pass=false
Sep 24 01:20:45.928 INF API: test started suite=0 test=659 name="interop/_control/receipt/0x2eeede94c04e0a644f532b31b9cb71387ba69a26323fed48fa3a7dae6eb23084 (reth_development)"
Sep 24 01:20:45.931 INF API: test ended suite=0 test=659 pass=false
Sep 24 01:20:45.932 INF API: test started suite=0 test=660 name="interop/_control/receipt/0x38287a4cde4cb8f1b78c6c29880a5721ddda573f6d15413753a1e0546b996c1d (reth_development)"
Sep 24 01:20:45.934 INF API: test ended suite=0 test=660 pass=false
Sep 24 01:20:45.936 INF API: test started suite=0 test=661 name="interop/_control/receipt/0x3af8b2d42d7d74bb5ce1c5e9043f767d0808e4a269784db66f09edeee022e4ec (reth_development)"
Sep 24 01:20:45.939 INF API: test ended suite=0 test=661 pass=false
Sep 24 01:20:45.940 INF API: test started suite=0 test=662 name="interop/_control/receipt/0x485156c6fb5117ef740b7f2fd07fa3b59aaa8f63268e2f6b55663a5e532bd2d5 (reth_development)"
Sep 24 01:20:45.942 INF API: test ended suite=0 test=662 pass=false
Sep 24 01:20:45.942 INF API: test started suite=0 test=663 name="interop/_control/receipt/0x49771ec1756a3196f6302d643791d97e345923ecb628472fe369a7895e3d9ef3 (reth_development)"
Sep 24 01:20:45.945 INF API: test ended suite=0 test=663 pass=false
Sep 24 01:20:45.946 INF API: test started suite=0 test=664 name="interop/_control/receipt/0x4ba8c63a6eb76028beb54b621d0aebcb4408b53cfe3221a03426c5d5940d5107 (reth_development)"
Sep 24 01:20:45.948 INF API: test ended suite=0 test=664 pass=false
Sep 24 01:20:45.949 INF API: test started suite=0 test=665 name="interop/_control/receipt/0x4cd560128a9866daaeb440cc4bd884d87396ad816188b6a097af17350fdef754 (reth_development)"
Sep 24 01:20:45.951 INF API: test ended suite=0 test=665 pass=false
Sep 24 01:20:45.952 INF API: test started suite=0 test=666 name="interop/_control/receipt/0x5f8744bbc1ccfe48c9c5d0dc5003a7578289376fca7ca6c58b133b36e8e9029b (reth_development)"
Sep 24 01:20:45.954 INF API: test ended suite=0 test=666 pass=false
Sep 24 01:20:45.955 INF API: test started suite=0 test=667 name="interop/_control/receipt/0x63debd7bcab14a95198660dfe794ca12fd2a34b24f780dd7572c55f2a58735b3 (reth_development)"
Sep 24 01:20:45.957 INF API: test ended suite=0 test=667 pass=false
Sep 24 01:20:45.958 INF API: test started suite=0 test=668 name="interop/_control/receipt/0x6d172e7e8ec79c2f0c2e8c935a52ff48a3d39e20759767badf37fed372fbae77 (reth_development)"
Sep 24 01:20:45.959 INF API: test ended suite=0 test=668 pass=false
Sep 24 01:20:45.960 INF API: test started suite=0 test=669 name="interop/_control/receipt/0x76430fba1b629206573ad53847b0bc7e9f80161b0e79750803715a8fb1bc5955 (reth_development)"
Sep 24 01:20:45.962 INF API: test ended suite=0 test=669 pass=false
Sep 24 01:20:45.963 INF API: test started suite=0 test=670 name="interop/_control/receipt/0x7a4a9d54552bc6b4b024a707408e6c304ead4f2de44a131ecb98c03998b1f153 (reth_development)"
Sep 24 01:20:45.964 INF API: test ended suite=0 test=670 pass=false
Sep 24 01:20:45.966 INF API: test started suite=0 test=671 name="interop/_control/receipt/0x87d8ef31d0d35ae040f2998b90fd61eeb04882b21f189c521bec5c3cefb416d2 (reth_development)"
Sep 24 01:20:45.967 INF API: test ended suite=0 test=671 pass=false
Sep 24 01:20:45.968 INF API: test started suite=0 test=672 name="interop/_control/receipt/0x894d679a5f0efe3beb6fa7e13b7c92c6c223c815f625a77be692533f73e21eb2 (reth_development)"
Sep 24 01:20:45.971 INF API: test ended suite=0 test=672 pass=false
Sep 24 01:20:45.971 INF API: test started suite=0 test=673 name="interop/_control/receipt/0xa23373d1e4fa559fc33ffb791665855530831c83d0c241ef6b2d3f46a5f448f4 (reth_development)"
Sep 24 01:20:45.973 INF API: test ended suite=0 test=673 pass=false
Sep 24 01:20:45.974 INF API: test started suite=0 test=674 name="interop/_control/receipt/0xa263812c1fe6b84efc195c1762cb0f4fccb198b1b5657df7b435e3343bcab1fa (reth_development)"
Sep 24 01:20:45.976 INF API: test ended suite=0 test=674 pass=false
Sep 24 01:20:45.977 INF API: test started suite=0 test=675 name="interop/_control/receipt/0xa7a765e9f45b0ddcc07a023677846e2bfeb53f68ebb3deb3bcbfda3a6754f803 (reth_development)"
Sep 24 01:20:45.978 INF API: test ended suite=0 test=675 pass=false
Sep 24 01:20:45.979 INF API: test started suite=0 test=676 name="interop/_control/receipt/0xcb6cc0f2c24bd58148d690e7c202ffffdc0ed017e2ca6e6a744d8d3698e38091 (reth_development)"
Sep 24 01:20:45.982 INF API: test ended suite=0 test=676 pass=false
Sep 24 01:20:45.982 INF API: test started suite=0 test=677 name="interop/_control/receipt/0xd29a6a56a495a4e78a91c5176cd643bd729df3c17253daf839e9b0921cb27bb7 (reth_development)"
Sep 24 01:20:45.985 INF API: test ended suite=0 test=677 pass=false
Sep 24 01:20:45.986 INF API: test started suite=0 test=678 name="interop/_control/receipt/0xd7822fd23594d52bc98493786233edb857cbeee469a3148b5780e076a53985db (reth_development)"
Sep 24 01:20:45.987 INF API: test ended suite=0 test=678 pass=false
Sep 24 01:20:45.987 INF API: test started suite=0 test=679 name="interop/_control/receipt/0xe4c4e6a9105669372c4eb7fe40af9f521ee1f58d6b0f73d85f32af95189c3876 (reth_development)"
Sep 24 01:20:45.989 INF API: test ended suite=0 test=679 pass=false
Sep 24 01:20:45.990 INF API: test started suite=0 test=680 name="interop/_control/receipt/0xedc4ae6e22147d1f6f417fb53747ccdd61ea8bf8bc04b6aa10b69c59187ac325 (reth_development)"
Sep 24 01:20:45.991 INF API: test ended suite=0 test=680 pass=false
Sep 24 01:20:45.992 INF API: test started suite=0 test=681 name="interop/_control/receipt/0xfaf95f0248bf8587ba17feda97333e872894f94ab3b418bfab84287e76d89b79 (reth_development)"
Sep 24 01:20:45.994 INF API: test ended suite=0 test=681 pass=false
Sep 24 01:20:45.995 INF API: test started suite=0 test=682 name="interop/_control/version (reth_development)"
Sep 24 01:20:45.997 INF API: test ended suite=0 test=682 pass=false
Sep 24 01:20:45.998 INF API: test started suite=0 test=683 name="interop/block-35 (reth_development)"
Sep 24 01:20:46.000 INF API: test ended suite=0 test=683 pass=false
Sep 24 01:20:46.001 INF API: test started suite=0 test=684 name="interop/block-36 (reth_development)"
Sep 24 01:20:46.003 INF API: test ended suite=0 test=684 pass=false
Sep 24 01:20:46.003 INF API: test started suite=0 test=685 name="interop/block-47 (reth_development)"
Sep 24 01:20:46.005 INF API: test ended suite=0 test=685 pass=false
Sep 24 01:20:46.006 INF API: test started suite=0 test=686 name="interop/block-48 (reth_development)"
Sep 24 01:20:46.008 INF API: test ended suite=0 test=686 pass=false
Sep 24 01:20:46.009 INF API: test started suite=0 test=687 name="interop/block-51 (reth_development)"
Sep 24 01:20:46.011 INF API: test ended suite=0 test=687 pass=false
Sep 24 01:20:46.012 INF API: test started suite=0 test=688 name="interop/block-52 (reth_development)"
Sep 24 01:20:46.013 INF API: test ended suite=0 test=688 pass=false
Sep 24 01:20:46.014 INF API: test started suite=0 test=689 name="interop/block-55 (reth_development)"
Sep 24 01:20:46.015 INF API: test ended suite=0 test=689 pass=false
Sep 24 01:20:46.016 INF API: test started suite=0 test=690 name="interop/block-56 (reth_development)"
Sep 24 01:20:46.018 INF API: test ended suite=0 test=690 pass=false
Sep 24 01:20:46.019 INF API: test started suite=0 test=691 name="interop/block-59 (reth_development)"
Sep 24 01:20:46.021 INF API: test ended suite=0 test=691 pass=false
Sep 24 01:20:46.021 INF API: test started suite=0 test=692 name="interop/block-60 (reth_development)"
Sep 24 01:20:46.025 INF API: test ended suite=0 test=692 pass=false
Sep 24 01:20:46.025 INF API: test started suite=0 test=693 name="interop/control-head (reth_development)"
Sep 24 01:20:46.027 INF API: test ended suite=0 test=693 pass=false
Sep 24 01:20:46.027 INF API: test started suite=0 test=694 name="interop/control-height (reth_development)"
Sep 24 01:20:46.029 INF API: test ended suite=0 test=694 pass=false
Sep 24 01:20:46.029 INF API: test started suite=0 test=695 name="interop/control-version (reth_development)"
Sep 24 01:20:46.030 INF API: test ended suite=0 test=695 pass=false
Sep 24 01:20:46.030 INF API: test started suite=0 test=696 name="interop/destroy-prestate-55 (reth_development)"
Sep 24 01:20:46.032 INF API: test ended suite=0 test=696 pass=false
Sep 24 01:20:46.033 INF API: test started suite=0 test=697 name="interop/destroy-prestate-56 (reth_development)"
Sep 24 01:20:46.035 INF API: test ended suite=0 test=697 pass=false
Sep 24 01:20:46.035 INF API: test started suite=0 test=698 name="interop/destroy-trace-55 (reth_development)"
Sep 24 01:20:46.037 INF API: test ended suite=0 test=698 pass=false
Sep 24 01:20:46.038 INF API: test started suite=0 test=699 name="interop/destroy-trace-56 (reth_development)"
Sep 24 01:20:46.040 INF API: test ended suite=0 test=699 pass=false
Sep 24 01:20:46.040 INF API: test started suite=0 test=700 name="interop/filter-35 (reth_development)"
Sep 24 01:20:46.042 INF API: test ended suite=0 test=700 pass=false
Sep 24 01:20:46.043 INF API: test started suite=0 test=701 name="interop/filter-36 (reth_development)"
Sep 24 01:20:46.045 INF API: test ended suite=0 test=701 pass=false
Sep 24 01:20:46.046 INF API: test started suite=0 test=702 name="interop/filter-47 (reth_development)"
Sep 24 01:20:46.047 INF API: test ended suite=0 test=702 pass=false
Sep 24 01:20:46.048 INF API: test started suite=0 test=703 name="interop/filter-48 (reth_development)"
Sep 24 01:20:46.049 INF API: test ended suite=0 test=703 pass=false
Sep 24 01:20:46.050 INF API: test started suite=0 test=704 name="interop/filter-51 (reth_development)"
Sep 24 01:20:46.052 INF API: test ended suite=0 test=704 pass=false
Sep 24 01:20:46.053 INF API: test started suite=0 test=705 name="interop/filter-52 (reth_development)"
Sep 24 01:20:46.054 INF API: test ended suite=0 test=705 pass=false
Sep 24 01:20:46.055 INF API: test started suite=0 test=706 name="interop/filter-55 (reth_development)"
Sep 24 01:20:46.056 INF API: test ended suite=0 test=706 pass=false
Sep 24 01:20:46.057 INF API: test started suite=0 test=707 name="interop/filter-56 (reth_development)"
Sep 24 01:20:46.059 INF API: test ended suite=0 test=707 pass=false
Sep 24 01:20:46.060 INF API: test started suite=0 test=708 name="interop/filter-59 (reth_development)"
Sep 24 01:20:46.062 INF API: test ended suite=0 test=708 pass=false
Sep 24 01:20:46.063 INF API: test started suite=0 test=709 name="interop/filter-60 (reth_development)"
Sep 24 01:20:46.065 INF API: test ended suite=0 test=709 pass=false
Sep 24 01:20:46.066 INF API: test started suite=0 test=710 name="interop/filter-across-36 (reth_development)"
Sep 24 01:20:46.068 INF API: test ended suite=0 test=710 pass=false
Sep 24 01:20:46.069 INF API: test started suite=0 test=711 name="interop/filter-across-48 (reth_development)"
Sep 24 01:20:46.071 INF API: test ended suite=0 test=711 pass=false
Sep 24 01:20:46.072 INF API: test started suite=0 test=712 name="interop/filter-across-52 (reth_development)"
Sep 24 01:20:46.075 INF API: test ended suite=0 test=712 pass=false
Sep 24 01:20:46.076 INF API: test started suite=0 test=713 name="interop/filter-across-56 (reth_development)"
Sep 24 01:20:46.077 INF API: test ended suite=0 test=713 pass=false
Sep 24 01:20:46.078 INF API: test started suite=0 test=714 name="interop/filter-across-60 (reth_development)"
Sep 24 01:20:46.080 INF API: test ended suite=0 test=714 pass=false
Sep 24 01:20:46.081 INF API: test started suite=0 test=715 name="interop/header-35 (reth_development)"
Sep 24 01:20:46.082 INF API: test ended suite=0 test=715 pass=false
Sep 24 01:20:46.083 INF API: test started suite=0 test=716 name="interop/header-36 (reth_development)"
Sep 24 01:20:46.084 INF API: test ended suite=0 test=716 pass=false
Sep 24 01:20:46.085 INF API: test started suite=0 test=717 name="interop/header-47 (reth_development)"
Sep 24 01:20:46.088 INF API: test ended suite=0 test=717 pass=false
Sep 24 01:20:46.089 INF API: test started suite=0 test=718 name="interop/header-48 (reth_development)"
Sep 24 01:20:46.090 INF API: test ended suite=0 test=718 pass=false
Sep 24 01:20:46.091 INF API: test started suite=0 test=719 name="interop/header-51 (reth_development)"
Sep 24 01:20:46.093 INF API: test ended suite=0 test=719 pass=false
Sep 24 01:20:46.093 INF API: test started suite=0 test=720 name="interop/header-52 (reth_development)"
Sep 24 01:20:46.095 INF API: test ended suite=0 test=720 pass=false
Sep 24 01:20:46.095 INF API: test started suite=0 test=721 name="interop/header-55 (reth_development)"
Sep 24 01:20:46.097 INF API: test ended suite=0 test=721 pass=false
Sep 24 01:20:46.097 INF API: test started suite=0 test=722 name="interop/header-56 (reth_development)"
Sep 24 01:20:46.099 INF API: test ended suite=0 test=722 pass=false
Sep 24 01:20:46.100 INF API: test started suite=0 test=723 name="interop/header-59 (reth_development)"
Sep 24 01:20:46.101 INF API: test ended suite=0 test=723 pass=false
Sep 24 01:20:46.102 INF API: test started suite=0 test=724 name="interop/header-60 (reth_development)"
Sep 24 01:20:46.104 INF API: test ended suite=0 test=724 pass=false
Sep 24 01:20:46.104 INF API: test started suite=0 test=725 name="interop/mcopy-prestate-55 (reth_development)"
Sep 24 01:20:46.106 INF API: test ended suite=0 test=725 pass=false
Sep 24 01:20:46.106 INF API: test started suite=0 test=726 name="interop/mcopy-prestate-56 (reth_development)"
Sep 24 01:20:46.108 INF API: test ended suite=0 test=726 pass=false
Sep 24 01:20:46.109 INF API: test started suite=0 test=727 name="interop/mcopy-trace-55 (reth_development)"
Sep 24 01:20:46.111 INF API: test ended suite=0 test=727 pass=false
Sep 24 01:20:46.112 INF API: test started suite=0 test=728 name="interop/mcopy-trace-56 (reth_development)"
Sep 24 01:20:46.113 INF API: test ended suite=0 test=728 pass=false
Sep 24 01:20:46.114 INF API: test started suite=0 test=729 name="interop/replay-35 (reth_development)"
Sep 24 01:20:46.116 INF API: test ended suite=0 test=729 pass=false
Sep 24 01:20:46.117 INF API: test started suite=0 test=730 name="interop/replay-36 (reth_development)"
Sep 24 01:20:46.118 INF API: test ended suite=0 test=730 pass=false
Sep 24 01:20:46.119 INF API: test started suite=0 test=731 name="interop/replay-47 (reth_development)"
Sep 24 01:20:46.122 INF API: test ended suite=0 test=731 pass=false
Sep 24 01:20:46.123 INF API: test started suite=0 test=732 name="interop/replay-48 (reth_development)"
Sep 24 01:20:46.124 INF API: test ended suite=0 test=732 pass=false
Sep 24 01:20:46.125 INF API: test started suite=0 test=733 name="interop/replay-51 (reth_development)"
Sep 24 01:20:46.127 INF API: test ended suite=0 test=733 pass=false
Sep 24 01:20:46.128 INF API: test started suite=0 test=734 name="interop/replay-52 (reth_development)"
Sep 24 01:20:46.129 INF API: test ended suite=0 test=734 pass=false
Sep 24 01:20:46.130 INF API: test started suite=0 test=735 name="interop/replay-55 (reth_development)"
Sep 24 01:20:46.132 INF API: test ended suite=0 test=735 pass=false
Sep 24 01:20:46.133 INF API: test started suite=0 test=736 name="interop/replay-56 (reth_development)"
Sep 24 01:20:46.136 INF API: test ended suite=0 test=736 pass=false
Sep 24 01:20:46.137 INF API: test started suite=0 test=737 name="interop/replay-59 (reth_development)"
Sep 24 01:20:46.139 INF API: test ended suite=0 test=737 pass=false
Sep 24 01:20:46.140 INF API: test started suite=0 test=738 name="interop/replay-60 (reth_development)"
Sep 24 01:20:46.142 INF API: test ended suite=0 test=738 pass=false
Sep 24 01:20:46.143 INF API: test started suite=0 test=739 name="interop/system-beacon-55-560 (reth_development)"
Sep 24 01:20:46.145 INF API: test ended suite=0 test=739 pass=false
Sep 24 01:20:46.146 INF API: test started suite=0 test=740 name="interop/system-beacon-55-8751 (reth_development)"
Sep 24 01:20:46.147 INF API: test ended suite=0 test=740 pass=false
Sep 24 01:20:46.148 INF API: test started suite=0 test=741 name="interop/system-beacon-56-560 (reth_development)"
Sep 24 01:20:46.149 INF API: test ended suite=0 test=741 pass=false
Sep 24 01:20:46.150 INF API: test started suite=0 test=742 name="interop/system-beacon-56-8751 (reth_development)"
Sep 24 01:20:46.151 INF API: test ended suite=0 test=742 pass=false
Sep 24 01:20:46.152 INF API: test started suite=0 test=743 name="interop/system-beacon-57-560 (reth_development)"
Sep 24 01:20:46.153 INF API: test ended suite=0 test=743 pass=false
Sep 24 01:20:46.154 INF API: test started suite=0 test=744 name="interop/system-beacon-57-8751 (reth_development)"
Sep 24 01:20:46.156 INF API: test ended suite=0 test=744 pass=false
Sep 24 01:20:46.349 INF API: test ended suite=0 test=652 pass=true
Sep 24 01:20:46.350 INF API: test started suite=0 test=745 name="client launch (reth_release)"
Sep 24 01:20:47.089 INF API: client reth_release started suite=0 test=745 container=214cfebd
Sep 24 01:20:47.097 INF API: test started suite=0 test=746 name="interop/_control/head (reth_release)"
Sep 24 01:20:47.100 INF API: test ended suite=0 test=746 pass=false
Sep 24 01:20:47.101 INF API: test started suite=0 test=747 name="interop/_control/latest (reth_release)"
Sep 24 01:20:47.104 INF API: test ended suite=0 test=747 pass=false
Sep 24 01:20:47.105 INF API: test started suite=0 test=748 name="interop/_control/receipt/0x03a4bc78840db70e9b34ed52a9b17a34d4c72011731e9d7c36c962cda16c5b17 (reth_release)"
Sep 24 01:20:47.109 INF API: test ended suite=0 test=748 pass=false
Sep 24 01:20:47.110 INF API: test started suite=0 test=749 name="interop/_control/receipt/0x0c68db54417efe088e4000b2c274e0ae72f58d3fb80be5274f4dde231fb0b53d (reth_release)"
Sep 24 01:20:47.114 INF API: test ended suite=0 test=749 pass=false
Sep 24 01:20:47.114 INF API: test started suite=0 test=750 name="interop/_control/receipt/0x1276cda02bb88cd6b116024f7eb9ad89ee88c24a3f929fc67642cf8eb060e4fc (reth_release)"
Sep 24 01:20:47.118 INF API: test ended suite=0 test=750 pass=false
Sep 24 01:20:47.119 INF API: test started suite=0 test=751 name="interop/_control/receipt/0x269517da790ccc02577056426570550beac8d70ec0c0a3f407a8ffea3d80acc0 (reth_release)"
Sep 24 01:20:47.122 INF API: test ended suite=0 test=751 pass=false
Sep 24 01:20:47.123 INF API: test started suite=0 test=752 name="interop/_control/receipt/0x2eeede94c04e0a644f532b31b9cb71387ba69a26323fed48fa3a7dae6eb23084 (reth_release)"
Sep 24 01:20:47.126 INF API: test ended suite=0 test=752 pass=false
Sep 24 01:20:47.126 INF API: test started suite=0 test=753 name="interop/_control/receipt/0x38287a4cde4cb8f1b78c6c29880a5721ddda573f6d15413753a1e0546b996c1d (reth_release)"
Sep 24 01:20:47.129 INF API: test ended suite=0 test=753 pass=false
Sep 24 01:20:47.130 INF API: test started suite=0 test=754 name="interop/_control/receipt/0x3af8b2d42d7d74bb5ce1c5e9043f767d0808e4a269784db66f09edeee022e4ec (reth_release)"
Sep 24 01:20:47.133 INF API: test ended suite=0 test=754 pass=false
Sep 24 01:20:47.134 INF API: test started suite=0 test=755 name="interop/_control/receipt/0x485156c6fb5117ef740b7f2fd07fa3b59aaa8f63268e2f6b55663a5e532bd2d5 (reth_release)"
Sep 24 01:20:47.136 INF API: test ended suite=0 test=755 pass=false
Sep 24 01:20:47.137 INF API: test started suite=0 test=756 name="interop/_control/receipt/0x49771ec1756a3196f6302d643791d97e345923ecb628472fe369a7895e3d9ef3 (reth_release)"
Sep 24 01:20:47.140 INF API: test ended suite=0 test=756 pass=false
Sep 24 01:20:47.141 INF API: test started suite=0 test=757 name="interop/_control/receipt/0x4ba8c63a6eb76028beb54b621d0aebcb4408b53cfe3221a03426c5d5940d5107 (reth_release)"
Sep 24 01:20:47.143 INF API: test ended suite=0 test=757 pass=false
Sep 24 01:20:47.144 INF API: test started suite=0 test=758 name="interop/_control/receipt/0x4cd560128a9866daaeb440cc4bd884d87396ad816188b6a097af17350fdef754 (reth_release)"
Sep 24 01:20:47.147 INF API: test ended suite=0 test=758 pass=false
Sep 24 01:20:47.148 INF API: test started suite=0 test=759 name="interop/_control/receipt/0x5f8744bbc1ccfe48c9c5d0dc5003a7578289376fca7ca6c58b133b36e8e9029b (reth_release)"
Sep 24 01:20:47.150 INF API: test ended suite=0 test=759 pass=false
Sep 24 01:20:47.151 INF API: test started suite=0 test=760 name="interop/_control/receipt/0x63debd7bcab14a95198660dfe794ca12fd2a34b24f780dd7572c55f2a58735b3 (reth_release)"
Sep 24 01:20:47.154 INF API: test ended suite=0 test=760 pass=false
Sep 24 01:20:47.154 INF API: test started suite=0 test=761 name="interop/_control/receipt/0x6d172e7e8ec79c2f0c2e8c935a52ff48a3d39e20759767badf37fed372fbae77 (reth_release)"
Sep 24 01:20:47.157 INF API: test ended suite=0 test=761 pass=false
Sep 24 01:20:47.158 INF API: test started suite=0 test=762 name="interop/_control/receipt/0x76430fba1b629206573ad53847b0bc7e9f80161b0e79750803715a8fb1bc5955 (reth_release)"
Sep 24 01:20:47.160 INF API: test ended suite=0 test=762 pass=false
Sep 24 01:20:47.161 INF API: test started suite=0 test=763 name="interop/_control/receipt/0x7a4a9d54552bc6b4b024a707408e6c304ead4f2de44a131ecb98c03998b1f153 (reth_release)"
Sep 24 01:20:47.164 INF API: test ended suite=0 test=763 pass=false
Sep 24 01:20:47.165 INF API: test started suite=0 test=764 name="interop/_control/receipt/0x87d8ef31d0d35ae040f2998b90fd61eeb04882b21f189c521bec5c3cefb416d2 (reth_release)"
Sep 24 01:20:47.167 INF API: test ended suite=0 test=764 pass=false
Sep 24 01:20:47.168 INF API: test started suite=0 test=765 name="interop/_control/receipt/0x894d679a5f0efe3beb6fa7e13b7c92c6c223c815f625a77be692533f73e21eb2 (reth_release)"
Sep 24 01:20:47.170 INF API: test ended suite=0 test=765 pass=false
Sep 24 01:20:47.171 INF API: test started suite=0 test=766 name="interop/_control/receipt/0xa23373d1e4fa559fc33ffb791665855530831c83d0c241ef6b2d3f46a5f448f4 (reth_release)"
Sep 24 01:20:47.173 INF API: test ended suite=0 test=766 pass=false
Sep 24 01:20:47.174 INF API: test started suite=0 test=767 name="interop/_control/receipt/0xa263812c1fe6b84efc195c1762cb0f4fccb198b1b5657df7b435e3343bcab1fa (reth_release)"
Sep 24 01:20:47.177 INF API: test ended suite=0 test=767 pass=false
Sep 24 01:20:47.177 INF API: test started suite=0 test=768 name="interop/_control/receipt/0xa7a765e9f45b0ddcc07a023677846e2bfeb53f68ebb3deb3bcbfda3a6754f803 (reth_release)"
Sep 24 01:20:47.180 INF API: test ended suite=0 test=768 pass=false
Sep 24 01:20:47.181 INF API: test started suite=0 test=769 name="interop/_control/receipt/0xcb6cc0f2c24bd58148d690e7c202ffffdc0ed017e2ca6e6a744d8d3698e38091 (reth_release)"
Sep 24 01:20:47.183 INF API: test ended suite=0 test=769 pass=false
Sep 24 01:20:47.184 INF API: test started suite=0 test=770 name="interop/_control/receipt/0xd29a6a56a495a4e78a91c5176cd643bd729df3c17253daf839e9b0921cb27bb7 (reth_release)"
Sep 24 01:20:47.187 INF API: test ended suite=0 test=770 pass=false
Sep 24 01:20:47.188 INF API: test started suite=0 test=771 name="interop/_control/receipt/0xd7822fd23594d52bc98493786233edb857cbeee469a3148b5780e076a53985db (reth_release)"
Sep 24 01:20:47.191 INF API: test ended suite=0 test=771 pass=false
Sep 24 01:20:47.192 INF API: test started suite=0 test=772 name="interop/_control/receipt/0xe4c4e6a9105669372c4eb7fe40af9f521ee1f58d6b0f73d85f32af95189c3876 (reth_release)"
Sep 24 01:20:47.194 INF API: test ended suite=0 test=772 pass=false
Sep 24 01:20:47.195 INF API: test started suite=0 test=773 name="interop/_control/receipt/0xedc4ae6e22147d1f6f417fb53747ccdd61ea8bf8bc04b6aa10b69c59187ac325 (reth_release)"
Sep 24 01:20:47.197 INF API: test ended suite=0 test=773 pass=false
Sep 24 01:20:47.198 INF API: test started suite=0 test=774 name="interop/_control/receipt/0xfaf95f0248bf8587ba17feda97333e872894f94ab3b418bfab84287e76d89b79 (reth_release)"
Sep 24 01:20:47.201 INF API: test ended suite=0 test=774 pass=false
Sep 24 01:20:47.201 INF API: test started suite=0 test=775 name="interop/_control/version (reth_release)"
Sep 24 01:20:47.204 INF API: test ended suite=0 test=775 pass=false
Sep 24 01:20:47.205 INF API: test started suite=0 test=776 name="interop/block-35 (reth_release)"
Sep 24 01:20:47.208 INF API: test ended suite=0 test=776 pass=false
Sep 24 01:20:47.209 INF API: test started suite=0 test=777 name="interop/block-36 (reth_release)"
Sep 24 01:20:47.212 INF API: test ended suite=0 test=777 pass=false
Sep 24 01:20:47.213 INF API: test started suite=0 test=778 name="interop/block-47 (reth_release)"
Sep 24 01:20:47.216 INF API: test ended suite=0 test=778 pass=false
Sep 24 01:20:47.217 INF API: test started suite=0 test=779 name="interop/block-48 (reth_release)"
Sep 24 01:20:47.219 INF API: test ended suite=0 test=779 pass=false
Sep 24 01:20:47.220 INF API: test started suite=0 test=780 name="interop/block-51 (reth_release)"
Sep 24 01:20:47.222 INF API: test ended suite=0 test=780 pass=false
Sep 24 01:20:47.223 INF API: test started suite=0 test=781 name="interop/block-52 (reth_release)"
Sep 24 01:20:47.226 INF API: test ended suite=0 test=781 pass=false
Sep 24 01:20:47.226 INF API: test started suite=0 test=782 name="interop/block-55 (reth_release)"
Sep 24 01:20:47.229 INF API: test ended suite=0 test=782 pass=false
Sep 24 01:20:47.230 INF API: test started suite=0 test=783 name="interop/block-56 (reth_release)"
Sep 24 01:20:47.233 INF API: test ended suite=0 test=783 pass=false
Sep 24 01:20:47.234 INF API: test started suite=0 test=784 name="interop/block-59 (reth_release)"
Sep 24 01:20:47.236 INF API: test ended suite=0 test=784 pass=false
Sep 24 01:20:47.237 INF API: test started suite=0 test=785 name="interop/block-60 (reth_release)"
Sep 24 01:20:47.240 INF API: test ended suite=0 test=785 pass=false
Sep 24 01:20:47.240 INF API: test started suite=0 test=786 name="interop/control-head (reth_release)"
Sep 24 01:20:47.242 INF API: test ended suite=0 test=786 pass=false
Sep 24 01:20:47.243 INF API: test started suite=0 test=787 name="interop/control-height (reth_release)"
Sep 24 01:20:47.245 INF API: test ended suite=0 test=787 pass=false
Sep 24 01:20:47.246 INF API: test started suite=0 test=788 name="interop/control-version (reth_release)"
Sep 24 01:20:47.249 INF API: test ended suite=0 test=788 pass=false
Sep 24 01:20:47.249 INF API: test started suite=0 test=789 name="interop/destroy-prestate-55 (reth_release)"
Sep 24 01:20:47.252 INF API: test ended suite=0 test=789 pass=false
Sep 24 01:20:47.253 INF API: test started suite=0 test=790 name="interop/destroy-prestate-56 (reth_release)"
Sep 24 01:20:47.255 INF API: test ended suite=0 test=790 pass=false
Sep 24 01:20:47.256 INF API: test started suite=0 test=791 name="interop/destroy-trace-55 (reth_release)"
Sep 24 01:20:47.259 INF API: test ended suite=0 test=791 pass=false
Sep 24 01:20:47.259 INF API: test started suite=0 test=792 name="interop/destroy-trace-56 (reth_release)"
Sep 24 01:20:47.262 INF API: test ended suite=0 test=792 pass=false
Sep 24 01:20:47.263 INF API: test started suite=0 test=793 name="interop/filter-35 (reth_release)"
Sep 24 01:20:47.266 INF API: test ended suite=0 test=793 pass=false
Sep 24 01:20:47.267 INF API: test started suite=0 test=794 name="interop/filter-36 (reth_release)"
Sep 24 01:20:47.270 INF API: test ended suite=0 test=794 pass=false
Sep 24 01:20:47.270 INF API: test started suite=0 test=795 name="interop/filter-47 (reth_release)"
Sep 24 01:20:47.273 INF API: test ended suite=0 test=795 pass=false
Sep 24 01:20:47.273 INF API: test started suite=0 test=796 name="interop/filter-48 (reth_release)"
Sep 24 01:20:47.276 INF API: test ended suite=0 test=796 pass=false
Sep 24 01:20:47.277 INF API: test started suite=0 test=797 name="interop/filter-51 (reth_release)"
Sep 24 01:20:47.279 INF API: test ended suite=0 test=797 pass=false
Sep 24 01:20:47.280 INF API: test started suite=0 test=798 name="interop/filter-52 (reth_release)"
Sep 24 01:20:47.283 INF API: test ended suite=0 test=798 pass=false
Sep 24 01:20:47.284 INF API: test started suite=0 test=799 name="interop/filter-55 (reth_release)"
Sep 24 01:20:47.286 INF API: test ended suite=0 test=799 pass=false
Sep 24 01:20:47.287 INF API: test started suite=0 test=800 name="interop/filter-56 (reth_release)"
Sep 24 01:20:47.292 INF API: test ended suite=0 test=800 pass=false
Sep 24 01:20:47.293 INF API: test started suite=0 test=801 name="interop/filter-59 (reth_release)"
Sep 24 01:20:47.295 INF API: test ended suite=0 test=801 pass=false
Sep 24 01:20:47.296 INF API: test started suite=0 test=802 name="interop/filter-60 (reth_release)"
Sep 24 01:20:47.299 INF API: test ended suite=0 test=802 pass=false
Sep 24 01:20:47.300 INF API: test started suite=0 test=803 name="interop/filter-across-36 (reth_release)"
Sep 24 01:20:47.303 INF API: test ended suite=0 test=803 pass=false
Sep 24 01:20:47.304 INF API: test started suite=0 test=804 name="interop/filter-across-48 (reth_release)"
Sep 24 01:20:47.307 INF API: test ended suite=0 test=804 pass=false
Sep 24 01:20:47.308 INF API: test started suite=0 test=805 name="interop/filter-across-52 (reth_release)"
Sep 24 01:20:47.311 INF API: test ended suite=0 test=805 pass=false
Sep 24 01:20:47.312 INF API: test started suite=0 test=806 name="interop/filter-across-56 (reth_release)"
Sep 24 01:20:47.315 INF API: test ended suite=0 test=806 pass=false
Sep 24 01:20:47.315 INF API: test started suite=0 test=807 name="interop/filter-across-60 (reth_release)"
Sep 24 01:20:47.318 INF API: test ended suite=0 test=807 pass=false
Sep 24 01:20:47.319 INF API: test started suite=0 test=808 name="interop/header-35 (reth_release)"
Sep 24 01:20:47.322 INF API: test ended suite=0 test=808 pass=false
Sep 24 01:20:47.322 INF API: test started suite=0 test=809 name="interop/header-36 (reth_release)"
Sep 24 01:20:47.326 INF API: test ended suite=0 test=809 pass=false
Sep 24 01:20:47.326 INF API: test started suite=0 test=810 name="interop/header-47 (reth_release)"
Sep 24 01:20:47.329 INF API: test ended suite=0 test=810 pass=false
Sep 24 01:20:47.329 INF API: test started suite=0 test=811 name="interop/header-48 (reth_release)"
Sep 24 01:20:47.332 INF API: test ended suite=0 test=811 pass=false
Sep 24 01:20:47.333 INF API: test started suite=0 test=812 name="interop/header-51 (reth_release)"
Sep 24 01:20:47.335 INF API: test ended suite=0 test=812 pass=false
Sep 24 01:20:47.336 INF API: test started suite=0 test=813 name="interop/header-52 (reth_release)"
Sep 24 01:20:47.338 INF API: test ended suite=0 test=813 pass=false
Sep 24 01:20:47.339 INF API: test started suite=0 test=814 name="interop/header-55 (reth_release)"
Sep 24 01:20:47.341 INF API: test ended suite=0 test=814 pass=false
Sep 24 01:20:47.342 INF API: test started suite=0 test=815 name="interop/header-56 (reth_release)"
Sep 24 01:20:47.345 INF API: test ended suite=0 test=815 pass=false
Sep 24 01:20:47.346 INF API: test started suite=0 test=816 name="interop/header-59 (reth_release)"
Sep 24 01:20:47.348 INF API: test ended suite=0 test=816 pass=false
Sep 24 01:20:47.349 INF API: test started suite=0 test=817 name="interop/header-60 (reth_release)"
Sep 24 01:20:47.351 INF API: test ended suite=0 test=817 pass=false
Sep 24 01:20:47.352 INF API: test started suite=0 test=818 name="interop/mcopy-prestate-55 (reth_release)"
Sep 24 01:20:47.354 INF API: test ended suite=0 test=818 pass=false
Sep 24 01:20:47.355 INF API: test started suite=0 test=819 name="interop/mcopy-prestate-56 (reth_release)"
Sep 24 01:20:47.358 INF API: test ended suite=0 test=819 pass=false
Sep 24 01:20:47.359 INF API: test started suite=0 test=820 name="interop/mcopy-trace-55 (reth_release)"
Sep 24 01:20:47.361 INF API: test ended suite=0 test=820 pass=false
Sep 24 01:20:47.362 INF API: test started suite=0 test=821 name="interop/mcopy-trace-56 (reth_release)"
Sep 24 01:20:47.365 INF API: test ended suite=0 test=821 pass=false
Sep 24 01:20:47.365 INF API: test started suite=0 test=822 name="interop/replay-35 (reth_release)"
Sep 24 01:20:47.368 INF API: test ended suite=0 test=822 pass=false
Sep 24 01:20:47.369 INF API: test started suite=0 test=823 name="interop/replay-36 (reth_release)"
Sep 24 01:20:47.372 INF API: test ended suite=0 test=823 pass=false
Sep 24 01:20:47.373 INF API: test started suite=0 test=824 name="interop/replay-47 (reth_release)"
Sep 24 01:20:47.376 INF API: test ended suite=0 test=824 pass=false
Sep 24 01:20:47.377 INF API: test started suite=0 test=825 name="interop/replay-48 (reth_release)"
Sep 24 01:20:47.380 INF API: test ended suite=0 test=825 pass=false
Sep 24 01:20:47.381 INF API: test started suite=0 test=826 name="interop/replay-51 (reth_release)"
Sep 24 01:20:47.384 INF API: test ended suite=0 test=826 pass=false
Sep 24 01:20:47.384 INF API: test started suite=0 test=827 name="interop/replay-52 (reth_release)"
Sep 24 01:20:47.387 INF API: test ended suite=0 test=827 pass=false
Sep 24 01:20:47.388 INF API: test started suite=0 test=828 name="interop/replay-55 (reth_release)"
Sep 24 01:20:47.390 INF API: test ended suite=0 test=828 pass=false
Sep 24 01:20:47.391 INF API: test started suite=0 test=829 name="interop/replay-56 (reth_release)"
Sep 24 01:20:47.394 INF API: test ended suite=0 test=829 pass=false
Sep 24 01:20:47.395 INF API: test started suite=0 test=830 name="interop/replay-59 (reth_release)"
Sep 24 01:20:47.398 INF API: test ended suite=0 test=830 pass=false
Sep 24 01:20:47.399 INF API: test started suite=0 test=831 name="interop/replay-60 (reth_release)"
Sep 24 01:20:47.402 INF API: test ended suite=0 test=831 pass=false
Sep 24 01:20:47.403 INF API: test started suite=0 test=832 name="interop/system-beacon-55-560 (reth_release)"
Sep 24 01:20:47.405 INF API: test ended suite=0 test=832 pass=false
Sep 24 01:20:47.405 INF API: test started suite=0 test=833 name="interop/system-beacon-55-8751 (reth_release)"
Sep 24 01:20:47.408 INF API: test ended suite=0 test=833 pass=false
Sep 24 01:20:47.409 INF API: test started suite=0 test=834 name="interop/system-beacon-56-560 (reth_release)"
Sep 24 01:20:47.411 INF API: test ended suite=0 test=834 pass=false
Sep 24 01:20:47.411 INF API: test started suite=0 test=835 name="interop/system-beacon-56-8751 (reth_release)"
Sep 24 01:20:47.413 INF API: test ended suite=0 test=835 pass=false
Sep 24 01:20:47.415 INF API: test started suite=0 test=836 name="interop/system-beacon-57-560 (reth_release)"
Sep 24 01:20:47.416 INF API: test ended suite=0 test=836 pass=false
Sep 24 01:20:47.417 INF API: test started suite=0 test=837 name="interop/system-beacon-57-8751 (reth_release)"
Sep 24 01:20:47.419 INF API: test ended suite=0 test=837 pass=false
Sep 24 01:20:47.568 INF API: test ended suite=0 test=745 pass=true
Sep 24 01:20:47.579 INF API: suite ended suite=0
Sep 24 01:20:47.835 INF simulation ethereum/rpc-compat finished suites=1 tests=837 failed=828
828 tests failed
