Sep 24 22:56:47.997 INF building image image=hive/hiveproxy nocache=false pull=false
Sep 24 22:56:48.058 INF building 9 clients...
Sep 24 22:56:48.058 INF building image image=hive/clients/besu_development:latest dir=clients/besu nocache=false pull=false baseimage=trace-interop/besu tag=08ff27ec6642686495169a70672d126ad494b48d3152537529a0628d7841b46c
Sep 24 22:56:48.207 INF building image image=hive/clients/besu_release:latest dir=clients/besu nocache=false pull=false baseimage=trace-interop/besu tag=f3713c713ca4f9e89c09e1478d2a85116ba9ce8343129d709420ba2af009598b
Sep 24 22:56:48.366 INF building image image=hive/clients/erigon_development:latest dir=clients/erigon nocache=false pull=false baseimage=trace-interop/erigon tag=96ed3bf9e6103fa7348e8223f07becfaf1d19b43fb66524f295bdb83e12dbee5
Sep 24 22:56:48.504 INF building image image=hive/clients/erigon_release:latest dir=clients/erigon nocache=false pull=false baseimage=trace-interop/erigon tag=8668d9c5adc01ad1d12aa25380e384079080bdde7e0ce93f11bed422d82ca0ac
Sep 24 22:56:48.645 INF building image image=hive/clients/go-ethereum_trace:latest dir=clients/go-ethereum nocache=false pull=false baseimage=trace-interop/go-ethereum tag=06c86d469c85929160da6503691f9971d03cf659495075282b81f8919c86f97c
Sep 24 22:56:48.830 INF building image image=hive/clients/nethermind_development:latest dir=clients/nethermind nocache=false pull=false baseimage=trace-interop/nethermind tag=9a73261ff8a3adbf940d822db3557cedadd5702cd98862b875d8645f9db6302a
Sep 24 22:56:48.940 INF building image image=hive/clients/nethermind_release:latest dir=clients/nethermind nocache=false pull=false baseimage=trace-interop/nethermind tag=d6b98371fce49848629f4841a9ef2cfc416c90ee187bc82291e97ca77cb108e4
Sep 24 22:56:49.115 INF building image image=hive/clients/reth_development:latest dir=clients/reth nocache=false pull=false baseimage=trace-interop/reth tag=935f179789c1d4fc921c181a4fa21f3262e5d0509061ddbad4398b37db3f33bf
Sep 24 22:56:49.249 INF building image image=hive/clients/reth_release:latest dir=clients/reth nocache=false pull=false baseimage=trace-interop/reth tag=e939dc4a471d9d27224e430f607a954d692ca5037a1350ee2036397d14532ca7
Sep 24 22:56:49.391 INF building 1 simulators...
Sep 24 22:56:49.392 INF building image image=hive/simulators/ethereum/rpc-compat:latest dir=simulators/ethereum/rpc-compat nocache=false pull=false
Sep 24 22:56:49.500 INF creating output directory folder=/home/banteg/dev/trace-adopted-20260924/evidence/2026-09-24/adopted-stances/forks/hive
Sep 24 22:56:49.510 INF running simulation: ethereum/rpc-compat
Sep 24 22:56:49.861 INF hiveproxy started container=1927ad742edb addr=172.17.0.2:8081
Sep 24 22:56:50.457 INF API: suite started suite=0 name=rpc-compat
Sep 24 22:56:50.458 INF API: test started suite=0 test=1 name="client launch (besu_development)"
Sep 24 22:56:59.637 INF API: client besu_development started suite=0 test=1 container=716434fc
Sep 24 22:56:59.958 INF API: test started suite=0 test=2 name="interop/_control/head (besu_development)"
Sep 24 22:56:59.974 INF API: test ended suite=0 test=2 pass=false
Sep 24 22:56:59.975 INF API: test started suite=0 test=3 name="interop/_control/latest (besu_development)"
Sep 24 22:57:00.002 INF API: test ended suite=0 test=3 pass=false
Sep 24 22:57:00.004 INF API: test started suite=0 test=4 name="interop/_control/receipt/0x03a4bc78840db70e9b34ed52a9b17a34d4c72011731e9d7c36c962cda16c5b17 (besu_development)"
Sep 24 22:57:00.019 INF API: test ended suite=0 test=4 pass=false
Sep 24 22:57:00.020 INF API: test started suite=0 test=5 name="interop/_control/receipt/0x0c68db54417efe088e4000b2c274e0ae72f58d3fb80be5274f4dde231fb0b53d (besu_development)"
Sep 24 22:57:00.028 INF API: test ended suite=0 test=5 pass=false
Sep 24 22:57:00.029 INF API: test started suite=0 test=6 name="interop/_control/receipt/0x1276cda02bb88cd6b116024f7eb9ad89ee88c24a3f929fc67642cf8eb060e4fc (besu_development)"
Sep 24 22:57:00.034 INF API: test ended suite=0 test=6 pass=false
Sep 24 22:57:00.034 INF API: test started suite=0 test=7 name="interop/_control/receipt/0x269517da790ccc02577056426570550beac8d70ec0c0a3f407a8ffea3d80acc0 (besu_development)"
Sep 24 22:57:00.042 INF API: test ended suite=0 test=7 pass=false
Sep 24 22:57:00.043 INF API: test started suite=0 test=8 name="interop/_control/receipt/0x2eeede94c04e0a644f532b31b9cb71387ba69a26323fed48fa3a7dae6eb23084 (besu_development)"
Sep 24 22:57:00.049 INF API: test ended suite=0 test=8 pass=false
Sep 24 22:57:00.050 INF API: test started suite=0 test=9 name="interop/_control/receipt/0x38287a4cde4cb8f1b78c6c29880a5721ddda573f6d15413753a1e0546b996c1d (besu_development)"
Sep 24 22:57:00.072 INF API: test ended suite=0 test=9 pass=false
Sep 24 22:57:00.073 INF API: test started suite=0 test=10 name="interop/_control/receipt/0x3af8b2d42d7d74bb5ce1c5e9043f767d0808e4a269784db66f09edeee022e4ec (besu_development)"
Sep 24 22:57:00.081 INF API: test ended suite=0 test=10 pass=false
Sep 24 22:57:00.082 INF API: test started suite=0 test=11 name="interop/_control/receipt/0x485156c6fb5117ef740b7f2fd07fa3b59aaa8f63268e2f6b55663a5e532bd2d5 (besu_development)"
Sep 24 22:57:00.088 INF API: test ended suite=0 test=11 pass=false
Sep 24 22:57:00.089 INF API: test started suite=0 test=12 name="interop/_control/receipt/0x49771ec1756a3196f6302d643791d97e345923ecb628472fe369a7895e3d9ef3 (besu_development)"
Sep 24 22:57:00.095 INF API: test ended suite=0 test=12 pass=false
Sep 24 22:57:00.096 INF API: test started suite=0 test=13 name="interop/_control/receipt/0x4ba8c63a6eb76028beb54b621d0aebcb4408b53cfe3221a03426c5d5940d5107 (besu_development)"
Sep 24 22:57:00.101 INF API: test ended suite=0 test=13 pass=false
Sep 24 22:57:00.102 INF API: test started suite=0 test=14 name="interop/_control/receipt/0x4cd560128a9866daaeb440cc4bd884d87396ad816188b6a097af17350fdef754 (besu_development)"
Sep 24 22:57:00.124 INF API: test ended suite=0 test=14 pass=false
Sep 24 22:57:00.125 INF API: test started suite=0 test=15 name="interop/_control/receipt/0x5f8744bbc1ccfe48c9c5d0dc5003a7578289376fca7ca6c58b133b36e8e9029b (besu_development)"
Sep 24 22:57:00.131 INF API: test ended suite=0 test=15 pass=false
Sep 24 22:57:00.132 INF API: test started suite=0 test=16 name="interop/_control/receipt/0x63debd7bcab14a95198660dfe794ca12fd2a34b24f780dd7572c55f2a58735b3 (besu_development)"
Sep 24 22:57:00.136 INF API: test ended suite=0 test=16 pass=false
Sep 24 22:57:00.137 INF API: test started suite=0 test=17 name="interop/_control/receipt/0x6d172e7e8ec79c2f0c2e8c935a52ff48a3d39e20759767badf37fed372fbae77 (besu_development)"
Sep 24 22:57:00.143 INF API: test ended suite=0 test=17 pass=false
Sep 24 22:57:00.144 INF API: test started suite=0 test=18 name="interop/_control/receipt/0x76430fba1b629206573ad53847b0bc7e9f80161b0e79750803715a8fb1bc5955 (besu_development)"
Sep 24 22:57:00.148 INF API: test ended suite=0 test=18 pass=false
Sep 24 22:57:00.149 INF API: test started suite=0 test=19 name="interop/_control/receipt/0x7a4a9d54552bc6b4b024a707408e6c304ead4f2de44a131ecb98c03998b1f153 (besu_development)"
Sep 24 22:57:00.153 INF API: test ended suite=0 test=19 pass=false
Sep 24 22:57:00.154 INF API: test started suite=0 test=20 name="interop/_control/receipt/0x87d8ef31d0d35ae040f2998b90fd61eeb04882b21f189c521bec5c3cefb416d2 (besu_development)"
Sep 24 22:57:00.157 INF API: test ended suite=0 test=20 pass=false
Sep 24 22:57:00.158 INF API: test started suite=0 test=21 name="interop/_control/receipt/0x894d679a5f0efe3beb6fa7e13b7c92c6c223c815f625a77be692533f73e21eb2 (besu_development)"
Sep 24 22:57:00.181 INF API: test ended suite=0 test=21 pass=false
Sep 24 22:57:00.182 INF API: test started suite=0 test=22 name="interop/_control/receipt/0xa23373d1e4fa559fc33ffb791665855530831c83d0c241ef6b2d3f46a5f448f4 (besu_development)"
Sep 24 22:57:00.186 INF API: test ended suite=0 test=22 pass=false
Sep 24 22:57:00.187 INF API: test started suite=0 test=23 name="interop/_control/receipt/0xa263812c1fe6b84efc195c1762cb0f4fccb198b1b5657df7b435e3343bcab1fa (besu_development)"
Sep 24 22:57:00.192 INF API: test ended suite=0 test=23 pass=false
Sep 24 22:57:00.193 INF API: test started suite=0 test=24 name="interop/_control/receipt/0xa7a765e9f45b0ddcc07a023677846e2bfeb53f68ebb3deb3bcbfda3a6754f803 (besu_development)"
Sep 24 22:57:00.196 INF API: test ended suite=0 test=24 pass=false
Sep 24 22:57:00.197 INF API: test started suite=0 test=25 name="interop/_control/receipt/0xcb6cc0f2c24bd58148d690e7c202ffffdc0ed017e2ca6e6a744d8d3698e38091 (besu_development)"
Sep 24 22:57:00.201 INF API: test ended suite=0 test=25 pass=false
Sep 24 22:57:00.202 INF API: test started suite=0 test=26 name="interop/_control/receipt/0xd29a6a56a495a4e78a91c5176cd643bd729df3c17253daf839e9b0921cb27bb7 (besu_development)"
Sep 24 22:57:00.205 INF API: test ended suite=0 test=26 pass=false
Sep 24 22:57:00.206 INF API: test started suite=0 test=27 name="interop/_control/receipt/0xd7822fd23594d52bc98493786233edb857cbeee469a3148b5780e076a53985db (besu_development)"
Sep 24 22:57:00.209 INF API: test ended suite=0 test=27 pass=false
Sep 24 22:57:00.210 INF API: test started suite=0 test=28 name="interop/_control/receipt/0xe4c4e6a9105669372c4eb7fe40af9f521ee1f58d6b0f73d85f32af95189c3876 (besu_development)"
Sep 24 22:57:00.232 INF API: test ended suite=0 test=28 pass=false
Sep 24 22:57:00.233 INF API: test started suite=0 test=29 name="interop/_control/receipt/0xedc4ae6e22147d1f6f417fb53747ccdd61ea8bf8bc04b6aa10b69c59187ac325 (besu_development)"
Sep 24 22:57:00.238 INF API: test ended suite=0 test=29 pass=false
Sep 24 22:57:00.239 INF API: test started suite=0 test=30 name="interop/_control/receipt/0xfaf95f0248bf8587ba17feda97333e872894f94ab3b418bfab84287e76d89b79 (besu_development)"
Sep 24 22:57:00.243 INF API: test ended suite=0 test=30 pass=false
Sep 24 22:57:00.244 INF API: test started suite=0 test=31 name="interop/_control/version (besu_development)"
Sep 24 22:57:00.247 INF API: test ended suite=0 test=31 pass=false
Sep 24 22:57:00.247 INF API: test started suite=0 test=32 name="interop/block-35 (besu_development)"
Sep 24 22:57:00.300 INF API: test ended suite=0 test=32 pass=false
Sep 24 22:57:00.301 INF API: test started suite=0 test=33 name="interop/block-36 (besu_development)"
Sep 24 22:57:00.341 INF API: test ended suite=0 test=33 pass=false
Sep 24 22:57:00.342 INF API: test started suite=0 test=34 name="interop/block-47 (besu_development)"
Sep 24 22:57:00.353 INF API: test ended suite=0 test=34 pass=false
Sep 24 22:57:00.354 INF API: test started suite=0 test=35 name="interop/block-48 (besu_development)"
Sep 24 22:57:00.363 INF API: test ended suite=0 test=35 pass=false
Sep 24 22:57:00.364 INF API: test started suite=0 test=36 name="interop/block-51 (besu_development)"
Sep 24 22:57:00.376 INF API: test ended suite=0 test=36 pass=false
Sep 24 22:57:00.377 INF API: test started suite=0 test=37 name="interop/block-52 (besu_development)"
Sep 24 22:57:00.386 INF API: test ended suite=0 test=37 pass=false
Sep 24 22:57:00.388 INF API: test started suite=0 test=38 name="interop/block-55 (besu_development)"
Sep 24 22:57:00.413 INF API: test ended suite=0 test=38 pass=false
Sep 24 22:57:00.415 INF API: test started suite=0 test=39 name="interop/block-56 (besu_development)"
Sep 24 22:57:00.422 INF API: test ended suite=0 test=39 pass=false
Sep 24 22:57:00.423 INF API: test started suite=0 test=40 name="interop/block-59 (besu_development)"
Sep 24 22:57:00.431 INF API: test ended suite=0 test=40 pass=false
Sep 24 22:57:00.432 INF API: test started suite=0 test=41 name="interop/block-60 (besu_development)"
Sep 24 22:57:00.441 INF API: test ended suite=0 test=41 pass=false
Sep 24 22:57:00.442 INF API: test started suite=0 test=42 name="interop/control-head (besu_development)"
Sep 24 22:57:00.447 INF API: test ended suite=0 test=42 pass=false
Sep 24 22:57:00.448 INF API: test started suite=0 test=43 name="interop/control-height (besu_development)"
Sep 24 22:57:00.452 INF API: test ended suite=0 test=43 pass=false
Sep 24 22:57:00.453 INF API: test started suite=0 test=44 name="interop/control-version (besu_development)"
Sep 24 22:57:00.456 INF API: test ended suite=0 test=44 pass=false
Sep 24 22:57:00.457 INF API: test started suite=0 test=45 name="interop/destroy-prestate-55 (besu_development)"
Sep 24 22:57:00.517 INF API: test ended suite=0 test=45 pass=false
Sep 24 22:57:00.519 INF API: test started suite=0 test=46 name="interop/destroy-prestate-56 (besu_development)"
Sep 24 22:57:00.538 INF API: test ended suite=0 test=46 pass=false
Sep 24 22:57:00.539 INF API: test started suite=0 test=47 name="interop/destroy-trace-55 (besu_development)"
Sep 24 22:57:00.568 INF API: test ended suite=0 test=47 pass=false
Sep 24 22:57:00.569 INF API: test started suite=0 test=48 name="interop/destroy-trace-56 (besu_development)"
Sep 24 22:57:00.576 INF API: test ended suite=0 test=48 pass=false
Sep 24 22:57:00.577 INF API: test started suite=0 test=49 name="interop/filter-35 (besu_development)"
Sep 24 22:57:00.597 INF API: test ended suite=0 test=49 pass=false
Sep 24 22:57:00.598 INF API: test started suite=0 test=50 name="interop/filter-36 (besu_development)"
Sep 24 22:57:01.611 INF API: test ended suite=0 test=50 pass=false
Sep 24 22:57:01.612 INF API: test started suite=0 test=51 name="interop/filter-47 (besu_development)"
Sep 24 22:57:02.630 INF API: test ended suite=0 test=51 pass=false
Sep 24 22:57:02.631 INF API: test started suite=0 test=52 name="interop/filter-48 (besu_development)"
Sep 24 22:57:02.646 INF API: test ended suite=0 test=52 pass=false
Sep 24 22:57:02.647 INF API: test started suite=0 test=53 name="interop/filter-51 (besu_development)"
Sep 24 22:57:02.666 INF API: test ended suite=0 test=53 pass=false
Sep 24 22:57:02.667 INF API: test started suite=0 test=54 name="interop/filter-52 (besu_development)"
Sep 24 22:57:02.683 INF API: test ended suite=0 test=54 pass=false
Sep 24 22:57:02.684 INF API: test started suite=0 test=55 name="interop/filter-55 (besu_development)"
Sep 24 22:57:03.695 INF API: test ended suite=0 test=55 pass=false
Sep 24 22:57:03.696 INF API: test started suite=0 test=56 name="interop/filter-56 (besu_development)"
Sep 24 22:57:03.713 INF API: test ended suite=0 test=56 pass=false
Sep 24 22:57:03.714 INF API: test started suite=0 test=57 name="interop/filter-59 (besu_development)"
Sep 24 22:57:03.731 INF API: test ended suite=0 test=57 pass=false
Sep 24 22:57:03.733 INF API: test started suite=0 test=58 name="interop/filter-60 (besu_development)"
Sep 24 22:57:03.751 INF API: test ended suite=0 test=58 pass=false
Sep 24 22:57:03.753 INF API: test started suite=0 test=59 name="interop/filter-across-36 (besu_development)"
Sep 24 22:57:03.771 INF API: test ended suite=0 test=59 pass=false
Sep 24 22:57:03.773 INF API: test started suite=0 test=60 name="interop/filter-across-48 (besu_development)"
Sep 24 22:57:03.794 INF API: test ended suite=0 test=60 pass=false
Sep 24 22:57:03.795 INF API: test started suite=0 test=61 name="interop/filter-across-52 (besu_development)"
Sep 24 22:57:03.815 INF API: test ended suite=0 test=61 pass=false
Sep 24 22:57:03.816 INF API: test started suite=0 test=62 name="interop/filter-across-56 (besu_development)"
Sep 24 22:57:03.834 INF API: test ended suite=0 test=62 pass=false
Sep 24 22:57:03.835 INF API: test started suite=0 test=63 name="interop/filter-across-60 (besu_development)"
Sep 24 22:57:03.853 INF API: test ended suite=0 test=63 pass=false
Sep 24 22:57:03.854 INF API: test started suite=0 test=64 name="interop/header-35 (besu_development)"
Sep 24 22:57:03.870 INF API: test ended suite=0 test=64 pass=false
Sep 24 22:57:03.871 INF API: test started suite=0 test=65 name="interop/header-36 (besu_development)"
Sep 24 22:57:03.887 INF API: test ended suite=0 test=65 pass=false
Sep 24 22:57:03.888 INF API: test started suite=0 test=66 name="interop/header-47 (besu_development)"
Sep 24 22:57:03.903 INF API: test ended suite=0 test=66 pass=false
Sep 24 22:57:03.904 INF API: test started suite=0 test=67 name="interop/header-48 (besu_development)"
Sep 24 22:57:03.918 INF API: test ended suite=0 test=67 pass=false
Sep 24 22:57:03.919 INF API: test started suite=0 test=68 name="interop/header-51 (besu_development)"
Sep 24 22:57:03.931 INF API: test ended suite=0 test=68 pass=false
Sep 24 22:57:03.932 INF API: test started suite=0 test=69 name="interop/header-52 (besu_development)"
Sep 24 22:57:03.944 INF API: test ended suite=0 test=69 pass=false
Sep 24 22:57:03.945 INF API: test started suite=0 test=70 name="interop/header-55 (besu_development)"
Sep 24 22:57:03.949 INF API: test ended suite=0 test=70 pass=false
Sep 24 22:57:03.950 INF API: test started suite=0 test=71 name="interop/header-56 (besu_development)"
Sep 24 22:57:03.954 INF API: test ended suite=0 test=71 pass=false
Sep 24 22:57:03.955 INF API: test started suite=0 test=72 name="interop/header-59 (besu_development)"
Sep 24 22:57:03.959 INF API: test ended suite=0 test=72 pass=false
Sep 24 22:57:03.960 INF API: test started suite=0 test=73 name="interop/header-60 (besu_development)"
Sep 24 22:57:03.964 INF API: test ended suite=0 test=73 pass=false
Sep 24 22:57:03.965 INF API: test started suite=0 test=74 name="interop/mcopy-prestate-55 (besu_development)"
Sep 24 22:57:03.973 INF API: test ended suite=0 test=74 pass=false
Sep 24 22:57:03.974 INF API: test started suite=0 test=75 name="interop/mcopy-prestate-56 (besu_development)"
Sep 24 22:57:03.978 INF API: test ended suite=0 test=75 pass=false
Sep 24 22:57:03.978 INF API: test started suite=0 test=76 name="interop/mcopy-trace-55 (besu_development)"
Sep 24 22:57:03.986 INF API: test ended suite=0 test=76 pass=false
Sep 24 22:57:03.987 INF API: test started suite=0 test=77 name="interop/mcopy-trace-56 (besu_development)"
Sep 24 22:57:03.992 INF API: test ended suite=0 test=77 pass=false
Sep 24 22:57:03.993 INF API: test started suite=0 test=78 name="interop/replay-35 (besu_development)"
Sep 24 22:57:04.009 INF API: test ended suite=0 test=78 pass=false
Sep 24 22:57:04.009 INF API: test started suite=0 test=79 name="interop/replay-36 (besu_development)"
Sep 24 22:57:04.021 INF API: test ended suite=0 test=79 pass=false
Sep 24 22:57:04.022 INF API: test started suite=0 test=80 name="interop/replay-47 (besu_development)"
Sep 24 22:57:04.030 INF API: test ended suite=0 test=80 pass=false
Sep 24 22:57:04.031 INF API: test started suite=0 test=81 name="interop/replay-48 (besu_development)"
Sep 24 22:57:04.040 INF API: test ended suite=0 test=81 pass=false
Sep 24 22:57:04.041 INF API: test started suite=0 test=82 name="interop/replay-51 (besu_development)"
Sep 24 22:57:04.052 INF API: test ended suite=0 test=82 pass=false
Sep 24 22:57:04.053 INF API: test started suite=0 test=83 name="interop/replay-52 (besu_development)"
Sep 24 22:57:05.062 INF API: test ended suite=0 test=83 pass=false
Sep 24 22:57:05.063 INF API: test started suite=0 test=84 name="interop/replay-55 (besu_development)"
Sep 24 22:57:05.071 INF API: test ended suite=0 test=84 pass=false
Sep 24 22:57:05.072 INF API: test started suite=0 test=85 name="interop/replay-56 (besu_development)"
Sep 24 22:57:05.082 INF API: test ended suite=0 test=85 pass=false
Sep 24 22:57:05.083 INF API: test started suite=0 test=86 name="interop/replay-59 (besu_development)"
Sep 24 22:57:05.094 INF API: test ended suite=0 test=86 pass=false
Sep 24 22:57:05.095 INF API: test started suite=0 test=87 name="interop/replay-60 (besu_development)"
Sep 24 22:57:05.107 INF API: test ended suite=0 test=87 pass=false
Sep 24 22:57:05.108 INF API: test started suite=0 test=88 name="interop/system-beacon-55-560 (besu_development)"
Sep 24 22:57:05.118 INF API: test ended suite=0 test=88 pass=false
Sep 24 22:57:05.118 INF API: test started suite=0 test=89 name="interop/system-beacon-55-8751 (besu_development)"
Sep 24 22:57:05.123 INF API: test ended suite=0 test=89 pass=false
Sep 24 22:57:05.124 INF API: test started suite=0 test=90 name="interop/system-beacon-56-560 (besu_development)"
Sep 24 22:57:05.128 INF API: test ended suite=0 test=90 pass=false
Sep 24 22:57:05.129 INF API: test started suite=0 test=91 name="interop/system-beacon-56-8751 (besu_development)"
Sep 24 22:57:05.133 INF API: test ended suite=0 test=91 pass=false
Sep 24 22:57:05.133 INF API: test started suite=0 test=92 name="interop/system-beacon-57-560 (besu_development)"
Sep 24 22:57:05.138 INF API: test ended suite=0 test=92 pass=false
Sep 24 22:57:05.138 INF API: test started suite=0 test=93 name="interop/system-beacon-57-8751 (besu_development)"
Sep 24 22:57:05.141 INF API: test ended suite=0 test=93 pass=false
Sep 24 22:57:05.434 INF API: test ended suite=0 test=1 pass=true
Sep 24 22:57:05.436 INF API: test started suite=0 test=94 name="client launch (besu_release)"
Sep 24 22:57:14.210 INF API: client besu_release started suite=0 test=94 container=48a20612
Sep 24 22:57:14.496 INF API: test started suite=0 test=95 name="interop/_control/head (besu_release)"
Sep 24 22:57:14.505 INF API: test ended suite=0 test=95 pass=false
Sep 24 22:57:14.506 INF API: test started suite=0 test=96 name="interop/_control/latest (besu_release)"
Sep 24 22:57:14.514 INF API: test ended suite=0 test=96 pass=false
Sep 24 22:57:14.515 INF API: test started suite=0 test=97 name="interop/_control/receipt/0x03a4bc78840db70e9b34ed52a9b17a34d4c72011731e9d7c36c962cda16c5b17 (besu_release)"
Sep 24 22:57:14.533 INF API: test ended suite=0 test=97 pass=false
Sep 24 22:57:14.534 INF API: test started suite=0 test=98 name="interop/_control/receipt/0x0c68db54417efe088e4000b2c274e0ae72f58d3fb80be5274f4dde231fb0b53d (besu_release)"
Sep 24 22:57:14.543 INF API: test ended suite=0 test=98 pass=false
Sep 24 22:57:14.544 INF API: test started suite=0 test=99 name="interop/_control/receipt/0x1276cda02bb88cd6b116024f7eb9ad89ee88c24a3f929fc67642cf8eb060e4fc (besu_release)"
Sep 24 22:57:14.552 INF API: test ended suite=0 test=99 pass=false
Sep 24 22:57:14.553 INF API: test started suite=0 test=100 name="interop/_control/receipt/0x269517da790ccc02577056426570550beac8d70ec0c0a3f407a8ffea3d80acc0 (besu_release)"
Sep 24 22:57:14.563 INF API: test ended suite=0 test=100 pass=false
Sep 24 22:57:14.564 INF API: test started suite=0 test=101 name="interop/_control/receipt/0x2eeede94c04e0a644f532b31b9cb71387ba69a26323fed48fa3a7dae6eb23084 (besu_release)"
Sep 24 22:57:14.570 INF API: test ended suite=0 test=101 pass=false
Sep 24 22:57:14.571 INF API: test started suite=0 test=102 name="interop/_control/receipt/0x38287a4cde4cb8f1b78c6c29880a5721ddda573f6d15413753a1e0546b996c1d (besu_release)"
Sep 24 22:57:14.579 INF API: test ended suite=0 test=102 pass=false
Sep 24 22:57:14.580 INF API: test started suite=0 test=103 name="interop/_control/receipt/0x3af8b2d42d7d74bb5ce1c5e9043f767d0808e4a269784db66f09edeee022e4ec (besu_release)"
Sep 24 22:57:14.587 INF API: test ended suite=0 test=103 pass=false
Sep 24 22:57:14.588 INF API: test started suite=0 test=104 name="interop/_control/receipt/0x485156c6fb5117ef740b7f2fd07fa3b59aaa8f63268e2f6b55663a5e532bd2d5 (besu_release)"
Sep 24 22:57:14.595 INF API: test ended suite=0 test=104 pass=false
Sep 24 22:57:14.596 INF API: test started suite=0 test=105 name="interop/_control/receipt/0x49771ec1756a3196f6302d643791d97e345923ecb628472fe369a7895e3d9ef3 (besu_release)"
Sep 24 22:57:14.604 INF API: test ended suite=0 test=105 pass=false
Sep 24 22:57:14.605 INF API: test started suite=0 test=106 name="interop/_control/receipt/0x4ba8c63a6eb76028beb54b621d0aebcb4408b53cfe3221a03426c5d5940d5107 (besu_release)"
Sep 24 22:57:14.611 INF API: test ended suite=0 test=106 pass=false
Sep 24 22:57:14.612 INF API: test started suite=0 test=107 name="interop/_control/receipt/0x4cd560128a9866daaeb440cc4bd884d87396ad816188b6a097af17350fdef754 (besu_release)"
Sep 24 22:57:14.618 INF API: test ended suite=0 test=107 pass=false
Sep 24 22:57:14.619 INF API: test started suite=0 test=108 name="interop/_control/receipt/0x5f8744bbc1ccfe48c9c5d0dc5003a7578289376fca7ca6c58b133b36e8e9029b (besu_release)"
Sep 24 22:57:14.628 INF API: test ended suite=0 test=108 pass=false
Sep 24 22:57:14.629 INF API: test started suite=0 test=109 name="interop/_control/receipt/0x63debd7bcab14a95198660dfe794ca12fd2a34b24f780dd7572c55f2a58735b3 (besu_release)"
Sep 24 22:57:14.638 INF API: test ended suite=0 test=109 pass=false
Sep 24 22:57:14.639 INF API: test started suite=0 test=110 name="interop/_control/receipt/0x6d172e7e8ec79c2f0c2e8c935a52ff48a3d39e20759767badf37fed372fbae77 (besu_release)"
Sep 24 22:57:14.645 INF API: test ended suite=0 test=110 pass=false
Sep 24 22:57:14.646 INF API: test started suite=0 test=111 name="interop/_control/receipt/0x76430fba1b629206573ad53847b0bc7e9f80161b0e79750803715a8fb1bc5955 (besu_release)"
Sep 24 22:57:14.652 INF API: test ended suite=0 test=111 pass=false
Sep 24 22:57:14.653 INF API: test started suite=0 test=112 name="interop/_control/receipt/0x7a4a9d54552bc6b4b024a707408e6c304ead4f2de44a131ecb98c03998b1f153 (besu_release)"
Sep 24 22:57:14.660 INF API: test ended suite=0 test=112 pass=false
Sep 24 22:57:14.661 INF API: test started suite=0 test=113 name="interop/_control/receipt/0x87d8ef31d0d35ae040f2998b90fd61eeb04882b21f189c521bec5c3cefb416d2 (besu_release)"
Sep 24 22:57:14.667 INF API: test ended suite=0 test=113 pass=false
Sep 24 22:57:14.668 INF API: test started suite=0 test=114 name="interop/_control/receipt/0x894d679a5f0efe3beb6fa7e13b7c92c6c223c815f625a77be692533f73e21eb2 (besu_release)"
Sep 24 22:57:14.674 INF API: test ended suite=0 test=114 pass=false
Sep 24 22:57:14.676 INF API: test started suite=0 test=115 name="interop/_control/receipt/0xa23373d1e4fa559fc33ffb791665855530831c83d0c241ef6b2d3f46a5f448f4 (besu_release)"
Sep 24 22:57:14.681 INF API: test ended suite=0 test=115 pass=false
Sep 24 22:57:14.682 INF API: test started suite=0 test=116 name="interop/_control/receipt/0xa263812c1fe6b84efc195c1762cb0f4fccb198b1b5657df7b435e3343bcab1fa (besu_release)"
Sep 24 22:57:14.688 INF API: test ended suite=0 test=116 pass=false
Sep 24 22:57:14.689 INF API: test started suite=0 test=117 name="interop/_control/receipt/0xa7a765e9f45b0ddcc07a023677846e2bfeb53f68ebb3deb3bcbfda3a6754f803 (besu_release)"
Sep 24 22:57:14.694 INF API: test ended suite=0 test=117 pass=false
Sep 24 22:57:14.695 INF API: test started suite=0 test=118 name="interop/_control/receipt/0xcb6cc0f2c24bd58148d690e7c202ffffdc0ed017e2ca6e6a744d8d3698e38091 (besu_release)"
Sep 24 22:57:14.703 INF API: test ended suite=0 test=118 pass=false
Sep 24 22:57:14.703 INF API: test started suite=0 test=119 name="interop/_control/receipt/0xd29a6a56a495a4e78a91c5176cd643bd729df3c17253daf839e9b0921cb27bb7 (besu_release)"
Sep 24 22:57:14.710 INF API: test ended suite=0 test=119 pass=false
Sep 24 22:57:14.711 INF API: test started suite=0 test=120 name="interop/_control/receipt/0xd7822fd23594d52bc98493786233edb857cbeee469a3148b5780e076a53985db (besu_release)"
Sep 24 22:57:14.716 INF API: test ended suite=0 test=120 pass=false
Sep 24 22:57:14.717 INF API: test started suite=0 test=121 name="interop/_control/receipt/0xe4c4e6a9105669372c4eb7fe40af9f521ee1f58d6b0f73d85f32af95189c3876 (besu_release)"
Sep 24 22:57:14.723 INF API: test ended suite=0 test=121 pass=false
Sep 24 22:57:14.724 INF API: test started suite=0 test=122 name="interop/_control/receipt/0xedc4ae6e22147d1f6f417fb53747ccdd61ea8bf8bc04b6aa10b69c59187ac325 (besu_release)"
Sep 24 22:57:14.729 INF API: test ended suite=0 test=122 pass=false
Sep 24 22:57:14.730 INF API: test started suite=0 test=123 name="interop/_control/receipt/0xfaf95f0248bf8587ba17feda97333e872894f94ab3b418bfab84287e76d89b79 (besu_release)"
Sep 24 22:57:14.735 INF API: test ended suite=0 test=123 pass=false
Sep 24 22:57:14.736 INF API: test started suite=0 test=124 name="interop/_control/version (besu_release)"
Sep 24 22:57:14.741 INF API: test ended suite=0 test=124 pass=false
Sep 24 22:57:14.742 INF API: test started suite=0 test=125 name="interop/block-35 (besu_release)"
Sep 24 22:57:14.801 INF API: test ended suite=0 test=125 pass=false
Sep 24 22:57:14.802 INF API: test started suite=0 test=126 name="interop/block-36 (besu_release)"
Sep 24 22:57:14.845 INF API: test ended suite=0 test=126 pass=false
Sep 24 22:57:14.846 INF API: test started suite=0 test=127 name="interop/block-47 (besu_release)"
Sep 24 22:57:14.862 INF API: test ended suite=0 test=127 pass=false
Sep 24 22:57:14.863 INF API: test started suite=0 test=128 name="interop/block-48 (besu_release)"
Sep 24 22:57:14.878 INF API: test ended suite=0 test=128 pass=false
Sep 24 22:57:14.880 INF API: test started suite=0 test=129 name="interop/block-51 (besu_release)"
Sep 24 22:57:14.895 INF API: test ended suite=0 test=129 pass=false
Sep 24 22:57:14.897 INF API: test started suite=0 test=130 name="interop/block-52 (besu_release)"
Sep 24 22:57:14.907 INF API: test ended suite=0 test=130 pass=false
Sep 24 22:57:14.908 INF API: test started suite=0 test=131 name="interop/block-55 (besu_release)"
Sep 24 22:57:14.917 INF API: test ended suite=0 test=131 pass=false
Sep 24 22:57:14.918 INF API: test started suite=0 test=132 name="interop/block-56 (besu_release)"
Sep 24 22:57:14.930 INF API: test ended suite=0 test=132 pass=false
Sep 24 22:57:14.931 INF API: test started suite=0 test=133 name="interop/block-59 (besu_release)"
Sep 24 22:57:14.942 INF API: test ended suite=0 test=133 pass=false
Sep 24 22:57:14.943 INF API: test started suite=0 test=134 name="interop/block-60 (besu_release)"
Sep 24 22:57:14.954 INF API: test ended suite=0 test=134 pass=false
Sep 24 22:57:14.955 INF API: test started suite=0 test=135 name="interop/control-head (besu_release)"
Sep 24 22:57:14.960 INF API: test ended suite=0 test=135 pass=false
Sep 24 22:57:14.961 INF API: test started suite=0 test=136 name="interop/control-height (besu_release)"
Sep 24 22:57:14.966 INF API: test ended suite=0 test=136 pass=false
Sep 24 22:57:14.967 INF API: test started suite=0 test=137 name="interop/control-version (besu_release)"
Sep 24 22:57:14.973 INF API: test ended suite=0 test=137 pass=false
Sep 24 22:57:14.973 INF API: test started suite=0 test=138 name="interop/destroy-prestate-55 (besu_release)"
Sep 24 22:57:15.030 INF API: test ended suite=0 test=138 pass=false
Sep 24 22:57:15.031 INF API: test started suite=0 test=139 name="interop/destroy-prestate-56 (besu_release)"
Sep 24 22:57:15.040 INF API: test ended suite=0 test=139 pass=false
Sep 24 22:57:15.041 INF API: test started suite=0 test=140 name="interop/destroy-trace-55 (besu_release)"
Sep 24 22:57:15.069 INF API: test ended suite=0 test=140 pass=false
Sep 24 22:57:15.071 INF API: test started suite=0 test=141 name="interop/destroy-trace-56 (besu_release)"
Sep 24 22:57:15.080 INF API: test ended suite=0 test=141 pass=false
Sep 24 22:57:15.081 INF API: test started suite=0 test=142 name="interop/filter-35 (besu_release)"
Sep 24 22:57:15.100 INF API: test ended suite=0 test=142 pass=false
Sep 24 22:57:15.101 INF API: test started suite=0 test=143 name="interop/filter-36 (besu_release)"
Sep 24 22:57:15.112 INF API: test ended suite=0 test=143 pass=false
Sep 24 22:57:15.113 INF API: test started suite=0 test=144 name="interop/filter-47 (besu_release)"
Sep 24 22:57:15.121 INF API: test ended suite=0 test=144 pass=false
Sep 24 22:57:15.122 INF API: test started suite=0 test=145 name="interop/filter-48 (besu_release)"
Sep 24 22:57:15.130 INF API: test ended suite=0 test=145 pass=false
Sep 24 22:57:15.131 INF API: test started suite=0 test=146 name="interop/filter-51 (besu_release)"
Sep 24 22:57:15.143 INF API: test ended suite=0 test=146 pass=false
Sep 24 22:57:15.144 INF API: test started suite=0 test=147 name="interop/filter-52 (besu_release)"
Sep 24 22:57:15.152 INF API: test ended suite=0 test=147 pass=false
Sep 24 22:57:15.153 INF API: test started suite=0 test=148 name="interop/filter-55 (besu_release)"
Sep 24 22:57:15.161 INF API: test ended suite=0 test=148 pass=false
Sep 24 22:57:15.162 INF API: test started suite=0 test=149 name="interop/filter-56 (besu_release)"
Sep 24 22:57:15.169 INF API: test ended suite=0 test=149 pass=false
Sep 24 22:57:15.170 INF API: test started suite=0 test=150 name="interop/filter-59 (besu_release)"
Sep 24 22:57:15.177 INF API: test ended suite=0 test=150 pass=false
Sep 24 22:57:15.178 INF API: test started suite=0 test=151 name="interop/filter-60 (besu_release)"
Sep 24 22:57:15.189 INF API: test ended suite=0 test=151 pass=false
Sep 24 22:57:15.190 INF API: test started suite=0 test=152 name="interop/filter-across-36 (besu_release)"
Sep 24 22:57:15.199 INF API: test ended suite=0 test=152 pass=false
Sep 24 22:57:15.200 INF API: test started suite=0 test=153 name="interop/filter-across-48 (besu_release)"
Sep 24 22:57:15.213 INF API: test ended suite=0 test=153 pass=false
Sep 24 22:57:15.214 INF API: test started suite=0 test=154 name="interop/filter-across-52 (besu_release)"
Sep 24 22:57:15.228 INF API: test ended suite=0 test=154 pass=false
Sep 24 22:57:15.230 INF API: test started suite=0 test=155 name="interop/filter-across-56 (besu_release)"
Sep 24 22:57:15.243 INF API: test ended suite=0 test=155 pass=false
Sep 24 22:57:15.244 INF API: test started suite=0 test=156 name="interop/filter-across-60 (besu_release)"
Sep 24 22:57:15.263 INF API: test ended suite=0 test=156 pass=false
Sep 24 22:57:15.264 INF API: test started suite=0 test=157 name="interop/header-35 (besu_release)"
Sep 24 22:57:15.272 INF API: test ended suite=0 test=157 pass=false
Sep 24 22:57:15.273 INF API: test started suite=0 test=158 name="interop/header-36 (besu_release)"
Sep 24 22:57:15.279 INF API: test ended suite=0 test=158 pass=false
Sep 24 22:57:15.280 INF API: test started suite=0 test=159 name="interop/header-47 (besu_release)"
Sep 24 22:57:15.286 INF API: test ended suite=0 test=159 pass=false
Sep 24 22:57:15.287 INF API: test started suite=0 test=160 name="interop/header-48 (besu_release)"
Sep 24 22:57:15.294 INF API: test ended suite=0 test=160 pass=false
Sep 24 22:57:15.295 INF API: test started suite=0 test=161 name="interop/header-51 (besu_release)"
Sep 24 22:57:15.301 INF API: test ended suite=0 test=161 pass=false
Sep 24 22:57:15.303 INF API: test started suite=0 test=162 name="interop/header-52 (besu_release)"
Sep 24 22:57:15.309 INF API: test ended suite=0 test=162 pass=false
Sep 24 22:57:15.310 INF API: test started suite=0 test=163 name="interop/header-55 (besu_release)"
Sep 24 22:57:15.316 INF API: test ended suite=0 test=163 pass=false
Sep 24 22:57:15.317 INF API: test started suite=0 test=164 name="interop/header-56 (besu_release)"
Sep 24 22:57:15.323 INF API: test ended suite=0 test=164 pass=false
Sep 24 22:57:15.324 INF API: test started suite=0 test=165 name="interop/header-59 (besu_release)"
Sep 24 22:57:15.330 INF API: test ended suite=0 test=165 pass=false
Sep 24 22:57:15.331 INF API: test started suite=0 test=166 name="interop/header-60 (besu_release)"
Sep 24 22:57:15.336 INF API: test ended suite=0 test=166 pass=false
Sep 24 22:57:15.337 INF API: test started suite=0 test=167 name="interop/mcopy-prestate-55 (besu_release)"
Sep 24 22:57:15.346 INF API: test ended suite=0 test=167 pass=false
Sep 24 22:57:15.347 INF API: test started suite=0 test=168 name="interop/mcopy-prestate-56 (besu_release)"
Sep 24 22:57:15.354 INF API: test ended suite=0 test=168 pass=false
Sep 24 22:57:15.355 INF API: test started suite=0 test=169 name="interop/mcopy-trace-55 (besu_release)"
Sep 24 22:57:15.363 INF API: test ended suite=0 test=169 pass=false
Sep 24 22:57:15.364 INF API: test started suite=0 test=170 name="interop/mcopy-trace-56 (besu_release)"
Sep 24 22:57:15.372 INF API: test ended suite=0 test=170 pass=false
Sep 24 22:57:15.373 INF API: test started suite=0 test=171 name="interop/replay-35 (besu_release)"
Sep 24 22:57:16.404 INF API: test ended suite=0 test=171 pass=false
Sep 24 22:57:16.405 INF API: test started suite=0 test=172 name="interop/replay-36 (besu_release)"
Sep 24 22:57:16.422 INF API: test ended suite=0 test=172 pass=false
Sep 24 22:57:16.423 INF API: test started suite=0 test=173 name="interop/replay-47 (besu_release)"
Sep 24 22:57:16.432 INF API: test ended suite=0 test=173 pass=false
Sep 24 22:57:16.433 INF API: test started suite=0 test=174 name="interop/replay-48 (besu_release)"
Sep 24 22:57:16.444 INF API: test ended suite=0 test=174 pass=false
Sep 24 22:57:16.445 INF API: test started suite=0 test=175 name="interop/replay-51 (besu_release)"
Sep 24 22:57:16.457 INF API: test ended suite=0 test=175 pass=false
Sep 24 22:57:16.458 INF API: test started suite=0 test=176 name="interop/replay-52 (besu_release)"
Sep 24 22:57:17.481 INF API: test ended suite=0 test=176 pass=false
Sep 24 22:57:17.483 INF API: test started suite=0 test=177 name="interop/replay-55 (besu_release)"
Sep 24 22:57:17.495 INF API: test ended suite=0 test=177 pass=false
Sep 24 22:57:17.496 INF API: test started suite=0 test=178 name="interop/replay-56 (besu_release)"
Sep 24 22:57:17.506 INF API: test ended suite=0 test=178 pass=false
Sep 24 22:57:17.507 INF API: test started suite=0 test=179 name="interop/replay-59 (besu_release)"
Sep 24 22:57:17.516 INF API: test ended suite=0 test=179 pass=false
Sep 24 22:57:17.517 INF API: test started suite=0 test=180 name="interop/replay-60 (besu_release)"
Sep 24 22:57:17.532 INF API: test ended suite=0 test=180 pass=false
Sep 24 22:57:17.533 INF API: test started suite=0 test=181 name="interop/system-beacon-55-560 (besu_release)"
Sep 24 22:57:17.544 INF API: test ended suite=0 test=181 pass=false
Sep 24 22:57:17.545 INF API: test started suite=0 test=182 name="interop/system-beacon-55-8751 (besu_release)"
Sep 24 22:57:17.548 INF API: test ended suite=0 test=182 pass=false
Sep 24 22:57:17.549 INF API: test started suite=0 test=183 name="interop/system-beacon-56-560 (besu_release)"
Sep 24 22:57:17.553 INF API: test ended suite=0 test=183 pass=false
Sep 24 22:57:17.553 INF API: test started suite=0 test=184 name="interop/system-beacon-56-8751 (besu_release)"
Sep 24 22:57:17.557 INF API: test ended suite=0 test=184 pass=false
Sep 24 22:57:17.558 INF API: test started suite=0 test=185 name="interop/system-beacon-57-560 (besu_release)"
Sep 24 22:57:17.562 INF API: test ended suite=0 test=185 pass=false
Sep 24 22:57:17.563 INF API: test started suite=0 test=186 name="interop/system-beacon-57-8751 (besu_release)"
Sep 24 22:57:17.566 INF API: test ended suite=0 test=186 pass=false
Sep 24 22:57:17.729 INF API: test ended suite=0 test=94 pass=true
Sep 24 22:57:17.730 INF API: test started suite=0 test=187 name="client launch (erigon_development)"
Sep 24 22:57:18.396 INF API: client erigon_development started suite=0 test=187 container=baacbcd6
Sep 24 22:57:18.422 INF API: test started suite=0 test=188 name="interop/_control/head (erigon_development)"
Sep 24 22:57:18.425 INF API: test ended suite=0 test=188 pass=false
Sep 24 22:57:18.426 INF API: test started suite=0 test=189 name="interop/_control/latest (erigon_development)"
Sep 24 22:57:18.428 INF API: test ended suite=0 test=189 pass=false
Sep 24 22:57:18.429 INF API: test started suite=0 test=190 name="interop/_control/receipt/0x03a4bc78840db70e9b34ed52a9b17a34d4c72011731e9d7c36c962cda16c5b17 (erigon_development)"
Sep 24 22:57:18.432 INF API: test ended suite=0 test=190 pass=false
Sep 24 22:57:18.432 INF API: test started suite=0 test=191 name="interop/_control/receipt/0x0c68db54417efe088e4000b2c274e0ae72f58d3fb80be5274f4dde231fb0b53d (erigon_development)"
Sep 24 22:57:18.435 INF API: test ended suite=0 test=191 pass=false
Sep 24 22:57:18.435 INF API: test started suite=0 test=192 name="interop/_control/receipt/0x1276cda02bb88cd6b116024f7eb9ad89ee88c24a3f929fc67642cf8eb060e4fc (erigon_development)"
Sep 24 22:57:18.438 INF API: test ended suite=0 test=192 pass=false
Sep 24 22:57:18.438 INF API: test started suite=0 test=193 name="interop/_control/receipt/0x269517da790ccc02577056426570550beac8d70ec0c0a3f407a8ffea3d80acc0 (erigon_development)"
Sep 24 22:57:18.441 INF API: test ended suite=0 test=193 pass=false
Sep 24 22:57:18.442 INF API: test started suite=0 test=194 name="interop/_control/receipt/0x2eeede94c04e0a644f532b31b9cb71387ba69a26323fed48fa3a7dae6eb23084 (erigon_development)"
Sep 24 22:57:18.444 INF API: test ended suite=0 test=194 pass=false
Sep 24 22:57:18.445 INF API: test started suite=0 test=195 name="interop/_control/receipt/0x38287a4cde4cb8f1b78c6c29880a5721ddda573f6d15413753a1e0546b996c1d (erigon_development)"
Sep 24 22:57:18.447 INF API: test ended suite=0 test=195 pass=false
Sep 24 22:57:18.447 INF API: test started suite=0 test=196 name="interop/_control/receipt/0x3af8b2d42d7d74bb5ce1c5e9043f767d0808e4a269784db66f09edeee022e4ec (erigon_development)"
Sep 24 22:57:18.450 INF API: test ended suite=0 test=196 pass=false
Sep 24 22:57:18.451 INF API: test started suite=0 test=197 name="interop/_control/receipt/0x485156c6fb5117ef740b7f2fd07fa3b59aaa8f63268e2f6b55663a5e532bd2d5 (erigon_development)"
Sep 24 22:57:18.453 INF API: test ended suite=0 test=197 pass=false
Sep 24 22:57:18.454 INF API: test started suite=0 test=198 name="interop/_control/receipt/0x49771ec1756a3196f6302d643791d97e345923ecb628472fe369a7895e3d9ef3 (erigon_development)"
Sep 24 22:57:18.457 INF API: test ended suite=0 test=198 pass=false
Sep 24 22:57:18.458 INF API: test started suite=0 test=199 name="interop/_control/receipt/0x4ba8c63a6eb76028beb54b621d0aebcb4408b53cfe3221a03426c5d5940d5107 (erigon_development)"
Sep 24 22:57:18.460 INF API: test ended suite=0 test=199 pass=false
Sep 24 22:57:18.461 INF API: test started suite=0 test=200 name="interop/_control/receipt/0x4cd560128a9866daaeb440cc4bd884d87396ad816188b6a097af17350fdef754 (erigon_development)"
Sep 24 22:57:18.463 INF API: test ended suite=0 test=200 pass=false
Sep 24 22:57:18.464 INF API: test started suite=0 test=201 name="interop/_control/receipt/0x5f8744bbc1ccfe48c9c5d0dc5003a7578289376fca7ca6c58b133b36e8e9029b (erigon_development)"
Sep 24 22:57:18.466 INF API: test ended suite=0 test=201 pass=false
Sep 24 22:57:18.467 INF API: test started suite=0 test=202 name="interop/_control/receipt/0x63debd7bcab14a95198660dfe794ca12fd2a34b24f780dd7572c55f2a58735b3 (erigon_development)"
Sep 24 22:57:18.470 INF API: test ended suite=0 test=202 pass=false
Sep 24 22:57:18.471 INF API: test started suite=0 test=203 name="interop/_control/receipt/0x6d172e7e8ec79c2f0c2e8c935a52ff48a3d39e20759767badf37fed372fbae77 (erigon_development)"
Sep 24 22:57:18.473 INF API: test ended suite=0 test=203 pass=false
Sep 24 22:57:18.474 INF API: test started suite=0 test=204 name="interop/_control/receipt/0x76430fba1b629206573ad53847b0bc7e9f80161b0e79750803715a8fb1bc5955 (erigon_development)"
Sep 24 22:57:18.476 INF API: test ended suite=0 test=204 pass=false
Sep 24 22:57:18.477 INF API: test started suite=0 test=205 name="interop/_control/receipt/0x7a4a9d54552bc6b4b024a707408e6c304ead4f2de44a131ecb98c03998b1f153 (erigon_development)"
Sep 24 22:57:18.479 INF API: test ended suite=0 test=205 pass=false
Sep 24 22:57:18.480 INF API: test started suite=0 test=206 name="interop/_control/receipt/0x87d8ef31d0d35ae040f2998b90fd61eeb04882b21f189c521bec5c3cefb416d2 (erigon_development)"
Sep 24 22:57:18.482 INF API: test ended suite=0 test=206 pass=false
Sep 24 22:57:18.483 INF API: test started suite=0 test=207 name="interop/_control/receipt/0x894d679a5f0efe3beb6fa7e13b7c92c6c223c815f625a77be692533f73e21eb2 (erigon_development)"
Sep 24 22:57:18.485 INF API: test ended suite=0 test=207 pass=false
Sep 24 22:57:18.486 INF API: test started suite=0 test=208 name="interop/_control/receipt/0xa23373d1e4fa559fc33ffb791665855530831c83d0c241ef6b2d3f46a5f448f4 (erigon_development)"
Sep 24 22:57:18.488 INF API: test ended suite=0 test=208 pass=false
Sep 24 22:57:18.489 INF API: test started suite=0 test=209 name="interop/_control/receipt/0xa263812c1fe6b84efc195c1762cb0f4fccb198b1b5657df7b435e3343bcab1fa (erigon_development)"
Sep 24 22:57:18.492 INF API: test ended suite=0 test=209 pass=false
Sep 24 22:57:18.492 INF API: test started suite=0 test=210 name="interop/_control/receipt/0xa7a765e9f45b0ddcc07a023677846e2bfeb53f68ebb3deb3bcbfda3a6754f803 (erigon_development)"
Sep 24 22:57:18.495 INF API: test ended suite=0 test=210 pass=false
Sep 24 22:57:18.496 INF API: test started suite=0 test=211 name="interop/_control/receipt/0xcb6cc0f2c24bd58148d690e7c202ffffdc0ed017e2ca6e6a744d8d3698e38091 (erigon_development)"
Sep 24 22:57:18.498 INF API: test ended suite=0 test=211 pass=false
Sep 24 22:57:18.499 INF API: test started suite=0 test=212 name="interop/_control/receipt/0xd29a6a56a495a4e78a91c5176cd643bd729df3c17253daf839e9b0921cb27bb7 (erigon_development)"
Sep 24 22:57:18.501 INF API: test ended suite=0 test=212 pass=false
Sep 24 22:57:18.502 INF API: test started suite=0 test=213 name="interop/_control/receipt/0xd7822fd23594d52bc98493786233edb857cbeee469a3148b5780e076a53985db (erigon_development)"
Sep 24 22:57:18.505 INF API: test ended suite=0 test=213 pass=false
Sep 24 22:57:18.505 INF API: test started suite=0 test=214 name="interop/_control/receipt/0xe4c4e6a9105669372c4eb7fe40af9f521ee1f58d6b0f73d85f32af95189c3876 (erigon_development)"
Sep 24 22:57:18.508 INF API: test ended suite=0 test=214 pass=false
Sep 24 22:57:18.508 INF API: test started suite=0 test=215 name="interop/_control/receipt/0xedc4ae6e22147d1f6f417fb53747ccdd61ea8bf8bc04b6aa10b69c59187ac325 (erigon_development)"
Sep 24 22:57:18.511 INF API: test ended suite=0 test=215 pass=false
Sep 24 22:57:18.512 INF API: test started suite=0 test=216 name="interop/_control/receipt/0xfaf95f0248bf8587ba17feda97333e872894f94ab3b418bfab84287e76d89b79 (erigon_development)"
Sep 24 22:57:18.514 INF API: test ended suite=0 test=216 pass=false
Sep 24 22:57:18.514 INF API: test started suite=0 test=217 name="interop/_control/version (erigon_development)"
Sep 24 22:57:18.516 INF API: test ended suite=0 test=217 pass=false
Sep 24 22:57:18.517 INF API: test started suite=0 test=218 name="interop/block-35 (erigon_development)"
Sep 24 22:57:18.519 INF API: test ended suite=0 test=218 pass=false
Sep 24 22:57:18.520 INF API: test started suite=0 test=219 name="interop/block-36 (erigon_development)"
Sep 24 22:57:18.523 INF API: test ended suite=0 test=219 pass=false
Sep 24 22:57:18.523 INF API: test started suite=0 test=220 name="interop/block-47 (erigon_development)"
Sep 24 22:57:18.526 INF API: test ended suite=0 test=220 pass=false
Sep 24 22:57:18.527 INF API: test started suite=0 test=221 name="interop/block-48 (erigon_development)"
Sep 24 22:57:18.529 INF API: test ended suite=0 test=221 pass=false
Sep 24 22:57:18.530 INF API: test started suite=0 test=222 name="interop/block-51 (erigon_development)"
Sep 24 22:57:18.532 INF API: test ended suite=0 test=222 pass=false
Sep 24 22:57:18.533 INF API: test started suite=0 test=223 name="interop/block-52 (erigon_development)"
Sep 24 22:57:18.535 INF API: test ended suite=0 test=223 pass=false
Sep 24 22:57:18.536 INF API: test started suite=0 test=224 name="interop/block-55 (erigon_development)"
Sep 24 22:57:18.538 INF API: test ended suite=0 test=224 pass=false
Sep 24 22:57:18.539 INF API: test started suite=0 test=225 name="interop/block-56 (erigon_development)"
Sep 24 22:57:18.542 INF API: test ended suite=0 test=225 pass=false
Sep 24 22:57:18.542 INF API: test started suite=0 test=226 name="interop/block-59 (erigon_development)"
Sep 24 22:57:18.545 INF API: test ended suite=0 test=226 pass=false
Sep 24 22:57:18.546 INF API: test started suite=0 test=227 name="interop/block-60 (erigon_development)"
Sep 24 22:57:18.548 INF API: test ended suite=0 test=227 pass=false
Sep 24 22:57:18.549 INF API: test started suite=0 test=228 name="interop/control-head (erigon_development)"
Sep 24 22:57:18.552 INF API: test ended suite=0 test=228 pass=false
Sep 24 22:57:18.552 INF API: test started suite=0 test=229 name="interop/control-height (erigon_development)"
Sep 24 22:57:18.555 INF API: test ended suite=0 test=229 pass=false
Sep 24 22:57:18.555 INF API: test started suite=0 test=230 name="interop/control-version (erigon_development)"
Sep 24 22:57:18.558 INF API: test ended suite=0 test=230 pass=false
Sep 24 22:57:18.558 INF API: test started suite=0 test=231 name="interop/destroy-prestate-55 (erigon_development)"
Sep 24 22:57:18.560 INF API: test ended suite=0 test=231 pass=false
Sep 24 22:57:18.561 INF API: test started suite=0 test=232 name="interop/destroy-prestate-56 (erigon_development)"
Sep 24 22:57:18.563 INF API: test ended suite=0 test=232 pass=false
Sep 24 22:57:18.564 INF API: test started suite=0 test=233 name="interop/destroy-trace-55 (erigon_development)"
Sep 24 22:57:18.567 INF API: test ended suite=0 test=233 pass=false
Sep 24 22:57:18.568 INF API: test started suite=0 test=234 name="interop/destroy-trace-56 (erigon_development)"
Sep 24 22:57:18.570 INF API: test ended suite=0 test=234 pass=false
Sep 24 22:57:18.571 INF API: test started suite=0 test=235 name="interop/filter-35 (erigon_development)"
Sep 24 22:57:18.573 INF API: test ended suite=0 test=235 pass=false
Sep 24 22:57:18.574 INF API: test started suite=0 test=236 name="interop/filter-36 (erigon_development)"
Sep 24 22:57:18.577 INF API: test ended suite=0 test=236 pass=false
Sep 24 22:57:18.577 INF API: test started suite=0 test=237 name="interop/filter-47 (erigon_development)"
Sep 24 22:57:18.580 INF API: test ended suite=0 test=237 pass=false
Sep 24 22:57:18.581 INF API: test started suite=0 test=238 name="interop/filter-48 (erigon_development)"
Sep 24 22:57:18.583 INF API: test ended suite=0 test=238 pass=false
Sep 24 22:57:18.584 INF API: test started suite=0 test=239 name="interop/filter-51 (erigon_development)"
Sep 24 22:57:18.587 INF API: test ended suite=0 test=239 pass=false
Sep 24 22:57:18.588 INF API: test started suite=0 test=240 name="interop/filter-52 (erigon_development)"
Sep 24 22:57:18.590 INF API: test ended suite=0 test=240 pass=false
Sep 24 22:57:18.591 INF API: test started suite=0 test=241 name="interop/filter-55 (erigon_development)"
Sep 24 22:57:18.593 INF API: test ended suite=0 test=241 pass=false
Sep 24 22:57:18.594 INF API: test started suite=0 test=242 name="interop/filter-56 (erigon_development)"
Sep 24 22:57:18.596 INF API: test ended suite=0 test=242 pass=false
Sep 24 22:57:18.597 INF API: test started suite=0 test=243 name="interop/filter-59 (erigon_development)"
Sep 24 22:57:18.600 INF API: test ended suite=0 test=243 pass=false
Sep 24 22:57:18.601 INF API: test started suite=0 test=244 name="interop/filter-60 (erigon_development)"
Sep 24 22:57:18.603 INF API: test ended suite=0 test=244 pass=false
Sep 24 22:57:18.604 INF API: test started suite=0 test=245 name="interop/filter-across-36 (erigon_development)"
Sep 24 22:57:18.608 INF API: test ended suite=0 test=245 pass=false
Sep 24 22:57:18.609 INF API: test started suite=0 test=246 name="interop/filter-across-48 (erigon_development)"
Sep 24 22:57:18.611 INF API: test ended suite=0 test=246 pass=false
Sep 24 22:57:18.612 INF API: test started suite=0 test=247 name="interop/filter-across-52 (erigon_development)"
Sep 24 22:57:18.615 INF API: test ended suite=0 test=247 pass=false
Sep 24 22:57:18.616 INF API: test started suite=0 test=248 name="interop/filter-across-56 (erigon_development)"
Sep 24 22:57:18.618 INF API: test ended suite=0 test=248 pass=false
Sep 24 22:57:18.619 INF API: test started suite=0 test=249 name="interop/filter-across-60 (erigon_development)"
Sep 24 22:57:18.622 INF API: test ended suite=0 test=249 pass=false
Sep 24 22:57:18.623 INF API: test started suite=0 test=250 name="interop/header-35 (erigon_development)"
Sep 24 22:57:18.625 INF API: test ended suite=0 test=250 pass=false
Sep 24 22:57:18.626 INF API: test started suite=0 test=251 name="interop/header-36 (erigon_development)"
Sep 24 22:57:18.628 INF API: test ended suite=0 test=251 pass=false
Sep 24 22:57:18.629 INF API: test started suite=0 test=252 name="interop/header-47 (erigon_development)"
Sep 24 22:57:18.631 INF API: test ended suite=0 test=252 pass=false
Sep 24 22:57:18.632 INF API: test started suite=0 test=253 name="interop/header-48 (erigon_development)"
Sep 24 22:57:18.634 INF API: test ended suite=0 test=253 pass=false
Sep 24 22:57:18.635 INF API: test started suite=0 test=254 name="interop/header-51 (erigon_development)"
Sep 24 22:57:18.637 INF API: test ended suite=0 test=254 pass=false
Sep 24 22:57:18.638 INF API: test started suite=0 test=255 name="interop/header-52 (erigon_development)"
Sep 24 22:57:18.641 INF API: test ended suite=0 test=255 pass=false
Sep 24 22:57:18.642 INF API: test started suite=0 test=256 name="interop/header-55 (erigon_development)"
Sep 24 22:57:18.644 INF API: test ended suite=0 test=256 pass=false
Sep 24 22:57:18.645 INF API: test started suite=0 test=257 name="interop/header-56 (erigon_development)"
Sep 24 22:57:18.648 INF API: test ended suite=0 test=257 pass=false
Sep 24 22:57:18.648 INF API: test started suite=0 test=258 name="interop/header-59 (erigon_development)"
Sep 24 22:57:18.651 INF API: test ended suite=0 test=258 pass=false
Sep 24 22:57:18.652 INF API: test started suite=0 test=259 name="interop/header-60 (erigon_development)"
Sep 24 22:57:18.654 INF API: test ended suite=0 test=259 pass=false
Sep 24 22:57:18.655 INF API: test started suite=0 test=260 name="interop/mcopy-prestate-55 (erigon_development)"
Sep 24 22:57:18.657 INF API: test ended suite=0 test=260 pass=false
Sep 24 22:57:18.658 INF API: test started suite=0 test=261 name="interop/mcopy-prestate-56 (erigon_development)"
Sep 24 22:57:18.660 INF API: test ended suite=0 test=261 pass=false
Sep 24 22:57:18.661 INF API: test started suite=0 test=262 name="interop/mcopy-trace-55 (erigon_development)"
Sep 24 22:57:18.664 INF API: test ended suite=0 test=262 pass=false
Sep 24 22:57:18.665 INF API: test started suite=0 test=263 name="interop/mcopy-trace-56 (erigon_development)"
Sep 24 22:57:18.667 INF API: test ended suite=0 test=263 pass=false
Sep 24 22:57:18.668 INF API: test started suite=0 test=264 name="interop/replay-35 (erigon_development)"
Sep 24 22:57:18.670 INF API: test ended suite=0 test=264 pass=false
Sep 24 22:57:18.671 INF API: test started suite=0 test=265 name="interop/replay-36 (erigon_development)"
Sep 24 22:57:18.674 INF API: test ended suite=0 test=265 pass=false
Sep 24 22:57:18.675 INF API: test started suite=0 test=266 name="interop/replay-47 (erigon_development)"
Sep 24 22:57:18.678 INF API: test ended suite=0 test=266 pass=false
Sep 24 22:57:18.679 INF API: test started suite=0 test=267 name="interop/replay-48 (erigon_development)"
Sep 24 22:57:18.682 INF API: test ended suite=0 test=267 pass=false
Sep 24 22:57:18.682 INF API: test started suite=0 test=268 name="interop/replay-51 (erigon_development)"
Sep 24 22:57:18.686 INF API: test ended suite=0 test=268 pass=false
Sep 24 22:57:18.686 INF API: test started suite=0 test=269 name="interop/replay-52 (erigon_development)"
Sep 24 22:57:18.689 INF API: test ended suite=0 test=269 pass=false
Sep 24 22:57:18.690 INF API: test started suite=0 test=270 name="interop/replay-55 (erigon_development)"
Sep 24 22:57:18.692 INF API: test ended suite=0 test=270 pass=false
Sep 24 22:57:18.693 INF API: test started suite=0 test=271 name="interop/replay-56 (erigon_development)"
Sep 24 22:57:18.696 INF API: test ended suite=0 test=271 pass=false
Sep 24 22:57:18.696 INF API: test started suite=0 test=272 name="interop/replay-59 (erigon_development)"
Sep 24 22:57:18.699 INF API: test ended suite=0 test=272 pass=false
Sep 24 22:57:18.700 INF API: test started suite=0 test=273 name="interop/replay-60 (erigon_development)"
Sep 24 22:57:18.703 INF API: test ended suite=0 test=273 pass=false
Sep 24 22:57:18.704 INF API: test started suite=0 test=274 name="interop/system-beacon-55-560 (erigon_development)"
Sep 24 22:57:18.707 INF API: test ended suite=0 test=274 pass=false
Sep 24 22:57:18.707 INF API: test started suite=0 test=275 name="interop/system-beacon-55-8751 (erigon_development)"
Sep 24 22:57:18.710 INF API: test ended suite=0 test=275 pass=false
Sep 24 22:57:18.711 INF API: test started suite=0 test=276 name="interop/system-beacon-56-560 (erigon_development)"
Sep 24 22:57:18.713 INF API: test ended suite=0 test=276 pass=false
Sep 24 22:57:18.714 INF API: test started suite=0 test=277 name="interop/system-beacon-56-8751 (erigon_development)"
Sep 24 22:57:18.716 INF API: test ended suite=0 test=277 pass=false
Sep 24 22:57:18.717 INF API: test started suite=0 test=278 name="interop/system-beacon-57-560 (erigon_development)"
Sep 24 22:57:18.731 INF API: test ended suite=0 test=278 pass=false
Sep 24 22:57:18.732 INF API: test started suite=0 test=279 name="interop/system-beacon-57-8751 (erigon_development)"
Sep 24 22:57:18.733 INF API: test ended suite=0 test=279 pass=false
Sep 24 22:57:18.872 INF API: test ended suite=0 test=187 pass=true
Sep 24 22:57:18.874 INF API: test started suite=0 test=280 name="client launch (erigon_release)"
Sep 24 22:57:19.719 INF API: client erigon_release started suite=0 test=280 container=a5528935
Sep 24 22:57:19.728 INF API: test started suite=0 test=281 name="interop/_control/head (erigon_release)"
Sep 24 22:57:19.731 INF API: test ended suite=0 test=281 pass=false
Sep 24 22:57:19.732 INF API: test started suite=0 test=282 name="interop/_control/latest (erigon_release)"
Sep 24 22:57:19.734 INF API: test ended suite=0 test=282 pass=false
Sep 24 22:57:19.735 INF API: test started suite=0 test=283 name="interop/_control/receipt/0x03a4bc78840db70e9b34ed52a9b17a34d4c72011731e9d7c36c962cda16c5b17 (erigon_release)"
Sep 24 22:57:19.738 INF API: test ended suite=0 test=283 pass=false
Sep 24 22:57:19.738 INF API: test started suite=0 test=284 name="interop/_control/receipt/0x0c68db54417efe088e4000b2c274e0ae72f58d3fb80be5274f4dde231fb0b53d (erigon_release)"
Sep 24 22:57:19.741 INF API: test ended suite=0 test=284 pass=false
Sep 24 22:57:19.742 INF API: test started suite=0 test=285 name="interop/_control/receipt/0x1276cda02bb88cd6b116024f7eb9ad89ee88c24a3f929fc67642cf8eb060e4fc (erigon_release)"
Sep 24 22:57:19.744 INF API: test ended suite=0 test=285 pass=false
Sep 24 22:57:19.745 INF API: test started suite=0 test=286 name="interop/_control/receipt/0x269517da790ccc02577056426570550beac8d70ec0c0a3f407a8ffea3d80acc0 (erigon_release)"
Sep 24 22:57:19.748 INF API: test ended suite=0 test=286 pass=false
Sep 24 22:57:19.749 INF API: test started suite=0 test=287 name="interop/_control/receipt/0x2eeede94c04e0a644f532b31b9cb71387ba69a26323fed48fa3a7dae6eb23084 (erigon_release)"
Sep 24 22:57:19.752 INF API: test ended suite=0 test=287 pass=false
Sep 24 22:57:19.753 INF API: test started suite=0 test=288 name="interop/_control/receipt/0x38287a4cde4cb8f1b78c6c29880a5721ddda573f6d15413753a1e0546b996c1d (erigon_release)"
Sep 24 22:57:19.755 INF API: test ended suite=0 test=288 pass=false
Sep 24 22:57:19.756 INF API: test started suite=0 test=289 name="interop/_control/receipt/0x3af8b2d42d7d74bb5ce1c5e9043f767d0808e4a269784db66f09edeee022e4ec (erigon_release)"
Sep 24 22:57:19.761 INF API: test ended suite=0 test=289 pass=false
Sep 24 22:57:19.762 INF API: test started suite=0 test=290 name="interop/_control/receipt/0x485156c6fb5117ef740b7f2fd07fa3b59aaa8f63268e2f6b55663a5e532bd2d5 (erigon_release)"
Sep 24 22:57:19.765 INF API: test ended suite=0 test=290 pass=false
Sep 24 22:57:19.766 INF API: test started suite=0 test=291 name="interop/_control/receipt/0x49771ec1756a3196f6302d643791d97e345923ecb628472fe369a7895e3d9ef3 (erigon_release)"
Sep 24 22:57:19.768 INF API: test ended suite=0 test=291 pass=false
Sep 24 22:57:19.769 INF API: test started suite=0 test=292 name="interop/_control/receipt/0x4ba8c63a6eb76028beb54b621d0aebcb4408b53cfe3221a03426c5d5940d5107 (erigon_release)"
Sep 24 22:57:19.772 INF API: test ended suite=0 test=292 pass=false
Sep 24 22:57:19.773 INF API: test started suite=0 test=293 name="interop/_control/receipt/0x4cd560128a9866daaeb440cc4bd884d87396ad816188b6a097af17350fdef754 (erigon_release)"
Sep 24 22:57:19.776 INF API: test ended suite=0 test=293 pass=false
Sep 24 22:57:19.777 INF API: test started suite=0 test=294 name="interop/_control/receipt/0x5f8744bbc1ccfe48c9c5d0dc5003a7578289376fca7ca6c58b133b36e8e9029b (erigon_release)"
Sep 24 22:57:19.779 INF API: test ended suite=0 test=294 pass=false
Sep 24 22:57:19.780 INF API: test started suite=0 test=295 name="interop/_control/receipt/0x63debd7bcab14a95198660dfe794ca12fd2a34b24f780dd7572c55f2a58735b3 (erigon_release)"
Sep 24 22:57:19.783 INF API: test ended suite=0 test=295 pass=false
Sep 24 22:57:19.784 INF API: test started suite=0 test=296 name="interop/_control/receipt/0x6d172e7e8ec79c2f0c2e8c935a52ff48a3d39e20759767badf37fed372fbae77 (erigon_release)"
Sep 24 22:57:19.786 INF API: test ended suite=0 test=296 pass=false
Sep 24 22:57:19.787 INF API: test started suite=0 test=297 name="interop/_control/receipt/0x76430fba1b629206573ad53847b0bc7e9f80161b0e79750803715a8fb1bc5955 (erigon_release)"
Sep 24 22:57:19.789 INF API: test ended suite=0 test=297 pass=false
Sep 24 22:57:19.790 INF API: test started suite=0 test=298 name="interop/_control/receipt/0x7a4a9d54552bc6b4b024a707408e6c304ead4f2de44a131ecb98c03998b1f153 (erigon_release)"
Sep 24 22:57:19.793 INF API: test ended suite=0 test=298 pass=false
Sep 24 22:57:19.793 INF API: test started suite=0 test=299 name="interop/_control/receipt/0x87d8ef31d0d35ae040f2998b90fd61eeb04882b21f189c521bec5c3cefb416d2 (erigon_release)"
Sep 24 22:57:19.796 INF API: test ended suite=0 test=299 pass=false
Sep 24 22:57:19.797 INF API: test started suite=0 test=300 name="interop/_control/receipt/0x894d679a5f0efe3beb6fa7e13b7c92c6c223c815f625a77be692533f73e21eb2 (erigon_release)"
Sep 24 22:57:19.799 INF API: test ended suite=0 test=300 pass=false
Sep 24 22:57:19.800 INF API: test started suite=0 test=301 name="interop/_control/receipt/0xa23373d1e4fa559fc33ffb791665855530831c83d0c241ef6b2d3f46a5f448f4 (erigon_release)"
Sep 24 22:57:19.802 INF API: test ended suite=0 test=301 pass=false
Sep 24 22:57:19.803 INF API: test started suite=0 test=302 name="interop/_control/receipt/0xa263812c1fe6b84efc195c1762cb0f4fccb198b1b5657df7b435e3343bcab1fa (erigon_release)"
Sep 24 22:57:19.806 INF API: test ended suite=0 test=302 pass=false
Sep 24 22:57:19.807 INF API: test started suite=0 test=303 name="interop/_control/receipt/0xa7a765e9f45b0ddcc07a023677846e2bfeb53f68ebb3deb3bcbfda3a6754f803 (erigon_release)"
Sep 24 22:57:19.809 INF API: test ended suite=0 test=303 pass=false
Sep 24 22:57:19.810 INF API: test started suite=0 test=304 name="interop/_control/receipt/0xcb6cc0f2c24bd58148d690e7c202ffffdc0ed017e2ca6e6a744d8d3698e38091 (erigon_release)"
Sep 24 22:57:19.812 INF API: test ended suite=0 test=304 pass=false
Sep 24 22:57:19.813 INF API: test started suite=0 test=305 name="interop/_control/receipt/0xd29a6a56a495a4e78a91c5176cd643bd729df3c17253daf839e9b0921cb27bb7 (erigon_release)"
Sep 24 22:57:19.816 INF API: test ended suite=0 test=305 pass=false
Sep 24 22:57:19.817 INF API: test started suite=0 test=306 name="interop/_control/receipt/0xd7822fd23594d52bc98493786233edb857cbeee469a3148b5780e076a53985db (erigon_release)"
Sep 24 22:57:19.819 INF API: test ended suite=0 test=306 pass=false
Sep 24 22:57:19.820 INF API: test started suite=0 test=307 name="interop/_control/receipt/0xe4c4e6a9105669372c4eb7fe40af9f521ee1f58d6b0f73d85f32af95189c3876 (erigon_release)"
Sep 24 22:57:19.823 INF API: test ended suite=0 test=307 pass=false
Sep 24 22:57:19.823 INF API: test started suite=0 test=308 name="interop/_control/receipt/0xedc4ae6e22147d1f6f417fb53747ccdd61ea8bf8bc04b6aa10b69c59187ac325 (erigon_release)"
Sep 24 22:57:19.825 INF API: test ended suite=0 test=308 pass=false
Sep 24 22:57:19.826 INF API: test started suite=0 test=309 name="interop/_control/receipt/0xfaf95f0248bf8587ba17feda97333e872894f94ab3b418bfab84287e76d89b79 (erigon_release)"
Sep 24 22:57:19.828 INF API: test ended suite=0 test=309 pass=false
Sep 24 22:57:19.829 INF API: test started suite=0 test=310 name="interop/_control/version (erigon_release)"
Sep 24 22:57:19.831 INF API: test ended suite=0 test=310 pass=false
Sep 24 22:57:19.832 INF API: test started suite=0 test=311 name="interop/block-35 (erigon_release)"
Sep 24 22:57:19.834 INF API: test ended suite=0 test=311 pass=false
Sep 24 22:57:19.834 INF API: test started suite=0 test=312 name="interop/block-36 (erigon_release)"
Sep 24 22:57:19.837 INF API: test ended suite=0 test=312 pass=false
Sep 24 22:57:19.838 INF API: test started suite=0 test=313 name="interop/block-47 (erigon_release)"
Sep 24 22:57:19.840 INF API: test ended suite=0 test=313 pass=false
Sep 24 22:57:19.841 INF API: test started suite=0 test=314 name="interop/block-48 (erigon_release)"
Sep 24 22:57:19.844 INF API: test ended suite=0 test=314 pass=false
Sep 24 22:57:19.845 INF API: test started suite=0 test=315 name="interop/block-51 (erigon_release)"
Sep 24 22:57:19.847 INF API: test ended suite=0 test=315 pass=false
Sep 24 22:57:19.848 INF API: test started suite=0 test=316 name="interop/block-52 (erigon_release)"
Sep 24 22:57:19.850 INF API: test ended suite=0 test=316 pass=false
Sep 24 22:57:19.851 INF API: test started suite=0 test=317 name="interop/block-55 (erigon_release)"
Sep 24 22:57:19.853 INF API: test ended suite=0 test=317 pass=false
Sep 24 22:57:19.854 INF API: test started suite=0 test=318 name="interop/block-56 (erigon_release)"
Sep 24 22:57:19.857 INF API: test ended suite=0 test=318 pass=false
Sep 24 22:57:19.858 INF API: test started suite=0 test=319 name="interop/block-59 (erigon_release)"
Sep 24 22:57:19.860 INF API: test ended suite=0 test=319 pass=false
Sep 24 22:57:19.861 INF API: test started suite=0 test=320 name="interop/block-60 (erigon_release)"
Sep 24 22:57:19.864 INF API: test ended suite=0 test=320 pass=false
Sep 24 22:57:19.864 INF API: test started suite=0 test=321 name="interop/control-head (erigon_release)"
Sep 24 22:57:19.867 INF API: test ended suite=0 test=321 pass=false
Sep 24 22:57:19.868 INF API: test started suite=0 test=322 name="interop/control-height (erigon_release)"
Sep 24 22:57:19.870 INF API: test ended suite=0 test=322 pass=false
Sep 24 22:57:19.870 INF API: test started suite=0 test=323 name="interop/control-version (erigon_release)"
Sep 24 22:57:19.873 INF API: test ended suite=0 test=323 pass=false
Sep 24 22:57:19.873 INF API: test started suite=0 test=324 name="interop/destroy-prestate-55 (erigon_release)"
Sep 24 22:57:19.877 INF API: test ended suite=0 test=324 pass=false
Sep 24 22:57:19.877 INF API: test started suite=0 test=325 name="interop/destroy-prestate-56 (erigon_release)"
Sep 24 22:57:19.880 INF API: test ended suite=0 test=325 pass=false
Sep 24 22:57:19.881 INF API: test started suite=0 test=326 name="interop/destroy-trace-55 (erigon_release)"
Sep 24 22:57:19.883 INF API: test ended suite=0 test=326 pass=false
Sep 24 22:57:19.884 INF API: test started suite=0 test=327 name="interop/destroy-trace-56 (erigon_release)"
Sep 24 22:57:19.887 INF API: test ended suite=0 test=327 pass=false
Sep 24 22:57:19.888 INF API: test started suite=0 test=328 name="interop/filter-35 (erigon_release)"
Sep 24 22:57:19.891 INF API: test ended suite=0 test=328 pass=false
Sep 24 22:57:19.892 INF API: test started suite=0 test=329 name="interop/filter-36 (erigon_release)"
Sep 24 22:57:19.895 INF API: test ended suite=0 test=329 pass=false
Sep 24 22:57:19.896 INF API: test started suite=0 test=330 name="interop/filter-47 (erigon_release)"
Sep 24 22:57:19.899 INF API: test ended suite=0 test=330 pass=false
Sep 24 22:57:19.900 INF API: test started suite=0 test=331 name="interop/filter-48 (erigon_release)"
Sep 24 22:57:19.903 INF API: test ended suite=0 test=331 pass=false
Sep 24 22:57:19.904 INF API: test started suite=0 test=332 name="interop/filter-51 (erigon_release)"
Sep 24 22:57:19.908 INF API: test ended suite=0 test=332 pass=false
Sep 24 22:57:19.909 INF API: test started suite=0 test=333 name="interop/filter-52 (erigon_release)"
Sep 24 22:57:19.911 INF API: test ended suite=0 test=333 pass=false
Sep 24 22:57:19.912 INF API: test started suite=0 test=334 name="interop/filter-55 (erigon_release)"
Sep 24 22:57:19.915 INF API: test ended suite=0 test=334 pass=false
Sep 24 22:57:19.915 INF API: test started suite=0 test=335 name="interop/filter-56 (erigon_release)"
Sep 24 22:57:19.918 INF API: test ended suite=0 test=335 pass=false
Sep 24 22:57:19.919 INF API: test started suite=0 test=336 name="interop/filter-59 (erigon_release)"
Sep 24 22:57:19.922 INF API: test ended suite=0 test=336 pass=false
Sep 24 22:57:19.922 INF API: test started suite=0 test=337 name="interop/filter-60 (erigon_release)"
Sep 24 22:57:19.925 INF API: test ended suite=0 test=337 pass=false
Sep 24 22:57:19.926 INF API: test started suite=0 test=338 name="interop/filter-across-36 (erigon_release)"
Sep 24 22:57:19.930 INF API: test ended suite=0 test=338 pass=false
Sep 24 22:57:19.930 INF API: test started suite=0 test=339 name="interop/filter-across-48 (erigon_release)"
Sep 24 22:57:19.933 INF API: test ended suite=0 test=339 pass=false
Sep 24 22:57:19.934 INF API: test started suite=0 test=340 name="interop/filter-across-52 (erigon_release)"
Sep 24 22:57:19.937 INF API: test ended suite=0 test=340 pass=false
Sep 24 22:57:19.938 INF API: test started suite=0 test=341 name="interop/filter-across-56 (erigon_release)"
Sep 24 22:57:19.941 INF API: test ended suite=0 test=341 pass=false
Sep 24 22:57:19.941 INF API: test started suite=0 test=342 name="interop/filter-across-60 (erigon_release)"
Sep 24 22:57:19.945 INF API: test ended suite=0 test=342 pass=false
Sep 24 22:57:19.945 INF API: test started suite=0 test=343 name="interop/header-35 (erigon_release)"
Sep 24 22:57:19.948 INF API: test ended suite=0 test=343 pass=false
Sep 24 22:57:19.948 INF API: test started suite=0 test=344 name="interop/header-36 (erigon_release)"
Sep 24 22:57:19.950 INF API: test ended suite=0 test=344 pass=false
Sep 24 22:57:19.951 INF API: test started suite=0 test=345 name="interop/header-47 (erigon_release)"
Sep 24 22:57:19.953 INF API: test ended suite=0 test=345 pass=false
Sep 24 22:57:19.954 INF API: test started suite=0 test=346 name="interop/header-48 (erigon_release)"
Sep 24 22:57:19.956 INF API: test ended suite=0 test=346 pass=false
Sep 24 22:57:19.957 INF API: test started suite=0 test=347 name="interop/header-51 (erigon_release)"
Sep 24 22:57:19.959 INF API: test ended suite=0 test=347 pass=false
Sep 24 22:57:19.960 INF API: test started suite=0 test=348 name="interop/header-52 (erigon_release)"
Sep 24 22:57:19.964 INF API: test ended suite=0 test=348 pass=false
Sep 24 22:57:19.965 INF API: test started suite=0 test=349 name="interop/header-55 (erigon_release)"
Sep 24 22:57:19.967 INF API: test ended suite=0 test=349 pass=false
Sep 24 22:57:19.968 INF API: test started suite=0 test=350 name="interop/header-56 (erigon_release)"
Sep 24 22:57:19.970 INF API: test ended suite=0 test=350 pass=false
Sep 24 22:57:19.971 INF API: test started suite=0 test=351 name="interop/header-59 (erigon_release)"
Sep 24 22:57:19.973 INF API: test ended suite=0 test=351 pass=false
Sep 24 22:57:19.974 INF API: test started suite=0 test=352 name="interop/header-60 (erigon_release)"
Sep 24 22:57:19.976 INF API: test ended suite=0 test=352 pass=false
Sep 24 22:57:19.977 INF API: test started suite=0 test=353 name="interop/mcopy-prestate-55 (erigon_release)"
Sep 24 22:57:19.980 INF API: test ended suite=0 test=353 pass=false
Sep 24 22:57:19.981 INF API: test started suite=0 test=354 name="interop/mcopy-prestate-56 (erigon_release)"
Sep 24 22:57:19.983 INF API: test ended suite=0 test=354 pass=false
Sep 24 22:57:19.984 INF API: test started suite=0 test=355 name="interop/mcopy-trace-55 (erigon_release)"
Sep 24 22:57:19.987 INF API: test ended suite=0 test=355 pass=false
Sep 24 22:57:19.988 INF API: test started suite=0 test=356 name="interop/mcopy-trace-56 (erigon_release)"
Sep 24 22:57:19.990 INF API: test ended suite=0 test=356 pass=false
Sep 24 22:57:19.991 INF API: test started suite=0 test=357 name="interop/replay-35 (erigon_release)"
Sep 24 22:57:19.994 INF API: test ended suite=0 test=357 pass=false
Sep 24 22:57:19.994 INF API: test started suite=0 test=358 name="interop/replay-36 (erigon_release)"
Sep 24 22:57:19.997 INF API: test ended suite=0 test=358 pass=false
Sep 24 22:57:19.998 INF API: test started suite=0 test=359 name="interop/replay-47 (erigon_release)"
Sep 24 22:57:20.000 INF API: test ended suite=0 test=359 pass=false
Sep 24 22:57:20.002 INF API: test started suite=0 test=360 name="interop/replay-48 (erigon_release)"
Sep 24 22:57:20.004 INF API: test ended suite=0 test=360 pass=false
Sep 24 22:57:20.005 INF API: test started suite=0 test=361 name="interop/replay-51 (erigon_release)"
Sep 24 22:57:20.008 INF API: test ended suite=0 test=361 pass=false
Sep 24 22:57:20.009 INF API: test started suite=0 test=362 name="interop/replay-52 (erigon_release)"
Sep 24 22:57:20.011 INF API: test ended suite=0 test=362 pass=false
Sep 24 22:57:20.011 INF API: test started suite=0 test=363 name="interop/replay-55 (erigon_release)"
Sep 24 22:57:20.014 INF API: test ended suite=0 test=363 pass=false
Sep 24 22:57:20.014 INF API: test started suite=0 test=364 name="interop/replay-56 (erigon_release)"
Sep 24 22:57:20.017 INF API: test ended suite=0 test=364 pass=false
Sep 24 22:57:20.018 INF API: test started suite=0 test=365 name="interop/replay-59 (erigon_release)"
Sep 24 22:57:20.020 INF API: test ended suite=0 test=365 pass=false
Sep 24 22:57:20.021 INF API: test started suite=0 test=366 name="interop/replay-60 (erigon_release)"
Sep 24 22:57:20.024 INF API: test ended suite=0 test=366 pass=false
Sep 24 22:57:20.024 INF API: test started suite=0 test=367 name="interop/system-beacon-55-560 (erigon_release)"
Sep 24 22:57:20.026 INF API: test ended suite=0 test=367 pass=false
Sep 24 22:57:20.027 INF API: test started suite=0 test=368 name="interop/system-beacon-55-8751 (erigon_release)"
Sep 24 22:57:20.029 INF API: test ended suite=0 test=368 pass=false
Sep 24 22:57:20.030 INF API: test started suite=0 test=369 name="interop/system-beacon-56-560 (erigon_release)"
Sep 24 22:57:20.032 INF API: test ended suite=0 test=369 pass=false
Sep 24 22:57:20.033 INF API: test started suite=0 test=370 name="interop/system-beacon-56-8751 (erigon_release)"
Sep 24 22:57:20.036 INF API: test ended suite=0 test=370 pass=false
Sep 24 22:57:20.036 INF API: test started suite=0 test=371 name="interop/system-beacon-57-560 (erigon_release)"
Sep 24 22:57:20.038 INF API: test ended suite=0 test=371 pass=false
Sep 24 22:57:20.039 INF API: test started suite=0 test=372 name="interop/system-beacon-57-8751 (erigon_release)"
Sep 24 22:57:20.041 INF API: test ended suite=0 test=372 pass=false
Sep 24 22:57:20.171 INF API: test ended suite=0 test=280 pass=true
Sep 24 22:57:20.172 INF API: test started suite=0 test=373 name="client launch (go-ethereum_trace)"
Sep 24 22:57:20.819 INF API: client go-ethereum_trace started suite=0 test=373 container=8f3bdf45
Sep 24 22:57:20.828 INF API: test started suite=0 test=374 name="interop/_control/head (go-ethereum_trace)"
Sep 24 22:57:20.831 INF API: test ended suite=0 test=374 pass=false
Sep 24 22:57:20.832 INF API: test started suite=0 test=375 name="interop/_control/latest (go-ethereum_trace)"
Sep 24 22:57:20.837 INF API: test ended suite=0 test=375 pass=false
Sep 24 22:57:20.838 INF API: test started suite=0 test=376 name="interop/_control/receipt/0x03a4bc78840db70e9b34ed52a9b17a34d4c72011731e9d7c36c962cda16c5b17 (go-ethereum_trace)"
Sep 24 22:57:20.841 INF API: test ended suite=0 test=376 pass=false
Sep 24 22:57:20.842 INF API: test started suite=0 test=377 name="interop/_control/receipt/0x0c68db54417efe088e4000b2c274e0ae72f58d3fb80be5274f4dde231fb0b53d (go-ethereum_trace)"
Sep 24 22:57:20.846 INF API: test ended suite=0 test=377 pass=false
Sep 24 22:57:20.847 INF API: test started suite=0 test=378 name="interop/_control/receipt/0x1276cda02bb88cd6b116024f7eb9ad89ee88c24a3f929fc67642cf8eb060e4fc (go-ethereum_trace)"
Sep 24 22:57:20.850 INF API: test ended suite=0 test=378 pass=false
Sep 24 22:57:20.852 INF API: test started suite=0 test=379 name="interop/_control/receipt/0x269517da790ccc02577056426570550beac8d70ec0c0a3f407a8ffea3d80acc0 (go-ethereum_trace)"
Sep 24 22:57:20.855 INF API: test ended suite=0 test=379 pass=false
Sep 24 22:57:20.856 INF API: test started suite=0 test=380 name="interop/_control/receipt/0x2eeede94c04e0a644f532b31b9cb71387ba69a26323fed48fa3a7dae6eb23084 (go-ethereum_trace)"
Sep 24 22:57:20.859 INF API: test ended suite=0 test=380 pass=false
Sep 24 22:57:20.860 INF API: test started suite=0 test=381 name="interop/_control/receipt/0x38287a4cde4cb8f1b78c6c29880a5721ddda573f6d15413753a1e0546b996c1d (go-ethereum_trace)"
Sep 24 22:57:20.864 INF API: test ended suite=0 test=381 pass=false
Sep 24 22:57:20.865 INF API: test started suite=0 test=382 name="interop/_control/receipt/0x3af8b2d42d7d74bb5ce1c5e9043f767d0808e4a269784db66f09edeee022e4ec (go-ethereum_trace)"
Sep 24 22:57:20.868 INF API: test ended suite=0 test=382 pass=false
Sep 24 22:57:20.869 INF API: test started suite=0 test=383 name="interop/_control/receipt/0x485156c6fb5117ef740b7f2fd07fa3b59aaa8f63268e2f6b55663a5e532bd2d5 (go-ethereum_trace)"
Sep 24 22:57:20.874 INF API: test ended suite=0 test=383 pass=false
Sep 24 22:57:20.875 INF API: test started suite=0 test=384 name="interop/_control/receipt/0x49771ec1756a3196f6302d643791d97e345923ecb628472fe369a7895e3d9ef3 (go-ethereum_trace)"
Sep 24 22:57:20.878 INF API: test ended suite=0 test=384 pass=false
Sep 24 22:57:20.879 INF API: test started suite=0 test=385 name="interop/_control/receipt/0x4ba8c63a6eb76028beb54b621d0aebcb4408b53cfe3221a03426c5d5940d5107 (go-ethereum_trace)"
Sep 24 22:57:20.882 INF API: test ended suite=0 test=385 pass=false
Sep 24 22:57:20.883 INF API: test started suite=0 test=386 name="interop/_control/receipt/0x4cd560128a9866daaeb440cc4bd884d87396ad816188b6a097af17350fdef754 (go-ethereum_trace)"
Sep 24 22:57:20.886 INF API: test ended suite=0 test=386 pass=false
Sep 24 22:57:20.887 INF API: test started suite=0 test=387 name="interop/_control/receipt/0x5f8744bbc1ccfe48c9c5d0dc5003a7578289376fca7ca6c58b133b36e8e9029b (go-ethereum_trace)"
Sep 24 22:57:20.890 INF API: test ended suite=0 test=387 pass=false
Sep 24 22:57:20.891 INF API: test started suite=0 test=388 name="interop/_control/receipt/0x63debd7bcab14a95198660dfe794ca12fd2a34b24f780dd7572c55f2a58735b3 (go-ethereum_trace)"
Sep 24 22:57:20.893 INF API: test ended suite=0 test=388 pass=false
Sep 24 22:57:20.894 INF API: test started suite=0 test=389 name="interop/_control/receipt/0x6d172e7e8ec79c2f0c2e8c935a52ff48a3d39e20759767badf37fed372fbae77 (go-ethereum_trace)"
Sep 24 22:57:20.897 INF API: test ended suite=0 test=389 pass=false
Sep 24 22:57:20.897 INF API: test started suite=0 test=390 name="interop/_control/receipt/0x76430fba1b629206573ad53847b0bc7e9f80161b0e79750803715a8fb1bc5955 (go-ethereum_trace)"
Sep 24 22:57:20.900 INF API: test ended suite=0 test=390 pass=false
Sep 24 22:57:20.901 INF API: test started suite=0 test=391 name="interop/_control/receipt/0x7a4a9d54552bc6b4b024a707408e6c304ead4f2de44a131ecb98c03998b1f153 (go-ethereum_trace)"
Sep 24 22:57:20.904 INF API: test ended suite=0 test=391 pass=false
Sep 24 22:57:20.905 INF API: test started suite=0 test=392 name="interop/_control/receipt/0x87d8ef31d0d35ae040f2998b90fd61eeb04882b21f189c521bec5c3cefb416d2 (go-ethereum_trace)"
Sep 24 22:57:20.907 INF API: test ended suite=0 test=392 pass=false
Sep 24 22:57:20.908 INF API: test started suite=0 test=393 name="interop/_control/receipt/0x894d679a5f0efe3beb6fa7e13b7c92c6c223c815f625a77be692533f73e21eb2 (go-ethereum_trace)"
Sep 24 22:57:20.911 INF API: test ended suite=0 test=393 pass=false
Sep 24 22:57:20.912 INF API: test started suite=0 test=394 name="interop/_control/receipt/0xa23373d1e4fa559fc33ffb791665855530831c83d0c241ef6b2d3f46a5f448f4 (go-ethereum_trace)"
Sep 24 22:57:20.915 INF API: test ended suite=0 test=394 pass=false
Sep 24 22:57:20.915 INF API: test started suite=0 test=395 name="interop/_control/receipt/0xa263812c1fe6b84efc195c1762cb0f4fccb198b1b5657df7b435e3343bcab1fa (go-ethereum_trace)"
Sep 24 22:57:20.918 INF API: test ended suite=0 test=395 pass=false
Sep 24 22:57:20.919 INF API: test started suite=0 test=396 name="interop/_control/receipt/0xa7a765e9f45b0ddcc07a023677846e2bfeb53f68ebb3deb3bcbfda3a6754f803 (go-ethereum_trace)"
Sep 24 22:57:20.921 INF API: test ended suite=0 test=396 pass=false
Sep 24 22:57:20.922 INF API: test started suite=0 test=397 name="interop/_control/receipt/0xcb6cc0f2c24bd58148d690e7c202ffffdc0ed017e2ca6e6a744d8d3698e38091 (go-ethereum_trace)"
Sep 24 22:57:20.925 INF API: test ended suite=0 test=397 pass=false
Sep 24 22:57:20.925 INF API: test started suite=0 test=398 name="interop/_control/receipt/0xd29a6a56a495a4e78a91c5176cd643bd729df3c17253daf839e9b0921cb27bb7 (go-ethereum_trace)"
Sep 24 22:57:20.930 INF API: test ended suite=0 test=398 pass=false
Sep 24 22:57:20.931 INF API: test started suite=0 test=399 name="interop/_control/receipt/0xd7822fd23594d52bc98493786233edb857cbeee469a3148b5780e076a53985db (go-ethereum_trace)"
Sep 24 22:57:20.933 INF API: test ended suite=0 test=399 pass=false
Sep 24 22:57:20.934 INF API: test started suite=0 test=400 name="interop/_control/receipt/0xe4c4e6a9105669372c4eb7fe40af9f521ee1f58d6b0f73d85f32af95189c3876 (go-ethereum_trace)"
Sep 24 22:57:20.937 INF API: test ended suite=0 test=400 pass=false
Sep 24 22:57:20.938 INF API: test started suite=0 test=401 name="interop/_control/receipt/0xedc4ae6e22147d1f6f417fb53747ccdd61ea8bf8bc04b6aa10b69c59187ac325 (go-ethereum_trace)"
Sep 24 22:57:20.940 INF API: test ended suite=0 test=401 pass=false
Sep 24 22:57:20.941 INF API: test started suite=0 test=402 name="interop/_control/receipt/0xfaf95f0248bf8587ba17feda97333e872894f94ab3b418bfab84287e76d89b79 (go-ethereum_trace)"
Sep 24 22:57:20.944 INF API: test ended suite=0 test=402 pass=false
Sep 24 22:57:20.945 INF API: test started suite=0 test=403 name="interop/_control/version (go-ethereum_trace)"
Sep 24 22:57:20.947 INF API: test ended suite=0 test=403 pass=false
Sep 24 22:57:20.948 INF API: test started suite=0 test=404 name="interop/block-35 (go-ethereum_trace)"
Sep 24 22:57:20.951 INF API: test ended suite=0 test=404 pass=false
Sep 24 22:57:20.952 INF API: test started suite=0 test=405 name="interop/block-36 (go-ethereum_trace)"
Sep 24 22:57:20.957 INF API: test ended suite=0 test=405 pass=false
Sep 24 22:57:20.957 INF API: test started suite=0 test=406 name="interop/block-47 (go-ethereum_trace)"
Sep 24 22:57:20.961 INF API: test ended suite=0 test=406 pass=false
Sep 24 22:57:20.962 INF API: test started suite=0 test=407 name="interop/block-48 (go-ethereum_trace)"
Sep 24 22:57:20.965 INF API: test ended suite=0 test=407 pass=false
Sep 24 22:57:20.966 INF API: test started suite=0 test=408 name="interop/block-51 (go-ethereum_trace)"
Sep 24 22:57:20.971 INF API: test ended suite=0 test=408 pass=false
Sep 24 22:57:20.971 INF API: test started suite=0 test=409 name="interop/block-52 (go-ethereum_trace)"
Sep 24 22:57:20.975 INF API: test ended suite=0 test=409 pass=false
Sep 24 22:57:20.976 INF API: test started suite=0 test=410 name="interop/block-55 (go-ethereum_trace)"
Sep 24 22:57:20.980 INF API: test ended suite=0 test=410 pass=false
Sep 24 22:57:20.980 INF API: test started suite=0 test=411 name="interop/block-56 (go-ethereum_trace)"
Sep 24 22:57:20.985 INF API: test ended suite=0 test=411 pass=false
Sep 24 22:57:20.985 INF API: test started suite=0 test=412 name="interop/block-59 (go-ethereum_trace)"
Sep 24 22:57:20.989 INF API: test ended suite=0 test=412 pass=false
Sep 24 22:57:20.989 INF API: test started suite=0 test=413 name="interop/block-60 (go-ethereum_trace)"
Sep 24 22:57:20.995 INF API: test ended suite=0 test=413 pass=false
Sep 24 22:57:20.996 INF API: test started suite=0 test=414 name="interop/control-head (go-ethereum_trace)"
Sep 24 22:57:20.998 INF API: test ended suite=0 test=414 pass=false
Sep 24 22:57:20.999 INF API: test started suite=0 test=415 name="interop/control-height (go-ethereum_trace)"
Sep 24 22:57:21.001 INF API: test ended suite=0 test=415 pass=false
Sep 24 22:57:21.002 INF API: test started suite=0 test=416 name="interop/control-version (go-ethereum_trace)"
Sep 24 22:57:21.004 INF API: test ended suite=0 test=416 pass=false
Sep 24 22:57:21.004 INF API: test started suite=0 test=417 name="interop/destroy-prestate-55 (go-ethereum_trace)"
Sep 24 22:57:21.008 INF API: test ended suite=0 test=417 pass=false
Sep 24 22:57:21.009 INF API: test started suite=0 test=418 name="interop/destroy-prestate-56 (go-ethereum_trace)"
Sep 24 22:57:21.011 INF API: test ended suite=0 test=418 pass=false
Sep 24 22:57:21.012 INF API: test started suite=0 test=419 name="interop/destroy-trace-55 (go-ethereum_trace)"
Sep 24 22:57:21.014 INF API: test ended suite=0 test=419 pass=false
Sep 24 22:57:21.015 INF API: test started suite=0 test=420 name="interop/destroy-trace-56 (go-ethereum_trace)"
Sep 24 22:57:21.018 INF API: test ended suite=0 test=420 pass=false
Sep 24 22:57:21.019 INF API: test started suite=0 test=421 name="interop/filter-35 (go-ethereum_trace)"
Sep 24 22:57:21.022 INF API: test ended suite=0 test=421 pass=false
Sep 24 22:57:21.022 INF API: test started suite=0 test=422 name="interop/filter-36 (go-ethereum_trace)"
Sep 24 22:57:21.026 INF API: test ended suite=0 test=422 pass=false
Sep 24 22:57:21.026 INF API: test started suite=0 test=423 name="interop/filter-47 (go-ethereum_trace)"
Sep 24 22:57:21.029 INF API: test ended suite=0 test=423 pass=false
Sep 24 22:57:21.030 INF API: test started suite=0 test=424 name="interop/filter-48 (go-ethereum_trace)"
Sep 24 22:57:21.032 INF API: test ended suite=0 test=424 pass=false
Sep 24 22:57:21.033 INF API: test started suite=0 test=425 name="interop/filter-51 (go-ethereum_trace)"
Sep 24 22:57:21.036 INF API: test ended suite=0 test=425 pass=false
Sep 24 22:57:21.037 INF API: test started suite=0 test=426 name="interop/filter-52 (go-ethereum_trace)"
Sep 24 22:57:21.039 INF API: test ended suite=0 test=426 pass=false
Sep 24 22:57:21.040 INF API: test started suite=0 test=427 name="interop/filter-55 (go-ethereum_trace)"
Sep 24 22:57:21.042 INF API: test ended suite=0 test=427 pass=false
Sep 24 22:57:21.043 INF API: test started suite=0 test=428 name="interop/filter-56 (go-ethereum_trace)"
Sep 24 22:57:21.045 INF API: test ended suite=0 test=428 pass=false
Sep 24 22:57:21.046 INF API: test started suite=0 test=429 name="interop/filter-59 (go-ethereum_trace)"
Sep 24 22:57:21.048 INF API: test ended suite=0 test=429 pass=false
Sep 24 22:57:21.050 INF API: test started suite=0 test=430 name="interop/filter-60 (go-ethereum_trace)"
Sep 24 22:57:21.053 INF API: test ended suite=0 test=430 pass=false
Sep 24 22:57:21.053 INF API: test started suite=0 test=431 name="interop/filter-across-36 (go-ethereum_trace)"
Sep 24 22:57:21.059 INF API: test ended suite=0 test=431 pass=false
Sep 24 22:57:21.060 INF API: test started suite=0 test=432 name="interop/filter-across-48 (go-ethereum_trace)"
Sep 24 22:57:21.063 INF API: test ended suite=0 test=432 pass=false
Sep 24 22:57:21.063 INF API: test started suite=0 test=433 name="interop/filter-across-52 (go-ethereum_trace)"
Sep 24 22:57:21.067 INF API: test ended suite=0 test=433 pass=false
Sep 24 22:57:21.068 INF API: test started suite=0 test=434 name="interop/filter-across-56 (go-ethereum_trace)"
Sep 24 22:57:21.071 INF API: test ended suite=0 test=434 pass=false
Sep 24 22:57:21.071 INF API: test started suite=0 test=435 name="interop/filter-across-60 (go-ethereum_trace)"
Sep 24 22:57:21.075 INF API: test ended suite=0 test=435 pass=false
Sep 24 22:57:21.076 INF API: test started suite=0 test=436 name="interop/header-35 (go-ethereum_trace)"
Sep 24 22:57:21.079 INF API: test ended suite=0 test=436 pass=false
Sep 24 22:57:21.079 INF API: test started suite=0 test=437 name="interop/header-36 (go-ethereum_trace)"
Sep 24 22:57:21.082 INF API: test ended suite=0 test=437 pass=false
Sep 24 22:57:21.083 INF API: test started suite=0 test=438 name="interop/header-47 (go-ethereum_trace)"
Sep 24 22:57:21.085 INF API: test ended suite=0 test=438 pass=false
Sep 24 22:57:21.086 INF API: test started suite=0 test=439 name="interop/header-48 (go-ethereum_trace)"
Sep 24 22:57:21.088 INF API: test ended suite=0 test=439 pass=false
Sep 24 22:57:21.089 INF API: test started suite=0 test=440 name="interop/header-51 (go-ethereum_trace)"
Sep 24 22:57:21.092 INF API: test ended suite=0 test=440 pass=false
Sep 24 22:57:21.092 INF API: test started suite=0 test=441 name="interop/header-52 (go-ethereum_trace)"
Sep 24 22:57:21.095 INF API: test ended suite=0 test=441 pass=false
Sep 24 22:57:21.096 INF API: test started suite=0 test=442 name="interop/header-55 (go-ethereum_trace)"
Sep 24 22:57:21.098 INF API: test ended suite=0 test=442 pass=false
Sep 24 22:57:21.099 INF API: test started suite=0 test=443 name="interop/header-56 (go-ethereum_trace)"
Sep 24 22:57:21.101 INF API: test ended suite=0 test=443 pass=false
Sep 24 22:57:21.102 INF API: test started suite=0 test=444 name="interop/header-59 (go-ethereum_trace)"
Sep 24 22:57:21.104 INF API: test ended suite=0 test=444 pass=false
Sep 24 22:57:21.105 INF API: test started suite=0 test=445 name="interop/header-60 (go-ethereum_trace)"
Sep 24 22:57:21.107 INF API: test ended suite=0 test=445 pass=false
Sep 24 22:57:21.108 INF API: test started suite=0 test=446 name="interop/mcopy-prestate-55 (go-ethereum_trace)"
Sep 24 22:57:21.110 INF API: test ended suite=0 test=446 pass=false
Sep 24 22:57:21.111 INF API: test started suite=0 test=447 name="interop/mcopy-prestate-56 (go-ethereum_trace)"
Sep 24 22:57:21.113 INF API: test ended suite=0 test=447 pass=false
Sep 24 22:57:21.114 INF API: test started suite=0 test=448 name="interop/mcopy-trace-55 (go-ethereum_trace)"
Sep 24 22:57:21.116 INF API: test ended suite=0 test=448 pass=false
Sep 24 22:57:21.117 INF API: test started suite=0 test=449 name="interop/mcopy-trace-56 (go-ethereum_trace)"
Sep 24 22:57:21.120 INF API: test ended suite=0 test=449 pass=false
Sep 24 22:57:21.120 INF API: test started suite=0 test=450 name="interop/replay-35 (go-ethereum_trace)"
Sep 24 22:57:21.123 INF API: test ended suite=0 test=450 pass=false
Sep 24 22:57:21.124 INF API: test started suite=0 test=451 name="interop/replay-36 (go-ethereum_trace)"
Sep 24 22:57:21.128 INF API: test ended suite=0 test=451 pass=false
Sep 24 22:57:21.128 INF API: test started suite=0 test=452 name="interop/replay-47 (go-ethereum_trace)"
Sep 24 22:57:21.131 INF API: test ended suite=0 test=452 pass=false
Sep 24 22:57:21.132 INF API: test started suite=0 test=453 name="interop/replay-48 (go-ethereum_trace)"
Sep 24 22:57:21.135 INF API: test ended suite=0 test=453 pass=false
Sep 24 22:57:21.135 INF API: test started suite=0 test=454 name="interop/replay-51 (go-ethereum_trace)"
Sep 24 22:57:21.138 INF API: test ended suite=0 test=454 pass=false
Sep 24 22:57:21.139 INF API: test started suite=0 test=455 name="interop/replay-52 (go-ethereum_trace)"
Sep 24 22:57:21.142 INF API: test ended suite=0 test=455 pass=false
Sep 24 22:57:21.143 INF API: test started suite=0 test=456 name="interop/replay-55 (go-ethereum_trace)"
Sep 24 22:57:21.145 INF API: test ended suite=0 test=456 pass=false
Sep 24 22:57:21.146 INF API: test started suite=0 test=457 name="interop/replay-56 (go-ethereum_trace)"
Sep 24 22:57:21.149 INF API: test ended suite=0 test=457 pass=false
Sep 24 22:57:21.150 INF API: test started suite=0 test=458 name="interop/replay-59 (go-ethereum_trace)"
Sep 24 22:57:21.153 INF API: test ended suite=0 test=458 pass=false
Sep 24 22:57:21.154 INF API: test started suite=0 test=459 name="interop/replay-60 (go-ethereum_trace)"
Sep 24 22:57:21.157 INF API: test ended suite=0 test=459 pass=false
Sep 24 22:57:21.158 INF API: test started suite=0 test=460 name="interop/system-beacon-55-560 (go-ethereum_trace)"
Sep 24 22:57:21.160 INF API: test ended suite=0 test=460 pass=false
Sep 24 22:57:21.160 INF API: test started suite=0 test=461 name="interop/system-beacon-55-8751 (go-ethereum_trace)"
Sep 24 22:57:21.162 INF API: test ended suite=0 test=461 pass=false
Sep 24 22:57:21.163 INF API: test started suite=0 test=462 name="interop/system-beacon-56-560 (go-ethereum_trace)"
Sep 24 22:57:21.164 INF API: test ended suite=0 test=462 pass=false
Sep 24 22:57:21.165 INF API: test started suite=0 test=463 name="interop/system-beacon-56-8751 (go-ethereum_trace)"
Sep 24 22:57:21.167 INF API: test ended suite=0 test=463 pass=false
Sep 24 22:57:21.168 INF API: test started suite=0 test=464 name="interop/system-beacon-57-560 (go-ethereum_trace)"
Sep 24 22:57:21.170 INF API: test ended suite=0 test=464 pass=false
Sep 24 22:57:21.171 INF API: test started suite=0 test=465 name="interop/system-beacon-57-8751 (go-ethereum_trace)"
Sep 24 22:57:21.173 INF API: test ended suite=0 test=465 pass=false
Sep 24 22:57:21.310 INF API: test ended suite=0 test=373 pass=true
Sep 24 22:57:21.311 INF API: test started suite=0 test=466 name="client launch (nethermind_development)"
Sep 24 22:57:29.067 INF API: client nethermind_development started suite=0 test=466 container=b236afe2
Sep 24 22:57:29.216 INF API: test started suite=0 test=467 name="interop/_control/head (nethermind_development)"
Sep 24 22:57:29.221 INF API: test ended suite=0 test=467 pass=false
Sep 24 22:57:29.222 INF API: test started suite=0 test=468 name="interop/_control/latest (nethermind_development)"
Sep 24 22:57:29.226 INF API: test ended suite=0 test=468 pass=false
Sep 24 22:57:29.226 INF API: test started suite=0 test=469 name="interop/_control/receipt/0x03a4bc78840db70e9b34ed52a9b17a34d4c72011731e9d7c36c962cda16c5b17 (nethermind_development)"
Sep 24 22:57:29.248 INF API: test ended suite=0 test=469 pass=false
Sep 24 22:57:29.249 INF API: test started suite=0 test=470 name="interop/_control/receipt/0x0c68db54417efe088e4000b2c274e0ae72f58d3fb80be5274f4dde231fb0b53d (nethermind_development)"
Sep 24 22:57:29.252 INF API: test ended suite=0 test=470 pass=false
Sep 24 22:57:29.253 INF API: test started suite=0 test=471 name="interop/_control/receipt/0x1276cda02bb88cd6b116024f7eb9ad89ee88c24a3f929fc67642cf8eb060e4fc (nethermind_development)"
Sep 24 22:57:29.255 INF API: test ended suite=0 test=471 pass=false
Sep 24 22:57:29.256 INF API: test started suite=0 test=472 name="interop/_control/receipt/0x269517da790ccc02577056426570550beac8d70ec0c0a3f407a8ffea3d80acc0 (nethermind_development)"
Sep 24 22:57:29.261 INF API: test ended suite=0 test=472 pass=false
Sep 24 22:57:29.262 INF API: test started suite=0 test=473 name="interop/_control/receipt/0x2eeede94c04e0a644f532b31b9cb71387ba69a26323fed48fa3a7dae6eb23084 (nethermind_development)"
Sep 24 22:57:29.265 INF API: test ended suite=0 test=473 pass=false
Sep 24 22:57:29.266 INF API: test started suite=0 test=474 name="interop/_control/receipt/0x38287a4cde4cb8f1b78c6c29880a5721ddda573f6d15413753a1e0546b996c1d (nethermind_development)"
Sep 24 22:57:29.268 INF API: test ended suite=0 test=474 pass=false
Sep 24 22:57:29.269 INF API: test started suite=0 test=475 name="interop/_control/receipt/0x3af8b2d42d7d74bb5ce1c5e9043f767d0808e4a269784db66f09edeee022e4ec (nethermind_development)"
Sep 24 22:57:29.271 INF API: test ended suite=0 test=475 pass=false
Sep 24 22:57:29.272 INF API: test started suite=0 test=476 name="interop/_control/receipt/0x485156c6fb5117ef740b7f2fd07fa3b59aaa8f63268e2f6b55663a5e532bd2d5 (nethermind_development)"
Sep 24 22:57:29.275 INF API: test ended suite=0 test=476 pass=false
Sep 24 22:57:29.275 INF API: test started suite=0 test=477 name="interop/_control/receipt/0x49771ec1756a3196f6302d643791d97e345923ecb628472fe369a7895e3d9ef3 (nethermind_development)"
Sep 24 22:57:29.278 INF API: test ended suite=0 test=477 pass=false
Sep 24 22:57:29.278 INF API: test started suite=0 test=478 name="interop/_control/receipt/0x4ba8c63a6eb76028beb54b621d0aebcb4408b53cfe3221a03426c5d5940d5107 (nethermind_development)"
Sep 24 22:57:29.281 INF API: test ended suite=0 test=478 pass=false
Sep 24 22:57:29.281 INF API: test started suite=0 test=479 name="interop/_control/receipt/0x4cd560128a9866daaeb440cc4bd884d87396ad816188b6a097af17350fdef754 (nethermind_development)"
Sep 24 22:57:29.284 INF API: test ended suite=0 test=479 pass=false
Sep 24 22:57:29.284 INF API: test started suite=0 test=480 name="interop/_control/receipt/0x5f8744bbc1ccfe48c9c5d0dc5003a7578289376fca7ca6c58b133b36e8e9029b (nethermind_development)"
Sep 24 22:57:29.286 INF API: test ended suite=0 test=480 pass=false
Sep 24 22:57:29.287 INF API: test started suite=0 test=481 name="interop/_control/receipt/0x63debd7bcab14a95198660dfe794ca12fd2a34b24f780dd7572c55f2a58735b3 (nethermind_development)"
Sep 24 22:57:29.289 INF API: test ended suite=0 test=481 pass=false
Sep 24 22:57:29.290 INF API: test started suite=0 test=482 name="interop/_control/receipt/0x6d172e7e8ec79c2f0c2e8c935a52ff48a3d39e20759767badf37fed372fbae77 (nethermind_development)"
Sep 24 22:57:29.292 INF API: test ended suite=0 test=482 pass=false
Sep 24 22:57:29.293 INF API: test started suite=0 test=483 name="interop/_control/receipt/0x76430fba1b629206573ad53847b0bc7e9f80161b0e79750803715a8fb1bc5955 (nethermind_development)"
Sep 24 22:57:29.295 INF API: test ended suite=0 test=483 pass=false
Sep 24 22:57:29.296 INF API: test started suite=0 test=484 name="interop/_control/receipt/0x7a4a9d54552bc6b4b024a707408e6c304ead4f2de44a131ecb98c03998b1f153 (nethermind_development)"
Sep 24 22:57:29.298 INF API: test ended suite=0 test=484 pass=false
Sep 24 22:57:29.299 INF API: test started suite=0 test=485 name="interop/_control/receipt/0x87d8ef31d0d35ae040f2998b90fd61eeb04882b21f189c521bec5c3cefb416d2 (nethermind_development)"
Sep 24 22:57:29.301 INF API: test ended suite=0 test=485 pass=false
Sep 24 22:57:29.302 INF API: test started suite=0 test=486 name="interop/_control/receipt/0x894d679a5f0efe3beb6fa7e13b7c92c6c223c815f625a77be692533f73e21eb2 (nethermind_development)"
Sep 24 22:57:29.304 INF API: test ended suite=0 test=486 pass=false
Sep 24 22:57:29.304 INF API: test started suite=0 test=487 name="interop/_control/receipt/0xa23373d1e4fa559fc33ffb791665855530831c83d0c241ef6b2d3f46a5f448f4 (nethermind_development)"
Sep 24 22:57:29.307 INF API: test ended suite=0 test=487 pass=false
Sep 24 22:57:29.308 INF API: test started suite=0 test=488 name="interop/_control/receipt/0xa263812c1fe6b84efc195c1762cb0f4fccb198b1b5657df7b435e3343bcab1fa (nethermind_development)"
Sep 24 22:57:29.310 INF API: test ended suite=0 test=488 pass=false
Sep 24 22:57:29.310 INF API: test started suite=0 test=489 name="interop/_control/receipt/0xa7a765e9f45b0ddcc07a023677846e2bfeb53f68ebb3deb3bcbfda3a6754f803 (nethermind_development)"
Sep 24 22:57:29.313 INF API: test ended suite=0 test=489 pass=false
Sep 24 22:57:29.314 INF API: test started suite=0 test=490 name="interop/_control/receipt/0xcb6cc0f2c24bd58148d690e7c202ffffdc0ed017e2ca6e6a744d8d3698e38091 (nethermind_development)"
Sep 24 22:57:29.316 INF API: test ended suite=0 test=490 pass=false
Sep 24 22:57:29.317 INF API: test started suite=0 test=491 name="interop/_control/receipt/0xd29a6a56a495a4e78a91c5176cd643bd729df3c17253daf839e9b0921cb27bb7 (nethermind_development)"
Sep 24 22:57:29.319 INF API: test ended suite=0 test=491 pass=false
Sep 24 22:57:29.320 INF API: test started suite=0 test=492 name="interop/_control/receipt/0xd7822fd23594d52bc98493786233edb857cbeee469a3148b5780e076a53985db (nethermind_development)"
Sep 24 22:57:29.322 INF API: test ended suite=0 test=492 pass=false
Sep 24 22:57:29.323 INF API: test started suite=0 test=493 name="interop/_control/receipt/0xe4c4e6a9105669372c4eb7fe40af9f521ee1f58d6b0f73d85f32af95189c3876 (nethermind_development)"
Sep 24 22:57:29.325 INF API: test ended suite=0 test=493 pass=false
Sep 24 22:57:29.326 INF API: test started suite=0 test=494 name="interop/_control/receipt/0xedc4ae6e22147d1f6f417fb53747ccdd61ea8bf8bc04b6aa10b69c59187ac325 (nethermind_development)"
Sep 24 22:57:29.328 INF API: test ended suite=0 test=494 pass=false
Sep 24 22:57:29.329 INF API: test started suite=0 test=495 name="interop/_control/receipt/0xfaf95f0248bf8587ba17feda97333e872894f94ab3b418bfab84287e76d89b79 (nethermind_development)"
Sep 24 22:57:29.330 INF API: test ended suite=0 test=495 pass=false
Sep 24 22:57:29.331 INF API: test started suite=0 test=496 name="interop/_control/version (nethermind_development)"
Sep 24 22:57:29.334 INF API: test ended suite=0 test=496 pass=false
Sep 24 22:57:29.335 INF API: test started suite=0 test=497 name="interop/block-35 (nethermind_development)"
Sep 24 22:57:29.428 INF API: test ended suite=0 test=497 pass=false
Sep 24 22:57:29.429 INF API: test started suite=0 test=498 name="interop/block-36 (nethermind_development)"
Sep 24 22:57:29.438 INF API: test ended suite=0 test=498 pass=false
Sep 24 22:57:29.439 INF API: test started suite=0 test=499 name="interop/block-47 (nethermind_development)"
Sep 24 22:57:29.443 INF API: test ended suite=0 test=499 pass=false
Sep 24 22:57:29.444 INF API: test started suite=0 test=500 name="interop/block-48 (nethermind_development)"
Sep 24 22:57:29.448 INF API: test ended suite=0 test=500 pass=false
Sep 24 22:57:29.448 INF API: test started suite=0 test=501 name="interop/block-51 (nethermind_development)"
Sep 24 22:57:29.452 INF API: test ended suite=0 test=501 pass=false
Sep 24 22:57:29.453 INF API: test started suite=0 test=502 name="interop/block-52 (nethermind_development)"
Sep 24 22:57:29.456 INF API: test ended suite=0 test=502 pass=false
Sep 24 22:57:29.457 INF API: test started suite=0 test=503 name="interop/block-55 (nethermind_development)"
Sep 24 22:57:29.460 INF API: test ended suite=0 test=503 pass=false
Sep 24 22:57:29.461 INF API: test started suite=0 test=504 name="interop/block-56 (nethermind_development)"
Sep 24 22:57:29.465 INF API: test ended suite=0 test=504 pass=false
Sep 24 22:57:29.465 INF API: test started suite=0 test=505 name="interop/block-59 (nethermind_development)"
Sep 24 22:57:29.471 INF API: test ended suite=0 test=505 pass=false
Sep 24 22:57:29.471 INF API: test started suite=0 test=506 name="interop/block-60 (nethermind_development)"
Sep 24 22:57:29.476 INF API: test ended suite=0 test=506 pass=false
Sep 24 22:57:29.477 INF API: test started suite=0 test=507 name="interop/control-head (nethermind_development)"
Sep 24 22:57:29.479 INF API: test ended suite=0 test=507 pass=false
Sep 24 22:57:29.479 INF API: test started suite=0 test=508 name="interop/control-height (nethermind_development)"
Sep 24 22:57:29.484 INF API: test ended suite=0 test=508 pass=false
Sep 24 22:57:29.485 INF API: test started suite=0 test=509 name="interop/control-version (nethermind_development)"
Sep 24 22:57:29.487 INF API: test ended suite=0 test=509 pass=false
Sep 24 22:57:29.488 INF API: test started suite=0 test=510 name="interop/destroy-prestate-55 (nethermind_development)"
Sep 24 22:57:29.683 INF API: test ended suite=0 test=510 pass=false
Sep 24 22:57:29.685 INF API: test started suite=0 test=511 name="interop/destroy-prestate-56 (nethermind_development)"
Sep 24 22:57:29.696 INF API: test ended suite=0 test=511 pass=false
Sep 24 22:57:29.697 INF API: test started suite=0 test=512 name="interop/destroy-trace-55 (nethermind_development)"
Sep 24 22:57:29.739 INF API: test ended suite=0 test=512 pass=false
Sep 24 22:57:29.741 INF API: test started suite=0 test=513 name="interop/destroy-trace-56 (nethermind_development)"
Sep 24 22:57:29.744 INF API: test ended suite=0 test=513 pass=false
Sep 24 22:57:29.745 INF API: test started suite=0 test=514 name="interop/filter-35 (nethermind_development)"
Sep 24 22:57:29.754 INF API: test ended suite=0 test=514 pass=false
Sep 24 22:57:29.755 INF API: test started suite=0 test=515 name="interop/filter-36 (nethermind_development)"
Sep 24 22:57:29.759 INF API: test ended suite=0 test=515 pass=false
Sep 24 22:57:29.760 INF API: test started suite=0 test=516 name="interop/filter-47 (nethermind_development)"
Sep 24 22:57:29.763 INF API: test ended suite=0 test=516 pass=false
Sep 24 22:57:29.764 INF API: test started suite=0 test=517 name="interop/filter-48 (nethermind_development)"
Sep 24 22:57:29.767 INF API: test ended suite=0 test=517 pass=false
Sep 24 22:57:29.768 INF API: test started suite=0 test=518 name="interop/filter-51 (nethermind_development)"
Sep 24 22:57:29.771 INF API: test ended suite=0 test=518 pass=false
Sep 24 22:57:29.772 INF API: test started suite=0 test=519 name="interop/filter-52 (nethermind_development)"
Sep 24 22:57:29.775 INF API: test ended suite=0 test=519 pass=false
Sep 24 22:57:29.775 INF API: test started suite=0 test=520 name="interop/filter-55 (nethermind_development)"
Sep 24 22:57:29.778 INF API: test ended suite=0 test=520 pass=false
Sep 24 22:57:29.779 INF API: test started suite=0 test=521 name="interop/filter-56 (nethermind_development)"
Sep 24 22:57:29.782 INF API: test ended suite=0 test=521 pass=false
Sep 24 22:57:29.783 INF API: test started suite=0 test=522 name="interop/filter-59 (nethermind_development)"
Sep 24 22:57:29.787 INF API: test ended suite=0 test=522 pass=false
Sep 24 22:57:29.787 INF API: test started suite=0 test=523 name="interop/filter-60 (nethermind_development)"
Sep 24 22:57:29.792 INF API: test ended suite=0 test=523 pass=false
Sep 24 22:57:29.793 INF API: test started suite=0 test=524 name="interop/filter-across-36 (nethermind_development)"
Sep 24 22:57:29.797 INF API: test ended suite=0 test=524 pass=false
Sep 24 22:57:29.798 INF API: test started suite=0 test=525 name="interop/filter-across-48 (nethermind_development)"
Sep 24 22:57:29.802 INF API: test ended suite=0 test=525 pass=false
Sep 24 22:57:29.803 INF API: test started suite=0 test=526 name="interop/filter-across-52 (nethermind_development)"
Sep 24 22:57:29.807 INF API: test ended suite=0 test=526 pass=false
Sep 24 22:57:29.808 INF API: test started suite=0 test=527 name="interop/filter-across-56 (nethermind_development)"
Sep 24 22:57:29.813 INF API: test ended suite=0 test=527 pass=false
Sep 24 22:57:29.813 INF API: test started suite=0 test=528 name="interop/filter-across-60 (nethermind_development)"
Sep 24 22:57:29.819 INF API: test ended suite=0 test=528 pass=false
Sep 24 22:57:29.819 INF API: test started suite=0 test=529 name="interop/header-35 (nethermind_development)"
Sep 24 22:57:29.822 INF API: test ended suite=0 test=529 pass=false
Sep 24 22:57:29.822 INF API: test started suite=0 test=530 name="interop/header-36 (nethermind_development)"
Sep 24 22:57:29.824 INF API: test ended suite=0 test=530 pass=false
Sep 24 22:57:29.825 INF API: test started suite=0 test=531 name="interop/header-47 (nethermind_development)"
Sep 24 22:57:29.828 INF API: test ended suite=0 test=531 pass=false
Sep 24 22:57:29.829 INF API: test started suite=0 test=532 name="interop/header-48 (nethermind_development)"
Sep 24 22:57:29.831 INF API: test ended suite=0 test=532 pass=false
Sep 24 22:57:29.832 INF API: test started suite=0 test=533 name="interop/header-51 (nethermind_development)"
Sep 24 22:57:29.834 INF API: test ended suite=0 test=533 pass=false
Sep 24 22:57:29.835 INF API: test started suite=0 test=534 name="interop/header-52 (nethermind_development)"
Sep 24 22:57:29.837 INF API: test ended suite=0 test=534 pass=false
Sep 24 22:57:29.838 INF API: test started suite=0 test=535 name="interop/header-55 (nethermind_development)"
Sep 24 22:57:29.841 INF API: test ended suite=0 test=535 pass=false
Sep 24 22:57:29.841 INF API: test started suite=0 test=536 name="interop/header-56 (nethermind_development)"
Sep 24 22:57:29.844 INF API: test ended suite=0 test=536 pass=false
Sep 24 22:57:29.844 INF API: test started suite=0 test=537 name="interop/header-59 (nethermind_development)"
Sep 24 22:57:29.846 INF API: test ended suite=0 test=537 pass=false
Sep 24 22:57:29.847 INF API: test started suite=0 test=538 name="interop/header-60 (nethermind_development)"
Sep 24 22:57:29.850 INF API: test ended suite=0 test=538 pass=false
Sep 24 22:57:29.851 INF API: test started suite=0 test=539 name="interop/mcopy-prestate-55 (nethermind_development)"
Sep 24 22:57:29.864 INF API: test ended suite=0 test=539 pass=false
Sep 24 22:57:29.865 INF API: test started suite=0 test=540 name="interop/mcopy-prestate-56 (nethermind_development)"
Sep 24 22:57:29.876 INF API: test ended suite=0 test=540 pass=false
Sep 24 22:57:29.876 INF API: test started suite=0 test=541 name="interop/mcopy-trace-55 (nethermind_development)"
Sep 24 22:57:29.886 INF API: test ended suite=0 test=541 pass=false
Sep 24 22:57:29.887 INF API: test started suite=0 test=542 name="interop/mcopy-trace-56 (nethermind_development)"
Sep 24 22:57:29.897 INF API: test ended suite=0 test=542 pass=false
Sep 24 22:57:29.898 INF API: test started suite=0 test=543 name="interop/replay-35 (nethermind_development)"
Sep 24 22:57:29.915 INF API: test ended suite=0 test=543 pass=false
Sep 24 22:57:29.915 INF API: test started suite=0 test=544 name="interop/replay-36 (nethermind_development)"
Sep 24 22:57:29.922 INF API: test ended suite=0 test=544 pass=false
Sep 24 22:57:29.923 INF API: test started suite=0 test=545 name="interop/replay-47 (nethermind_development)"
Sep 24 22:57:29.927 INF API: test ended suite=0 test=545 pass=false
Sep 24 22:57:29.927 INF API: test started suite=0 test=546 name="interop/replay-48 (nethermind_development)"
Sep 24 22:57:29.931 INF API: test ended suite=0 test=546 pass=false
Sep 24 22:57:29.931 INF API: test started suite=0 test=547 name="interop/replay-51 (nethermind_development)"
Sep 24 22:57:29.935 INF API: test ended suite=0 test=547 pass=false
Sep 24 22:57:29.936 INF API: test started suite=0 test=548 name="interop/replay-52 (nethermind_development)"
Sep 24 22:57:29.939 INF API: test ended suite=0 test=548 pass=false
Sep 24 22:57:29.940 INF API: test started suite=0 test=549 name="interop/replay-55 (nethermind_development)"
Sep 24 22:57:29.943 INF API: test ended suite=0 test=549 pass=false
Sep 24 22:57:29.944 INF API: test started suite=0 test=550 name="interop/replay-56 (nethermind_development)"
Sep 24 22:57:29.947 INF API: test ended suite=0 test=550 pass=false
Sep 24 22:57:29.948 INF API: test started suite=0 test=551 name="interop/replay-59 (nethermind_development)"
Sep 24 22:57:29.952 INF API: test ended suite=0 test=551 pass=false
Sep 24 22:57:29.953 INF API: test started suite=0 test=552 name="interop/replay-60 (nethermind_development)"
Sep 24 22:57:29.959 INF API: test ended suite=0 test=552 pass=false
Sep 24 22:57:29.960 INF API: test started suite=0 test=553 name="interop/system-beacon-55-560 (nethermind_development)"
Sep 24 22:57:29.965 INF API: test ended suite=0 test=553 pass=false
Sep 24 22:57:29.966 INF API: test started suite=0 test=554 name="interop/system-beacon-55-8751 (nethermind_development)"
Sep 24 22:57:29.968 INF API: test ended suite=0 test=554 pass=false
Sep 24 22:57:29.969 INF API: test started suite=0 test=555 name="interop/system-beacon-56-560 (nethermind_development)"
Sep 24 22:57:29.971 INF API: test ended suite=0 test=555 pass=false
Sep 24 22:57:29.971 INF API: test started suite=0 test=556 name="interop/system-beacon-56-8751 (nethermind_development)"
Sep 24 22:57:29.973 INF API: test ended suite=0 test=556 pass=false
Sep 24 22:57:29.974 INF API: test started suite=0 test=557 name="interop/system-beacon-57-560 (nethermind_development)"
Sep 24 22:57:29.976 INF API: test ended suite=0 test=557 pass=false
Sep 24 22:57:29.977 INF API: test started suite=0 test=558 name="interop/system-beacon-57-8751 (nethermind_development)"
Sep 24 22:57:29.979 INF API: test ended suite=0 test=558 pass=false
Sep 24 22:57:30.134 INF API: test ended suite=0 test=466 pass=true
Sep 24 22:57:30.135 INF API: test started suite=0 test=559 name="client launch (nethermind_release)"
Sep 24 22:57:37.902 INF API: client nethermind_release started suite=0 test=559 container=90eb1353
Sep 24 22:57:38.043 INF API: test started suite=0 test=560 name="interop/_control/head (nethermind_release)"
Sep 24 22:57:38.058 INF API: test ended suite=0 test=560 pass=false
Sep 24 22:57:38.059 INF API: test started suite=0 test=561 name="interop/_control/latest (nethermind_release)"
Sep 24 22:57:38.060 INF API: test ended suite=0 test=561 pass=false
Sep 24 22:57:38.061 INF API: test started suite=0 test=562 name="interop/_control/receipt/0x03a4bc78840db70e9b34ed52a9b17a34d4c72011731e9d7c36c962cda16c5b17 (nethermind_release)"
Sep 24 22:57:38.091 INF API: test ended suite=0 test=562 pass=false
Sep 24 22:57:38.092 INF API: test started suite=0 test=563 name="interop/_control/receipt/0x0c68db54417efe088e4000b2c274e0ae72f58d3fb80be5274f4dde231fb0b53d (nethermind_release)"
Sep 24 22:57:38.103 INF API: test ended suite=0 test=563 pass=false
Sep 24 22:57:38.104 INF API: test started suite=0 test=564 name="interop/_control/receipt/0x1276cda02bb88cd6b116024f7eb9ad89ee88c24a3f929fc67642cf8eb060e4fc (nethermind_release)"
Sep 24 22:57:38.108 INF API: test ended suite=0 test=564 pass=false
Sep 24 22:57:38.109 INF API: test started suite=0 test=565 name="interop/_control/receipt/0x269517da790ccc02577056426570550beac8d70ec0c0a3f407a8ffea3d80acc0 (nethermind_release)"
Sep 24 22:57:38.116 INF API: test ended suite=0 test=565 pass=false
Sep 24 22:57:38.117 INF API: test started suite=0 test=566 name="interop/_control/receipt/0x2eeede94c04e0a644f532b31b9cb71387ba69a26323fed48fa3a7dae6eb23084 (nethermind_release)"
Sep 24 22:57:38.119 INF API: test ended suite=0 test=566 pass=false
Sep 24 22:57:38.120 INF API: test started suite=0 test=567 name="interop/_control/receipt/0x38287a4cde4cb8f1b78c6c29880a5721ddda573f6d15413753a1e0546b996c1d (nethermind_release)"
Sep 24 22:57:38.121 INF API: test ended suite=0 test=567 pass=false
Sep 24 22:57:38.122 INF API: test started suite=0 test=568 name="interop/_control/receipt/0x3af8b2d42d7d74bb5ce1c5e9043f767d0808e4a269784db66f09edeee022e4ec (nethermind_release)"
Sep 24 22:57:38.125 INF API: test ended suite=0 test=568 pass=false
Sep 24 22:57:38.126 INF API: test started suite=0 test=569 name="interop/_control/receipt/0x485156c6fb5117ef740b7f2fd07fa3b59aaa8f63268e2f6b55663a5e532bd2d5 (nethermind_release)"
Sep 24 22:57:38.127 INF API: test ended suite=0 test=569 pass=false
Sep 24 22:57:38.128 INF API: test started suite=0 test=570 name="interop/_control/receipt/0x49771ec1756a3196f6302d643791d97e345923ecb628472fe369a7895e3d9ef3 (nethermind_release)"
Sep 24 22:57:38.129 INF API: test ended suite=0 test=570 pass=false
Sep 24 22:57:38.130 INF API: test started suite=0 test=571 name="interop/_control/receipt/0x4ba8c63a6eb76028beb54b621d0aebcb4408b53cfe3221a03426c5d5940d5107 (nethermind_release)"
Sep 24 22:57:38.131 INF API: test ended suite=0 test=571 pass=false
Sep 24 22:57:38.132 INF API: test started suite=0 test=572 name="interop/_control/receipt/0x4cd560128a9866daaeb440cc4bd884d87396ad816188b6a097af17350fdef754 (nethermind_release)"
Sep 24 22:57:38.135 INF API: test ended suite=0 test=572 pass=false
Sep 24 22:57:38.136 INF API: test started suite=0 test=573 name="interop/_control/receipt/0x5f8744bbc1ccfe48c9c5d0dc5003a7578289376fca7ca6c58b133b36e8e9029b (nethermind_release)"
Sep 24 22:57:38.137 INF API: test ended suite=0 test=573 pass=false
Sep 24 22:57:38.137 INF API: test started suite=0 test=574 name="interop/_control/receipt/0x63debd7bcab14a95198660dfe794ca12fd2a34b24f780dd7572c55f2a58735b3 (nethermind_release)"
Sep 24 22:57:38.139 INF API: test ended suite=0 test=574 pass=false
Sep 24 22:57:38.139 INF API: test started suite=0 test=575 name="interop/_control/receipt/0x6d172e7e8ec79c2f0c2e8c935a52ff48a3d39e20759767badf37fed372fbae77 (nethermind_release)"
Sep 24 22:57:38.140 INF API: test ended suite=0 test=575 pass=false
Sep 24 22:57:38.141 INF API: test started suite=0 test=576 name="interop/_control/receipt/0x76430fba1b629206573ad53847b0bc7e9f80161b0e79750803715a8fb1bc5955 (nethermind_release)"
Sep 24 22:57:38.144 INF API: test ended suite=0 test=576 pass=false
Sep 24 22:57:38.145 INF API: test started suite=0 test=577 name="interop/_control/receipt/0x7a4a9d54552bc6b4b024a707408e6c304ead4f2de44a131ecb98c03998b1f153 (nethermind_release)"
Sep 24 22:57:38.146 INF API: test ended suite=0 test=577 pass=false
Sep 24 22:57:38.147 INF API: test started suite=0 test=578 name="interop/_control/receipt/0x87d8ef31d0d35ae040f2998b90fd61eeb04882b21f189c521bec5c3cefb416d2 (nethermind_release)"
Sep 24 22:57:38.148 INF API: test ended suite=0 test=578 pass=false
Sep 24 22:57:38.149 INF API: test started suite=0 test=579 name="interop/_control/receipt/0x894d679a5f0efe3beb6fa7e13b7c92c6c223c815f625a77be692533f73e21eb2 (nethermind_release)"
Sep 24 22:57:38.150 INF API: test ended suite=0 test=579 pass=false
Sep 24 22:57:38.150 INF API: test started suite=0 test=580 name="interop/_control/receipt/0xa23373d1e4fa559fc33ffb791665855530831c83d0c241ef6b2d3f46a5f448f4 (nethermind_release)"
Sep 24 22:57:38.151 INF API: test ended suite=0 test=580 pass=false
Sep 24 22:57:38.152 INF API: test started suite=0 test=581 name="interop/_control/receipt/0xa263812c1fe6b84efc195c1762cb0f4fccb198b1b5657df7b435e3343bcab1fa (nethermind_release)"
Sep 24 22:57:38.155 INF API: test ended suite=0 test=581 pass=false
Sep 24 22:57:38.156 INF API: test started suite=0 test=582 name="interop/_control/receipt/0xa7a765e9f45b0ddcc07a023677846e2bfeb53f68ebb3deb3bcbfda3a6754f803 (nethermind_release)"
Sep 24 22:57:38.157 INF API: test ended suite=0 test=582 pass=false
Sep 24 22:57:38.158 INF API: test started suite=0 test=583 name="interop/_control/receipt/0xcb6cc0f2c24bd58148d690e7c202ffffdc0ed017e2ca6e6a744d8d3698e38091 (nethermind_release)"
Sep 24 22:57:38.160 INF API: test ended suite=0 test=583 pass=false
Sep 24 22:57:38.161 INF API: test started suite=0 test=584 name="interop/_control/receipt/0xd29a6a56a495a4e78a91c5176cd643bd729df3c17253daf839e9b0921cb27bb7 (nethermind_release)"
Sep 24 22:57:38.162 INF API: test ended suite=0 test=584 pass=false
Sep 24 22:57:38.163 INF API: test started suite=0 test=585 name="interop/_control/receipt/0xd7822fd23594d52bc98493786233edb857cbeee469a3148b5780e076a53985db (nethermind_release)"
Sep 24 22:57:38.164 INF API: test ended suite=0 test=585 pass=false
Sep 24 22:57:38.165 INF API: test started suite=0 test=586 name="interop/_control/receipt/0xe4c4e6a9105669372c4eb7fe40af9f521ee1f58d6b0f73d85f32af95189c3876 (nethermind_release)"
Sep 24 22:57:38.168 INF API: test ended suite=0 test=586 pass=false
Sep 24 22:57:38.169 INF API: test started suite=0 test=587 name="interop/_control/receipt/0xedc4ae6e22147d1f6f417fb53747ccdd61ea8bf8bc04b6aa10b69c59187ac325 (nethermind_release)"
Sep 24 22:57:38.170 INF API: test ended suite=0 test=587 pass=false
Sep 24 22:57:38.171 INF API: test started suite=0 test=588 name="interop/_control/receipt/0xfaf95f0248bf8587ba17feda97333e872894f94ab3b418bfab84287e76d89b79 (nethermind_release)"
Sep 24 22:57:38.173 INF API: test ended suite=0 test=588 pass=false
Sep 24 22:57:38.174 INF API: test started suite=0 test=589 name="interop/_control/version (nethermind_release)"
Sep 24 22:57:38.178 INF API: test ended suite=0 test=589 pass=false
Sep 24 22:57:38.179 INF API: test started suite=0 test=590 name="interop/block-35 (nethermind_release)"
Sep 24 22:57:38.248 INF API: test ended suite=0 test=590 pass=false
Sep 24 22:57:38.250 INF API: test started suite=0 test=591 name="interop/block-36 (nethermind_release)"
Sep 24 22:57:38.257 INF API: test ended suite=0 test=591 pass=false
Sep 24 22:57:38.258 INF API: test started suite=0 test=592 name="interop/block-47 (nethermind_release)"
Sep 24 22:57:38.261 INF API: test ended suite=0 test=592 pass=false
Sep 24 22:57:38.262 INF API: test started suite=0 test=593 name="interop/block-48 (nethermind_release)"
Sep 24 22:57:38.265 INF API: test ended suite=0 test=593 pass=false
Sep 24 22:57:38.265 INF API: test started suite=0 test=594 name="interop/block-51 (nethermind_release)"
Sep 24 22:57:38.268 INF API: test ended suite=0 test=594 pass=false
Sep 24 22:57:38.269 INF API: test started suite=0 test=595 name="interop/block-52 (nethermind_release)"
Sep 24 22:57:38.271 INF API: test ended suite=0 test=595 pass=false
Sep 24 22:57:38.272 INF API: test started suite=0 test=596 name="interop/block-55 (nethermind_release)"
Sep 24 22:57:38.275 INF API: test ended suite=0 test=596 pass=false
Sep 24 22:57:38.276 INF API: test started suite=0 test=597 name="interop/block-56 (nethermind_release)"
Sep 24 22:57:38.280 INF API: test ended suite=0 test=597 pass=false
Sep 24 22:57:38.281 INF API: test started suite=0 test=598 name="interop/block-59 (nethermind_release)"
Sep 24 22:57:38.285 INF API: test ended suite=0 test=598 pass=false
Sep 24 22:57:38.286 INF API: test started suite=0 test=599 name="interop/block-60 (nethermind_release)"
Sep 24 22:57:38.291 INF API: test ended suite=0 test=599 pass=false
Sep 24 22:57:38.292 INF API: test started suite=0 test=600 name="interop/control-head (nethermind_release)"
Sep 24 22:57:38.293 INF API: test ended suite=0 test=600 pass=false
Sep 24 22:57:38.294 INF API: test started suite=0 test=601 name="interop/control-height (nethermind_release)"
Sep 24 22:57:38.299 INF API: test ended suite=0 test=601 pass=false
Sep 24 22:57:38.300 INF API: test started suite=0 test=602 name="interop/control-version (nethermind_release)"
Sep 24 22:57:38.301 INF API: test ended suite=0 test=602 pass=false
Sep 24 22:57:38.302 INF API: test started suite=0 test=603 name="interop/destroy-prestate-55 (nethermind_release)"
Sep 24 22:57:38.419 INF API: test ended suite=0 test=603 pass=false
Sep 24 22:57:38.420 INF API: test started suite=0 test=604 name="interop/destroy-prestate-56 (nethermind_release)"
Sep 24 22:57:38.425 INF API: test ended suite=0 test=604 pass=false
Sep 24 22:57:38.426 INF API: test started suite=0 test=605 name="interop/destroy-trace-55 (nethermind_release)"
Sep 24 22:57:38.469 INF API: test ended suite=0 test=605 pass=false
Sep 24 22:57:38.470 INF API: test started suite=0 test=606 name="interop/destroy-trace-56 (nethermind_release)"
Sep 24 22:57:38.473 INF API: test ended suite=0 test=606 pass=false
Sep 24 22:57:38.474 INF API: test started suite=0 test=607 name="interop/filter-35 (nethermind_release)"
Sep 24 22:57:38.484 INF API: test ended suite=0 test=607 pass=false
Sep 24 22:57:38.485 INF API: test started suite=0 test=608 name="interop/filter-36 (nethermind_release)"
Sep 24 22:57:38.491 INF API: test ended suite=0 test=608 pass=false
Sep 24 22:57:38.492 INF API: test started suite=0 test=609 name="interop/filter-47 (nethermind_release)"
Sep 24 22:57:38.495 INF API: test ended suite=0 test=609 pass=false
Sep 24 22:57:38.495 INF API: test started suite=0 test=610 name="interop/filter-48 (nethermind_release)"
Sep 24 22:57:38.499 INF API: test ended suite=0 test=610 pass=false
Sep 24 22:57:38.500 INF API: test started suite=0 test=611 name="interop/filter-51 (nethermind_release)"
Sep 24 22:57:38.503 INF API: test ended suite=0 test=611 pass=false
Sep 24 22:57:38.504 INF API: test started suite=0 test=612 name="interop/filter-52 (nethermind_release)"
Sep 24 22:57:38.507 INF API: test ended suite=0 test=612 pass=false
Sep 24 22:57:38.508 INF API: test started suite=0 test=613 name="interop/filter-55 (nethermind_release)"
Sep 24 22:57:38.510 INF API: test ended suite=0 test=613 pass=false
Sep 24 22:57:38.511 INF API: test started suite=0 test=614 name="interop/filter-56 (nethermind_release)"
Sep 24 22:57:38.514 INF API: test ended suite=0 test=614 pass=false
Sep 24 22:57:38.514 INF API: test started suite=0 test=615 name="interop/filter-59 (nethermind_release)"
Sep 24 22:57:38.517 INF API: test ended suite=0 test=615 pass=false
Sep 24 22:57:38.518 INF API: test started suite=0 test=616 name="interop/filter-60 (nethermind_release)"
Sep 24 22:57:38.522 INF API: test ended suite=0 test=616 pass=false
Sep 24 22:57:38.523 INF API: test started suite=0 test=617 name="interop/filter-across-36 (nethermind_release)"
Sep 24 22:57:38.528 INF API: test ended suite=0 test=617 pass=false
Sep 24 22:57:38.528 INF API: test started suite=0 test=618 name="interop/filter-across-48 (nethermind_release)"
Sep 24 22:57:38.535 INF API: test ended suite=0 test=618 pass=false
Sep 24 22:57:38.536 INF API: test started suite=0 test=619 name="interop/filter-across-52 (nethermind_release)"
Sep 24 22:57:38.542 INF API: test ended suite=0 test=619 pass=false
Sep 24 22:57:38.543 INF API: test started suite=0 test=620 name="interop/filter-across-56 (nethermind_release)"
Sep 24 22:57:38.549 INF API: test ended suite=0 test=620 pass=false
Sep 24 22:57:38.550 INF API: test started suite=0 test=621 name="interop/filter-across-60 (nethermind_release)"
Sep 24 22:57:38.556 INF API: test ended suite=0 test=621 pass=false
Sep 24 22:57:38.557 INF API: test started suite=0 test=622 name="interop/header-35 (nethermind_release)"
Sep 24 22:57:38.559 INF API: test ended suite=0 test=622 pass=false
Sep 24 22:57:38.560 INF API: test started suite=0 test=623 name="interop/header-36 (nethermind_release)"
Sep 24 22:57:38.561 INF API: test ended suite=0 test=623 pass=false
Sep 24 22:57:38.562 INF API: test started suite=0 test=624 name="interop/header-47 (nethermind_release)"
Sep 24 22:57:38.564 INF API: test ended suite=0 test=624 pass=false
Sep 24 22:57:38.565 INF API: test started suite=0 test=625 name="interop/header-48 (nethermind_release)"
Sep 24 22:57:38.567 INF API: test ended suite=0 test=625 pass=false
Sep 24 22:57:38.568 INF API: test started suite=0 test=626 name="interop/header-51 (nethermind_release)"
Sep 24 22:57:38.571 INF API: test ended suite=0 test=626 pass=false
Sep 24 22:57:38.572 INF API: test started suite=0 test=627 name="interop/header-52 (nethermind_release)"
Sep 24 22:57:38.573 INF API: test ended suite=0 test=627 pass=false
Sep 24 22:57:38.574 INF API: test started suite=0 test=628 name="interop/header-55 (nethermind_release)"
Sep 24 22:57:38.576 INF API: test ended suite=0 test=628 pass=false
Sep 24 22:57:38.576 INF API: test started suite=0 test=629 name="interop/header-56 (nethermind_release)"
Sep 24 22:57:38.580 INF API: test ended suite=0 test=629 pass=false
Sep 24 22:57:38.581 INF API: test started suite=0 test=630 name="interop/header-59 (nethermind_release)"
Sep 24 22:57:38.582 INF API: test ended suite=0 test=630 pass=false
Sep 24 22:57:38.583 INF API: test started suite=0 test=631 name="interop/header-60 (nethermind_release)"
Sep 24 22:57:38.587 INF API: test ended suite=0 test=631 pass=false
Sep 24 22:57:38.588 INF API: test started suite=0 test=632 name="interop/mcopy-prestate-55 (nethermind_release)"
Sep 24 22:57:38.594 INF API: test ended suite=0 test=632 pass=false
Sep 24 22:57:38.595 INF API: test started suite=0 test=633 name="interop/mcopy-prestate-56 (nethermind_release)"
Sep 24 22:57:38.600 INF API: test ended suite=0 test=633 pass=false
Sep 24 22:57:38.602 INF API: test started suite=0 test=634 name="interop/mcopy-trace-55 (nethermind_release)"
Sep 24 22:57:38.607 INF API: test ended suite=0 test=634 pass=false
Sep 24 22:57:38.608 INF API: test started suite=0 test=635 name="interop/mcopy-trace-56 (nethermind_release)"
Sep 24 22:57:38.611 INF API: test ended suite=0 test=635 pass=false
Sep 24 22:57:38.613 INF API: test started suite=0 test=636 name="interop/replay-35 (nethermind_release)"
Sep 24 22:57:38.633 INF API: test ended suite=0 test=636 pass=false
Sep 24 22:57:38.634 INF API: test started suite=0 test=637 name="interop/replay-36 (nethermind_release)"
Sep 24 22:57:38.643 INF API: test ended suite=0 test=637 pass=false
Sep 24 22:57:38.644 INF API: test started suite=0 test=638 name="interop/replay-47 (nethermind_release)"
Sep 24 22:57:38.647 INF API: test ended suite=0 test=638 pass=false
Sep 24 22:57:38.648 INF API: test started suite=0 test=639 name="interop/replay-48 (nethermind_release)"
Sep 24 22:57:38.653 INF API: test ended suite=0 test=639 pass=false
Sep 24 22:57:38.653 INF API: test started suite=0 test=640 name="interop/replay-51 (nethermind_release)"
Sep 24 22:57:38.657 INF API: test ended suite=0 test=640 pass=false
Sep 24 22:57:38.658 INF API: test started suite=0 test=641 name="interop/replay-52 (nethermind_release)"
Sep 24 22:57:38.662 INF API: test ended suite=0 test=641 pass=false
Sep 24 22:57:38.663 INF API: test started suite=0 test=642 name="interop/replay-55 (nethermind_release)"
Sep 24 22:57:38.666 INF API: test ended suite=0 test=642 pass=false
Sep 24 22:57:38.667 INF API: test started suite=0 test=643 name="interop/replay-56 (nethermind_release)"
Sep 24 22:57:38.670 INF API: test ended suite=0 test=643 pass=false
Sep 24 22:57:38.671 INF API: test started suite=0 test=644 name="interop/replay-59 (nethermind_release)"
Sep 24 22:57:38.674 INF API: test ended suite=0 test=644 pass=false
Sep 24 22:57:38.675 INF API: test started suite=0 test=645 name="interop/replay-60 (nethermind_release)"
Sep 24 22:57:38.684 INF API: test ended suite=0 test=645 pass=false
Sep 24 22:57:38.684 INF API: test started suite=0 test=646 name="interop/system-beacon-55-560 (nethermind_release)"
Sep 24 22:57:38.691 INF API: test ended suite=0 test=646 pass=false
Sep 24 22:57:38.692 INF API: test started suite=0 test=647 name="interop/system-beacon-55-8751 (nethermind_release)"
Sep 24 22:57:38.694 INF API: test ended suite=0 test=647 pass=false
Sep 24 22:57:38.695 INF API: test started suite=0 test=648 name="interop/system-beacon-56-560 (nethermind_release)"
Sep 24 22:57:38.696 INF API: test ended suite=0 test=648 pass=false
Sep 24 22:57:38.696 INF API: test started suite=0 test=649 name="interop/system-beacon-56-8751 (nethermind_release)"
Sep 24 22:57:38.698 INF API: test ended suite=0 test=649 pass=false
Sep 24 22:57:38.699 INF API: test started suite=0 test=650 name="interop/system-beacon-57-560 (nethermind_release)"
Sep 24 22:57:38.700 INF API: test ended suite=0 test=650 pass=false
Sep 24 22:57:38.701 INF API: test started suite=0 test=651 name="interop/system-beacon-57-8751 (nethermind_release)"
Sep 24 22:57:38.702 INF API: test ended suite=0 test=651 pass=false
Sep 24 22:57:39.051 INF API: test ended suite=0 test=559 pass=true
Sep 24 22:57:39.052 INF API: test started suite=0 test=652 name="client launch (reth_development)"
Sep 24 22:57:41.978 INF API: client reth_development started suite=0 test=652 container=f87fd870
Sep 24 22:57:41.999 INF API: test started suite=0 test=653 name="interop/_control/head (reth_development)"
Sep 24 22:57:42.001 INF API: test ended suite=0 test=653 pass=false
Sep 24 22:57:42.002 INF API: test started suite=0 test=654 name="interop/_control/latest (reth_development)"
Sep 24 22:57:42.004 INF API: test ended suite=0 test=654 pass=false
Sep 24 22:57:42.004 INF API: test started suite=0 test=655 name="interop/_control/receipt/0x03a4bc78840db70e9b34ed52a9b17a34d4c72011731e9d7c36c962cda16c5b17 (reth_development)"
Sep 24 22:57:42.007 INF API: test ended suite=0 test=655 pass=false
Sep 24 22:57:42.008 INF API: test started suite=0 test=656 name="interop/_control/receipt/0x0c68db54417efe088e4000b2c274e0ae72f58d3fb80be5274f4dde231fb0b53d (reth_development)"
Sep 24 22:57:42.009 INF API: test ended suite=0 test=656 pass=false
Sep 24 22:57:42.010 INF API: test started suite=0 test=657 name="interop/_control/receipt/0x1276cda02bb88cd6b116024f7eb9ad89ee88c24a3f929fc67642cf8eb060e4fc (reth_development)"
Sep 24 22:57:42.011 INF API: test ended suite=0 test=657 pass=false
Sep 24 22:57:42.012 INF API: test started suite=0 test=658 name="interop/_control/receipt/0x269517da790ccc02577056426570550beac8d70ec0c0a3f407a8ffea3d80acc0 (reth_development)"
Sep 24 22:57:42.014 INF API: test ended suite=0 test=658 pass=false
Sep 24 22:57:42.014 INF API: test started suite=0 test=659 name="interop/_control/receipt/0x2eeede94c04e0a644f532b31b9cb71387ba69a26323fed48fa3a7dae6eb23084 (reth_development)"
Sep 24 22:57:42.016 INF API: test ended suite=0 test=659 pass=false
Sep 24 22:57:42.017 INF API: test started suite=0 test=660 name="interop/_control/receipt/0x38287a4cde4cb8f1b78c6c29880a5721ddda573f6d15413753a1e0546b996c1d (reth_development)"
Sep 24 22:57:42.018 INF API: test ended suite=0 test=660 pass=false
Sep 24 22:57:42.019 INF API: test started suite=0 test=661 name="interop/_control/receipt/0x3af8b2d42d7d74bb5ce1c5e9043f767d0808e4a269784db66f09edeee022e4ec (reth_development)"
Sep 24 22:57:42.021 INF API: test ended suite=0 test=661 pass=false
Sep 24 22:57:42.021 INF API: test started suite=0 test=662 name="interop/_control/receipt/0x485156c6fb5117ef740b7f2fd07fa3b59aaa8f63268e2f6b55663a5e532bd2d5 (reth_development)"
Sep 24 22:57:42.023 INF API: test ended suite=0 test=662 pass=false
Sep 24 22:57:42.024 INF API: test started suite=0 test=663 name="interop/_control/receipt/0x49771ec1756a3196f6302d643791d97e345923ecb628472fe369a7895e3d9ef3 (reth_development)"
Sep 24 22:57:42.025 INF API: test ended suite=0 test=663 pass=false
Sep 24 22:57:42.026 INF API: test started suite=0 test=664 name="interop/_control/receipt/0x4ba8c63a6eb76028beb54b621d0aebcb4408b53cfe3221a03426c5d5940d5107 (reth_development)"
Sep 24 22:57:42.028 INF API: test ended suite=0 test=664 pass=false
Sep 24 22:57:42.028 INF API: test started suite=0 test=665 name="interop/_control/receipt/0x4cd560128a9866daaeb440cc4bd884d87396ad816188b6a097af17350fdef754 (reth_development)"
Sep 24 22:57:42.033 INF API: test ended suite=0 test=665 pass=false
Sep 24 22:57:42.034 INF API: test started suite=0 test=666 name="interop/_control/receipt/0x5f8744bbc1ccfe48c9c5d0dc5003a7578289376fca7ca6c58b133b36e8e9029b (reth_development)"
Sep 24 22:57:42.035 INF API: test ended suite=0 test=666 pass=false
Sep 24 22:57:42.036 INF API: test started suite=0 test=667 name="interop/_control/receipt/0x63debd7bcab14a95198660dfe794ca12fd2a34b24f780dd7572c55f2a58735b3 (reth_development)"
Sep 24 22:57:42.038 INF API: test ended suite=0 test=667 pass=false
Sep 24 22:57:42.038 INF API: test started suite=0 test=668 name="interop/_control/receipt/0x6d172e7e8ec79c2f0c2e8c935a52ff48a3d39e20759767badf37fed372fbae77 (reth_development)"
Sep 24 22:57:42.040 INF API: test ended suite=0 test=668 pass=false
Sep 24 22:57:42.041 INF API: test started suite=0 test=669 name="interop/_control/receipt/0x76430fba1b629206573ad53847b0bc7e9f80161b0e79750803715a8fb1bc5955 (reth_development)"
Sep 24 22:57:42.043 INF API: test ended suite=0 test=669 pass=false
Sep 24 22:57:42.044 INF API: test started suite=0 test=670 name="interop/_control/receipt/0x7a4a9d54552bc6b4b024a707408e6c304ead4f2de44a131ecb98c03998b1f153 (reth_development)"
Sep 24 22:57:42.045 INF API: test ended suite=0 test=670 pass=false
Sep 24 22:57:42.046 INF API: test started suite=0 test=671 name="interop/_control/receipt/0x87d8ef31d0d35ae040f2998b90fd61eeb04882b21f189c521bec5c3cefb416d2 (reth_development)"
Sep 24 22:57:42.048 INF API: test ended suite=0 test=671 pass=false
Sep 24 22:57:42.048 INF API: test started suite=0 test=672 name="interop/_control/receipt/0x894d679a5f0efe3beb6fa7e13b7c92c6c223c815f625a77be692533f73e21eb2 (reth_development)"
Sep 24 22:57:42.050 INF API: test ended suite=0 test=672 pass=false
Sep 24 22:57:42.051 INF API: test started suite=0 test=673 name="interop/_control/receipt/0xa23373d1e4fa559fc33ffb791665855530831c83d0c241ef6b2d3f46a5f448f4 (reth_development)"
Sep 24 22:57:42.052 INF API: test ended suite=0 test=673 pass=false
Sep 24 22:57:42.053 INF API: test started suite=0 test=674 name="interop/_control/receipt/0xa263812c1fe6b84efc195c1762cb0f4fccb198b1b5657df7b435e3343bcab1fa (reth_development)"
Sep 24 22:57:42.055 INF API: test ended suite=0 test=674 pass=false
Sep 24 22:57:42.055 INF API: test started suite=0 test=675 name="interop/_control/receipt/0xa7a765e9f45b0ddcc07a023677846e2bfeb53f68ebb3deb3bcbfda3a6754f803 (reth_development)"
Sep 24 22:57:42.057 INF API: test ended suite=0 test=675 pass=false
Sep 24 22:57:42.058 INF API: test started suite=0 test=676 name="interop/_control/receipt/0xcb6cc0f2c24bd58148d690e7c202ffffdc0ed017e2ca6e6a744d8d3698e38091 (reth_development)"
Sep 24 22:57:42.060 INF API: test ended suite=0 test=676 pass=false
Sep 24 22:57:42.061 INF API: test started suite=0 test=677 name="interop/_control/receipt/0xd29a6a56a495a4e78a91c5176cd643bd729df3c17253daf839e9b0921cb27bb7 (reth_development)"
Sep 24 22:57:42.063 INF API: test ended suite=0 test=677 pass=false
Sep 24 22:57:42.064 INF API: test started suite=0 test=678 name="interop/_control/receipt/0xd7822fd23594d52bc98493786233edb857cbeee469a3148b5780e076a53985db (reth_development)"
Sep 24 22:57:42.065 INF API: test ended suite=0 test=678 pass=false
Sep 24 22:57:42.066 INF API: test started suite=0 test=679 name="interop/_control/receipt/0xe4c4e6a9105669372c4eb7fe40af9f521ee1f58d6b0f73d85f32af95189c3876 (reth_development)"
Sep 24 22:57:42.068 INF API: test ended suite=0 test=679 pass=false
Sep 24 22:57:42.068 INF API: test started suite=0 test=680 name="interop/_control/receipt/0xedc4ae6e22147d1f6f417fb53747ccdd61ea8bf8bc04b6aa10b69c59187ac325 (reth_development)"
Sep 24 22:57:42.070 INF API: test ended suite=0 test=680 pass=false
Sep 24 22:57:42.070 INF API: test started suite=0 test=681 name="interop/_control/receipt/0xfaf95f0248bf8587ba17feda97333e872894f94ab3b418bfab84287e76d89b79 (reth_development)"
Sep 24 22:57:42.072 INF API: test ended suite=0 test=681 pass=false
Sep 24 22:57:42.073 INF API: test started suite=0 test=682 name="interop/_control/version (reth_development)"
Sep 24 22:57:42.074 INF API: test ended suite=0 test=682 pass=false
Sep 24 22:57:42.075 INF API: test started suite=0 test=683 name="interop/block-35 (reth_development)"
Sep 24 22:57:42.077 INF API: test ended suite=0 test=683 pass=false
Sep 24 22:57:42.078 INF API: test started suite=0 test=684 name="interop/block-36 (reth_development)"
Sep 24 22:57:42.080 INF API: test ended suite=0 test=684 pass=false
Sep 24 22:57:42.081 INF API: test started suite=0 test=685 name="interop/block-47 (reth_development)"
Sep 24 22:57:42.084 INF API: test ended suite=0 test=685 pass=false
Sep 24 22:57:42.085 INF API: test started suite=0 test=686 name="interop/block-48 (reth_development)"
Sep 24 22:57:42.103 INF API: test ended suite=0 test=686 pass=false
Sep 24 22:57:42.104 INF API: test started suite=0 test=687 name="interop/block-51 (reth_development)"
Sep 24 22:57:42.108 INF API: test ended suite=0 test=687 pass=false
Sep 24 22:57:42.109 INF API: test started suite=0 test=688 name="interop/block-52 (reth_development)"
Sep 24 22:57:42.135 INF API: test ended suite=0 test=688 pass=false
Sep 24 22:57:42.136 INF API: test started suite=0 test=689 name="interop/block-55 (reth_development)"
Sep 24 22:57:42.138 INF API: test ended suite=0 test=689 pass=false
Sep 24 22:57:42.139 INF API: test started suite=0 test=690 name="interop/block-56 (reth_development)"
Sep 24 22:57:42.141 INF API: test ended suite=0 test=690 pass=false
Sep 24 22:57:42.141 INF API: test started suite=0 test=691 name="interop/block-59 (reth_development)"
Sep 24 22:57:42.155 INF API: test ended suite=0 test=691 pass=false
Sep 24 22:57:42.156 INF API: test started suite=0 test=692 name="interop/block-60 (reth_development)"
Sep 24 22:57:42.182 INF API: test ended suite=0 test=692 pass=false
Sep 24 22:57:42.183 INF API: test started suite=0 test=693 name="interop/control-head (reth_development)"
Sep 24 22:57:42.184 INF API: test ended suite=0 test=693 pass=false
Sep 24 22:57:42.185 INF API: test started suite=0 test=694 name="interop/control-height (reth_development)"
Sep 24 22:57:42.186 INF API: test ended suite=0 test=694 pass=false
Sep 24 22:57:42.186 INF API: test started suite=0 test=695 name="interop/control-version (reth_development)"
Sep 24 22:57:42.188 INF API: test ended suite=0 test=695 pass=false
Sep 24 22:57:42.188 INF API: test started suite=0 test=696 name="interop/destroy-prestate-55 (reth_development)"
Sep 24 22:57:42.200 INF API: test ended suite=0 test=696 pass=false
Sep 24 22:57:42.200 INF API: test started suite=0 test=697 name="interop/destroy-prestate-56 (reth_development)"
Sep 24 22:57:42.202 INF API: test ended suite=0 test=697 pass=false
Sep 24 22:57:42.202 INF API: test started suite=0 test=698 name="interop/destroy-trace-55 (reth_development)"
Sep 24 22:57:42.204 INF API: test ended suite=0 test=698 pass=false
Sep 24 22:57:42.205 INF API: test started suite=0 test=699 name="interop/destroy-trace-56 (reth_development)"
Sep 24 22:57:42.207 INF API: test ended suite=0 test=699 pass=false
Sep 24 22:57:42.208 INF API: test started suite=0 test=700 name="interop/filter-35 (reth_development)"
Sep 24 22:57:42.210 INF API: test ended suite=0 test=700 pass=false
Sep 24 22:57:42.211 INF API: test started suite=0 test=701 name="interop/filter-36 (reth_development)"
Sep 24 22:57:42.213 INF API: test ended suite=0 test=701 pass=false
Sep 24 22:57:42.214 INF API: test started suite=0 test=702 name="interop/filter-47 (reth_development)"
Sep 24 22:57:42.238 INF API: test ended suite=0 test=702 pass=false
Sep 24 22:57:42.239 INF API: test started suite=0 test=703 name="interop/filter-48 (reth_development)"
Sep 24 22:57:42.241 INF API: test ended suite=0 test=703 pass=false
Sep 24 22:57:42.242 INF API: test started suite=0 test=704 name="interop/filter-51 (reth_development)"
Sep 24 22:57:42.244 INF API: test ended suite=0 test=704 pass=false
Sep 24 22:57:42.245 INF API: test started suite=0 test=705 name="interop/filter-52 (reth_development)"
Sep 24 22:57:42.246 INF API: test ended suite=0 test=705 pass=false
Sep 24 22:57:42.247 INF API: test started suite=0 test=706 name="interop/filter-55 (reth_development)"
Sep 24 22:57:42.249 INF API: test ended suite=0 test=706 pass=false
Sep 24 22:57:42.250 INF API: test started suite=0 test=707 name="interop/filter-56 (reth_development)"
Sep 24 22:57:42.251 INF API: test ended suite=0 test=707 pass=false
Sep 24 22:57:42.252 INF API: test started suite=0 test=708 name="interop/filter-59 (reth_development)"
Sep 24 22:57:42.254 INF API: test ended suite=0 test=708 pass=false
Sep 24 22:57:42.254 INF API: test started suite=0 test=709 name="interop/filter-60 (reth_development)"
Sep 24 22:57:42.256 INF API: test ended suite=0 test=709 pass=false
Sep 24 22:57:42.257 INF API: test started suite=0 test=710 name="interop/filter-across-36 (reth_development)"
Sep 24 22:57:42.259 INF API: test ended suite=0 test=710 pass=false
Sep 24 22:57:42.260 INF API: test started suite=0 test=711 name="interop/filter-across-48 (reth_development)"
Sep 24 22:57:42.262 INF API: test ended suite=0 test=711 pass=false
Sep 24 22:57:42.263 INF API: test started suite=0 test=712 name="interop/filter-across-52 (reth_development)"
Sep 24 22:57:42.265 INF API: test ended suite=0 test=712 pass=false
Sep 24 22:57:42.266 INF API: test started suite=0 test=713 name="interop/filter-across-56 (reth_development)"
Sep 24 22:57:42.268 INF API: test ended suite=0 test=713 pass=false
Sep 24 22:57:42.269 INF API: test started suite=0 test=714 name="interop/filter-across-60 (reth_development)"
Sep 24 22:57:42.272 INF API: test ended suite=0 test=714 pass=false
Sep 24 22:57:42.272 INF API: test started suite=0 test=715 name="interop/header-35 (reth_development)"
Sep 24 22:57:42.274 INF API: test ended suite=0 test=715 pass=false
Sep 24 22:57:42.275 INF API: test started suite=0 test=716 name="interop/header-36 (reth_development)"
Sep 24 22:57:42.276 INF API: test ended suite=0 test=716 pass=false
Sep 24 22:57:42.277 INF API: test started suite=0 test=717 name="interop/header-47 (reth_development)"
Sep 24 22:57:42.279 INF API: test ended suite=0 test=717 pass=false
Sep 24 22:57:42.280 INF API: test started suite=0 test=718 name="interop/header-48 (reth_development)"
Sep 24 22:57:42.281 INF API: test ended suite=0 test=718 pass=false
Sep 24 22:57:42.282 INF API: test started suite=0 test=719 name="interop/header-51 (reth_development)"
Sep 24 22:57:42.283 INF API: test ended suite=0 test=719 pass=false
Sep 24 22:57:42.284 INF API: test started suite=0 test=720 name="interop/header-52 (reth_development)"
Sep 24 22:57:42.286 INF API: test ended suite=0 test=720 pass=false
Sep 24 22:57:42.287 INF API: test started suite=0 test=721 name="interop/header-55 (reth_development)"
Sep 24 22:57:42.304 INF API: test ended suite=0 test=721 pass=false
Sep 24 22:57:42.305 INF API: test started suite=0 test=722 name="interop/header-56 (reth_development)"
Sep 24 22:57:42.307 INF API: test ended suite=0 test=722 pass=false
Sep 24 22:57:42.308 INF API: test started suite=0 test=723 name="interop/header-59 (reth_development)"
Sep 24 22:57:42.309 INF API: test ended suite=0 test=723 pass=false
Sep 24 22:57:42.310 INF API: test started suite=0 test=724 name="interop/header-60 (reth_development)"
Sep 24 22:57:42.311 INF API: test ended suite=0 test=724 pass=false
Sep 24 22:57:42.312 INF API: test started suite=0 test=725 name="interop/mcopy-prestate-55 (reth_development)"
Sep 24 22:57:42.313 INF API: test ended suite=0 test=725 pass=false
Sep 24 22:57:42.314 INF API: test started suite=0 test=726 name="interop/mcopy-prestate-56 (reth_development)"
Sep 24 22:57:42.315 INF API: test ended suite=0 test=726 pass=false
Sep 24 22:57:42.316 INF API: test started suite=0 test=727 name="interop/mcopy-trace-55 (reth_development)"
Sep 24 22:57:42.318 INF API: test ended suite=0 test=727 pass=false
Sep 24 22:57:42.319 INF API: test started suite=0 test=728 name="interop/mcopy-trace-56 (reth_development)"
Sep 24 22:57:42.321 INF API: test ended suite=0 test=728 pass=false
Sep 24 22:57:42.322 INF API: test started suite=0 test=729 name="interop/replay-35 (reth_development)"
Sep 24 22:57:42.324 INF API: test ended suite=0 test=729 pass=false
Sep 24 22:57:42.325 INF API: test started suite=0 test=730 name="interop/replay-36 (reth_development)"
Sep 24 22:57:42.327 INF API: test ended suite=0 test=730 pass=false
Sep 24 22:57:42.328 INF API: test started suite=0 test=731 name="interop/replay-47 (reth_development)"
Sep 24 22:57:42.329 INF API: test ended suite=0 test=731 pass=false
Sep 24 22:57:42.330 INF API: test started suite=0 test=732 name="interop/replay-48 (reth_development)"
Sep 24 22:57:42.332 INF API: test ended suite=0 test=732 pass=false
Sep 24 22:57:42.333 INF API: test started suite=0 test=733 name="interop/replay-51 (reth_development)"
Sep 24 22:57:42.335 INF API: test ended suite=0 test=733 pass=false
Sep 24 22:57:42.335 INF API: test started suite=0 test=734 name="interop/replay-52 (reth_development)"
Sep 24 22:57:42.337 INF API: test ended suite=0 test=734 pass=false
Sep 24 22:57:42.338 INF API: test started suite=0 test=735 name="interop/replay-55 (reth_development)"
Sep 24 22:57:42.339 INF API: test ended suite=0 test=735 pass=false
Sep 24 22:57:42.340 INF API: test started suite=0 test=736 name="interop/replay-56 (reth_development)"
Sep 24 22:57:42.342 INF API: test ended suite=0 test=736 pass=false
Sep 24 22:57:42.343 INF API: test started suite=0 test=737 name="interop/replay-59 (reth_development)"
Sep 24 22:57:42.344 INF API: test ended suite=0 test=737 pass=false
Sep 24 22:57:42.345 INF API: test started suite=0 test=738 name="interop/replay-60 (reth_development)"
Sep 24 22:57:42.347 INF API: test ended suite=0 test=738 pass=false
Sep 24 22:57:42.348 INF API: test started suite=0 test=739 name="interop/system-beacon-55-560 (reth_development)"
Sep 24 22:57:42.354 INF API: test ended suite=0 test=739 pass=false
Sep 24 22:57:42.355 INF API: test started suite=0 test=740 name="interop/system-beacon-55-8751 (reth_development)"
Sep 24 22:57:42.358 INF API: test ended suite=0 test=740 pass=false
Sep 24 22:57:42.359 INF API: test started suite=0 test=741 name="interop/system-beacon-56-560 (reth_development)"
Sep 24 22:57:42.381 INF API: test ended suite=0 test=741 pass=false
Sep 24 22:57:42.382 INF API: test started suite=0 test=742 name="interop/system-beacon-56-8751 (reth_development)"
Sep 24 22:57:42.387 INF API: test ended suite=0 test=742 pass=false
Sep 24 22:57:42.388 INF API: test started suite=0 test=743 name="interop/system-beacon-57-560 (reth_development)"
Sep 24 22:57:42.389 INF API: test ended suite=0 test=743 pass=false
Sep 24 22:57:42.390 INF API: test started suite=0 test=744 name="interop/system-beacon-57-8751 (reth_development)"
Sep 24 22:57:42.391 INF API: test ended suite=0 test=744 pass=false
Sep 24 22:57:43.344 INF API: test ended suite=0 test=652 pass=true
Sep 24 22:57:43.346 INF API: test started suite=0 test=745 name="client launch (reth_release)"
Sep 24 22:57:44.882 INF API: client reth_release started suite=0 test=745 container=af682e62
Sep 24 22:57:44.890 INF API: test started suite=0 test=746 name="interop/_control/head (reth_release)"
Sep 24 22:57:44.893 INF API: test ended suite=0 test=746 pass=false
Sep 24 22:57:44.894 INF API: test started suite=0 test=747 name="interop/_control/latest (reth_release)"
Sep 24 22:57:44.896 INF API: test ended suite=0 test=747 pass=false
Sep 24 22:57:44.897 INF API: test started suite=0 test=748 name="interop/_control/receipt/0x03a4bc78840db70e9b34ed52a9b17a34d4c72011731e9d7c36c962cda16c5b17 (reth_release)"
Sep 24 22:57:44.901 INF API: test ended suite=0 test=748 pass=false
Sep 24 22:57:44.901 INF API: test started suite=0 test=749 name="interop/_control/receipt/0x0c68db54417efe088e4000b2c274e0ae72f58d3fb80be5274f4dde231fb0b53d (reth_release)"
Sep 24 22:57:44.905 INF API: test ended suite=0 test=749 pass=false
Sep 24 22:57:44.906 INF API: test started suite=0 test=750 name="interop/_control/receipt/0x1276cda02bb88cd6b116024f7eb9ad89ee88c24a3f929fc67642cf8eb060e4fc (reth_release)"
Sep 24 22:57:44.910 INF API: test ended suite=0 test=750 pass=false
Sep 24 22:57:44.910 INF API: test started suite=0 test=751 name="interop/_control/receipt/0x269517da790ccc02577056426570550beac8d70ec0c0a3f407a8ffea3d80acc0 (reth_release)"
Sep 24 22:57:44.913 INF API: test ended suite=0 test=751 pass=false
Sep 24 22:57:44.914 INF API: test started suite=0 test=752 name="interop/_control/receipt/0x2eeede94c04e0a644f532b31b9cb71387ba69a26323fed48fa3a7dae6eb23084 (reth_release)"
Sep 24 22:57:44.916 INF API: test ended suite=0 test=752 pass=false
Sep 24 22:57:44.917 INF API: test started suite=0 test=753 name="interop/_control/receipt/0x38287a4cde4cb8f1b78c6c29880a5721ddda573f6d15413753a1e0546b996c1d (reth_release)"
Sep 24 22:57:44.919 INF API: test ended suite=0 test=753 pass=false
Sep 24 22:57:44.920 INF API: test started suite=0 test=754 name="interop/_control/receipt/0x3af8b2d42d7d74bb5ce1c5e9043f767d0808e4a269784db66f09edeee022e4ec (reth_release)"
Sep 24 22:57:44.923 INF API: test ended suite=0 test=754 pass=false
Sep 24 22:57:44.924 INF API: test started suite=0 test=755 name="interop/_control/receipt/0x485156c6fb5117ef740b7f2fd07fa3b59aaa8f63268e2f6b55663a5e532bd2d5 (reth_release)"
Sep 24 22:57:44.926 INF API: test ended suite=0 test=755 pass=false
Sep 24 22:57:44.927 INF API: test started suite=0 test=756 name="interop/_control/receipt/0x49771ec1756a3196f6302d643791d97e345923ecb628472fe369a7895e3d9ef3 (reth_release)"
Sep 24 22:57:44.930 INF API: test ended suite=0 test=756 pass=false
Sep 24 22:57:44.931 INF API: test started suite=0 test=757 name="interop/_control/receipt/0x4ba8c63a6eb76028beb54b621d0aebcb4408b53cfe3221a03426c5d5940d5107 (reth_release)"
Sep 24 22:57:44.933 INF API: test ended suite=0 test=757 pass=false
Sep 24 22:57:44.934 INF API: test started suite=0 test=758 name="interop/_control/receipt/0x4cd560128a9866daaeb440cc4bd884d87396ad816188b6a097af17350fdef754 (reth_release)"
Sep 24 22:57:44.937 INF API: test ended suite=0 test=758 pass=false
Sep 24 22:57:44.938 INF API: test started suite=0 test=759 name="interop/_control/receipt/0x5f8744bbc1ccfe48c9c5d0dc5003a7578289376fca7ca6c58b133b36e8e9029b (reth_release)"
Sep 24 22:57:44.942 INF API: test ended suite=0 test=759 pass=false
Sep 24 22:57:44.943 INF API: test started suite=0 test=760 name="interop/_control/receipt/0x63debd7bcab14a95198660dfe794ca12fd2a34b24f780dd7572c55f2a58735b3 (reth_release)"
Sep 24 22:57:44.946 INF API: test ended suite=0 test=760 pass=false
Sep 24 22:57:44.947 INF API: test started suite=0 test=761 name="interop/_control/receipt/0x6d172e7e8ec79c2f0c2e8c935a52ff48a3d39e20759767badf37fed372fbae77 (reth_release)"
Sep 24 22:57:44.949 INF API: test ended suite=0 test=761 pass=false
Sep 24 22:57:44.950 INF API: test started suite=0 test=762 name="interop/_control/receipt/0x76430fba1b629206573ad53847b0bc7e9f80161b0e79750803715a8fb1bc5955 (reth_release)"
Sep 24 22:57:44.952 INF API: test ended suite=0 test=762 pass=false
Sep 24 22:57:44.953 INF API: test started suite=0 test=763 name="interop/_control/receipt/0x7a4a9d54552bc6b4b024a707408e6c304ead4f2de44a131ecb98c03998b1f153 (reth_release)"
Sep 24 22:57:44.955 INF API: test ended suite=0 test=763 pass=false
Sep 24 22:57:44.956 INF API: test started suite=0 test=764 name="interop/_control/receipt/0x87d8ef31d0d35ae040f2998b90fd61eeb04882b21f189c521bec5c3cefb416d2 (reth_release)"
Sep 24 22:57:44.958 INF API: test ended suite=0 test=764 pass=false
Sep 24 22:57:44.959 INF API: test started suite=0 test=765 name="interop/_control/receipt/0x894d679a5f0efe3beb6fa7e13b7c92c6c223c815f625a77be692533f73e21eb2 (reth_release)"
Sep 24 22:57:44.962 INF API: test ended suite=0 test=765 pass=false
Sep 24 22:57:44.963 INF API: test started suite=0 test=766 name="interop/_control/receipt/0xa23373d1e4fa559fc33ffb791665855530831c83d0c241ef6b2d3f46a5f448f4 (reth_release)"
Sep 24 22:57:44.965 INF API: test ended suite=0 test=766 pass=false
Sep 24 22:57:44.966 INF API: test started suite=0 test=767 name="interop/_control/receipt/0xa263812c1fe6b84efc195c1762cb0f4fccb198b1b5657df7b435e3343bcab1fa (reth_release)"
Sep 24 22:57:44.969 INF API: test ended suite=0 test=767 pass=false
Sep 24 22:57:44.969 INF API: test started suite=0 test=768 name="interop/_control/receipt/0xa7a765e9f45b0ddcc07a023677846e2bfeb53f68ebb3deb3bcbfda3a6754f803 (reth_release)"
Sep 24 22:57:44.972 INF API: test ended suite=0 test=768 pass=false
Sep 24 22:57:44.972 INF API: test started suite=0 test=769 name="interop/_control/receipt/0xcb6cc0f2c24bd58148d690e7c202ffffdc0ed017e2ca6e6a744d8d3698e38091 (reth_release)"
Sep 24 22:57:44.975 INF API: test ended suite=0 test=769 pass=false
Sep 24 22:57:44.975 INF API: test started suite=0 test=770 name="interop/_control/receipt/0xd29a6a56a495a4e78a91c5176cd643bd729df3c17253daf839e9b0921cb27bb7 (reth_release)"
Sep 24 22:57:44.978 INF API: test ended suite=0 test=770 pass=false
Sep 24 22:57:44.979 INF API: test started suite=0 test=771 name="interop/_control/receipt/0xd7822fd23594d52bc98493786233edb857cbeee469a3148b5780e076a53985db (reth_release)"
Sep 24 22:57:44.981 INF API: test ended suite=0 test=771 pass=false
Sep 24 22:57:44.982 INF API: test started suite=0 test=772 name="interop/_control/receipt/0xe4c4e6a9105669372c4eb7fe40af9f521ee1f58d6b0f73d85f32af95189c3876 (reth_release)"
Sep 24 22:57:44.984 INF API: test ended suite=0 test=772 pass=false
Sep 24 22:57:44.985 INF API: test started suite=0 test=773 name="interop/_control/receipt/0xedc4ae6e22147d1f6f417fb53747ccdd61ea8bf8bc04b6aa10b69c59187ac325 (reth_release)"
Sep 24 22:57:44.987 INF API: test ended suite=0 test=773 pass=false
Sep 24 22:57:44.988 INF API: test started suite=0 test=774 name="interop/_control/receipt/0xfaf95f0248bf8587ba17feda97333e872894f94ab3b418bfab84287e76d89b79 (reth_release)"
Sep 24 22:57:44.991 INF API: test ended suite=0 test=774 pass=false
Sep 24 22:57:44.991 INF API: test started suite=0 test=775 name="interop/_control/version (reth_release)"
Sep 24 22:57:44.994 INF API: test ended suite=0 test=775 pass=false
Sep 24 22:57:44.994 INF API: test started suite=0 test=776 name="interop/block-35 (reth_release)"
Sep 24 22:57:44.997 INF API: test ended suite=0 test=776 pass=false
Sep 24 22:57:44.998 INF API: test started suite=0 test=777 name="interop/block-36 (reth_release)"
Sep 24 22:57:45.001 INF API: test ended suite=0 test=777 pass=false
Sep 24 22:57:45.001 INF API: test started suite=0 test=778 name="interop/block-47 (reth_release)"
Sep 24 22:57:45.004 INF API: test ended suite=0 test=778 pass=false
Sep 24 22:57:45.005 INF API: test started suite=0 test=779 name="interop/block-48 (reth_release)"
Sep 24 22:57:45.007 INF API: test ended suite=0 test=779 pass=false
Sep 24 22:57:45.008 INF API: test started suite=0 test=780 name="interop/block-51 (reth_release)"
Sep 24 22:57:45.011 INF API: test ended suite=0 test=780 pass=false
Sep 24 22:57:45.012 INF API: test started suite=0 test=781 name="interop/block-52 (reth_release)"
Sep 24 22:57:45.014 INF API: test ended suite=0 test=781 pass=false
Sep 24 22:57:45.015 INF API: test started suite=0 test=782 name="interop/block-55 (reth_release)"
Sep 24 22:57:45.017 INF API: test ended suite=0 test=782 pass=false
Sep 24 22:57:45.018 INF API: test started suite=0 test=783 name="interop/block-56 (reth_release)"
Sep 24 22:57:45.020 INF API: test ended suite=0 test=783 pass=false
Sep 24 22:57:45.021 INF API: test started suite=0 test=784 name="interop/block-59 (reth_release)"
Sep 24 22:57:45.023 INF API: test ended suite=0 test=784 pass=false
Sep 24 22:57:45.024 INF API: test started suite=0 test=785 name="interop/block-60 (reth_release)"
Sep 24 22:57:45.027 INF API: test ended suite=0 test=785 pass=false
Sep 24 22:57:45.028 INF API: test started suite=0 test=786 name="interop/control-head (reth_release)"
Sep 24 22:57:45.030 INF API: test ended suite=0 test=786 pass=false
Sep 24 22:57:45.031 INF API: test started suite=0 test=787 name="interop/control-height (reth_release)"
Sep 24 22:57:45.033 INF API: test ended suite=0 test=787 pass=false
Sep 24 22:57:45.034 INF API: test started suite=0 test=788 name="interop/control-version (reth_release)"
Sep 24 22:57:45.036 INF API: test ended suite=0 test=788 pass=false
Sep 24 22:57:45.037 INF API: test started suite=0 test=789 name="interop/destroy-prestate-55 (reth_release)"
Sep 24 22:57:45.040 INF API: test ended suite=0 test=789 pass=false
Sep 24 22:57:45.041 INF API: test started suite=0 test=790 name="interop/destroy-prestate-56 (reth_release)"
Sep 24 22:57:45.043 INF API: test ended suite=0 test=790 pass=false
Sep 24 22:57:45.044 INF API: test started suite=0 test=791 name="interop/destroy-trace-55 (reth_release)"
Sep 24 22:57:45.047 INF API: test ended suite=0 test=791 pass=false
Sep 24 22:57:45.048 INF API: test started suite=0 test=792 name="interop/destroy-trace-56 (reth_release)"
Sep 24 22:57:45.050 INF API: test ended suite=0 test=792 pass=false
Sep 24 22:57:45.051 INF API: test started suite=0 test=793 name="interop/filter-35 (reth_release)"
Sep 24 22:57:45.053 INF API: test ended suite=0 test=793 pass=false
Sep 24 22:57:45.054 INF API: test started suite=0 test=794 name="interop/filter-36 (reth_release)"
Sep 24 22:57:45.056 INF API: test ended suite=0 test=794 pass=false
Sep 24 22:57:45.057 INF API: test started suite=0 test=795 name="interop/filter-47 (reth_release)"
Sep 24 22:57:45.060 INF API: test ended suite=0 test=795 pass=false
Sep 24 22:57:45.060 INF API: test started suite=0 test=796 name="interop/filter-48 (reth_release)"
Sep 24 22:57:45.063 INF API: test ended suite=0 test=796 pass=false
Sep 24 22:57:45.064 INF API: test started suite=0 test=797 name="interop/filter-51 (reth_release)"
Sep 24 22:57:45.066 INF API: test ended suite=0 test=797 pass=false
Sep 24 22:57:45.067 INF API: test started suite=0 test=798 name="interop/filter-52 (reth_release)"
Sep 24 22:57:45.070 INF API: test ended suite=0 test=798 pass=false
Sep 24 22:57:45.070 INF API: test started suite=0 test=799 name="interop/filter-55 (reth_release)"
Sep 24 22:57:45.072 INF API: test ended suite=0 test=799 pass=false
Sep 24 22:57:45.073 INF API: test started suite=0 test=800 name="interop/filter-56 (reth_release)"
Sep 24 22:57:45.076 INF API: test ended suite=0 test=800 pass=false
Sep 24 22:57:45.077 INF API: test started suite=0 test=801 name="interop/filter-59 (reth_release)"
Sep 24 22:57:45.079 INF API: test ended suite=0 test=801 pass=false
Sep 24 22:57:45.080 INF API: test started suite=0 test=802 name="interop/filter-60 (reth_release)"
Sep 24 22:57:45.083 INF API: test ended suite=0 test=802 pass=false
Sep 24 22:57:45.083 INF API: test started suite=0 test=803 name="interop/filter-across-36 (reth_release)"
Sep 24 22:57:45.087 INF API: test ended suite=0 test=803 pass=false
Sep 24 22:57:45.088 INF API: test started suite=0 test=804 name="interop/filter-across-48 (reth_release)"
Sep 24 22:57:45.090 INF API: test ended suite=0 test=804 pass=false
Sep 24 22:57:45.091 INF API: test started suite=0 test=805 name="interop/filter-across-52 (reth_release)"
Sep 24 22:57:45.094 INF API: test ended suite=0 test=805 pass=false
Sep 24 22:57:45.095 INF API: test started suite=0 test=806 name="interop/filter-across-56 (reth_release)"
Sep 24 22:57:45.098 INF API: test ended suite=0 test=806 pass=false
Sep 24 22:57:45.098 INF API: test started suite=0 test=807 name="interop/filter-across-60 (reth_release)"
Sep 24 22:57:45.101 INF API: test ended suite=0 test=807 pass=false
Sep 24 22:57:45.102 INF API: test started suite=0 test=808 name="interop/header-35 (reth_release)"
Sep 24 22:57:45.104 INF API: test ended suite=0 test=808 pass=false
Sep 24 22:57:45.105 INF API: test started suite=0 test=809 name="interop/header-36 (reth_release)"
Sep 24 22:57:45.107 INF API: test ended suite=0 test=809 pass=false
Sep 24 22:57:45.108 INF API: test started suite=0 test=810 name="interop/header-47 (reth_release)"
Sep 24 22:57:45.110 INF API: test ended suite=0 test=810 pass=false
Sep 24 22:57:45.111 INF API: test started suite=0 test=811 name="interop/header-48 (reth_release)"
Sep 24 22:57:45.114 INF API: test ended suite=0 test=811 pass=false
Sep 24 22:57:45.114 INF API: test started suite=0 test=812 name="interop/header-51 (reth_release)"
Sep 24 22:57:45.117 INF API: test ended suite=0 test=812 pass=false
Sep 24 22:57:45.117 INF API: test started suite=0 test=813 name="interop/header-52 (reth_release)"
Sep 24 22:57:45.120 INF API: test ended suite=0 test=813 pass=false
Sep 24 22:57:45.121 INF API: test started suite=0 test=814 name="interop/header-55 (reth_release)"
Sep 24 22:57:45.123 INF API: test ended suite=0 test=814 pass=false
Sep 24 22:57:45.124 INF API: test started suite=0 test=815 name="interop/header-56 (reth_release)"
Sep 24 22:57:45.126 INF API: test ended suite=0 test=815 pass=false
Sep 24 22:57:45.127 INF API: test started suite=0 test=816 name="interop/header-59 (reth_release)"
Sep 24 22:57:45.129 INF API: test ended suite=0 test=816 pass=false
Sep 24 22:57:45.130 INF API: test started suite=0 test=817 name="interop/header-60 (reth_release)"
Sep 24 22:57:45.132 INF API: test ended suite=0 test=817 pass=false
Sep 24 22:57:45.133 INF API: test started suite=0 test=818 name="interop/mcopy-prestate-55 (reth_release)"
Sep 24 22:57:45.137 INF API: test ended suite=0 test=818 pass=false
Sep 24 22:57:45.138 INF API: test started suite=0 test=819 name="interop/mcopy-prestate-56 (reth_release)"
Sep 24 22:57:45.141 INF API: test ended suite=0 test=819 pass=false
Sep 24 22:57:45.141 INF API: test started suite=0 test=820 name="interop/mcopy-trace-55 (reth_release)"
Sep 24 22:57:45.144 INF API: test ended suite=0 test=820 pass=false
Sep 24 22:57:45.144 INF API: test started suite=0 test=821 name="interop/mcopy-trace-56 (reth_release)"
Sep 24 22:57:45.147 INF API: test ended suite=0 test=821 pass=false
Sep 24 22:57:45.147 INF API: test started suite=0 test=822 name="interop/replay-35 (reth_release)"
Sep 24 22:57:45.150 INF API: test ended suite=0 test=822 pass=false
Sep 24 22:57:45.150 INF API: test started suite=0 test=823 name="interop/replay-36 (reth_release)"
Sep 24 22:57:45.153 INF API: test ended suite=0 test=823 pass=false
Sep 24 22:57:45.154 INF API: test started suite=0 test=824 name="interop/replay-47 (reth_release)"
Sep 24 22:57:45.157 INF API: test ended suite=0 test=824 pass=false
Sep 24 22:57:45.158 INF API: test started suite=0 test=825 name="interop/replay-48 (reth_release)"
Sep 24 22:57:45.160 INF API: test ended suite=0 test=825 pass=false
Sep 24 22:57:45.161 INF API: test started suite=0 test=826 name="interop/replay-51 (reth_release)"
Sep 24 22:57:45.164 INF API: test ended suite=0 test=826 pass=false
Sep 24 22:57:45.165 INF API: test started suite=0 test=827 name="interop/replay-52 (reth_release)"
Sep 24 22:57:45.167 INF API: test ended suite=0 test=827 pass=false
Sep 24 22:57:45.168 INF API: test started suite=0 test=828 name="interop/replay-55 (reth_release)"
Sep 24 22:57:45.170 INF API: test ended suite=0 test=828 pass=false
Sep 24 22:57:45.171 INF API: test started suite=0 test=829 name="interop/replay-56 (reth_release)"
Sep 24 22:57:45.173 INF API: test ended suite=0 test=829 pass=false
Sep 24 22:57:45.174 INF API: test started suite=0 test=830 name="interop/replay-59 (reth_release)"
Sep 24 22:57:45.177 INF API: test ended suite=0 test=830 pass=false
Sep 24 22:57:45.178 INF API: test started suite=0 test=831 name="interop/replay-60 (reth_release)"
Sep 24 22:57:45.181 INF API: test ended suite=0 test=831 pass=false
Sep 24 22:57:45.182 INF API: test started suite=0 test=832 name="interop/system-beacon-55-560 (reth_release)"
Sep 24 22:57:45.184 INF API: test ended suite=0 test=832 pass=false
Sep 24 22:57:45.185 INF API: test started suite=0 test=833 name="interop/system-beacon-55-8751 (reth_release)"
Sep 24 22:57:45.186 INF API: test ended suite=0 test=833 pass=false
Sep 24 22:57:45.187 INF API: test started suite=0 test=834 name="interop/system-beacon-56-560 (reth_release)"
Sep 24 22:57:45.190 INF API: test ended suite=0 test=834 pass=false
Sep 24 22:57:45.190 INF API: test started suite=0 test=835 name="interop/system-beacon-56-8751 (reth_release)"
Sep 24 22:57:45.192 INF API: test ended suite=0 test=835 pass=false
Sep 24 22:57:45.193 INF API: test started suite=0 test=836 name="interop/system-beacon-57-560 (reth_release)"
Sep 24 22:57:45.195 INF API: test ended suite=0 test=836 pass=false
Sep 24 22:57:45.196 INF API: test started suite=0 test=837 name="interop/system-beacon-57-8751 (reth_release)"
Sep 24 22:57:45.198 INF API: test ended suite=0 test=837 pass=false
Sep 24 22:57:45.334 INF API: test ended suite=0 test=745 pass=true
Sep 24 22:57:45.344 INF API: suite ended suite=0
Sep 24 22:57:45.589 INF simulation ethereum/rpc-compat finished suites=1 tests=837 failed=828
828 tests failed
