sending engine_forkchoiceUpdatedV3: [map[finalizedBlockHash:0xc838e291267cb5ce27dd44cd30e91eade7d3d97ee9d19805453f8f0c18b297c8 headBlockHash:0xb3ba0330884cb90c46699588aab05619155565a21fecf9b9f9482693556f2316 safeBlockHash:0xb3ba0330884cb90c46699588aab05619155565a21fecf9b9f9482693556f2316] <nil>]
response: map[payloadId:<nil> payloadStatus:map[latestValidHash:0xb3ba0330884cb90c46699588aab05619155565a21fecf9b9f9482693556f2316 status:VALID validationError:<nil>]]
>>  {"jsonrpc": "2.0", "id": 1, "method": "eth_getBlockByNumber", "params": ["0x48", false]}
<<  {"jsonrpc":"2.0","id":1,"result":{"number":"0x48","hash":"0xb3ba0330884cb90c46699588aab05619155565a21fecf9b9f9482693556f2316","mixHash":"0x0000000000000000000000000000000000000000000000000000000000000000","parentHash":"0x7964ce394f9773783863d05cf0826d125024c5f5dac03c07d5d7832c551a40de","nonce":"0x0000000000000000","sha3Uncles":"0x1dcc4de8dec75d7aab85b567b6ccd41ad312451b948a7413f0a142fd40d49347","logsBloom":"0x00000000000000000000000000000000000000000000000000000000800000000000000000000000000000000000000000000000000000000000000000000000000000000000000000004000000000000200000002000000000000000000002000000000000000000000000000800000000000000000000000000000000000000000000000000000000100000000000000000000000000000000000000000000000000000000009000000000000000000000000000000000000000800000000000800000000000000000000000000000000000000000000000000000000000000000000000000000000000000000000000000000000000000000000000400000","transactionsRoot":"0x4a0b6fa744634b80a04463acab0cad7eb4aa563337ed6f95ec3728d7ef745a99","stateRoot":"0x42da2e489b18e750a877106cd83e76fd16d4234d530e8290eda403582c50aac4","receiptsRoot":"0x8242a788eddcd94326c2acb0a6cb547ca411104a65e3c6c5f751ce1c7f14cd15","miner":"0x0000000000000000000000000000000000000000","difficulty":"0x0","extraData":"0x","baseFeePerGas":"0x7d97fd","size":"0x400","gasLimit":"0xbebc200","gasUsed":"0x18d04","timestamp":"0x2d0","uncles":[],"transactions":["0x72af7d7b24f8bd52b53e2974eb4a8b3a97819211501eb3969bc7d6562016f49d","0x2bd941225e044995fd7890bf3183cc65edb04f1b92aa7191626d120ee543e41c"],"withdrawalsRoot":"0xe0ab3dbb84deba21eca1dff9c98528bd2f6a427acd3d30f09ca504c7f0ef0a3b","withdrawals":[{"index":"0x6","validatorIndex":"0x5","address":"0x0c2c51a0990aee1d73c1228de158688341557508","amount":"0x64"}],"requestsHash":"0xe3b0c44298fc1c149afbf4c8996fb92427ae41e4649b934ca495991b7852b855","blobGasUsed":"0x20000","excessBlobGas":"0x0","parentBeaconBlockRoot":"0x47c896f5986ec29f58ec60eec56ed176910779e9fc9cf45c3c090126aeb21acd"}}
response differs from expected (-- client, ++ test):
{
  "id": 1,
  "jsonrpc": "2.0",
  "result": {
    -- "baseFeePerGas": "0x7d97fd",
    -- "blobGasUsed": "0x20000",
    ++ "capture_only": true,
    -- "difficulty": "0x0",
    -- "excessBlobGas": "0x0",
    -- "extraData": "0x",
    -- "gasLimit": "0xbebc200",
    -- "gasUsed": "0x18d04",
    -- "hash": "0xb3ba0330884cb90c46699588aab05619155565a21fecf9b9f9482693556f2316",
    -- "logsBloom": "0x00000000000000000000000000000000000000000000000000000000800000000000000000000000000000000000000000000000000000000000000000000000000000000000000000004000000000000200000002000000000000000000002000000000000000000000000000800000000000000000000000000000000000000000000000000000000100000000000000000000000000000000000000000000000000000000009000000000000000000000000000000000000000800000000000800000000000000000000000000000000000000000000000000000000000000000000000000000000000000000000000000000000000000000000000400000",
    -- "miner": "0x0000000000000000000000000000000000000000",
    -- "mixHash": "0x0000000000000000000000000000000000000000000000000000000000000000",
    -- "nonce": "0x0000000000000000",
    -- "number": "0x48",
    -- "parentBeaconBlockRoot": "0x47c896f5986ec29f58ec60eec56ed176910779e9fc9cf45c3c090126aeb21acd",
    -- "parentHash": "0x7964ce394f9773783863d05cf0826d125024c5f5dac03c07d5d7832c551a40de",
    -- "receiptsRoot": "0x8242a788eddcd94326c2acb0a6cb547ca411104a65e3c6c5f751ce1c7f14cd15",
    -- "requestsHash": "0xe3b0c44298fc1c149afbf4c8996fb92427ae41e4649b934ca495991b7852b855",
    -- "sha3Uncles": "0x1dcc4de8dec75d7aab85b567b6ccd41ad312451b948a7413f0a142fd40d49347",
    -- "size": "0x400",
    -- "stateRoot": "0x42da2e489b18e750a877106cd83e76fd16d4234d530e8290eda403582c50aac4",
    -- "timestamp": "0x2d0",
    -- "transactions": [
      -- "0x72af7d7b24f8bd52b53e2974eb4a8b3a97819211501eb3969bc7d6562016f49d",
      -- "0x2bd941225e044995fd7890bf3183cc65edb04f1b92aa7191626d120ee543e41c"
    -- ],
    -- "transactionsRoot": "0x4a0b6fa744634b80a04463acab0cad7eb4aa563337ed6f95ec3728d7ef745a99",
    -- "uncles": [],
    -- "withdrawals": [
      -- {
        -- "address": "0x0c2c51a0990aee1d73c1228de158688341557508",
        -- "amount": "0x64",
        -- "index": "0x6",
        -- "validatorIndex": "0x5"
      -- }
    -- ],
    -- "withdrawalsRoot": "0xe0ab3dbb84deba21eca1dff9c98528bd2f6a427acd3d30f09ca504c7f0ef0a3b"
  }
}
>>  {"jsonrpc": "2.0", "id": 1, "method": "eth_getBlockByNumber", "params": ["latest", false]}
<<  {"jsonrpc":"2.0","id":1,"result":{"number":"0x48","hash":"0xb3ba0330884cb90c46699588aab05619155565a21fecf9b9f9482693556f2316","mixHash":"0x0000000000000000000000000000000000000000000000000000000000000000","parentHash":"0x7964ce394f9773783863d05cf0826d125024c5f5dac03c07d5d7832c551a40de","nonce":"0x0000000000000000","sha3Uncles":"0x1dcc4de8dec75d7aab85b567b6ccd41ad312451b948a7413f0a142fd40d49347","logsBloom":"0x00000000000000000000000000000000000000000000000000000000800000000000000000000000000000000000000000000000000000000000000000000000000000000000000000004000000000000200000002000000000000000000002000000000000000000000000000800000000000000000000000000000000000000000000000000000000100000000000000000000000000000000000000000000000000000000009000000000000000000000000000000000000000800000000000800000000000000000000000000000000000000000000000000000000000000000000000000000000000000000000000000000000000000000000000400000","transactionsRoot":"0x4a0b6fa744634b80a04463acab0cad7eb4aa563337ed6f95ec3728d7ef745a99","stateRoot":"0x42da2e489b18e750a877106cd83e76fd16d4234d530e8290eda403582c50aac4","receiptsRoot":"0x8242a788eddcd94326c2acb0a6cb547ca411104a65e3c6c5f751ce1c7f14cd15","miner":"0x0000000000000000000000000000000000000000","difficulty":"0x0","extraData":"0x","baseFeePerGas":"0x7d97fd","size":"0x400","gasLimit":"0xbebc200","gasUsed":"0x18d04","timestamp":"0x2d0","uncles":[],"transactions":["0x72af7d7b24f8bd52b53e2974eb4a8b3a97819211501eb3969bc7d6562016f49d","0x2bd941225e044995fd7890bf3183cc65edb04f1b92aa7191626d120ee543e41c"],"withdrawalsRoot":"0xe0ab3dbb84deba21eca1dff9c98528bd2f6a427acd3d30f09ca504c7f0ef0a3b","withdrawals":[{"index":"0x6","validatorIndex":"0x5","address":"0x0c2c51a0990aee1d73c1228de158688341557508","amount":"0x64"}],"requestsHash":"0xe3b0c44298fc1c149afbf4c8996fb92427ae41e4649b934ca495991b7852b855","blobGasUsed":"0x20000","excessBlobGas":"0x0","parentBeaconBlockRoot":"0x47c896f5986ec29f58ec60eec56ed176910779e9fc9cf45c3c090126aeb21acd"}}
response differs from expected (-- client, ++ test):
{
  "id": 1,
  "jsonrpc": "2.0",
  "result": {
    -- "baseFeePerGas": "0x7d97fd",
    -- "blobGasUsed": "0x20000",
    ++ "capture_only": true,
    -- "difficulty": "0x0",
    -- "excessBlobGas": "0x0",
    -- "extraData": "0x",
    -- "gasLimit": "0xbebc200",
    -- "gasUsed": "0x18d04",
    -- "hash": "0xb3ba0330884cb90c46699588aab05619155565a21fecf9b9f9482693556f2316",
    -- "logsBloom": "0x00000000000000000000000000000000000000000000000000000000800000000000000000000000000000000000000000000000000000000000000000000000000000000000000000004000000000000200000002000000000000000000002000000000000000000000000000800000000000000000000000000000000000000000000000000000000100000000000000000000000000000000000000000000000000000000009000000000000000000000000000000000000000800000000000800000000000000000000000000000000000000000000000000000000000000000000000000000000000000000000000000000000000000000000000400000",
    -- "miner": "0x0000000000000000000000000000000000000000",
    -- "mixHash": "0x0000000000000000000000000000000000000000000000000000000000000000",
    -- "nonce": "0x0000000000000000",
    -- "number": "0x48",
    -- "parentBeaconBlockRoot": "0x47c896f5986ec29f58ec60eec56ed176910779e9fc9cf45c3c090126aeb21acd",
    -- "parentHash": "0x7964ce394f9773783863d05cf0826d125024c5f5dac03c07d5d7832c551a40de",
    -- "receiptsRoot": "0x8242a788eddcd94326c2acb0a6cb547ca411104a65e3c6c5f751ce1c7f14cd15",
    -- "requestsHash": "0xe3b0c44298fc1c149afbf4c8996fb92427ae41e4649b934ca495991b7852b855",
    -- "sha3Uncles": "0x1dcc4de8dec75d7aab85b567b6ccd41ad312451b948a7413f0a142fd40d49347",
    -- "size": "0x400",
    -- "stateRoot": "0x42da2e489b18e750a877106cd83e76fd16d4234d530e8290eda403582c50aac4",
    -- "timestamp": "0x2d0",
    -- "transactions": [
      -- "0x72af7d7b24f8bd52b53e2974eb4a8b3a97819211501eb3969bc7d6562016f49d",
      -- "0x2bd941225e044995fd7890bf3183cc65edb04f1b92aa7191626d120ee543e41c"
    -- ],
    -- "transactionsRoot": "0x4a0b6fa744634b80a04463acab0cad7eb4aa563337ed6f95ec3728d7ef745a99",
    -- "uncles": [],
    -- "withdrawals": [
      -- {
        -- "address": "0x0c2c51a0990aee1d73c1228de158688341557508",
        -- "amount": "0x64",
        -- "index": "0x6",
        -- "validatorIndex": "0x5"
      -- }
    -- ],
    -- "withdrawalsRoot": "0xe0ab3dbb84deba21eca1dff9c98528bd2f6a427acd3d30f09ca504c7f0ef0a3b"
  }
}
>>  {"jsonrpc": "2.0", "id": 1, "method": "web3_clientVersion", "params": []}
<<  {"jsonrpc":"2.0","id":1,"result":"besu/v26.9-develop-d997aad/linux-x86_64/openjdk-java-25"}
response differs from expected (-- client, ++ test):
{
  "id": 1,
  "jsonrpc": "2.0",
  "result": -- "besu/v26.9-develop-d997aad/linux-x86_64/openjdk-java-25" ++ {}
}
>>  {"jsonrpc": "2.0", "id": 1, "method": "trace_call", "params": [{"from": "0x7435ed30a8b4aeb0877cef0c6e8cffe834eb865f", "to": "0x000F3df6D732807Ef1319fB7B8bB8522d0Beac02", "data": "0x0000000000000000000000000000000000000000000000000000000000000230", "gas": "0x927c0", "gasPrice": "0x77359400"}, ["trace"], "0x37"]}
<<  {"jsonrpc":"2.0","id":1,"result":{"output":"0x","stateDiff":null,"trace":[{"action":{"callType":"call","from":"0x7435ed30a8b4aeb0877cef0c6e8cffe834eb865f","gas":"0x8d520","input":"0x0000000000000000000000000000000000000000000000000000000000000230","to":"0x000f3df6d732807ef1319fb7b8bb8522d0beac02","value":"0x0"},"error":"Reverted","revertReason":"0x","subtraces":0,"traceAddress":[],"type":"call"}],"vmTrace":null}}
response differs from expected (-- client, ++ test):
{
  "id": 1,
  "jsonrpc": "2.0",
  "result": {
    ++ "capture_only": true,
    -- "output": "0x",
    -- "stateDiff": null,
    -- "trace": [
      -- {
        -- "action": {
          -- "callType": "call",
          -- "from": "0x7435ed30a8b4aeb0877cef0c6e8cffe834eb865f",
          -- "gas": "0x8d520",
          -- "input": "0x0000000000000000000000000000000000000000000000000000000000000230",
          -- "to": "0x000f3df6d732807ef1319fb7b8bb8522d0beac02",
          -- "value": "0x0"
        -- },
        -- "error": "Reverted",
        -- "revertReason": "0x",
        -- "subtraces": 0,
        -- "traceAddress": [],
        -- "type": "call"
      -- }
    -- ],
    -- "vmTrace": null
  }
}
>>  {"jsonrpc": "2.0", "id": 1, "method": "trace_call", "params": [{"from": "0x7435ed30a8b4aeb0877cef0c6e8cffe834eb865f", "to": "0x000F3df6D732807Ef1319fB7B8bB8522d0Beac02", "data": "0x0000000000000000000000000000000000000000000000000000000000000230", "gas": "0x927c0", "gasPrice": "0x77359400"}, ["trace"], "0x38"]}
<<  {"jsonrpc":"2.0","id":1,"result":{"output":"0x83472eda6eb475906aeeb7f09e757ba9f6663b9f6a5bf8611d6306f677f67ebd","stateDiff":null,"trace":[{"action":{"callType":"call","from":"0x7435ed30a8b4aeb0877cef0c6e8cffe834eb865f","gas":"0x8d520","input":"0x0000000000000000000000000000000000000000000000000000000000000230","to":"0x000f3df6d732807ef1319fb7b8bb8522d0beac02","value":"0x0"},"result":{"gasUsed":"0x10e0","output":"0x83472eda6eb475906aeeb7f09e757ba9f6663b9f6a5bf8611d6306f677f67ebd"},"subtraces":0,"traceAddress":[],"type":"call"}],"vmTrace":null}}
response differs from expected (-- client, ++ test):
{
  "id": 1,
  "jsonrpc": "2.0",
  "result": {
    ++ "capture_only": true,
    -- "output": "0x83472eda6eb475906aeeb7f09e757ba9f6663b9f6a5bf8611d6306f677f67ebd",
    -- "stateDiff": null,
    -- "trace": [
      -- {
        -- "action": {
          -- "callType": "call",
          -- "from": "0x7435ed30a8b4aeb0877cef0c6e8cffe834eb865f",
          -- "gas": "0x8d520",
          -- "input": "0x0000000000000000000000000000000000000000000000000000000000000230",
          -- "to": "0x000f3df6d732807ef1319fb7b8bb8522d0beac02",
          -- "value": "0x0"
        -- },
        -- "result": {
          -- "gasUsed": "0x10e0",
          -- "output": "0x83472eda6eb475906aeeb7f09e757ba9f6663b9f6a5bf8611d6306f677f67ebd"
        -- },
        -- "subtraces": 0,
        -- "traceAddress": [],
        -- "type": "call"
      -- }
    -- ],
    -- "vmTrace": null
  }
}
>>  {"jsonrpc": "2.0", "id": 1, "method": "eth_getBlockByNumber", "params": ["0x48", false]}
<<  {"jsonrpc":"2.0","id":1,"result":{"number":"0x48","hash":"0xb3ba0330884cb90c46699588aab05619155565a21fecf9b9f9482693556f2316","mixHash":"0x0000000000000000000000000000000000000000000000000000000000000000","parentHash":"0x7964ce394f9773783863d05cf0826d125024c5f5dac03c07d5d7832c551a40de","nonce":"0x0000000000000000","sha3Uncles":"0x1dcc4de8dec75d7aab85b567b6ccd41ad312451b948a7413f0a142fd40d49347","logsBloom":"0x00000000000000000000000000000000000000000000000000000000800000000000000000000000000000000000000000000000000000000000000000000000000000000000000000004000000000000200000002000000000000000000002000000000000000000000000000800000000000000000000000000000000000000000000000000000000100000000000000000000000000000000000000000000000000000000009000000000000000000000000000000000000000800000000000800000000000000000000000000000000000000000000000000000000000000000000000000000000000000000000000000000000000000000000000400000","transactionsRoot":"0x4a0b6fa744634b80a04463acab0cad7eb4aa563337ed6f95ec3728d7ef745a99","stateRoot":"0x42da2e489b18e750a877106cd83e76fd16d4234d530e8290eda403582c50aac4","receiptsRoot":"0x8242a788eddcd94326c2acb0a6cb547ca411104a65e3c6c5f751ce1c7f14cd15","miner":"0x0000000000000000000000000000000000000000","difficulty":"0x0","extraData":"0x","baseFeePerGas":"0x7d97fd","size":"0x400","gasLimit":"0xbebc200","gasUsed":"0x18d04","timestamp":"0x2d0","uncles":[],"transactions":["0x72af7d7b24f8bd52b53e2974eb4a8b3a97819211501eb3969bc7d6562016f49d","0x2bd941225e044995fd7890bf3183cc65edb04f1b92aa7191626d120ee543e41c"],"withdrawalsRoot":"0xe0ab3dbb84deba21eca1dff9c98528bd2f6a427acd3d30f09ca504c7f0ef0a3b","withdrawals":[{"index":"0x6","validatorIndex":"0x5","address":"0x0c2c51a0990aee1d73c1228de158688341557508","amount":"0x64"}],"requestsHash":"0xe3b0c44298fc1c149afbf4c8996fb92427ae41e4649b934ca495991b7852b855","blobGasUsed":"0x20000","excessBlobGas":"0x0","parentBeaconBlockRoot":"0x47c896f5986ec29f58ec60eec56ed176910779e9fc9cf45c3c090126aeb21acd"}}
response differs from expected (-- client, ++ test):
{
  "id": 1,
  "jsonrpc": "2.0",
  "result": {
    -- "baseFeePerGas": "0x7d97fd",
    -- "blobGasUsed": "0x20000",
    ++ "capture_only": true,
    -- "difficulty": "0x0",
    -- "excessBlobGas": "0x0",
    -- "extraData": "0x",
    -- "gasLimit": "0xbebc200",
    -- "gasUsed": "0x18d04",
    -- "hash": "0xb3ba0330884cb90c46699588aab05619155565a21fecf9b9f9482693556f2316",
    -- "logsBloom": "0x00000000000000000000000000000000000000000000000000000000800000000000000000000000000000000000000000000000000000000000000000000000000000000000000000004000000000000200000002000000000000000000002000000000000000000000000000800000000000000000000000000000000000000000000000000000000100000000000000000000000000000000000000000000000000000000009000000000000000000000000000000000000000800000000000800000000000000000000000000000000000000000000000000000000000000000000000000000000000000000000000000000000000000000000000400000",
    -- "miner": "0x0000000000000000000000000000000000000000",
    -- "mixHash": "0x0000000000000000000000000000000000000000000000000000000000000000",
    -- "nonce": "0x0000000000000000",
    -- "number": "0x48",
    -- "parentBeaconBlockRoot": "0x47c896f5986ec29f58ec60eec56ed176910779e9fc9cf45c3c090126aeb21acd",
    -- "parentHash": "0x7964ce394f9773783863d05cf0826d125024c5f5dac03c07d5d7832c551a40de",
    -- "receiptsRoot": "0x8242a788eddcd94326c2acb0a6cb547ca411104a65e3c6c5f751ce1c7f14cd15",
    -- "requestsHash": "0xe3b0c44298fc1c149afbf4c8996fb92427ae41e4649b934ca495991b7852b855",
    -- "sha3Uncles": "0x1dcc4de8dec75d7aab85b567b6ccd41ad312451b948a7413f0a142fd40d49347",
    -- "size": "0x400",
    -- "stateRoot": "0x42da2e489b18e750a877106cd83e76fd16d4234d530e8290eda403582c50aac4",
    -- "timestamp": "0x2d0",
    -- "transactions": [
      -- "0x72af7d7b24f8bd52b53e2974eb4a8b3a97819211501eb3969bc7d6562016f49d",
      -- "0x2bd941225e044995fd7890bf3183cc65edb04f1b92aa7191626d120ee543e41c"
    -- ],
    -- "transactionsRoot": "0x4a0b6fa744634b80a04463acab0cad7eb4aa563337ed6f95ec3728d7ef745a99",
    -- "uncles": [],
    -- "withdrawals": [
      -- {
        -- "address": "0x0c2c51a0990aee1d73c1228de158688341557508",
        -- "amount": "0x64",
        -- "index": "0x6",
        -- "validatorIndex": "0x5"
      -- }
    -- ],
    -- "withdrawalsRoot": "0xe0ab3dbb84deba21eca1dff9c98528bd2f6a427acd3d30f09ca504c7f0ef0a3b"
  }
}
>>  {"jsonrpc": "2.0", "id": 1, "method": "trace_call", "params": [{"from": "0x7435ed30a8b4aeb0877cef0c6e8cffe834eb865f", "to": "0x0000000000000000000000000000000000001007", "gas": "0x927c0", "gasPrice": "0x77359400", "data": "0x"}, ["trace", "stateDiff", "vmTrace"], "0x37"]}
<<  {"jsonrpc":"2.0","id":1,"result":{"output":"0x","stateDiff":{"0x0000000000000000000000000000000000000000":{"balance":{"*":{"from":"0xc4f200cb8a8742bfd","to":"0xc4f206a5aa5411442"}},"code":"=","nonce":"=","storage":{}},"0x0000000000000000000000000000000000001007":{"balance":{"-":"0x64"},"code":{"-":"0x611008ff"},"nonce":{"-":"0x0"},"storage":{}},"0x0000000000000000000000000000000000001008":{"balance":{"+":"0x64"},"code":{"+":"0x"},"nonce":{"+":"0x0"},"storage":{}},"0x7435ed30a8b4aeb0877cef0c6e8cffe834eb865f":{"balance":{"*":{"from":"0xc097ce7bc90715b347f875eff99958","to":"0xc097ce7bc90715b34796f5186d5d58"}},"code":"=","nonce":{"*":{"from":"0x7f","to":"0x80"}},"storage":{}}},"trace":[{"action":{"callType":"call","from":"0x7435ed30a8b4aeb0877cef0c6e8cffe834eb865f","gas":"0x8d5b8","input":"0x","to":"0x0000000000000000000000000000000000001007","value":"0x0"},"result":{"gasUsed":"0x7f5b","output":"0x"},"subtraces":1,"traceAddress":[],"type":"call"},{"action":{"address":"0x0000000000000000000000000000000000001007","balance":"0x64","refundAddress":"0x0000000000000000000000000000000000001008"},"result":null,"subtraces":0,"traceAddress":[0],"type":"suicide"}],"vmTrace":{"code":"0x611008ff","ops":[{"cost":3,"ex":{"mem":null,"push":["0x1008"],"store":null,"used":578997},"pc":0,"sub":null},{"cost":32600,"ex":{"mem":null,"push":[],"store":null,"used":546397},"pc":3,"sub":null}]}}}
response differs from expected (-- client, ++ test):
{
  "id": 1,
  "jsonrpc": "2.0",
  "result": {
    ++ "capture_only": true,
    -- "output": "0x",
    -- "stateDiff": {
      -- "0x0000000000000000000000000000000000000000": {
        -- "balance": {
          -- "*": {
            -- "from": "0xc4f200cb8a8742bfd",
            -- "to": "0xc4f206a5aa5411442"
          -- }
        -- },
        -- "code": "=",
        -- "nonce": "=",
        -- "storage": {}
      -- },
      -- "0x0000000000000000000000000000000000001007": {
        -- "balance": {
          -- "-": "0x64"
        -- },
        -- "code": {
          -- "-": "0x611008ff"
        -- },
        -- "nonce": {
          -- "-": "0x0"
        -- },
        -- "storage": {}
      -- },
      -- "0x0000000000000000000000000000000000001008": {
        -- "balance": {
          -- "+": "0x64"
        -- },
        -- "code": {
          -- "+": "0x"
        -- },
        -- "nonce": {
          -- "+": "0x0"
        -- },
        -- "storage": {}
      -- },
      -- "0x7435ed30a8b4aeb0877cef0c6e8cffe834eb865f": {
        -- "balance": {
          -- "*": {
            -- "from": "0xc097ce7bc90715b347f875eff99958",
            -- "to": "0xc097ce7bc90715b34796f5186d5d58"
          -- }
        -- },
        -- "code": "=",
        -- "nonce": {
          -- "*": {
            -- "from": "0x7f",
            -- "to": "0x80"
          -- }
        -- },
        -- "storage": {}
      -- }
    -- },
    -- "trace": [
      -- {
        -- "action": {
          -- "callType": "call",
          -- "from": "0x7435ed30a8b4aeb0877cef0c6e8cffe834eb865f",
          -- "gas": "0x8d5b8",
          -- "input": "0x",
          -- "to": "0x0000000000000000000000000000000000001007",
          -- "value": "0x0"
        -- },
        -- "result": {
          -- "gasUsed": "0x7f5b",
          -- "output": "0x"
        -- },
        -- "subtraces": 1,
        -- "traceAddress": [],
        -- "type": "call"
      -- },
      -- {
        -- "action": {
          -- "address": "0x0000000000000000000000000000000000001007",
          -- "balance": "0x64",
          -- "refundAddress": "0x0000000000000000000000000000000000001008"
        -- },
        -- "result": null,
        -- "subtraces": 0,
        -- "traceAddress": [
          -- 0
        -- ],
        -- "type": "suicide"
      -- }
    -- ],
    -- "vmTrace": {
      -- "code": "0x611008ff",
      -- "ops": [
        -- {
          -- "cost": 3,
          -- "ex": {
            -- "mem": null,
            -- "push": [
              -- "0x1008"
            -- ],
            -- "store": null,
            -- "used": 578997
          -- },
          -- "pc": 0,
          -- "sub": null
        -- },
        -- {
          -- "cost": 32600,
          -- "ex": {
            -- "mem": null,
            -- "push": [],
            -- "store": null,
            -- "used": 546397
          -- },
          -- "pc": 3,
          -- "sub": null
        -- }
      -- ]
    -- }
  }
}
>>  {"jsonrpc": "2.0", "id": 1, "method": "trace_call", "params": [{"from": "0x7435ed30a8b4aeb0877cef0c6e8cffe834eb865f", "to": "0x0000000000000000000000000000000000001007", "gas": "0x927c0", "gasPrice": "0x77359400", "data": "0x"}, ["trace", "stateDiff", "vmTrace"], "0x38"]}
<<  {"jsonrpc":"2.0","id":1,"result":{"output":"0x","stateDiff":{"0x0000000000000000000000000000000000000000":{"balance":{"*":{"from":"0xc4f200cb8a876839d","to":"0xc4f206ad66a2b0140"}},"code":"=","nonce":"=","storage":{}},"0x0000000000000000000000000000000000001007":{"balance":{"*":{"from":"0x64","to":"0x0"}},"code":"=","nonce":"=","storage":{}},"0x0000000000000000000000000000000000001008":{"balance":{"+":"0x64"},"code":{"+":"0x"},"nonce":{"+":"0x0"},"storage":{}},"0x7435ed30a8b4aeb0877cef0c6e8cffe834eb865f":{"balance":{"*":{"from":"0xc097ce7bc90715b347eec2d8f29150","to":"0xc097ce7bc90715b3478d4201665550"}},"code":"=","nonce":{"*":{"from":"0x82","to":"0x83"}},"storage":{}}},"trace":[{"action":{"callType":"call","from":"0x7435ed30a8b4aeb0877cef0c6e8cffe834eb865f","gas":"0x8d5b8","input":"0x","to":"0x0000000000000000000000000000000000001007","value":"0x0"},"result":{"gasUsed":"0x7f5b","output":"0x"},"subtraces":1,"traceAddress":[],"type":"call"},{"action":{"address":"0x0000000000000000000000000000000000001007","balance":"0x64","refundAddress":"0x0000000000000000000000000000000000001008"},"result":null,"subtraces":0,"traceAddress":[0],"type":"suicide"}],"vmTrace":{"code":"0x611008ff","ops":[{"cost":3,"ex":{"mem":null,"push":["0x1008"],"store":null,"used":578997},"pc":0,"sub":null},{"cost":32600,"ex":{"mem":null,"push":[],"store":null,"used":546397},"pc":3,"sub":null}]}}}
response differs from expected (-- client, ++ test):
{
  "id": 1,
  "jsonrpc": "2.0",
  "result": {
    ++ "capture_only": true,
    -- "output": "0x",
    -- "stateDiff": {
      -- "0x0000000000000000000000000000000000000000": {
        -- "balance": {
          -- "*": {
            -- "from": "0xc4f200cb8a876839d",
            -- "to": "0xc4f206ad66a2b0140"
          -- }
        -- },
        -- "code": "=",
        -- "nonce": "=",
        -- "storage": {}
      -- },
      -- "0x0000000000000000000000000000000000001007": {
        -- "balance": {
          -- "*": {
            -- "from": "0x64",
            -- "to": "0x0"
          -- }
        -- },
        -- "code": "=",
        -- "nonce": "=",
        -- "storage": {}
      -- },
      -- "0x0000000000000000000000000000000000001008": {
        -- "balance": {
          -- "+": "0x64"
        -- },
        -- "code": {
          -- "+": "0x"
        -- },
        -- "nonce": {
          -- "+": "0x0"
        -- },
        -- "storage": {}
      -- },
      -- "0x7435ed30a8b4aeb0877cef0c6e8cffe834eb865f": {
        -- "balance": {
          -- "*": {
            -- "from": "0xc097ce7bc90715b347eec2d8f29150",
            -- "to": "0xc097ce7bc90715b3478d4201665550"
          -- }
        -- },
        -- "code": "=",
        -- "nonce": {
          -- "*": {
            -- "from": "0x82",
            -- "to": "0x83"
          -- }
        -- },
        -- "storage": {}
      -- }
    -- },
    -- "trace": [
      -- {
        -- "action": {
          -- "callType": "call",
          -- "from": "0x7435ed30a8b4aeb0877cef0c6e8cffe834eb865f",
          -- "gas": "0x8d5b8",
          -- "input": "0x",
          -- "to": "0x0000000000000000000000000000000000001007",
          -- "value": "0x0"
        -- },
        -- "result": {
          -- "gasUsed": "0x7f5b",
          -- "output": "0x"
        -- },
        -- "subtraces": 1,
        -- "traceAddress": [],
        -- "type": "call"
      -- },
      -- {
        -- "action": {
          -- "address": "0x0000000000000000000000000000000000001007",
          -- "balance": "0x64",
          -- "refundAddress": "0x0000000000000000000000000000000000001008"
        -- },
        -- "result": null,
        -- "subtraces": 0,
        -- "traceAddress": [
          -- 0
        -- ],
        -- "type": "suicide"
      -- }
    -- ],
    -- "vmTrace": {
      -- "code": "0x611008ff",
      -- "ops": [
        -- {
          -- "cost": 3,
          -- "ex": {
            -- "mem": null,
            -- "push": [
              -- "0x1008"
            -- ],
            -- "store": null,
            -- "used": 578997
          -- },
          -- "pc": 0,
          -- "sub": null
        -- },
        -- {
          -- "cost": 32600,
          -- "ex": {
            -- "mem": null,
            -- "push": [],
            -- "store": null,
            -- "used": 546397
          -- },
          -- "pc": 3,
          -- "sub": null
        -- }
      -- ]
    -- }
  }
}
>>  {"jsonrpc": "2.0", "id": 1, "method": "eth_getStorageAt", "params": ["0x000F3df6D732807Ef1319fB7B8bB8522d0Beac02", "0x230", "0x37"]}
<<  {"jsonrpc":"2.0","id":1,"result":"0x0000000000000000000000000000000000000000000000000000000000000000"}
response differs from expected (-- client, ++ test):
{
  "id": 1,
  "jsonrpc": "2.0",
  "result": -- "0x0000000000000000000000000000000000000000000000000000000000000000" ++ {}
}
>>  {"jsonrpc": "2.0", "id": 1, "method": "eth_getStorageAt", "params": ["0x000F3df6D732807Ef1319fB7B8bB8522d0Beac02", "0x222f", "0x37"]}
<<  {"jsonrpc":"2.0","id":1,"result":"0x0000000000000000000000000000000000000000000000000000000000000000"}
response differs from expected (-- client, ++ test):
{
  "id": 1,
  "jsonrpc": "2.0",
  "result": -- "0x0000000000000000000000000000000000000000000000000000000000000000" ++ {}
}
>>  {"jsonrpc": "2.0", "id": 1, "method": "eth_getStorageAt", "params": ["0x000F3df6D732807Ef1319fB7B8bB8522d0Beac02", "0x230", "0x38"]}
<<  {"jsonrpc":"2.0","id":1,"result":"0x0000000000000000000000000000000000000000000000000000000000000230"}
response differs from expected (-- client, ++ test):
{
  "id": 1,
  "jsonrpc": "2.0",
  "result": -- "0x0000000000000000000000000000000000000000000000000000000000000230" ++ {}
}
>>  {"jsonrpc": "2.0", "id": 1, "method": "eth_getStorageAt", "params": ["0x000F3df6D732807Ef1319fB7B8bB8522d0Beac02", "0x222f", "0x38"]}
<<  {"jsonrpc":"2.0","id":1,"result":"0x83472eda6eb475906aeeb7f09e757ba9f6663b9f6a5bf8611d6306f677f67ebd"}
response differs from expected (-- client, ++ test):
{
  "id": 1,
  "jsonrpc": "2.0",
  "result": -- "0x83472eda6eb475906aeeb7f09e757ba9f6663b9f6a5bf8611d6306f677f67ebd" ++ {}
}
>>  {"jsonrpc": "2.0", "id": 1, "method": "eth_getBalance", "params": ["0x717f8aa2b982bee0e29f573d31df288663e1ce16", "0x33"]}
<<  {"jsonrpc":"2.0","id":1,"result":"0xc097ce7bc90715b34b9f1000000006"}
response differs from expected (-- client, ++ test):
{
  "id": 1,
  "jsonrpc": "2.0",
  "result": -- "0xc097ce7bc90715b34b9f1000000006" ++ {}
}
>>  {"jsonrpc": "2.0", "id": 1, "method": "eth_getBalance", "params": ["0x717f8aa2b982bee0e29f573d31df288663e1ce16", "0x34"]}
<<  {"jsonrpc":"2.0","id":1,"result":"0xc097ce7bc90715b34b9f274876e806"}
response differs from expected (-- client, ++ test):
{
  "id": 1,
  "jsonrpc": "2.0",
  "result": -- "0xc097ce7bc90715b34b9f274876e806" ++ {}
}
>>  {"jsonrpc": "2.0", "id": 1, "method": "eth_getBalance", "params": ["0x717f8aa2b982bee0e29f573d31df288663e1ce16", "0x35"]}
<<  {"jsonrpc":"2.0","id":1,"result":"0xc097ce7bc90715b34b9f274876e806"}
response differs from expected (-- client, ++ test):
{
  "id": 1,
  "jsonrpc": "2.0",
  "result": -- "0xc097ce7bc90715b34b9f274876e806" ++ {}
}
>>  {"jsonrpc": "2.0", "id": 1, "method": "eth_getBlockByNumber", "params": ["0x33", true]}
<<  {"jsonrpc":"2.0","id":1,"result":{"number":"0x33","hash":"0x022037fe9ef69d04fd00706fcd5a9c80b1b791c6f9c3088469b6407a660c28b9","mixHash":"0x0000000000000000000000000000000000000000000000000000000000000000","parentHash":"0x81f27dba10123293c218f7e559812921bb76397f6f7cc77d281db9e94ff4fe9b","nonce":"0x0000000000000000","sha3Uncles":"0x1dcc4de8dec75d7aab85b567b6ccd41ad312451b948a7413f0a142fd40d49347","logsBloom":"0x00000000000000000000000000000000000000000000000000000000000000000000000200000000000010000000000000000000000000000000000001000000010000000000000000004000002000000200004200400000000000000000002000000000400400000000000000000000000000000000000000000000000080000000000000000100000000000000000000000000000000010000000000000000000000000000000000000000000200000000000000000000000000000000000000000000000000000000000000000000000000000000000000000000000000000004000000000000000000000000000000000000000000000000000000000000","transactionsRoot":"0x84a6970d2095aa92d6eafb42ab401e4e00e6e837ae670cb298628523c4eadbad","stateRoot":"0x65aca059c8cbe1978e45591e3617d262f8d435fb832cefcf8234b0f8c72eb4e1","receiptsRoot":"0x67ab042bd973e8dedef30801a5589a00987c86c1ca17461677560545101482a8","miner":"0x0000000000000000000000000000000000000000","difficulty":"0x0","extraData":"0x","baseFeePerGas":"0x810ed7c","size":"0x35c","gasLimit":"0xbebc200","gasUsed":"0x2fb12","timestamp":"0x1fe","uncles":[],"transactions":[{"accessList":[],"blockHash":"0x022037fe9ef69d04fd00706fcd5a9c80b1b791c6f9c3088469b6407a660c28b9","blockNumber":"0x33","blockTimestamp":"0x1fe","chainId":"0xc72dd9d5e883e","from":"0x7435ed30a8b4aeb0877cef0c6e8cffe834eb865f","gas":"0x5208","gasPrice":"0x810ed7d","hash":"0x87d8ef31d0d35ae040f2998b90fd61eeb04882b21f189c521bec5c3cefb416d2","input":"0x","nonce":"0x72","to":"0x7435ed30a8b4aeb0877cef0c6e8cffe834eb865f","transactionIndex":"0x0","type":"0x1","value":"0x1","yParity":"0x0","v":"0x0","r":"0x56abc4bae751cb1703f3c3f1bcdddbf9f88c9c2f8c1416308ac46a5fdad1894e","s":"0x3e552a68655416e9efe4dfd749de3aa01d024267fd86b1dd3b01010463af483a"},{"accessList":[],"blockHash":"0x022037fe9ef69d04fd00706fcd5a9c80b1b791c6f9c3088469b6407a660c28b9","blockNumber":"0x33","blockTimestamp":"0x1fe","chainId":"0xc72dd9d5e883e","from":"0x7435ed30a8b4aeb0877cef0c6e8cffe834eb865f","gas":"0x186a0","gasPrice":"0x810ed7d","maxPriorityFeePerGas":"0x1","maxFeePerGas":"0x810ed7d","hash":"0xa23373d1e4fa559fc33ffb791665855530831c83d0c241ef6b2d3f46a5f448f4","input":"0x01","nonce":"0x73","to":"0x9dcd17433742f4c0ca53122ab541d0ba67fc27d3","transactionIndex":"0x1","type":"0x2","value":"0x0","yParity":"0x0","v":"0x0","r":"0x2eaa94ea47d0cb4d42657c5064e863547ef282553cfdbfe21aa8e8fe78320dc4","s":"0x346d37d97e2d83ce44afc3f6857fec86cc15787a05fa6c3a7aeff44627a51adb"},{"accessList":[],"blockHash":"0x022037fe9ef69d04fd00706fcd5a9c80b1b791c6f9c3088469b6407a660c28b9","blockNumber":"0x33","blockTimestamp":"0x1fe","chainId":"0xc72dd9d5e883e","from":"0x7435ed30a8b4aeb0877cef0c6e8cffe834eb865f","gas":"0x927c0","gasPrice":"0x810ed7d","maxPriorityFeePerGas":"0x1","maxFeePerGas":"0x810ed7d","hash":"0x76430fba1b629206573ad53847b0bc7e9f80161b0e79750803715a8fb1bc5955","input":"0x","nonce":"0x74","to":"0x9dcd17433742f4c0ca53122ab541d0ba67fc27d0","transactionIndex":"0x2","type":"0x2","value":"0x0","yParity":"0x0","v":"0x0","r":"0xce6616592e74c522311002aa3786bcd541b3c0a3d6e99cafb6437682bfbd4d70","s":"0x784011e65470a03e351bf9f2d13492d6f0d9f674ba291dfc5c6c16838639091a"}]}}
response differs from expected (-- client, ++ test):
{
  "id": 1,
  "jsonrpc": "2.0",
  "result": {
    -- "baseFeePerGas": "0x810ed7c",
    ++ "capture_only": true,
    -- "difficulty": "0x0",
    -- "extraData": "0x",
    -- "gasLimit": "0xbebc200",
    -- "gasUsed": "0x2fb12",
    -- "hash": "0x022037fe9ef69d04fd00706fcd5a9c80b1b791c6f9c3088469b6407a660c28b9",
    -- "logsBloom": "0x00000000000000000000000000000000000000000000000000000000000000000000000200000000000010000000000000000000000000000000000001000000010000000000000000004000002000000200004200400000000000000000002000000000400400000000000000000000000000000000000000000000000080000000000000000100000000000000000000000000000000010000000000000000000000000000000000000000000200000000000000000000000000000000000000000000000000000000000000000000000000000000000000000000000000000004000000000000000000000000000000000000000000000000000000000000",
    -- "miner": "0x0000000000000000000000000000000000000000",
    -- "mixHash": "0x0000000000000000000000000000000000000000000000000000000000000000",
    -- "nonce": "0x0000000000000000",
    -- "number": "0x33",
    -- "parentHash": "0x81f27dba10123293c218f7e559812921bb76397f6f7cc77d281db9e94ff4fe9b",
    -- "receiptsRoot": "0x67ab042bd973e8dedef30801a5589a00987c86c1ca17461677560545101482a8",
    -- "sha3Uncles": "0x1dcc4de8dec75d7aab85b567b6ccd41ad312451b948a7413f0a142fd40d49347",
    -- "size": "0x35c",
    -- "stateRoot": "0x65aca059c8cbe1978e45591e3617d262f8d435fb832cefcf8234b0f8c72eb4e1",
    -- "timestamp": "0x1fe",
    -- "transactions": [
      -- {
        -- "accessList": [],
        -- "blockHash": "0x022037fe9ef69d04fd00706fcd5a9c80b1b791c6f9c3088469b6407a660c28b9",
        -- "blockNumber": "0x33",
        -- "blockTimestamp": "0x1fe",
        -- "chainId": "0xc72dd9d5e883e",
        -- "from": "0x7435ed30a8b4aeb0877cef0c6e8cffe834eb865f",
        -- "gas": "0x5208",
        -- "gasPrice": "0x810ed7d",
        -- "hash": "0x87d8ef31d0d35ae040f2998b90fd61eeb04882b21f189c521bec5c3cefb416d2",
        -- "input": "0x",
        -- "nonce": "0x72",
        -- "r": "0x56abc4bae751cb1703f3c3f1bcdddbf9f88c9c2f8c1416308ac46a5fdad1894e",
        -- "s": "0x3e552a68655416e9efe4dfd749de3aa01d024267fd86b1dd3b01010463af483a",
        -- "to": "0x7435ed30a8b4aeb0877cef0c6e8cffe834eb865f",
        -- "transactionIndex": "0x0",
        -- "type": "0x1",
        -- "v": "0x0",
        -- "value": "0x1",
        -- "yParity": "0x0"
      -- },
      -- {
        -- "accessList": [],
        -- "blockHash": "0x022037fe9ef69d04fd00706fcd5a9c80b1b791c6f9c3088469b6407a660c28b9",
        -- "blockNumber": "0x33",
        -- "blockTimestamp": "0x1fe",
        -- "chainId": "0xc72dd9d5e883e",
        -- "from": "0x7435ed30a8b4aeb0877cef0c6e8cffe834eb865f",
        -- "gas": "0x186a0",
        -- "gasPrice": "0x810ed7d",
        -- "hash": "0xa23373d1e4fa559fc33ffb791665855530831c83d0c241ef6b2d3f46a5f448f4",
        -- "input": "0x01",
        -- "maxFeePerGas": "0x810ed7d",
        -- "maxPriorityFeePerGas": "0x1",
        -- "nonce": "0x73",
        -- "r": "0x2eaa94ea47d0cb4d42657c5064e863547ef282553cfdbfe21aa8e8fe78320dc4",
        -- "s": "0x346d37d97e2d83ce44afc3f6857fec86cc15787a05fa6c3a7aeff44627a51adb",
        -- "to": "0x9dcd17433742f4c0ca53122ab541d0ba67fc27d3",
        -- "transactionIndex": "0x1",
        -- "type": "0x2",
        -- "v": "0x0",
        -- "value": "0x0",
        -- "yParity": "0x0"
      -- },
      -- {
        -- "accessList": [],
        -- "blockHash": "0x022037fe9ef69d04fd00706fcd5a9c80b1b791c6f9c3088469b6407a660c28b9",
        -- "blockNumber": "0x33",
        -- "blockTimestamp": "0x1fe",
        -- "chainId": "0xc72dd9d5e883e",
        -- "from": "0x7435ed30a8b4aeb0877cef0c6e8cffe834eb865f",
        -- "gas": "0x927c0",
        -- "gasPrice": "0x810ed7d",
        -- "hash": "0x76430fba1b629206573ad53847b0bc7e9f80161b0e79750803715a8fb1bc5955",
        -- "input": "0x",
        -- "maxFeePerGas": "0x810ed7d",
        -- "maxPriorityFeePerGas": "0x1",
        -- "nonce": "0x74",
        -- "r": "0xce6616592e74c522311002aa3786bcd541b3c0a3d6e99cafb6437682bfbd4d70",
        -- "s": "0x784011e65470a03e351bf9f2d13492d6f0d9f674ba291dfc5c6c16838639091a",
        -- "to": "0x9dcd17433742f4c0ca53122ab541d0ba67fc27d0",
        -- "transactionIndex": "0x2",
        -- "type": "0x2",
        -- "v": "0x0",
        -- "value": "0x0",
        -- "yParity": "0x0"
      -- }
    -- ],
    -- "transactionsRoot": "0x84a6970d2095aa92d6eafb42ab401e4e00e6e837ae670cb298628523c4eadbad",
    -- "uncles": []
  }
}
>>  {"jsonrpc": "2.0", "id": 1, "method": "eth_getBlockByNumber", "params": ["0x34", true]}
<<  {"jsonrpc":"2.0","id":1,"result":{"number":"0x34","hash":"0xa9578be0967413b9adc40736fd4ec67d0529b890a81d62102db05e61d6de1897","mixHash":"0x0000000000000000000000000000000000000000000000000000000000000000","parentHash":"0x022037fe9ef69d04fd00706fcd5a9c80b1b791c6f9c3088469b6407a660c28b9","nonce":"0x0000000000000000","sha3Uncles":"0x1dcc4de8dec75d7aab85b567b6ccd41ad312451b948a7413f0a142fd40d49347","logsBloom":"0x00000000000000000000000000000000000000000000000000000000800000000000000000000000000000000000000000000000000000000000000000000000000000000000000000004000000000001200000000000000000000000000002000000000000000000000000000000000000000000000000000000000000000000000000000000000000000000000000000000000000000000000000000000000000000000000009000000000000000000000000000000000000000000000000000000000000000000000000000000000000000000000000000000000000000000000000000004000000000000000000000000000000000000000000008000000","transactionsRoot":"0xef011cbfe9ae50e7defe82a8382cc477d1c5f6d6cc41bf9245f201894b3d2923","stateRoot":"0x3c7454b16a691794d881fa6565ab663b4cda39e69393fdd1ba067db336dbbb09","receiptsRoot":"0xa2dd95687771e75f96f544680724c54dc5c59c26ac59c7a58edab2b0382b5469","miner":"0x0000000000000000000000000000000000000000","difficulty":"0x0","extraData":"0x","baseFeePerGas":"0x70f50e2","size":"0x324","gasLimit":"0xbebc200","gasUsed":"0x11470","timestamp":"0x208","uncles":[],"transactions":[{"blockHash":"0xa9578be0967413b9adc40736fd4ec67d0529b890a81d62102db05e61d6de1897","blockNumber":"0x34","blockTimestamp":"0x208","chainId":"0xc72dd9d5e883e","from":"0x7435ed30a8b4aeb0877cef0c6e8cffe834eb865f","gas":"0x186a0","gasPrice":"0x70f50e3","hash":"0x63debd7bcab14a95198660dfe794ca12fd2a34b24f780dd7572c55f2a58735b3","input":"0x74bff204de43b4a2656d6974","nonce":"0x75","to":"0x7dcd17433742f4c0ca53122ab541d0ba67fc27df","transactionIndex":"0x0","type":"0x0","value":"0x2","v":"0x18e5bb3abd109f","r":"0xd1dfe7c72bc2bd884654cd8c7417009e50eecb519e9b8328c8cf2ba7b53c9c53","s":"0x175e1fee6e062cf562cd1c67517b5edf61a59802cc8d52665b2efd6fdcea7b90"},{"blockHash":"0xa9578be0967413b9adc40736fd4ec67d0529b890a81d62102db05e61d6de1897","blockNumber":"0x34","blockTimestamp":"0x208","chainId":"0xc72dd9d5e883e","from":"0x7435ed30a8b4aeb0877cef0c6e8cffe834eb865f","gas":"0x5208","gasPrice":"0x70f50e3","hash":"0xd7822fd23594d52bc98493786233edb857cbeee469a3148b5780e076a53985db","input":"0x","nonce":"0x76","to":"0x83c7e323d189f18725ac510004fdc2941f8c4a78","transactionIndex":"0x1","type":"0x0","value":"0x1","v":"0x18e5bb3abd109f","r":"0xdd21c5a0aff9b742778951b1d69281be5fac3eb4d93484339636bc8d74f12154","s":"0x70503b79d84767babed0941a8c43e94a7cc40e5dc69ba05fea56167a6c796075"}],"withdrawalsRoot":"0x5e1016697b3b7f7c7ae99708e4482ca5cf920e5dfd971d9a970768f3c5fb6eb4","withdrawals":[{"index":"0x0","validatorIndex":"0x5","address":"0x717f8aa2b982bee0e29f573d31df288663e1ce16","amount":"0x64"}]}}
response differs from expected (-- client, ++ test):
{
  "id": 1,
  "jsonrpc": "2.0",
  "result": {
    -- "baseFeePerGas": "0x70f50e2",
    ++ "capture_only": true,
    -- "difficulty": "0x0",
    -- "extraData": "0x",
    -- "gasLimit": "0xbebc200",
    -- "gasUsed": "0x11470",
    -- "hash": "0xa9578be0967413b9adc40736fd4ec67d0529b890a81d62102db05e61d6de1897",
    -- "logsBloom": "0x00000000000000000000000000000000000000000000000000000000800000000000000000000000000000000000000000000000000000000000000000000000000000000000000000004000000000001200000000000000000000000000002000000000000000000000000000000000000000000000000000000000000000000000000000000000000000000000000000000000000000000000000000000000000000000000009000000000000000000000000000000000000000000000000000000000000000000000000000000000000000000000000000000000000000000000000000004000000000000000000000000000000000000000000008000000",
    -- "miner": "0x0000000000000000000000000000000000000000",
    -- "mixHash": "0x0000000000000000000000000000000000000000000000000000000000000000",
    -- "nonce": "0x0000000000000000",
    -- "number": "0x34",
    -- "parentHash": "0x022037fe9ef69d04fd00706fcd5a9c80b1b791c6f9c3088469b6407a660c28b9",
    -- "receiptsRoot": "0xa2dd95687771e75f96f544680724c54dc5c59c26ac59c7a58edab2b0382b5469",
    -- "sha3Uncles": "0x1dcc4de8dec75d7aab85b567b6ccd41ad312451b948a7413f0a142fd40d49347",
    -- "size": "0x324",
    -- "stateRoot": "0x3c7454b16a691794d881fa6565ab663b4cda39e69393fdd1ba067db336dbbb09",
    -- "timestamp": "0x208",
    -- "transactions": [
      -- {
        -- "blockHash": "0xa9578be0967413b9adc40736fd4ec67d0529b890a81d62102db05e61d6de1897",
        -- "blockNumber": "0x34",
        -- "blockTimestamp": "0x208",
        -- "chainId": "0xc72dd9d5e883e",
        -- "from": "0x7435ed30a8b4aeb0877cef0c6e8cffe834eb865f",
        -- "gas": "0x186a0",
        -- "gasPrice": "0x70f50e3",
        -- "hash": "0x63debd7bcab14a95198660dfe794ca12fd2a34b24f780dd7572c55f2a58735b3",
        -- "input": "0x74bff204de43b4a2656d6974",
        -- "nonce": "0x75",
        -- "r": "0xd1dfe7c72bc2bd884654cd8c7417009e50eecb519e9b8328c8cf2ba7b53c9c53",
        -- "s": "0x175e1fee6e062cf562cd1c67517b5edf61a59802cc8d52665b2efd6fdcea7b90",
        -- "to": "0x7dcd17433742f4c0ca53122ab541d0ba67fc27df",
        -- "transactionIndex": "0x0",
        -- "type": "0x0",
        -- "v": "0x18e5bb3abd109f",
        -- "value": "0x2"
      -- },
      -- {
        -- "blockHash": "0xa9578be0967413b9adc40736fd4ec67d0529b890a81d62102db05e61d6de1897",
        -- "blockNumber": "0x34",
        -- "blockTimestamp": "0x208",
        -- "chainId": "0xc72dd9d5e883e",
        -- "from": "0x7435ed30a8b4aeb0877cef0c6e8cffe834eb865f",
        -- "gas": "0x5208",
        -- "gasPrice": "0x70f50e3",
        -- "hash": "0xd7822fd23594d52bc98493786233edb857cbeee469a3148b5780e076a53985db",
        -- "input": "0x",
        -- "nonce": "0x76",
        -- "r": "0xdd21c5a0aff9b742778951b1d69281be5fac3eb4d93484339636bc8d74f12154",
        -- "s": "0x70503b79d84767babed0941a8c43e94a7cc40e5dc69ba05fea56167a6c796075",
        -- "to": "0x83c7e323d189f18725ac510004fdc2941f8c4a78",
        -- "transactionIndex": "0x1",
        -- "type": "0x0",
        -- "v": "0x18e5bb3abd109f",
        -- "value": "0x1"
      -- }
    -- ],
    -- "transactionsRoot": "0xef011cbfe9ae50e7defe82a8382cc477d1c5f6d6cc41bf9245f201894b3d2923",
    -- "uncles": [],
    -- "withdrawals": [
      -- {
        -- "address": "0x717f8aa2b982bee0e29f573d31df288663e1ce16",
        -- "amount": "0x64",
        -- "index": "0x0",
        -- "validatorIndex": "0x5"
      -- }
    -- ],
    -- "withdrawalsRoot": "0x5e1016697b3b7f7c7ae99708e4482ca5cf920e5dfd971d9a970768f3c5fb6eb4"
  }
}
>>  {"jsonrpc": "2.0", "id": 1, "method": "eth_getBlockByNumber", "params": ["0x35", true]}
<<  {"jsonrpc":"2.0","id":1,"result":{"number":"0x35","hash":"0xced7868057d8d421c73d54e58e5c5d70313a1d71ea43910b3fd6cd95f25de17a","mixHash":"0x0000000000000000000000000000000000000000000000000000000000000000","parentHash":"0xa9578be0967413b9adc40736fd4ec67d0529b890a81d62102db05e61d6de1897","nonce":"0x0000000000000000","sha3Uncles":"0x1dcc4de8dec75d7aab85b567b6ccd41ad312451b948a7413f0a142fd40d49347","logsBloom":"0x00000000000000000000000000000000000000000000000000000000800000000000000000000000000000000000000000000000000000000001000000000000000000000000000000004000000000000200000000000000000000000000002000000000000000020000000000000000000000000000000020000000000000000000000000000000000000000000000000000000000000000000000000000000000000000000009000000000000000000000000000000000000000000000000000000000000000000000000000000000000000000000000000000000000000000000000000000000000000000000000000000000000000000000000000000000","transactionsRoot":"0x5332ce6da159c652fc2ff58dd7a2cfc0608419de1c6e2c16445d5b6181c0d789","stateRoot":"0xe3473e8bdb8bca96c93ff10ceaf369e7bbb0c754c36791a9a93c07fab75c662b","receiptsRoot":"0x7f83604897d9bcfd7b817d4538c7a3fe7b2030dc969bb956b9cb27d26bea0243","miner":"0x0000000000000000000000000000000000000000","difficulty":"0x0","extraData":"0x","baseFeePerGas":"0x62d8fb4","size":"0x3e5","gasLimit":"0xbebc200","gasUsed":"0x17745","timestamp":"0x212","uncles":[],"transactions":[{"accessList":[{"address":"0x7dcd17433742f4c0ca53122ab541d0ba67fc27df","storageKeys":["0x0000000000000000000000000000000000000000000000000000000000000000","0xefcb86facadbec33b8779888975eacca8f44a9073a845521617f1fb30e1ac818"]}],"blockHash":"0xced7868057d8d421c73d54e58e5c5d70313a1d71ea43910b3fd6cd95f25de17a","blockNumber":"0x35","blockTimestamp":"0x212","chainId":"0xc72dd9d5e883e","from":"0x7435ed30a8b4aeb0877cef0c6e8cffe834eb865f","gas":"0x186a0","gasPrice":"0x62d8fb5","hash":"0xfa647a42263cadb4a65927e749d4383dd38d6fe8f5295102c4bdb9c35d968cc7","input":"0xac2ee5432174b752656d6974","nonce":"0x77","to":"0x7dcd17433742f4c0ca53122ab541d0ba67fc27df","transactionIndex":"0x0","type":"0x1","value":"0x2","yParity":"0x0","v":"0x0","r":"0xaca638793e2ce6ccbe803bc9238572f89406747d4b680f86d945fa3eeb7070ba","s":"0x4cf217d0c06f4ac6f8bd6bf3b6892a43da1969eb1d60fa667a66392b40d17fc0"},{"accessList":[],"blockHash":"0xced7868057d8d421c73d54e58e5c5d70313a1d71ea43910b3fd6cd95f25de17a","blockNumber":"0x35","blockTimestamp":"0x212","chainId":"0xc72dd9d5e883e","from":"0x7435ed30a8b4aeb0877cef0c6e8cffe834eb865f","gas":"0x5208","gasPrice":"0x62d8fb5","hash":"0x37b18bad0533859eb3c0852c3f7ec1405f6e1f8ace1951ce2e5791bcb896aaea","input":"0x","nonce":"0x78","to":"0x4dde844b71bcdf95512fb4dc94e84fb67b512ed8","transactionIndex":"0x1","type":"0x1","value":"0x1","yParity":"0x0","v":"0x0","r":"0x746455bab2f1b0641c63246d40feff1a31649cd076dcc2847824c615c897d978","s":"0x4adc2322378493f72c00f1b765b1bef2feab333df5366a3d24763e739da20eaa"},{"accessList":[],"blockHash":"0xced7868057d8d421c73d54e58e5c5d70313a1d71ea43910b3fd6cd95f25de17a","blockNumber":"0x35","blockTimestamp":"0x212","chainId":"0xc72dd9d5e883e","from":"0x7435ed30a8b4aeb0877cef0c6e8cffe834eb865f","gas":"0x186a0","gasPrice":"0x62d8fb5","maxPriorityFeePerGas":"0x1","maxFeePerGas":"0x62d8fb5","hash":"0x7ff52ad34eea4593d4b7fc13fc68cf31e6ad3520f764f30c24e77dd363722de5","input":"0x01","nonce":"0x79","to":"0x9dcd17433742f4c0ca53122ab541d0ba67fc27d3","transactionIndex":"0x2","type":"0x2","value":"0x0","yParity":"0x0","v":"0x0","r":"0xe10d6432c0c1920873441fe657cd8e968f50e63a845a72c72093319440397e10","s":"0x4c184f3625a5f9565b1dfa35d3da1a1eb31848bcc92ee6d4d368170edde10b96"}],"withdrawalsRoot":"0x56e81f171bcc55a6ff8345e692c0f86e5b48e01b996cadc001622fb5e363b421","withdrawals":[]}}
response differs from expected (-- client, ++ test):
{
  "id": 1,
  "jsonrpc": "2.0",
  "result": {
    -- "baseFeePerGas": "0x62d8fb4",
    ++ "capture_only": true,
    -- "difficulty": "0x0",
    -- "extraData": "0x",
    -- "gasLimit": "0xbebc200",
    -- "gasUsed": "0x17745",
    -- "hash": "0xced7868057d8d421c73d54e58e5c5d70313a1d71ea43910b3fd6cd95f25de17a",
    -- "logsBloom": "0x00000000000000000000000000000000000000000000000000000000800000000000000000000000000000000000000000000000000000000001000000000000000000000000000000004000000000000200000000000000000000000000002000000000000000020000000000000000000000000000000020000000000000000000000000000000000000000000000000000000000000000000000000000000000000000000009000000000000000000000000000000000000000000000000000000000000000000000000000000000000000000000000000000000000000000000000000000000000000000000000000000000000000000000000000000000",
    -- "miner": "0x0000000000000000000000000000000000000000",
    -- "mixHash": "0x0000000000000000000000000000000000000000000000000000000000000000",
    -- "nonce": "0x0000000000000000",
    -- "number": "0x35",
    -- "parentHash": "0xa9578be0967413b9adc40736fd4ec67d0529b890a81d62102db05e61d6de1897",
    -- "receiptsRoot": "0x7f83604897d9bcfd7b817d4538c7a3fe7b2030dc969bb956b9cb27d26bea0243",
    -- "sha3Uncles": "0x1dcc4de8dec75d7aab85b567b6ccd41ad312451b948a7413f0a142fd40d49347",
    -- "size": "0x3e5",
    -- "stateRoot": "0xe3473e8bdb8bca96c93ff10ceaf369e7bbb0c754c36791a9a93c07fab75c662b",
    -- "timestamp": "0x212",
    -- "transactions": [
      -- {
        -- "accessList": [
          -- {
            -- "address": "0x7dcd17433742f4c0ca53122ab541d0ba67fc27df",
            -- "storageKeys": [
              -- "0x0000000000000000000000000000000000000000000000000000000000000000",
              -- "0xefcb86facadbec33b8779888975eacca8f44a9073a845521617f1fb30e1ac818"
            -- ]
          -- }
        -- ],
        -- "blockHash": "0xced7868057d8d421c73d54e58e5c5d70313a1d71ea43910b3fd6cd95f25de17a",
        -- "blockNumber": "0x35",
        -- "blockTimestamp": "0x212",
        -- "chainId": "0xc72dd9d5e883e",
        -- "from": "0x7435ed30a8b4aeb0877cef0c6e8cffe834eb865f",
        -- "gas": "0x186a0",
        -- "gasPrice": "0x62d8fb5",
        -- "hash": "0xfa647a42263cadb4a65927e749d4383dd38d6fe8f5295102c4bdb9c35d968cc7",
        -- "input": "0xac2ee5432174b752656d6974",
        -- "nonce": "0x77",
        -- "r": "0xaca638793e2ce6ccbe803bc9238572f89406747d4b680f86d945fa3eeb7070ba",
        -- "s": "0x4cf217d0c06f4ac6f8bd6bf3b6892a43da1969eb1d60fa667a66392b40d17fc0",
        -- "to": "0x7dcd17433742f4c0ca53122ab541d0ba67fc27df",
        -- "transactionIndex": "0x0",
        -- "type": "0x1",
        -- "v": "0x0",
        -- "value": "0x2",
        -- "yParity": "0x0"
      -- },
      -- {
        -- "accessList": [],
        -- "blockHash": "0xced7868057d8d421c73d54e58e5c5d70313a1d71ea43910b3fd6cd95f25de17a",
        -- "blockNumber": "0x35",
        -- "blockTimestamp": "0x212",
        -- "chainId": "0xc72dd9d5e883e",
        -- "from": "0x7435ed30a8b4aeb0877cef0c6e8cffe834eb865f",
        -- "gas": "0x5208",
        -- "gasPrice": "0x62d8fb5",
        -- "hash": "0x37b18bad0533859eb3c0852c3f7ec1405f6e1f8ace1951ce2e5791bcb896aaea",
        -- "input": "0x",
        -- "nonce": "0x78",
        -- "r": "0x746455bab2f1b0641c63246d40feff1a31649cd076dcc2847824c615c897d978",
        -- "s": "0x4adc2322378493f72c00f1b765b1bef2feab333df5366a3d24763e739da20eaa",
        -- "to": "0x4dde844b71bcdf95512fb4dc94e84fb67b512ed8",
        -- "transactionIndex": "0x1",
        -- "type": "0x1",
        -- "v": "0x0",
        -- "value": "0x1",
        -- "yParity": "0x0"
      -- },
      -- {
        -- "accessList": [],
        -- "blockHash": "0xced7868057d8d421c73d54e58e5c5d70313a1d71ea43910b3fd6cd95f25de17a",
        -- "blockNumber": "0x35",
        -- "blockTimestamp": "0x212",
        -- "chainId": "0xc72dd9d5e883e",
        -- "from": "0x7435ed30a8b4aeb0877cef0c6e8cffe834eb865f",
        -- "gas": "0x186a0",
        -- "gasPrice": "0x62d8fb5",
        -- "hash": "0x7ff52ad34eea4593d4b7fc13fc68cf31e6ad3520f764f30c24e77dd363722de5",
        -- "input": "0x01",
        -- "maxFeePerGas": "0x62d8fb5",
        -- "maxPriorityFeePerGas": "0x1",
        -- "nonce": "0x79",
        -- "r": "0xe10d6432c0c1920873441fe657cd8e968f50e63a845a72c72093319440397e10",
        -- "s": "0x4c184f3625a5f9565b1dfa35d3da1a1eb31848bcc92ee6d4d368170edde10b96",
        -- "to": "0x9dcd17433742f4c0ca53122ab541d0ba67fc27d3",
        -- "transactionIndex": "0x2",
        -- "type": "0x2",
        -- "v": "0x0",
        -- "value": "0x0",
        -- "yParity": "0x0"
      -- }
    -- ],
    -- "transactionsRoot": "0x5332ce6da159c652fc2ff58dd7a2cfc0608419de1c6e2c16445d5b6181c0d789",
    -- "uncles": [],
    -- "withdrawals": [],
    -- "withdrawalsRoot": "0x56e81f171bcc55a6ff8345e692c0f86e5b48e01b996cadc001622fb5e363b421"
  }
}
>>  {"jsonrpc": "2.0", "id": 1, "method": "trace_filter", "params": [{"fromBlock": "0x33", "toBlock": "0x33", "toAddress": ["0x717f8aa2b982bee0e29f573d31df288663e1ce16"]}]}
<<  {"jsonrpc":"2.0","id":1,"result":[]}
response differs from expected (-- client, ++ test):
{
  "id": 1,
  "jsonrpc": "2.0",
  "result": -- [] ++ {}
}
>>  {"jsonrpc": "2.0", "id": 1, "method": "trace_filter", "params": [{"fromBlock": "0x34", "toBlock": "0x34", "toAddress": ["0x717f8aa2b982bee0e29f573d31df288663e1ce16"]}]}
<<  {"jsonrpc":"2.0","id":1,"result":[]}
response differs from expected (-- client, ++ test):
{
  "id": 1,
  "jsonrpc": "2.0",
  "result": -- [] ++ {}
}
>>  {"jsonrpc": "2.0", "id": 1, "method": "trace_filter", "params": [{"fromBlock": "0x35", "toBlock": "0x35", "toAddress": ["0x717f8aa2b982bee0e29f573d31df288663e1ce16"]}]}
<<  {"jsonrpc":"2.0","id":1,"result":[]}
response differs from expected (-- client, ++ test):
{
  "id": 1,
  "jsonrpc": "2.0",
  "result": -- [] ++ {}
}
sending engine_forkchoiceUpdatedV3: [map[finalizedBlockHash:0xc838e291267cb5ce27dd44cd30e91eade7d3d97ee9d19805453f8f0c18b297c8 headBlockHash:0xb3ba0330884cb90c46699588aab05619155565a21fecf9b9f9482693556f2316 safeBlockHash:0xb3ba0330884cb90c46699588aab05619155565a21fecf9b9f9482693556f2316] <nil>]
response: map[payloadId:<nil> payloadStatus:map[latestValidHash:0xb3ba0330884cb90c46699588aab05619155565a21fecf9b9f9482693556f2316 status:VALID validationError:<nil>]]
>>  {"jsonrpc": "2.0", "id": 1, "method": "eth_getBlockByNumber", "params": ["0x48", false]}
<<  {"jsonrpc":"2.0","id":1,"result":{"number":"0x48","hash":"0xb3ba0330884cb90c46699588aab05619155565a21fecf9b9f9482693556f2316","mixHash":"0x0000000000000000000000000000000000000000000000000000000000000000","parentHash":"0x7964ce394f9773783863d05cf0826d125024c5f5dac03c07d5d7832c551a40de","nonce":"0x0000000000000000","sha3Uncles":"0x1dcc4de8dec75d7aab85b567b6ccd41ad312451b948a7413f0a142fd40d49347","logsBloom":"0x00000000000000000000000000000000000000000000000000000000800000000000000000000000000000000000000000000000000000000000000000000000000000000000000000004000000000000200000002000000000000000000002000000000000000000000000000800000000000000000000000000000000000000000000000000000000100000000000000000000000000000000000000000000000000000000009000000000000000000000000000000000000000800000000000800000000000000000000000000000000000000000000000000000000000000000000000000000000000000000000000000000000000000000000000400000","transactionsRoot":"0x4a0b6fa744634b80a04463acab0cad7eb4aa563337ed6f95ec3728d7ef745a99","stateRoot":"0x42da2e489b18e750a877106cd83e76fd16d4234d530e8290eda403582c50aac4","receiptsRoot":"0x8242a788eddcd94326c2acb0a6cb547ca411104a65e3c6c5f751ce1c7f14cd15","miner":"0x0000000000000000000000000000000000000000","difficulty":"0x0","extraData":"0x","baseFeePerGas":"0x7d97fd","size":"0x400","gasLimit":"0xbebc200","gasUsed":"0x18d04","timestamp":"0x2d0","uncles":[],"transactions":["0x72af7d7b24f8bd52b53e2974eb4a8b3a97819211501eb3969bc7d6562016f49d","0x2bd941225e044995fd7890bf3183cc65edb04f1b92aa7191626d120ee543e41c"],"withdrawalsRoot":"0xe0ab3dbb84deba21eca1dff9c98528bd2f6a427acd3d30f09ca504c7f0ef0a3b","withdrawals":[{"index":"0x6","validatorIndex":"0x5","address":"0x0c2c51a0990aee1d73c1228de158688341557508","amount":"0x64"}],"requestsHash":"0xe3b0c44298fc1c149afbf4c8996fb92427ae41e4649b934ca495991b7852b855","blobGasUsed":"0x20000","excessBlobGas":"0x0","parentBeaconBlockRoot":"0x47c896f5986ec29f58ec60eec56ed176910779e9fc9cf45c3c090126aeb21acd"}}
response differs from expected (-- client, ++ test):
{
  "id": 1,
  "jsonrpc": "2.0",
  "result": {
    -- "baseFeePerGas": "0x7d97fd",
    -- "blobGasUsed": "0x20000",
    ++ "capture_only": true,
    -- "difficulty": "0x0",
    -- "excessBlobGas": "0x0",
    -- "extraData": "0x",
    -- "gasLimit": "0xbebc200",
    -- "gasUsed": "0x18d04",
    -- "hash": "0xb3ba0330884cb90c46699588aab05619155565a21fecf9b9f9482693556f2316",
    -- "logsBloom": "0x00000000000000000000000000000000000000000000000000000000800000000000000000000000000000000000000000000000000000000000000000000000000000000000000000004000000000000200000002000000000000000000002000000000000000000000000000800000000000000000000000000000000000000000000000000000000100000000000000000000000000000000000000000000000000000000009000000000000000000000000000000000000000800000000000800000000000000000000000000000000000000000000000000000000000000000000000000000000000000000000000000000000000000000000000400000",
    -- "miner": "0x0000000000000000000000000000000000000000",
    -- "mixHash": "0x0000000000000000000000000000000000000000000000000000000000000000",
    -- "nonce": "0x0000000000000000",
    -- "number": "0x48",
    -- "parentBeaconBlockRoot": "0x47c896f5986ec29f58ec60eec56ed176910779e9fc9cf45c3c090126aeb21acd",
    -- "parentHash": "0x7964ce394f9773783863d05cf0826d125024c5f5dac03c07d5d7832c551a40de",
    -- "receiptsRoot": "0x8242a788eddcd94326c2acb0a6cb547ca411104a65e3c6c5f751ce1c7f14cd15",
    -- "requestsHash": "0xe3b0c44298fc1c149afbf4c8996fb92427ae41e4649b934ca495991b7852b855",
    -- "sha3Uncles": "0x1dcc4de8dec75d7aab85b567b6ccd41ad312451b948a7413f0a142fd40d49347",
    -- "size": "0x400",
    -- "stateRoot": "0x42da2e489b18e750a877106cd83e76fd16d4234d530e8290eda403582c50aac4",
    -- "timestamp": "0x2d0",
    -- "transactions": [
      -- "0x72af7d7b24f8bd52b53e2974eb4a8b3a97819211501eb3969bc7d6562016f49d",
      -- "0x2bd941225e044995fd7890bf3183cc65edb04f1b92aa7191626d120ee543e41c"
    -- ],
    -- "transactionsRoot": "0x4a0b6fa744634b80a04463acab0cad7eb4aa563337ed6f95ec3728d7ef745a99",
    -- "uncles": [],
    -- "withdrawals": [
      -- {
        -- "address": "0x0c2c51a0990aee1d73c1228de158688341557508",
        -- "amount": "0x64",
        -- "index": "0x6",
        -- "validatorIndex": "0x5"
      -- }
    -- ],
    -- "withdrawalsRoot": "0xe0ab3dbb84deba21eca1dff9c98528bd2f6a427acd3d30f09ca504c7f0ef0a3b"
  }
}
>>  {"jsonrpc": "2.0", "id": 1, "method": "eth_getBlockByNumber", "params": ["latest", false]}
<<  {"jsonrpc":"2.0","id":1,"result":{"number":"0x48","hash":"0xb3ba0330884cb90c46699588aab05619155565a21fecf9b9f9482693556f2316","mixHash":"0x0000000000000000000000000000000000000000000000000000000000000000","parentHash":"0x7964ce394f9773783863d05cf0826d125024c5f5dac03c07d5d7832c551a40de","nonce":"0x0000000000000000","sha3Uncles":"0x1dcc4de8dec75d7aab85b567b6ccd41ad312451b948a7413f0a142fd40d49347","logsBloom":"0x00000000000000000000000000000000000000000000000000000000800000000000000000000000000000000000000000000000000000000000000000000000000000000000000000004000000000000200000002000000000000000000002000000000000000000000000000800000000000000000000000000000000000000000000000000000000100000000000000000000000000000000000000000000000000000000009000000000000000000000000000000000000000800000000000800000000000000000000000000000000000000000000000000000000000000000000000000000000000000000000000000000000000000000000000400000","transactionsRoot":"0x4a0b6fa744634b80a04463acab0cad7eb4aa563337ed6f95ec3728d7ef745a99","stateRoot":"0x42da2e489b18e750a877106cd83e76fd16d4234d530e8290eda403582c50aac4","receiptsRoot":"0x8242a788eddcd94326c2acb0a6cb547ca411104a65e3c6c5f751ce1c7f14cd15","miner":"0x0000000000000000000000000000000000000000","difficulty":"0x0","extraData":"0x","baseFeePerGas":"0x7d97fd","size":"0x400","gasLimit":"0xbebc200","gasUsed":"0x18d04","timestamp":"0x2d0","uncles":[],"transactions":["0x72af7d7b24f8bd52b53e2974eb4a8b3a97819211501eb3969bc7d6562016f49d","0x2bd941225e044995fd7890bf3183cc65edb04f1b92aa7191626d120ee543e41c"],"withdrawalsRoot":"0xe0ab3dbb84deba21eca1dff9c98528bd2f6a427acd3d30f09ca504c7f0ef0a3b","withdrawals":[{"index":"0x6","validatorIndex":"0x5","address":"0x0c2c51a0990aee1d73c1228de158688341557508","amount":"0x64"}],"requestsHash":"0xe3b0c44298fc1c149afbf4c8996fb92427ae41e4649b934ca495991b7852b855","blobGasUsed":"0x20000","excessBlobGas":"0x0","parentBeaconBlockRoot":"0x47c896f5986ec29f58ec60eec56ed176910779e9fc9cf45c3c090126aeb21acd"}}
response differs from expected (-- client, ++ test):
{
  "id": 1,
  "jsonrpc": "2.0",
  "result": {
    -- "baseFeePerGas": "0x7d97fd",
    -- "blobGasUsed": "0x20000",
    ++ "capture_only": true,
    -- "difficulty": "0x0",
    -- "excessBlobGas": "0x0",
    -- "extraData": "0x",
    -- "gasLimit": "0xbebc200",
    -- "gasUsed": "0x18d04",
    -- "hash": "0xb3ba0330884cb90c46699588aab05619155565a21fecf9b9f9482693556f2316",
    -- "logsBloom": "0x00000000000000000000000000000000000000000000000000000000800000000000000000000000000000000000000000000000000000000000000000000000000000000000000000004000000000000200000002000000000000000000002000000000000000000000000000800000000000000000000000000000000000000000000000000000000100000000000000000000000000000000000000000000000000000000009000000000000000000000000000000000000000800000000000800000000000000000000000000000000000000000000000000000000000000000000000000000000000000000000000000000000000000000000000400000",
    -- "miner": "0x0000000000000000000000000000000000000000",
    -- "mixHash": "0x0000000000000000000000000000000000000000000000000000000000000000",
    -- "nonce": "0x0000000000000000",
    -- "number": "0x48",
    -- "parentBeaconBlockRoot": "0x47c896f5986ec29f58ec60eec56ed176910779e9fc9cf45c3c090126aeb21acd",
    -- "parentHash": "0x7964ce394f9773783863d05cf0826d125024c5f5dac03c07d5d7832c551a40de",
    -- "receiptsRoot": "0x8242a788eddcd94326c2acb0a6cb547ca411104a65e3c6c5f751ce1c7f14cd15",
    -- "requestsHash": "0xe3b0c44298fc1c149afbf4c8996fb92427ae41e4649b934ca495991b7852b855",
    -- "sha3Uncles": "0x1dcc4de8dec75d7aab85b567b6ccd41ad312451b948a7413f0a142fd40d49347",
    -- "size": "0x400",
    -- "stateRoot": "0x42da2e489b18e750a877106cd83e76fd16d4234d530e8290eda403582c50aac4",
    -- "timestamp": "0x2d0",
    -- "transactions": [
      -- "0x72af7d7b24f8bd52b53e2974eb4a8b3a97819211501eb3969bc7d6562016f49d",
      -- "0x2bd941225e044995fd7890bf3183cc65edb04f1b92aa7191626d120ee543e41c"
    -- ],
    -- "transactionsRoot": "0x4a0b6fa744634b80a04463acab0cad7eb4aa563337ed6f95ec3728d7ef745a99",
    -- "uncles": [],
    -- "withdrawals": [
      -- {
        -- "address": "0x0c2c51a0990aee1d73c1228de158688341557508",
        -- "amount": "0x64",
        -- "index": "0x6",
        -- "validatorIndex": "0x5"
      -- }
    -- ],
    -- "withdrawalsRoot": "0xe0ab3dbb84deba21eca1dff9c98528bd2f6a427acd3d30f09ca504c7f0ef0a3b"
  }
}
>>  {"jsonrpc": "2.0", "id": 1, "method": "web3_clientVersion", "params": []}
<<  {"jsonrpc":"2.0","id":1,"result":"besu/v26.8.1/linux-x86_64/openjdk-java-25"}
response differs from expected (-- client, ++ test):
{
  "id": 1,
  "jsonrpc": "2.0",
  "result": -- "besu/v26.8.1/linux-x86_64/openjdk-java-25" ++ {}
}
>>  {"jsonrpc": "2.0", "id": 1, "method": "trace_call", "params": [{"from": "0x7435ed30a8b4aeb0877cef0c6e8cffe834eb865f", "to": "0x000F3df6D732807Ef1319fB7B8bB8522d0Beac02", "data": "0x0000000000000000000000000000000000000000000000000000000000000230", "gas": "0x927c0", "gasPrice": "0x77359400"}, ["trace"], "0x37"]}
<<  {"jsonrpc":"2.0","id":1,"result":{"output":"0x","stateDiff":null,"trace":[{"action":{"callType":"call","from":"0x7435ed30a8b4aeb0877cef0c6e8cffe834eb865f","gas":"0x8d520","input":"0x0000000000000000000000000000000000000000000000000000000000000230","to":"0x000f3df6d732807ef1319fb7b8bb8522d0beac02","value":"0x0"},"error":"Reverted","revertReason":"0x","subtraces":0,"traceAddress":[],"type":"call"}],"vmTrace":null}}
response differs from expected (-- client, ++ test):
{
  "id": 1,
  "jsonrpc": "2.0",
  "result": {
    ++ "capture_only": true,
    -- "output": "0x",
    -- "stateDiff": null,
    -- "trace": [
      -- {
        -- "action": {
          -- "callType": "call",
          -- "from": "0x7435ed30a8b4aeb0877cef0c6e8cffe834eb865f",
          -- "gas": "0x8d520",
          -- "input": "0x0000000000000000000000000000000000000000000000000000000000000230",
          -- "to": "0x000f3df6d732807ef1319fb7b8bb8522d0beac02",
          -- "value": "0x0"
        -- },
        -- "error": "Reverted",
        -- "revertReason": "0x",
        -- "subtraces": 0,
        -- "traceAddress": [],
        -- "type": "call"
      -- }
    -- ],
    -- "vmTrace": null
  }
}
>>  {"jsonrpc": "2.0", "id": 1, "method": "trace_call", "params": [{"from": "0x7435ed30a8b4aeb0877cef0c6e8cffe834eb865f", "to": "0x000F3df6D732807Ef1319fB7B8bB8522d0Beac02", "data": "0x0000000000000000000000000000000000000000000000000000000000000230", "gas": "0x927c0", "gasPrice": "0x77359400"}, ["trace"], "0x38"]}
<<  {"jsonrpc":"2.0","id":1,"result":{"output":"0x83472eda6eb475906aeeb7f09e757ba9f6663b9f6a5bf8611d6306f677f67ebd","stateDiff":null,"trace":[{"action":{"callType":"call","from":"0x7435ed30a8b4aeb0877cef0c6e8cffe834eb865f","gas":"0x8d520","input":"0x0000000000000000000000000000000000000000000000000000000000000230","to":"0x000f3df6d732807ef1319fb7b8bb8522d0beac02","value":"0x0"},"result":{"gasUsed":"0x10e0","output":"0x83472eda6eb475906aeeb7f09e757ba9f6663b9f6a5bf8611d6306f677f67ebd"},"subtraces":0,"traceAddress":[],"type":"call"}],"vmTrace":null}}
response differs from expected (-- client, ++ test):
{
  "id": 1,
  "jsonrpc": "2.0",
  "result": {
    ++ "capture_only": true,
    -- "output": "0x83472eda6eb475906aeeb7f09e757ba9f6663b9f6a5bf8611d6306f677f67ebd",
    -- "stateDiff": null,
    -- "trace": [
      -- {
        -- "action": {
          -- "callType": "call",
          -- "from": "0x7435ed30a8b4aeb0877cef0c6e8cffe834eb865f",
          -- "gas": "0x8d520",
          -- "input": "0x0000000000000000000000000000000000000000000000000000000000000230",
          -- "to": "0x000f3df6d732807ef1319fb7b8bb8522d0beac02",
          -- "value": "0x0"
        -- },
        -- "result": {
          -- "gasUsed": "0x10e0",
          -- "output": "0x83472eda6eb475906aeeb7f09e757ba9f6663b9f6a5bf8611d6306f677f67ebd"
        -- },
        -- "subtraces": 0,
        -- "traceAddress": [],
        -- "type": "call"
      -- }
    -- ],
    -- "vmTrace": null
  }
}
>>  {"jsonrpc": "2.0", "id": 1, "method": "eth_getBlockByNumber", "params": ["0x48", false]}
<<  {"jsonrpc":"2.0","id":1,"result":{"number":"0x48","hash":"0xb3ba0330884cb90c46699588aab05619155565a21fecf9b9f9482693556f2316","mixHash":"0x0000000000000000000000000000000000000000000000000000000000000000","parentHash":"0x7964ce394f9773783863d05cf0826d125024c5f5dac03c07d5d7832c551a40de","nonce":"0x0000000000000000","sha3Uncles":"0x1dcc4de8dec75d7aab85b567b6ccd41ad312451b948a7413f0a142fd40d49347","logsBloom":"0x00000000000000000000000000000000000000000000000000000000800000000000000000000000000000000000000000000000000000000000000000000000000000000000000000004000000000000200000002000000000000000000002000000000000000000000000000800000000000000000000000000000000000000000000000000000000100000000000000000000000000000000000000000000000000000000009000000000000000000000000000000000000000800000000000800000000000000000000000000000000000000000000000000000000000000000000000000000000000000000000000000000000000000000000000400000","transactionsRoot":"0x4a0b6fa744634b80a04463acab0cad7eb4aa563337ed6f95ec3728d7ef745a99","stateRoot":"0x42da2e489b18e750a877106cd83e76fd16d4234d530e8290eda403582c50aac4","receiptsRoot":"0x8242a788eddcd94326c2acb0a6cb547ca411104a65e3c6c5f751ce1c7f14cd15","miner":"0x0000000000000000000000000000000000000000","difficulty":"0x0","extraData":"0x","baseFeePerGas":"0x7d97fd","size":"0x400","gasLimit":"0xbebc200","gasUsed":"0x18d04","timestamp":"0x2d0","uncles":[],"transactions":["0x72af7d7b24f8bd52b53e2974eb4a8b3a97819211501eb3969bc7d6562016f49d","0x2bd941225e044995fd7890bf3183cc65edb04f1b92aa7191626d120ee543e41c"],"withdrawalsRoot":"0xe0ab3dbb84deba21eca1dff9c98528bd2f6a427acd3d30f09ca504c7f0ef0a3b","withdrawals":[{"index":"0x6","validatorIndex":"0x5","address":"0x0c2c51a0990aee1d73c1228de158688341557508","amount":"0x64"}],"requestsHash":"0xe3b0c44298fc1c149afbf4c8996fb92427ae41e4649b934ca495991b7852b855","blobGasUsed":"0x20000","excessBlobGas":"0x0","parentBeaconBlockRoot":"0x47c896f5986ec29f58ec60eec56ed176910779e9fc9cf45c3c090126aeb21acd"}}
response differs from expected (-- client, ++ test):
{
  "id": 1,
  "jsonrpc": "2.0",
  "result": {
    -- "baseFeePerGas": "0x7d97fd",
    -- "blobGasUsed": "0x20000",
    ++ "capture_only": true,
    -- "difficulty": "0x0",
    -- "excessBlobGas": "0x0",
    -- "extraData": "0x",
    -- "gasLimit": "0xbebc200",
    -- "gasUsed": "0x18d04",
    -- "hash": "0xb3ba0330884cb90c46699588aab05619155565a21fecf9b9f9482693556f2316",
    -- "logsBloom": "0x00000000000000000000000000000000000000000000000000000000800000000000000000000000000000000000000000000000000000000000000000000000000000000000000000004000000000000200000002000000000000000000002000000000000000000000000000800000000000000000000000000000000000000000000000000000000100000000000000000000000000000000000000000000000000000000009000000000000000000000000000000000000000800000000000800000000000000000000000000000000000000000000000000000000000000000000000000000000000000000000000000000000000000000000000400000",
    -- "miner": "0x0000000000000000000000000000000000000000",
    -- "mixHash": "0x0000000000000000000000000000000000000000000000000000000000000000",
    -- "nonce": "0x0000000000000000",
    -- "number": "0x48",
    -- "parentBeaconBlockRoot": "0x47c896f5986ec29f58ec60eec56ed176910779e9fc9cf45c3c090126aeb21acd",
    -- "parentHash": "0x7964ce394f9773783863d05cf0826d125024c5f5dac03c07d5d7832c551a40de",
    -- "receiptsRoot": "0x8242a788eddcd94326c2acb0a6cb547ca411104a65e3c6c5f751ce1c7f14cd15",
    -- "requestsHash": "0xe3b0c44298fc1c149afbf4c8996fb92427ae41e4649b934ca495991b7852b855",
    -- "sha3Uncles": "0x1dcc4de8dec75d7aab85b567b6ccd41ad312451b948a7413f0a142fd40d49347",
    -- "size": "0x400",
    -- "stateRoot": "0x42da2e489b18e750a877106cd83e76fd16d4234d530e8290eda403582c50aac4",
    -- "timestamp": "0x2d0",
    -- "transactions": [
      -- "0x72af7d7b24f8bd52b53e2974eb4a8b3a97819211501eb3969bc7d6562016f49d",
      -- "0x2bd941225e044995fd7890bf3183cc65edb04f1b92aa7191626d120ee543e41c"
    -- ],
    -- "transactionsRoot": "0x4a0b6fa744634b80a04463acab0cad7eb4aa563337ed6f95ec3728d7ef745a99",
    -- "uncles": [],
    -- "withdrawals": [
      -- {
        -- "address": "0x0c2c51a0990aee1d73c1228de158688341557508",
        -- "amount": "0x64",
        -- "index": "0x6",
        -- "validatorIndex": "0x5"
      -- }
    -- ],
    -- "withdrawalsRoot": "0xe0ab3dbb84deba21eca1dff9c98528bd2f6a427acd3d30f09ca504c7f0ef0a3b"
  }
}
>>  {"jsonrpc": "2.0", "id": 1, "method": "trace_call", "params": [{"from": "0x7435ed30a8b4aeb0877cef0c6e8cffe834eb865f", "to": "0x0000000000000000000000000000000000001007", "gas": "0x927c0", "gasPrice": "0x77359400", "data": "0x"}, ["trace", "stateDiff", "vmTrace"], "0x37"]}
<<  {"jsonrpc":"2.0","id":1,"result":{"output":"0x","stateDiff":{"0x0000000000000000000000000000000000000000":{"balance":{"*":{"from":"0xc4f200cb8a8742bfd","to":"0xc4f206a5aa5411442"}},"code":"=","nonce":"=","storage":{}},"0x0000000000000000000000000000000000001007":{"balance":{"-":"0x64"},"code":{"-":"0x611008ff"},"nonce":{"-":"0x0"},"storage":{}},"0x0000000000000000000000000000000000001008":{"balance":{"+":"0x64"},"code":{"+":"0x"},"nonce":{"+":"0x0"},"storage":{}},"0x7435ed30a8b4aeb0877cef0c6e8cffe834eb865f":{"balance":{"*":{"from":"0xc097ce7bc90715b347f875eff99958","to":"0xc097ce7bc90715b34796f5186d5d58"}},"code":"=","nonce":{"*":{"from":"0x7f","to":"0x80"}},"storage":{}}},"trace":[{"action":{"callType":"call","from":"0x7435ed30a8b4aeb0877cef0c6e8cffe834eb865f","gas":"0x8d5b8","input":"0x","to":"0x0000000000000000000000000000000000001007","value":"0x0"},"result":{"gasUsed":"0x7f5b","output":"0x"},"subtraces":1,"traceAddress":[],"type":"call"},{"action":{"address":"0x0000000000000000000000000000000000001007","balance":"0x64","refundAddress":"0x0000000000000000000000000000000000001008"},"result":null,"subtraces":0,"traceAddress":[0],"type":"suicide"}],"vmTrace":{"code":"0x611008ff","ops":[{"cost":3,"ex":{"mem":null,"push":["0x1008"],"store":null,"used":578997},"pc":0,"sub":null},{"cost":32600,"ex":{"mem":null,"push":[],"store":null,"used":546397},"pc":3,"sub":null}]}}}
response differs from expected (-- client, ++ test):
{
  "id": 1,
  "jsonrpc": "2.0",
  "result": {
    ++ "capture_only": true,
    -- "output": "0x",
    -- "stateDiff": {
      -- "0x0000000000000000000000000000000000000000": {
        -- "balance": {
          -- "*": {
            -- "from": "0xc4f200cb8a8742bfd",
            -- "to": "0xc4f206a5aa5411442"
          -- }
        -- },
        -- "code": "=",
        -- "nonce": "=",
        -- "storage": {}
      -- },
      -- "0x0000000000000000000000000000000000001007": {
        -- "balance": {
          -- "-": "0x64"
        -- },
        -- "code": {
          -- "-": "0x611008ff"
        -- },
        -- "nonce": {
          -- "-": "0x0"
        -- },
        -- "storage": {}
      -- },
      -- "0x0000000000000000000000000000000000001008": {
        -- "balance": {
          -- "+": "0x64"
        -- },
        -- "code": {
          -- "+": "0x"
        -- },
        -- "nonce": {
          -- "+": "0x0"
        -- },
        -- "storage": {}
      -- },
      -- "0x7435ed30a8b4aeb0877cef0c6e8cffe834eb865f": {
        -- "balance": {
          -- "*": {
            -- "from": "0xc097ce7bc90715b347f875eff99958",
            -- "to": "0xc097ce7bc90715b34796f5186d5d58"
          -- }
        -- },
        -- "code": "=",
        -- "nonce": {
          -- "*": {
            -- "from": "0x7f",
            -- "to": "0x80"
          -- }
        -- },
        -- "storage": {}
      -- }
    -- },
    -- "trace": [
      -- {
        -- "action": {
          -- "callType": "call",
          -- "from": "0x7435ed30a8b4aeb0877cef0c6e8cffe834eb865f",
          -- "gas": "0x8d5b8",
          -- "input": "0x",
          -- "to": "0x0000000000000000000000000000000000001007",
          -- "value": "0x0"
        -- },
        -- "result": {
          -- "gasUsed": "0x7f5b",
          -- "output": "0x"
        -- },
        -- "subtraces": 1,
        -- "traceAddress": [],
        -- "type": "call"
      -- },
      -- {
        -- "action": {
          -- "address": "0x0000000000000000000000000000000000001007",
          -- "balance": "0x64",
          -- "refundAddress": "0x0000000000000000000000000000000000001008"
        -- },
        -- "result": null,
        -- "subtraces": 0,
        -- "traceAddress": [
          -- 0
        -- ],
        -- "type": "suicide"
      -- }
    -- ],
    -- "vmTrace": {
      -- "code": "0x611008ff",
      -- "ops": [
        -- {
          -- "cost": 3,
          -- "ex": {
            -- "mem": null,
            -- "push": [
              -- "0x1008"
            -- ],
            -- "store": null,
            -- "used": 578997
          -- },
          -- "pc": 0,
          -- "sub": null
        -- },
        -- {
          -- "cost": 32600,
          -- "ex": {
            -- "mem": null,
            -- "push": [],
            -- "store": null,
            -- "used": 546397
          -- },
          -- "pc": 3,
          -- "sub": null
        -- }
      -- ]
    -- }
  }
}
>>  {"jsonrpc": "2.0", "id": 1, "method": "trace_call", "params": [{"from": "0x7435ed30a8b4aeb0877cef0c6e8cffe834eb865f", "to": "0x0000000000000000000000000000000000001007", "gas": "0x927c0", "gasPrice": "0x77359400", "data": "0x"}, ["trace", "stateDiff", "vmTrace"], "0x38"]}
<<  {"jsonrpc":"2.0","id":1,"result":{"output":"0x","stateDiff":{"0x0000000000000000000000000000000000000000":{"balance":{"*":{"from":"0xc4f200cb8a876839d","to":"0xc4f206ad66a2b0140"}},"code":"=","nonce":"=","storage":{}},"0x0000000000000000000000000000000000001007":{"balance":{"*":{"from":"0x64","to":"0x0"}},"code":"=","nonce":"=","storage":{}},"0x0000000000000000000000000000000000001008":{"balance":{"+":"0x64"},"code":{"+":"0x"},"nonce":{"+":"0x0"},"storage":{}},"0x7435ed30a8b4aeb0877cef0c6e8cffe834eb865f":{"balance":{"*":{"from":"0xc097ce7bc90715b347eec2d8f29150","to":"0xc097ce7bc90715b3478d4201665550"}},"code":"=","nonce":{"*":{"from":"0x82","to":"0x83"}},"storage":{}}},"trace":[{"action":{"callType":"call","from":"0x7435ed30a8b4aeb0877cef0c6e8cffe834eb865f","gas":"0x8d5b8","input":"0x","to":"0x0000000000000000000000000000000000001007","value":"0x0"},"result":{"gasUsed":"0x7f5b","output":"0x"},"subtraces":1,"traceAddress":[],"type":"call"},{"action":{"address":"0x0000000000000000000000000000000000001007","balance":"0x64","refundAddress":"0x0000000000000000000000000000000000001008"},"result":null,"subtraces":0,"traceAddress":[0],"type":"suicide"}],"vmTrace":{"code":"0x611008ff","ops":[{"cost":3,"ex":{"mem":null,"push":["0x1008"],"store":null,"used":578997},"pc":0,"sub":null},{"cost":32600,"ex":{"mem":null,"push":[],"store":null,"used":546397},"pc":3,"sub":null}]}}}
response differs from expected (-- client, ++ test):
{
  "id": 1,
  "jsonrpc": "2.0",
  "result": {
    ++ "capture_only": true,
    -- "output": "0x",
    -- "stateDiff": {
      -- "0x0000000000000000000000000000000000000000": {
        -- "balance": {
          -- "*": {
            -- "from": "0xc4f200cb8a876839d",
            -- "to": "0xc4f206ad66a2b0140"
          -- }
        -- },
        -- "code": "=",
        -- "nonce": "=",
        -- "storage": {}
      -- },
      -- "0x0000000000000000000000000000000000001007": {
        -- "balance": {
          -- "*": {
            -- "from": "0x64",
            -- "to": "0x0"
          -- }
        -- },
        -- "code": "=",
        -- "nonce": "=",
        -- "storage": {}
      -- },
      -- "0x0000000000000000000000000000000000001008": {
        -- "balance": {
          -- "+": "0x64"
        -- },
        -- "code": {
          -- "+": "0x"
        -- },
        -- "nonce": {
          -- "+": "0x0"
        -- },
        -- "storage": {}
      -- },
      -- "0x7435ed30a8b4aeb0877cef0c6e8cffe834eb865f": {
        -- "balance": {
          -- "*": {
            -- "from": "0xc097ce7bc90715b347eec2d8f29150",
            -- "to": "0xc097ce7bc90715b3478d4201665550"
          -- }
        -- },
        -- "code": "=",
        -- "nonce": {
          -- "*": {
            -- "from": "0x82",
            -- "to": "0x83"
          -- }
        -- },
        -- "storage": {}
      -- }
    -- },
    -- "trace": [
      -- {
        -- "action": {
          -- "callType": "call",
          -- "from": "0x7435ed30a8b4aeb0877cef0c6e8cffe834eb865f",
          -- "gas": "0x8d5b8",
          -- "input": "0x",
          -- "to": "0x0000000000000000000000000000000000001007",
          -- "value": "0x0"
        -- },
        -- "result": {
          -- "gasUsed": "0x7f5b",
          -- "output": "0x"
        -- },
        -- "subtraces": 1,
        -- "traceAddress": [],
        -- "type": "call"
      -- },
      -- {
        -- "action": {
          -- "address": "0x0000000000000000000000000000000000001007",
          -- "balance": "0x64",
          -- "refundAddress": "0x0000000000000000000000000000000000001008"
        -- },
        -- "result": null,
        -- "subtraces": 0,
        -- "traceAddress": [
          -- 0
        -- ],
        -- "type": "suicide"
      -- }
    -- ],
    -- "vmTrace": {
      -- "code": "0x611008ff",
      -- "ops": [
        -- {
          -- "cost": 3,
          -- "ex": {
            -- "mem": null,
            -- "push": [
              -- "0x1008"
            -- ],
            -- "store": null,
            -- "used": 578997
          -- },
          -- "pc": 0,
          -- "sub": null
        -- },
        -- {
          -- "cost": 32600,
          -- "ex": {
            -- "mem": null,
            -- "push": [],
            -- "store": null,
            -- "used": 546397
          -- },
          -- "pc": 3,
          -- "sub": null
        -- }
      -- ]
    -- }
  }
}
>>  {"jsonrpc": "2.0", "id": 1, "method": "eth_getStorageAt", "params": ["0x000F3df6D732807Ef1319fB7B8bB8522d0Beac02", "0x230", "0x37"]}
<<  {"jsonrpc":"2.0","id":1,"result":"0x0000000000000000000000000000000000000000000000000000000000000000"}
response differs from expected (-- client, ++ test):
{
  "id": 1,
  "jsonrpc": "2.0",
  "result": -- "0x0000000000000000000000000000000000000000000000000000000000000000" ++ {}
}
>>  {"jsonrpc": "2.0", "id": 1, "method": "eth_getStorageAt", "params": ["0x000F3df6D732807Ef1319fB7B8bB8522d0Beac02", "0x222f", "0x37"]}
<<  {"jsonrpc":"2.0","id":1,"result":"0x0000000000000000000000000000000000000000000000000000000000000000"}
response differs from expected (-- client, ++ test):
{
  "id": 1,
  "jsonrpc": "2.0",
  "result": -- "0x0000000000000000000000000000000000000000000000000000000000000000" ++ {}
}
>>  {"jsonrpc": "2.0", "id": 1, "method": "eth_getStorageAt", "params": ["0x000F3df6D732807Ef1319fB7B8bB8522d0Beac02", "0x230", "0x38"]}
<<  {"jsonrpc":"2.0","id":1,"result":"0x0000000000000000000000000000000000000000000000000000000000000230"}
response differs from expected (-- client, ++ test):
{
  "id": 1,
  "jsonrpc": "2.0",
  "result": -- "0x0000000000000000000000000000000000000000000000000000000000000230" ++ {}
}
>>  {"jsonrpc": "2.0", "id": 1, "method": "eth_getStorageAt", "params": ["0x000F3df6D732807Ef1319fB7B8bB8522d0Beac02", "0x222f", "0x38"]}
<<  {"jsonrpc":"2.0","id":1,"result":"0x83472eda6eb475906aeeb7f09e757ba9f6663b9f6a5bf8611d6306f677f67ebd"}
response differs from expected (-- client, ++ test):
{
  "id": 1,
  "jsonrpc": "2.0",
  "result": -- "0x83472eda6eb475906aeeb7f09e757ba9f6663b9f6a5bf8611d6306f677f67ebd" ++ {}
}
>>  {"jsonrpc": "2.0", "id": 1, "method": "eth_getBalance", "params": ["0x717f8aa2b982bee0e29f573d31df288663e1ce16", "0x33"]}
<<  {"jsonrpc":"2.0","id":1,"result":"0xc097ce7bc90715b34b9f1000000006"}
response differs from expected (-- client, ++ test):
{
  "id": 1,
  "jsonrpc": "2.0",
  "result": -- "0xc097ce7bc90715b34b9f1000000006" ++ {}
}
>>  {"jsonrpc": "2.0", "id": 1, "method": "eth_getBalance", "params": ["0x717f8aa2b982bee0e29f573d31df288663e1ce16", "0x34"]}
<<  {"jsonrpc":"2.0","id":1,"result":"0xc097ce7bc90715b34b9f274876e806"}
response differs from expected (-- client, ++ test):
{
  "id": 1,
  "jsonrpc": "2.0",
  "result": -- "0xc097ce7bc90715b34b9f274876e806" ++ {}
}
>>  {"jsonrpc": "2.0", "id": 1, "method": "eth_getBalance", "params": ["0x717f8aa2b982bee0e29f573d31df288663e1ce16", "0x35"]}
<<  {"jsonrpc":"2.0","id":1,"result":"0xc097ce7bc90715b34b9f274876e806"}
response differs from expected (-- client, ++ test):
{
  "id": 1,
  "jsonrpc": "2.0",
  "result": -- "0xc097ce7bc90715b34b9f274876e806" ++ {}
}
>>  {"jsonrpc": "2.0", "id": 1, "method": "eth_getBlockByNumber", "params": ["0x33", true]}
<<  {"jsonrpc":"2.0","id":1,"result":{"number":"0x33","hash":"0x022037fe9ef69d04fd00706fcd5a9c80b1b791c6f9c3088469b6407a660c28b9","mixHash":"0x0000000000000000000000000000000000000000000000000000000000000000","parentHash":"0x81f27dba10123293c218f7e559812921bb76397f6f7cc77d281db9e94ff4fe9b","nonce":"0x0000000000000000","sha3Uncles":"0x1dcc4de8dec75d7aab85b567b6ccd41ad312451b948a7413f0a142fd40d49347","logsBloom":"0x00000000000000000000000000000000000000000000000000000000000000000000000200000000000010000000000000000000000000000000000001000000010000000000000000004000002000000200004200400000000000000000002000000000400400000000000000000000000000000000000000000000000080000000000000000100000000000000000000000000000000010000000000000000000000000000000000000000000200000000000000000000000000000000000000000000000000000000000000000000000000000000000000000000000000000004000000000000000000000000000000000000000000000000000000000000","transactionsRoot":"0x84a6970d2095aa92d6eafb42ab401e4e00e6e837ae670cb298628523c4eadbad","stateRoot":"0x65aca059c8cbe1978e45591e3617d262f8d435fb832cefcf8234b0f8c72eb4e1","receiptsRoot":"0x67ab042bd973e8dedef30801a5589a00987c86c1ca17461677560545101482a8","miner":"0x0000000000000000000000000000000000000000","difficulty":"0x0","extraData":"0x","baseFeePerGas":"0x810ed7c","size":"0x35c","gasLimit":"0xbebc200","gasUsed":"0x2fb12","timestamp":"0x1fe","uncles":[],"transactions":[{"accessList":[],"blockHash":"0x022037fe9ef69d04fd00706fcd5a9c80b1b791c6f9c3088469b6407a660c28b9","blockNumber":"0x33","blockTimestamp":"0x1fe","chainId":"0xc72dd9d5e883e","from":"0x7435ed30a8b4aeb0877cef0c6e8cffe834eb865f","gas":"0x5208","gasPrice":"0x810ed7d","hash":"0x87d8ef31d0d35ae040f2998b90fd61eeb04882b21f189c521bec5c3cefb416d2","input":"0x","nonce":"0x72","to":"0x7435ed30a8b4aeb0877cef0c6e8cffe834eb865f","transactionIndex":"0x0","type":"0x1","value":"0x1","yParity":"0x0","v":"0x0","r":"0x56abc4bae751cb1703f3c3f1bcdddbf9f88c9c2f8c1416308ac46a5fdad1894e","s":"0x3e552a68655416e9efe4dfd749de3aa01d024267fd86b1dd3b01010463af483a"},{"accessList":[],"blockHash":"0x022037fe9ef69d04fd00706fcd5a9c80b1b791c6f9c3088469b6407a660c28b9","blockNumber":"0x33","blockTimestamp":"0x1fe","chainId":"0xc72dd9d5e883e","from":"0x7435ed30a8b4aeb0877cef0c6e8cffe834eb865f","gas":"0x186a0","gasPrice":"0x810ed7d","maxPriorityFeePerGas":"0x1","maxFeePerGas":"0x810ed7d","hash":"0xa23373d1e4fa559fc33ffb791665855530831c83d0c241ef6b2d3f46a5f448f4","input":"0x01","nonce":"0x73","to":"0x9dcd17433742f4c0ca53122ab541d0ba67fc27d3","transactionIndex":"0x1","type":"0x2","value":"0x0","yParity":"0x0","v":"0x0","r":"0x2eaa94ea47d0cb4d42657c5064e863547ef282553cfdbfe21aa8e8fe78320dc4","s":"0x346d37d97e2d83ce44afc3f6857fec86cc15787a05fa6c3a7aeff44627a51adb"},{"accessList":[],"blockHash":"0x022037fe9ef69d04fd00706fcd5a9c80b1b791c6f9c3088469b6407a660c28b9","blockNumber":"0x33","blockTimestamp":"0x1fe","chainId":"0xc72dd9d5e883e","from":"0x7435ed30a8b4aeb0877cef0c6e8cffe834eb865f","gas":"0x927c0","gasPrice":"0x810ed7d","maxPriorityFeePerGas":"0x1","maxFeePerGas":"0x810ed7d","hash":"0x76430fba1b629206573ad53847b0bc7e9f80161b0e79750803715a8fb1bc5955","input":"0x","nonce":"0x74","to":"0x9dcd17433742f4c0ca53122ab541d0ba67fc27d0","transactionIndex":"0x2","type":"0x2","value":"0x0","yParity":"0x0","v":"0x0","r":"0xce6616592e74c522311002aa3786bcd541b3c0a3d6e99cafb6437682bfbd4d70","s":"0x784011e65470a03e351bf9f2d13492d6f0d9f674ba291dfc5c6c16838639091a"}]}}
response differs from expected (-- client, ++ test):
{
  "id": 1,
  "jsonrpc": "2.0",
  "result": {
    -- "baseFeePerGas": "0x810ed7c",
    ++ "capture_only": true,
    -- "difficulty": "0x0",
    -- "extraData": "0x",
    -- "gasLimit": "0xbebc200",
    -- "gasUsed": "0x2fb12",
    -- "hash": "0x022037fe9ef69d04fd00706fcd5a9c80b1b791c6f9c3088469b6407a660c28b9",
    -- "logsBloom": "0x00000000000000000000000000000000000000000000000000000000000000000000000200000000000010000000000000000000000000000000000001000000010000000000000000004000002000000200004200400000000000000000002000000000400400000000000000000000000000000000000000000000000080000000000000000100000000000000000000000000000000010000000000000000000000000000000000000000000200000000000000000000000000000000000000000000000000000000000000000000000000000000000000000000000000000004000000000000000000000000000000000000000000000000000000000000",
    -- "miner": "0x0000000000000000000000000000000000000000",
    -- "mixHash": "0x0000000000000000000000000000000000000000000000000000000000000000",
    -- "nonce": "0x0000000000000000",
    -- "number": "0x33",
    -- "parentHash": "0x81f27dba10123293c218f7e559812921bb76397f6f7cc77d281db9e94ff4fe9b",
    -- "receiptsRoot": "0x67ab042bd973e8dedef30801a5589a00987c86c1ca17461677560545101482a8",
    -- "sha3Uncles": "0x1dcc4de8dec75d7aab85b567b6ccd41ad312451b948a7413f0a142fd40d49347",
    -- "size": "0x35c",
    -- "stateRoot": "0x65aca059c8cbe1978e45591e3617d262f8d435fb832cefcf8234b0f8c72eb4e1",
    -- "timestamp": "0x1fe",
    -- "transactions": [
      -- {
        -- "accessList": [],
        -- "blockHash": "0x022037fe9ef69d04fd00706fcd5a9c80b1b791c6f9c3088469b6407a660c28b9",
        -- "blockNumber": "0x33",
        -- "blockTimestamp": "0x1fe",
        -- "chainId": "0xc72dd9d5e883e",
        -- "from": "0x7435ed30a8b4aeb0877cef0c6e8cffe834eb865f",
        -- "gas": "0x5208",
        -- "gasPrice": "0x810ed7d",
        -- "hash": "0x87d8ef31d0d35ae040f2998b90fd61eeb04882b21f189c521bec5c3cefb416d2",
        -- "input": "0x",
        -- "nonce": "0x72",
        -- "r": "0x56abc4bae751cb1703f3c3f1bcdddbf9f88c9c2f8c1416308ac46a5fdad1894e",
        -- "s": "0x3e552a68655416e9efe4dfd749de3aa01d024267fd86b1dd3b01010463af483a",
        -- "to": "0x7435ed30a8b4aeb0877cef0c6e8cffe834eb865f",
        -- "transactionIndex": "0x0",
        -- "type": "0x1",
        -- "v": "0x0",
        -- "value": "0x1",
        -- "yParity": "0x0"
      -- },
      -- {
        -- "accessList": [],
        -- "blockHash": "0x022037fe9ef69d04fd00706fcd5a9c80b1b791c6f9c3088469b6407a660c28b9",
        -- "blockNumber": "0x33",
        -- "blockTimestamp": "0x1fe",
        -- "chainId": "0xc72dd9d5e883e",
        -- "from": "0x7435ed30a8b4aeb0877cef0c6e8cffe834eb865f",
        -- "gas": "0x186a0",
        -- "gasPrice": "0x810ed7d",
        -- "hash": "0xa23373d1e4fa559fc33ffb791665855530831c83d0c241ef6b2d3f46a5f448f4",
        -- "input": "0x01",
        -- "maxFeePerGas": "0x810ed7d",
        -- "maxPriorityFeePerGas": "0x1",
        -- "nonce": "0x73",
        -- "r": "0x2eaa94ea47d0cb4d42657c5064e863547ef282553cfdbfe21aa8e8fe78320dc4",
        -- "s": "0x346d37d97e2d83ce44afc3f6857fec86cc15787a05fa6c3a7aeff44627a51adb",
        -- "to": "0x9dcd17433742f4c0ca53122ab541d0ba67fc27d3",
        -- "transactionIndex": "0x1",
        -- "type": "0x2",
        -- "v": "0x0",
        -- "value": "0x0",
        -- "yParity": "0x0"
      -- },
      -- {
        -- "accessList": [],
        -- "blockHash": "0x022037fe9ef69d04fd00706fcd5a9c80b1b791c6f9c3088469b6407a660c28b9",
        -- "blockNumber": "0x33",
        -- "blockTimestamp": "0x1fe",
        -- "chainId": "0xc72dd9d5e883e",
        -- "from": "0x7435ed30a8b4aeb0877cef0c6e8cffe834eb865f",
        -- "gas": "0x927c0",
        -- "gasPrice": "0x810ed7d",
        -- "hash": "0x76430fba1b629206573ad53847b0bc7e9f80161b0e79750803715a8fb1bc5955",
        -- "input": "0x",
        -- "maxFeePerGas": "0x810ed7d",
        -- "maxPriorityFeePerGas": "0x1",
        -- "nonce": "0x74",
        -- "r": "0xce6616592e74c522311002aa3786bcd541b3c0a3d6e99cafb6437682bfbd4d70",
        -- "s": "0x784011e65470a03e351bf9f2d13492d6f0d9f674ba291dfc5c6c16838639091a",
        -- "to": "0x9dcd17433742f4c0ca53122ab541d0ba67fc27d0",
        -- "transactionIndex": "0x2",
        -- "type": "0x2",
        -- "v": "0x0",
        -- "value": "0x0",
        -- "yParity": "0x0"
      -- }
    -- ],
    -- "transactionsRoot": "0x84a6970d2095aa92d6eafb42ab401e4e00e6e837ae670cb298628523c4eadbad",
    -- "uncles": []
  }
}
>>  {"jsonrpc": "2.0", "id": 1, "method": "eth_getBlockByNumber", "params": ["0x34", true]}
<<  {"jsonrpc":"2.0","id":1,"result":{"number":"0x34","hash":"0xa9578be0967413b9adc40736fd4ec67d0529b890a81d62102db05e61d6de1897","mixHash":"0x0000000000000000000000000000000000000000000000000000000000000000","parentHash":"0x022037fe9ef69d04fd00706fcd5a9c80b1b791c6f9c3088469b6407a660c28b9","nonce":"0x0000000000000000","sha3Uncles":"0x1dcc4de8dec75d7aab85b567b6ccd41ad312451b948a7413f0a142fd40d49347","logsBloom":"0x00000000000000000000000000000000000000000000000000000000800000000000000000000000000000000000000000000000000000000000000000000000000000000000000000004000000000001200000000000000000000000000002000000000000000000000000000000000000000000000000000000000000000000000000000000000000000000000000000000000000000000000000000000000000000000000009000000000000000000000000000000000000000000000000000000000000000000000000000000000000000000000000000000000000000000000000000004000000000000000000000000000000000000000000008000000","transactionsRoot":"0xef011cbfe9ae50e7defe82a8382cc477d1c5f6d6cc41bf9245f201894b3d2923","stateRoot":"0x3c7454b16a691794d881fa6565ab663b4cda39e69393fdd1ba067db336dbbb09","receiptsRoot":"0xa2dd95687771e75f96f544680724c54dc5c59c26ac59c7a58edab2b0382b5469","miner":"0x0000000000000000000000000000000000000000","difficulty":"0x0","extraData":"0x","baseFeePerGas":"0x70f50e2","size":"0x324","gasLimit":"0xbebc200","gasUsed":"0x11470","timestamp":"0x208","uncles":[],"transactions":[{"blockHash":"0xa9578be0967413b9adc40736fd4ec67d0529b890a81d62102db05e61d6de1897","blockNumber":"0x34","blockTimestamp":"0x208","chainId":"0xc72dd9d5e883e","from":"0x7435ed30a8b4aeb0877cef0c6e8cffe834eb865f","gas":"0x186a0","gasPrice":"0x70f50e3","hash":"0x63debd7bcab14a95198660dfe794ca12fd2a34b24f780dd7572c55f2a58735b3","input":"0x74bff204de43b4a2656d6974","nonce":"0x75","to":"0x7dcd17433742f4c0ca53122ab541d0ba67fc27df","transactionIndex":"0x0","type":"0x0","value":"0x2","v":"0x18e5bb3abd109f","r":"0xd1dfe7c72bc2bd884654cd8c7417009e50eecb519e9b8328c8cf2ba7b53c9c53","s":"0x175e1fee6e062cf562cd1c67517b5edf61a59802cc8d52665b2efd6fdcea7b90"},{"blockHash":"0xa9578be0967413b9adc40736fd4ec67d0529b890a81d62102db05e61d6de1897","blockNumber":"0x34","blockTimestamp":"0x208","chainId":"0xc72dd9d5e883e","from":"0x7435ed30a8b4aeb0877cef0c6e8cffe834eb865f","gas":"0x5208","gasPrice":"0x70f50e3","hash":"0xd7822fd23594d52bc98493786233edb857cbeee469a3148b5780e076a53985db","input":"0x","nonce":"0x76","to":"0x83c7e323d189f18725ac510004fdc2941f8c4a78","transactionIndex":"0x1","type":"0x0","value":"0x1","v":"0x18e5bb3abd109f","r":"0xdd21c5a0aff9b742778951b1d69281be5fac3eb4d93484339636bc8d74f12154","s":"0x70503b79d84767babed0941a8c43e94a7cc40e5dc69ba05fea56167a6c796075"}],"withdrawalsRoot":"0x5e1016697b3b7f7c7ae99708e4482ca5cf920e5dfd971d9a970768f3c5fb6eb4","withdrawals":[{"index":"0x0","validatorIndex":"0x5","address":"0x717f8aa2b982bee0e29f573d31df288663e1ce16","amount":"0x64"}]}}
response differs from expected (-- client, ++ test):
{
  "id": 1,
  "jsonrpc": "2.0",
  "result": {
    -- "baseFeePerGas": "0x70f50e2",
    ++ "capture_only": true,
    -- "difficulty": "0x0",
    -- "extraData": "0x",
    -- "gasLimit": "0xbebc200",
    -- "gasUsed": "0x11470",
    -- "hash": "0xa9578be0967413b9adc40736fd4ec67d0529b890a81d62102db05e61d6de1897",
    -- "logsBloom": "0x00000000000000000000000000000000000000000000000000000000800000000000000000000000000000000000000000000000000000000000000000000000000000000000000000004000000000001200000000000000000000000000002000000000000000000000000000000000000000000000000000000000000000000000000000000000000000000000000000000000000000000000000000000000000000000000009000000000000000000000000000000000000000000000000000000000000000000000000000000000000000000000000000000000000000000000000000004000000000000000000000000000000000000000000008000000",
    -- "miner": "0x0000000000000000000000000000000000000000",
    -- "mixHash": "0x0000000000000000000000000000000000000000000000000000000000000000",
    -- "nonce": "0x0000000000000000",
    -- "number": "0x34",
    -- "parentHash": "0x022037fe9ef69d04fd00706fcd5a9c80b1b791c6f9c3088469b6407a660c28b9",
    -- "receiptsRoot": "0xa2dd95687771e75f96f544680724c54dc5c59c26ac59c7a58edab2b0382b5469",
    -- "sha3Uncles": "0x1dcc4de8dec75d7aab85b567b6ccd41ad312451b948a7413f0a142fd40d49347",
    -- "size": "0x324",
    -- "stateRoot": "0x3c7454b16a691794d881fa6565ab663b4cda39e69393fdd1ba067db336dbbb09",
    -- "timestamp": "0x208",
    -- "transactions": [
      -- {
        -- "blockHash": "0xa9578be0967413b9adc40736fd4ec67d0529b890a81d62102db05e61d6de1897",
        -- "blockNumber": "0x34",
        -- "blockTimestamp": "0x208",
        -- "chainId": "0xc72dd9d5e883e",
        -- "from": "0x7435ed30a8b4aeb0877cef0c6e8cffe834eb865f",
        -- "gas": "0x186a0",
        -- "gasPrice": "0x70f50e3",
        -- "hash": "0x63debd7bcab14a95198660dfe794ca12fd2a34b24f780dd7572c55f2a58735b3",
        -- "input": "0x74bff204de43b4a2656d6974",
        -- "nonce": "0x75",
        -- "r": "0xd1dfe7c72bc2bd884654cd8c7417009e50eecb519e9b8328c8cf2ba7b53c9c53",
        -- "s": "0x175e1fee6e062cf562cd1c67517b5edf61a59802cc8d52665b2efd6fdcea7b90",
        -- "to": "0x7dcd17433742f4c0ca53122ab541d0ba67fc27df",
        -- "transactionIndex": "0x0",
        -- "type": "0x0",
        -- "v": "0x18e5bb3abd109f",
        -- "value": "0x2"
      -- },
      -- {
        -- "blockHash": "0xa9578be0967413b9adc40736fd4ec67d0529b890a81d62102db05e61d6de1897",
        -- "blockNumber": "0x34",
        -- "blockTimestamp": "0x208",
        -- "chainId": "0xc72dd9d5e883e",
        -- "from": "0x7435ed30a8b4aeb0877cef0c6e8cffe834eb865f",
        -- "gas": "0x5208",
        -- "gasPrice": "0x70f50e3",
        -- "hash": "0xd7822fd23594d52bc98493786233edb857cbeee469a3148b5780e076a53985db",
        -- "input": "0x",
        -- "nonce": "0x76",
        -- "r": "0xdd21c5a0aff9b742778951b1d69281be5fac3eb4d93484339636bc8d74f12154",
        -- "s": "0x70503b79d84767babed0941a8c43e94a7cc40e5dc69ba05fea56167a6c796075",
        -- "to": "0x83c7e323d189f18725ac510004fdc2941f8c4a78",
        -- "transactionIndex": "0x1",
        -- "type": "0x0",
        -- "v": "0x18e5bb3abd109f",
        -- "value": "0x1"
      -- }
    -- ],
    -- "transactionsRoot": "0xef011cbfe9ae50e7defe82a8382cc477d1c5f6d6cc41bf9245f201894b3d2923",
    -- "uncles": [],
    -- "withdrawals": [
      -- {
        -- "address": "0x717f8aa2b982bee0e29f573d31df288663e1ce16",
        -- "amount": "0x64",
        -- "index": "0x0",
        -- "validatorIndex": "0x5"
      -- }
    -- ],
    -- "withdrawalsRoot": "0x5e1016697b3b7f7c7ae99708e4482ca5cf920e5dfd971d9a970768f3c5fb6eb4"
  }
}
>>  {"jsonrpc": "2.0", "id": 1, "method": "eth_getBlockByNumber", "params": ["0x35", true]}
<<  {"jsonrpc":"2.0","id":1,"result":{"number":"0x35","hash":"0xced7868057d8d421c73d54e58e5c5d70313a1d71ea43910b3fd6cd95f25de17a","mixHash":"0x0000000000000000000000000000000000000000000000000000000000000000","parentHash":"0xa9578be0967413b9adc40736fd4ec67d0529b890a81d62102db05e61d6de1897","nonce":"0x0000000000000000","sha3Uncles":"0x1dcc4de8dec75d7aab85b567b6ccd41ad312451b948a7413f0a142fd40d49347","logsBloom":"0x00000000000000000000000000000000000000000000000000000000800000000000000000000000000000000000000000000000000000000001000000000000000000000000000000004000000000000200000000000000000000000000002000000000000000020000000000000000000000000000000020000000000000000000000000000000000000000000000000000000000000000000000000000000000000000000009000000000000000000000000000000000000000000000000000000000000000000000000000000000000000000000000000000000000000000000000000000000000000000000000000000000000000000000000000000000","transactionsRoot":"0x5332ce6da159c652fc2ff58dd7a2cfc0608419de1c6e2c16445d5b6181c0d789","stateRoot":"0xe3473e8bdb8bca96c93ff10ceaf369e7bbb0c754c36791a9a93c07fab75c662b","receiptsRoot":"0x7f83604897d9bcfd7b817d4538c7a3fe7b2030dc969bb956b9cb27d26bea0243","miner":"0x0000000000000000000000000000000000000000","difficulty":"0x0","extraData":"0x","baseFeePerGas":"0x62d8fb4","size":"0x3e5","gasLimit":"0xbebc200","gasUsed":"0x17745","timestamp":"0x212","uncles":[],"transactions":[{"accessList":[{"address":"0x7dcd17433742f4c0ca53122ab541d0ba67fc27df","storageKeys":["0x0000000000000000000000000000000000000000000000000000000000000000","0xefcb86facadbec33b8779888975eacca8f44a9073a845521617f1fb30e1ac818"]}],"blockHash":"0xced7868057d8d421c73d54e58e5c5d70313a1d71ea43910b3fd6cd95f25de17a","blockNumber":"0x35","blockTimestamp":"0x212","chainId":"0xc72dd9d5e883e","from":"0x7435ed30a8b4aeb0877cef0c6e8cffe834eb865f","gas":"0x186a0","gasPrice":"0x62d8fb5","hash":"0xfa647a42263cadb4a65927e749d4383dd38d6fe8f5295102c4bdb9c35d968cc7","input":"0xac2ee5432174b752656d6974","nonce":"0x77","to":"0x7dcd17433742f4c0ca53122ab541d0ba67fc27df","transactionIndex":"0x0","type":"0x1","value":"0x2","yParity":"0x0","v":"0x0","r":"0xaca638793e2ce6ccbe803bc9238572f89406747d4b680f86d945fa3eeb7070ba","s":"0x4cf217d0c06f4ac6f8bd6bf3b6892a43da1969eb1d60fa667a66392b40d17fc0"},{"accessList":[],"blockHash":"0xced7868057d8d421c73d54e58e5c5d70313a1d71ea43910b3fd6cd95f25de17a","blockNumber":"0x35","blockTimestamp":"0x212","chainId":"0xc72dd9d5e883e","from":"0x7435ed30a8b4aeb0877cef0c6e8cffe834eb865f","gas":"0x5208","gasPrice":"0x62d8fb5","hash":"0x37b18bad0533859eb3c0852c3f7ec1405f6e1f8ace1951ce2e5791bcb896aaea","input":"0x","nonce":"0x78","to":"0x4dde844b71bcdf95512fb4dc94e84fb67b512ed8","transactionIndex":"0x1","type":"0x1","value":"0x1","yParity":"0x0","v":"0x0","r":"0x746455bab2f1b0641c63246d40feff1a31649cd076dcc2847824c615c897d978","s":"0x4adc2322378493f72c00f1b765b1bef2feab333df5366a3d24763e739da20eaa"},{"accessList":[],"blockHash":"0xced7868057d8d421c73d54e58e5c5d70313a1d71ea43910b3fd6cd95f25de17a","blockNumber":"0x35","blockTimestamp":"0x212","chainId":"0xc72dd9d5e883e","from":"0x7435ed30a8b4aeb0877cef0c6e8cffe834eb865f","gas":"0x186a0","gasPrice":"0x62d8fb5","maxPriorityFeePerGas":"0x1","maxFeePerGas":"0x62d8fb5","hash":"0x7ff52ad34eea4593d4b7fc13fc68cf31e6ad3520f764f30c24e77dd363722de5","input":"0x01","nonce":"0x79","to":"0x9dcd17433742f4c0ca53122ab541d0ba67fc27d3","transactionIndex":"0x2","type":"0x2","value":"0x0","yParity":"0x0","v":"0x0","r":"0xe10d6432c0c1920873441fe657cd8e968f50e63a845a72c72093319440397e10","s":"0x4c184f3625a5f9565b1dfa35d3da1a1eb31848bcc92ee6d4d368170edde10b96"}],"withdrawalsRoot":"0x56e81f171bcc55a6ff8345e692c0f86e5b48e01b996cadc001622fb5e363b421","withdrawals":[]}}
response differs from expected (-- client, ++ test):
{
  "id": 1,
  "jsonrpc": "2.0",
  "result": {
    -- "baseFeePerGas": "0x62d8fb4",
    ++ "capture_only": true,
    -- "difficulty": "0x0",
    -- "extraData": "0x",
    -- "gasLimit": "0xbebc200",
    -- "gasUsed": "0x17745",
    -- "hash": "0xced7868057d8d421c73d54e58e5c5d70313a1d71ea43910b3fd6cd95f25de17a",
    -- "logsBloom": "0x00000000000000000000000000000000000000000000000000000000800000000000000000000000000000000000000000000000000000000001000000000000000000000000000000004000000000000200000000000000000000000000002000000000000000020000000000000000000000000000000020000000000000000000000000000000000000000000000000000000000000000000000000000000000000000000009000000000000000000000000000000000000000000000000000000000000000000000000000000000000000000000000000000000000000000000000000000000000000000000000000000000000000000000000000000000",
    -- "miner": "0x0000000000000000000000000000000000000000",
    -- "mixHash": "0x0000000000000000000000000000000000000000000000000000000000000000",
    -- "nonce": "0x0000000000000000",
    -- "number": "0x35",
    -- "parentHash": "0xa9578be0967413b9adc40736fd4ec67d0529b890a81d62102db05e61d6de1897",
    -- "receiptsRoot": "0x7f83604897d9bcfd7b817d4538c7a3fe7b2030dc969bb956b9cb27d26bea0243",
    -- "sha3Uncles": "0x1dcc4de8dec75d7aab85b567b6ccd41ad312451b948a7413f0a142fd40d49347",
    -- "size": "0x3e5",
    -- "stateRoot": "0xe3473e8bdb8bca96c93ff10ceaf369e7bbb0c754c36791a9a93c07fab75c662b",
    -- "timestamp": "0x212",
    -- "transactions": [
      -- {
        -- "accessList": [
          -- {
            -- "address": "0x7dcd17433742f4c0ca53122ab541d0ba67fc27df",
            -- "storageKeys": [
              -- "0x0000000000000000000000000000000000000000000000000000000000000000",
              -- "0xefcb86facadbec33b8779888975eacca8f44a9073a845521617f1fb30e1ac818"
            -- ]
          -- }
        -- ],
        -- "blockHash": "0xced7868057d8d421c73d54e58e5c5d70313a1d71ea43910b3fd6cd95f25de17a",
        -- "blockNumber": "0x35",
        -- "blockTimestamp": "0x212",
        -- "chainId": "0xc72dd9d5e883e",
        -- "from": "0x7435ed30a8b4aeb0877cef0c6e8cffe834eb865f",
        -- "gas": "0x186a0",
        -- "gasPrice": "0x62d8fb5",
        -- "hash": "0xfa647a42263cadb4a65927e749d4383dd38d6fe8f5295102c4bdb9c35d968cc7",
        -- "input": "0xac2ee5432174b752656d6974",
        -- "nonce": "0x77",
        -- "r": "0xaca638793e2ce6ccbe803bc9238572f89406747d4b680f86d945fa3eeb7070ba",
        -- "s": "0x4cf217d0c06f4ac6f8bd6bf3b6892a43da1969eb1d60fa667a66392b40d17fc0",
        -- "to": "0x7dcd17433742f4c0ca53122ab541d0ba67fc27df",
        -- "transactionIndex": "0x0",
        -- "type": "0x1",
        -- "v": "0x0",
        -- "value": "0x2",
        -- "yParity": "0x0"
      -- },
      -- {
        -- "accessList": [],
        -- "blockHash": "0xced7868057d8d421c73d54e58e5c5d70313a1d71ea43910b3fd6cd95f25de17a",
        -- "blockNumber": "0x35",
        -- "blockTimestamp": "0x212",
        -- "chainId": "0xc72dd9d5e883e",
        -- "from": "0x7435ed30a8b4aeb0877cef0c6e8cffe834eb865f",
        -- "gas": "0x5208",
        -- "gasPrice": "0x62d8fb5",
        -- "hash": "0x37b18bad0533859eb3c0852c3f7ec1405f6e1f8ace1951ce2e5791bcb896aaea",
        -- "input": "0x",
        -- "nonce": "0x78",
        -- "r": "0x746455bab2f1b0641c63246d40feff1a31649cd076dcc2847824c615c897d978",
        -- "s": "0x4adc2322378493f72c00f1b765b1bef2feab333df5366a3d24763e739da20eaa",
        -- "to": "0x4dde844b71bcdf95512fb4dc94e84fb67b512ed8",
        -- "transactionIndex": "0x1",
        -- "type": "0x1",
        -- "v": "0x0",
        -- "value": "0x1",
        -- "yParity": "0x0"
      -- },
      -- {
        -- "accessList": [],
        -- "blockHash": "0xced7868057d8d421c73d54e58e5c5d70313a1d71ea43910b3fd6cd95f25de17a",
        -- "blockNumber": "0x35",
        -- "blockTimestamp": "0x212",
        -- "chainId": "0xc72dd9d5e883e",
        -- "from": "0x7435ed30a8b4aeb0877cef0c6e8cffe834eb865f",
        -- "gas": "0x186a0",
        -- "gasPrice": "0x62d8fb5",
        -- "hash": "0x7ff52ad34eea4593d4b7fc13fc68cf31e6ad3520f764f30c24e77dd363722de5",
        -- "input": "0x01",
        -- "maxFeePerGas": "0x62d8fb5",
        -- "maxPriorityFeePerGas": "0x1",
        -- "nonce": "0x79",
        -- "r": "0xe10d6432c0c1920873441fe657cd8e968f50e63a845a72c72093319440397e10",
        -- "s": "0x4c184f3625a5f9565b1dfa35d3da1a1eb31848bcc92ee6d4d368170edde10b96",
        -- "to": "0x9dcd17433742f4c0ca53122ab541d0ba67fc27d3",
        -- "transactionIndex": "0x2",
        -- "type": "0x2",
        -- "v": "0x0",
        -- "value": "0x0",
        -- "yParity": "0x0"
      -- }
    -- ],
    -- "transactionsRoot": "0x5332ce6da159c652fc2ff58dd7a2cfc0608419de1c6e2c16445d5b6181c0d789",
    -- "uncles": [],
    -- "withdrawals": [],
    -- "withdrawalsRoot": "0x56e81f171bcc55a6ff8345e692c0f86e5b48e01b996cadc001622fb5e363b421"
  }
}
>>  {"jsonrpc": "2.0", "id": 1, "method": "trace_filter", "params": [{"fromBlock": "0x33", "toBlock": "0x33", "toAddress": ["0x717f8aa2b982bee0e29f573d31df288663e1ce16"]}]}
<<  {"jsonrpc":"2.0","id":1,"result":[]}
response differs from expected (-- client, ++ test):
{
  "id": 1,
  "jsonrpc": "2.0",
  "result": -- [] ++ {}
}
>>  {"jsonrpc": "2.0", "id": 1, "method": "trace_filter", "params": [{"fromBlock": "0x34", "toBlock": "0x34", "toAddress": ["0x717f8aa2b982bee0e29f573d31df288663e1ce16"]}]}
<<  {"jsonrpc":"2.0","id":1,"result":[]}
response differs from expected (-- client, ++ test):
{
  "id": 1,
  "jsonrpc": "2.0",
  "result": -- [] ++ {}
}
>>  {"jsonrpc": "2.0", "id": 1, "method": "trace_filter", "params": [{"fromBlock": "0x35", "toBlock": "0x35", "toAddress": ["0x717f8aa2b982bee0e29f573d31df288663e1ce16"]}]}
<<  {"jsonrpc":"2.0","id":1,"result":[]}
response differs from expected (-- client, ++ test):
{
  "id": 1,
  "jsonrpc": "2.0",
  "result": -- [] ++ {}
}
sending engine_forkchoiceUpdatedV3: [map[finalizedBlockHash:0xc838e291267cb5ce27dd44cd30e91eade7d3d97ee9d19805453f8f0c18b297c8 headBlockHash:0xb3ba0330884cb90c46699588aab05619155565a21fecf9b9f9482693556f2316 safeBlockHash:0xb3ba0330884cb90c46699588aab05619155565a21fecf9b9f9482693556f2316] <nil>]
response: map[payloadId:<nil> payloadStatus:map[latestValidHash:0xb3ba0330884cb90c46699588aab05619155565a21fecf9b9f9482693556f2316 status:VALID validationError:<nil>]]
>>  {"jsonrpc": "2.0", "id": 1, "method": "eth_getBlockByNumber", "params": ["0x48", false]}
<<  {"jsonrpc":"2.0","id":1,"result":{"number":"0x48","hash":"0xb3ba0330884cb90c46699588aab05619155565a21fecf9b9f9482693556f2316","parentHash":"0x7964ce394f9773783863d05cf0826d125024c5f5dac03c07d5d7832c551a40de","nonce":"0x0000000000000000","mixHash":"0x0000000000000000000000000000000000000000000000000000000000000000","sha3Uncles":"0x1dcc4de8dec75d7aab85b567b6ccd41ad312451b948a7413f0a142fd40d49347","logsBloom":"0x00000000000000000000000000000000000000000000000000000000800000000000000000000000000000000000000000000000000000000000000000000000000000000000000000004000000000000200000002000000000000000000002000000000000000000000000000800000000000000000000000000000000000000000000000000000000100000000000000000000000000000000000000000000000000000000009000000000000000000000000000000000000000800000000000800000000000000000000000000000000000000000000000000000000000000000000000000000000000000000000000000000000000000000000000400000","stateRoot":"0x42da2e489b18e750a877106cd83e76fd16d4234d530e8290eda403582c50aac4","miner":"0x0000000000000000000000000000000000000000","difficulty":"0x0","extraData":"0x","gasLimit":"0xbebc200","gasUsed":"0x18d04","timestamp":"0x2d0","transactionsRoot":"0x4a0b6fa744634b80a04463acab0cad7eb4aa563337ed6f95ec3728d7ef745a99","receiptsRoot":"0x8242a788eddcd94326c2acb0a6cb547ca411104a65e3c6c5f751ce1c7f14cd15","baseFeePerGas":"0x7d97fd","withdrawalsRoot":"0xe0ab3dbb84deba21eca1dff9c98528bd2f6a427acd3d30f09ca504c7f0ef0a3b","blobGasUsed":"0x20000","excessBlobGas":"0x0","parentBeaconBlockRoot":"0x47c896f5986ec29f58ec60eec56ed176910779e9fc9cf45c3c090126aeb21acd","requestsHash":"0xe3b0c44298fc1c149afbf4c8996fb92427ae41e4649b934ca495991b7852b855","size":"0x400","transactions":["0x72af7d7b24f8bd52b53e2974eb4a8b3a97819211501eb3969bc7d6562016f49d","0x2bd941225e044995fd7890bf3183cc65edb04f1b92aa7191626d120ee543e41c"],"uncles":[],"withdrawals":[{"index":"0x6","validatorIndex":"0x5","address":"0x0c2c51a0990aee1d73c1228de158688341557508","amount":"0x64"}]}}
response differs from expected (-- client, ++ test):
{
  "id": 1,
  "jsonrpc": "2.0",
  "result": {
    -- "baseFeePerGas": "0x7d97fd",
    -- "blobGasUsed": "0x20000",
    ++ "capture_only": true,
    -- "difficulty": "0x0",
    -- "excessBlobGas": "0x0",
    -- "extraData": "0x",
    -- "gasLimit": "0xbebc200",
    -- "gasUsed": "0x18d04",
    -- "hash": "0xb3ba0330884cb90c46699588aab05619155565a21fecf9b9f9482693556f2316",
    -- "logsBloom": "0x00000000000000000000000000000000000000000000000000000000800000000000000000000000000000000000000000000000000000000000000000000000000000000000000000004000000000000200000002000000000000000000002000000000000000000000000000800000000000000000000000000000000000000000000000000000000100000000000000000000000000000000000000000000000000000000009000000000000000000000000000000000000000800000000000800000000000000000000000000000000000000000000000000000000000000000000000000000000000000000000000000000000000000000000000400000",
    -- "miner": "0x0000000000000000000000000000000000000000",
    -- "mixHash": "0x0000000000000000000000000000000000000000000000000000000000000000",
    -- "nonce": "0x0000000000000000",
    -- "number": "0x48",
    -- "parentBeaconBlockRoot": "0x47c896f5986ec29f58ec60eec56ed176910779e9fc9cf45c3c090126aeb21acd",
    -- "parentHash": "0x7964ce394f9773783863d05cf0826d125024c5f5dac03c07d5d7832c551a40de",
    -- "receiptsRoot": "0x8242a788eddcd94326c2acb0a6cb547ca411104a65e3c6c5f751ce1c7f14cd15",
    -- "requestsHash": "0xe3b0c44298fc1c149afbf4c8996fb92427ae41e4649b934ca495991b7852b855",
    -- "sha3Uncles": "0x1dcc4de8dec75d7aab85b567b6ccd41ad312451b948a7413f0a142fd40d49347",
    -- "size": "0x400",
    -- "stateRoot": "0x42da2e489b18e750a877106cd83e76fd16d4234d530e8290eda403582c50aac4",
    -- "timestamp": "0x2d0",
    -- "transactions": [
      -- "0x72af7d7b24f8bd52b53e2974eb4a8b3a97819211501eb3969bc7d6562016f49d",
      -- "0x2bd941225e044995fd7890bf3183cc65edb04f1b92aa7191626d120ee543e41c"
    -- ],
    -- "transactionsRoot": "0x4a0b6fa744634b80a04463acab0cad7eb4aa563337ed6f95ec3728d7ef745a99",
    -- "uncles": [],
    -- "withdrawals": [
      -- {
        -- "address": "0x0c2c51a0990aee1d73c1228de158688341557508",
        -- "amount": "0x64",
        -- "index": "0x6",
        -- "validatorIndex": "0x5"
      -- }
    -- ],
    -- "withdrawalsRoot": "0xe0ab3dbb84deba21eca1dff9c98528bd2f6a427acd3d30f09ca504c7f0ef0a3b"
  }
}
>>  {"jsonrpc": "2.0", "id": 1, "method": "eth_getBlockByNumber", "params": ["latest", false]}
<<  {"jsonrpc":"2.0","id":1,"result":{"number":"0x48","hash":"0xb3ba0330884cb90c46699588aab05619155565a21fecf9b9f9482693556f2316","parentHash":"0x7964ce394f9773783863d05cf0826d125024c5f5dac03c07d5d7832c551a40de","nonce":"0x0000000000000000","mixHash":"0x0000000000000000000000000000000000000000000000000000000000000000","sha3Uncles":"0x1dcc4de8dec75d7aab85b567b6ccd41ad312451b948a7413f0a142fd40d49347","logsBloom":"0x00000000000000000000000000000000000000000000000000000000800000000000000000000000000000000000000000000000000000000000000000000000000000000000000000004000000000000200000002000000000000000000002000000000000000000000000000800000000000000000000000000000000000000000000000000000000100000000000000000000000000000000000000000000000000000000009000000000000000000000000000000000000000800000000000800000000000000000000000000000000000000000000000000000000000000000000000000000000000000000000000000000000000000000000000400000","stateRoot":"0x42da2e489b18e750a877106cd83e76fd16d4234d530e8290eda403582c50aac4","miner":"0x0000000000000000000000000000000000000000","difficulty":"0x0","extraData":"0x","gasLimit":"0xbebc200","gasUsed":"0x18d04","timestamp":"0x2d0","transactionsRoot":"0x4a0b6fa744634b80a04463acab0cad7eb4aa563337ed6f95ec3728d7ef745a99","receiptsRoot":"0x8242a788eddcd94326c2acb0a6cb547ca411104a65e3c6c5f751ce1c7f14cd15","baseFeePerGas":"0x7d97fd","withdrawalsRoot":"0xe0ab3dbb84deba21eca1dff9c98528bd2f6a427acd3d30f09ca504c7f0ef0a3b","blobGasUsed":"0x20000","excessBlobGas":"0x0","parentBeaconBlockRoot":"0x47c896f5986ec29f58ec60eec56ed176910779e9fc9cf45c3c090126aeb21acd","requestsHash":"0xe3b0c44298fc1c149afbf4c8996fb92427ae41e4649b934ca495991b7852b855","size":"0x400","transactions":["0x72af7d7b24f8bd52b53e2974eb4a8b3a97819211501eb3969bc7d6562016f49d","0x2bd941225e044995fd7890bf3183cc65edb04f1b92aa7191626d120ee543e41c"],"uncles":[],"withdrawals":[{"index":"0x6","validatorIndex":"0x5","address":"0x0c2c51a0990aee1d73c1228de158688341557508","amount":"0x64"}]}}
response differs from expected (-- client, ++ test):
{
  "id": 1,
  "jsonrpc": "2.0",
  "result": {
    -- "baseFeePerGas": "0x7d97fd",
    -- "blobGasUsed": "0x20000",
    ++ "capture_only": true,
    -- "difficulty": "0x0",
    -- "excessBlobGas": "0x0",
    -- "extraData": "0x",
    -- "gasLimit": "0xbebc200",
    -- "gasUsed": "0x18d04",
    -- "hash": "0xb3ba0330884cb90c46699588aab05619155565a21fecf9b9f9482693556f2316",
    -- "logsBloom": "0x00000000000000000000000000000000000000000000000000000000800000000000000000000000000000000000000000000000000000000000000000000000000000000000000000004000000000000200000002000000000000000000002000000000000000000000000000800000000000000000000000000000000000000000000000000000000100000000000000000000000000000000000000000000000000000000009000000000000000000000000000000000000000800000000000800000000000000000000000000000000000000000000000000000000000000000000000000000000000000000000000000000000000000000000000400000",
    -- "miner": "0x0000000000000000000000000000000000000000",
    -- "mixHash": "0x0000000000000000000000000000000000000000000000000000000000000000",
    -- "nonce": "0x0000000000000000",
    -- "number": "0x48",
    -- "parentBeaconBlockRoot": "0x47c896f5986ec29f58ec60eec56ed176910779e9fc9cf45c3c090126aeb21acd",
    -- "parentHash": "0x7964ce394f9773783863d05cf0826d125024c5f5dac03c07d5d7832c551a40de",
    -- "receiptsRoot": "0x8242a788eddcd94326c2acb0a6cb547ca411104a65e3c6c5f751ce1c7f14cd15",
    -- "requestsHash": "0xe3b0c44298fc1c149afbf4c8996fb92427ae41e4649b934ca495991b7852b855",
    -- "sha3Uncles": "0x1dcc4de8dec75d7aab85b567b6ccd41ad312451b948a7413f0a142fd40d49347",
    -- "size": "0x400",
    -- "stateRoot": "0x42da2e489b18e750a877106cd83e76fd16d4234d530e8290eda403582c50aac4",
    -- "timestamp": "0x2d0",
    -- "transactions": [
      -- "0x72af7d7b24f8bd52b53e2974eb4a8b3a97819211501eb3969bc7d6562016f49d",
      -- "0x2bd941225e044995fd7890bf3183cc65edb04f1b92aa7191626d120ee543e41c"
    -- ],
    -- "transactionsRoot": "0x4a0b6fa744634b80a04463acab0cad7eb4aa563337ed6f95ec3728d7ef745a99",
    -- "uncles": [],
    -- "withdrawals": [
      -- {
        -- "address": "0x0c2c51a0990aee1d73c1228de158688341557508",
        -- "amount": "0x64",
        -- "index": "0x6",
        -- "validatorIndex": "0x5"
      -- }
    -- ],
    -- "withdrawalsRoot": "0xe0ab3dbb84deba21eca1dff9c98528bd2f6a427acd3d30f09ca504c7f0ef0a3b"
  }
}
>>  {"jsonrpc": "2.0", "id": 1, "method": "web3_clientVersion", "params": []}
<<  {"jsonrpc":"2.0","id":1,"result":"erigon/3.8.0/linux-amd64/go1.27.1"}
response differs from expected (-- client, ++ test):
{
  "id": 1,
  "jsonrpc": "2.0",
  "result": -- "erigon/3.8.0/linux-amd64/go1.27.1" ++ {}
}
>>  {"jsonrpc": "2.0", "id": 1, "method": "trace_call", "params": [{"from": "0x7435ed30a8b4aeb0877cef0c6e8cffe834eb865f", "to": "0x000F3df6D732807Ef1319fB7B8bB8522d0Beac02", "data": "0x0000000000000000000000000000000000000000000000000000000000000230", "gas": "0x927c0", "gasPrice": "0x77359400"}, ["trace"], "0x37"]}
<<  {"jsonrpc":"2.0","id":1,"result":{"output":"0x","stateDiff":null,"trace":[{"action":{"from":"0x7435ed30a8b4aeb0877cef0c6e8cffe834eb865f","callType":"call","gas":"0x8d520","input":"0x0000000000000000000000000000000000000000000000000000000000000230","to":"0x000f3df6d732807ef1319fb7b8bb8522d0beac02","value":"0x0"},"error":"Reverted","result":{"gasUsed":"0x89c","output":"0x"},"subtraces":0,"traceAddress":[],"type":"call"}],"vmTrace":null}}
response differs from expected (-- client, ++ test):
{
  "id": 1,
  "jsonrpc": "2.0",
  "result": {
    ++ "capture_only": true,
    -- "output": "0x",
    -- "stateDiff": null,
    -- "trace": [
      -- {
        -- "action": {
          -- "callType": "call",
          -- "from": "0x7435ed30a8b4aeb0877cef0c6e8cffe834eb865f",
          -- "gas": "0x8d520",
          -- "input": "0x0000000000000000000000000000000000000000000000000000000000000230",
          -- "to": "0x000f3df6d732807ef1319fb7b8bb8522d0beac02",
          -- "value": "0x0"
        -- },
        -- "error": "Reverted",
        -- "result": {
          -- "gasUsed": "0x89c",
          -- "output": "0x"
        -- },
        -- "subtraces": 0,
        -- "traceAddress": [],
        -- "type": "call"
      -- }
    -- ],
    -- "vmTrace": null
  }
}
>>  {"jsonrpc": "2.0", "id": 1, "method": "trace_call", "params": [{"from": "0x7435ed30a8b4aeb0877cef0c6e8cffe834eb865f", "to": "0x000F3df6D732807Ef1319fB7B8bB8522d0Beac02", "data": "0x0000000000000000000000000000000000000000000000000000000000000230", "gas": "0x927c0", "gasPrice": "0x77359400"}, ["trace"], "0x38"]}
<<  {"jsonrpc":"2.0","id":1,"result":{"output":"0x83472eda6eb475906aeeb7f09e757ba9f6663b9f6a5bf8611d6306f677f67ebd","stateDiff":null,"trace":[{"action":{"from":"0x7435ed30a8b4aeb0877cef0c6e8cffe834eb865f","callType":"call","gas":"0x8d520","input":"0x0000000000000000000000000000000000000000000000000000000000000230","to":"0x000f3df6d732807ef1319fb7b8bb8522d0beac02","value":"0x0"},"result":{"gasUsed":"0x10e0","output":"0x83472eda6eb475906aeeb7f09e757ba9f6663b9f6a5bf8611d6306f677f67ebd"},"subtraces":0,"traceAddress":[],"type":"call"}],"vmTrace":null}}
response differs from expected (-- client, ++ test):
{
  "id": 1,
  "jsonrpc": "2.0",
  "result": {
    ++ "capture_only": true,
    -- "output": "0x83472eda6eb475906aeeb7f09e757ba9f6663b9f6a5bf8611d6306f677f67ebd",
    -- "stateDiff": null,
    -- "trace": [
      -- {
        -- "action": {
          -- "callType": "call",
          -- "from": "0x7435ed30a8b4aeb0877cef0c6e8cffe834eb865f",
          -- "gas": "0x8d520",
          -- "input": "0x0000000000000000000000000000000000000000000000000000000000000230",
          -- "to": "0x000f3df6d732807ef1319fb7b8bb8522d0beac02",
          -- "value": "0x0"
        -- },
        -- "result": {
          -- "gasUsed": "0x10e0",
          -- "output": "0x83472eda6eb475906aeeb7f09e757ba9f6663b9f6a5bf8611d6306f677f67ebd"
        -- },
        -- "subtraces": 0,
        -- "traceAddress": [],
        -- "type": "call"
      -- }
    -- ],
    -- "vmTrace": null
  }
}
>>  {"jsonrpc": "2.0", "id": 1, "method": "eth_getBlockByNumber", "params": ["0x48", false]}
<<  {"jsonrpc":"2.0","id":1,"result":{"number":"0x48","hash":"0xb3ba0330884cb90c46699588aab05619155565a21fecf9b9f9482693556f2316","parentHash":"0x7964ce394f9773783863d05cf0826d125024c5f5dac03c07d5d7832c551a40de","nonce":"0x0000000000000000","mixHash":"0x0000000000000000000000000000000000000000000000000000000000000000","sha3Uncles":"0x1dcc4de8dec75d7aab85b567b6ccd41ad312451b948a7413f0a142fd40d49347","logsBloom":"0x00000000000000000000000000000000000000000000000000000000800000000000000000000000000000000000000000000000000000000000000000000000000000000000000000004000000000000200000002000000000000000000002000000000000000000000000000800000000000000000000000000000000000000000000000000000000100000000000000000000000000000000000000000000000000000000009000000000000000000000000000000000000000800000000000800000000000000000000000000000000000000000000000000000000000000000000000000000000000000000000000000000000000000000000000400000","stateRoot":"0x42da2e489b18e750a877106cd83e76fd16d4234d530e8290eda403582c50aac4","miner":"0x0000000000000000000000000000000000000000","difficulty":"0x0","extraData":"0x","gasLimit":"0xbebc200","gasUsed":"0x18d04","timestamp":"0x2d0","transactionsRoot":"0x4a0b6fa744634b80a04463acab0cad7eb4aa563337ed6f95ec3728d7ef745a99","receiptsRoot":"0x8242a788eddcd94326c2acb0a6cb547ca411104a65e3c6c5f751ce1c7f14cd15","baseFeePerGas":"0x7d97fd","withdrawalsRoot":"0xe0ab3dbb84deba21eca1dff9c98528bd2f6a427acd3d30f09ca504c7f0ef0a3b","blobGasUsed":"0x20000","excessBlobGas":"0x0","parentBeaconBlockRoot":"0x47c896f5986ec29f58ec60eec56ed176910779e9fc9cf45c3c090126aeb21acd","requestsHash":"0xe3b0c44298fc1c149afbf4c8996fb92427ae41e4649b934ca495991b7852b855","size":"0x400","transactions":["0x72af7d7b24f8bd52b53e2974eb4a8b3a97819211501eb3969bc7d6562016f49d","0x2bd941225e044995fd7890bf3183cc65edb04f1b92aa7191626d120ee543e41c"],"uncles":[],"withdrawals":[{"index":"0x6","validatorIndex":"0x5","address":"0x0c2c51a0990aee1d73c1228de158688341557508","amount":"0x64"}]}}
response differs from expected (-- client, ++ test):
{
  "id": 1,
  "jsonrpc": "2.0",
  "result": {
    -- "baseFeePerGas": "0x7d97fd",
    -- "blobGasUsed": "0x20000",
    ++ "capture_only": true,
    -- "difficulty": "0x0",
    -- "excessBlobGas": "0x0",
    -- "extraData": "0x",
    -- "gasLimit": "0xbebc200",
    -- "gasUsed": "0x18d04",
    -- "hash": "0xb3ba0330884cb90c46699588aab05619155565a21fecf9b9f9482693556f2316",
    -- "logsBloom": "0x00000000000000000000000000000000000000000000000000000000800000000000000000000000000000000000000000000000000000000000000000000000000000000000000000004000000000000200000002000000000000000000002000000000000000000000000000800000000000000000000000000000000000000000000000000000000100000000000000000000000000000000000000000000000000000000009000000000000000000000000000000000000000800000000000800000000000000000000000000000000000000000000000000000000000000000000000000000000000000000000000000000000000000000000000400000",
    -- "miner": "0x0000000000000000000000000000000000000000",
    -- "mixHash": "0x0000000000000000000000000000000000000000000000000000000000000000",
    -- "nonce": "0x0000000000000000",
    -- "number": "0x48",
    -- "parentBeaconBlockRoot": "0x47c896f5986ec29f58ec60eec56ed176910779e9fc9cf45c3c090126aeb21acd",
    -- "parentHash": "0x7964ce394f9773783863d05cf0826d125024c5f5dac03c07d5d7832c551a40de",
    -- "receiptsRoot": "0x8242a788eddcd94326c2acb0a6cb547ca411104a65e3c6c5f751ce1c7f14cd15",
    -- "requestsHash": "0xe3b0c44298fc1c149afbf4c8996fb92427ae41e4649b934ca495991b7852b855",
    -- "sha3Uncles": "0x1dcc4de8dec75d7aab85b567b6ccd41ad312451b948a7413f0a142fd40d49347",
    -- "size": "0x400",
    -- "stateRoot": "0x42da2e489b18e750a877106cd83e76fd16d4234d530e8290eda403582c50aac4",
    -- "timestamp": "0x2d0",
    -- "transactions": [
      -- "0x72af7d7b24f8bd52b53e2974eb4a8b3a97819211501eb3969bc7d6562016f49d",
      -- "0x2bd941225e044995fd7890bf3183cc65edb04f1b92aa7191626d120ee543e41c"
    -- ],
    -- "transactionsRoot": "0x4a0b6fa744634b80a04463acab0cad7eb4aa563337ed6f95ec3728d7ef745a99",
    -- "uncles": [],
    -- "withdrawals": [
      -- {
        -- "address": "0x0c2c51a0990aee1d73c1228de158688341557508",
        -- "amount": "0x64",
        -- "index": "0x6",
        -- "validatorIndex": "0x5"
      -- }
    -- ],
    -- "withdrawalsRoot": "0xe0ab3dbb84deba21eca1dff9c98528bd2f6a427acd3d30f09ca504c7f0ef0a3b"
  }
}
>>  {"jsonrpc": "2.0", "id": 1, "method": "trace_call", "params": [{"from": "0x7435ed30a8b4aeb0877cef0c6e8cffe834eb865f", "to": "0x0000000000000000000000000000000000001007", "gas": "0x927c0", "gasPrice": "0x77359400", "data": "0x"}, ["trace", "stateDiff", "vmTrace"], "0x37"]}
<<  {"jsonrpc":"2.0","id":1,"result":{"output":"0x","stateDiff":{"0x0000000000000000000000000000000000000000":{"balance":{"*":{"from":"0xc4f200cb8a8742bfd","to":"0xc4f206a5aa5411442"}},"code":"=","nonce":"=","storage":{}},"0x0000000000000000000000000000000000001007":{"balance":{"-":"0x64"},"code":{"-":"0x611008ff"},"nonce":{"-":"0x0"},"storage":{}},"0x0000000000000000000000000000000000001008":{"balance":{"+":"0x64"},"code":{"+":"0x"},"nonce":{"+":"0x0"},"storage":{}},"0x7435ed30a8b4aeb0877cef0c6e8cffe834eb865f":{"balance":"=","code":"=","nonce":{"*":{"from":"0x7f","to":"0x80"}},"storage":{}}},"trace":[{"action":{"from":"0x7435ed30a8b4aeb0877cef0c6e8cffe834eb865f","callType":"call","gas":"0x8d5b8","input":"0x","to":"0x0000000000000000000000000000000000001007","value":"0x0"},"result":{"gasUsed":"0x7f5b","output":"0x"},"subtraces":1,"traceAddress":[],"type":"call"},{"action":{"address":"0x0000000000000000000000000000000000001007","refundAddress":"0x0000000000000000000000000000000000001008","balance":"0x64"},"result":null,"subtraces":0,"traceAddress":[0],"type":"suicide"}],"vmTrace":{"code":"0x611008ff","ops":[{"cost":3,"ex":{"mem":null,"push":["0x1008"],"store":null,"used":578997},"pc":0,"sub":null,"op":"PUSH2","idx":"0"},{"cost":32600,"ex":{"mem":null,"push":[],"store":null,"used":546397},"pc":3,"sub":{"code":"0x","ops":[]},"op":"SELFDESTRUCT","idx":"1"}]}}}
response differs from expected (-- client, ++ test):
{
  "id": 1,
  "jsonrpc": "2.0",
  "result": {
    ++ "capture_only": true,
    -- "output": "0x",
    -- "stateDiff": {
      -- "0x0000000000000000000000000000000000000000": {
        -- "balance": {
          -- "*": {
            -- "from": "0xc4f200cb8a8742bfd",
            -- "to": "0xc4f206a5aa5411442"
          -- }
        -- },
        -- "code": "=",
        -- "nonce": "=",
        -- "storage": {}
      -- },
      -- "0x0000000000000000000000000000000000001007": {
        -- "balance": {
          -- "-": "0x64"
        -- },
        -- "code": {
          -- "-": "0x611008ff"
        -- },
        -- "nonce": {
          -- "-": "0x0"
        -- },
        -- "storage": {}
      -- },
      -- "0x0000000000000000000000000000000000001008": {
        -- "balance": {
          -- "+": "0x64"
        -- },
        -- "code": {
          -- "+": "0x"
        -- },
        -- "nonce": {
          -- "+": "0x0"
        -- },
        -- "storage": {}
      -- },
      -- "0x7435ed30a8b4aeb0877cef0c6e8cffe834eb865f": {
        -- "balance": "=",
        -- "code": "=",
        -- "nonce": {
          -- "*": {
            -- "from": "0x7f",
            -- "to": "0x80"
          -- }
        -- },
        -- "storage": {}
      -- }
    -- },
    -- "trace": [
      -- {
        -- "action": {
          -- "callType": "call",
          -- "from": "0x7435ed30a8b4aeb0877cef0c6e8cffe834eb865f",
          -- "gas": "0x8d5b8",
          -- "input": "0x",
          -- "to": "0x0000000000000000000000000000000000001007",
          -- "value": "0x0"
        -- },
        -- "result": {
          -- "gasUsed": "0x7f5b",
          -- "output": "0x"
        -- },
        -- "subtraces": 1,
        -- "traceAddress": [],
        -- "type": "call"
      -- },
      -- {
        -- "action": {
          -- "address": "0x0000000000000000000000000000000000001007",
          -- "balance": "0x64",
          -- "refundAddress": "0x0000000000000000000000000000000000001008"
        -- },
        -- "result": null,
        -- "subtraces": 0,
        -- "traceAddress": [
          -- 0
        -- ],
        -- "type": "suicide"
      -- }
    -- ],
    -- "vmTrace": {
      -- "code": "0x611008ff",
      -- "ops": [
        -- {
          -- "cost": 3,
          -- "ex": {
            -- "mem": null,
            -- "push": [
              -- "0x1008"
            -- ],
            -- "store": null,
            -- "used": 578997
          -- },
          -- "idx": "0",
          -- "op": "PUSH2",
          -- "pc": 0,
          -- "sub": null
        -- },
        -- {
          -- "cost": 32600,
          -- "ex": {
            -- "mem": null,
            -- "push": [],
            -- "store": null,
            -- "used": 546397
          -- },
          -- "idx": "1",
          -- "op": "SELFDESTRUCT",
          -- "pc": 3,
          -- "sub": {
            -- "code": "0x",
            -- "ops": []
          -- }
        -- }
      -- ]
    -- }
  }
}
>>  {"jsonrpc": "2.0", "id": 1, "method": "trace_call", "params": [{"from": "0x7435ed30a8b4aeb0877cef0c6e8cffe834eb865f", "to": "0x0000000000000000000000000000000000001007", "gas": "0x927c0", "gasPrice": "0x77359400", "data": "0x"}, ["trace", "stateDiff", "vmTrace"], "0x38"]}
<<  {"jsonrpc":"2.0","id":1,"result":{"output":"0x","stateDiff":{"0x0000000000000000000000000000000000000000":{"balance":{"*":{"from":"0xc4f200cb8a876839d","to":"0xc4f206ad66a2b0140"}},"code":"=","nonce":"=","storage":{}},"0x0000000000000000000000000000000000001007":{"balance":{"*":{"from":"0x64","to":"0x0"}},"code":"=","nonce":"=","storage":{}},"0x0000000000000000000000000000000000001008":{"balance":{"+":"0x64"},"code":{"+":"0x"},"nonce":{"+":"0x0"},"storage":{}},"0x7435ed30a8b4aeb0877cef0c6e8cffe834eb865f":{"balance":"=","code":"=","nonce":{"*":{"from":"0x82","to":"0x83"}},"storage":{}}},"trace":[{"action":{"from":"0x7435ed30a8b4aeb0877cef0c6e8cffe834eb865f","callType":"call","gas":"0x8d5b8","input":"0x","to":"0x0000000000000000000000000000000000001007","value":"0x0"},"result":{"gasUsed":"0x7f5b","output":"0x"},"subtraces":1,"traceAddress":[],"type":"call"},{"action":{"address":"0x0000000000000000000000000000000000001007","refundAddress":"0x0000000000000000000000000000000000001008","balance":"0x64"},"result":null,"subtraces":0,"traceAddress":[0],"type":"suicide"}],"vmTrace":{"code":"0x611008ff","ops":[{"cost":3,"ex":{"mem":null,"push":["0x1008"],"store":null,"used":578997},"pc":0,"sub":null,"op":"PUSH2","idx":"0"},{"cost":32600,"ex":{"mem":null,"push":[],"store":null,"used":546397},"pc":3,"sub":{"code":"0x","ops":[]},"op":"SELFDESTRUCT","idx":"1"}]}}}
response differs from expected (-- client, ++ test):
{
  "id": 1,
  "jsonrpc": "2.0",
  "result": {
    ++ "capture_only": true,
    -- "output": "0x",
    -- "stateDiff": {
      -- "0x0000000000000000000000000000000000000000": {
        -- "balance": {
          -- "*": {
            -- "from": "0xc4f200cb8a876839d",
            -- "to": "0xc4f206ad66a2b0140"
          -- }
        -- },
        -- "code": "=",
        -- "nonce": "=",
        -- "storage": {}
      -- },
      -- "0x0000000000000000000000000000000000001007": {
        -- "balance": {
          -- "*": {
            -- "from": "0x64",
            -- "to": "0x0"
          -- }
        -- },
        -- "code": "=",
        -- "nonce": "=",
        -- "storage": {}
      -- },
      -- "0x0000000000000000000000000000000000001008": {
        -- "balance": {
          -- "+": "0x64"
        -- },
        -- "code": {
          -- "+": "0x"
        -- },
        -- "nonce": {
          -- "+": "0x0"
        -- },
        -- "storage": {}
      -- },
      -- "0x7435ed30a8b4aeb0877cef0c6e8cffe834eb865f": {
        -- "balance": "=",
        -- "code": "=",
        -- "nonce": {
          -- "*": {
            -- "from": "0x82",
            -- "to": "0x83"
          -- }
        -- },
        -- "storage": {}
      -- }
    -- },
    -- "trace": [
      -- {
        -- "action": {
          -- "callType": "call",
          -- "from": "0x7435ed30a8b4aeb0877cef0c6e8cffe834eb865f",
          -- "gas": "0x8d5b8",
          -- "input": "0x",
          -- "to": "0x0000000000000000000000000000000000001007",
          -- "value": "0x0"
        -- },
        -- "result": {
          -- "gasUsed": "0x7f5b",
          -- "output": "0x"
        -- },
        -- "subtraces": 1,
        -- "traceAddress": [],
        -- "type": "call"
      -- },
      -- {
        -- "action": {
          -- "address": "0x0000000000000000000000000000000000001007",
          -- "balance": "0x64",
          -- "refundAddress": "0x0000000000000000000000000000000000001008"
        -- },
        -- "result": null,
        -- "subtraces": 0,
        -- "traceAddress": [
          -- 0
        -- ],
        -- "type": "suicide"
      -- }
    -- ],
    -- "vmTrace": {
      -- "code": "0x611008ff",
      -- "ops": [
        -- {
          -- "cost": 3,
          -- "ex": {
            -- "mem": null,
            -- "push": [
              -- "0x1008"
            -- ],
            -- "store": null,
            -- "used": 578997
          -- },
          -- "idx": "0",
          -- "op": "PUSH2",
          -- "pc": 0,
          -- "sub": null
        -- },
        -- {
          -- "cost": 32600,
          -- "ex": {
            -- "mem": null,
            -- "push": [],
            -- "store": null,
            -- "used": 546397
          -- },
          -- "idx": "1",
          -- "op": "SELFDESTRUCT",
          -- "pc": 3,
          -- "sub": {
            -- "code": "0x",
            -- "ops": []
          -- }
        -- }
      -- ]
    -- }
  }
}
>>  {"jsonrpc": "2.0", "id": 1, "method": "eth_getStorageAt", "params": ["0x000F3df6D732807Ef1319fB7B8bB8522d0Beac02", "0x230", "0x37"]}
<<  {"jsonrpc":"2.0","id":1,"result":"0x0000000000000000000000000000000000000000000000000000000000000000"}
response differs from expected (-- client, ++ test):
{
  "id": 1,
  "jsonrpc": "2.0",
  "result": -- "0x0000000000000000000000000000000000000000000000000000000000000000" ++ {}
}
>>  {"jsonrpc": "2.0", "id": 1, "method": "eth_getStorageAt", "params": ["0x000F3df6D732807Ef1319fB7B8bB8522d0Beac02", "0x222f", "0x37"]}
<<  {"jsonrpc":"2.0","id":1,"result":"0x0000000000000000000000000000000000000000000000000000000000000000"}
response differs from expected (-- client, ++ test):
{
  "id": 1,
  "jsonrpc": "2.0",
  "result": -- "0x0000000000000000000000000000000000000000000000000000000000000000" ++ {}
}
>>  {"jsonrpc": "2.0", "id": 1, "method": "eth_getStorageAt", "params": ["0x000F3df6D732807Ef1319fB7B8bB8522d0Beac02", "0x230", "0x38"]}
<<  {"jsonrpc":"2.0","id":1,"result":"0x0000000000000000000000000000000000000000000000000000000000000230"}
response differs from expected (-- client, ++ test):
{
  "id": 1,
  "jsonrpc": "2.0",
  "result": -- "0x0000000000000000000000000000000000000000000000000000000000000230" ++ {}
}
>>  {"jsonrpc": "2.0", "id": 1, "method": "eth_getStorageAt", "params": ["0x000F3df6D732807Ef1319fB7B8bB8522d0Beac02", "0x222f", "0x38"]}
<<  {"jsonrpc":"2.0","id":1,"result":"0x83472eda6eb475906aeeb7f09e757ba9f6663b9f6a5bf8611d6306f677f67ebd"}
response differs from expected (-- client, ++ test):
{
  "id": 1,
  "jsonrpc": "2.0",
  "result": -- "0x83472eda6eb475906aeeb7f09e757ba9f6663b9f6a5bf8611d6306f677f67ebd" ++ {}
}
>>  {"jsonrpc": "2.0", "id": 1, "method": "eth_getBalance", "params": ["0x717f8aa2b982bee0e29f573d31df288663e1ce16", "0x33"]}
<<  {"jsonrpc":"2.0","id":1,"result":"0xc097ce7bc90715b34b9f1000000006"}
response differs from expected (-- client, ++ test):
{
  "id": 1,
  "jsonrpc": "2.0",
  "result": -- "0xc097ce7bc90715b34b9f1000000006" ++ {}
}
>>  {"jsonrpc": "2.0", "id": 1, "method": "eth_getBalance", "params": ["0x717f8aa2b982bee0e29f573d31df288663e1ce16", "0x34"]}
<<  {"jsonrpc":"2.0","id":1,"result":"0xc097ce7bc90715b34b9f274876e806"}
response differs from expected (-- client, ++ test):
{
  "id": 1,
  "jsonrpc": "2.0",
  "result": -- "0xc097ce7bc90715b34b9f274876e806" ++ {}
}
>>  {"jsonrpc": "2.0", "id": 1, "method": "eth_getBalance", "params": ["0x717f8aa2b982bee0e29f573d31df288663e1ce16", "0x35"]}
<<  {"jsonrpc":"2.0","id":1,"result":"0xc097ce7bc90715b34b9f274876e806"}
response differs from expected (-- client, ++ test):
{
  "id": 1,
  "jsonrpc": "2.0",
  "result": -- "0xc097ce7bc90715b34b9f274876e806" ++ {}
}
>>  {"jsonrpc": "2.0", "id": 1, "method": "eth_getBlockByNumber", "params": ["0x33", true]}
<<  {"jsonrpc":"2.0","id":1,"result":{"number":"0x33","hash":"0x022037fe9ef69d04fd00706fcd5a9c80b1b791c6f9c3088469b6407a660c28b9","parentHash":"0x81f27dba10123293c218f7e559812921bb76397f6f7cc77d281db9e94ff4fe9b","nonce":"0x0000000000000000","mixHash":"0x0000000000000000000000000000000000000000000000000000000000000000","sha3Uncles":"0x1dcc4de8dec75d7aab85b567b6ccd41ad312451b948a7413f0a142fd40d49347","logsBloom":"0x00000000000000000000000000000000000000000000000000000000000000000000000200000000000010000000000000000000000000000000000001000000010000000000000000004000002000000200004200400000000000000000002000000000400400000000000000000000000000000000000000000000000080000000000000000100000000000000000000000000000000010000000000000000000000000000000000000000000200000000000000000000000000000000000000000000000000000000000000000000000000000000000000000000000000000004000000000000000000000000000000000000000000000000000000000000","stateRoot":"0x65aca059c8cbe1978e45591e3617d262f8d435fb832cefcf8234b0f8c72eb4e1","miner":"0x0000000000000000000000000000000000000000","difficulty":"0x0","extraData":"0x","gasLimit":"0xbebc200","gasUsed":"0x2fb12","timestamp":"0x1fe","transactionsRoot":"0x84a6970d2095aa92d6eafb42ab401e4e00e6e837ae670cb298628523c4eadbad","receiptsRoot":"0x67ab042bd973e8dedef30801a5589a00987c86c1ca17461677560545101482a8","baseFeePerGas":"0x810ed7c","size":"0x35c","transactions":[{"blockHash":"0x022037fe9ef69d04fd00706fcd5a9c80b1b791c6f9c3088469b6407a660c28b9","blockNumber":"0x33","blockTimestamp":"0x1fe","from":"0x7435ed30a8b4aeb0877cef0c6e8cffe834eb865f","gas":"0x5208","gasPrice":"0x810ed7d","hash":"0x87d8ef31d0d35ae040f2998b90fd61eeb04882b21f189c521bec5c3cefb416d2","input":"0x","nonce":"0x72","to":"0x7435ed30a8b4aeb0877cef0c6e8cffe834eb865f","transactionIndex":"0x0","value":"0x1","type":"0x1","accessList":[],"chainId":"0xc72dd9d5e883e","v":"0x0","yParity":"0x0","r":"0x56abc4bae751cb1703f3c3f1bcdddbf9f88c9c2f8c1416308ac46a5fdad1894e","s":"0x3e552a68655416e9efe4dfd749de3aa01d024267fd86b1dd3b01010463af483a"},{"blockHash":"0x022037fe9ef69d04fd00706fcd5a9c80b1b791c6f9c3088469b6407a660c28b9","blockNumber":"0x33","blockTimestamp":"0x1fe","from":"0x7435ed30a8b4aeb0877cef0c6e8cffe834eb865f","gas":"0x186a0","gasPrice":"0x810ed7d","maxPriorityFeePerGas":"0x1","maxFeePerGas":"0x810ed7d","hash":"0xa23373d1e4fa559fc33ffb791665855530831c83d0c241ef6b2d3f46a5f448f4","input":"0x01","nonce":"0x73","to":"0x9dcd17433742f4c0ca53122ab541d0ba67fc27d3","transactionIndex":"0x1","value":"0x0","type":"0x2","accessList":[],"chainId":"0xc72dd9d5e883e","v":"0x0","yParity":"0x0","r":"0x2eaa94ea47d0cb4d42657c5064e863547ef282553cfdbfe21aa8e8fe78320dc4","s":"0x346d37d97e2d83ce44afc3f6857fec86cc15787a05fa6c3a7aeff44627a51adb"},{"blockHash":"0x022037fe9ef69d04fd00706fcd5a9c80b1b791c6f9c3088469b6407a660c28b9","blockNumber":"0x33","blockTimestamp":"0x1fe","from":"0x7435ed30a8b4aeb0877cef0c6e8cffe834eb865f","gas":"0x927c0","gasPrice":"0x810ed7d","maxPriorityFeePerGas":"0x1","maxFeePerGas":"0x810ed7d","hash":"0x76430fba1b629206573ad53847b0bc7e9f80161b0e79750803715a8fb1bc5955","input":"0x","nonce":"0x74","to":"0x9dcd17433742f4c0ca53122ab541d0ba67fc27d0","transactionIndex":"0x2","value":"0x0","type":"0x2","accessList":[],"chainId":"0xc72dd9d5e883e","v":"0x0","yParity":"0x0","r":"0xce6616592e74c522311002aa3786bcd541b3c0a3d6e99cafb6437682bfbd4d70","s":"0x784011e65470a03e351bf9f2d13492d6f0d9f674ba291dfc5c6c16838639091a"}],"uncles":[]}}
response differs from expected (-- client, ++ test):
{
  "id": 1,
  "jsonrpc": "2.0",
  "result": {
    -- "baseFeePerGas": "0x810ed7c",
    ++ "capture_only": true,
    -- "difficulty": "0x0",
    -- "extraData": "0x",
    -- "gasLimit": "0xbebc200",
    -- "gasUsed": "0x2fb12",
    -- "hash": "0x022037fe9ef69d04fd00706fcd5a9c80b1b791c6f9c3088469b6407a660c28b9",
    -- "logsBloom": "0x00000000000000000000000000000000000000000000000000000000000000000000000200000000000010000000000000000000000000000000000001000000010000000000000000004000002000000200004200400000000000000000002000000000400400000000000000000000000000000000000000000000000080000000000000000100000000000000000000000000000000010000000000000000000000000000000000000000000200000000000000000000000000000000000000000000000000000000000000000000000000000000000000000000000000000004000000000000000000000000000000000000000000000000000000000000",
    -- "miner": "0x0000000000000000000000000000000000000000",
    -- "mixHash": "0x0000000000000000000000000000000000000000000000000000000000000000",
    -- "nonce": "0x0000000000000000",
    -- "number": "0x33",
    -- "parentHash": "0x81f27dba10123293c218f7e559812921bb76397f6f7cc77d281db9e94ff4fe9b",
    -- "receiptsRoot": "0x67ab042bd973e8dedef30801a5589a00987c86c1ca17461677560545101482a8",
    -- "sha3Uncles": "0x1dcc4de8dec75d7aab85b567b6ccd41ad312451b948a7413f0a142fd40d49347",
    -- "size": "0x35c",
    -- "stateRoot": "0x65aca059c8cbe1978e45591e3617d262f8d435fb832cefcf8234b0f8c72eb4e1",
    -- "timestamp": "0x1fe",
    -- "transactions": [
      -- {
        -- "accessList": [],
        -- "blockHash": "0x022037fe9ef69d04fd00706fcd5a9c80b1b791c6f9c3088469b6407a660c28b9",
        -- "blockNumber": "0x33",
        -- "blockTimestamp": "0x1fe",
        -- "chainId": "0xc72dd9d5e883e",
        -- "from": "0x7435ed30a8b4aeb0877cef0c6e8cffe834eb865f",
        -- "gas": "0x5208",
        -- "gasPrice": "0x810ed7d",
        -- "hash": "0x87d8ef31d0d35ae040f2998b90fd61eeb04882b21f189c521bec5c3cefb416d2",
        -- "input": "0x",
        -- "nonce": "0x72",
        -- "r": "0x56abc4bae751cb1703f3c3f1bcdddbf9f88c9c2f8c1416308ac46a5fdad1894e",
        -- "s": "0x3e552a68655416e9efe4dfd749de3aa01d024267fd86b1dd3b01010463af483a",
        -- "to": "0x7435ed30a8b4aeb0877cef0c6e8cffe834eb865f",
        -- "transactionIndex": "0x0",
        -- "type": "0x1",
        -- "v": "0x0",
        -- "value": "0x1",
        -- "yParity": "0x0"
      -- },
      -- {
        -- "accessList": [],
        -- "blockHash": "0x022037fe9ef69d04fd00706fcd5a9c80b1b791c6f9c3088469b6407a660c28b9",
        -- "blockNumber": "0x33",
        -- "blockTimestamp": "0x1fe",
        -- "chainId": "0xc72dd9d5e883e",
        -- "from": "0x7435ed30a8b4aeb0877cef0c6e8cffe834eb865f",
        -- "gas": "0x186a0",
        -- "gasPrice": "0x810ed7d",
        -- "hash": "0xa23373d1e4fa559fc33ffb791665855530831c83d0c241ef6b2d3f46a5f448f4",
        -- "input": "0x01",
        -- "maxFeePerGas": "0x810ed7d",
        -- "maxPriorityFeePerGas": "0x1",
        -- "nonce": "0x73",
        -- "r": "0x2eaa94ea47d0cb4d42657c5064e863547ef282553cfdbfe21aa8e8fe78320dc4",
        -- "s": "0x346d37d97e2d83ce44afc3f6857fec86cc15787a05fa6c3a7aeff44627a51adb",
        -- "to": "0x9dcd17433742f4c0ca53122ab541d0ba67fc27d3",
        -- "transactionIndex": "0x1",
        -- "type": "0x2",
        -- "v": "0x0",
        -- "value": "0x0",
        -- "yParity": "0x0"
      -- },
      -- {
        -- "accessList": [],
        -- "blockHash": "0x022037fe9ef69d04fd00706fcd5a9c80b1b791c6f9c3088469b6407a660c28b9",
        -- "blockNumber": "0x33",
        -- "blockTimestamp": "0x1fe",
        -- "chainId": "0xc72dd9d5e883e",
        -- "from": "0x7435ed30a8b4aeb0877cef0c6e8cffe834eb865f",
        -- "gas": "0x927c0",
        -- "gasPrice": "0x810ed7d",
        -- "hash": "0x76430fba1b629206573ad53847b0bc7e9f80161b0e79750803715a8fb1bc5955",
        -- "input": "0x",
        -- "maxFeePerGas": "0x810ed7d",
        -- "maxPriorityFeePerGas": "0x1",
        -- "nonce": "0x74",
        -- "r": "0xce6616592e74c522311002aa3786bcd541b3c0a3d6e99cafb6437682bfbd4d70",
        -- "s": "0x784011e65470a03e351bf9f2d13492d6f0d9f674ba291dfc5c6c16838639091a",
        -- "to": "0x9dcd17433742f4c0ca53122ab541d0ba67fc27d0",
        -- "transactionIndex": "0x2",
        -- "type": "0x2",
        -- "v": "0x0",
        -- "value": "0x0",
        -- "yParity": "0x0"
      -- }
    -- ],
    -- "transactionsRoot": "0x84a6970d2095aa92d6eafb42ab401e4e00e6e837ae670cb298628523c4eadbad",
    -- "uncles": []
  }
}
>>  {"jsonrpc": "2.0", "id": 1, "method": "eth_getBlockByNumber", "params": ["0x34", true]}
<<  {"jsonrpc":"2.0","id":1,"result":{"number":"0x34","hash":"0xa9578be0967413b9adc40736fd4ec67d0529b890a81d62102db05e61d6de1897","parentHash":"0x022037fe9ef69d04fd00706fcd5a9c80b1b791c6f9c3088469b6407a660c28b9","nonce":"0x0000000000000000","mixHash":"0x0000000000000000000000000000000000000000000000000000000000000000","sha3Uncles":"0x1dcc4de8dec75d7aab85b567b6ccd41ad312451b948a7413f0a142fd40d49347","logsBloom":"0x00000000000000000000000000000000000000000000000000000000800000000000000000000000000000000000000000000000000000000000000000000000000000000000000000004000000000001200000000000000000000000000002000000000000000000000000000000000000000000000000000000000000000000000000000000000000000000000000000000000000000000000000000000000000000000000009000000000000000000000000000000000000000000000000000000000000000000000000000000000000000000000000000000000000000000000000000004000000000000000000000000000000000000000000008000000","stateRoot":"0x3c7454b16a691794d881fa6565ab663b4cda39e69393fdd1ba067db336dbbb09","miner":"0x0000000000000000000000000000000000000000","difficulty":"0x0","extraData":"0x","gasLimit":"0xbebc200","gasUsed":"0x11470","timestamp":"0x208","transactionsRoot":"0xef011cbfe9ae50e7defe82a8382cc477d1c5f6d6cc41bf9245f201894b3d2923","receiptsRoot":"0xa2dd95687771e75f96f544680724c54dc5c59c26ac59c7a58edab2b0382b5469","baseFeePerGas":"0x70f50e2","withdrawalsRoot":"0x5e1016697b3b7f7c7ae99708e4482ca5cf920e5dfd971d9a970768f3c5fb6eb4","size":"0x324","transactions":[{"blockHash":"0xa9578be0967413b9adc40736fd4ec67d0529b890a81d62102db05e61d6de1897","blockNumber":"0x34","blockTimestamp":"0x208","from":"0x7435ed30a8b4aeb0877cef0c6e8cffe834eb865f","gas":"0x186a0","gasPrice":"0x70f50e3","hash":"0x63debd7bcab14a95198660dfe794ca12fd2a34b24f780dd7572c55f2a58735b3","input":"0x74bff204de43b4a2656d6974","nonce":"0x75","to":"0x7dcd17433742f4c0ca53122ab541d0ba67fc27df","transactionIndex":"0x0","value":"0x2","type":"0x0","chainId":"0xc72dd9d5e883e","v":"0x18e5bb3abd109f","r":"0xd1dfe7c72bc2bd884654cd8c7417009e50eecb519e9b8328c8cf2ba7b53c9c53","s":"0x175e1fee6e062cf562cd1c67517b5edf61a59802cc8d52665b2efd6fdcea7b90"},{"blockHash":"0xa9578be0967413b9adc40736fd4ec67d0529b890a81d62102db05e61d6de1897","blockNumber":"0x34","blockTimestamp":"0x208","from":"0x7435ed30a8b4aeb0877cef0c6e8cffe834eb865f","gas":"0x5208","gasPrice":"0x70f50e3","hash":"0xd7822fd23594d52bc98493786233edb857cbeee469a3148b5780e076a53985db","input":"0x","nonce":"0x76","to":"0x83c7e323d189f18725ac510004fdc2941f8c4a78","transactionIndex":"0x1","value":"0x1","type":"0x0","chainId":"0xc72dd9d5e883e","v":"0x18e5bb3abd109f","r":"0xdd21c5a0aff9b742778951b1d69281be5fac3eb4d93484339636bc8d74f12154","s":"0x70503b79d84767babed0941a8c43e94a7cc40e5dc69ba05fea56167a6c796075"}],"uncles":[],"withdrawals":[{"index":"0x0","validatorIndex":"0x5","address":"0x717f8aa2b982bee0e29f573d31df288663e1ce16","amount":"0x64"}]}}
response differs from expected (-- client, ++ test):
{
  "id": 1,
  "jsonrpc": "2.0",
  "result": {
    -- "baseFeePerGas": "0x70f50e2",
    ++ "capture_only": true,
    -- "difficulty": "0x0",
    -- "extraData": "0x",
    -- "gasLimit": "0xbebc200",
    -- "gasUsed": "0x11470",
    -- "hash": "0xa9578be0967413b9adc40736fd4ec67d0529b890a81d62102db05e61d6de1897",
    -- "logsBloom": "0x00000000000000000000000000000000000000000000000000000000800000000000000000000000000000000000000000000000000000000000000000000000000000000000000000004000000000001200000000000000000000000000002000000000000000000000000000000000000000000000000000000000000000000000000000000000000000000000000000000000000000000000000000000000000000000000009000000000000000000000000000000000000000000000000000000000000000000000000000000000000000000000000000000000000000000000000000004000000000000000000000000000000000000000000008000000",
    -- "miner": "0x0000000000000000000000000000000000000000",
    -- "mixHash": "0x0000000000000000000000000000000000000000000000000000000000000000",
    -- "nonce": "0x0000000000000000",
    -- "number": "0x34",
    -- "parentHash": "0x022037fe9ef69d04fd00706fcd5a9c80b1b791c6f9c3088469b6407a660c28b9",
    -- "receiptsRoot": "0xa2dd95687771e75f96f544680724c54dc5c59c26ac59c7a58edab2b0382b5469",
    -- "sha3Uncles": "0x1dcc4de8dec75d7aab85b567b6ccd41ad312451b948a7413f0a142fd40d49347",
    -- "size": "0x324",
    -- "stateRoot": "0x3c7454b16a691794d881fa6565ab663b4cda39e69393fdd1ba067db336dbbb09",
    -- "timestamp": "0x208",
    -- "transactions": [
      -- {
        -- "blockHash": "0xa9578be0967413b9adc40736fd4ec67d0529b890a81d62102db05e61d6de1897",
        -- "blockNumber": "0x34",
        -- "blockTimestamp": "0x208",
        -- "chainId": "0xc72dd9d5e883e",
        -- "from": "0x7435ed30a8b4aeb0877cef0c6e8cffe834eb865f",
        -- "gas": "0x186a0",
        -- "gasPrice": "0x70f50e3",
        -- "hash": "0x63debd7bcab14a95198660dfe794ca12fd2a34b24f780dd7572c55f2a58735b3",
        -- "input": "0x74bff204de43b4a2656d6974",
        -- "nonce": "0x75",
        -- "r": "0xd1dfe7c72bc2bd884654cd8c7417009e50eecb519e9b8328c8cf2ba7b53c9c53",
        -- "s": "0x175e1fee6e062cf562cd1c67517b5edf61a59802cc8d52665b2efd6fdcea7b90",
        -- "to": "0x7dcd17433742f4c0ca53122ab541d0ba67fc27df",
        -- "transactionIndex": "0x0",
        -- "type": "0x0",
        -- "v": "0x18e5bb3abd109f",
        -- "value": "0x2"
      -- },
      -- {
        -- "blockHash": "0xa9578be0967413b9adc40736fd4ec67d0529b890a81d62102db05e61d6de1897",
        -- "blockNumber": "0x34",
        -- "blockTimestamp": "0x208",
        -- "chainId": "0xc72dd9d5e883e",
        -- "from": "0x7435ed30a8b4aeb0877cef0c6e8cffe834eb865f",
        -- "gas": "0x5208",
        -- "gasPrice": "0x70f50e3",
        -- "hash": "0xd7822fd23594d52bc98493786233edb857cbeee469a3148b5780e076a53985db",
        -- "input": "0x",
        -- "nonce": "0x76",
        -- "r": "0xdd21c5a0aff9b742778951b1d69281be5fac3eb4d93484339636bc8d74f12154",
        -- "s": "0x70503b79d84767babed0941a8c43e94a7cc40e5dc69ba05fea56167a6c796075",
        -- "to": "0x83c7e323d189f18725ac510004fdc2941f8c4a78",
        -- "transactionIndex": "0x1",
        -- "type": "0x0",
        -- "v": "0x18e5bb3abd109f",
        -- "value": "0x1"
      -- }
    -- ],
    -- "transactionsRoot": "0xef011cbfe9ae50e7defe82a8382cc477d1c5f6d6cc41bf9245f201894b3d2923",
    -- "uncles": [],
    -- "withdrawals": [
      -- {
        -- "address": "0x717f8aa2b982bee0e29f573d31df288663e1ce16",
        -- "amount": "0x64",
        -- "index": "0x0",
        -- "validatorIndex": "0x5"
      -- }
    -- ],
    -- "withdrawalsRoot": "0x5e1016697b3b7f7c7ae99708e4482ca5cf920e5dfd971d9a970768f3c5fb6eb4"
  }
}
>>  {"jsonrpc": "2.0", "id": 1, "method": "eth_getBlockByNumber", "params": ["0x35", true]}
<<  {"jsonrpc":"2.0","id":1,"result":{"number":"0x35","hash":"0xced7868057d8d421c73d54e58e5c5d70313a1d71ea43910b3fd6cd95f25de17a","parentHash":"0xa9578be0967413b9adc40736fd4ec67d0529b890a81d62102db05e61d6de1897","nonce":"0x0000000000000000","mixHash":"0x0000000000000000000000000000000000000000000000000000000000000000","sha3Uncles":"0x1dcc4de8dec75d7aab85b567b6ccd41ad312451b948a7413f0a142fd40d49347","logsBloom":"0x00000000000000000000000000000000000000000000000000000000800000000000000000000000000000000000000000000000000000000001000000000000000000000000000000004000000000000200000000000000000000000000002000000000000000020000000000000000000000000000000020000000000000000000000000000000000000000000000000000000000000000000000000000000000000000000009000000000000000000000000000000000000000000000000000000000000000000000000000000000000000000000000000000000000000000000000000000000000000000000000000000000000000000000000000000000","stateRoot":"0xe3473e8bdb8bca96c93ff10ceaf369e7bbb0c754c36791a9a93c07fab75c662b","miner":"0x0000000000000000000000000000000000000000","difficulty":"0x0","extraData":"0x","gasLimit":"0xbebc200","gasUsed":"0x17745","timestamp":"0x212","transactionsRoot":"0x5332ce6da159c652fc2ff58dd7a2cfc0608419de1c6e2c16445d5b6181c0d789","receiptsRoot":"0x7f83604897d9bcfd7b817d4538c7a3fe7b2030dc969bb956b9cb27d26bea0243","baseFeePerGas":"0x62d8fb4","withdrawalsRoot":"0x56e81f171bcc55a6ff8345e692c0f86e5b48e01b996cadc001622fb5e363b421","size":"0x3e5","transactions":[{"blockHash":"0xced7868057d8d421c73d54e58e5c5d70313a1d71ea43910b3fd6cd95f25de17a","blockNumber":"0x35","blockTimestamp":"0x212","from":"0x7435ed30a8b4aeb0877cef0c6e8cffe834eb865f","gas":"0x186a0","gasPrice":"0x62d8fb5","hash":"0xfa647a42263cadb4a65927e749d4383dd38d6fe8f5295102c4bdb9c35d968cc7","input":"0xac2ee5432174b752656d6974","nonce":"0x77","to":"0x7dcd17433742f4c0ca53122ab541d0ba67fc27df","transactionIndex":"0x0","value":"0x2","type":"0x1","accessList":[{"address":"0x7dcd17433742f4c0ca53122ab541d0ba67fc27df","storageKeys":["0x0000000000000000000000000000000000000000000000000000000000000000","0xefcb86facadbec33b8779888975eacca8f44a9073a845521617f1fb30e1ac818"]}],"chainId":"0xc72dd9d5e883e","v":"0x0","yParity":"0x0","r":"0xaca638793e2ce6ccbe803bc9238572f89406747d4b680f86d945fa3eeb7070ba","s":"0x4cf217d0c06f4ac6f8bd6bf3b6892a43da1969eb1d60fa667a66392b40d17fc0"},{"blockHash":"0xced7868057d8d421c73d54e58e5c5d70313a1d71ea43910b3fd6cd95f25de17a","blockNumber":"0x35","blockTimestamp":"0x212","from":"0x7435ed30a8b4aeb0877cef0c6e8cffe834eb865f","gas":"0x5208","gasPrice":"0x62d8fb5","hash":"0x37b18bad0533859eb3c0852c3f7ec1405f6e1f8ace1951ce2e5791bcb896aaea","input":"0x","nonce":"0x78","to":"0x4dde844b71bcdf95512fb4dc94e84fb67b512ed8","transactionIndex":"0x1","value":"0x1","type":"0x1","accessList":[],"chainId":"0xc72dd9d5e883e","v":"0x0","yParity":"0x0","r":"0x746455bab2f1b0641c63246d40feff1a31649cd076dcc2847824c615c897d978","s":"0x4adc2322378493f72c00f1b765b1bef2feab333df5366a3d24763e739da20eaa"},{"blockHash":"0xced7868057d8d421c73d54e58e5c5d70313a1d71ea43910b3fd6cd95f25de17a","blockNumber":"0x35","blockTimestamp":"0x212","from":"0x7435ed30a8b4aeb0877cef0c6e8cffe834eb865f","gas":"0x186a0","gasPrice":"0x62d8fb5","maxPriorityFeePerGas":"0x1","maxFeePerGas":"0x62d8fb5","hash":"0x7ff52ad34eea4593d4b7fc13fc68cf31e6ad3520f764f30c24e77dd363722de5","input":"0x01","nonce":"0x79","to":"0x9dcd17433742f4c0ca53122ab541d0ba67fc27d3","transactionIndex":"0x2","value":"0x0","type":"0x2","accessList":[],"chainId":"0xc72dd9d5e883e","v":"0x0","yParity":"0x0","r":"0xe10d6432c0c1920873441fe657cd8e968f50e63a845a72c72093319440397e10","s":"0x4c184f3625a5f9565b1dfa35d3da1a1eb31848bcc92ee6d4d368170edde10b96"}],"uncles":[],"withdrawals":[]}}
response differs from expected (-- client, ++ test):
{
  "id": 1,
  "jsonrpc": "2.0",
  "result": {
    -- "baseFeePerGas": "0x62d8fb4",
    ++ "capture_only": true,
    -- "difficulty": "0x0",
    -- "extraData": "0x",
    -- "gasLimit": "0xbebc200",
    -- "gasUsed": "0x17745",
    -- "hash": "0xced7868057d8d421c73d54e58e5c5d70313a1d71ea43910b3fd6cd95f25de17a",
    -- "logsBloom": "0x00000000000000000000000000000000000000000000000000000000800000000000000000000000000000000000000000000000000000000001000000000000000000000000000000004000000000000200000000000000000000000000002000000000000000020000000000000000000000000000000020000000000000000000000000000000000000000000000000000000000000000000000000000000000000000000009000000000000000000000000000000000000000000000000000000000000000000000000000000000000000000000000000000000000000000000000000000000000000000000000000000000000000000000000000000000",
    -- "miner": "0x0000000000000000000000000000000000000000",
    -- "mixHash": "0x0000000000000000000000000000000000000000000000000000000000000000",
    -- "nonce": "0x0000000000000000",
    -- "number": "0x35",
    -- "parentHash": "0xa9578be0967413b9adc40736fd4ec67d0529b890a81d62102db05e61d6de1897",
    -- "receiptsRoot": "0x7f83604897d9bcfd7b817d4538c7a3fe7b2030dc969bb956b9cb27d26bea0243",
    -- "sha3Uncles": "0x1dcc4de8dec75d7aab85b567b6ccd41ad312451b948a7413f0a142fd40d49347",
    -- "size": "0x3e5",
    -- "stateRoot": "0xe3473e8bdb8bca96c93ff10ceaf369e7bbb0c754c36791a9a93c07fab75c662b",
    -- "timestamp": "0x212",
    -- "transactions": [
      -- {
        -- "accessList": [
          -- {
            -- "address": "0x7dcd17433742f4c0ca53122ab541d0ba67fc27df",
            -- "storageKeys": [
              -- "0x0000000000000000000000000000000000000000000000000000000000000000",
              -- "0xefcb86facadbec33b8779888975eacca8f44a9073a845521617f1fb30e1ac818"
            -- ]
          -- }
        -- ],
        -- "blockHash": "0xced7868057d8d421c73d54e58e5c5d70313a1d71ea43910b3fd6cd95f25de17a",
        -- "blockNumber": "0x35",
        -- "blockTimestamp": "0x212",
        -- "chainId": "0xc72dd9d5e883e",
        -- "from": "0x7435ed30a8b4aeb0877cef0c6e8cffe834eb865f",
        -- "gas": "0x186a0",
        -- "gasPrice": "0x62d8fb5",
        -- "hash": "0xfa647a42263cadb4a65927e749d4383dd38d6fe8f5295102c4bdb9c35d968cc7",
        -- "input": "0xac2ee5432174b752656d6974",
        -- "nonce": "0x77",
        -- "r": "0xaca638793e2ce6ccbe803bc9238572f89406747d4b680f86d945fa3eeb7070ba",
        -- "s": "0x4cf217d0c06f4ac6f8bd6bf3b6892a43da1969eb1d60fa667a66392b40d17fc0",
        -- "to": "0x7dcd17433742f4c0ca53122ab541d0ba67fc27df",
        -- "transactionIndex": "0x0",
        -- "type": "0x1",
        -- "v": "0x0",
        -- "value": "0x2",
        -- "yParity": "0x0"
      -- },
      -- {
        -- "accessList": [],
        -- "blockHash": "0xced7868057d8d421c73d54e58e5c5d70313a1d71ea43910b3fd6cd95f25de17a",
        -- "blockNumber": "0x35",
        -- "blockTimestamp": "0x212",
        -- "chainId": "0xc72dd9d5e883e",
        -- "from": "0x7435ed30a8b4aeb0877cef0c6e8cffe834eb865f",
        -- "gas": "0x5208",
        -- "gasPrice": "0x62d8fb5",
        -- "hash": "0x37b18bad0533859eb3c0852c3f7ec1405f6e1f8ace1951ce2e5791bcb896aaea",
        -- "input": "0x",
        -- "nonce": "0x78",
        -- "r": "0x746455bab2f1b0641c63246d40feff1a31649cd076dcc2847824c615c897d978",
        -- "s": "0x4adc2322378493f72c00f1b765b1bef2feab333df5366a3d24763e739da20eaa",
        -- "to": "0x4dde844b71bcdf95512fb4dc94e84fb67b512ed8",
        -- "transactionIndex": "0x1",
        -- "type": "0x1",
        -- "v": "0x0",
        -- "value": "0x1",
        -- "yParity": "0x0"
      -- },
      -- {
        -- "accessList": [],
        -- "blockHash": "0xced7868057d8d421c73d54e58e5c5d70313a1d71ea43910b3fd6cd95f25de17a",
        -- "blockNumber": "0x35",
        -- "blockTimestamp": "0x212",
        -- "chainId": "0xc72dd9d5e883e",
        -- "from": "0x7435ed30a8b4aeb0877cef0c6e8cffe834eb865f",
        -- "gas": "0x186a0",
        -- "gasPrice": "0x62d8fb5",
        -- "hash": "0x7ff52ad34eea4593d4b7fc13fc68cf31e6ad3520f764f30c24e77dd363722de5",
        -- "input": "0x01",
        -- "maxFeePerGas": "0x62d8fb5",
        -- "maxPriorityFeePerGas": "0x1",
        -- "nonce": "0x79",
        -- "r": "0xe10d6432c0c1920873441fe657cd8e968f50e63a845a72c72093319440397e10",
        -- "s": "0x4c184f3625a5f9565b1dfa35d3da1a1eb31848bcc92ee6d4d368170edde10b96",
        -- "to": "0x9dcd17433742f4c0ca53122ab541d0ba67fc27d3",
        -- "transactionIndex": "0x2",
        -- "type": "0x2",
        -- "v": "0x0",
        -- "value": "0x0",
        -- "yParity": "0x0"
      -- }
    -- ],
    -- "transactionsRoot": "0x5332ce6da159c652fc2ff58dd7a2cfc0608419de1c6e2c16445d5b6181c0d789",
    -- "uncles": [],
    -- "withdrawals": [],
    -- "withdrawalsRoot": "0x56e81f171bcc55a6ff8345e692c0f86e5b48e01b996cadc001622fb5e363b421"
  }
}
>>  {"jsonrpc": "2.0", "id": 1, "method": "trace_filter", "params": [{"fromBlock": "0x33", "toBlock": "0x33", "toAddress": ["0x717f8aa2b982bee0e29f573d31df288663e1ce16"]}]}
<<  {"jsonrpc":"2.0","id":1,"result":[]}
response differs from expected (-- client, ++ test):
{
  "id": 1,
  "jsonrpc": "2.0",
  "result": -- [] ++ {}
}
>>  {"jsonrpc": "2.0", "id": 1, "method": "trace_filter", "params": [{"fromBlock": "0x34", "toBlock": "0x34", "toAddress": ["0x717f8aa2b982bee0e29f573d31df288663e1ce16"]}]}
<<  {"jsonrpc":"2.0","id":1,"result":[]}
response differs from expected (-- client, ++ test):
{
  "id": 1,
  "jsonrpc": "2.0",
  "result": -- [] ++ {}
}
>>  {"jsonrpc": "2.0", "id": 1, "method": "trace_filter", "params": [{"fromBlock": "0x35", "toBlock": "0x35", "toAddress": ["0x717f8aa2b982bee0e29f573d31df288663e1ce16"]}]}
<<  {"jsonrpc":"2.0","id":1,"result":[]}
response differs from expected (-- client, ++ test):
{
  "id": 1,
  "jsonrpc": "2.0",
  "result": -- [] ++ {}
}
sending engine_forkchoiceUpdatedV3: [map[finalizedBlockHash:0xc838e291267cb5ce27dd44cd30e91eade7d3d97ee9d19805453f8f0c18b297c8 headBlockHash:0xb3ba0330884cb90c46699588aab05619155565a21fecf9b9f9482693556f2316 safeBlockHash:0xb3ba0330884cb90c46699588aab05619155565a21fecf9b9f9482693556f2316] <nil>]
response: map[payloadId:<nil> payloadStatus:map[latestValidHash:0xb3ba0330884cb90c46699588aab05619155565a21fecf9b9f9482693556f2316 status:VALID validationError:<nil>]]
>>  {"jsonrpc": "2.0", "id": 1, "method": "eth_getBlockByNumber", "params": ["0x48", false]}
<<  {"jsonrpc":"2.0","id":1,"result":{"baseFeePerGas":"0x7d97fd","blobGasUsed":"0x20000","difficulty":"0x0","excessBlobGas":"0x0","extraData":"0x","gasLimit":"0xbebc200","gasUsed":"0x18d04","hash":"0xb3ba0330884cb90c46699588aab05619155565a21fecf9b9f9482693556f2316","logsBloom":"0x00000000000000000000000000000000000000000000000000000000800000000000000000000000000000000000000000000000000000000000000000000000000000000000000000004000000000000200000002000000000000000000002000000000000000000000000000800000000000000000000000000000000000000000000000000000000100000000000000000000000000000000000000000000000000000000009000000000000000000000000000000000000000800000000000800000000000000000000000000000000000000000000000000000000000000000000000000000000000000000000000000000000000000000000000400000","miner":"0x0000000000000000000000000000000000000000","mixHash":"0x0000000000000000000000000000000000000000000000000000000000000000","nonce":"0x0000000000000000","number":"0x48","parentBeaconBlockRoot":"0x47c896f5986ec29f58ec60eec56ed176910779e9fc9cf45c3c090126aeb21acd","parentHash":"0x7964ce394f9773783863d05cf0826d125024c5f5dac03c07d5d7832c551a40de","receiptsRoot":"0x8242a788eddcd94326c2acb0a6cb547ca411104a65e3c6c5f751ce1c7f14cd15","requestsHash":"0xe3b0c44298fc1c149afbf4c8996fb92427ae41e4649b934ca495991b7852b855","sha3Uncles":"0x1dcc4de8dec75d7aab85b567b6ccd41ad312451b948a7413f0a142fd40d49347","size":"0x400","stateRoot":"0x42da2e489b18e750a877106cd83e76fd16d4234d530e8290eda403582c50aac4","timestamp":"0x2d0","transactions":["0x72af7d7b24f8bd52b53e2974eb4a8b3a97819211501eb3969bc7d6562016f49d","0x2bd941225e044995fd7890bf3183cc65edb04f1b92aa7191626d120ee543e41c"],"transactionsRoot":"0x4a0b6fa744634b80a04463acab0cad7eb4aa563337ed6f95ec3728d7ef745a99","uncles":[],"withdrawals":[{"index":"0x6","validatorIndex":"0x5","address":"0x0c2c51a0990aee1d73c1228de158688341557508","amount":"0x64"}],"withdrawalsRoot":"0xe0ab3dbb84deba21eca1dff9c98528bd2f6a427acd3d30f09ca504c7f0ef0a3b"}}
response differs from expected (-- client, ++ test):
{
  "id": 1,
  "jsonrpc": "2.0",
  "result": {
    -- "baseFeePerGas": "0x7d97fd",
    -- "blobGasUsed": "0x20000",
    ++ "capture_only": true,
    -- "difficulty": "0x0",
    -- "excessBlobGas": "0x0",
    -- "extraData": "0x",
    -- "gasLimit": "0xbebc200",
    -- "gasUsed": "0x18d04",
    -- "hash": "0xb3ba0330884cb90c46699588aab05619155565a21fecf9b9f9482693556f2316",
    -- "logsBloom": "0x00000000000000000000000000000000000000000000000000000000800000000000000000000000000000000000000000000000000000000000000000000000000000000000000000004000000000000200000002000000000000000000002000000000000000000000000000800000000000000000000000000000000000000000000000000000000100000000000000000000000000000000000000000000000000000000009000000000000000000000000000000000000000800000000000800000000000000000000000000000000000000000000000000000000000000000000000000000000000000000000000000000000000000000000000400000",
    -- "miner": "0x0000000000000000000000000000000000000000",
    -- "mixHash": "0x0000000000000000000000000000000000000000000000000000000000000000",
    -- "nonce": "0x0000000000000000",
    -- "number": "0x48",
    -- "parentBeaconBlockRoot": "0x47c896f5986ec29f58ec60eec56ed176910779e9fc9cf45c3c090126aeb21acd",
    -- "parentHash": "0x7964ce394f9773783863d05cf0826d125024c5f5dac03c07d5d7832c551a40de",
    -- "receiptsRoot": "0x8242a788eddcd94326c2acb0a6cb547ca411104a65e3c6c5f751ce1c7f14cd15",
    -- "requestsHash": "0xe3b0c44298fc1c149afbf4c8996fb92427ae41e4649b934ca495991b7852b855",
    -- "sha3Uncles": "0x1dcc4de8dec75d7aab85b567b6ccd41ad312451b948a7413f0a142fd40d49347",
    -- "size": "0x400",
    -- "stateRoot": "0x42da2e489b18e750a877106cd83e76fd16d4234d530e8290eda403582c50aac4",
    -- "timestamp": "0x2d0",
    -- "transactions": [
      -- "0x72af7d7b24f8bd52b53e2974eb4a8b3a97819211501eb3969bc7d6562016f49d",
      -- "0x2bd941225e044995fd7890bf3183cc65edb04f1b92aa7191626d120ee543e41c"
    -- ],
    -- "transactionsRoot": "0x4a0b6fa744634b80a04463acab0cad7eb4aa563337ed6f95ec3728d7ef745a99",
    -- "uncles": [],
    -- "withdrawals": [
      -- {
        -- "address": "0x0c2c51a0990aee1d73c1228de158688341557508",
        -- "amount": "0x64",
        -- "index": "0x6",
        -- "validatorIndex": "0x5"
      -- }
    -- ],
    -- "withdrawalsRoot": "0xe0ab3dbb84deba21eca1dff9c98528bd2f6a427acd3d30f09ca504c7f0ef0a3b"
  }
}
>>  {"jsonrpc": "2.0", "id": 1, "method": "eth_getBlockByNumber", "params": ["latest", false]}
<<  {"jsonrpc":"2.0","id":1,"result":{"baseFeePerGas":"0x7d97fd","blobGasUsed":"0x20000","difficulty":"0x0","excessBlobGas":"0x0","extraData":"0x","gasLimit":"0xbebc200","gasUsed":"0x18d04","hash":"0xb3ba0330884cb90c46699588aab05619155565a21fecf9b9f9482693556f2316","logsBloom":"0x00000000000000000000000000000000000000000000000000000000800000000000000000000000000000000000000000000000000000000000000000000000000000000000000000004000000000000200000002000000000000000000002000000000000000000000000000800000000000000000000000000000000000000000000000000000000100000000000000000000000000000000000000000000000000000000009000000000000000000000000000000000000000800000000000800000000000000000000000000000000000000000000000000000000000000000000000000000000000000000000000000000000000000000000000400000","miner":"0x0000000000000000000000000000000000000000","mixHash":"0x0000000000000000000000000000000000000000000000000000000000000000","nonce":"0x0000000000000000","number":"0x48","parentBeaconBlockRoot":"0x47c896f5986ec29f58ec60eec56ed176910779e9fc9cf45c3c090126aeb21acd","parentHash":"0x7964ce394f9773783863d05cf0826d125024c5f5dac03c07d5d7832c551a40de","receiptsRoot":"0x8242a788eddcd94326c2acb0a6cb547ca411104a65e3c6c5f751ce1c7f14cd15","requestsHash":"0xe3b0c44298fc1c149afbf4c8996fb92427ae41e4649b934ca495991b7852b855","sha3Uncles":"0x1dcc4de8dec75d7aab85b567b6ccd41ad312451b948a7413f0a142fd40d49347","size":"0x400","stateRoot":"0x42da2e489b18e750a877106cd83e76fd16d4234d530e8290eda403582c50aac4","timestamp":"0x2d0","transactions":["0x72af7d7b24f8bd52b53e2974eb4a8b3a97819211501eb3969bc7d6562016f49d","0x2bd941225e044995fd7890bf3183cc65edb04f1b92aa7191626d120ee543e41c"],"transactionsRoot":"0x4a0b6fa744634b80a04463acab0cad7eb4aa563337ed6f95ec3728d7ef745a99","uncles":[],"withdrawals":[{"index":"0x6","validatorIndex":"0x5","address":"0x0c2c51a0990aee1d73c1228de158688341557508","amount":"0x64"}],"withdrawalsRoot":"0xe0ab3dbb84deba21eca1dff9c98528bd2f6a427acd3d30f09ca504c7f0ef0a3b"}}
response differs from expected (-- client, ++ test):
{
  "id": 1,
  "jsonrpc": "2.0",
  "result": {
    -- "baseFeePerGas": "0x7d97fd",
    -- "blobGasUsed": "0x20000",
    ++ "capture_only": true,
    -- "difficulty": "0x0",
    -- "excessBlobGas": "0x0",
    -- "extraData": "0x",
    -- "gasLimit": "0xbebc200",
    -- "gasUsed": "0x18d04",
    -- "hash": "0xb3ba0330884cb90c46699588aab05619155565a21fecf9b9f9482693556f2316",
    -- "logsBloom": "0x00000000000000000000000000000000000000000000000000000000800000000000000000000000000000000000000000000000000000000000000000000000000000000000000000004000000000000200000002000000000000000000002000000000000000000000000000800000000000000000000000000000000000000000000000000000000100000000000000000000000000000000000000000000000000000000009000000000000000000000000000000000000000800000000000800000000000000000000000000000000000000000000000000000000000000000000000000000000000000000000000000000000000000000000000400000",
    -- "miner": "0x0000000000000000000000000000000000000000",
    -- "mixHash": "0x0000000000000000000000000000000000000000000000000000000000000000",
    -- "nonce": "0x0000000000000000",
    -- "number": "0x48",
    -- "parentBeaconBlockRoot": "0x47c896f5986ec29f58ec60eec56ed176910779e9fc9cf45c3c090126aeb21acd",
    -- "parentHash": "0x7964ce394f9773783863d05cf0826d125024c5f5dac03c07d5d7832c551a40de",
    -- "receiptsRoot": "0x8242a788eddcd94326c2acb0a6cb547ca411104a65e3c6c5f751ce1c7f14cd15",
    -- "requestsHash": "0xe3b0c44298fc1c149afbf4c8996fb92427ae41e4649b934ca495991b7852b855",
    -- "sha3Uncles": "0x1dcc4de8dec75d7aab85b567b6ccd41ad312451b948a7413f0a142fd40d49347",
    -- "size": "0x400",
    -- "stateRoot": "0x42da2e489b18e750a877106cd83e76fd16d4234d530e8290eda403582c50aac4",
    -- "timestamp": "0x2d0",
    -- "transactions": [
      -- "0x72af7d7b24f8bd52b53e2974eb4a8b3a97819211501eb3969bc7d6562016f49d",
      -- "0x2bd941225e044995fd7890bf3183cc65edb04f1b92aa7191626d120ee543e41c"
    -- ],
    -- "transactionsRoot": "0x4a0b6fa744634b80a04463acab0cad7eb4aa563337ed6f95ec3728d7ef745a99",
    -- "uncles": [],
    -- "withdrawals": [
      -- {
        -- "address": "0x0c2c51a0990aee1d73c1228de158688341557508",
        -- "amount": "0x64",
        -- "index": "0x6",
        -- "validatorIndex": "0x5"
      -- }
    -- ],
    -- "withdrawalsRoot": "0xe0ab3dbb84deba21eca1dff9c98528bd2f6a427acd3d30f09ca504c7f0ef0a3b"
  }
}
>>  {"jsonrpc": "2.0", "id": 1, "method": "web3_clientVersion", "params": []}
<<  {"jsonrpc":"2.0","id":1,"result":"erigon/3.6.1/linux-amd64/go1.26.8"}
response differs from expected (-- client, ++ test):
{
  "id": 1,
  "jsonrpc": "2.0",
  "result": -- "erigon/3.6.1/linux-amd64/go1.26.8" ++ {}
}
>>  {"jsonrpc": "2.0", "id": 1, "method": "trace_call", "params": [{"from": "0x7435ed30a8b4aeb0877cef0c6e8cffe834eb865f", "to": "0x000F3df6D732807Ef1319fB7B8bB8522d0Beac02", "data": "0x0000000000000000000000000000000000000000000000000000000000000230", "gas": "0x927c0", "gasPrice": "0x77359400"}, ["trace"], "0x37"]}
<<  {"jsonrpc":"2.0","id":1,"result":{"output":"0x83472eda6eb475906aeeb7f09e757ba9f6663b9f6a5bf8611d6306f677f67ebd","stateDiff":null,"trace":[{"action":{"from":"0x7435ed30a8b4aeb0877cef0c6e8cffe834eb865f","callType":"call","gas":"0x8d520","input":"0x0000000000000000000000000000000000000000000000000000000000000230","to":"0x000f3df6d732807ef1319fb7b8bb8522d0beac02","value":"0x0"},"result":{"gasUsed":"0x10e0","output":"0x83472eda6eb475906aeeb7f09e757ba9f6663b9f6a5bf8611d6306f677f67ebd"},"subtraces":0,"traceAddress":[],"type":"call"}],"vmTrace":null}}
response differs from expected (-- client, ++ test):
{
  "id": 1,
  "jsonrpc": "2.0",
  "result": {
    ++ "capture_only": true,
    -- "output": "0x83472eda6eb475906aeeb7f09e757ba9f6663b9f6a5bf8611d6306f677f67ebd",
    -- "stateDiff": null,
    -- "trace": [
      -- {
        -- "action": {
          -- "callType": "call",
          -- "from": "0x7435ed30a8b4aeb0877cef0c6e8cffe834eb865f",
          -- "gas": "0x8d520",
          -- "input": "0x0000000000000000000000000000000000000000000000000000000000000230",
          -- "to": "0x000f3df6d732807ef1319fb7b8bb8522d0beac02",
          -- "value": "0x0"
        -- },
        -- "result": {
          -- "gasUsed": "0x10e0",
          -- "output": "0x83472eda6eb475906aeeb7f09e757ba9f6663b9f6a5bf8611d6306f677f67ebd"
        -- },
        -- "subtraces": 0,
        -- "traceAddress": [],
        -- "type": "call"
      -- }
    -- ],
    -- "vmTrace": null
  }
}
>>  {"jsonrpc": "2.0", "id": 1, "method": "trace_call", "params": [{"from": "0x7435ed30a8b4aeb0877cef0c6e8cffe834eb865f", "to": "0x000F3df6D732807Ef1319fB7B8bB8522d0Beac02", "data": "0x0000000000000000000000000000000000000000000000000000000000000230", "gas": "0x927c0", "gasPrice": "0x77359400"}, ["trace"], "0x38"]}
<<  {"jsonrpc":"2.0","id":1,"result":{"output":"0x83472eda6eb475906aeeb7f09e757ba9f6663b9f6a5bf8611d6306f677f67ebd","stateDiff":null,"trace":[{"action":{"from":"0x7435ed30a8b4aeb0877cef0c6e8cffe834eb865f","callType":"call","gas":"0x8d520","input":"0x0000000000000000000000000000000000000000000000000000000000000230","to":"0x000f3df6d732807ef1319fb7b8bb8522d0beac02","value":"0x0"},"result":{"gasUsed":"0x10e0","output":"0x83472eda6eb475906aeeb7f09e757ba9f6663b9f6a5bf8611d6306f677f67ebd"},"subtraces":0,"traceAddress":[],"type":"call"}],"vmTrace":null}}
response differs from expected (-- client, ++ test):
{
  "id": 1,
  "jsonrpc": "2.0",
  "result": {
    ++ "capture_only": true,
    -- "output": "0x83472eda6eb475906aeeb7f09e757ba9f6663b9f6a5bf8611d6306f677f67ebd",
    -- "stateDiff": null,
    -- "trace": [
      -- {
        -- "action": {
          -- "callType": "call",
          -- "from": "0x7435ed30a8b4aeb0877cef0c6e8cffe834eb865f",
          -- "gas": "0x8d520",
          -- "input": "0x0000000000000000000000000000000000000000000000000000000000000230",
          -- "to": "0x000f3df6d732807ef1319fb7b8bb8522d0beac02",
          -- "value": "0x0"
        -- },
        -- "result": {
          -- "gasUsed": "0x10e0",
          -- "output": "0x83472eda6eb475906aeeb7f09e757ba9f6663b9f6a5bf8611d6306f677f67ebd"
        -- },
        -- "subtraces": 0,
        -- "traceAddress": [],
        -- "type": "call"
      -- }
    -- ],
    -- "vmTrace": null
  }
}
>>  {"jsonrpc": "2.0", "id": 1, "method": "eth_getBlockByNumber", "params": ["0x48", false]}
<<  {"jsonrpc":"2.0","id":1,"result":{"baseFeePerGas":"0x7d97fd","blobGasUsed":"0x20000","difficulty":"0x0","excessBlobGas":"0x0","extraData":"0x","gasLimit":"0xbebc200","gasUsed":"0x18d04","hash":"0xb3ba0330884cb90c46699588aab05619155565a21fecf9b9f9482693556f2316","logsBloom":"0x00000000000000000000000000000000000000000000000000000000800000000000000000000000000000000000000000000000000000000000000000000000000000000000000000004000000000000200000002000000000000000000002000000000000000000000000000800000000000000000000000000000000000000000000000000000000100000000000000000000000000000000000000000000000000000000009000000000000000000000000000000000000000800000000000800000000000000000000000000000000000000000000000000000000000000000000000000000000000000000000000000000000000000000000000400000","miner":"0x0000000000000000000000000000000000000000","mixHash":"0x0000000000000000000000000000000000000000000000000000000000000000","nonce":"0x0000000000000000","number":"0x48","parentBeaconBlockRoot":"0x47c896f5986ec29f58ec60eec56ed176910779e9fc9cf45c3c090126aeb21acd","parentHash":"0x7964ce394f9773783863d05cf0826d125024c5f5dac03c07d5d7832c551a40de","receiptsRoot":"0x8242a788eddcd94326c2acb0a6cb547ca411104a65e3c6c5f751ce1c7f14cd15","requestsHash":"0xe3b0c44298fc1c149afbf4c8996fb92427ae41e4649b934ca495991b7852b855","sha3Uncles":"0x1dcc4de8dec75d7aab85b567b6ccd41ad312451b948a7413f0a142fd40d49347","size":"0x400","stateRoot":"0x42da2e489b18e750a877106cd83e76fd16d4234d530e8290eda403582c50aac4","timestamp":"0x2d0","transactions":["0x72af7d7b24f8bd52b53e2974eb4a8b3a97819211501eb3969bc7d6562016f49d","0x2bd941225e044995fd7890bf3183cc65edb04f1b92aa7191626d120ee543e41c"],"transactionsRoot":"0x4a0b6fa744634b80a04463acab0cad7eb4aa563337ed6f95ec3728d7ef745a99","uncles":[],"withdrawals":[{"index":"0x6","validatorIndex":"0x5","address":"0x0c2c51a0990aee1d73c1228de158688341557508","amount":"0x64"}],"withdrawalsRoot":"0xe0ab3dbb84deba21eca1dff9c98528bd2f6a427acd3d30f09ca504c7f0ef0a3b"}}
response differs from expected (-- client, ++ test):
{
  "id": 1,
  "jsonrpc": "2.0",
  "result": {
    -- "baseFeePerGas": "0x7d97fd",
    -- "blobGasUsed": "0x20000",
    ++ "capture_only": true,
    -- "difficulty": "0x0",
    -- "excessBlobGas": "0x0",
    -- "extraData": "0x",
    -- "gasLimit": "0xbebc200",
    -- "gasUsed": "0x18d04",
    -- "hash": "0xb3ba0330884cb90c46699588aab05619155565a21fecf9b9f9482693556f2316",
    -- "logsBloom": "0x00000000000000000000000000000000000000000000000000000000800000000000000000000000000000000000000000000000000000000000000000000000000000000000000000004000000000000200000002000000000000000000002000000000000000000000000000800000000000000000000000000000000000000000000000000000000100000000000000000000000000000000000000000000000000000000009000000000000000000000000000000000000000800000000000800000000000000000000000000000000000000000000000000000000000000000000000000000000000000000000000000000000000000000000000400000",
    -- "miner": "0x0000000000000000000000000000000000000000",
    -- "mixHash": "0x0000000000000000000000000000000000000000000000000000000000000000",
    -- "nonce": "0x0000000000000000",
    -- "number": "0x48",
    -- "parentBeaconBlockRoot": "0x47c896f5986ec29f58ec60eec56ed176910779e9fc9cf45c3c090126aeb21acd",
    -- "parentHash": "0x7964ce394f9773783863d05cf0826d125024c5f5dac03c07d5d7832c551a40de",
    -- "receiptsRoot": "0x8242a788eddcd94326c2acb0a6cb547ca411104a65e3c6c5f751ce1c7f14cd15",
    -- "requestsHash": "0xe3b0c44298fc1c149afbf4c8996fb92427ae41e4649b934ca495991b7852b855",
    -- "sha3Uncles": "0x1dcc4de8dec75d7aab85b567b6ccd41ad312451b948a7413f0a142fd40d49347",
    -- "size": "0x400",
    -- "stateRoot": "0x42da2e489b18e750a877106cd83e76fd16d4234d530e8290eda403582c50aac4",
    -- "timestamp": "0x2d0",
    -- "transactions": [
      -- "0x72af7d7b24f8bd52b53e2974eb4a8b3a97819211501eb3969bc7d6562016f49d",
      -- "0x2bd941225e044995fd7890bf3183cc65edb04f1b92aa7191626d120ee543e41c"
    -- ],
    -- "transactionsRoot": "0x4a0b6fa744634b80a04463acab0cad7eb4aa563337ed6f95ec3728d7ef745a99",
    -- "uncles": [],
    -- "withdrawals": [
      -- {
        -- "address": "0x0c2c51a0990aee1d73c1228de158688341557508",
        -- "amount": "0x64",
        -- "index": "0x6",
        -- "validatorIndex": "0x5"
      -- }
    -- ],
    -- "withdrawalsRoot": "0xe0ab3dbb84deba21eca1dff9c98528bd2f6a427acd3d30f09ca504c7f0ef0a3b"
  }
}
>>  {"jsonrpc": "2.0", "id": 1, "method": "trace_call", "params": [{"from": "0x7435ed30a8b4aeb0877cef0c6e8cffe834eb865f", "to": "0x0000000000000000000000000000000000001007", "gas": "0x927c0", "gasPrice": "0x77359400", "data": "0x"}, ["trace", "stateDiff", "vmTrace"], "0x37"]}
<<  {"jsonrpc":"2.0","id":1,"result":{"output":"0x","stateDiff":{"0x0000000000000000000000000000000000000000":{"balance":{"*":{"from":"0xc4f200cb8a8742bfd","to":"0xc4f206a5aa5411442"}},"code":"=","nonce":"=","storage":{}},"0x0000000000000000000000000000000000001007":{"balance":{"-":"0x64"},"code":{"-":"0x611008ff"},"nonce":{"-":"0x0"},"storage":{}},"0x0000000000000000000000000000000000001008":{"balance":{"+":"0x64"},"code":{"+":"0x"},"nonce":{"+":"0x0"},"storage":{}},"0x7435ed30a8b4aeb0877cef0c6e8cffe834eb865f":{"balance":"=","code":"=","nonce":{"*":{"from":"0x7f","to":"0x80"}},"storage":{}}},"trace":[{"action":{"from":"0x7435ed30a8b4aeb0877cef0c6e8cffe834eb865f","callType":"call","gas":"0x8d5b8","input":"0x","to":"0x0000000000000000000000000000000000001007","value":"0x0"},"result":{"gasUsed":"0x7f5b","output":"0x"},"subtraces":1,"traceAddress":[],"type":"call"},{"action":{"address":"0x0000000000000000000000000000000000001007","refundAddress":"0x0000000000000000000000000000000000001008","balance":"0x64"},"result":null,"subtraces":0,"traceAddress":[0],"type":"suicide"}],"vmTrace":{"code":"0x611008ff","ops":[{"cost":3,"ex":{"mem":null,"push":["0x1008"],"store":null,"used":578997},"pc":0,"sub":null,"op":"PUSH2","idx":"0"},{"cost":32600,"ex":{"mem":null,"push":[],"store":null,"used":546397},"pc":3,"sub":{"code":"0x","ops":[]},"op":"SELFDESTRUCT","idx":"1"}]}}}
response differs from expected (-- client, ++ test):
{
  "id": 1,
  "jsonrpc": "2.0",
  "result": {
    ++ "capture_only": true,
    -- "output": "0x",
    -- "stateDiff": {
      -- "0x0000000000000000000000000000000000000000": {
        -- "balance": {
          -- "*": {
            -- "from": "0xc4f200cb8a8742bfd",
            -- "to": "0xc4f206a5aa5411442"
          -- }
        -- },
        -- "code": "=",
        -- "nonce": "=",
        -- "storage": {}
      -- },
      -- "0x0000000000000000000000000000000000001007": {
        -- "balance": {
          -- "-": "0x64"
        -- },
        -- "code": {
          -- "-": "0x611008ff"
        -- },
        -- "nonce": {
          -- "-": "0x0"
        -- },
        -- "storage": {}
      -- },
      -- "0x0000000000000000000000000000000000001008": {
        -- "balance": {
          -- "+": "0x64"
        -- },
        -- "code": {
          -- "+": "0x"
        -- },
        -- "nonce": {
          -- "+": "0x0"
        -- },
        -- "storage": {}
      -- },
      -- "0x7435ed30a8b4aeb0877cef0c6e8cffe834eb865f": {
        -- "balance": "=",
        -- "code": "=",
        -- "nonce": {
          -- "*": {
            -- "from": "0x7f",
            -- "to": "0x80"
          -- }
        -- },
        -- "storage": {}
      -- }
    -- },
    -- "trace": [
      -- {
        -- "action": {
          -- "callType": "call",
          -- "from": "0x7435ed30a8b4aeb0877cef0c6e8cffe834eb865f",
          -- "gas": "0x8d5b8",
          -- "input": "0x",
          -- "to": "0x0000000000000000000000000000000000001007",
          -- "value": "0x0"
        -- },
        -- "result": {
          -- "gasUsed": "0x7f5b",
          -- "output": "0x"
        -- },
        -- "subtraces": 1,
        -- "traceAddress": [],
        -- "type": "call"
      -- },
      -- {
        -- "action": {
          -- "address": "0x0000000000000000000000000000000000001007",
          -- "balance": "0x64",
          -- "refundAddress": "0x0000000000000000000000000000000000001008"
        -- },
        -- "result": null,
        -- "subtraces": 0,
        -- "traceAddress": [
          -- 0
        -- ],
        -- "type": "suicide"
      -- }
    -- ],
    -- "vmTrace": {
      -- "code": "0x611008ff",
      -- "ops": [
        -- {
          -- "cost": 3,
          -- "ex": {
            -- "mem": null,
            -- "push": [
              -- "0x1008"
            -- ],
            -- "store": null,
            -- "used": 578997
          -- },
          -- "idx": "0",
          -- "op": "PUSH2",
          -- "pc": 0,
          -- "sub": null
        -- },
        -- {
          -- "cost": 32600,
          -- "ex": {
            -- "mem": null,
            -- "push": [],
            -- "store": null,
            -- "used": 546397
          -- },
          -- "idx": "1",
          -- "op": "SELFDESTRUCT",
          -- "pc": 3,
          -- "sub": {
            -- "code": "0x",
            -- "ops": []
          -- }
        -- }
      -- ]
    -- }
  }
}
>>  {"jsonrpc": "2.0", "id": 1, "method": "trace_call", "params": [{"from": "0x7435ed30a8b4aeb0877cef0c6e8cffe834eb865f", "to": "0x0000000000000000000000000000000000001007", "gas": "0x927c0", "gasPrice": "0x77359400", "data": "0x"}, ["trace", "stateDiff", "vmTrace"], "0x38"]}
<<  {"jsonrpc":"2.0","id":1,"result":{"output":"0x","stateDiff":{"0x0000000000000000000000000000000000000000":{"balance":{"*":{"from":"0xc4f200cb8a876839d","to":"0xc4f206ad66a2b0140"}},"code":"=","nonce":"=","storage":{}},"0x0000000000000000000000000000000000001007":{"balance":{"*":{"from":"0x64","to":"0x0"}},"code":"=","nonce":"=","storage":{}},"0x0000000000000000000000000000000000001008":{"balance":{"+":"0x64"},"code":{"+":"0x"},"nonce":{"+":"0x0"},"storage":{}},"0x7435ed30a8b4aeb0877cef0c6e8cffe834eb865f":{"balance":"=","code":"=","nonce":{"*":{"from":"0x82","to":"0x83"}},"storage":{}}},"trace":[{"action":{"from":"0x7435ed30a8b4aeb0877cef0c6e8cffe834eb865f","callType":"call","gas":"0x8d5b8","input":"0x","to":"0x0000000000000000000000000000000000001007","value":"0x0"},"result":{"gasUsed":"0x7f5b","output":"0x"},"subtraces":1,"traceAddress":[],"type":"call"},{"action":{"address":"0x0000000000000000000000000000000000001007","refundAddress":"0x0000000000000000000000000000000000001008","balance":"0x64"},"result":null,"subtraces":0,"traceAddress":[0],"type":"suicide"}],"vmTrace":{"code":"0x611008ff","ops":[{"cost":3,"ex":{"mem":null,"push":["0x1008"],"store":null,"used":578997},"pc":0,"sub":null,"op":"PUSH2","idx":"0"},{"cost":32600,"ex":{"mem":null,"push":[],"store":null,"used":546397},"pc":3,"sub":{"code":"0x","ops":[]},"op":"SELFDESTRUCT","idx":"1"}]}}}
response differs from expected (-- client, ++ test):
{
  "id": 1,
  "jsonrpc": "2.0",
  "result": {
    ++ "capture_only": true,
    -- "output": "0x",
    -- "stateDiff": {
      -- "0x0000000000000000000000000000000000000000": {
        -- "balance": {
          -- "*": {
            -- "from": "0xc4f200cb8a876839d",
            -- "to": "0xc4f206ad66a2b0140"
          -- }
        -- },
        -- "code": "=",
        -- "nonce": "=",
        -- "storage": {}
      -- },
      -- "0x0000000000000000000000000000000000001007": {
        -- "balance": {
          -- "*": {
            -- "from": "0x64",
            -- "to": "0x0"
          -- }
        -- },
        -- "code": "=",
        -- "nonce": "=",
        -- "storage": {}
      -- },
      -- "0x0000000000000000000000000000000000001008": {
        -- "balance": {
          -- "+": "0x64"
        -- },
        -- "code": {
          -- "+": "0x"
        -- },
        -- "nonce": {
          -- "+": "0x0"
        -- },
        -- "storage": {}
      -- },
      -- "0x7435ed30a8b4aeb0877cef0c6e8cffe834eb865f": {
        -- "balance": "=",
        -- "code": "=",
        -- "nonce": {
          -- "*": {
            -- "from": "0x82",
            -- "to": "0x83"
          -- }
        -- },
        -- "storage": {}
      -- }
    -- },
    -- "trace": [
      -- {
        -- "action": {
          -- "callType": "call",
          -- "from": "0x7435ed30a8b4aeb0877cef0c6e8cffe834eb865f",
          -- "gas": "0x8d5b8",
          -- "input": "0x",
          -- "to": "0x0000000000000000000000000000000000001007",
          -- "value": "0x0"
        -- },
        -- "result": {
          -- "gasUsed": "0x7f5b",
          -- "output": "0x"
        -- },
        -- "subtraces": 1,
        -- "traceAddress": [],
        -- "type": "call"
      -- },
      -- {
        -- "action": {
          -- "address": "0x0000000000000000000000000000000000001007",
          -- "balance": "0x64",
          -- "refundAddress": "0x0000000000000000000000000000000000001008"
        -- },
        -- "result": null,
        -- "subtraces": 0,
        -- "traceAddress": [
          -- 0
        -- ],
        -- "type": "suicide"
      -- }
    -- ],
    -- "vmTrace": {
      -- "code": "0x611008ff",
      -- "ops": [
        -- {
          -- "cost": 3,
          -- "ex": {
            -- "mem": null,
            -- "push": [
              -- "0x1008"
            -- ],
            -- "store": null,
            -- "used": 578997
          -- },
          -- "idx": "0",
          -- "op": "PUSH2",
          -- "pc": 0,
          -- "sub": null
        -- },
        -- {
          -- "cost": 32600,
          -- "ex": {
            -- "mem": null,
            -- "push": [],
            -- "store": null,
            -- "used": 546397
          -- },
          -- "idx": "1",
          -- "op": "SELFDESTRUCT",
          -- "pc": 3,
          -- "sub": {
            -- "code": "0x",
            -- "ops": []
          -- }
        -- }
      -- ]
    -- }
  }
}
>>  {"jsonrpc": "2.0", "id": 1, "method": "eth_getStorageAt", "params": ["0x000F3df6D732807Ef1319fB7B8bB8522d0Beac02", "0x230", "0x37"]}
<<  {"jsonrpc":"2.0","id":1,"result":"0x0000000000000000000000000000000000000000000000000000000000000230"}
response differs from expected (-- client, ++ test):
{
  "id": 1,
  "jsonrpc": "2.0",
  "result": -- "0x0000000000000000000000000000000000000000000000000000000000000230" ++ {}
}
>>  {"jsonrpc": "2.0", "id": 1, "method": "eth_getStorageAt", "params": ["0x000F3df6D732807Ef1319fB7B8bB8522d0Beac02", "0x222f", "0x37"]}
<<  {"jsonrpc":"2.0","id":1,"result":"0x83472eda6eb475906aeeb7f09e757ba9f6663b9f6a5bf8611d6306f677f67ebd"}
response differs from expected (-- client, ++ test):
{
  "id": 1,
  "jsonrpc": "2.0",
  "result": -- "0x83472eda6eb475906aeeb7f09e757ba9f6663b9f6a5bf8611d6306f677f67ebd" ++ {}
}
>>  {"jsonrpc": "2.0", "id": 1, "method": "eth_getStorageAt", "params": ["0x000F3df6D732807Ef1319fB7B8bB8522d0Beac02", "0x230", "0x38"]}
<<  {"jsonrpc":"2.0","id":1,"result":"0x0000000000000000000000000000000000000000000000000000000000000230"}
response differs from expected (-- client, ++ test):
{
  "id": 1,
  "jsonrpc": "2.0",
  "result": -- "0x0000000000000000000000000000000000000000000000000000000000000230" ++ {}
}
>>  {"jsonrpc": "2.0", "id": 1, "method": "eth_getStorageAt", "params": ["0x000F3df6D732807Ef1319fB7B8bB8522d0Beac02", "0x222f", "0x38"]}
<<  {"jsonrpc":"2.0","id":1,"result":"0x83472eda6eb475906aeeb7f09e757ba9f6663b9f6a5bf8611d6306f677f67ebd"}
response differs from expected (-- client, ++ test):
{
  "id": 1,
  "jsonrpc": "2.0",
  "result": -- "0x83472eda6eb475906aeeb7f09e757ba9f6663b9f6a5bf8611d6306f677f67ebd" ++ {}
}
>>  {"jsonrpc": "2.0", "id": 1, "method": "eth_getBalance", "params": ["0x717f8aa2b982bee0e29f573d31df288663e1ce16", "0x33"]}
<<  {"jsonrpc":"2.0","id":1,"result":"0xc097ce7bc90715b34b9f1000000006"}
response differs from expected (-- client, ++ test):
{
  "id": 1,
  "jsonrpc": "2.0",
  "result": -- "0xc097ce7bc90715b34b9f1000000006" ++ {}
}
>>  {"jsonrpc": "2.0", "id": 1, "method": "eth_getBalance", "params": ["0x717f8aa2b982bee0e29f573d31df288663e1ce16", "0x34"]}
<<  {"jsonrpc":"2.0","id":1,"result":"0xc097ce7bc90715b34b9f274876e806"}
response differs from expected (-- client, ++ test):
{
  "id": 1,
  "jsonrpc": "2.0",
  "result": -- "0xc097ce7bc90715b34b9f274876e806" ++ {}
}
>>  {"jsonrpc": "2.0", "id": 1, "method": "eth_getBalance", "params": ["0x717f8aa2b982bee0e29f573d31df288663e1ce16", "0x35"]}
<<  {"jsonrpc":"2.0","id":1,"result":"0xc097ce7bc90715b34b9f274876e806"}
response differs from expected (-- client, ++ test):
{
  "id": 1,
  "jsonrpc": "2.0",
  "result": -- "0xc097ce7bc90715b34b9f274876e806" ++ {}
}
>>  {"jsonrpc": "2.0", "id": 1, "method": "eth_getBlockByNumber", "params": ["0x33", true]}
<<  {"jsonrpc":"2.0","id":1,"result":{"baseFeePerGas":"0x810ed7c","difficulty":"0x0","extraData":"0x","gasLimit":"0xbebc200","gasUsed":"0x2fb12","hash":"0x022037fe9ef69d04fd00706fcd5a9c80b1b791c6f9c3088469b6407a660c28b9","logsBloom":"0x00000000000000000000000000000000000000000000000000000000000000000000000200000000000010000000000000000000000000000000000001000000010000000000000000004000002000000200004200400000000000000000002000000000400400000000000000000000000000000000000000000000000080000000000000000100000000000000000000000000000000010000000000000000000000000000000000000000000200000000000000000000000000000000000000000000000000000000000000000000000000000000000000000000000000000004000000000000000000000000000000000000000000000000000000000000","miner":"0x0000000000000000000000000000000000000000","mixHash":"0x0000000000000000000000000000000000000000000000000000000000000000","nonce":"0x0000000000000000","number":"0x33","parentHash":"0x81f27dba10123293c218f7e559812921bb76397f6f7cc77d281db9e94ff4fe9b","receiptsRoot":"0x67ab042bd973e8dedef30801a5589a00987c86c1ca17461677560545101482a8","sha3Uncles":"0x1dcc4de8dec75d7aab85b567b6ccd41ad312451b948a7413f0a142fd40d49347","size":"0x35c","stateRoot":"0x65aca059c8cbe1978e45591e3617d262f8d435fb832cefcf8234b0f8c72eb4e1","timestamp":"0x1fe","transactions":[{"blockHash":"0x022037fe9ef69d04fd00706fcd5a9c80b1b791c6f9c3088469b6407a660c28b9","blockNumber":"0x33","blockTimestamp":"0x1fe","from":"0x7435ed30a8b4aeb0877cef0c6e8cffe834eb865f","gas":"0x5208","gasPrice":"0x810ed7d","hash":"0x87d8ef31d0d35ae040f2998b90fd61eeb04882b21f189c521bec5c3cefb416d2","input":"0x","nonce":"0x72","to":"0x7435ed30a8b4aeb0877cef0c6e8cffe834eb865f","transactionIndex":"0x0","value":"0x1","type":"0x1","accessList":[],"chainId":"0xc72dd9d5e883e","v":"0x0","yParity":"0x0","r":"0x56abc4bae751cb1703f3c3f1bcdddbf9f88c9c2f8c1416308ac46a5fdad1894e","s":"0x3e552a68655416e9efe4dfd749de3aa01d024267fd86b1dd3b01010463af483a"},{"blockHash":"0x022037fe9ef69d04fd00706fcd5a9c80b1b791c6f9c3088469b6407a660c28b9","blockNumber":"0x33","blockTimestamp":"0x1fe","from":"0x7435ed30a8b4aeb0877cef0c6e8cffe834eb865f","gas":"0x186a0","gasPrice":"0x810ed7d","maxPriorityFeePerGas":"0x1","maxFeePerGas":"0x810ed7d","hash":"0xa23373d1e4fa559fc33ffb791665855530831c83d0c241ef6b2d3f46a5f448f4","input":"0x01","nonce":"0x73","to":"0x9dcd17433742f4c0ca53122ab541d0ba67fc27d3","transactionIndex":"0x1","value":"0x0","type":"0x2","accessList":[],"chainId":"0xc72dd9d5e883e","v":"0x0","yParity":"0x0","r":"0x2eaa94ea47d0cb4d42657c5064e863547ef282553cfdbfe21aa8e8fe78320dc4","s":"0x346d37d97e2d83ce44afc3f6857fec86cc15787a05fa6c3a7aeff44627a51adb"},{"blockHash":"0x022037fe9ef69d04fd00706fcd5a9c80b1b791c6f9c3088469b6407a660c28b9","blockNumber":"0x33","blockTimestamp":"0x1fe","from":"0x7435ed30a8b4aeb0877cef0c6e8cffe834eb865f","gas":"0x927c0","gasPrice":"0x810ed7d","maxPriorityFeePerGas":"0x1","maxFeePerGas":"0x810ed7d","hash":"0x76430fba1b629206573ad53847b0bc7e9f80161b0e79750803715a8fb1bc5955","input":"0x","nonce":"0x74","to":"0x9dcd17433742f4c0ca53122ab541d0ba67fc27d0","transactionIndex":"0x2","value":"0x0","type":"0x2","accessList":[],"chainId":"0xc72dd9d5e883e","v":"0x0","yParity":"0x0","r":"0xce6616592e74c522311002aa3786bcd541b3c0a3d6e99cafb6437682bfbd4d70","s":"0x784011e65470a03e351bf9f2d13492d6f0d9f674ba291dfc5c6c16838639091a"}],"transactionsRoot":"0x84a6970d2095aa92d6eafb42ab401e4e00e6e837ae670cb298628523c4eadbad","uncles":[]}}
response differs from expected (-- client, ++ test):
{
  "id": 1,
  "jsonrpc": "2.0",
  "result": {
    -- "baseFeePerGas": "0x810ed7c",
    ++ "capture_only": true,
    -- "difficulty": "0x0",
    -- "extraData": "0x",
    -- "gasLimit": "0xbebc200",
    -- "gasUsed": "0x2fb12",
    -- "hash": "0x022037fe9ef69d04fd00706fcd5a9c80b1b791c6f9c3088469b6407a660c28b9",
    -- "logsBloom": "0x00000000000000000000000000000000000000000000000000000000000000000000000200000000000010000000000000000000000000000000000001000000010000000000000000004000002000000200004200400000000000000000002000000000400400000000000000000000000000000000000000000000000080000000000000000100000000000000000000000000000000010000000000000000000000000000000000000000000200000000000000000000000000000000000000000000000000000000000000000000000000000000000000000000000000000004000000000000000000000000000000000000000000000000000000000000",
    -- "miner": "0x0000000000000000000000000000000000000000",
    -- "mixHash": "0x0000000000000000000000000000000000000000000000000000000000000000",
    -- "nonce": "0x0000000000000000",
    -- "number": "0x33",
    -- "parentHash": "0x81f27dba10123293c218f7e559812921bb76397f6f7cc77d281db9e94ff4fe9b",
    -- "receiptsRoot": "0x67ab042bd973e8dedef30801a5589a00987c86c1ca17461677560545101482a8",
    -- "sha3Uncles": "0x1dcc4de8dec75d7aab85b567b6ccd41ad312451b948a7413f0a142fd40d49347",
    -- "size": "0x35c",
    -- "stateRoot": "0x65aca059c8cbe1978e45591e3617d262f8d435fb832cefcf8234b0f8c72eb4e1",
    -- "timestamp": "0x1fe",
    -- "transactions": [
      -- {
        -- "accessList": [],
        -- "blockHash": "0x022037fe9ef69d04fd00706fcd5a9c80b1b791c6f9c3088469b6407a660c28b9",
        -- "blockNumber": "0x33",
        -- "blockTimestamp": "0x1fe",
        -- "chainId": "0xc72dd9d5e883e",
        -- "from": "0x7435ed30a8b4aeb0877cef0c6e8cffe834eb865f",
        -- "gas": "0x5208",
        -- "gasPrice": "0x810ed7d",
        -- "hash": "0x87d8ef31d0d35ae040f2998b90fd61eeb04882b21f189c521bec5c3cefb416d2",
        -- "input": "0x",
        -- "nonce": "0x72",
        -- "r": "0x56abc4bae751cb1703f3c3f1bcdddbf9f88c9c2f8c1416308ac46a5fdad1894e",
        -- "s": "0x3e552a68655416e9efe4dfd749de3aa01d024267fd86b1dd3b01010463af483a",
        -- "to": "0x7435ed30a8b4aeb0877cef0c6e8cffe834eb865f",
        -- "transactionIndex": "0x0",
        -- "type": "0x1",
        -- "v": "0x0",
        -- "value": "0x1",
        -- "yParity": "0x0"
      -- },
      -- {
        -- "accessList": [],
        -- "blockHash": "0x022037fe9ef69d04fd00706fcd5a9c80b1b791c6f9c3088469b6407a660c28b9",
        -- "blockNumber": "0x33",
        -- "blockTimestamp": "0x1fe",
        -- "chainId": "0xc72dd9d5e883e",
        -- "from": "0x7435ed30a8b4aeb0877cef0c6e8cffe834eb865f",
        -- "gas": "0x186a0",
        -- "gasPrice": "0x810ed7d",
        -- "hash": "0xa23373d1e4fa559fc33ffb791665855530831c83d0c241ef6b2d3f46a5f448f4",
        -- "input": "0x01",
        -- "maxFeePerGas": "0x810ed7d",
        -- "maxPriorityFeePerGas": "0x1",
        -- "nonce": "0x73",
        -- "r": "0x2eaa94ea47d0cb4d42657c5064e863547ef282553cfdbfe21aa8e8fe78320dc4",
        -- "s": "0x346d37d97e2d83ce44afc3f6857fec86cc15787a05fa6c3a7aeff44627a51adb",
        -- "to": "0x9dcd17433742f4c0ca53122ab541d0ba67fc27d3",
        -- "transactionIndex": "0x1",
        -- "type": "0x2",
        -- "v": "0x0",
        -- "value": "0x0",
        -- "yParity": "0x0"
      -- },
      -- {
        -- "accessList": [],
        -- "blockHash": "0x022037fe9ef69d04fd00706fcd5a9c80b1b791c6f9c3088469b6407a660c28b9",
        -- "blockNumber": "0x33",
        -- "blockTimestamp": "0x1fe",
        -- "chainId": "0xc72dd9d5e883e",
        -- "from": "0x7435ed30a8b4aeb0877cef0c6e8cffe834eb865f",
        -- "gas": "0x927c0",
        -- "gasPrice": "0x810ed7d",
        -- "hash": "0x76430fba1b629206573ad53847b0bc7e9f80161b0e79750803715a8fb1bc5955",
        -- "input": "0x",
        -- "maxFeePerGas": "0x810ed7d",
        -- "maxPriorityFeePerGas": "0x1",
        -- "nonce": "0x74",
        -- "r": "0xce6616592e74c522311002aa3786bcd541b3c0a3d6e99cafb6437682bfbd4d70",
        -- "s": "0x784011e65470a03e351bf9f2d13492d6f0d9f674ba291dfc5c6c16838639091a",
        -- "to": "0x9dcd17433742f4c0ca53122ab541d0ba67fc27d0",
        -- "transactionIndex": "0x2",
        -- "type": "0x2",
        -- "v": "0x0",
        -- "value": "0x0",
        -- "yParity": "0x0"
      -- }
    -- ],
    -- "transactionsRoot": "0x84a6970d2095aa92d6eafb42ab401e4e00e6e837ae670cb298628523c4eadbad",
    -- "uncles": []
  }
}
>>  {"jsonrpc": "2.0", "id": 1, "method": "eth_getBlockByNumber", "params": ["0x34", true]}
<<  {"jsonrpc":"2.0","id":1,"result":{"baseFeePerGas":"0x70f50e2","difficulty":"0x0","extraData":"0x","gasLimit":"0xbebc200","gasUsed":"0x11470","hash":"0xa9578be0967413b9adc40736fd4ec67d0529b890a81d62102db05e61d6de1897","logsBloom":"0x00000000000000000000000000000000000000000000000000000000800000000000000000000000000000000000000000000000000000000000000000000000000000000000000000004000000000001200000000000000000000000000002000000000000000000000000000000000000000000000000000000000000000000000000000000000000000000000000000000000000000000000000000000000000000000000009000000000000000000000000000000000000000000000000000000000000000000000000000000000000000000000000000000000000000000000000000004000000000000000000000000000000000000000000008000000","miner":"0x0000000000000000000000000000000000000000","mixHash":"0x0000000000000000000000000000000000000000000000000000000000000000","nonce":"0x0000000000000000","number":"0x34","parentHash":"0x022037fe9ef69d04fd00706fcd5a9c80b1b791c6f9c3088469b6407a660c28b9","receiptsRoot":"0xa2dd95687771e75f96f544680724c54dc5c59c26ac59c7a58edab2b0382b5469","sha3Uncles":"0x1dcc4de8dec75d7aab85b567b6ccd41ad312451b948a7413f0a142fd40d49347","size":"0x324","stateRoot":"0x3c7454b16a691794d881fa6565ab663b4cda39e69393fdd1ba067db336dbbb09","timestamp":"0x208","transactions":[{"blockHash":"0xa9578be0967413b9adc40736fd4ec67d0529b890a81d62102db05e61d6de1897","blockNumber":"0x34","blockTimestamp":"0x208","from":"0x7435ed30a8b4aeb0877cef0c6e8cffe834eb865f","gas":"0x186a0","gasPrice":"0x70f50e3","hash":"0x63debd7bcab14a95198660dfe794ca12fd2a34b24f780dd7572c55f2a58735b3","input":"0x74bff204de43b4a2656d6974","nonce":"0x75","to":"0x7dcd17433742f4c0ca53122ab541d0ba67fc27df","transactionIndex":"0x0","value":"0x2","type":"0x0","chainId":"0xc72dd9d5e883e","v":"0x18e5bb3abd109f","r":"0xd1dfe7c72bc2bd884654cd8c7417009e50eecb519e9b8328c8cf2ba7b53c9c53","s":"0x175e1fee6e062cf562cd1c67517b5edf61a59802cc8d52665b2efd6fdcea7b90"},{"blockHash":"0xa9578be0967413b9adc40736fd4ec67d0529b890a81d62102db05e61d6de1897","blockNumber":"0x34","blockTimestamp":"0x208","from":"0x7435ed30a8b4aeb0877cef0c6e8cffe834eb865f","gas":"0x5208","gasPrice":"0x70f50e3","hash":"0xd7822fd23594d52bc98493786233edb857cbeee469a3148b5780e076a53985db","input":"0x","nonce":"0x76","to":"0x83c7e323d189f18725ac510004fdc2941f8c4a78","transactionIndex":"0x1","value":"0x1","type":"0x0","chainId":"0xc72dd9d5e883e","v":"0x18e5bb3abd109f","r":"0xdd21c5a0aff9b742778951b1d69281be5fac3eb4d93484339636bc8d74f12154","s":"0x70503b79d84767babed0941a8c43e94a7cc40e5dc69ba05fea56167a6c796075"}],"transactionsRoot":"0xef011cbfe9ae50e7defe82a8382cc477d1c5f6d6cc41bf9245f201894b3d2923","uncles":[],"withdrawals":[{"index":"0x0","validatorIndex":"0x5","address":"0x717f8aa2b982bee0e29f573d31df288663e1ce16","amount":"0x64"}],"withdrawalsRoot":"0x5e1016697b3b7f7c7ae99708e4482ca5cf920e5dfd971d9a970768f3c5fb6eb4"}}
response differs from expected (-- client, ++ test):
{
  "id": 1,
  "jsonrpc": "2.0",
  "result": {
    -- "baseFeePerGas": "0x70f50e2",
    ++ "capture_only": true,
    -- "difficulty": "0x0",
    -- "extraData": "0x",
    -- "gasLimit": "0xbebc200",
    -- "gasUsed": "0x11470",
    -- "hash": "0xa9578be0967413b9adc40736fd4ec67d0529b890a81d62102db05e61d6de1897",
    -- "logsBloom": "0x00000000000000000000000000000000000000000000000000000000800000000000000000000000000000000000000000000000000000000000000000000000000000000000000000004000000000001200000000000000000000000000002000000000000000000000000000000000000000000000000000000000000000000000000000000000000000000000000000000000000000000000000000000000000000000000009000000000000000000000000000000000000000000000000000000000000000000000000000000000000000000000000000000000000000000000000000004000000000000000000000000000000000000000000008000000",
    -- "miner": "0x0000000000000000000000000000000000000000",
    -- "mixHash": "0x0000000000000000000000000000000000000000000000000000000000000000",
    -- "nonce": "0x0000000000000000",
    -- "number": "0x34",
    -- "parentHash": "0x022037fe9ef69d04fd00706fcd5a9c80b1b791c6f9c3088469b6407a660c28b9",
    -- "receiptsRoot": "0xa2dd95687771e75f96f544680724c54dc5c59c26ac59c7a58edab2b0382b5469",
    -- "sha3Uncles": "0x1dcc4de8dec75d7aab85b567b6ccd41ad312451b948a7413f0a142fd40d49347",
    -- "size": "0x324",
    -- "stateRoot": "0x3c7454b16a691794d881fa6565ab663b4cda39e69393fdd1ba067db336dbbb09",
    -- "timestamp": "0x208",
    -- "transactions": [
      -- {
        -- "blockHash": "0xa9578be0967413b9adc40736fd4ec67d0529b890a81d62102db05e61d6de1897",
        -- "blockNumber": "0x34",
        -- "blockTimestamp": "0x208",
        -- "chainId": "0xc72dd9d5e883e",
        -- "from": "0x7435ed30a8b4aeb0877cef0c6e8cffe834eb865f",
        -- "gas": "0x186a0",
        -- "gasPrice": "0x70f50e3",
        -- "hash": "0x63debd7bcab14a95198660dfe794ca12fd2a34b24f780dd7572c55f2a58735b3",
        -- "input": "0x74bff204de43b4a2656d6974",
        -- "nonce": "0x75",
        -- "r": "0xd1dfe7c72bc2bd884654cd8c7417009e50eecb519e9b8328c8cf2ba7b53c9c53",
        -- "s": "0x175e1fee6e062cf562cd1c67517b5edf61a59802cc8d52665b2efd6fdcea7b90",
        -- "to": "0x7dcd17433742f4c0ca53122ab541d0ba67fc27df",
        -- "transactionIndex": "0x0",
        -- "type": "0x0",
        -- "v": "0x18e5bb3abd109f",
        -- "value": "0x2"
      -- },
      -- {
        -- "blockHash": "0xa9578be0967413b9adc40736fd4ec67d0529b890a81d62102db05e61d6de1897",
        -- "blockNumber": "0x34",
        -- "blockTimestamp": "0x208",
        -- "chainId": "0xc72dd9d5e883e",
        -- "from": "0x7435ed30a8b4aeb0877cef0c6e8cffe834eb865f",
        -- "gas": "0x5208",
        -- "gasPrice": "0x70f50e3",
        -- "hash": "0xd7822fd23594d52bc98493786233edb857cbeee469a3148b5780e076a53985db",
        -- "input": "0x",
        -- "nonce": "0x76",
        -- "r": "0xdd21c5a0aff9b742778951b1d69281be5fac3eb4d93484339636bc8d74f12154",
        -- "s": "0x70503b79d84767babed0941a8c43e94a7cc40e5dc69ba05fea56167a6c796075",
        -- "to": "0x83c7e323d189f18725ac510004fdc2941f8c4a78",
        -- "transactionIndex": "0x1",
        -- "type": "0x0",
        -- "v": "0x18e5bb3abd109f",
        -- "value": "0x1"
      -- }
    -- ],
    -- "transactionsRoot": "0xef011cbfe9ae50e7defe82a8382cc477d1c5f6d6cc41bf9245f201894b3d2923",
    -- "uncles": [],
    -- "withdrawals": [
      -- {
        -- "address": "0x717f8aa2b982bee0e29f573d31df288663e1ce16",
        -- "amount": "0x64",
        -- "index": "0x0",
        -- "validatorIndex": "0x5"
      -- }
    -- ],
    -- "withdrawalsRoot": "0x5e1016697b3b7f7c7ae99708e4482ca5cf920e5dfd971d9a970768f3c5fb6eb4"
  }
}
>>  {"jsonrpc": "2.0", "id": 1, "method": "eth_getBlockByNumber", "params": ["0x35", true]}
<<  {"jsonrpc":"2.0","id":1,"result":{"baseFeePerGas":"0x62d8fb4","difficulty":"0x0","extraData":"0x","gasLimit":"0xbebc200","gasUsed":"0x17745","hash":"0xced7868057d8d421c73d54e58e5c5d70313a1d71ea43910b3fd6cd95f25de17a","logsBloom":"0x00000000000000000000000000000000000000000000000000000000800000000000000000000000000000000000000000000000000000000001000000000000000000000000000000004000000000000200000000000000000000000000002000000000000000020000000000000000000000000000000020000000000000000000000000000000000000000000000000000000000000000000000000000000000000000000009000000000000000000000000000000000000000000000000000000000000000000000000000000000000000000000000000000000000000000000000000000000000000000000000000000000000000000000000000000000","miner":"0x0000000000000000000000000000000000000000","mixHash":"0x0000000000000000000000000000000000000000000000000000000000000000","nonce":"0x0000000000000000","number":"0x35","parentHash":"0xa9578be0967413b9adc40736fd4ec67d0529b890a81d62102db05e61d6de1897","receiptsRoot":"0x7f83604897d9bcfd7b817d4538c7a3fe7b2030dc969bb956b9cb27d26bea0243","sha3Uncles":"0x1dcc4de8dec75d7aab85b567b6ccd41ad312451b948a7413f0a142fd40d49347","size":"0x3e5","stateRoot":"0xe3473e8bdb8bca96c93ff10ceaf369e7bbb0c754c36791a9a93c07fab75c662b","timestamp":"0x212","transactions":[{"blockHash":"0xced7868057d8d421c73d54e58e5c5d70313a1d71ea43910b3fd6cd95f25de17a","blockNumber":"0x35","blockTimestamp":"0x212","from":"0x7435ed30a8b4aeb0877cef0c6e8cffe834eb865f","gas":"0x186a0","gasPrice":"0x62d8fb5","hash":"0xfa647a42263cadb4a65927e749d4383dd38d6fe8f5295102c4bdb9c35d968cc7","input":"0xac2ee5432174b752656d6974","nonce":"0x77","to":"0x7dcd17433742f4c0ca53122ab541d0ba67fc27df","transactionIndex":"0x0","value":"0x2","type":"0x1","accessList":[{"address":"0x7dcd17433742f4c0ca53122ab541d0ba67fc27df","storageKeys":["0x0000000000000000000000000000000000000000000000000000000000000000","0xefcb86facadbec33b8779888975eacca8f44a9073a845521617f1fb30e1ac818"]}],"chainId":"0xc72dd9d5e883e","v":"0x0","yParity":"0x0","r":"0xaca638793e2ce6ccbe803bc9238572f89406747d4b680f86d945fa3eeb7070ba","s":"0x4cf217d0c06f4ac6f8bd6bf3b6892a43da1969eb1d60fa667a66392b40d17fc0"},{"blockHash":"0xced7868057d8d421c73d54e58e5c5d70313a1d71ea43910b3fd6cd95f25de17a","blockNumber":"0x35","blockTimestamp":"0x212","from":"0x7435ed30a8b4aeb0877cef0c6e8cffe834eb865f","gas":"0x5208","gasPrice":"0x62d8fb5","hash":"0x37b18bad0533859eb3c0852c3f7ec1405f6e1f8ace1951ce2e5791bcb896aaea","input":"0x","nonce":"0x78","to":"0x4dde844b71bcdf95512fb4dc94e84fb67b512ed8","transactionIndex":"0x1","value":"0x1","type":"0x1","accessList":[],"chainId":"0xc72dd9d5e883e","v":"0x0","yParity":"0x0","r":"0x746455bab2f1b0641c63246d40feff1a31649cd076dcc2847824c615c897d978","s":"0x4adc2322378493f72c00f1b765b1bef2feab333df5366a3d24763e739da20eaa"},{"blockHash":"0xced7868057d8d421c73d54e58e5c5d70313a1d71ea43910b3fd6cd95f25de17a","blockNumber":"0x35","blockTimestamp":"0x212","from":"0x7435ed30a8b4aeb0877cef0c6e8cffe834eb865f","gas":"0x186a0","gasPrice":"0x62d8fb5","maxPriorityFeePerGas":"0x1","maxFeePerGas":"0x62d8fb5","hash":"0x7ff52ad34eea4593d4b7fc13fc68cf31e6ad3520f764f30c24e77dd363722de5","input":"0x01","nonce":"0x79","to":"0x9dcd17433742f4c0ca53122ab541d0ba67fc27d3","transactionIndex":"0x2","value":"0x0","type":"0x2","accessList":[],"chainId":"0xc72dd9d5e883e","v":"0x0","yParity":"0x0","r":"0xe10d6432c0c1920873441fe657cd8e968f50e63a845a72c72093319440397e10","s":"0x4c184f3625a5f9565b1dfa35d3da1a1eb31848bcc92ee6d4d368170edde10b96"}],"transactionsRoot":"0x5332ce6da159c652fc2ff58dd7a2cfc0608419de1c6e2c16445d5b6181c0d789","uncles":[],"withdrawals":[],"withdrawalsRoot":"0x56e81f171bcc55a6ff8345e692c0f86e5b48e01b996cadc001622fb5e363b421"}}
response differs from expected (-- client, ++ test):
{
  "id": 1,
  "jsonrpc": "2.0",
  "result": {
    -- "baseFeePerGas": "0x62d8fb4",
    ++ "capture_only": true,
    -- "difficulty": "0x0",
    -- "extraData": "0x",
    -- "gasLimit": "0xbebc200",
    -- "gasUsed": "0x17745",
    -- "hash": "0xced7868057d8d421c73d54e58e5c5d70313a1d71ea43910b3fd6cd95f25de17a",
    -- "logsBloom": "0x00000000000000000000000000000000000000000000000000000000800000000000000000000000000000000000000000000000000000000001000000000000000000000000000000004000000000000200000000000000000000000000002000000000000000020000000000000000000000000000000020000000000000000000000000000000000000000000000000000000000000000000000000000000000000000000009000000000000000000000000000000000000000000000000000000000000000000000000000000000000000000000000000000000000000000000000000000000000000000000000000000000000000000000000000000000",
    -- "miner": "0x0000000000000000000000000000000000000000",
    -- "mixHash": "0x0000000000000000000000000000000000000000000000000000000000000000",
    -- "nonce": "0x0000000000000000",
    -- "number": "0x35",
    -- "parentHash": "0xa9578be0967413b9adc40736fd4ec67d0529b890a81d62102db05e61d6de1897",
    -- "receiptsRoot": "0x7f83604897d9bcfd7b817d4538c7a3fe7b2030dc969bb956b9cb27d26bea0243",
    -- "sha3Uncles": "0x1dcc4de8dec75d7aab85b567b6ccd41ad312451b948a7413f0a142fd40d49347",
    -- "size": "0x3e5",
    -- "stateRoot": "0xe3473e8bdb8bca96c93ff10ceaf369e7bbb0c754c36791a9a93c07fab75c662b",
    -- "timestamp": "0x212",
    -- "transactions": [
      -- {
        -- "accessList": [
          -- {
            -- "address": "0x7dcd17433742f4c0ca53122ab541d0ba67fc27df",
            -- "storageKeys": [
              -- "0x0000000000000000000000000000000000000000000000000000000000000000",
              -- "0xefcb86facadbec33b8779888975eacca8f44a9073a845521617f1fb30e1ac818"
            -- ]
          -- }
        -- ],
        -- "blockHash": "0xced7868057d8d421c73d54e58e5c5d70313a1d71ea43910b3fd6cd95f25de17a",
        -- "blockNumber": "0x35",
        -- "blockTimestamp": "0x212",
        -- "chainId": "0xc72dd9d5e883e",
        -- "from": "0x7435ed30a8b4aeb0877cef0c6e8cffe834eb865f",
        -- "gas": "0x186a0",
        -- "gasPrice": "0x62d8fb5",
        -- "hash": "0xfa647a42263cadb4a65927e749d4383dd38d6fe8f5295102c4bdb9c35d968cc7",
        -- "input": "0xac2ee5432174b752656d6974",
        -- "nonce": "0x77",
        -- "r": "0xaca638793e2ce6ccbe803bc9238572f89406747d4b680f86d945fa3eeb7070ba",
        -- "s": "0x4cf217d0c06f4ac6f8bd6bf3b6892a43da1969eb1d60fa667a66392b40d17fc0",
        -- "to": "0x7dcd17433742f4c0ca53122ab541d0ba67fc27df",
        -- "transactionIndex": "0x0",
        -- "type": "0x1",
        -- "v": "0x0",
        -- "value": "0x2",
        -- "yParity": "0x0"
      -- },
      -- {
        -- "accessList": [],
        -- "blockHash": "0xced7868057d8d421c73d54e58e5c5d70313a1d71ea43910b3fd6cd95f25de17a",
        -- "blockNumber": "0x35",
        -- "blockTimestamp": "0x212",
        -- "chainId": "0xc72dd9d5e883e",
        -- "from": "0x7435ed30a8b4aeb0877cef0c6e8cffe834eb865f",
        -- "gas": "0x5208",
        -- "gasPrice": "0x62d8fb5",
        -- "hash": "0x37b18bad0533859eb3c0852c3f7ec1405f6e1f8ace1951ce2e5791bcb896aaea",
        -- "input": "0x",
        -- "nonce": "0x78",
        -- "r": "0x746455bab2f1b0641c63246d40feff1a31649cd076dcc2847824c615c897d978",
        -- "s": "0x4adc2322378493f72c00f1b765b1bef2feab333df5366a3d24763e739da20eaa",
        -- "to": "0x4dde844b71bcdf95512fb4dc94e84fb67b512ed8",
        -- "transactionIndex": "0x1",
        -- "type": "0x1",
        -- "v": "0x0",
        -- "value": "0x1",
        -- "yParity": "0x0"
      -- },
      -- {
        -- "accessList": [],
        -- "blockHash": "0xced7868057d8d421c73d54e58e5c5d70313a1d71ea43910b3fd6cd95f25de17a",
        -- "blockNumber": "0x35",
        -- "blockTimestamp": "0x212",
        -- "chainId": "0xc72dd9d5e883e",
        -- "from": "0x7435ed30a8b4aeb0877cef0c6e8cffe834eb865f",
        -- "gas": "0x186a0",
        -- "gasPrice": "0x62d8fb5",
        -- "hash": "0x7ff52ad34eea4593d4b7fc13fc68cf31e6ad3520f764f30c24e77dd363722de5",
        -- "input": "0x01",
        -- "maxFeePerGas": "0x62d8fb5",
        -- "maxPriorityFeePerGas": "0x1",
        -- "nonce": "0x79",
        -- "r": "0xe10d6432c0c1920873441fe657cd8e968f50e63a845a72c72093319440397e10",
        -- "s": "0x4c184f3625a5f9565b1dfa35d3da1a1eb31848bcc92ee6d4d368170edde10b96",
        -- "to": "0x9dcd17433742f4c0ca53122ab541d0ba67fc27d3",
        -- "transactionIndex": "0x2",
        -- "type": "0x2",
        -- "v": "0x0",
        -- "value": "0x0",
        -- "yParity": "0x0"
      -- }
    -- ],
    -- "transactionsRoot": "0x5332ce6da159c652fc2ff58dd7a2cfc0608419de1c6e2c16445d5b6181c0d789",
    -- "uncles": [],
    -- "withdrawals": [],
    -- "withdrawalsRoot": "0x56e81f171bcc55a6ff8345e692c0f86e5b48e01b996cadc001622fb5e363b421"
  }
}
>>  {"jsonrpc": "2.0", "id": 1, "method": "trace_filter", "params": [{"fromBlock": "0x33", "toBlock": "0x33", "toAddress": ["0x717f8aa2b982bee0e29f573d31df288663e1ce16"]}]}
<<  {"jsonrpc":"2.0","id":1,"result":[]}
response differs from expected (-- client, ++ test):
{
  "id": 1,
  "jsonrpc": "2.0",
  "result": -- [] ++ {}
}
>>  {"jsonrpc": "2.0", "id": 1, "method": "trace_filter", "params": [{"fromBlock": "0x34", "toBlock": "0x34", "toAddress": ["0x717f8aa2b982bee0e29f573d31df288663e1ce16"]}]}
<<  {"jsonrpc":"2.0","id":1,"result":[]}
response differs from expected (-- client, ++ test):
{
  "id": 1,
  "jsonrpc": "2.0",
  "result": -- [] ++ {}
}
>>  {"jsonrpc": "2.0", "id": 1, "method": "trace_filter", "params": [{"fromBlock": "0x35", "toBlock": "0x35", "toAddress": ["0x717f8aa2b982bee0e29f573d31df288663e1ce16"]}]}
<<  {"jsonrpc":"2.0","id":1,"result":[]}
response differs from expected (-- client, ++ test):
{
  "id": 1,
  "jsonrpc": "2.0",
  "result": -- [] ++ {}
}
sending engine_forkchoiceUpdatedV3: [map[finalizedBlockHash:0xc838e291267cb5ce27dd44cd30e91eade7d3d97ee9d19805453f8f0c18b297c8 headBlockHash:0xb3ba0330884cb90c46699588aab05619155565a21fecf9b9f9482693556f2316 safeBlockHash:0xb3ba0330884cb90c46699588aab05619155565a21fecf9b9f9482693556f2316] <nil>]
response: map[payloadId:<nil> payloadStatus:map[latestValidHash:0xb3ba0330884cb90c46699588aab05619155565a21fecf9b9f9482693556f2316 status:VALID validationError:<nil>]]
>>  {"jsonrpc": "2.0", "id": 1, "method": "eth_getBlockByNumber", "params": ["0x48", false]}
<<  {"jsonrpc":"2.0","result":{"difficulty":"0x0","extraData":"0x","gasLimit":"0xbebc200","gasUsed":"0x18d04","hash":"0xb3ba0330884cb90c46699588aab05619155565a21fecf9b9f9482693556f2316","logsBloom":"0x00000000000000000000000000000000000000000000000000000000800000000000000000000000000000000000000000000000000000000000000000000000000000000000000000004000000000000200000002000000000000000000002000000000000000000000000000800000000000000000000000000000000000000000000000000000000100000000000000000000000000000000000000000000000000000000009000000000000000000000000000000000000000800000000000800000000000000000000000000000000000000000000000000000000000000000000000000000000000000000000000000000000000000000000000400000","miner":"0x0000000000000000000000000000000000000000","mixHash":"0x0000000000000000000000000000000000000000000000000000000000000000","nonce":"0x0000000000000000","number":"0x48","parentHash":"0x7964ce394f9773783863d05cf0826d125024c5f5dac03c07d5d7832c551a40de","receiptsRoot":"0x8242a788eddcd94326c2acb0a6cb547ca411104a65e3c6c5f751ce1c7f14cd15","sha3Uncles":"0x1dcc4de8dec75d7aab85b567b6ccd41ad312451b948a7413f0a142fd40d49347","size":"0x400","stateRoot":"0x42da2e489b18e750a877106cd83e76fd16d4234d530e8290eda403582c50aac4","timestamp":"0x2d0","baseFeePerGas":"0x7d97fd","transactions":["0x72af7d7b24f8bd52b53e2974eb4a8b3a97819211501eb3969bc7d6562016f49d","0x2bd941225e044995fd7890bf3183cc65edb04f1b92aa7191626d120ee543e41c"],"transactionsRoot":"0x4a0b6fa744634b80a04463acab0cad7eb4aa563337ed6f95ec3728d7ef745a99","uncles":[],"withdrawals":[{"index":"0x6","validatorIndex":"0x5","address":"0x0c2c51a0990aee1d73c1228de158688341557508","amount":"0x64"}],"withdrawalsRoot":"0xe0ab3dbb84deba21eca1dff9c98528bd2f6a427acd3d30f09ca504c7f0ef0a3b","blobGasUsed":"0x20000","excessBlobGas":"0x0","parentBeaconBlockRoot":"0x47c896f5986ec29f58ec60eec56ed176910779e9fc9cf45c3c090126aeb21acd","requestsHash":"0xe3b0c44298fc1c149afbf4c8996fb92427ae41e4649b934ca495991b7852b855"},"id":1}
response differs from expected (-- client, ++ test):
{
  "id": 1,
  "jsonrpc": "2.0",
  "result": {
    -- "baseFeePerGas": "0x7d97fd",
    -- "blobGasUsed": "0x20000",
    ++ "capture_only": true,
    -- "difficulty": "0x0",
    -- "excessBlobGas": "0x0",
    -- "extraData": "0x",
    -- "gasLimit": "0xbebc200",
    -- "gasUsed": "0x18d04",
    -- "hash": "0xb3ba0330884cb90c46699588aab05619155565a21fecf9b9f9482693556f2316",
    -- "logsBloom": "0x00000000000000000000000000000000000000000000000000000000800000000000000000000000000000000000000000000000000000000000000000000000000000000000000000004000000000000200000002000000000000000000002000000000000000000000000000800000000000000000000000000000000000000000000000000000000100000000000000000000000000000000000000000000000000000000009000000000000000000000000000000000000000800000000000800000000000000000000000000000000000000000000000000000000000000000000000000000000000000000000000000000000000000000000000400000",
    -- "miner": "0x0000000000000000000000000000000000000000",
    -- "mixHash": "0x0000000000000000000000000000000000000000000000000000000000000000",
    -- "nonce": "0x0000000000000000",
    -- "number": "0x48",
    -- "parentBeaconBlockRoot": "0x47c896f5986ec29f58ec60eec56ed176910779e9fc9cf45c3c090126aeb21acd",
    -- "parentHash": "0x7964ce394f9773783863d05cf0826d125024c5f5dac03c07d5d7832c551a40de",
    -- "receiptsRoot": "0x8242a788eddcd94326c2acb0a6cb547ca411104a65e3c6c5f751ce1c7f14cd15",
    -- "requestsHash": "0xe3b0c44298fc1c149afbf4c8996fb92427ae41e4649b934ca495991b7852b855",
    -- "sha3Uncles": "0x1dcc4de8dec75d7aab85b567b6ccd41ad312451b948a7413f0a142fd40d49347",
    -- "size": "0x400",
    -- "stateRoot": "0x42da2e489b18e750a877106cd83e76fd16d4234d530e8290eda403582c50aac4",
    -- "timestamp": "0x2d0",
    -- "transactions": [
      -- "0x72af7d7b24f8bd52b53e2974eb4a8b3a97819211501eb3969bc7d6562016f49d",
      -- "0x2bd941225e044995fd7890bf3183cc65edb04f1b92aa7191626d120ee543e41c"
    -- ],
    -- "transactionsRoot": "0x4a0b6fa744634b80a04463acab0cad7eb4aa563337ed6f95ec3728d7ef745a99",
    -- "uncles": [],
    -- "withdrawals": [
      -- {
        -- "address": "0x0c2c51a0990aee1d73c1228de158688341557508",
        -- "amount": "0x64",
        -- "index": "0x6",
        -- "validatorIndex": "0x5"
      -- }
    -- ],
    -- "withdrawalsRoot": "0xe0ab3dbb84deba21eca1dff9c98528bd2f6a427acd3d30f09ca504c7f0ef0a3b"
  }
}
>>  {"jsonrpc": "2.0", "id": 1, "method": "eth_getBlockByNumber", "params": ["latest", false]}
<<  {"jsonrpc":"2.0","result":{"difficulty":"0x0","extraData":"0x","gasLimit":"0xbebc200","gasUsed":"0x18d04","hash":"0xb3ba0330884cb90c46699588aab05619155565a21fecf9b9f9482693556f2316","logsBloom":"0x00000000000000000000000000000000000000000000000000000000800000000000000000000000000000000000000000000000000000000000000000000000000000000000000000004000000000000200000002000000000000000000002000000000000000000000000000800000000000000000000000000000000000000000000000000000000100000000000000000000000000000000000000000000000000000000009000000000000000000000000000000000000000800000000000800000000000000000000000000000000000000000000000000000000000000000000000000000000000000000000000000000000000000000000000400000","miner":"0x0000000000000000000000000000000000000000","mixHash":"0x0000000000000000000000000000000000000000000000000000000000000000","nonce":"0x0000000000000000","number":"0x48","parentHash":"0x7964ce394f9773783863d05cf0826d125024c5f5dac03c07d5d7832c551a40de","receiptsRoot":"0x8242a788eddcd94326c2acb0a6cb547ca411104a65e3c6c5f751ce1c7f14cd15","sha3Uncles":"0x1dcc4de8dec75d7aab85b567b6ccd41ad312451b948a7413f0a142fd40d49347","size":"0x400","stateRoot":"0x42da2e489b18e750a877106cd83e76fd16d4234d530e8290eda403582c50aac4","timestamp":"0x2d0","baseFeePerGas":"0x7d97fd","transactions":["0x72af7d7b24f8bd52b53e2974eb4a8b3a97819211501eb3969bc7d6562016f49d","0x2bd941225e044995fd7890bf3183cc65edb04f1b92aa7191626d120ee543e41c"],"transactionsRoot":"0x4a0b6fa744634b80a04463acab0cad7eb4aa563337ed6f95ec3728d7ef745a99","uncles":[],"withdrawals":[{"index":"0x6","validatorIndex":"0x5","address":"0x0c2c51a0990aee1d73c1228de158688341557508","amount":"0x64"}],"withdrawalsRoot":"0xe0ab3dbb84deba21eca1dff9c98528bd2f6a427acd3d30f09ca504c7f0ef0a3b","blobGasUsed":"0x20000","excessBlobGas":"0x0","parentBeaconBlockRoot":"0x47c896f5986ec29f58ec60eec56ed176910779e9fc9cf45c3c090126aeb21acd","requestsHash":"0xe3b0c44298fc1c149afbf4c8996fb92427ae41e4649b934ca495991b7852b855"},"id":1}
response differs from expected (-- client, ++ test):
{
  "id": 1,
  "jsonrpc": "2.0",
  "result": {
    -- "baseFeePerGas": "0x7d97fd",
    -- "blobGasUsed": "0x20000",
    ++ "capture_only": true,
    -- "difficulty": "0x0",
    -- "excessBlobGas": "0x0",
    -- "extraData": "0x",
    -- "gasLimit": "0xbebc200",
    -- "gasUsed": "0x18d04",
    -- "hash": "0xb3ba0330884cb90c46699588aab05619155565a21fecf9b9f9482693556f2316",
    -- "logsBloom": "0x00000000000000000000000000000000000000000000000000000000800000000000000000000000000000000000000000000000000000000000000000000000000000000000000000004000000000000200000002000000000000000000002000000000000000000000000000800000000000000000000000000000000000000000000000000000000100000000000000000000000000000000000000000000000000000000009000000000000000000000000000000000000000800000000000800000000000000000000000000000000000000000000000000000000000000000000000000000000000000000000000000000000000000000000000400000",
    -- "miner": "0x0000000000000000000000000000000000000000",
    -- "mixHash": "0x0000000000000000000000000000000000000000000000000000000000000000",
    -- "nonce": "0x0000000000000000",
    -- "number": "0x48",
    -- "parentBeaconBlockRoot": "0x47c896f5986ec29f58ec60eec56ed176910779e9fc9cf45c3c090126aeb21acd",
    -- "parentHash": "0x7964ce394f9773783863d05cf0826d125024c5f5dac03c07d5d7832c551a40de",
    -- "receiptsRoot": "0x8242a788eddcd94326c2acb0a6cb547ca411104a65e3c6c5f751ce1c7f14cd15",
    -- "requestsHash": "0xe3b0c44298fc1c149afbf4c8996fb92427ae41e4649b934ca495991b7852b855",
    -- "sha3Uncles": "0x1dcc4de8dec75d7aab85b567b6ccd41ad312451b948a7413f0a142fd40d49347",
    -- "size": "0x400",
    -- "stateRoot": "0x42da2e489b18e750a877106cd83e76fd16d4234d530e8290eda403582c50aac4",
    -- "timestamp": "0x2d0",
    -- "transactions": [
      -- "0x72af7d7b24f8bd52b53e2974eb4a8b3a97819211501eb3969bc7d6562016f49d",
      -- "0x2bd941225e044995fd7890bf3183cc65edb04f1b92aa7191626d120ee543e41c"
    -- ],
    -- "transactionsRoot": "0x4a0b6fa744634b80a04463acab0cad7eb4aa563337ed6f95ec3728d7ef745a99",
    -- "uncles": [],
    -- "withdrawals": [
      -- {
        -- "address": "0x0c2c51a0990aee1d73c1228de158688341557508",
        -- "amount": "0x64",
        -- "index": "0x6",
        -- "validatorIndex": "0x5"
      -- }
    -- ],
    -- "withdrawalsRoot": "0xe0ab3dbb84deba21eca1dff9c98528bd2f6a427acd3d30f09ca504c7f0ef0a3b"
  }
}
>>  {"jsonrpc": "2.0", "id": 1, "method": "web3_clientVersion", "params": []}
<<  {"jsonrpc":"2.0","result":"Nethermind/v2.1.0-unstable+a404c4f0-f/linux-x64/dotnet10.0.12","id":1}
response differs from expected (-- client, ++ test):
{
  "id": 1,
  "jsonrpc": "2.0",
  "result": -- "Nethermind/v2.1.0-unstable+a404c4f0-f/linux-x64/dotnet10.0.12" ++ {}
}
>>  {"jsonrpc": "2.0", "id": 1, "method": "trace_call", "params": [{"from": "0x7435ed30a8b4aeb0877cef0c6e8cffe834eb865f", "to": "0x000F3df6D732807Ef1319fB7B8bB8522d0Beac02", "data": "0x0000000000000000000000000000000000000000000000000000000000000230", "gas": "0x927c0", "gasPrice": "0x77359400"}, ["trace"], "0x37"]}
<<  {"jsonrpc":"2.0","result":{"vmTrace":null,"output":"0x","stateDiff":null,"trace":[{"action":{"callType":"call","from":"0x7435ed30a8b4aeb0877cef0c6e8cffe834eb865f","gas":"0x8d520","input":"0x0000000000000000000000000000000000000000000000000000000000000230","to":"0x000f3df6d732807ef1319fb7b8bb8522d0beac02","value":"0x0"},"error":"Reverted","subtraces":0,"traceAddress":[],"type":"call"}]},"id":1}
response differs from expected (-- client, ++ test):
{
  "id": 1,
  "jsonrpc": "2.0",
  "result": {
    ++ "capture_only": true,
    -- "output": "0x",
    -- "stateDiff": null,
    -- "trace": [
      -- {
        -- "action": {
          -- "callType": "call",
          -- "from": "0x7435ed30a8b4aeb0877cef0c6e8cffe834eb865f",
          -- "gas": "0x8d520",
          -- "input": "0x0000000000000000000000000000000000000000000000000000000000000230",
          -- "to": "0x000f3df6d732807ef1319fb7b8bb8522d0beac02",
          -- "value": "0x0"
        -- },
        -- "error": "Reverted",
        -- "subtraces": 0,
        -- "traceAddress": [],
        -- "type": "call"
      -- }
    -- ],
    -- "vmTrace": null
  }
}
>>  {"jsonrpc": "2.0", "id": 1, "method": "trace_call", "params": [{"from": "0x7435ed30a8b4aeb0877cef0c6e8cffe834eb865f", "to": "0x000F3df6D732807Ef1319fB7B8bB8522d0Beac02", "data": "0x0000000000000000000000000000000000000000000000000000000000000230", "gas": "0x927c0", "gasPrice": "0x77359400"}, ["trace"], "0x38"]}
<<  {"jsonrpc":"2.0","result":{"vmTrace":null,"output":"0x83472eda6eb475906aeeb7f09e757ba9f6663b9f6a5bf8611d6306f677f67ebd","stateDiff":null,"trace":[{"action":{"callType":"call","from":"0x7435ed30a8b4aeb0877cef0c6e8cffe834eb865f","gas":"0x8d520","input":"0x0000000000000000000000000000000000000000000000000000000000000230","to":"0x000f3df6d732807ef1319fb7b8bb8522d0beac02","value":"0x0"},"result":{"gasUsed":"0x10e0","output":"0x83472eda6eb475906aeeb7f09e757ba9f6663b9f6a5bf8611d6306f677f67ebd"},"subtraces":0,"traceAddress":[],"type":"call"}]},"id":1}
response differs from expected (-- client, ++ test):
{
  "id": 1,
  "jsonrpc": "2.0",
  "result": {
    ++ "capture_only": true,
    -- "output": "0x83472eda6eb475906aeeb7f09e757ba9f6663b9f6a5bf8611d6306f677f67ebd",
    -- "stateDiff": null,
    -- "trace": [
      -- {
        -- "action": {
          -- "callType": "call",
          -- "from": "0x7435ed30a8b4aeb0877cef0c6e8cffe834eb865f",
          -- "gas": "0x8d520",
          -- "input": "0x0000000000000000000000000000000000000000000000000000000000000230",
          -- "to": "0x000f3df6d732807ef1319fb7b8bb8522d0beac02",
          -- "value": "0x0"
        -- },
        -- "result": {
          -- "gasUsed": "0x10e0",
          -- "output": "0x83472eda6eb475906aeeb7f09e757ba9f6663b9f6a5bf8611d6306f677f67ebd"
        -- },
        -- "subtraces": 0,
        -- "traceAddress": [],
        -- "type": "call"
      -- }
    -- ],
    -- "vmTrace": null
  }
}
>>  {"jsonrpc": "2.0", "id": 1, "method": "eth_getBlockByNumber", "params": ["0x48", false]}
<<  {"jsonrpc":"2.0","result":{"difficulty":"0x0","extraData":"0x","gasLimit":"0xbebc200","gasUsed":"0x18d04","hash":"0xb3ba0330884cb90c46699588aab05619155565a21fecf9b9f9482693556f2316","logsBloom":"0x00000000000000000000000000000000000000000000000000000000800000000000000000000000000000000000000000000000000000000000000000000000000000000000000000004000000000000200000002000000000000000000002000000000000000000000000000800000000000000000000000000000000000000000000000000000000100000000000000000000000000000000000000000000000000000000009000000000000000000000000000000000000000800000000000800000000000000000000000000000000000000000000000000000000000000000000000000000000000000000000000000000000000000000000000400000","miner":"0x0000000000000000000000000000000000000000","mixHash":"0x0000000000000000000000000000000000000000000000000000000000000000","nonce":"0x0000000000000000","number":"0x48","parentHash":"0x7964ce394f9773783863d05cf0826d125024c5f5dac03c07d5d7832c551a40de","receiptsRoot":"0x8242a788eddcd94326c2acb0a6cb547ca411104a65e3c6c5f751ce1c7f14cd15","sha3Uncles":"0x1dcc4de8dec75d7aab85b567b6ccd41ad312451b948a7413f0a142fd40d49347","size":"0x400","stateRoot":"0x42da2e489b18e750a877106cd83e76fd16d4234d530e8290eda403582c50aac4","timestamp":"0x2d0","baseFeePerGas":"0x7d97fd","transactions":["0x72af7d7b24f8bd52b53e2974eb4a8b3a97819211501eb3969bc7d6562016f49d","0x2bd941225e044995fd7890bf3183cc65edb04f1b92aa7191626d120ee543e41c"],"transactionsRoot":"0x4a0b6fa744634b80a04463acab0cad7eb4aa563337ed6f95ec3728d7ef745a99","uncles":[],"withdrawals":[{"index":"0x6","validatorIndex":"0x5","address":"0x0c2c51a0990aee1d73c1228de158688341557508","amount":"0x64"}],"withdrawalsRoot":"0xe0ab3dbb84deba21eca1dff9c98528bd2f6a427acd3d30f09ca504c7f0ef0a3b","blobGasUsed":"0x20000","excessBlobGas":"0x0","parentBeaconBlockRoot":"0x47c896f5986ec29f58ec60eec56ed176910779e9fc9cf45c3c090126aeb21acd","requestsHash":"0xe3b0c44298fc1c149afbf4c8996fb92427ae41e4649b934ca495991b7852b855"},"id":1}
response differs from expected (-- client, ++ test):
{
  "id": 1,
  "jsonrpc": "2.0",
  "result": {
    -- "baseFeePerGas": "0x7d97fd",
    -- "blobGasUsed": "0x20000",
    ++ "capture_only": true,
    -- "difficulty": "0x0",
    -- "excessBlobGas": "0x0",
    -- "extraData": "0x",
    -- "gasLimit": "0xbebc200",
    -- "gasUsed": "0x18d04",
    -- "hash": "0xb3ba0330884cb90c46699588aab05619155565a21fecf9b9f9482693556f2316",
    -- "logsBloom": "0x00000000000000000000000000000000000000000000000000000000800000000000000000000000000000000000000000000000000000000000000000000000000000000000000000004000000000000200000002000000000000000000002000000000000000000000000000800000000000000000000000000000000000000000000000000000000100000000000000000000000000000000000000000000000000000000009000000000000000000000000000000000000000800000000000800000000000000000000000000000000000000000000000000000000000000000000000000000000000000000000000000000000000000000000000400000",
    -- "miner": "0x0000000000000000000000000000000000000000",
    -- "mixHash": "0x0000000000000000000000000000000000000000000000000000000000000000",
    -- "nonce": "0x0000000000000000",
    -- "number": "0x48",
    -- "parentBeaconBlockRoot": "0x47c896f5986ec29f58ec60eec56ed176910779e9fc9cf45c3c090126aeb21acd",
    -- "parentHash": "0x7964ce394f9773783863d05cf0826d125024c5f5dac03c07d5d7832c551a40de",
    -- "receiptsRoot": "0x8242a788eddcd94326c2acb0a6cb547ca411104a65e3c6c5f751ce1c7f14cd15",
    -- "requestsHash": "0xe3b0c44298fc1c149afbf4c8996fb92427ae41e4649b934ca495991b7852b855",
    -- "sha3Uncles": "0x1dcc4de8dec75d7aab85b567b6ccd41ad312451b948a7413f0a142fd40d49347",
    -- "size": "0x400",
    -- "stateRoot": "0x42da2e489b18e750a877106cd83e76fd16d4234d530e8290eda403582c50aac4",
    -- "timestamp": "0x2d0",
    -- "transactions": [
      -- "0x72af7d7b24f8bd52b53e2974eb4a8b3a97819211501eb3969bc7d6562016f49d",
      -- "0x2bd941225e044995fd7890bf3183cc65edb04f1b92aa7191626d120ee543e41c"
    -- ],
    -- "transactionsRoot": "0x4a0b6fa744634b80a04463acab0cad7eb4aa563337ed6f95ec3728d7ef745a99",
    -- "uncles": [],
    -- "withdrawals": [
      -- {
        -- "address": "0x0c2c51a0990aee1d73c1228de158688341557508",
        -- "amount": "0x64",
        -- "index": "0x6",
        -- "validatorIndex": "0x5"
      -- }
    -- ],
    -- "withdrawalsRoot": "0xe0ab3dbb84deba21eca1dff9c98528bd2f6a427acd3d30f09ca504c7f0ef0a3b"
  }
}
>>  {"jsonrpc": "2.0", "id": 1, "method": "trace_call", "params": [{"from": "0x7435ed30a8b4aeb0877cef0c6e8cffe834eb865f", "to": "0x0000000000000000000000000000000000001007", "gas": "0x927c0", "gasPrice": "0x77359400", "data": "0x"}, ["trace", "stateDiff", "vmTrace"], "0x37"]}
<<  {"jsonrpc":"2.0","result":{"vmTrace":{"code":"0x611008ff","ops":[{"cost":3,"ex":{"mem":null,"push":["0x1008"],"store":null,"used":578997},"pc":0,"sub":null},{"cost":32600,"ex":{"mem":null,"push":[],"store":null,"used":546397},"pc":3,"sub":null}]},"output":"0x","stateDiff":{"0x0000000000000000000000000000000000000000":{"balance":{"*":{"from":"0xc4f200cb8a8742bfd","to":"0xc4f206a5aa5411442"}},"code":"=","nonce":"=","storage":{}},"0x0000000000000000000000000000000000001007":{"balance":{"*":{"from":"0x64","to":null}},"code":{"*":{"from":"0x611008ff","to":null}},"nonce":{"*":{"from":"0x0","to":null}},"storage":{}},"0x0000000000000000000000000000000000001008":{"balance":{"\u002B":"0x64"},"code":"=","nonce":{"\u002B":"0x0"},"storage":{}},"0x7435ed30a8b4aeb0877cef0c6e8cffe834eb865f":{"balance":{"*":{"from":"0xc097ce7bc90715b347f875eff99958","to":"0xc097ce7bc90715b34796f5186d5d58"}},"code":"=","nonce":{"*":{"from":"0x7f","to":"0x80"}},"storage":{}}},"trace":[{"action":{"callType":"call","from":"0x7435ed30a8b4aeb0877cef0c6e8cffe834eb865f","gas":"0x8d5b8","input":"0x","to":"0x0000000000000000000000000000000000001007","value":"0x0"},"result":{"gasUsed":"0x7f5b","output":"0x"},"subtraces":1,"traceAddress":[],"type":"call"},{"action":{"address":"0x0000000000000000000000000000000000001007","balance":"0x64","refundAddress":"0x0000000000000000000000000000000000001008"},"result":null,"subtraces":0,"traceAddress":[0],"type":"suicide"}]},"id":1}
response differs from expected (-- client, ++ test):
{
  "id": 1,
  "jsonrpc": "2.0",
  "result": {
    ++ "capture_only": true,
    -- "output": "0x",
    -- "stateDiff": {
      -- "0x0000000000000000000000000000000000000000": {
        -- "balance": {
          -- "*": {
            -- "from": "0xc4f200cb8a8742bfd",
            -- "to": "0xc4f206a5aa5411442"
          -- }
        -- },
        -- "code": "=",
        -- "nonce": "=",
        -- "storage": {}
      -- },
      -- "0x0000000000000000000000000000000000001007": {
        -- "balance": {
          -- "*": {
            -- "from": "0x64",
            -- "to": null
          -- }
        -- },
        -- "code": {
          -- "*": {
            -- "from": "0x611008ff",
            -- "to": null
          -- }
        -- },
        -- "nonce": {
          -- "*": {
            -- "from": "0x0",
            -- "to": null
          -- }
        -- },
        -- "storage": {}
      -- },
      -- "0x0000000000000000000000000000000000001008": {
        -- "balance": {
          -- "+": "0x64"
        -- },
        -- "code": "=",
        -- "nonce": {
          -- "+": "0x0"
        -- },
        -- "storage": {}
      -- },
      -- "0x7435ed30a8b4aeb0877cef0c6e8cffe834eb865f": {
        -- "balance": {
          -- "*": {
            -- "from": "0xc097ce7bc90715b347f875eff99958",
            -- "to": "0xc097ce7bc90715b34796f5186d5d58"
          -- }
        -- },
        -- "code": "=",
        -- "nonce": {
          -- "*": {
            -- "from": "0x7f",
            -- "to": "0x80"
          -- }
        -- },
        -- "storage": {}
      -- }
    -- },
    -- "trace": [
      -- {
        -- "action": {
          -- "callType": "call",
          -- "from": "0x7435ed30a8b4aeb0877cef0c6e8cffe834eb865f",
          -- "gas": "0x8d5b8",
          -- "input": "0x",
          -- "to": "0x0000000000000000000000000000000000001007",
          -- "value": "0x0"
        -- },
        -- "result": {
          -- "gasUsed": "0x7f5b",
          -- "output": "0x"
        -- },
        -- "subtraces": 1,
        -- "traceAddress": [],
        -- "type": "call"
      -- },
      -- {
        -- "action": {
          -- "address": "0x0000000000000000000000000000000000001007",
          -- "balance": "0x64",
          -- "refundAddress": "0x0000000000000000000000000000000000001008"
        -- },
        -- "result": null,
        -- "subtraces": 0,
        -- "traceAddress": [
          -- 0
        -- ],
        -- "type": "suicide"
      -- }
    -- ],
    -- "vmTrace": {
      -- "code": "0x611008ff",
      -- "ops": [
        -- {
          -- "cost": 3,
          -- "ex": {
            -- "mem": null,
            -- "push": [
              -- "0x1008"
            -- ],
            -- "store": null,
            -- "used": 578997
          -- },
          -- "pc": 0,
          -- "sub": null
        -- },
        -- {
          -- "cost": 32600,
          -- "ex": {
            -- "mem": null,
            -- "push": [],
            -- "store": null,
            -- "used": 546397
          -- },
          -- "pc": 3,
          -- "sub": null
        -- }
      -- ]
    -- }
  }
}
>>  {"jsonrpc": "2.0", "id": 1, "method": "trace_call", "params": [{"from": "0x7435ed30a8b4aeb0877cef0c6e8cffe834eb865f", "to": "0x0000000000000000000000000000000000001007", "gas": "0x927c0", "gasPrice": "0x77359400", "data": "0x"}, ["trace", "stateDiff", "vmTrace"], "0x38"]}
<<  {"jsonrpc":"2.0","result":{"vmTrace":{"code":"0x611008ff","ops":[{"cost":3,"ex":{"mem":null,"push":["0x1008"],"store":null,"used":578997},"pc":0,"sub":null},{"cost":32600,"ex":{"mem":null,"push":[],"store":null,"used":546397},"pc":3,"sub":null}]},"output":"0x","stateDiff":{"0x0000000000000000000000000000000000000000":{"balance":{"*":{"from":"0xc4f200cb8a876839d","to":"0xc4f206ad66a2b0140"}},"code":"=","nonce":"=","storage":{}},"0x0000000000000000000000000000000000001007":{"balance":{"*":{"from":"0x64","to":"0x0"}},"code":"=","nonce":"=","storage":{}},"0x0000000000000000000000000000000000001008":{"balance":{"\u002B":"0x64"},"code":"=","nonce":{"\u002B":"0x0"},"storage":{}},"0x7435ed30a8b4aeb0877cef0c6e8cffe834eb865f":{"balance":{"*":{"from":"0xc097ce7bc90715b347eec2d8f29150","to":"0xc097ce7bc90715b3478d4201665550"}},"code":"=","nonce":{"*":{"from":"0x82","to":"0x83"}},"storage":{}}},"trace":[{"action":{"callType":"call","from":"0x7435ed30a8b4aeb0877cef0c6e8cffe834eb865f","gas":"0x8d5b8","input":"0x","to":"0x0000000000000000000000000000000000001007","value":"0x0"},"result":{"gasUsed":"0x7f5b","output":"0x"},"subtraces":1,"traceAddress":[],"type":"call"},{"action":{"address":"0x0000000000000000000000000000000000001007","balance":"0x64","refundAddress":"0x0000000000000000000000000000000000001008"},"result":null,"subtraces":0,"traceAddress":[0],"type":"suicide"}]},"id":1}
response differs from expected (-- client, ++ test):
{
  "id": 1,
  "jsonrpc": "2.0",
  "result": {
    ++ "capture_only": true,
    -- "output": "0x",
    -- "stateDiff": {
      -- "0x0000000000000000000000000000000000000000": {
        -- "balance": {
          -- "*": {
            -- "from": "0xc4f200cb8a876839d",
            -- "to": "0xc4f206ad66a2b0140"
          -- }
        -- },
        -- "code": "=",
        -- "nonce": "=",
        -- "storage": {}
      -- },
      -- "0x0000000000000000000000000000000000001007": {
        -- "balance": {
          -- "*": {
            -- "from": "0x64",
            -- "to": "0x0"
          -- }
        -- },
        -- "code": "=",
        -- "nonce": "=",
        -- "storage": {}
      -- },
      -- "0x0000000000000000000000000000000000001008": {
        -- "balance": {
          -- "+": "0x64"
        -- },
        -- "code": "=",
        -- "nonce": {
          -- "+": "0x0"
        -- },
        -- "storage": {}
      -- },
      -- "0x7435ed30a8b4aeb0877cef0c6e8cffe834eb865f": {
        -- "balance": {
          -- "*": {
            -- "from": "0xc097ce7bc90715b347eec2d8f29150",
            -- "to": "0xc097ce7bc90715b3478d4201665550"
          -- }
        -- },
        -- "code": "=",
        -- "nonce": {
          -- "*": {
            -- "from": "0x82",
            -- "to": "0x83"
          -- }
        -- },
        -- "storage": {}
      -- }
    -- },
    -- "trace": [
      -- {
        -- "action": {
          -- "callType": "call",
          -- "from": "0x7435ed30a8b4aeb0877cef0c6e8cffe834eb865f",
          -- "gas": "0x8d5b8",
          -- "input": "0x",
          -- "to": "0x0000000000000000000000000000000000001007",
          -- "value": "0x0"
        -- },
        -- "result": {
          -- "gasUsed": "0x7f5b",
          -- "output": "0x"
        -- },
        -- "subtraces": 1,
        -- "traceAddress": [],
        -- "type": "call"
      -- },
      -- {
        -- "action": {
          -- "address": "0x0000000000000000000000000000000000001007",
          -- "balance": "0x64",
          -- "refundAddress": "0x0000000000000000000000000000000000001008"
        -- },
        -- "result": null,
        -- "subtraces": 0,
        -- "traceAddress": [
          -- 0
        -- ],
        -- "type": "suicide"
      -- }
    -- ],
    -- "vmTrace": {
      -- "code": "0x611008ff",
      -- "ops": [
        -- {
          -- "cost": 3,
          -- "ex": {
            -- "mem": null,
            -- "push": [
              -- "0x1008"
            -- ],
            -- "store": null,
            -- "used": 578997
          -- },
          -- "pc": 0,
          -- "sub": null
        -- },
        -- {
          -- "cost": 32600,
          -- "ex": {
            -- "mem": null,
            -- "push": [],
            -- "store": null,
            -- "used": 546397
          -- },
          -- "pc": 3,
          -- "sub": null
        -- }
      -- ]
    -- }
  }
}
>>  {"jsonrpc": "2.0", "id": 1, "method": "eth_getStorageAt", "params": ["0x000F3df6D732807Ef1319fB7B8bB8522d0Beac02", "0x230", "0x37"]}
<<  {"jsonrpc":"2.0","result":"0x0000000000000000000000000000000000000000000000000000000000000000","id":1}
response differs from expected (-- client, ++ test):
{
  "id": 1,
  "jsonrpc": "2.0",
  "result": -- "0x0000000000000000000000000000000000000000000000000000000000000000" ++ {}
}
>>  {"jsonrpc": "2.0", "id": 1, "method": "eth_getStorageAt", "params": ["0x000F3df6D732807Ef1319fB7B8bB8522d0Beac02", "0x222f", "0x37"]}
<<  {"jsonrpc":"2.0","result":"0x0000000000000000000000000000000000000000000000000000000000000000","id":1}
response differs from expected (-- client, ++ test):
{
  "id": 1,
  "jsonrpc": "2.0",
  "result": -- "0x0000000000000000000000000000000000000000000000000000000000000000" ++ {}
}
>>  {"jsonrpc": "2.0", "id": 1, "method": "eth_getStorageAt", "params": ["0x000F3df6D732807Ef1319fB7B8bB8522d0Beac02", "0x230", "0x38"]}
<<  {"jsonrpc":"2.0","result":"0x0000000000000000000000000000000000000000000000000000000000000230","id":1}
response differs from expected (-- client, ++ test):
{
  "id": 1,
  "jsonrpc": "2.0",
  "result": -- "0x0000000000000000000000000000000000000000000000000000000000000230" ++ {}
}
>>  {"jsonrpc": "2.0", "id": 1, "method": "eth_getStorageAt", "params": ["0x000F3df6D732807Ef1319fB7B8bB8522d0Beac02", "0x222f", "0x38"]}
<<  {"jsonrpc":"2.0","result":"0x83472eda6eb475906aeeb7f09e757ba9f6663b9f6a5bf8611d6306f677f67ebd","id":1}
response differs from expected (-- client, ++ test):
{
  "id": 1,
  "jsonrpc": "2.0",
  "result": -- "0x83472eda6eb475906aeeb7f09e757ba9f6663b9f6a5bf8611d6306f677f67ebd" ++ {}
}
>>  {"jsonrpc": "2.0", "id": 1, "method": "eth_getBalance", "params": ["0x717f8aa2b982bee0e29f573d31df288663e1ce16", "0x33"]}
<<  {"jsonrpc":"2.0","result":"0xc097ce7bc90715b34b9f1000000006","id":1}
response differs from expected (-- client, ++ test):
{
  "id": 1,
  "jsonrpc": "2.0",
  "result": -- "0xc097ce7bc90715b34b9f1000000006" ++ {}
}
>>  {"jsonrpc": "2.0", "id": 1, "method": "eth_getBalance", "params": ["0x717f8aa2b982bee0e29f573d31df288663e1ce16", "0x34"]}
<<  {"jsonrpc":"2.0","result":"0xc097ce7bc90715b34b9f274876e806","id":1}
response differs from expected (-- client, ++ test):
{
  "id": 1,
  "jsonrpc": "2.0",
  "result": -- "0xc097ce7bc90715b34b9f274876e806" ++ {}
}
>>  {"jsonrpc": "2.0", "id": 1, "method": "eth_getBalance", "params": ["0x717f8aa2b982bee0e29f573d31df288663e1ce16", "0x35"]}
<<  {"jsonrpc":"2.0","result":"0xc097ce7bc90715b34b9f274876e806","id":1}
response differs from expected (-- client, ++ test):
{
  "id": 1,
  "jsonrpc": "2.0",
  "result": -- "0xc097ce7bc90715b34b9f274876e806" ++ {}
}
>>  {"jsonrpc": "2.0", "id": 1, "method": "eth_getBlockByNumber", "params": ["0x33", true]}
<<  {"jsonrpc":"2.0","result":{"difficulty":"0x0","extraData":"0x","gasLimit":"0xbebc200","gasUsed":"0x2fb12","hash":"0x022037fe9ef69d04fd00706fcd5a9c80b1b791c6f9c3088469b6407a660c28b9","logsBloom":"0x00000000000000000000000000000000000000000000000000000000000000000000000200000000000010000000000000000000000000000000000001000000010000000000000000004000002000000200004200400000000000000000002000000000400400000000000000000000000000000000000000000000000080000000000000000100000000000000000000000000000000010000000000000000000000000000000000000000000200000000000000000000000000000000000000000000000000000000000000000000000000000000000000000000000000000004000000000000000000000000000000000000000000000000000000000000","miner":"0x0000000000000000000000000000000000000000","mixHash":"0x0000000000000000000000000000000000000000000000000000000000000000","nonce":"0x0000000000000000","number":"0x33","parentHash":"0x81f27dba10123293c218f7e559812921bb76397f6f7cc77d281db9e94ff4fe9b","receiptsRoot":"0x67ab042bd973e8dedef30801a5589a00987c86c1ca17461677560545101482a8","sha3Uncles":"0x1dcc4de8dec75d7aab85b567b6ccd41ad312451b948a7413f0a142fd40d49347","size":"0x35c","stateRoot":"0x65aca059c8cbe1978e45591e3617d262f8d435fb832cefcf8234b0f8c72eb4e1","timestamp":"0x1fe","baseFeePerGas":"0x810ed7c","transactions":[{"type":"0x1","accessList":[],"yParity":"0x0","chainId":"0xc72dd9d5e883e","nonce":"0x72","to":"0x7435ed30a8b4aeb0877cef0c6e8cffe834eb865f","from":"0x7435ed30a8b4aeb0877cef0c6e8cffe834eb865f","value":"0x1","input":"0x","gasPrice":"0x810ed7d","v":"0x0","r":"0x56abc4bae751cb1703f3c3f1bcdddbf9f88c9c2f8c1416308ac46a5fdad1894e","s":"0x3e552a68655416e9efe4dfd749de3aa01d024267fd86b1dd3b01010463af483a","hash":"0x87d8ef31d0d35ae040f2998b90fd61eeb04882b21f189c521bec5c3cefb416d2","transactionIndex":"0x0","blockHash":"0x022037fe9ef69d04fd00706fcd5a9c80b1b791c6f9c3088469b6407a660c28b9","blockNumber":"0x33","blockTimestamp":"0x1fe","gas":"0x5208"},{"type":"0x2","maxPriorityFeePerGas":"0x1","maxFeePerGas":"0x810ed7d","accessList":[],"yParity":"0x0","chainId":"0xc72dd9d5e883e","nonce":"0x73","to":"0x9dcd17433742f4c0ca53122ab541d0ba67fc27d3","from":"0x7435ed30a8b4aeb0877cef0c6e8cffe834eb865f","value":"0x0","input":"0x01","gasPrice":"0x810ed7d","v":"0x0","r":"0x2eaa94ea47d0cb4d42657c5064e863547ef282553cfdbfe21aa8e8fe78320dc4","s":"0x346d37d97e2d83ce44afc3f6857fec86cc15787a05fa6c3a7aeff44627a51adb","hash":"0xa23373d1e4fa559fc33ffb791665855530831c83d0c241ef6b2d3f46a5f448f4","transactionIndex":"0x1","blockHash":"0x022037fe9ef69d04fd00706fcd5a9c80b1b791c6f9c3088469b6407a660c28b9","blockNumber":"0x33","blockTimestamp":"0x1fe","gas":"0x186a0"},{"type":"0x2","maxPriorityFeePerGas":"0x1","maxFeePerGas":"0x810ed7d","accessList":[],"yParity":"0x0","chainId":"0xc72dd9d5e883e","nonce":"0x74","to":"0x9dcd17433742f4c0ca53122ab541d0ba67fc27d0","from":"0x7435ed30a8b4aeb0877cef0c6e8cffe834eb865f","value":"0x0","input":"0x","gasPrice":"0x810ed7d","v":"0x0","r":"0xce6616592e74c522311002aa3786bcd541b3c0a3d6e99cafb6437682bfbd4d70","s":"0x784011e65470a03e351bf9f2d13492d6f0d9f674ba291dfc5c6c16838639091a","hash":"0x76430fba1b629206573ad53847b0bc7e9f80161b0e79750803715a8fb1bc5955","transactionIndex":"0x2","blockHash":"0x022037fe9ef69d04fd00706fcd5a9c80b1b791c6f9c3088469b6407a660c28b9","blockNumber":"0x33","blockTimestamp":"0x1fe","gas":"0x927c0"}],"transactionsRoot":"0x84a6970d2095aa92d6eafb42ab401e4e00e6e837ae670cb298628523c4eadbad","uncles":[]},"id":1}
response differs from expected (-- client, ++ test):
{
  "id": 1,
  "jsonrpc": "2.0",
  "result": {
    -- "baseFeePerGas": "0x810ed7c",
    ++ "capture_only": true,
    -- "difficulty": "0x0",
    -- "extraData": "0x",
    -- "gasLimit": "0xbebc200",
    -- "gasUsed": "0x2fb12",
    -- "hash": "0x022037fe9ef69d04fd00706fcd5a9c80b1b791c6f9c3088469b6407a660c28b9",
    -- "logsBloom": "0x00000000000000000000000000000000000000000000000000000000000000000000000200000000000010000000000000000000000000000000000001000000010000000000000000004000002000000200004200400000000000000000002000000000400400000000000000000000000000000000000000000000000080000000000000000100000000000000000000000000000000010000000000000000000000000000000000000000000200000000000000000000000000000000000000000000000000000000000000000000000000000000000000000000000000000004000000000000000000000000000000000000000000000000000000000000",
    -- "miner": "0x0000000000000000000000000000000000000000",
    -- "mixHash": "0x0000000000000000000000000000000000000000000000000000000000000000",
    -- "nonce": "0x0000000000000000",
    -- "number": "0x33",
    -- "parentHash": "0x81f27dba10123293c218f7e559812921bb76397f6f7cc77d281db9e94ff4fe9b",
    -- "receiptsRoot": "0x67ab042bd973e8dedef30801a5589a00987c86c1ca17461677560545101482a8",
    -- "sha3Uncles": "0x1dcc4de8dec75d7aab85b567b6ccd41ad312451b948a7413f0a142fd40d49347",
    -- "size": "0x35c",
    -- "stateRoot": "0x65aca059c8cbe1978e45591e3617d262f8d435fb832cefcf8234b0f8c72eb4e1",
    -- "timestamp": "0x1fe",
    -- "transactions": [
      -- {
        -- "accessList": [],
        -- "blockHash": "0x022037fe9ef69d04fd00706fcd5a9c80b1b791c6f9c3088469b6407a660c28b9",
        -- "blockNumber": "0x33",
        -- "blockTimestamp": "0x1fe",
        -- "chainId": "0xc72dd9d5e883e",
        -- "from": "0x7435ed30a8b4aeb0877cef0c6e8cffe834eb865f",
        -- "gas": "0x5208",
        -- "gasPrice": "0x810ed7d",
        -- "hash": "0x87d8ef31d0d35ae040f2998b90fd61eeb04882b21f189c521bec5c3cefb416d2",
        -- "input": "0x",
        -- "nonce": "0x72",
        -- "r": "0x56abc4bae751cb1703f3c3f1bcdddbf9f88c9c2f8c1416308ac46a5fdad1894e",
        -- "s": "0x3e552a68655416e9efe4dfd749de3aa01d024267fd86b1dd3b01010463af483a",
        -- "to": "0x7435ed30a8b4aeb0877cef0c6e8cffe834eb865f",
        -- "transactionIndex": "0x0",
        -- "type": "0x1",
        -- "v": "0x0",
        -- "value": "0x1",
        -- "yParity": "0x0"
      -- },
      -- {
        -- "accessList": [],
        -- "blockHash": "0x022037fe9ef69d04fd00706fcd5a9c80b1b791c6f9c3088469b6407a660c28b9",
        -- "blockNumber": "0x33",
        -- "blockTimestamp": "0x1fe",
        -- "chainId": "0xc72dd9d5e883e",
        -- "from": "0x7435ed30a8b4aeb0877cef0c6e8cffe834eb865f",
        -- "gas": "0x186a0",
        -- "gasPrice": "0x810ed7d",
        -- "hash": "0xa23373d1e4fa559fc33ffb791665855530831c83d0c241ef6b2d3f46a5f448f4",
        -- "input": "0x01",
        -- "maxFeePerGas": "0x810ed7d",
        -- "maxPriorityFeePerGas": "0x1",
        -- "nonce": "0x73",
        -- "r": "0x2eaa94ea47d0cb4d42657c5064e863547ef282553cfdbfe21aa8e8fe78320dc4",
        -- "s": "0x346d37d97e2d83ce44afc3f6857fec86cc15787a05fa6c3a7aeff44627a51adb",
        -- "to": "0x9dcd17433742f4c0ca53122ab541d0ba67fc27d3",
        -- "transactionIndex": "0x1",
        -- "type": "0x2",
        -- "v": "0x0",
        -- "value": "0x0",
        -- "yParity": "0x0"
      -- },
      -- {
        -- "accessList": [],
        -- "blockHash": "0x022037fe9ef69d04fd00706fcd5a9c80b1b791c6f9c3088469b6407a660c28b9",
        -- "blockNumber": "0x33",
        -- "blockTimestamp": "0x1fe",
        -- "chainId": "0xc72dd9d5e883e",
        -- "from": "0x7435ed30a8b4aeb0877cef0c6e8cffe834eb865f",
        -- "gas": "0x927c0",
        -- "gasPrice": "0x810ed7d",
        -- "hash": "0x76430fba1b629206573ad53847b0bc7e9f80161b0e79750803715a8fb1bc5955",
        -- "input": "0x",
        -- "maxFeePerGas": "0x810ed7d",
        -- "maxPriorityFeePerGas": "0x1",
        -- "nonce": "0x74",
        -- "r": "0xce6616592e74c522311002aa3786bcd541b3c0a3d6e99cafb6437682bfbd4d70",
        -- "s": "0x784011e65470a03e351bf9f2d13492d6f0d9f674ba291dfc5c6c16838639091a",
        -- "to": "0x9dcd17433742f4c0ca53122ab541d0ba67fc27d0",
        -- "transactionIndex": "0x2",
        -- "type": "0x2",
        -- "v": "0x0",
        -- "value": "0x0",
        -- "yParity": "0x0"
      -- }
    -- ],
    -- "transactionsRoot": "0x84a6970d2095aa92d6eafb42ab401e4e00e6e837ae670cb298628523c4eadbad",
    -- "uncles": []
  }
}
>>  {"jsonrpc": "2.0", "id": 1, "method": "eth_getBlockByNumber", "params": ["0x34", true]}
<<  {"jsonrpc":"2.0","result":{"difficulty":"0x0","extraData":"0x","gasLimit":"0xbebc200","gasUsed":"0x11470","hash":"0xa9578be0967413b9adc40736fd4ec67d0529b890a81d62102db05e61d6de1897","logsBloom":"0x00000000000000000000000000000000000000000000000000000000800000000000000000000000000000000000000000000000000000000000000000000000000000000000000000004000000000001200000000000000000000000000002000000000000000000000000000000000000000000000000000000000000000000000000000000000000000000000000000000000000000000000000000000000000000000000009000000000000000000000000000000000000000000000000000000000000000000000000000000000000000000000000000000000000000000000000000004000000000000000000000000000000000000000000008000000","miner":"0x0000000000000000000000000000000000000000","mixHash":"0x0000000000000000000000000000000000000000000000000000000000000000","nonce":"0x0000000000000000","number":"0x34","parentHash":"0x022037fe9ef69d04fd00706fcd5a9c80b1b791c6f9c3088469b6407a660c28b9","receiptsRoot":"0xa2dd95687771e75f96f544680724c54dc5c59c26ac59c7a58edab2b0382b5469","sha3Uncles":"0x1dcc4de8dec75d7aab85b567b6ccd41ad312451b948a7413f0a142fd40d49347","size":"0x324","stateRoot":"0x3c7454b16a691794d881fa6565ab663b4cda39e69393fdd1ba067db336dbbb09","timestamp":"0x208","baseFeePerGas":"0x70f50e2","transactions":[{"type":"0x0","nonce":"0x75","to":"0x7dcd17433742f4c0ca53122ab541d0ba67fc27df","from":"0x7435ed30a8b4aeb0877cef0c6e8cffe834eb865f","value":"0x2","input":"0x74bff204de43b4a2656d6974","gasPrice":"0x70f50e3","chainId":"0xc72dd9d5e883e","v":"0x18e5bb3abd109f","r":"0xd1dfe7c72bc2bd884654cd8c7417009e50eecb519e9b8328c8cf2ba7b53c9c53","s":"0x175e1fee6e062cf562cd1c67517b5edf61a59802cc8d52665b2efd6fdcea7b90","hash":"0x63debd7bcab14a95198660dfe794ca12fd2a34b24f780dd7572c55f2a58735b3","transactionIndex":"0x0","blockHash":"0xa9578be0967413b9adc40736fd4ec67d0529b890a81d62102db05e61d6de1897","blockNumber":"0x34","blockTimestamp":"0x208","gas":"0x186a0"},{"type":"0x0","nonce":"0x76","to":"0x83c7e323d189f18725ac510004fdc2941f8c4a78","from":"0x7435ed30a8b4aeb0877cef0c6e8cffe834eb865f","value":"0x1","input":"0x","gasPrice":"0x70f50e3","chainId":"0xc72dd9d5e883e","v":"0x18e5bb3abd109f","r":"0xdd21c5a0aff9b742778951b1d69281be5fac3eb4d93484339636bc8d74f12154","s":"0x70503b79d84767babed0941a8c43e94a7cc40e5dc69ba05fea56167a6c796075","hash":"0xd7822fd23594d52bc98493786233edb857cbeee469a3148b5780e076a53985db","transactionIndex":"0x1","blockHash":"0xa9578be0967413b9adc40736fd4ec67d0529b890a81d62102db05e61d6de1897","blockNumber":"0x34","blockTimestamp":"0x208","gas":"0x5208"}],"transactionsRoot":"0xef011cbfe9ae50e7defe82a8382cc477d1c5f6d6cc41bf9245f201894b3d2923","uncles":[],"withdrawals":[{"index":"0x0","validatorIndex":"0x5","address":"0x717f8aa2b982bee0e29f573d31df288663e1ce16","amount":"0x64"}],"withdrawalsRoot":"0x5e1016697b3b7f7c7ae99708e4482ca5cf920e5dfd971d9a970768f3c5fb6eb4"},"id":1}
response differs from expected (-- client, ++ test):
{
  "id": 1,
  "jsonrpc": "2.0",
  "result": {
    -- "baseFeePerGas": "0x70f50e2",
    ++ "capture_only": true,
    -- "difficulty": "0x0",
    -- "extraData": "0x",
    -- "gasLimit": "0xbebc200",
    -- "gasUsed": "0x11470",
    -- "hash": "0xa9578be0967413b9adc40736fd4ec67d0529b890a81d62102db05e61d6de1897",
    -- "logsBloom": "0x00000000000000000000000000000000000000000000000000000000800000000000000000000000000000000000000000000000000000000000000000000000000000000000000000004000000000001200000000000000000000000000002000000000000000000000000000000000000000000000000000000000000000000000000000000000000000000000000000000000000000000000000000000000000000000000009000000000000000000000000000000000000000000000000000000000000000000000000000000000000000000000000000000000000000000000000000004000000000000000000000000000000000000000000008000000",
    -- "miner": "0x0000000000000000000000000000000000000000",
    -- "mixHash": "0x0000000000000000000000000000000000000000000000000000000000000000",
    -- "nonce": "0x0000000000000000",
    -- "number": "0x34",
    -- "parentHash": "0x022037fe9ef69d04fd00706fcd5a9c80b1b791c6f9c3088469b6407a660c28b9",
    -- "receiptsRoot": "0xa2dd95687771e75f96f544680724c54dc5c59c26ac59c7a58edab2b0382b5469",
    -- "sha3Uncles": "0x1dcc4de8dec75d7aab85b567b6ccd41ad312451b948a7413f0a142fd40d49347",
    -- "size": "0x324",
    -- "stateRoot": "0x3c7454b16a691794d881fa6565ab663b4cda39e69393fdd1ba067db336dbbb09",
    -- "timestamp": "0x208",
    -- "transactions": [
      -- {
        -- "blockHash": "0xa9578be0967413b9adc40736fd4ec67d0529b890a81d62102db05e61d6de1897",
        -- "blockNumber": "0x34",
        -- "blockTimestamp": "0x208",
        -- "chainId": "0xc72dd9d5e883e",
        -- "from": "0x7435ed30a8b4aeb0877cef0c6e8cffe834eb865f",
        -- "gas": "0x186a0",
        -- "gasPrice": "0x70f50e3",
        -- "hash": "0x63debd7bcab14a95198660dfe794ca12fd2a34b24f780dd7572c55f2a58735b3",
        -- "input": "0x74bff204de43b4a2656d6974",
        -- "nonce": "0x75",
        -- "r": "0xd1dfe7c72bc2bd884654cd8c7417009e50eecb519e9b8328c8cf2ba7b53c9c53",
        -- "s": "0x175e1fee6e062cf562cd1c67517b5edf61a59802cc8d52665b2efd6fdcea7b90",
        -- "to": "0x7dcd17433742f4c0ca53122ab541d0ba67fc27df",
        -- "transactionIndex": "0x0",
        -- "type": "0x0",
        -- "v": "0x18e5bb3abd109f",
        -- "value": "0x2"
      -- },
      -- {
        -- "blockHash": "0xa9578be0967413b9adc40736fd4ec67d0529b890a81d62102db05e61d6de1897",
        -- "blockNumber": "0x34",
        -- "blockTimestamp": "0x208",
        -- "chainId": "0xc72dd9d5e883e",
        -- "from": "0x7435ed30a8b4aeb0877cef0c6e8cffe834eb865f",
        -- "gas": "0x5208",
        -- "gasPrice": "0x70f50e3",
        -- "hash": "0xd7822fd23594d52bc98493786233edb857cbeee469a3148b5780e076a53985db",
        -- "input": "0x",
        -- "nonce": "0x76",
        -- "r": "0xdd21c5a0aff9b742778951b1d69281be5fac3eb4d93484339636bc8d74f12154",
        -- "s": "0x70503b79d84767babed0941a8c43e94a7cc40e5dc69ba05fea56167a6c796075",
        -- "to": "0x83c7e323d189f18725ac510004fdc2941f8c4a78",
        -- "transactionIndex": "0x1",
        -- "type": "0x0",
        -- "v": "0x18e5bb3abd109f",
        -- "value": "0x1"
      -- }
    -- ],
    -- "transactionsRoot": "0xef011cbfe9ae50e7defe82a8382cc477d1c5f6d6cc41bf9245f201894b3d2923",
    -- "uncles": [],
    -- "withdrawals": [
      -- {
        -- "address": "0x717f8aa2b982bee0e29f573d31df288663e1ce16",
        -- "amount": "0x64",
        -- "index": "0x0",
        -- "validatorIndex": "0x5"
      -- }
    -- ],
    -- "withdrawalsRoot": "0x5e1016697b3b7f7c7ae99708e4482ca5cf920e5dfd971d9a970768f3c5fb6eb4"
  }
}
>>  {"jsonrpc": "2.0", "id": 1, "method": "eth_getBlockByNumber", "params": ["0x35", true]}
<<  {"jsonrpc":"2.0","result":{"difficulty":"0x0","extraData":"0x","gasLimit":"0xbebc200","gasUsed":"0x17745","hash":"0xced7868057d8d421c73d54e58e5c5d70313a1d71ea43910b3fd6cd95f25de17a","logsBloom":"0x00000000000000000000000000000000000000000000000000000000800000000000000000000000000000000000000000000000000000000001000000000000000000000000000000004000000000000200000000000000000000000000002000000000000000020000000000000000000000000000000020000000000000000000000000000000000000000000000000000000000000000000000000000000000000000000009000000000000000000000000000000000000000000000000000000000000000000000000000000000000000000000000000000000000000000000000000000000000000000000000000000000000000000000000000000000","miner":"0x0000000000000000000000000000000000000000","mixHash":"0x0000000000000000000000000000000000000000000000000000000000000000","nonce":"0x0000000000000000","number":"0x35","parentHash":"0xa9578be0967413b9adc40736fd4ec67d0529b890a81d62102db05e61d6de1897","receiptsRoot":"0x7f83604897d9bcfd7b817d4538c7a3fe7b2030dc969bb956b9cb27d26bea0243","sha3Uncles":"0x1dcc4de8dec75d7aab85b567b6ccd41ad312451b948a7413f0a142fd40d49347","size":"0x3e5","stateRoot":"0xe3473e8bdb8bca96c93ff10ceaf369e7bbb0c754c36791a9a93c07fab75c662b","timestamp":"0x212","baseFeePerGas":"0x62d8fb4","transactions":[{"type":"0x1","accessList":[{"address":"0x7dcd17433742f4c0ca53122ab541d0ba67fc27df","storageKeys":["0x0000000000000000000000000000000000000000000000000000000000000000","0xefcb86facadbec33b8779888975eacca8f44a9073a845521617f1fb30e1ac818"]}],"yParity":"0x0","chainId":"0xc72dd9d5e883e","nonce":"0x77","to":"0x7dcd17433742f4c0ca53122ab541d0ba67fc27df","from":"0x7435ed30a8b4aeb0877cef0c6e8cffe834eb865f","value":"0x2","input":"0xac2ee5432174b752656d6974","gasPrice":"0x62d8fb5","v":"0x0","r":"0xaca638793e2ce6ccbe803bc9238572f89406747d4b680f86d945fa3eeb7070ba","s":"0x4cf217d0c06f4ac6f8bd6bf3b6892a43da1969eb1d60fa667a66392b40d17fc0","hash":"0xfa647a42263cadb4a65927e749d4383dd38d6fe8f5295102c4bdb9c35d968cc7","transactionIndex":"0x0","blockHash":"0xced7868057d8d421c73d54e58e5c5d70313a1d71ea43910b3fd6cd95f25de17a","blockNumber":"0x35","blockTimestamp":"0x212","gas":"0x186a0"},{"type":"0x1","accessList":[],"yParity":"0x0","chainId":"0xc72dd9d5e883e","nonce":"0x78","to":"0x4dde844b71bcdf95512fb4dc94e84fb67b512ed8","from":"0x7435ed30a8b4aeb0877cef0c6e8cffe834eb865f","value":"0x1","input":"0x","gasPrice":"0x62d8fb5","v":"0x0","r":"0x746455bab2f1b0641c63246d40feff1a31649cd076dcc2847824c615c897d978","s":"0x4adc2322378493f72c00f1b765b1bef2feab333df5366a3d24763e739da20eaa","hash":"0x37b18bad0533859eb3c0852c3f7ec1405f6e1f8ace1951ce2e5791bcb896aaea","transactionIndex":"0x1","blockHash":"0xced7868057d8d421c73d54e58e5c5d70313a1d71ea43910b3fd6cd95f25de17a","blockNumber":"0x35","blockTimestamp":"0x212","gas":"0x5208"},{"type":"0x2","maxPriorityFeePerGas":"0x1","maxFeePerGas":"0x62d8fb5","accessList":[],"yParity":"0x0","chainId":"0xc72dd9d5e883e","nonce":"0x79","to":"0x9dcd17433742f4c0ca53122ab541d0ba67fc27d3","from":"0x7435ed30a8b4aeb0877cef0c6e8cffe834eb865f","value":"0x0","input":"0x01","gasPrice":"0x62d8fb5","v":"0x0","r":"0xe10d6432c0c1920873441fe657cd8e968f50e63a845a72c72093319440397e10","s":"0x4c184f3625a5f9565b1dfa35d3da1a1eb31848bcc92ee6d4d368170edde10b96","hash":"0x7ff52ad34eea4593d4b7fc13fc68cf31e6ad3520f764f30c24e77dd363722de5","transactionIndex":"0x2","blockHash":"0xced7868057d8d421c73d54e58e5c5d70313a1d71ea43910b3fd6cd95f25de17a","blockNumber":"0x35","blockTimestamp":"0x212","gas":"0x186a0"}],"transactionsRoot":"0x5332ce6da159c652fc2ff58dd7a2cfc0608419de1c6e2c16445d5b6181c0d789","uncles":[],"withdrawals":[],"withdrawalsRoot":"0x56e81f171bcc55a6ff8345e692c0f86e5b48e01b996cadc001622fb5e363b421"},"id":1}
response differs from expected (-- client, ++ test):
{
  "id": 1,
  "jsonrpc": "2.0",
  "result": {
    -- "baseFeePerGas": "0x62d8fb4",
    ++ "capture_only": true,
    -- "difficulty": "0x0",
    -- "extraData": "0x",
    -- "gasLimit": "0xbebc200",
    -- "gasUsed": "0x17745",
    -- "hash": "0xced7868057d8d421c73d54e58e5c5d70313a1d71ea43910b3fd6cd95f25de17a",
    -- "logsBloom": "0x00000000000000000000000000000000000000000000000000000000800000000000000000000000000000000000000000000000000000000001000000000000000000000000000000004000000000000200000000000000000000000000002000000000000000020000000000000000000000000000000020000000000000000000000000000000000000000000000000000000000000000000000000000000000000000000009000000000000000000000000000000000000000000000000000000000000000000000000000000000000000000000000000000000000000000000000000000000000000000000000000000000000000000000000000000000",
    -- "miner": "0x0000000000000000000000000000000000000000",
    -- "mixHash": "0x0000000000000000000000000000000000000000000000000000000000000000",
    -- "nonce": "0x0000000000000000",
    -- "number": "0x35",
    -- "parentHash": "0xa9578be0967413b9adc40736fd4ec67d0529b890a81d62102db05e61d6de1897",
    -- "receiptsRoot": "0x7f83604897d9bcfd7b817d4538c7a3fe7b2030dc969bb956b9cb27d26bea0243",
    -- "sha3Uncles": "0x1dcc4de8dec75d7aab85b567b6ccd41ad312451b948a7413f0a142fd40d49347",
    -- "size": "0x3e5",
    -- "stateRoot": "0xe3473e8bdb8bca96c93ff10ceaf369e7bbb0c754c36791a9a93c07fab75c662b",
    -- "timestamp": "0x212",
    -- "transactions": [
      -- {
        -- "accessList": [
          -- {
            -- "address": "0x7dcd17433742f4c0ca53122ab541d0ba67fc27df",
            -- "storageKeys": [
              -- "0x0000000000000000000000000000000000000000000000000000000000000000",
              -- "0xefcb86facadbec33b8779888975eacca8f44a9073a845521617f1fb30e1ac818"
            -- ]
          -- }
        -- ],
        -- "blockHash": "0xced7868057d8d421c73d54e58e5c5d70313a1d71ea43910b3fd6cd95f25de17a",
        -- "blockNumber": "0x35",
        -- "blockTimestamp": "0x212",
        -- "chainId": "0xc72dd9d5e883e",
        -- "from": "0x7435ed30a8b4aeb0877cef0c6e8cffe834eb865f",
        -- "gas": "0x186a0",
        -- "gasPrice": "0x62d8fb5",
        -- "hash": "0xfa647a42263cadb4a65927e749d4383dd38d6fe8f5295102c4bdb9c35d968cc7",
        -- "input": "0xac2ee5432174b752656d6974",
        -- "nonce": "0x77",
        -- "r": "0xaca638793e2ce6ccbe803bc9238572f89406747d4b680f86d945fa3eeb7070ba",
        -- "s": "0x4cf217d0c06f4ac6f8bd6bf3b6892a43da1969eb1d60fa667a66392b40d17fc0",
        -- "to": "0x7dcd17433742f4c0ca53122ab541d0ba67fc27df",
        -- "transactionIndex": "0x0",
        -- "type": "0x1",
        -- "v": "0x0",
        -- "value": "0x2",
        -- "yParity": "0x0"
      -- },
      -- {
        -- "accessList": [],
        -- "blockHash": "0xced7868057d8d421c73d54e58e5c5d70313a1d71ea43910b3fd6cd95f25de17a",
        -- "blockNumber": "0x35",
        -- "blockTimestamp": "0x212",
        -- "chainId": "0xc72dd9d5e883e",
        -- "from": "0x7435ed30a8b4aeb0877cef0c6e8cffe834eb865f",
        -- "gas": "0x5208",
        -- "gasPrice": "0x62d8fb5",
        -- "hash": "0x37b18bad0533859eb3c0852c3f7ec1405f6e1f8ace1951ce2e5791bcb896aaea",
        -- "input": "0x",
        -- "nonce": "0x78",
        -- "r": "0x746455bab2f1b0641c63246d40feff1a31649cd076dcc2847824c615c897d978",
        -- "s": "0x4adc2322378493f72c00f1b765b1bef2feab333df5366a3d24763e739da20eaa",
        -- "to": "0x4dde844b71bcdf95512fb4dc94e84fb67b512ed8",
        -- "transactionIndex": "0x1",
        -- "type": "0x1",
        -- "v": "0x0",
        -- "value": "0x1",
        -- "yParity": "0x0"
      -- },
      -- {
        -- "accessList": [],
        -- "blockHash": "0xced7868057d8d421c73d54e58e5c5d70313a1d71ea43910b3fd6cd95f25de17a",
        -- "blockNumber": "0x35",
        -- "blockTimestamp": "0x212",
        -- "chainId": "0xc72dd9d5e883e",
        -- "from": "0x7435ed30a8b4aeb0877cef0c6e8cffe834eb865f",
        -- "gas": "0x186a0",
        -- "gasPrice": "0x62d8fb5",
        -- "hash": "0x7ff52ad34eea4593d4b7fc13fc68cf31e6ad3520f764f30c24e77dd363722de5",
        -- "input": "0x01",
        -- "maxFeePerGas": "0x62d8fb5",
        -- "maxPriorityFeePerGas": "0x1",
        -- "nonce": "0x79",
        -- "r": "0xe10d6432c0c1920873441fe657cd8e968f50e63a845a72c72093319440397e10",
        -- "s": "0x4c184f3625a5f9565b1dfa35d3da1a1eb31848bcc92ee6d4d368170edde10b96",
        -- "to": "0x9dcd17433742f4c0ca53122ab541d0ba67fc27d3",
        -- "transactionIndex": "0x2",
        -- "type": "0x2",
        -- "v": "0x0",
        -- "value": "0x0",
        -- "yParity": "0x0"
      -- }
    -- ],
    -- "transactionsRoot": "0x5332ce6da159c652fc2ff58dd7a2cfc0608419de1c6e2c16445d5b6181c0d789",
    -- "uncles": [],
    -- "withdrawals": [],
    -- "withdrawalsRoot": "0x56e81f171bcc55a6ff8345e692c0f86e5b48e01b996cadc001622fb5e363b421"
  }
}
>>  {"jsonrpc": "2.0", "id": 1, "method": "trace_filter", "params": [{"fromBlock": "0x33", "toBlock": "0x33", "toAddress": ["0x717f8aa2b982bee0e29f573d31df288663e1ce16"]}]}
<<  {"jsonrpc":"2.0","result":[],"id":1}
response differs from expected (-- client, ++ test):
{
  "id": 1,
  "jsonrpc": "2.0",
  "result": -- [] ++ {}
}
>>  {"jsonrpc": "2.0", "id": 1, "method": "trace_filter", "params": [{"fromBlock": "0x34", "toBlock": "0x34", "toAddress": ["0x717f8aa2b982bee0e29f573d31df288663e1ce16"]}]}
<<  {"jsonrpc":"2.0","result":[],"id":1}
response differs from expected (-- client, ++ test):
{
  "id": 1,
  "jsonrpc": "2.0",
  "result": -- [] ++ {}
}
>>  {"jsonrpc": "2.0", "id": 1, "method": "trace_filter", "params": [{"fromBlock": "0x35", "toBlock": "0x35", "toAddress": ["0x717f8aa2b982bee0e29f573d31df288663e1ce16"]}]}
<<  {"jsonrpc":"2.0","result":[],"id":1}
response differs from expected (-- client, ++ test):
{
  "id": 1,
  "jsonrpc": "2.0",
  "result": -- [] ++ {}
}
sending engine_forkchoiceUpdatedV3: [map[finalizedBlockHash:0xc838e291267cb5ce27dd44cd30e91eade7d3d97ee9d19805453f8f0c18b297c8 headBlockHash:0xb3ba0330884cb90c46699588aab05619155565a21fecf9b9f9482693556f2316 safeBlockHash:0xb3ba0330884cb90c46699588aab05619155565a21fecf9b9f9482693556f2316] <nil>]
response: map[payloadId:<nil> payloadStatus:map[latestValidHash:0xb3ba0330884cb90c46699588aab05619155565a21fecf9b9f9482693556f2316 status:VALID validationError:<nil>]]
>>  {"jsonrpc": "2.0", "id": 1, "method": "eth_getBlockByNumber", "params": ["0x48", false]}
<<  {"jsonrpc":"2.0","result":{"difficulty":"0x0","extraData":"0x","gasLimit":"0xbebc200","gasUsed":"0x18d04","hash":"0xb3ba0330884cb90c46699588aab05619155565a21fecf9b9f9482693556f2316","logsBloom":"0x00000000000000000000000000000000000000000000000000000000800000000000000000000000000000000000000000000000000000000000000000000000000000000000000000004000000000000200000002000000000000000000002000000000000000000000000000800000000000000000000000000000000000000000000000000000000100000000000000000000000000000000000000000000000000000000009000000000000000000000000000000000000000800000000000800000000000000000000000000000000000000000000000000000000000000000000000000000000000000000000000000000000000000000000000400000","miner":"0x0000000000000000000000000000000000000000","mixHash":"0x0000000000000000000000000000000000000000000000000000000000000000","nonce":"0x0000000000000000","number":"0x48","parentHash":"0x7964ce394f9773783863d05cf0826d125024c5f5dac03c07d5d7832c551a40de","receiptsRoot":"0x8242a788eddcd94326c2acb0a6cb547ca411104a65e3c6c5f751ce1c7f14cd15","sha3Uncles":"0x1dcc4de8dec75d7aab85b567b6ccd41ad312451b948a7413f0a142fd40d49347","size":"0x400","stateRoot":"0x42da2e489b18e750a877106cd83e76fd16d4234d530e8290eda403582c50aac4","timestamp":"0x2d0","baseFeePerGas":"0x7d97fd","transactions":["0x72af7d7b24f8bd52b53e2974eb4a8b3a97819211501eb3969bc7d6562016f49d","0x2bd941225e044995fd7890bf3183cc65edb04f1b92aa7191626d120ee543e41c"],"transactionsRoot":"0x4a0b6fa744634b80a04463acab0cad7eb4aa563337ed6f95ec3728d7ef745a99","uncles":[],"withdrawals":[{"index":"0x6","validatorIndex":"0x5","address":"0x0c2c51a0990aee1d73c1228de158688341557508","amount":"0x64"}],"withdrawalsRoot":"0xe0ab3dbb84deba21eca1dff9c98528bd2f6a427acd3d30f09ca504c7f0ef0a3b","blobGasUsed":"0x20000","excessBlobGas":"0x0","parentBeaconBlockRoot":"0x47c896f5986ec29f58ec60eec56ed176910779e9fc9cf45c3c090126aeb21acd","requestsHash":"0xe3b0c44298fc1c149afbf4c8996fb92427ae41e4649b934ca495991b7852b855"},"id":1}
response differs from expected (-- client, ++ test):
{
  "id": 1,
  "jsonrpc": "2.0",
  "result": {
    -- "baseFeePerGas": "0x7d97fd",
    -- "blobGasUsed": "0x20000",
    ++ "capture_only": true,
    -- "difficulty": "0x0",
    -- "excessBlobGas": "0x0",
    -- "extraData": "0x",
    -- "gasLimit": "0xbebc200",
    -- "gasUsed": "0x18d04",
    -- "hash": "0xb3ba0330884cb90c46699588aab05619155565a21fecf9b9f9482693556f2316",
    -- "logsBloom": "0x00000000000000000000000000000000000000000000000000000000800000000000000000000000000000000000000000000000000000000000000000000000000000000000000000004000000000000200000002000000000000000000002000000000000000000000000000800000000000000000000000000000000000000000000000000000000100000000000000000000000000000000000000000000000000000000009000000000000000000000000000000000000000800000000000800000000000000000000000000000000000000000000000000000000000000000000000000000000000000000000000000000000000000000000000400000",
    -- "miner": "0x0000000000000000000000000000000000000000",
    -- "mixHash": "0x0000000000000000000000000000000000000000000000000000000000000000",
    -- "nonce": "0x0000000000000000",
    -- "number": "0x48",
    -- "parentBeaconBlockRoot": "0x47c896f5986ec29f58ec60eec56ed176910779e9fc9cf45c3c090126aeb21acd",
    -- "parentHash": "0x7964ce394f9773783863d05cf0826d125024c5f5dac03c07d5d7832c551a40de",
    -- "receiptsRoot": "0x8242a788eddcd94326c2acb0a6cb547ca411104a65e3c6c5f751ce1c7f14cd15",
    -- "requestsHash": "0xe3b0c44298fc1c149afbf4c8996fb92427ae41e4649b934ca495991b7852b855",
    -- "sha3Uncles": "0x1dcc4de8dec75d7aab85b567b6ccd41ad312451b948a7413f0a142fd40d49347",
    -- "size": "0x400",
    -- "stateRoot": "0x42da2e489b18e750a877106cd83e76fd16d4234d530e8290eda403582c50aac4",
    -- "timestamp": "0x2d0",
    -- "transactions": [
      -- "0x72af7d7b24f8bd52b53e2974eb4a8b3a97819211501eb3969bc7d6562016f49d",
      -- "0x2bd941225e044995fd7890bf3183cc65edb04f1b92aa7191626d120ee543e41c"
    -- ],
    -- "transactionsRoot": "0x4a0b6fa744634b80a04463acab0cad7eb4aa563337ed6f95ec3728d7ef745a99",
    -- "uncles": [],
    -- "withdrawals": [
      -- {
        -- "address": "0x0c2c51a0990aee1d73c1228de158688341557508",
        -- "amount": "0x64",
        -- "index": "0x6",
        -- "validatorIndex": "0x5"
      -- }
    -- ],
    -- "withdrawalsRoot": "0xe0ab3dbb84deba21eca1dff9c98528bd2f6a427acd3d30f09ca504c7f0ef0a3b"
  }
}
>>  {"jsonrpc": "2.0", "id": 1, "method": "eth_getBlockByNumber", "params": ["latest", false]}
<<  {"jsonrpc":"2.0","result":{"difficulty":"0x0","extraData":"0x","gasLimit":"0xbebc200","gasUsed":"0x18d04","hash":"0xb3ba0330884cb90c46699588aab05619155565a21fecf9b9f9482693556f2316","logsBloom":"0x00000000000000000000000000000000000000000000000000000000800000000000000000000000000000000000000000000000000000000000000000000000000000000000000000004000000000000200000002000000000000000000002000000000000000000000000000800000000000000000000000000000000000000000000000000000000100000000000000000000000000000000000000000000000000000000009000000000000000000000000000000000000000800000000000800000000000000000000000000000000000000000000000000000000000000000000000000000000000000000000000000000000000000000000000400000","miner":"0x0000000000000000000000000000000000000000","mixHash":"0x0000000000000000000000000000000000000000000000000000000000000000","nonce":"0x0000000000000000","number":"0x48","parentHash":"0x7964ce394f9773783863d05cf0826d125024c5f5dac03c07d5d7832c551a40de","receiptsRoot":"0x8242a788eddcd94326c2acb0a6cb547ca411104a65e3c6c5f751ce1c7f14cd15","sha3Uncles":"0x1dcc4de8dec75d7aab85b567b6ccd41ad312451b948a7413f0a142fd40d49347","size":"0x400","stateRoot":"0x42da2e489b18e750a877106cd83e76fd16d4234d530e8290eda403582c50aac4","timestamp":"0x2d0","baseFeePerGas":"0x7d97fd","transactions":["0x72af7d7b24f8bd52b53e2974eb4a8b3a97819211501eb3969bc7d6562016f49d","0x2bd941225e044995fd7890bf3183cc65edb04f1b92aa7191626d120ee543e41c"],"transactionsRoot":"0x4a0b6fa744634b80a04463acab0cad7eb4aa563337ed6f95ec3728d7ef745a99","uncles":[],"withdrawals":[{"index":"0x6","validatorIndex":"0x5","address":"0x0c2c51a0990aee1d73c1228de158688341557508","amount":"0x64"}],"withdrawalsRoot":"0xe0ab3dbb84deba21eca1dff9c98528bd2f6a427acd3d30f09ca504c7f0ef0a3b","blobGasUsed":"0x20000","excessBlobGas":"0x0","parentBeaconBlockRoot":"0x47c896f5986ec29f58ec60eec56ed176910779e9fc9cf45c3c090126aeb21acd","requestsHash":"0xe3b0c44298fc1c149afbf4c8996fb92427ae41e4649b934ca495991b7852b855"},"id":1}
response differs from expected (-- client, ++ test):
{
  "id": 1,
  "jsonrpc": "2.0",
  "result": {
    -- "baseFeePerGas": "0x7d97fd",
    -- "blobGasUsed": "0x20000",
    ++ "capture_only": true,
    -- "difficulty": "0x0",
    -- "excessBlobGas": "0x0",
    -- "extraData": "0x",
    -- "gasLimit": "0xbebc200",
    -- "gasUsed": "0x18d04",
    -- "hash": "0xb3ba0330884cb90c46699588aab05619155565a21fecf9b9f9482693556f2316",
    -- "logsBloom": "0x00000000000000000000000000000000000000000000000000000000800000000000000000000000000000000000000000000000000000000000000000000000000000000000000000004000000000000200000002000000000000000000002000000000000000000000000000800000000000000000000000000000000000000000000000000000000100000000000000000000000000000000000000000000000000000000009000000000000000000000000000000000000000800000000000800000000000000000000000000000000000000000000000000000000000000000000000000000000000000000000000000000000000000000000000400000",
    -- "miner": "0x0000000000000000000000000000000000000000",
    -- "mixHash": "0x0000000000000000000000000000000000000000000000000000000000000000",
    -- "nonce": "0x0000000000000000",
    -- "number": "0x48",
    -- "parentBeaconBlockRoot": "0x47c896f5986ec29f58ec60eec56ed176910779e9fc9cf45c3c090126aeb21acd",
    -- "parentHash": "0x7964ce394f9773783863d05cf0826d125024c5f5dac03c07d5d7832c551a40de",
    -- "receiptsRoot": "0x8242a788eddcd94326c2acb0a6cb547ca411104a65e3c6c5f751ce1c7f14cd15",
    -- "requestsHash": "0xe3b0c44298fc1c149afbf4c8996fb92427ae41e4649b934ca495991b7852b855",
    -- "sha3Uncles": "0x1dcc4de8dec75d7aab85b567b6ccd41ad312451b948a7413f0a142fd40d49347",
    -- "size": "0x400",
    -- "stateRoot": "0x42da2e489b18e750a877106cd83e76fd16d4234d530e8290eda403582c50aac4",
    -- "timestamp": "0x2d0",
    -- "transactions": [
      -- "0x72af7d7b24f8bd52b53e2974eb4a8b3a97819211501eb3969bc7d6562016f49d",
      -- "0x2bd941225e044995fd7890bf3183cc65edb04f1b92aa7191626d120ee543e41c"
    -- ],
    -- "transactionsRoot": "0x4a0b6fa744634b80a04463acab0cad7eb4aa563337ed6f95ec3728d7ef745a99",
    -- "uncles": [],
    -- "withdrawals": [
      -- {
        -- "address": "0x0c2c51a0990aee1d73c1228de158688341557508",
        -- "amount": "0x64",
        -- "index": "0x6",
        -- "validatorIndex": "0x5"
      -- }
    -- ],
    -- "withdrawalsRoot": "0xe0ab3dbb84deba21eca1dff9c98528bd2f6a427acd3d30f09ca504c7f0ef0a3b"
  }
}
>>  {"jsonrpc": "2.0", "id": 1, "method": "web3_clientVersion", "params": []}
<<  {"jsonrpc":"2.0","result":"Nethermind/v1.39.3+28cbe2a0/linux-x64/dotnet10.0.10","id":1}
response differs from expected (-- client, ++ test):
{
  "id": 1,
  "jsonrpc": "2.0",
  "result": -- "Nethermind/v1.39.3+28cbe2a0/linux-x64/dotnet10.0.10" ++ {}
}
>>  {"jsonrpc": "2.0", "id": 1, "method": "trace_call", "params": [{"from": "0x7435ed30a8b4aeb0877cef0c6e8cffe834eb865f", "to": "0x000F3df6D732807Ef1319fB7B8bB8522d0Beac02", "data": "0x0000000000000000000000000000000000000000000000000000000000000230", "gas": "0x927c0", "gasPrice": "0x77359400"}, ["trace"], "0x37"]}
<<  {"jsonrpc":"2.0","result":{"vmTrace":null,"output":"0x","stateDiff":null,"trace":[{"action":{"callType":"call","from":"0x7435ed30a8b4aeb0877cef0c6e8cffe834eb865f","gas":"0x8d520","input":"0x0000000000000000000000000000000000000000000000000000000000000230","to":"0x000f3df6d732807ef1319fb7b8bb8522d0beac02","value":"0x0"},"error":"Reverted","subtraces":0,"traceAddress":[],"type":"call"}]},"id":1}
response differs from expected (-- client, ++ test):
{
  "id": 1,
  "jsonrpc": "2.0",
  "result": {
    ++ "capture_only": true,
    -- "output": "0x",
    -- "stateDiff": null,
    -- "trace": [
      -- {
        -- "action": {
          -- "callType": "call",
          -- "from": "0x7435ed30a8b4aeb0877cef0c6e8cffe834eb865f",
          -- "gas": "0x8d520",
          -- "input": "0x0000000000000000000000000000000000000000000000000000000000000230",
          -- "to": "0x000f3df6d732807ef1319fb7b8bb8522d0beac02",
          -- "value": "0x0"
        -- },
        -- "error": "Reverted",
        -- "subtraces": 0,
        -- "traceAddress": [],
        -- "type": "call"
      -- }
    -- ],
    -- "vmTrace": null
  }
}
>>  {"jsonrpc": "2.0", "id": 1, "method": "trace_call", "params": [{"from": "0x7435ed30a8b4aeb0877cef0c6e8cffe834eb865f", "to": "0x000F3df6D732807Ef1319fB7B8bB8522d0Beac02", "data": "0x0000000000000000000000000000000000000000000000000000000000000230", "gas": "0x927c0", "gasPrice": "0x77359400"}, ["trace"], "0x38"]}
<<  {"jsonrpc":"2.0","result":{"vmTrace":null,"output":"0x83472eda6eb475906aeeb7f09e757ba9f6663b9f6a5bf8611d6306f677f67ebd","stateDiff":null,"trace":[{"action":{"callType":"call","from":"0x7435ed30a8b4aeb0877cef0c6e8cffe834eb865f","gas":"0x8d520","input":"0x0000000000000000000000000000000000000000000000000000000000000230","to":"0x000f3df6d732807ef1319fb7b8bb8522d0beac02","value":"0x0"},"result":{"gasUsed":"0x10e0","output":"0x83472eda6eb475906aeeb7f09e757ba9f6663b9f6a5bf8611d6306f677f67ebd"},"subtraces":0,"traceAddress":[],"type":"call"}]},"id":1}
response differs from expected (-- client, ++ test):
{
  "id": 1,
  "jsonrpc": "2.0",
  "result": {
    ++ "capture_only": true,
    -- "output": "0x83472eda6eb475906aeeb7f09e757ba9f6663b9f6a5bf8611d6306f677f67ebd",
    -- "stateDiff": null,
    -- "trace": [
      -- {
        -- "action": {
          -- "callType": "call",
          -- "from": "0x7435ed30a8b4aeb0877cef0c6e8cffe834eb865f",
          -- "gas": "0x8d520",
          -- "input": "0x0000000000000000000000000000000000000000000000000000000000000230",
          -- "to": "0x000f3df6d732807ef1319fb7b8bb8522d0beac02",
          -- "value": "0x0"
        -- },
        -- "result": {
          -- "gasUsed": "0x10e0",
          -- "output": "0x83472eda6eb475906aeeb7f09e757ba9f6663b9f6a5bf8611d6306f677f67ebd"
        -- },
        -- "subtraces": 0,
        -- "traceAddress": [],
        -- "type": "call"
      -- }
    -- ],
    -- "vmTrace": null
  }
}
>>  {"jsonrpc": "2.0", "id": 1, "method": "eth_getBlockByNumber", "params": ["0x48", false]}
<<  {"jsonrpc":"2.0","result":{"difficulty":"0x0","extraData":"0x","gasLimit":"0xbebc200","gasUsed":"0x18d04","hash":"0xb3ba0330884cb90c46699588aab05619155565a21fecf9b9f9482693556f2316","logsBloom":"0x00000000000000000000000000000000000000000000000000000000800000000000000000000000000000000000000000000000000000000000000000000000000000000000000000004000000000000200000002000000000000000000002000000000000000000000000000800000000000000000000000000000000000000000000000000000000100000000000000000000000000000000000000000000000000000000009000000000000000000000000000000000000000800000000000800000000000000000000000000000000000000000000000000000000000000000000000000000000000000000000000000000000000000000000000400000","miner":"0x0000000000000000000000000000000000000000","mixHash":"0x0000000000000000000000000000000000000000000000000000000000000000","nonce":"0x0000000000000000","number":"0x48","parentHash":"0x7964ce394f9773783863d05cf0826d125024c5f5dac03c07d5d7832c551a40de","receiptsRoot":"0x8242a788eddcd94326c2acb0a6cb547ca411104a65e3c6c5f751ce1c7f14cd15","sha3Uncles":"0x1dcc4de8dec75d7aab85b567b6ccd41ad312451b948a7413f0a142fd40d49347","size":"0x400","stateRoot":"0x42da2e489b18e750a877106cd83e76fd16d4234d530e8290eda403582c50aac4","timestamp":"0x2d0","baseFeePerGas":"0x7d97fd","transactions":["0x72af7d7b24f8bd52b53e2974eb4a8b3a97819211501eb3969bc7d6562016f49d","0x2bd941225e044995fd7890bf3183cc65edb04f1b92aa7191626d120ee543e41c"],"transactionsRoot":"0x4a0b6fa744634b80a04463acab0cad7eb4aa563337ed6f95ec3728d7ef745a99","uncles":[],"withdrawals":[{"index":"0x6","validatorIndex":"0x5","address":"0x0c2c51a0990aee1d73c1228de158688341557508","amount":"0x64"}],"withdrawalsRoot":"0xe0ab3dbb84deba21eca1dff9c98528bd2f6a427acd3d30f09ca504c7f0ef0a3b","blobGasUsed":"0x20000","excessBlobGas":"0x0","parentBeaconBlockRoot":"0x47c896f5986ec29f58ec60eec56ed176910779e9fc9cf45c3c090126aeb21acd","requestsHash":"0xe3b0c44298fc1c149afbf4c8996fb92427ae41e4649b934ca495991b7852b855"},"id":1}
response differs from expected (-- client, ++ test):
{
  "id": 1,
  "jsonrpc": "2.0",
  "result": {
    -- "baseFeePerGas": "0x7d97fd",
    -- "blobGasUsed": "0x20000",
    ++ "capture_only": true,
    -- "difficulty": "0x0",
    -- "excessBlobGas": "0x0",
    -- "extraData": "0x",
    -- "gasLimit": "0xbebc200",
    -- "gasUsed": "0x18d04",
    -- "hash": "0xb3ba0330884cb90c46699588aab05619155565a21fecf9b9f9482693556f2316",
    -- "logsBloom": "0x00000000000000000000000000000000000000000000000000000000800000000000000000000000000000000000000000000000000000000000000000000000000000000000000000004000000000000200000002000000000000000000002000000000000000000000000000800000000000000000000000000000000000000000000000000000000100000000000000000000000000000000000000000000000000000000009000000000000000000000000000000000000000800000000000800000000000000000000000000000000000000000000000000000000000000000000000000000000000000000000000000000000000000000000000400000",
    -- "miner": "0x0000000000000000000000000000000000000000",
    -- "mixHash": "0x0000000000000000000000000000000000000000000000000000000000000000",
    -- "nonce": "0x0000000000000000",
    -- "number": "0x48",
    -- "parentBeaconBlockRoot": "0x47c896f5986ec29f58ec60eec56ed176910779e9fc9cf45c3c090126aeb21acd",
    -- "parentHash": "0x7964ce394f9773783863d05cf0826d125024c5f5dac03c07d5d7832c551a40de",
    -- "receiptsRoot": "0x8242a788eddcd94326c2acb0a6cb547ca411104a65e3c6c5f751ce1c7f14cd15",
    -- "requestsHash": "0xe3b0c44298fc1c149afbf4c8996fb92427ae41e4649b934ca495991b7852b855",
    -- "sha3Uncles": "0x1dcc4de8dec75d7aab85b567b6ccd41ad312451b948a7413f0a142fd40d49347",
    -- "size": "0x400",
    -- "stateRoot": "0x42da2e489b18e750a877106cd83e76fd16d4234d530e8290eda403582c50aac4",
    -- "timestamp": "0x2d0",
    -- "transactions": [
      -- "0x72af7d7b24f8bd52b53e2974eb4a8b3a97819211501eb3969bc7d6562016f49d",
      -- "0x2bd941225e044995fd7890bf3183cc65edb04f1b92aa7191626d120ee543e41c"
    -- ],
    -- "transactionsRoot": "0x4a0b6fa744634b80a04463acab0cad7eb4aa563337ed6f95ec3728d7ef745a99",
    -- "uncles": [],
    -- "withdrawals": [
      -- {
        -- "address": "0x0c2c51a0990aee1d73c1228de158688341557508",
        -- "amount": "0x64",
        -- "index": "0x6",
        -- "validatorIndex": "0x5"
      -- }
    -- ],
    -- "withdrawalsRoot": "0xe0ab3dbb84deba21eca1dff9c98528bd2f6a427acd3d30f09ca504c7f0ef0a3b"
  }
}
>>  {"jsonrpc": "2.0", "id": 1, "method": "trace_call", "params": [{"from": "0x7435ed30a8b4aeb0877cef0c6e8cffe834eb865f", "to": "0x0000000000000000000000000000000000001007", "gas": "0x927c0", "gasPrice": "0x77359400", "data": "0x"}, ["trace", "stateDiff", "vmTrace"], "0x37"]}
<<  {"jsonrpc":"2.0","result":{"vmTrace":{"code":"0x611008ff","ops":[{"cost":3,"ex":{"mem":null,"push":["0x1008"],"store":null,"used":578997},"pc":0,"sub":null},{"cost":32600,"ex":{"mem":null,"push":[],"store":null,"used":546397},"pc":3,"sub":null}]},"output":"0x","stateDiff":{"0x0000000000000000000000000000000000000000":{"balance":{"*":{"from":"0xc4f200cb8a8742bfd","to":"0xc4f206a5aa5411442"}},"code":"=","nonce":"=","storage":{}},"0x0000000000000000000000000000000000001007":{"balance":{"*":{"from":"0x64","to":null}},"code":{"*":{"from":"0x611008ff","to":null}},"nonce":{"*":{"from":"0x0","to":null}},"storage":{}},"0x0000000000000000000000000000000000001008":{"balance":{"\u002B":"0x64"},"code":"=","nonce":{"\u002B":"0x0"},"storage":{}},"0x7435ed30a8b4aeb0877cef0c6e8cffe834eb865f":{"balance":{"*":{"from":"0xc097ce7bc90715b347f875eff99958","to":"0xc097ce7bc90715b34796f5186d5d58"}},"code":"=","nonce":{"*":{"from":"0x7f","to":"0x80"}},"storage":{}}},"trace":[{"action":{"callType":"call","from":"0x7435ed30a8b4aeb0877cef0c6e8cffe834eb865f","gas":"0x8d5b8","input":"0x","to":"0x0000000000000000000000000000000000001007","value":"0x0"},"result":{"gasUsed":"0x7f5b","output":"0x"},"subtraces":1,"traceAddress":[],"type":"call"},{"action":{"address":"0x0000000000000000000000000000000000001007","balance":"0x64","refundAddress":"0x0000000000000000000000000000000000001008"},"result":null,"subtraces":0,"traceAddress":[0],"type":"suicide"}]},"id":1}
response differs from expected (-- client, ++ test):
{
  "id": 1,
  "jsonrpc": "2.0",
  "result": {
    ++ "capture_only": true,
    -- "output": "0x",
    -- "stateDiff": {
      -- "0x0000000000000000000000000000000000000000": {
        -- "balance": {
          -- "*": {
            -- "from": "0xc4f200cb8a8742bfd",
            -- "to": "0xc4f206a5aa5411442"
          -- }
        -- },
        -- "code": "=",
        -- "nonce": "=",
        -- "storage": {}
      -- },
      -- "0x0000000000000000000000000000000000001007": {
        -- "balance": {
          -- "*": {
            -- "from": "0x64",
            -- "to": null
          -- }
        -- },
        -- "code": {
          -- "*": {
            -- "from": "0x611008ff",
            -- "to": null
          -- }
        -- },
        -- "nonce": {
          -- "*": {
            -- "from": "0x0",
            -- "to": null
          -- }
        -- },
        -- "storage": {}
      -- },
      -- "0x0000000000000000000000000000000000001008": {
        -- "balance": {
          -- "+": "0x64"
        -- },
        -- "code": "=",
        -- "nonce": {
          -- "+": "0x0"
        -- },
        -- "storage": {}
      -- },
      -- "0x7435ed30a8b4aeb0877cef0c6e8cffe834eb865f": {
        -- "balance": {
          -- "*": {
            -- "from": "0xc097ce7bc90715b347f875eff99958",
            -- "to": "0xc097ce7bc90715b34796f5186d5d58"
          -- }
        -- },
        -- "code": "=",
        -- "nonce": {
          -- "*": {
            -- "from": "0x7f",
            -- "to": "0x80"
          -- }
        -- },
        -- "storage": {}
      -- }
    -- },
    -- "trace": [
      -- {
        -- "action": {
          -- "callType": "call",
          -- "from": "0x7435ed30a8b4aeb0877cef0c6e8cffe834eb865f",
          -- "gas": "0x8d5b8",
          -- "input": "0x",
          -- "to": "0x0000000000000000000000000000000000001007",
          -- "value": "0x0"
        -- },
        -- "result": {
          -- "gasUsed": "0x7f5b",
          -- "output": "0x"
        -- },
        -- "subtraces": 1,
        -- "traceAddress": [],
        -- "type": "call"
      -- },
      -- {
        -- "action": {
          -- "address": "0x0000000000000000000000000000000000001007",
          -- "balance": "0x64",
          -- "refundAddress": "0x0000000000000000000000000000000000001008"
        -- },
        -- "result": null,
        -- "subtraces": 0,
        -- "traceAddress": [
          -- 0
        -- ],
        -- "type": "suicide"
      -- }
    -- ],
    -- "vmTrace": {
      -- "code": "0x611008ff",
      -- "ops": [
        -- {
          -- "cost": 3,
          -- "ex": {
            -- "mem": null,
            -- "push": [
              -- "0x1008"
            -- ],
            -- "store": null,
            -- "used": 578997
          -- },
          -- "pc": 0,
          -- "sub": null
        -- },
        -- {
          -- "cost": 32600,
          -- "ex": {
            -- "mem": null,
            -- "push": [],
            -- "store": null,
            -- "used": 546397
          -- },
          -- "pc": 3,
          -- "sub": null
        -- }
      -- ]
    -- }
  }
}
>>  {"jsonrpc": "2.0", "id": 1, "method": "trace_call", "params": [{"from": "0x7435ed30a8b4aeb0877cef0c6e8cffe834eb865f", "to": "0x0000000000000000000000000000000000001007", "gas": "0x927c0", "gasPrice": "0x77359400", "data": "0x"}, ["trace", "stateDiff", "vmTrace"], "0x38"]}
<<  {"jsonrpc":"2.0","result":{"vmTrace":{"code":"0x611008ff","ops":[{"cost":3,"ex":{"mem":null,"push":["0x1008"],"store":null,"used":578997},"pc":0,"sub":null},{"cost":32600,"ex":{"mem":null,"push":[],"store":null,"used":546397},"pc":3,"sub":null}]},"output":"0x","stateDiff":{"0x0000000000000000000000000000000000000000":{"balance":{"*":{"from":"0xc4f200cb8a876839d","to":"0xc4f206ad66a2b0140"}},"code":"=","nonce":"=","storage":{}},"0x0000000000000000000000000000000000001007":{"balance":{"*":{"from":"0x64","to":"0x0"}},"code":"=","nonce":"=","storage":{}},"0x0000000000000000000000000000000000001008":{"balance":{"\u002B":"0x64"},"code":"=","nonce":{"\u002B":"0x0"},"storage":{}},"0x7435ed30a8b4aeb0877cef0c6e8cffe834eb865f":{"balance":{"*":{"from":"0xc097ce7bc90715b347eec2d8f29150","to":"0xc097ce7bc90715b3478d4201665550"}},"code":"=","nonce":{"*":{"from":"0x82","to":"0x83"}},"storage":{}}},"trace":[{"action":{"callType":"call","from":"0x7435ed30a8b4aeb0877cef0c6e8cffe834eb865f","gas":"0x8d5b8","input":"0x","to":"0x0000000000000000000000000000000000001007","value":"0x0"},"result":{"gasUsed":"0x7f5b","output":"0x"},"subtraces":1,"traceAddress":[],"type":"call"},{"action":{"address":"0x0000000000000000000000000000000000001007","balance":"0x64","refundAddress":"0x0000000000000000000000000000000000001008"},"result":null,"subtraces":0,"traceAddress":[0],"type":"suicide"}]},"id":1}
response differs from expected (-- client, ++ test):
{
  "id": 1,
  "jsonrpc": "2.0",
  "result": {
    ++ "capture_only": true,
    -- "output": "0x",
    -- "stateDiff": {
      -- "0x0000000000000000000000000000000000000000": {
        -- "balance": {
          -- "*": {
            -- "from": "0xc4f200cb8a876839d",
            -- "to": "0xc4f206ad66a2b0140"
          -- }
        -- },
        -- "code": "=",
        -- "nonce": "=",
        -- "storage": {}
      -- },
      -- "0x0000000000000000000000000000000000001007": {
        -- "balance": {
          -- "*": {
            -- "from": "0x64",
            -- "to": "0x0"
          -- }
        -- },
        -- "code": "=",
        -- "nonce": "=",
        -- "storage": {}
      -- },
      -- "0x0000000000000000000000000000000000001008": {
        -- "balance": {
          -- "+": "0x64"
        -- },
        -- "code": "=",
        -- "nonce": {
          -- "+": "0x0"
        -- },
        -- "storage": {}
      -- },
      -- "0x7435ed30a8b4aeb0877cef0c6e8cffe834eb865f": {
        -- "balance": {
          -- "*": {
            -- "from": "0xc097ce7bc90715b347eec2d8f29150",
            -- "to": "0xc097ce7bc90715b3478d4201665550"
          -- }
        -- },
        -- "code": "=",
        -- "nonce": {
          -- "*": {
            -- "from": "0x82",
            -- "to": "0x83"
          -- }
        -- },
        -- "storage": {}
      -- }
    -- },
    -- "trace": [
      -- {
        -- "action": {
          -- "callType": "call",
          -- "from": "0x7435ed30a8b4aeb0877cef0c6e8cffe834eb865f",
          -- "gas": "0x8d5b8",
          -- "input": "0x",
          -- "to": "0x0000000000000000000000000000000000001007",
          -- "value": "0x0"
        -- },
        -- "result": {
          -- "gasUsed": "0x7f5b",
          -- "output": "0x"
        -- },
        -- "subtraces": 1,
        -- "traceAddress": [],
        -- "type": "call"
      -- },
      -- {
        -- "action": {
          -- "address": "0x0000000000000000000000000000000000001007",
          -- "balance": "0x64",
          -- "refundAddress": "0x0000000000000000000000000000000000001008"
        -- },
        -- "result": null,
        -- "subtraces": 0,
        -- "traceAddress": [
          -- 0
        -- ],
        -- "type": "suicide"
      -- }
    -- ],
    -- "vmTrace": {
      -- "code": "0x611008ff",
      -- "ops": [
        -- {
          -- "cost": 3,
          -- "ex": {
            -- "mem": null,
            -- "push": [
              -- "0x1008"
            -- ],
            -- "store": null,
            -- "used": 578997
          -- },
          -- "pc": 0,
          -- "sub": null
        -- },
        -- {
          -- "cost": 32600,
          -- "ex": {
            -- "mem": null,
            -- "push": [],
            -- "store": null,
            -- "used": 546397
          -- },
          -- "pc": 3,
          -- "sub": null
        -- }
      -- ]
    -- }
  }
}
>>  {"jsonrpc": "2.0", "id": 1, "method": "eth_getStorageAt", "params": ["0x000F3df6D732807Ef1319fB7B8bB8522d0Beac02", "0x230", "0x37"]}
<<  {"jsonrpc":"2.0","result":"0x0000000000000000000000000000000000000000000000000000000000000000","id":1}
response differs from expected (-- client, ++ test):
{
  "id": 1,
  "jsonrpc": "2.0",
  "result": -- "0x0000000000000000000000000000000000000000000000000000000000000000" ++ {}
}
>>  {"jsonrpc": "2.0", "id": 1, "method": "eth_getStorageAt", "params": ["0x000F3df6D732807Ef1319fB7B8bB8522d0Beac02", "0x222f", "0x37"]}
<<  {"jsonrpc":"2.0","result":"0x0000000000000000000000000000000000000000000000000000000000000000","id":1}
response differs from expected (-- client, ++ test):
{
  "id": 1,
  "jsonrpc": "2.0",
  "result": -- "0x0000000000000000000000000000000000000000000000000000000000000000" ++ {}
}
>>  {"jsonrpc": "2.0", "id": 1, "method": "eth_getStorageAt", "params": ["0x000F3df6D732807Ef1319fB7B8bB8522d0Beac02", "0x230", "0x38"]}
<<  {"jsonrpc":"2.0","result":"0x0000000000000000000000000000000000000000000000000000000000000230","id":1}
response differs from expected (-- client, ++ test):
{
  "id": 1,
  "jsonrpc": "2.0",
  "result": -- "0x0000000000000000000000000000000000000000000000000000000000000230" ++ {}
}
>>  {"jsonrpc": "2.0", "id": 1, "method": "eth_getStorageAt", "params": ["0x000F3df6D732807Ef1319fB7B8bB8522d0Beac02", "0x222f", "0x38"]}
<<  {"jsonrpc":"2.0","result":"0x83472eda6eb475906aeeb7f09e757ba9f6663b9f6a5bf8611d6306f677f67ebd","id":1}
response differs from expected (-- client, ++ test):
{
  "id": 1,
  "jsonrpc": "2.0",
  "result": -- "0x83472eda6eb475906aeeb7f09e757ba9f6663b9f6a5bf8611d6306f677f67ebd" ++ {}
}
>>  {"jsonrpc": "2.0", "id": 1, "method": "eth_getBalance", "params": ["0x717f8aa2b982bee0e29f573d31df288663e1ce16", "0x33"]}
<<  {"jsonrpc":"2.0","result":"0xc097ce7bc90715b34b9f1000000006","id":1}
response differs from expected (-- client, ++ test):
{
  "id": 1,
  "jsonrpc": "2.0",
  "result": -- "0xc097ce7bc90715b34b9f1000000006" ++ {}
}
>>  {"jsonrpc": "2.0", "id": 1, "method": "eth_getBalance", "params": ["0x717f8aa2b982bee0e29f573d31df288663e1ce16", "0x34"]}
<<  {"jsonrpc":"2.0","result":"0xc097ce7bc90715b34b9f274876e806","id":1}
response differs from expected (-- client, ++ test):
{
  "id": 1,
  "jsonrpc": "2.0",
  "result": -- "0xc097ce7bc90715b34b9f274876e806" ++ {}
}
>>  {"jsonrpc": "2.0", "id": 1, "method": "eth_getBalance", "params": ["0x717f8aa2b982bee0e29f573d31df288663e1ce16", "0x35"]}
<<  {"jsonrpc":"2.0","result":"0xc097ce7bc90715b34b9f274876e806","id":1}
response differs from expected (-- client, ++ test):
{
  "id": 1,
  "jsonrpc": "2.0",
  "result": -- "0xc097ce7bc90715b34b9f274876e806" ++ {}
}
>>  {"jsonrpc": "2.0", "id": 1, "method": "eth_getBlockByNumber", "params": ["0x33", true]}
<<  {"jsonrpc":"2.0","result":{"difficulty":"0x0","extraData":"0x","gasLimit":"0xbebc200","gasUsed":"0x2fb12","hash":"0x022037fe9ef69d04fd00706fcd5a9c80b1b791c6f9c3088469b6407a660c28b9","logsBloom":"0x00000000000000000000000000000000000000000000000000000000000000000000000200000000000010000000000000000000000000000000000001000000010000000000000000004000002000000200004200400000000000000000002000000000400400000000000000000000000000000000000000000000000080000000000000000100000000000000000000000000000000010000000000000000000000000000000000000000000200000000000000000000000000000000000000000000000000000000000000000000000000000000000000000000000000000004000000000000000000000000000000000000000000000000000000000000","miner":"0x0000000000000000000000000000000000000000","mixHash":"0x0000000000000000000000000000000000000000000000000000000000000000","nonce":"0x0000000000000000","number":"0x33","parentHash":"0x81f27dba10123293c218f7e559812921bb76397f6f7cc77d281db9e94ff4fe9b","receiptsRoot":"0x67ab042bd973e8dedef30801a5589a00987c86c1ca17461677560545101482a8","sha3Uncles":"0x1dcc4de8dec75d7aab85b567b6ccd41ad312451b948a7413f0a142fd40d49347","size":"0x35c","stateRoot":"0x65aca059c8cbe1978e45591e3617d262f8d435fb832cefcf8234b0f8c72eb4e1","timestamp":"0x1fe","baseFeePerGas":"0x810ed7c","transactions":[{"type":"0x1","accessList":[],"yParity":"0x0","chainId":"0xc72dd9d5e883e","nonce":"0x72","to":"0x7435ed30a8b4aeb0877cef0c6e8cffe834eb865f","from":"0x7435ed30a8b4aeb0877cef0c6e8cffe834eb865f","value":"0x1","input":"0x","gasPrice":"0x810ed7d","v":"0x0","r":"0x56abc4bae751cb1703f3c3f1bcdddbf9f88c9c2f8c1416308ac46a5fdad1894e","s":"0x3e552a68655416e9efe4dfd749de3aa01d024267fd86b1dd3b01010463af483a","hash":"0x87d8ef31d0d35ae040f2998b90fd61eeb04882b21f189c521bec5c3cefb416d2","transactionIndex":"0x0","blockHash":"0x022037fe9ef69d04fd00706fcd5a9c80b1b791c6f9c3088469b6407a660c28b9","blockNumber":"0x33","blockTimestamp":"0x1fe","gas":"0x5208"},{"type":"0x2","maxPriorityFeePerGas":"0x1","maxFeePerGas":"0x810ed7d","accessList":[],"yParity":"0x0","chainId":"0xc72dd9d5e883e","nonce":"0x73","to":"0x9dcd17433742f4c0ca53122ab541d0ba67fc27d3","from":"0x7435ed30a8b4aeb0877cef0c6e8cffe834eb865f","value":"0x0","input":"0x01","gasPrice":"0x810ed7d","v":"0x0","r":"0x2eaa94ea47d0cb4d42657c5064e863547ef282553cfdbfe21aa8e8fe78320dc4","s":"0x346d37d97e2d83ce44afc3f6857fec86cc15787a05fa6c3a7aeff44627a51adb","hash":"0xa23373d1e4fa559fc33ffb791665855530831c83d0c241ef6b2d3f46a5f448f4","transactionIndex":"0x1","blockHash":"0x022037fe9ef69d04fd00706fcd5a9c80b1b791c6f9c3088469b6407a660c28b9","blockNumber":"0x33","blockTimestamp":"0x1fe","gas":"0x186a0"},{"type":"0x2","maxPriorityFeePerGas":"0x1","maxFeePerGas":"0x810ed7d","accessList":[],"yParity":"0x0","chainId":"0xc72dd9d5e883e","nonce":"0x74","to":"0x9dcd17433742f4c0ca53122ab541d0ba67fc27d0","from":"0x7435ed30a8b4aeb0877cef0c6e8cffe834eb865f","value":"0x0","input":"0x","gasPrice":"0x810ed7d","v":"0x0","r":"0xce6616592e74c522311002aa3786bcd541b3c0a3d6e99cafb6437682bfbd4d70","s":"0x784011e65470a03e351bf9f2d13492d6f0d9f674ba291dfc5c6c16838639091a","hash":"0x76430fba1b629206573ad53847b0bc7e9f80161b0e79750803715a8fb1bc5955","transactionIndex":"0x2","blockHash":"0x022037fe9ef69d04fd00706fcd5a9c80b1b791c6f9c3088469b6407a660c28b9","blockNumber":"0x33","blockTimestamp":"0x1fe","gas":"0x927c0"}],"transactionsRoot":"0x84a6970d2095aa92d6eafb42ab401e4e00e6e837ae670cb298628523c4eadbad","uncles":[]},"id":1}
response differs from expected (-- client, ++ test):
{
  "id": 1,
  "jsonrpc": "2.0",
  "result": {
    -- "baseFeePerGas": "0x810ed7c",
    ++ "capture_only": true,
    -- "difficulty": "0x0",
    -- "extraData": "0x",
    -- "gasLimit": "0xbebc200",
    -- "gasUsed": "0x2fb12",
    -- "hash": "0x022037fe9ef69d04fd00706fcd5a9c80b1b791c6f9c3088469b6407a660c28b9",
    -- "logsBloom": "0x00000000000000000000000000000000000000000000000000000000000000000000000200000000000010000000000000000000000000000000000001000000010000000000000000004000002000000200004200400000000000000000002000000000400400000000000000000000000000000000000000000000000080000000000000000100000000000000000000000000000000010000000000000000000000000000000000000000000200000000000000000000000000000000000000000000000000000000000000000000000000000000000000000000000000000004000000000000000000000000000000000000000000000000000000000000",
    -- "miner": "0x0000000000000000000000000000000000000000",
    -- "mixHash": "0x0000000000000000000000000000000000000000000000000000000000000000",
    -- "nonce": "0x0000000000000000",
    -- "number": "0x33",
    -- "parentHash": "0x81f27dba10123293c218f7e559812921bb76397f6f7cc77d281db9e94ff4fe9b",
    -- "receiptsRoot": "0x67ab042bd973e8dedef30801a5589a00987c86c1ca17461677560545101482a8",
    -- "sha3Uncles": "0x1dcc4de8dec75d7aab85b567b6ccd41ad312451b948a7413f0a142fd40d49347",
    -- "size": "0x35c",
    -- "stateRoot": "0x65aca059c8cbe1978e45591e3617d262f8d435fb832cefcf8234b0f8c72eb4e1",
    -- "timestamp": "0x1fe",
    -- "transactions": [
      -- {
        -- "accessList": [],
        -- "blockHash": "0x022037fe9ef69d04fd00706fcd5a9c80b1b791c6f9c3088469b6407a660c28b9",
        -- "blockNumber": "0x33",
        -- "blockTimestamp": "0x1fe",
        -- "chainId": "0xc72dd9d5e883e",
        -- "from": "0x7435ed30a8b4aeb0877cef0c6e8cffe834eb865f",
        -- "gas": "0x5208",
        -- "gasPrice": "0x810ed7d",
        -- "hash": "0x87d8ef31d0d35ae040f2998b90fd61eeb04882b21f189c521bec5c3cefb416d2",
        -- "input": "0x",
        -- "nonce": "0x72",
        -- "r": "0x56abc4bae751cb1703f3c3f1bcdddbf9f88c9c2f8c1416308ac46a5fdad1894e",
        -- "s": "0x3e552a68655416e9efe4dfd749de3aa01d024267fd86b1dd3b01010463af483a",
        -- "to": "0x7435ed30a8b4aeb0877cef0c6e8cffe834eb865f",
        -- "transactionIndex": "0x0",
        -- "type": "0x1",
        -- "v": "0x0",
        -- "value": "0x1",
        -- "yParity": "0x0"
      -- },
      -- {
        -- "accessList": [],
        -- "blockHash": "0x022037fe9ef69d04fd00706fcd5a9c80b1b791c6f9c3088469b6407a660c28b9",
        -- "blockNumber": "0x33",
        -- "blockTimestamp": "0x1fe",
        -- "chainId": "0xc72dd9d5e883e",
        -- "from": "0x7435ed30a8b4aeb0877cef0c6e8cffe834eb865f",
        -- "gas": "0x186a0",
        -- "gasPrice": "0x810ed7d",
        -- "hash": "0xa23373d1e4fa559fc33ffb791665855530831c83d0c241ef6b2d3f46a5f448f4",
        -- "input": "0x01",
        -- "maxFeePerGas": "0x810ed7d",
        -- "maxPriorityFeePerGas": "0x1",
        -- "nonce": "0x73",
        -- "r": "0x2eaa94ea47d0cb4d42657c5064e863547ef282553cfdbfe21aa8e8fe78320dc4",
        -- "s": "0x346d37d97e2d83ce44afc3f6857fec86cc15787a05fa6c3a7aeff44627a51adb",
        -- "to": "0x9dcd17433742f4c0ca53122ab541d0ba67fc27d3",
        -- "transactionIndex": "0x1",
        -- "type": "0x2",
        -- "v": "0x0",
        -- "value": "0x0",
        -- "yParity": "0x0"
      -- },
      -- {
        -- "accessList": [],
        -- "blockHash": "0x022037fe9ef69d04fd00706fcd5a9c80b1b791c6f9c3088469b6407a660c28b9",
        -- "blockNumber": "0x33",
        -- "blockTimestamp": "0x1fe",
        -- "chainId": "0xc72dd9d5e883e",
        -- "from": "0x7435ed30a8b4aeb0877cef0c6e8cffe834eb865f",
        -- "gas": "0x927c0",
        -- "gasPrice": "0x810ed7d",
        -- "hash": "0x76430fba1b629206573ad53847b0bc7e9f80161b0e79750803715a8fb1bc5955",
        -- "input": "0x",
        -- "maxFeePerGas": "0x810ed7d",
        -- "maxPriorityFeePerGas": "0x1",
        -- "nonce": "0x74",
        -- "r": "0xce6616592e74c522311002aa3786bcd541b3c0a3d6e99cafb6437682bfbd4d70",
        -- "s": "0x784011e65470a03e351bf9f2d13492d6f0d9f674ba291dfc5c6c16838639091a",
        -- "to": "0x9dcd17433742f4c0ca53122ab541d0ba67fc27d0",
        -- "transactionIndex": "0x2",
        -- "type": "0x2",
        -- "v": "0x0",
        -- "value": "0x0",
        -- "yParity": "0x0"
      -- }
    -- ],
    -- "transactionsRoot": "0x84a6970d2095aa92d6eafb42ab401e4e00e6e837ae670cb298628523c4eadbad",
    -- "uncles": []
  }
}
>>  {"jsonrpc": "2.0", "id": 1, "method": "eth_getBlockByNumber", "params": ["0x34", true]}
<<  {"jsonrpc":"2.0","result":{"difficulty":"0x0","extraData":"0x","gasLimit":"0xbebc200","gasUsed":"0x11470","hash":"0xa9578be0967413b9adc40736fd4ec67d0529b890a81d62102db05e61d6de1897","logsBloom":"0x00000000000000000000000000000000000000000000000000000000800000000000000000000000000000000000000000000000000000000000000000000000000000000000000000004000000000001200000000000000000000000000002000000000000000000000000000000000000000000000000000000000000000000000000000000000000000000000000000000000000000000000000000000000000000000000009000000000000000000000000000000000000000000000000000000000000000000000000000000000000000000000000000000000000000000000000000004000000000000000000000000000000000000000000008000000","miner":"0x0000000000000000000000000000000000000000","mixHash":"0x0000000000000000000000000000000000000000000000000000000000000000","nonce":"0x0000000000000000","number":"0x34","parentHash":"0x022037fe9ef69d04fd00706fcd5a9c80b1b791c6f9c3088469b6407a660c28b9","receiptsRoot":"0xa2dd95687771e75f96f544680724c54dc5c59c26ac59c7a58edab2b0382b5469","sha3Uncles":"0x1dcc4de8dec75d7aab85b567b6ccd41ad312451b948a7413f0a142fd40d49347","size":"0x324","stateRoot":"0x3c7454b16a691794d881fa6565ab663b4cda39e69393fdd1ba067db336dbbb09","timestamp":"0x208","baseFeePerGas":"0x70f50e2","transactions":[{"type":"0x0","nonce":"0x75","to":"0x7dcd17433742f4c0ca53122ab541d0ba67fc27df","from":"0x7435ed30a8b4aeb0877cef0c6e8cffe834eb865f","value":"0x2","input":"0x74bff204de43b4a2656d6974","gasPrice":"0x70f50e3","chainId":"0xc72dd9d5e883e","v":"0x18e5bb3abd109f","r":"0xd1dfe7c72bc2bd884654cd8c7417009e50eecb519e9b8328c8cf2ba7b53c9c53","s":"0x175e1fee6e062cf562cd1c67517b5edf61a59802cc8d52665b2efd6fdcea7b90","hash":"0x63debd7bcab14a95198660dfe794ca12fd2a34b24f780dd7572c55f2a58735b3","transactionIndex":"0x0","blockHash":"0xa9578be0967413b9adc40736fd4ec67d0529b890a81d62102db05e61d6de1897","blockNumber":"0x34","blockTimestamp":"0x208","gas":"0x186a0"},{"type":"0x0","nonce":"0x76","to":"0x83c7e323d189f18725ac510004fdc2941f8c4a78","from":"0x7435ed30a8b4aeb0877cef0c6e8cffe834eb865f","value":"0x1","input":"0x","gasPrice":"0x70f50e3","chainId":"0xc72dd9d5e883e","v":"0x18e5bb3abd109f","r":"0xdd21c5a0aff9b742778951b1d69281be5fac3eb4d93484339636bc8d74f12154","s":"0x70503b79d84767babed0941a8c43e94a7cc40e5dc69ba05fea56167a6c796075","hash":"0xd7822fd23594d52bc98493786233edb857cbeee469a3148b5780e076a53985db","transactionIndex":"0x1","blockHash":"0xa9578be0967413b9adc40736fd4ec67d0529b890a81d62102db05e61d6de1897","blockNumber":"0x34","blockTimestamp":"0x208","gas":"0x5208"}],"transactionsRoot":"0xef011cbfe9ae50e7defe82a8382cc477d1c5f6d6cc41bf9245f201894b3d2923","uncles":[],"withdrawals":[{"index":"0x0","validatorIndex":"0x5","address":"0x717f8aa2b982bee0e29f573d31df288663e1ce16","amount":"0x64"}],"withdrawalsRoot":"0x5e1016697b3b7f7c7ae99708e4482ca5cf920e5dfd971d9a970768f3c5fb6eb4"},"id":1}
response differs from expected (-- client, ++ test):
{
  "id": 1,
  "jsonrpc": "2.0",
  "result": {
    -- "baseFeePerGas": "0x70f50e2",
    ++ "capture_only": true,
    -- "difficulty": "0x0",
    -- "extraData": "0x",
    -- "gasLimit": "0xbebc200",
    -- "gasUsed": "0x11470",
    -- "hash": "0xa9578be0967413b9adc40736fd4ec67d0529b890a81d62102db05e61d6de1897",
    -- "logsBloom": "0x00000000000000000000000000000000000000000000000000000000800000000000000000000000000000000000000000000000000000000000000000000000000000000000000000004000000000001200000000000000000000000000002000000000000000000000000000000000000000000000000000000000000000000000000000000000000000000000000000000000000000000000000000000000000000000000009000000000000000000000000000000000000000000000000000000000000000000000000000000000000000000000000000000000000000000000000000004000000000000000000000000000000000000000000008000000",
    -- "miner": "0x0000000000000000000000000000000000000000",
    -- "mixHash": "0x0000000000000000000000000000000000000000000000000000000000000000",
    -- "nonce": "0x0000000000000000",
    -- "number": "0x34",
    -- "parentHash": "0x022037fe9ef69d04fd00706fcd5a9c80b1b791c6f9c3088469b6407a660c28b9",
    -- "receiptsRoot": "0xa2dd95687771e75f96f544680724c54dc5c59c26ac59c7a58edab2b0382b5469",
    -- "sha3Uncles": "0x1dcc4de8dec75d7aab85b567b6ccd41ad312451b948a7413f0a142fd40d49347",
    -- "size": "0x324",
    -- "stateRoot": "0x3c7454b16a691794d881fa6565ab663b4cda39e69393fdd1ba067db336dbbb09",
    -- "timestamp": "0x208",
    -- "transactions": [
      -- {
        -- "blockHash": "0xa9578be0967413b9adc40736fd4ec67d0529b890a81d62102db05e61d6de1897",
        -- "blockNumber": "0x34",
        -- "blockTimestamp": "0x208",
        -- "chainId": "0xc72dd9d5e883e",
        -- "from": "0x7435ed30a8b4aeb0877cef0c6e8cffe834eb865f",
        -- "gas": "0x186a0",
        -- "gasPrice": "0x70f50e3",
        -- "hash": "0x63debd7bcab14a95198660dfe794ca12fd2a34b24f780dd7572c55f2a58735b3",
        -- "input": "0x74bff204de43b4a2656d6974",
        -- "nonce": "0x75",
        -- "r": "0xd1dfe7c72bc2bd884654cd8c7417009e50eecb519e9b8328c8cf2ba7b53c9c53",
        -- "s": "0x175e1fee6e062cf562cd1c67517b5edf61a59802cc8d52665b2efd6fdcea7b90",
        -- "to": "0x7dcd17433742f4c0ca53122ab541d0ba67fc27df",
        -- "transactionIndex": "0x0",
        -- "type": "0x0",
        -- "v": "0x18e5bb3abd109f",
        -- "value": "0x2"
      -- },
      -- {
        -- "blockHash": "0xa9578be0967413b9adc40736fd4ec67d0529b890a81d62102db05e61d6de1897",
        -- "blockNumber": "0x34",
        -- "blockTimestamp": "0x208",
        -- "chainId": "0xc72dd9d5e883e",
        -- "from": "0x7435ed30a8b4aeb0877cef0c6e8cffe834eb865f",
        -- "gas": "0x5208",
        -- "gasPrice": "0x70f50e3",
        -- "hash": "0xd7822fd23594d52bc98493786233edb857cbeee469a3148b5780e076a53985db",
        -- "input": "0x",
        -- "nonce": "0x76",
        -- "r": "0xdd21c5a0aff9b742778951b1d69281be5fac3eb4d93484339636bc8d74f12154",
        -- "s": "0x70503b79d84767babed0941a8c43e94a7cc40e5dc69ba05fea56167a6c796075",
        -- "to": "0x83c7e323d189f18725ac510004fdc2941f8c4a78",
        -- "transactionIndex": "0x1",
        -- "type": "0x0",
        -- "v": "0x18e5bb3abd109f",
        -- "value": "0x1"
      -- }
    -- ],
    -- "transactionsRoot": "0xef011cbfe9ae50e7defe82a8382cc477d1c5f6d6cc41bf9245f201894b3d2923",
    -- "uncles": [],
    -- "withdrawals": [
      -- {
        -- "address": "0x717f8aa2b982bee0e29f573d31df288663e1ce16",
        -- "amount": "0x64",
        -- "index": "0x0",
        -- "validatorIndex": "0x5"
      -- }
    -- ],
    -- "withdrawalsRoot": "0x5e1016697b3b7f7c7ae99708e4482ca5cf920e5dfd971d9a970768f3c5fb6eb4"
  }
}
>>  {"jsonrpc": "2.0", "id": 1, "method": "eth_getBlockByNumber", "params": ["0x35", true]}
<<  {"jsonrpc":"2.0","result":{"difficulty":"0x0","extraData":"0x","gasLimit":"0xbebc200","gasUsed":"0x17745","hash":"0xced7868057d8d421c73d54e58e5c5d70313a1d71ea43910b3fd6cd95f25de17a","logsBloom":"0x00000000000000000000000000000000000000000000000000000000800000000000000000000000000000000000000000000000000000000001000000000000000000000000000000004000000000000200000000000000000000000000002000000000000000020000000000000000000000000000000020000000000000000000000000000000000000000000000000000000000000000000000000000000000000000000009000000000000000000000000000000000000000000000000000000000000000000000000000000000000000000000000000000000000000000000000000000000000000000000000000000000000000000000000000000000","miner":"0x0000000000000000000000000000000000000000","mixHash":"0x0000000000000000000000000000000000000000000000000000000000000000","nonce":"0x0000000000000000","number":"0x35","parentHash":"0xa9578be0967413b9adc40736fd4ec67d0529b890a81d62102db05e61d6de1897","receiptsRoot":"0x7f83604897d9bcfd7b817d4538c7a3fe7b2030dc969bb956b9cb27d26bea0243","sha3Uncles":"0x1dcc4de8dec75d7aab85b567b6ccd41ad312451b948a7413f0a142fd40d49347","size":"0x3e5","stateRoot":"0xe3473e8bdb8bca96c93ff10ceaf369e7bbb0c754c36791a9a93c07fab75c662b","timestamp":"0x212","baseFeePerGas":"0x62d8fb4","transactions":[{"type":"0x1","accessList":[{"address":"0x7dcd17433742f4c0ca53122ab541d0ba67fc27df","storageKeys":["0x0000000000000000000000000000000000000000000000000000000000000000","0xefcb86facadbec33b8779888975eacca8f44a9073a845521617f1fb30e1ac818"]}],"yParity":"0x0","chainId":"0xc72dd9d5e883e","nonce":"0x77","to":"0x7dcd17433742f4c0ca53122ab541d0ba67fc27df","from":"0x7435ed30a8b4aeb0877cef0c6e8cffe834eb865f","value":"0x2","input":"0xac2ee5432174b752656d6974","gasPrice":"0x62d8fb5","v":"0x0","r":"0xaca638793e2ce6ccbe803bc9238572f89406747d4b680f86d945fa3eeb7070ba","s":"0x4cf217d0c06f4ac6f8bd6bf3b6892a43da1969eb1d60fa667a66392b40d17fc0","hash":"0xfa647a42263cadb4a65927e749d4383dd38d6fe8f5295102c4bdb9c35d968cc7","transactionIndex":"0x0","blockHash":"0xced7868057d8d421c73d54e58e5c5d70313a1d71ea43910b3fd6cd95f25de17a","blockNumber":"0x35","blockTimestamp":"0x212","gas":"0x186a0"},{"type":"0x1","accessList":[],"yParity":"0x0","chainId":"0xc72dd9d5e883e","nonce":"0x78","to":"0x4dde844b71bcdf95512fb4dc94e84fb67b512ed8","from":"0x7435ed30a8b4aeb0877cef0c6e8cffe834eb865f","value":"0x1","input":"0x","gasPrice":"0x62d8fb5","v":"0x0","r":"0x746455bab2f1b0641c63246d40feff1a31649cd076dcc2847824c615c897d978","s":"0x4adc2322378493f72c00f1b765b1bef2feab333df5366a3d24763e739da20eaa","hash":"0x37b18bad0533859eb3c0852c3f7ec1405f6e1f8ace1951ce2e5791bcb896aaea","transactionIndex":"0x1","blockHash":"0xced7868057d8d421c73d54e58e5c5d70313a1d71ea43910b3fd6cd95f25de17a","blockNumber":"0x35","blockTimestamp":"0x212","gas":"0x5208"},{"type":"0x2","maxPriorityFeePerGas":"0x1","maxFeePerGas":"0x62d8fb5","accessList":[],"yParity":"0x0","chainId":"0xc72dd9d5e883e","nonce":"0x79","to":"0x9dcd17433742f4c0ca53122ab541d0ba67fc27d3","from":"0x7435ed30a8b4aeb0877cef0c6e8cffe834eb865f","value":"0x0","input":"0x01","gasPrice":"0x62d8fb5","v":"0x0","r":"0xe10d6432c0c1920873441fe657cd8e968f50e63a845a72c72093319440397e10","s":"0x4c184f3625a5f9565b1dfa35d3da1a1eb31848bcc92ee6d4d368170edde10b96","hash":"0x7ff52ad34eea4593d4b7fc13fc68cf31e6ad3520f764f30c24e77dd363722de5","transactionIndex":"0x2","blockHash":"0xced7868057d8d421c73d54e58e5c5d70313a1d71ea43910b3fd6cd95f25de17a","blockNumber":"0x35","blockTimestamp":"0x212","gas":"0x186a0"}],"transactionsRoot":"0x5332ce6da159c652fc2ff58dd7a2cfc0608419de1c6e2c16445d5b6181c0d789","uncles":[],"withdrawals":[],"withdrawalsRoot":"0x56e81f171bcc55a6ff8345e692c0f86e5b48e01b996cadc001622fb5e363b421"},"id":1}
response differs from expected (-- client, ++ test):
{
  "id": 1,
  "jsonrpc": "2.0",
  "result": {
    -- "baseFeePerGas": "0x62d8fb4",
    ++ "capture_only": true,
    -- "difficulty": "0x0",
    -- "extraData": "0x",
    -- "gasLimit": "0xbebc200",
    -- "gasUsed": "0x17745",
    -- "hash": "0xced7868057d8d421c73d54e58e5c5d70313a1d71ea43910b3fd6cd95f25de17a",
    -- "logsBloom": "0x00000000000000000000000000000000000000000000000000000000800000000000000000000000000000000000000000000000000000000001000000000000000000000000000000004000000000000200000000000000000000000000002000000000000000020000000000000000000000000000000020000000000000000000000000000000000000000000000000000000000000000000000000000000000000000000009000000000000000000000000000000000000000000000000000000000000000000000000000000000000000000000000000000000000000000000000000000000000000000000000000000000000000000000000000000000",
    -- "miner": "0x0000000000000000000000000000000000000000",
    -- "mixHash": "0x0000000000000000000000000000000000000000000000000000000000000000",
    -- "nonce": "0x0000000000000000",
    -- "number": "0x35",
    -- "parentHash": "0xa9578be0967413b9adc40736fd4ec67d0529b890a81d62102db05e61d6de1897",
    -- "receiptsRoot": "0x7f83604897d9bcfd7b817d4538c7a3fe7b2030dc969bb956b9cb27d26bea0243",
    -- "sha3Uncles": "0x1dcc4de8dec75d7aab85b567b6ccd41ad312451b948a7413f0a142fd40d49347",
    -- "size": "0x3e5",
    -- "stateRoot": "0xe3473e8bdb8bca96c93ff10ceaf369e7bbb0c754c36791a9a93c07fab75c662b",
    -- "timestamp": "0x212",
    -- "transactions": [
      -- {
        -- "accessList": [
          -- {
            -- "address": "0x7dcd17433742f4c0ca53122ab541d0ba67fc27df",
            -- "storageKeys": [
              -- "0x0000000000000000000000000000000000000000000000000000000000000000",
              -- "0xefcb86facadbec33b8779888975eacca8f44a9073a845521617f1fb30e1ac818"
            -- ]
          -- }
        -- ],
        -- "blockHash": "0xced7868057d8d421c73d54e58e5c5d70313a1d71ea43910b3fd6cd95f25de17a",
        -- "blockNumber": "0x35",
        -- "blockTimestamp": "0x212",
        -- "chainId": "0xc72dd9d5e883e",
        -- "from": "0x7435ed30a8b4aeb0877cef0c6e8cffe834eb865f",
        -- "gas": "0x186a0",
        -- "gasPrice": "0x62d8fb5",
        -- "hash": "0xfa647a42263cadb4a65927e749d4383dd38d6fe8f5295102c4bdb9c35d968cc7",
        -- "input": "0xac2ee5432174b752656d6974",
        -- "nonce": "0x77",
        -- "r": "0xaca638793e2ce6ccbe803bc9238572f89406747d4b680f86d945fa3eeb7070ba",
        -- "s": "0x4cf217d0c06f4ac6f8bd6bf3b6892a43da1969eb1d60fa667a66392b40d17fc0",
        -- "to": "0x7dcd17433742f4c0ca53122ab541d0ba67fc27df",
        -- "transactionIndex": "0x0",
        -- "type": "0x1",
        -- "v": "0x0",
        -- "value": "0x2",
        -- "yParity": "0x0"
      -- },
      -- {
        -- "accessList": [],
        -- "blockHash": "0xced7868057d8d421c73d54e58e5c5d70313a1d71ea43910b3fd6cd95f25de17a",
        -- "blockNumber": "0x35",
        -- "blockTimestamp": "0x212",
        -- "chainId": "0xc72dd9d5e883e",
        -- "from": "0x7435ed30a8b4aeb0877cef0c6e8cffe834eb865f",
        -- "gas": "0x5208",
        -- "gasPrice": "0x62d8fb5",
        -- "hash": "0x37b18bad0533859eb3c0852c3f7ec1405f6e1f8ace1951ce2e5791bcb896aaea",
        -- "input": "0x",
        -- "nonce": "0x78",
        -- "r": "0x746455bab2f1b0641c63246d40feff1a31649cd076dcc2847824c615c897d978",
        -- "s": "0x4adc2322378493f72c00f1b765b1bef2feab333df5366a3d24763e739da20eaa",
        -- "to": "0x4dde844b71bcdf95512fb4dc94e84fb67b512ed8",
        -- "transactionIndex": "0x1",
        -- "type": "0x1",
        -- "v": "0x0",
        -- "value": "0x1",
        -- "yParity": "0x0"
      -- },
      -- {
        -- "accessList": [],
        -- "blockHash": "0xced7868057d8d421c73d54e58e5c5d70313a1d71ea43910b3fd6cd95f25de17a",
        -- "blockNumber": "0x35",
        -- "blockTimestamp": "0x212",
        -- "chainId": "0xc72dd9d5e883e",
        -- "from": "0x7435ed30a8b4aeb0877cef0c6e8cffe834eb865f",
        -- "gas": "0x186a0",
        -- "gasPrice": "0x62d8fb5",
        -- "hash": "0x7ff52ad34eea4593d4b7fc13fc68cf31e6ad3520f764f30c24e77dd363722de5",
        -- "input": "0x01",
        -- "maxFeePerGas": "0x62d8fb5",
        -- "maxPriorityFeePerGas": "0x1",
        -- "nonce": "0x79",
        -- "r": "0xe10d6432c0c1920873441fe657cd8e968f50e63a845a72c72093319440397e10",
        -- "s": "0x4c184f3625a5f9565b1dfa35d3da1a1eb31848bcc92ee6d4d368170edde10b96",
        -- "to": "0x9dcd17433742f4c0ca53122ab541d0ba67fc27d3",
        -- "transactionIndex": "0x2",
        -- "type": "0x2",
        -- "v": "0x0",
        -- "value": "0x0",
        -- "yParity": "0x0"
      -- }
    -- ],
    -- "transactionsRoot": "0x5332ce6da159c652fc2ff58dd7a2cfc0608419de1c6e2c16445d5b6181c0d789",
    -- "uncles": [],
    -- "withdrawals": [],
    -- "withdrawalsRoot": "0x56e81f171bcc55a6ff8345e692c0f86e5b48e01b996cadc001622fb5e363b421"
  }
}
>>  {"jsonrpc": "2.0", "id": 1, "method": "trace_filter", "params": [{"fromBlock": "0x33", "toBlock": "0x33", "toAddress": ["0x717f8aa2b982bee0e29f573d31df288663e1ce16"]}]}
<<  {"jsonrpc":"2.0","result":[],"id":1}
response differs from expected (-- client, ++ test):
{
  "id": 1,
  "jsonrpc": "2.0",
  "result": -- [] ++ {}
}
>>  {"jsonrpc": "2.0", "id": 1, "method": "trace_filter", "params": [{"fromBlock": "0x34", "toBlock": "0x34", "toAddress": ["0x717f8aa2b982bee0e29f573d31df288663e1ce16"]}]}
<<  {"jsonrpc":"2.0","result":[],"id":1}
response differs from expected (-- client, ++ test):
{
  "id": 1,
  "jsonrpc": "2.0",
  "result": -- [] ++ {}
}
>>  {"jsonrpc": "2.0", "id": 1, "method": "trace_filter", "params": [{"fromBlock": "0x35", "toBlock": "0x35", "toAddress": ["0x717f8aa2b982bee0e29f573d31df288663e1ce16"]}]}
<<  {"jsonrpc":"2.0","result":[],"id":1}
response differs from expected (-- client, ++ test):
{
  "id": 1,
  "jsonrpc": "2.0",
  "result": -- [] ++ {}
}
sending engine_forkchoiceUpdatedV3: [map[finalizedBlockHash:0xc838e291267cb5ce27dd44cd30e91eade7d3d97ee9d19805453f8f0c18b297c8 headBlockHash:0xb3ba0330884cb90c46699588aab05619155565a21fecf9b9f9482693556f2316 safeBlockHash:0xb3ba0330884cb90c46699588aab05619155565a21fecf9b9f9482693556f2316] <nil>]
response: map[payloadId:<nil> payloadStatus:map[latestValidHash:0xb3ba0330884cb90c46699588aab05619155565a21fecf9b9f9482693556f2316 status:VALID validationError:<nil>]]
>>  {"jsonrpc": "2.0", "id": 1, "method": "eth_getBlockByNumber", "params": ["0x48", false]}
<<  {"jsonrpc":"2.0","id":1,"result":{"hash":"0xb3ba0330884cb90c46699588aab05619155565a21fecf9b9f9482693556f2316","parentHash":"0x7964ce394f9773783863d05cf0826d125024c5f5dac03c07d5d7832c551a40de","sha3Uncles":"0x1dcc4de8dec75d7aab85b567b6ccd41ad312451b948a7413f0a142fd40d49347","miner":"0x0000000000000000000000000000000000000000","stateRoot":"0x42da2e489b18e750a877106cd83e76fd16d4234d530e8290eda403582c50aac4","transactionsRoot":"0x4a0b6fa744634b80a04463acab0cad7eb4aa563337ed6f95ec3728d7ef745a99","receiptsRoot":"0x8242a788eddcd94326c2acb0a6cb547ca411104a65e3c6c5f751ce1c7f14cd15","logsBloom":"0x00000000000000000000000000000000000000000000000000000000800000000000000000000000000000000000000000000000000000000000000000000000000000000000000000004000000000000200000002000000000000000000002000000000000000000000000000800000000000000000000000000000000000000000000000000000000100000000000000000000000000000000000000000000000000000000009000000000000000000000000000000000000000800000000000800000000000000000000000000000000000000000000000000000000000000000000000000000000000000000000000000000000000000000000000400000","difficulty":"0x0","number":"0x48","gasLimit":"0xbebc200","gasUsed":"0x18d04","timestamp":"0x2d0","extraData":"0x","mixHash":"0x0000000000000000000000000000000000000000000000000000000000000000","nonce":"0x0000000000000000","baseFeePerGas":"0x7d97fd","withdrawalsRoot":"0xe0ab3dbb84deba21eca1dff9c98528bd2f6a427acd3d30f09ca504c7f0ef0a3b","blobGasUsed":"0x20000","excessBlobGas":"0x0","parentBeaconBlockRoot":"0x47c896f5986ec29f58ec60eec56ed176910779e9fc9cf45c3c090126aeb21acd","requestsHash":"0xe3b0c44298fc1c149afbf4c8996fb92427ae41e4649b934ca495991b7852b855","size":"0x400","uncles":[],"transactions":["0x72af7d7b24f8bd52b53e2974eb4a8b3a97819211501eb3969bc7d6562016f49d","0x2bd941225e044995fd7890bf3183cc65edb04f1b92aa7191626d120ee543e41c"],"withdrawals":[{"index":"0x6","validatorIndex":"0x5","address":"0x0c2c51a0990aee1d73c1228de158688341557508","amount":"0x64"}]}}
response differs from expected (-- client, ++ test):
{
  "id": 1,
  "jsonrpc": "2.0",
  "result": {
    -- "baseFeePerGas": "0x7d97fd",
    -- "blobGasUsed": "0x20000",
    ++ "capture_only": true,
    -- "difficulty": "0x0",
    -- "excessBlobGas": "0x0",
    -- "extraData": "0x",
    -- "gasLimit": "0xbebc200",
    -- "gasUsed": "0x18d04",
    -- "hash": "0xb3ba0330884cb90c46699588aab05619155565a21fecf9b9f9482693556f2316",
    -- "logsBloom": "0x00000000000000000000000000000000000000000000000000000000800000000000000000000000000000000000000000000000000000000000000000000000000000000000000000004000000000000200000002000000000000000000002000000000000000000000000000800000000000000000000000000000000000000000000000000000000100000000000000000000000000000000000000000000000000000000009000000000000000000000000000000000000000800000000000800000000000000000000000000000000000000000000000000000000000000000000000000000000000000000000000000000000000000000000000400000",
    -- "miner": "0x0000000000000000000000000000000000000000",
    -- "mixHash": "0x0000000000000000000000000000000000000000000000000000000000000000",
    -- "nonce": "0x0000000000000000",
    -- "number": "0x48",
    -- "parentBeaconBlockRoot": "0x47c896f5986ec29f58ec60eec56ed176910779e9fc9cf45c3c090126aeb21acd",
    -- "parentHash": "0x7964ce394f9773783863d05cf0826d125024c5f5dac03c07d5d7832c551a40de",
    -- "receiptsRoot": "0x8242a788eddcd94326c2acb0a6cb547ca411104a65e3c6c5f751ce1c7f14cd15",
    -- "requestsHash": "0xe3b0c44298fc1c149afbf4c8996fb92427ae41e4649b934ca495991b7852b855",
    -- "sha3Uncles": "0x1dcc4de8dec75d7aab85b567b6ccd41ad312451b948a7413f0a142fd40d49347",
    -- "size": "0x400",
    -- "stateRoot": "0x42da2e489b18e750a877106cd83e76fd16d4234d530e8290eda403582c50aac4",
    -- "timestamp": "0x2d0",
    -- "transactions": [
      -- "0x72af7d7b24f8bd52b53e2974eb4a8b3a97819211501eb3969bc7d6562016f49d",
      -- "0x2bd941225e044995fd7890bf3183cc65edb04f1b92aa7191626d120ee543e41c"
    -- ],
    -- "transactionsRoot": "0x4a0b6fa744634b80a04463acab0cad7eb4aa563337ed6f95ec3728d7ef745a99",
    -- "uncles": [],
    -- "withdrawals": [
      -- {
        -- "address": "0x0c2c51a0990aee1d73c1228de158688341557508",
        -- "amount": "0x64",
        -- "index": "0x6",
        -- "validatorIndex": "0x5"
      -- }
    -- ],
    -- "withdrawalsRoot": "0xe0ab3dbb84deba21eca1dff9c98528bd2f6a427acd3d30f09ca504c7f0ef0a3b"
  }
}
>>  {"jsonrpc": "2.0", "id": 1, "method": "eth_getBlockByNumber", "params": ["latest", false]}
<<  {"jsonrpc":"2.0","id":1,"result":{"hash":"0xb3ba0330884cb90c46699588aab05619155565a21fecf9b9f9482693556f2316","parentHash":"0x7964ce394f9773783863d05cf0826d125024c5f5dac03c07d5d7832c551a40de","sha3Uncles":"0x1dcc4de8dec75d7aab85b567b6ccd41ad312451b948a7413f0a142fd40d49347","miner":"0x0000000000000000000000000000000000000000","stateRoot":"0x42da2e489b18e750a877106cd83e76fd16d4234d530e8290eda403582c50aac4","transactionsRoot":"0x4a0b6fa744634b80a04463acab0cad7eb4aa563337ed6f95ec3728d7ef745a99","receiptsRoot":"0x8242a788eddcd94326c2acb0a6cb547ca411104a65e3c6c5f751ce1c7f14cd15","logsBloom":"0x00000000000000000000000000000000000000000000000000000000800000000000000000000000000000000000000000000000000000000000000000000000000000000000000000004000000000000200000002000000000000000000002000000000000000000000000000800000000000000000000000000000000000000000000000000000000100000000000000000000000000000000000000000000000000000000009000000000000000000000000000000000000000800000000000800000000000000000000000000000000000000000000000000000000000000000000000000000000000000000000000000000000000000000000000400000","difficulty":"0x0","number":"0x48","gasLimit":"0xbebc200","gasUsed":"0x18d04","timestamp":"0x2d0","extraData":"0x","mixHash":"0x0000000000000000000000000000000000000000000000000000000000000000","nonce":"0x0000000000000000","baseFeePerGas":"0x7d97fd","withdrawalsRoot":"0xe0ab3dbb84deba21eca1dff9c98528bd2f6a427acd3d30f09ca504c7f0ef0a3b","blobGasUsed":"0x20000","excessBlobGas":"0x0","parentBeaconBlockRoot":"0x47c896f5986ec29f58ec60eec56ed176910779e9fc9cf45c3c090126aeb21acd","requestsHash":"0xe3b0c44298fc1c149afbf4c8996fb92427ae41e4649b934ca495991b7852b855","size":"0x400","uncles":[],"transactions":["0x72af7d7b24f8bd52b53e2974eb4a8b3a97819211501eb3969bc7d6562016f49d","0x2bd941225e044995fd7890bf3183cc65edb04f1b92aa7191626d120ee543e41c"],"withdrawals":[{"index":"0x6","validatorIndex":"0x5","address":"0x0c2c51a0990aee1d73c1228de158688341557508","amount":"0x64"}]}}
response differs from expected (-- client, ++ test):
{
  "id": 1,
  "jsonrpc": "2.0",
  "result": {
    -- "baseFeePerGas": "0x7d97fd",
    -- "blobGasUsed": "0x20000",
    ++ "capture_only": true,
    -- "difficulty": "0x0",
    -- "excessBlobGas": "0x0",
    -- "extraData": "0x",
    -- "gasLimit": "0xbebc200",
    -- "gasUsed": "0x18d04",
    -- "hash": "0xb3ba0330884cb90c46699588aab05619155565a21fecf9b9f9482693556f2316",
    -- "logsBloom": "0x00000000000000000000000000000000000000000000000000000000800000000000000000000000000000000000000000000000000000000000000000000000000000000000000000004000000000000200000002000000000000000000002000000000000000000000000000800000000000000000000000000000000000000000000000000000000100000000000000000000000000000000000000000000000000000000009000000000000000000000000000000000000000800000000000800000000000000000000000000000000000000000000000000000000000000000000000000000000000000000000000000000000000000000000000400000",
    -- "miner": "0x0000000000000000000000000000000000000000",
    -- "mixHash": "0x0000000000000000000000000000000000000000000000000000000000000000",
    -- "nonce": "0x0000000000000000",
    -- "number": "0x48",
    -- "parentBeaconBlockRoot": "0x47c896f5986ec29f58ec60eec56ed176910779e9fc9cf45c3c090126aeb21acd",
    -- "parentHash": "0x7964ce394f9773783863d05cf0826d125024c5f5dac03c07d5d7832c551a40de",
    -- "receiptsRoot": "0x8242a788eddcd94326c2acb0a6cb547ca411104a65e3c6c5f751ce1c7f14cd15",
    -- "requestsHash": "0xe3b0c44298fc1c149afbf4c8996fb92427ae41e4649b934ca495991b7852b855",
    -- "sha3Uncles": "0x1dcc4de8dec75d7aab85b567b6ccd41ad312451b948a7413f0a142fd40d49347",
    -- "size": "0x400",
    -- "stateRoot": "0x42da2e489b18e750a877106cd83e76fd16d4234d530e8290eda403582c50aac4",
    -- "timestamp": "0x2d0",
    -- "transactions": [
      -- "0x72af7d7b24f8bd52b53e2974eb4a8b3a97819211501eb3969bc7d6562016f49d",
      -- "0x2bd941225e044995fd7890bf3183cc65edb04f1b92aa7191626d120ee543e41c"
    -- ],
    -- "transactionsRoot": "0x4a0b6fa744634b80a04463acab0cad7eb4aa563337ed6f95ec3728d7ef745a99",
    -- "uncles": [],
    -- "withdrawals": [
      -- {
        -- "address": "0x0c2c51a0990aee1d73c1228de158688341557508",
        -- "amount": "0x64",
        -- "index": "0x6",
        -- "validatorIndex": "0x5"
      -- }
    -- ],
    -- "withdrawalsRoot": "0xe0ab3dbb84deba21eca1dff9c98528bd2f6a427acd3d30f09ca504c7f0ef0a3b"
  }
}
>>  {"jsonrpc": "2.0", "id": 1, "method": "web3_clientVersion", "params": []}
<<  {"jsonrpc":"2.0","id":1,"result":"reth/v2.5.2-03cb186/x86_64-unknown-linux-gnu"}
response differs from expected (-- client, ++ test):
{
  "id": 1,
  "jsonrpc": "2.0",
  "result": -- "reth/v2.5.2-03cb186/x86_64-unknown-linux-gnu" ++ {}
}
>>  {"jsonrpc": "2.0", "id": 1, "method": "trace_call", "params": [{"from": "0x7435ed30a8b4aeb0877cef0c6e8cffe834eb865f", "to": "0x000F3df6D732807Ef1319fB7B8bB8522d0Beac02", "data": "0x0000000000000000000000000000000000000000000000000000000000000230", "gas": "0x927c0", "gasPrice": "0x77359400"}, ["trace"], "0x37"]}
<<  {"jsonrpc":"2.0","id":1,"result":{"output":"0x","stateDiff":null,"trace":[{"type":"call","action":{"from":"0x7435ed30a8b4aeb0877cef0c6e8cffe834eb865f","callType":"call","gas":"0x8d520","input":"0x0000000000000000000000000000000000000000000000000000000000000230","to":"0x000f3df6d732807ef1319fb7b8bb8522d0beac02","value":"0x0"},"error":"Reverted","result":{"gasUsed":"0x89c","output":"0x"},"subtraces":0,"traceAddress":[]}],"vmTrace":null}}
response differs from expected (-- client, ++ test):
{
  "id": 1,
  "jsonrpc": "2.0",
  "result": {
    ++ "capture_only": true,
    -- "output": "0x",
    -- "stateDiff": null,
    -- "trace": [
      -- {
        -- "action": {
          -- "callType": "call",
          -- "from": "0x7435ed30a8b4aeb0877cef0c6e8cffe834eb865f",
          -- "gas": "0x8d520",
          -- "input": "0x0000000000000000000000000000000000000000000000000000000000000230",
          -- "to": "0x000f3df6d732807ef1319fb7b8bb8522d0beac02",
          -- "value": "0x0"
        -- },
        -- "error": "Reverted",
        -- "result": {
          -- "gasUsed": "0x89c",
          -- "output": "0x"
        -- },
        -- "subtraces": 0,
        -- "traceAddress": [],
        -- "type": "call"
      -- }
    -- ],
    -- "vmTrace": null
  }
}
>>  {"jsonrpc": "2.0", "id": 1, "method": "trace_call", "params": [{"from": "0x7435ed30a8b4aeb0877cef0c6e8cffe834eb865f", "to": "0x000F3df6D732807Ef1319fB7B8bB8522d0Beac02", "data": "0x0000000000000000000000000000000000000000000000000000000000000230", "gas": "0x927c0", "gasPrice": "0x77359400"}, ["trace"], "0x38"]}
<<  {"jsonrpc":"2.0","id":1,"result":{"output":"0x83472eda6eb475906aeeb7f09e757ba9f6663b9f6a5bf8611d6306f677f67ebd","stateDiff":null,"trace":[{"type":"call","action":{"from":"0x7435ed30a8b4aeb0877cef0c6e8cffe834eb865f","callType":"call","gas":"0x8d520","input":"0x0000000000000000000000000000000000000000000000000000000000000230","to":"0x000f3df6d732807ef1319fb7b8bb8522d0beac02","value":"0x0"},"result":{"gasUsed":"0x10e0","output":"0x83472eda6eb475906aeeb7f09e757ba9f6663b9f6a5bf8611d6306f677f67ebd"},"subtraces":0,"traceAddress":[]}],"vmTrace":null}}
response differs from expected (-- client, ++ test):
{
  "id": 1,
  "jsonrpc": "2.0",
  "result": {
    ++ "capture_only": true,
    -- "output": "0x83472eda6eb475906aeeb7f09e757ba9f6663b9f6a5bf8611d6306f677f67ebd",
    -- "stateDiff": null,
    -- "trace": [
      -- {
        -- "action": {
          -- "callType": "call",
          -- "from": "0x7435ed30a8b4aeb0877cef0c6e8cffe834eb865f",
          -- "gas": "0x8d520",
          -- "input": "0x0000000000000000000000000000000000000000000000000000000000000230",
          -- "to": "0x000f3df6d732807ef1319fb7b8bb8522d0beac02",
          -- "value": "0x0"
        -- },
        -- "result": {
          -- "gasUsed": "0x10e0",
          -- "output": "0x83472eda6eb475906aeeb7f09e757ba9f6663b9f6a5bf8611d6306f677f67ebd"
        -- },
        -- "subtraces": 0,
        -- "traceAddress": [],
        -- "type": "call"
      -- }
    -- ],
    -- "vmTrace": null
  }
}
>>  {"jsonrpc": "2.0", "id": 1, "method": "eth_getBlockByNumber", "params": ["0x48", false]}
<<  {"jsonrpc":"2.0","id":1,"result":{"hash":"0xb3ba0330884cb90c46699588aab05619155565a21fecf9b9f9482693556f2316","parentHash":"0x7964ce394f9773783863d05cf0826d125024c5f5dac03c07d5d7832c551a40de","sha3Uncles":"0x1dcc4de8dec75d7aab85b567b6ccd41ad312451b948a7413f0a142fd40d49347","miner":"0x0000000000000000000000000000000000000000","stateRoot":"0x42da2e489b18e750a877106cd83e76fd16d4234d530e8290eda403582c50aac4","transactionsRoot":"0x4a0b6fa744634b80a04463acab0cad7eb4aa563337ed6f95ec3728d7ef745a99","receiptsRoot":"0x8242a788eddcd94326c2acb0a6cb547ca411104a65e3c6c5f751ce1c7f14cd15","logsBloom":"0x00000000000000000000000000000000000000000000000000000000800000000000000000000000000000000000000000000000000000000000000000000000000000000000000000004000000000000200000002000000000000000000002000000000000000000000000000800000000000000000000000000000000000000000000000000000000100000000000000000000000000000000000000000000000000000000009000000000000000000000000000000000000000800000000000800000000000000000000000000000000000000000000000000000000000000000000000000000000000000000000000000000000000000000000000400000","difficulty":"0x0","number":"0x48","gasLimit":"0xbebc200","gasUsed":"0x18d04","timestamp":"0x2d0","extraData":"0x","mixHash":"0x0000000000000000000000000000000000000000000000000000000000000000","nonce":"0x0000000000000000","baseFeePerGas":"0x7d97fd","withdrawalsRoot":"0xe0ab3dbb84deba21eca1dff9c98528bd2f6a427acd3d30f09ca504c7f0ef0a3b","blobGasUsed":"0x20000","excessBlobGas":"0x0","parentBeaconBlockRoot":"0x47c896f5986ec29f58ec60eec56ed176910779e9fc9cf45c3c090126aeb21acd","requestsHash":"0xe3b0c44298fc1c149afbf4c8996fb92427ae41e4649b934ca495991b7852b855","size":"0x400","uncles":[],"transactions":["0x72af7d7b24f8bd52b53e2974eb4a8b3a97819211501eb3969bc7d6562016f49d","0x2bd941225e044995fd7890bf3183cc65edb04f1b92aa7191626d120ee543e41c"],"withdrawals":[{"index":"0x6","validatorIndex":"0x5","address":"0x0c2c51a0990aee1d73c1228de158688341557508","amount":"0x64"}]}}
response differs from expected (-- client, ++ test):
{
  "id": 1,
  "jsonrpc": "2.0",
  "result": {
    -- "baseFeePerGas": "0x7d97fd",
    -- "blobGasUsed": "0x20000",
    ++ "capture_only": true,
    -- "difficulty": "0x0",
    -- "excessBlobGas": "0x0",
    -- "extraData": "0x",
    -- "gasLimit": "0xbebc200",
    -- "gasUsed": "0x18d04",
    -- "hash": "0xb3ba0330884cb90c46699588aab05619155565a21fecf9b9f9482693556f2316",
    -- "logsBloom": "0x00000000000000000000000000000000000000000000000000000000800000000000000000000000000000000000000000000000000000000000000000000000000000000000000000004000000000000200000002000000000000000000002000000000000000000000000000800000000000000000000000000000000000000000000000000000000100000000000000000000000000000000000000000000000000000000009000000000000000000000000000000000000000800000000000800000000000000000000000000000000000000000000000000000000000000000000000000000000000000000000000000000000000000000000000400000",
    -- "miner": "0x0000000000000000000000000000000000000000",
    -- "mixHash": "0x0000000000000000000000000000000000000000000000000000000000000000",
    -- "nonce": "0x0000000000000000",
    -- "number": "0x48",
    -- "parentBeaconBlockRoot": "0x47c896f5986ec29f58ec60eec56ed176910779e9fc9cf45c3c090126aeb21acd",
    -- "parentHash": "0x7964ce394f9773783863d05cf0826d125024c5f5dac03c07d5d7832c551a40de",
    -- "receiptsRoot": "0x8242a788eddcd94326c2acb0a6cb547ca411104a65e3c6c5f751ce1c7f14cd15",
    -- "requestsHash": "0xe3b0c44298fc1c149afbf4c8996fb92427ae41e4649b934ca495991b7852b855",
    -- "sha3Uncles": "0x1dcc4de8dec75d7aab85b567b6ccd41ad312451b948a7413f0a142fd40d49347",
    -- "size": "0x400",
    -- "stateRoot": "0x42da2e489b18e750a877106cd83e76fd16d4234d530e8290eda403582c50aac4",
    -- "timestamp": "0x2d0",
    -- "transactions": [
      -- "0x72af7d7b24f8bd52b53e2974eb4a8b3a97819211501eb3969bc7d6562016f49d",
      -- "0x2bd941225e044995fd7890bf3183cc65edb04f1b92aa7191626d120ee543e41c"
    -- ],
    -- "transactionsRoot": "0x4a0b6fa744634b80a04463acab0cad7eb4aa563337ed6f95ec3728d7ef745a99",
    -- "uncles": [],
    -- "withdrawals": [
      -- {
        -- "address": "0x0c2c51a0990aee1d73c1228de158688341557508",
        -- "amount": "0x64",
        -- "index": "0x6",
        -- "validatorIndex": "0x5"
      -- }
    -- ],
    -- "withdrawalsRoot": "0xe0ab3dbb84deba21eca1dff9c98528bd2f6a427acd3d30f09ca504c7f0ef0a3b"
  }
}
>>  {"jsonrpc": "2.0", "id": 1, "method": "trace_call", "params": [{"from": "0x7435ed30a8b4aeb0877cef0c6e8cffe834eb865f", "to": "0x0000000000000000000000000000000000001007", "gas": "0x927c0", "gasPrice": "0x77359400", "data": "0x"}, ["trace", "stateDiff", "vmTrace"], "0x37"]}
<<  {"jsonrpc":"2.0","id":1,"result":{"output":"0x","stateDiff":{"0x0000000000000000000000000000000000001007":{"balance":{"*":{"from":"0x64","to":"0x0"}},"code":"=","nonce":"=","storage":{}},"0x0000000000000000000000000000000000001008":{"balance":{"*":{"from":"0x0","to":"0x64"}},"code":"=","nonce":"=","storage":{}},"0x7435ed30a8b4aeb0877cef0c6e8cffe834eb865f":{"balance":"=","code":"=","nonce":{"*":{"from":"0x7f","to":"0x80"}},"storage":{}}},"trace":[{"type":"call","action":{"from":"0x7435ed30a8b4aeb0877cef0c6e8cffe834eb865f","callType":"call","gas":"0x8d5b8","input":"0x","to":"0x0000000000000000000000000000000000001007","value":"0x0"},"result":{"gasUsed":"0x7f5b","output":"0x"},"subtraces":1,"traceAddress":[]},{"type":"suicide","action":{"address":"0x0000000000000000000000000000000000001007","balance":"0x64","refundAddress":"0x0000000000000000000000000000000000001008"},"result":null,"subtraces":0,"traceAddress":[0]}],"vmTrace":{"code":"0x611008ff","ops":[{"cost":3,"ex":{"used":579000,"push":["0x1008"],"mem":{"off":0,"data":"0x"},"store":null},"pc":0,"sub":null,"op":"PUSH2"},{"cost":32600,"ex":{"used":578997,"push":[],"mem":{"off":0,"data":"0x"},"store":null},"pc":3,"sub":null,"op":"SELFDESTRUCT"}]}}}
response differs from expected (-- client, ++ test):
{
  "id": 1,
  "jsonrpc": "2.0",
  "result": {
    ++ "capture_only": true,
    -- "output": "0x",
    -- "stateDiff": {
      -- "0x0000000000000000000000000000000000001007": {
        -- "balance": {
          -- "*": {
            -- "from": "0x64",
            -- "to": "0x0"
          -- }
        -- },
        -- "code": "=",
        -- "nonce": "=",
        -- "storage": {}
      -- },
      -- "0x0000000000000000000000000000000000001008": {
        -- "balance": {
          -- "*": {
            -- "from": "0x0",
            -- "to": "0x64"
          -- }
        -- },
        -- "code": "=",
        -- "nonce": "=",
        -- "storage": {}
      -- },
      -- "0x7435ed30a8b4aeb0877cef0c6e8cffe834eb865f": {
        -- "balance": "=",
        -- "code": "=",
        -- "nonce": {
          -- "*": {
            -- "from": "0x7f",
            -- "to": "0x80"
          -- }
        -- },
        -- "storage": {}
      -- }
    -- },
    -- "trace": [
      -- {
        -- "action": {
          -- "callType": "call",
          -- "from": "0x7435ed30a8b4aeb0877cef0c6e8cffe834eb865f",
          -- "gas": "0x8d5b8",
          -- "input": "0x",
          -- "to": "0x0000000000000000000000000000000000001007",
          -- "value": "0x0"
        -- },
        -- "result": {
          -- "gasUsed": "0x7f5b",
          -- "output": "0x"
        -- },
        -- "subtraces": 1,
        -- "traceAddress": [],
        -- "type": "call"
      -- },
      -- {
        -- "action": {
          -- "address": "0x0000000000000000000000000000000000001007",
          -- "balance": "0x64",
          -- "refundAddress": "0x0000000000000000000000000000000000001008"
        -- },
        -- "result": null,
        -- "subtraces": 0,
        -- "traceAddress": [
          -- 0
        -- ],
        -- "type": "suicide"
      -- }
    -- ],
    -- "vmTrace": {
      -- "code": "0x611008ff",
      -- "ops": [
        -- {
          -- "cost": 3,
          -- "ex": {
            -- "mem": {
              -- "data": "0x",
              -- "off": 0
            -- },
            -- "push": [
              -- "0x1008"
            -- ],
            -- "store": null,
            -- "used": 579000
          -- },
          -- "op": "PUSH2",
          -- "pc": 0,
          -- "sub": null
        -- },
        -- {
          -- "cost": 32600,
          -- "ex": {
            -- "mem": {
              -- "data": "0x",
              -- "off": 0
            -- },
            -- "push": [],
            -- "store": null,
            -- "used": 578997
          -- },
          -- "op": "SELFDESTRUCT",
          -- "pc": 3,
          -- "sub": null
        -- }
      -- ]
    -- }
  }
}
>>  {"jsonrpc": "2.0", "id": 1, "method": "trace_call", "params": [{"from": "0x7435ed30a8b4aeb0877cef0c6e8cffe834eb865f", "to": "0x0000000000000000000000000000000000001007", "gas": "0x927c0", "gasPrice": "0x77359400", "data": "0x"}, ["trace", "stateDiff", "vmTrace"], "0x38"]}
<<  {"jsonrpc":"2.0","id":1,"result":{"output":"0x","stateDiff":{"0x0000000000000000000000000000000000001007":{"balance":{"*":{"from":"0x64","to":"0x0"}},"code":"=","nonce":"=","storage":{}},"0x0000000000000000000000000000000000001008":{"balance":{"*":{"from":"0x0","to":"0x64"}},"code":"=","nonce":"=","storage":{}},"0x7435ed30a8b4aeb0877cef0c6e8cffe834eb865f":{"balance":"=","code":"=","nonce":{"*":{"from":"0x82","to":"0x83"}},"storage":{}}},"trace":[{"type":"call","action":{"from":"0x7435ed30a8b4aeb0877cef0c6e8cffe834eb865f","callType":"call","gas":"0x8d5b8","input":"0x","to":"0x0000000000000000000000000000000000001007","value":"0x0"},"result":{"gasUsed":"0x7f5b","output":"0x"},"subtraces":1,"traceAddress":[]},{"type":"suicide","action":{"address":"0x0000000000000000000000000000000000001007","balance":"0x64","refundAddress":"0x0000000000000000000000000000000000001008"},"result":null,"subtraces":0,"traceAddress":[0]}],"vmTrace":{"code":"0x611008ff","ops":[{"cost":3,"ex":{"used":579000,"push":["0x1008"],"mem":{"off":0,"data":"0x"},"store":null},"pc":0,"sub":null,"op":"PUSH2"},{"cost":32600,"ex":{"used":578997,"push":[],"mem":{"off":0,"data":"0x"},"store":null},"pc":3,"sub":null,"op":"SELFDESTRUCT"}]}}}
response differs from expected (-- client, ++ test):
{
  "id": 1,
  "jsonrpc": "2.0",
  "result": {
    ++ "capture_only": true,
    -- "output": "0x",
    -- "stateDiff": {
      -- "0x0000000000000000000000000000000000001007": {
        -- "balance": {
          -- "*": {
            -- "from": "0x64",
            -- "to": "0x0"
          -- }
        -- },
        -- "code": "=",
        -- "nonce": "=",
        -- "storage": {}
      -- },
      -- "0x0000000000000000000000000000000000001008": {
        -- "balance": {
          -- "*": {
            -- "from": "0x0",
            -- "to": "0x64"
          -- }
        -- },
        -- "code": "=",
        -- "nonce": "=",
        -- "storage": {}
      -- },
      -- "0x7435ed30a8b4aeb0877cef0c6e8cffe834eb865f": {
        -- "balance": "=",
        -- "code": "=",
        -- "nonce": {
          -- "*": {
            -- "from": "0x82",
            -- "to": "0x83"
          -- }
        -- },
        -- "storage": {}
      -- }
    -- },
    -- "trace": [
      -- {
        -- "action": {
          -- "callType": "call",
          -- "from": "0x7435ed30a8b4aeb0877cef0c6e8cffe834eb865f",
          -- "gas": "0x8d5b8",
          -- "input": "0x",
          -- "to": "0x0000000000000000000000000000000000001007",
          -- "value": "0x0"
        -- },
        -- "result": {
          -- "gasUsed": "0x7f5b",
          -- "output": "0x"
        -- },
        -- "subtraces": 1,
        -- "traceAddress": [],
        -- "type": "call"
      -- },
      -- {
        -- "action": {
          -- "address": "0x0000000000000000000000000000000000001007",
          -- "balance": "0x64",
          -- "refundAddress": "0x0000000000000000000000000000000000001008"
        -- },
        -- "result": null,
        -- "subtraces": 0,
        -- "traceAddress": [
          -- 0
        -- ],
        -- "type": "suicide"
      -- }
    -- ],
    -- "vmTrace": {
      -- "code": "0x611008ff",
      -- "ops": [
        -- {
          -- "cost": 3,
          -- "ex": {
            -- "mem": {
              -- "data": "0x",
              -- "off": 0
            -- },
            -- "push": [
              -- "0x1008"
            -- ],
            -- "store": null,
            -- "used": 579000
          -- },
          -- "op": "PUSH2",
          -- "pc": 0,
          -- "sub": null
        -- },
        -- {
          -- "cost": 32600,
          -- "ex": {
            -- "mem": {
              -- "data": "0x",
              -- "off": 0
            -- },
            -- "push": [],
            -- "store": null,
            -- "used": 578997
          -- },
          -- "op": "SELFDESTRUCT",
          -- "pc": 3,
          -- "sub": null
        -- }
      -- ]
    -- }
  }
}
>>  {"jsonrpc": "2.0", "id": 1, "method": "eth_getStorageAt", "params": ["0x000F3df6D732807Ef1319fB7B8bB8522d0Beac02", "0x230", "0x37"]}
<<  {"jsonrpc":"2.0","id":1,"result":"0x0000000000000000000000000000000000000000000000000000000000000000"}
response differs from expected (-- client, ++ test):
{
  "id": 1,
  "jsonrpc": "2.0",
  "result": -- "0x0000000000000000000000000000000000000000000000000000000000000000" ++ {}
}
>>  {"jsonrpc": "2.0", "id": 1, "method": "eth_getStorageAt", "params": ["0x000F3df6D732807Ef1319fB7B8bB8522d0Beac02", "0x222f", "0x37"]}
<<  {"jsonrpc":"2.0","id":1,"result":"0x0000000000000000000000000000000000000000000000000000000000000000"}
response differs from expected (-- client, ++ test):
{
  "id": 1,
  "jsonrpc": "2.0",
  "result": -- "0x0000000000000000000000000000000000000000000000000000000000000000" ++ {}
}
>>  {"jsonrpc": "2.0", "id": 1, "method": "eth_getStorageAt", "params": ["0x000F3df6D732807Ef1319fB7B8bB8522d0Beac02", "0x230", "0x38"]}
<<  {"jsonrpc":"2.0","id":1,"result":"0x0000000000000000000000000000000000000000000000000000000000000230"}
response differs from expected (-- client, ++ test):
{
  "id": 1,
  "jsonrpc": "2.0",
  "result": -- "0x0000000000000000000000000000000000000000000000000000000000000230" ++ {}
}
>>  {"jsonrpc": "2.0", "id": 1, "method": "eth_getStorageAt", "params": ["0x000F3df6D732807Ef1319fB7B8bB8522d0Beac02", "0x222f", "0x38"]}
<<  {"jsonrpc":"2.0","id":1,"result":"0x83472eda6eb475906aeeb7f09e757ba9f6663b9f6a5bf8611d6306f677f67ebd"}
response differs from expected (-- client, ++ test):
{
  "id": 1,
  "jsonrpc": "2.0",
  "result": -- "0x83472eda6eb475906aeeb7f09e757ba9f6663b9f6a5bf8611d6306f677f67ebd" ++ {}
}
>>  {"jsonrpc": "2.0", "id": 1, "method": "eth_getBalance", "params": ["0x717f8aa2b982bee0e29f573d31df288663e1ce16", "0x33"]}
<<  {"jsonrpc":"2.0","id":1,"result":"0xc097ce7bc90715b34b9f1000000006"}
response differs from expected (-- client, ++ test):
{
  "id": 1,
  "jsonrpc": "2.0",
  "result": -- "0xc097ce7bc90715b34b9f1000000006" ++ {}
}
>>  {"jsonrpc": "2.0", "id": 1, "method": "eth_getBalance", "params": ["0x717f8aa2b982bee0e29f573d31df288663e1ce16", "0x34"]}
<<  {"jsonrpc":"2.0","id":1,"result":"0xc097ce7bc90715b34b9f274876e806"}
response differs from expected (-- client, ++ test):
{
  "id": 1,
  "jsonrpc": "2.0",
  "result": -- "0xc097ce7bc90715b34b9f274876e806" ++ {}
}
>>  {"jsonrpc": "2.0", "id": 1, "method": "eth_getBalance", "params": ["0x717f8aa2b982bee0e29f573d31df288663e1ce16", "0x35"]}
<<  {"jsonrpc":"2.0","id":1,"result":"0xc097ce7bc90715b34b9f274876e806"}
response differs from expected (-- client, ++ test):
{
  "id": 1,
  "jsonrpc": "2.0",
  "result": -- "0xc097ce7bc90715b34b9f274876e806" ++ {}
}
>>  {"jsonrpc": "2.0", "id": 1, "method": "eth_getBlockByNumber", "params": ["0x33", true]}
<<  {"jsonrpc":"2.0","id":1,"result":{"hash":"0x022037fe9ef69d04fd00706fcd5a9c80b1b791c6f9c3088469b6407a660c28b9","parentHash":"0x81f27dba10123293c218f7e559812921bb76397f6f7cc77d281db9e94ff4fe9b","sha3Uncles":"0x1dcc4de8dec75d7aab85b567b6ccd41ad312451b948a7413f0a142fd40d49347","miner":"0x0000000000000000000000000000000000000000","stateRoot":"0x65aca059c8cbe1978e45591e3617d262f8d435fb832cefcf8234b0f8c72eb4e1","transactionsRoot":"0x84a6970d2095aa92d6eafb42ab401e4e00e6e837ae670cb298628523c4eadbad","receiptsRoot":"0x67ab042bd973e8dedef30801a5589a00987c86c1ca17461677560545101482a8","logsBloom":"0x00000000000000000000000000000000000000000000000000000000000000000000000200000000000010000000000000000000000000000000000001000000010000000000000000004000002000000200004200400000000000000000002000000000400400000000000000000000000000000000000000000000000080000000000000000100000000000000000000000000000000010000000000000000000000000000000000000000000200000000000000000000000000000000000000000000000000000000000000000000000000000000000000000000000000000004000000000000000000000000000000000000000000000000000000000000","difficulty":"0x0","number":"0x33","gasLimit":"0xbebc200","gasUsed":"0x2fb12","timestamp":"0x1fe","extraData":"0x","mixHash":"0x0000000000000000000000000000000000000000000000000000000000000000","nonce":"0x0000000000000000","baseFeePerGas":"0x810ed7c","size":"0x35c","uncles":[],"transactions":[{"type":"0x1","chainId":"0xc72dd9d5e883e","nonce":"0x72","gasPrice":"0x810ed7d","gas":"0x5208","to":"0x7435ed30a8b4aeb0877cef0c6e8cffe834eb865f","value":"0x1","accessList":[],"input":"0x","r":"0x56abc4bae751cb1703f3c3f1bcdddbf9f88c9c2f8c1416308ac46a5fdad1894e","s":"0x3e552a68655416e9efe4dfd749de3aa01d024267fd86b1dd3b01010463af483a","yParity":"0x0","v":"0x0","hash":"0x87d8ef31d0d35ae040f2998b90fd61eeb04882b21f189c521bec5c3cefb416d2","blockHash":"0x022037fe9ef69d04fd00706fcd5a9c80b1b791c6f9c3088469b6407a660c28b9","blockNumber":"0x33","transactionIndex":"0x0","from":"0x7435ed30a8b4aeb0877cef0c6e8cffe834eb865f","blockTimestamp":"0x1fe"},{"type":"0x2","chainId":"0xc72dd9d5e883e","nonce":"0x73","gas":"0x186a0","maxFeePerGas":"0x810ed7d","maxPriorityFeePerGas":"0x1","to":"0x9dcd17433742f4c0ca53122ab541d0ba67fc27d3","value":"0x0","accessList":[],"input":"0x01","r":"0x2eaa94ea47d0cb4d42657c5064e863547ef282553cfdbfe21aa8e8fe78320dc4","s":"0x346d37d97e2d83ce44afc3f6857fec86cc15787a05fa6c3a7aeff44627a51adb","yParity":"0x0","v":"0x0","hash":"0xa23373d1e4fa559fc33ffb791665855530831c83d0c241ef6b2d3f46a5f448f4","blockHash":"0x022037fe9ef69d04fd00706fcd5a9c80b1b791c6f9c3088469b6407a660c28b9","blockNumber":"0x33","transactionIndex":"0x1","from":"0x7435ed30a8b4aeb0877cef0c6e8cffe834eb865f","gasPrice":"0x810ed7d","blockTimestamp":"0x1fe"},{"type":"0x2","chainId":"0xc72dd9d5e883e","nonce":"0x74","gas":"0x927c0","maxFeePerGas":"0x810ed7d","maxPriorityFeePerGas":"0x1","to":"0x9dcd17433742f4c0ca53122ab541d0ba67fc27d0","value":"0x0","accessList":[],"input":"0x","r":"0xce6616592e74c522311002aa3786bcd541b3c0a3d6e99cafb6437682bfbd4d70","s":"0x784011e65470a03e351bf9f2d13492d6f0d9f674ba291dfc5c6c16838639091a","yParity":"0x0","v":"0x0","hash":"0x76430fba1b629206573ad53847b0bc7e9f80161b0e79750803715a8fb1bc5955","blockHash":"0x022037fe9ef69d04fd00706fcd5a9c80b1b791c6f9c3088469b6407a660c28b9","blockNumber":"0x33","transactionIndex":"0x2","from":"0x7435ed30a8b4aeb0877cef0c6e8cffe834eb865f","gasPrice":"0x810ed7d","blockTimestamp":"0x1fe"}]}}
response differs from expected (-- client, ++ test):
{
  "id": 1,
  "jsonrpc": "2.0",
  "result": {
    -- "baseFeePerGas": "0x810ed7c",
    ++ "capture_only": true,
    -- "difficulty": "0x0",
    -- "extraData": "0x",
    -- "gasLimit": "0xbebc200",
    -- "gasUsed": "0x2fb12",
    -- "hash": "0x022037fe9ef69d04fd00706fcd5a9c80b1b791c6f9c3088469b6407a660c28b9",
    -- "logsBloom": "0x00000000000000000000000000000000000000000000000000000000000000000000000200000000000010000000000000000000000000000000000001000000010000000000000000004000002000000200004200400000000000000000002000000000400400000000000000000000000000000000000000000000000080000000000000000100000000000000000000000000000000010000000000000000000000000000000000000000000200000000000000000000000000000000000000000000000000000000000000000000000000000000000000000000000000000004000000000000000000000000000000000000000000000000000000000000",
    -- "miner": "0x0000000000000000000000000000000000000000",
    -- "mixHash": "0x0000000000000000000000000000000000000000000000000000000000000000",
    -- "nonce": "0x0000000000000000",
    -- "number": "0x33",
    -- "parentHash": "0x81f27dba10123293c218f7e559812921bb76397f6f7cc77d281db9e94ff4fe9b",
    -- "receiptsRoot": "0x67ab042bd973e8dedef30801a5589a00987c86c1ca17461677560545101482a8",
    -- "sha3Uncles": "0x1dcc4de8dec75d7aab85b567b6ccd41ad312451b948a7413f0a142fd40d49347",
    -- "size": "0x35c",
    -- "stateRoot": "0x65aca059c8cbe1978e45591e3617d262f8d435fb832cefcf8234b0f8c72eb4e1",
    -- "timestamp": "0x1fe",
    -- "transactions": [
      -- {
        -- "accessList": [],
        -- "blockHash": "0x022037fe9ef69d04fd00706fcd5a9c80b1b791c6f9c3088469b6407a660c28b9",
        -- "blockNumber": "0x33",
        -- "blockTimestamp": "0x1fe",
        -- "chainId": "0xc72dd9d5e883e",
        -- "from": "0x7435ed30a8b4aeb0877cef0c6e8cffe834eb865f",
        -- "gas": "0x5208",
        -- "gasPrice": "0x810ed7d",
        -- "hash": "0x87d8ef31d0d35ae040f2998b90fd61eeb04882b21f189c521bec5c3cefb416d2",
        -- "input": "0x",
        -- "nonce": "0x72",
        -- "r": "0x56abc4bae751cb1703f3c3f1bcdddbf9f88c9c2f8c1416308ac46a5fdad1894e",
        -- "s": "0x3e552a68655416e9efe4dfd749de3aa01d024267fd86b1dd3b01010463af483a",
        -- "to": "0x7435ed30a8b4aeb0877cef0c6e8cffe834eb865f",
        -- "transactionIndex": "0x0",
        -- "type": "0x1",
        -- "v": "0x0",
        -- "value": "0x1",
        -- "yParity": "0x0"
      -- },
      -- {
        -- "accessList": [],
        -- "blockHash": "0x022037fe9ef69d04fd00706fcd5a9c80b1b791c6f9c3088469b6407a660c28b9",
        -- "blockNumber": "0x33",
        -- "blockTimestamp": "0x1fe",
        -- "chainId": "0xc72dd9d5e883e",
        -- "from": "0x7435ed30a8b4aeb0877cef0c6e8cffe834eb865f",
        -- "gas": "0x186a0",
        -- "gasPrice": "0x810ed7d",
        -- "hash": "0xa23373d1e4fa559fc33ffb791665855530831c83d0c241ef6b2d3f46a5f448f4",
        -- "input": "0x01",
        -- "maxFeePerGas": "0x810ed7d",
        -- "maxPriorityFeePerGas": "0x1",
        -- "nonce": "0x73",
        -- "r": "0x2eaa94ea47d0cb4d42657c5064e863547ef282553cfdbfe21aa8e8fe78320dc4",
        -- "s": "0x346d37d97e2d83ce44afc3f6857fec86cc15787a05fa6c3a7aeff44627a51adb",
        -- "to": "0x9dcd17433742f4c0ca53122ab541d0ba67fc27d3",
        -- "transactionIndex": "0x1",
        -- "type": "0x2",
        -- "v": "0x0",
        -- "value": "0x0",
        -- "yParity": "0x0"
      -- },
      -- {
        -- "accessList": [],
        -- "blockHash": "0x022037fe9ef69d04fd00706fcd5a9c80b1b791c6f9c3088469b6407a660c28b9",
        -- "blockNumber": "0x33",
        -- "blockTimestamp": "0x1fe",
        -- "chainId": "0xc72dd9d5e883e",
        -- "from": "0x7435ed30a8b4aeb0877cef0c6e8cffe834eb865f",
        -- "gas": "0x927c0",
        -- "gasPrice": "0x810ed7d",
        -- "hash": "0x76430fba1b629206573ad53847b0bc7e9f80161b0e79750803715a8fb1bc5955",
        -- "input": "0x",
        -- "maxFeePerGas": "0x810ed7d",
        -- "maxPriorityFeePerGas": "0x1",
        -- "nonce": "0x74",
        -- "r": "0xce6616592e74c522311002aa3786bcd541b3c0a3d6e99cafb6437682bfbd4d70",
        -- "s": "0x784011e65470a03e351bf9f2d13492d6f0d9f674ba291dfc5c6c16838639091a",
        -- "to": "0x9dcd17433742f4c0ca53122ab541d0ba67fc27d0",
        -- "transactionIndex": "0x2",
        -- "type": "0x2",
        -- "v": "0x0",
        -- "value": "0x0",
        -- "yParity": "0x0"
      -- }
    -- ],
    -- "transactionsRoot": "0x84a6970d2095aa92d6eafb42ab401e4e00e6e837ae670cb298628523c4eadbad",
    -- "uncles": []
  }
}
>>  {"jsonrpc": "2.0", "id": 1, "method": "eth_getBlockByNumber", "params": ["0x34", true]}
<<  {"jsonrpc":"2.0","id":1,"result":{"hash":"0xa9578be0967413b9adc40736fd4ec67d0529b890a81d62102db05e61d6de1897","parentHash":"0x022037fe9ef69d04fd00706fcd5a9c80b1b791c6f9c3088469b6407a660c28b9","sha3Uncles":"0x1dcc4de8dec75d7aab85b567b6ccd41ad312451b948a7413f0a142fd40d49347","miner":"0x0000000000000000000000000000000000000000","stateRoot":"0x3c7454b16a691794d881fa6565ab663b4cda39e69393fdd1ba067db336dbbb09","transactionsRoot":"0xef011cbfe9ae50e7defe82a8382cc477d1c5f6d6cc41bf9245f201894b3d2923","receiptsRoot":"0xa2dd95687771e75f96f544680724c54dc5c59c26ac59c7a58edab2b0382b5469","logsBloom":"0x00000000000000000000000000000000000000000000000000000000800000000000000000000000000000000000000000000000000000000000000000000000000000000000000000004000000000001200000000000000000000000000002000000000000000000000000000000000000000000000000000000000000000000000000000000000000000000000000000000000000000000000000000000000000000000000009000000000000000000000000000000000000000000000000000000000000000000000000000000000000000000000000000000000000000000000000000004000000000000000000000000000000000000000000008000000","difficulty":"0x0","number":"0x34","gasLimit":"0xbebc200","gasUsed":"0x11470","timestamp":"0x208","extraData":"0x","mixHash":"0x0000000000000000000000000000000000000000000000000000000000000000","nonce":"0x0000000000000000","baseFeePerGas":"0x70f50e2","withdrawalsRoot":"0x5e1016697b3b7f7c7ae99708e4482ca5cf920e5dfd971d9a970768f3c5fb6eb4","size":"0x324","uncles":[],"transactions":[{"type":"0x0","chainId":"0xc72dd9d5e883e","nonce":"0x75","gasPrice":"0x70f50e3","gas":"0x186a0","to":"0x7dcd17433742f4c0ca53122ab541d0ba67fc27df","value":"0x2","input":"0x74bff204de43b4a2656d6974","r":"0xd1dfe7c72bc2bd884654cd8c7417009e50eecb519e9b8328c8cf2ba7b53c9c53","s":"0x175e1fee6e062cf562cd1c67517b5edf61a59802cc8d52665b2efd6fdcea7b90","v":"0x18e5bb3abd109f","hash":"0x63debd7bcab14a95198660dfe794ca12fd2a34b24f780dd7572c55f2a58735b3","blockHash":"0xa9578be0967413b9adc40736fd4ec67d0529b890a81d62102db05e61d6de1897","blockNumber":"0x34","transactionIndex":"0x0","from":"0x7435ed30a8b4aeb0877cef0c6e8cffe834eb865f","blockTimestamp":"0x208"},{"type":"0x0","chainId":"0xc72dd9d5e883e","nonce":"0x76","gasPrice":"0x70f50e3","gas":"0x5208","to":"0x83c7e323d189f18725ac510004fdc2941f8c4a78","value":"0x1","input":"0x","r":"0xdd21c5a0aff9b742778951b1d69281be5fac3eb4d93484339636bc8d74f12154","s":"0x70503b79d84767babed0941a8c43e94a7cc40e5dc69ba05fea56167a6c796075","v":"0x18e5bb3abd109f","hash":"0xd7822fd23594d52bc98493786233edb857cbeee469a3148b5780e076a53985db","blockHash":"0xa9578be0967413b9adc40736fd4ec67d0529b890a81d62102db05e61d6de1897","blockNumber":"0x34","transactionIndex":"0x1","from":"0x7435ed30a8b4aeb0877cef0c6e8cffe834eb865f","blockTimestamp":"0x208"}],"withdrawals":[{"index":"0x0","validatorIndex":"0x5","address":"0x717f8aa2b982bee0e29f573d31df288663e1ce16","amount":"0x64"}]}}
response differs from expected (-- client, ++ test):
{
  "id": 1,
  "jsonrpc": "2.0",
  "result": {
    -- "baseFeePerGas": "0x70f50e2",
    ++ "capture_only": true,
    -- "difficulty": "0x0",
    -- "extraData": "0x",
    -- "gasLimit": "0xbebc200",
    -- "gasUsed": "0x11470",
    -- "hash": "0xa9578be0967413b9adc40736fd4ec67d0529b890a81d62102db05e61d6de1897",
    -- "logsBloom": "0x00000000000000000000000000000000000000000000000000000000800000000000000000000000000000000000000000000000000000000000000000000000000000000000000000004000000000001200000000000000000000000000002000000000000000000000000000000000000000000000000000000000000000000000000000000000000000000000000000000000000000000000000000000000000000000000009000000000000000000000000000000000000000000000000000000000000000000000000000000000000000000000000000000000000000000000000000004000000000000000000000000000000000000000000008000000",
    -- "miner": "0x0000000000000000000000000000000000000000",
    -- "mixHash": "0x0000000000000000000000000000000000000000000000000000000000000000",
    -- "nonce": "0x0000000000000000",
    -- "number": "0x34",
    -- "parentHash": "0x022037fe9ef69d04fd00706fcd5a9c80b1b791c6f9c3088469b6407a660c28b9",
    -- "receiptsRoot": "0xa2dd95687771e75f96f544680724c54dc5c59c26ac59c7a58edab2b0382b5469",
    -- "sha3Uncles": "0x1dcc4de8dec75d7aab85b567b6ccd41ad312451b948a7413f0a142fd40d49347",
    -- "size": "0x324",
    -- "stateRoot": "0x3c7454b16a691794d881fa6565ab663b4cda39e69393fdd1ba067db336dbbb09",
    -- "timestamp": "0x208",
    -- "transactions": [
      -- {
        -- "blockHash": "0xa9578be0967413b9adc40736fd4ec67d0529b890a81d62102db05e61d6de1897",
        -- "blockNumber": "0x34",
        -- "blockTimestamp": "0x208",
        -- "chainId": "0xc72dd9d5e883e",
        -- "from": "0x7435ed30a8b4aeb0877cef0c6e8cffe834eb865f",
        -- "gas": "0x186a0",
        -- "gasPrice": "0x70f50e3",
        -- "hash": "0x63debd7bcab14a95198660dfe794ca12fd2a34b24f780dd7572c55f2a58735b3",
        -- "input": "0x74bff204de43b4a2656d6974",
        -- "nonce": "0x75",
        -- "r": "0xd1dfe7c72bc2bd884654cd8c7417009e50eecb519e9b8328c8cf2ba7b53c9c53",
        -- "s": "0x175e1fee6e062cf562cd1c67517b5edf61a59802cc8d52665b2efd6fdcea7b90",
        -- "to": "0x7dcd17433742f4c0ca53122ab541d0ba67fc27df",
        -- "transactionIndex": "0x0",
        -- "type": "0x0",
        -- "v": "0x18e5bb3abd109f",
        -- "value": "0x2"
      -- },
      -- {
        -- "blockHash": "0xa9578be0967413b9adc40736fd4ec67d0529b890a81d62102db05e61d6de1897",
        -- "blockNumber": "0x34",
        -- "blockTimestamp": "0x208",
        -- "chainId": "0xc72dd9d5e883e",
        -- "from": "0x7435ed30a8b4aeb0877cef0c6e8cffe834eb865f",
        -- "gas": "0x5208",
        -- "gasPrice": "0x70f50e3",
        -- "hash": "0xd7822fd23594d52bc98493786233edb857cbeee469a3148b5780e076a53985db",
        -- "input": "0x",
        -- "nonce": "0x76",
        -- "r": "0xdd21c5a0aff9b742778951b1d69281be5fac3eb4d93484339636bc8d74f12154",
        -- "s": "0x70503b79d84767babed0941a8c43e94a7cc40e5dc69ba05fea56167a6c796075",
        -- "to": "0x83c7e323d189f18725ac510004fdc2941f8c4a78",
        -- "transactionIndex": "0x1",
        -- "type": "0x0",
        -- "v": "0x18e5bb3abd109f",
        -- "value": "0x1"
      -- }
    -- ],
    -- "transactionsRoot": "0xef011cbfe9ae50e7defe82a8382cc477d1c5f6d6cc41bf9245f201894b3d2923",
    -- "uncles": [],
    -- "withdrawals": [
      -- {
        -- "address": "0x717f8aa2b982bee0e29f573d31df288663e1ce16",
        -- "amount": "0x64",
        -- "index": "0x0",
        -- "validatorIndex": "0x5"
      -- }
    -- ],
    -- "withdrawalsRoot": "0x5e1016697b3b7f7c7ae99708e4482ca5cf920e5dfd971d9a970768f3c5fb6eb4"
  }
}
>>  {"jsonrpc": "2.0", "id": 1, "method": "eth_getBlockByNumber", "params": ["0x35", true]}
<<  {"jsonrpc":"2.0","id":1,"result":{"hash":"0xced7868057d8d421c73d54e58e5c5d70313a1d71ea43910b3fd6cd95f25de17a","parentHash":"0xa9578be0967413b9adc40736fd4ec67d0529b890a81d62102db05e61d6de1897","sha3Uncles":"0x1dcc4de8dec75d7aab85b567b6ccd41ad312451b948a7413f0a142fd40d49347","miner":"0x0000000000000000000000000000000000000000","stateRoot":"0xe3473e8bdb8bca96c93ff10ceaf369e7bbb0c754c36791a9a93c07fab75c662b","transactionsRoot":"0x5332ce6da159c652fc2ff58dd7a2cfc0608419de1c6e2c16445d5b6181c0d789","receiptsRoot":"0x7f83604897d9bcfd7b817d4538c7a3fe7b2030dc969bb956b9cb27d26bea0243","logsBloom":"0x00000000000000000000000000000000000000000000000000000000800000000000000000000000000000000000000000000000000000000001000000000000000000000000000000004000000000000200000000000000000000000000002000000000000000020000000000000000000000000000000020000000000000000000000000000000000000000000000000000000000000000000000000000000000000000000009000000000000000000000000000000000000000000000000000000000000000000000000000000000000000000000000000000000000000000000000000000000000000000000000000000000000000000000000000000000","difficulty":"0x0","number":"0x35","gasLimit":"0xbebc200","gasUsed":"0x17745","timestamp":"0x212","extraData":"0x","mixHash":"0x0000000000000000000000000000000000000000000000000000000000000000","nonce":"0x0000000000000000","baseFeePerGas":"0x62d8fb4","withdrawalsRoot":"0x56e81f171bcc55a6ff8345e692c0f86e5b48e01b996cadc001622fb5e363b421","size":"0x3e5","uncles":[],"transactions":[{"type":"0x1","chainId":"0xc72dd9d5e883e","nonce":"0x77","gasPrice":"0x62d8fb5","gas":"0x186a0","to":"0x7dcd17433742f4c0ca53122ab541d0ba67fc27df","value":"0x2","accessList":[{"address":"0x7dcd17433742f4c0ca53122ab541d0ba67fc27df","storageKeys":["0x0000000000000000000000000000000000000000000000000000000000000000","0xefcb86facadbec33b8779888975eacca8f44a9073a845521617f1fb30e1ac818"]}],"input":"0xac2ee5432174b752656d6974","r":"0xaca638793e2ce6ccbe803bc9238572f89406747d4b680f86d945fa3eeb7070ba","s":"0x4cf217d0c06f4ac6f8bd6bf3b6892a43da1969eb1d60fa667a66392b40d17fc0","yParity":"0x0","v":"0x0","hash":"0xfa647a42263cadb4a65927e749d4383dd38d6fe8f5295102c4bdb9c35d968cc7","blockHash":"0xced7868057d8d421c73d54e58e5c5d70313a1d71ea43910b3fd6cd95f25de17a","blockNumber":"0x35","transactionIndex":"0x0","from":"0x7435ed30a8b4aeb0877cef0c6e8cffe834eb865f","blockTimestamp":"0x212"},{"type":"0x1","chainId":"0xc72dd9d5e883e","nonce":"0x78","gasPrice":"0x62d8fb5","gas":"0x5208","to":"0x4dde844b71bcdf95512fb4dc94e84fb67b512ed8","value":"0x1","accessList":[],"input":"0x","r":"0x746455bab2f1b0641c63246d40feff1a31649cd076dcc2847824c615c897d978","s":"0x4adc2322378493f72c00f1b765b1bef2feab333df5366a3d24763e739da20eaa","yParity":"0x0","v":"0x0","hash":"0x37b18bad0533859eb3c0852c3f7ec1405f6e1f8ace1951ce2e5791bcb896aaea","blockHash":"0xced7868057d8d421c73d54e58e5c5d70313a1d71ea43910b3fd6cd95f25de17a","blockNumber":"0x35","transactionIndex":"0x1","from":"0x7435ed30a8b4aeb0877cef0c6e8cffe834eb865f","blockTimestamp":"0x212"},{"type":"0x2","chainId":"0xc72dd9d5e883e","nonce":"0x79","gas":"0x186a0","maxFeePerGas":"0x62d8fb5","maxPriorityFeePerGas":"0x1","to":"0x9dcd17433742f4c0ca53122ab541d0ba67fc27d3","value":"0x0","accessList":[],"input":"0x01","r":"0xe10d6432c0c1920873441fe657cd8e968f50e63a845a72c72093319440397e10","s":"0x4c184f3625a5f9565b1dfa35d3da1a1eb31848bcc92ee6d4d368170edde10b96","yParity":"0x0","v":"0x0","hash":"0x7ff52ad34eea4593d4b7fc13fc68cf31e6ad3520f764f30c24e77dd363722de5","blockHash":"0xced7868057d8d421c73d54e58e5c5d70313a1d71ea43910b3fd6cd95f25de17a","blockNumber":"0x35","transactionIndex":"0x2","from":"0x7435ed30a8b4aeb0877cef0c6e8cffe834eb865f","gasPrice":"0x62d8fb5","blockTimestamp":"0x212"}],"withdrawals":[]}}
response differs from expected (-- client, ++ test):
{
  "id": 1,
  "jsonrpc": "2.0",
  "result": {
    -- "baseFeePerGas": "0x62d8fb4",
    ++ "capture_only": true,
    -- "difficulty": "0x0",
    -- "extraData": "0x",
    -- "gasLimit": "0xbebc200",
    -- "gasUsed": "0x17745",
    -- "hash": "0xced7868057d8d421c73d54e58e5c5d70313a1d71ea43910b3fd6cd95f25de17a",
    -- "logsBloom": "0x00000000000000000000000000000000000000000000000000000000800000000000000000000000000000000000000000000000000000000001000000000000000000000000000000004000000000000200000000000000000000000000002000000000000000020000000000000000000000000000000020000000000000000000000000000000000000000000000000000000000000000000000000000000000000000000009000000000000000000000000000000000000000000000000000000000000000000000000000000000000000000000000000000000000000000000000000000000000000000000000000000000000000000000000000000000",
    -- "miner": "0x0000000000000000000000000000000000000000",
    -- "mixHash": "0x0000000000000000000000000000000000000000000000000000000000000000",
    -- "nonce": "0x0000000000000000",
    -- "number": "0x35",
    -- "parentHash": "0xa9578be0967413b9adc40736fd4ec67d0529b890a81d62102db05e61d6de1897",
    -- "receiptsRoot": "0x7f83604897d9bcfd7b817d4538c7a3fe7b2030dc969bb956b9cb27d26bea0243",
    -- "sha3Uncles": "0x1dcc4de8dec75d7aab85b567b6ccd41ad312451b948a7413f0a142fd40d49347",
    -- "size": "0x3e5",
    -- "stateRoot": "0xe3473e8bdb8bca96c93ff10ceaf369e7bbb0c754c36791a9a93c07fab75c662b",
    -- "timestamp": "0x212",
    -- "transactions": [
      -- {
        -- "accessList": [
          -- {
            -- "address": "0x7dcd17433742f4c0ca53122ab541d0ba67fc27df",
            -- "storageKeys": [
              -- "0x0000000000000000000000000000000000000000000000000000000000000000",
              -- "0xefcb86facadbec33b8779888975eacca8f44a9073a845521617f1fb30e1ac818"
            -- ]
          -- }
        -- ],
        -- "blockHash": "0xced7868057d8d421c73d54e58e5c5d70313a1d71ea43910b3fd6cd95f25de17a",
        -- "blockNumber": "0x35",
        -- "blockTimestamp": "0x212",
        -- "chainId": "0xc72dd9d5e883e",
        -- "from": "0x7435ed30a8b4aeb0877cef0c6e8cffe834eb865f",
        -- "gas": "0x186a0",
        -- "gasPrice": "0x62d8fb5",
        -- "hash": "0xfa647a42263cadb4a65927e749d4383dd38d6fe8f5295102c4bdb9c35d968cc7",
        -- "input": "0xac2ee5432174b752656d6974",
        -- "nonce": "0x77",
        -- "r": "0xaca638793e2ce6ccbe803bc9238572f89406747d4b680f86d945fa3eeb7070ba",
        -- "s": "0x4cf217d0c06f4ac6f8bd6bf3b6892a43da1969eb1d60fa667a66392b40d17fc0",
        -- "to": "0x7dcd17433742f4c0ca53122ab541d0ba67fc27df",
        -- "transactionIndex": "0x0",
        -- "type": "0x1",
        -- "v": "0x0",
        -- "value": "0x2",
        -- "yParity": "0x0"
      -- },
      -- {
        -- "accessList": [],
        -- "blockHash": "0xced7868057d8d421c73d54e58e5c5d70313a1d71ea43910b3fd6cd95f25de17a",
        -- "blockNumber": "0x35",
        -- "blockTimestamp": "0x212",
        -- "chainId": "0xc72dd9d5e883e",
        -- "from": "0x7435ed30a8b4aeb0877cef0c6e8cffe834eb865f",
        -- "gas": "0x5208",
        -- "gasPrice": "0x62d8fb5",
        -- "hash": "0x37b18bad0533859eb3c0852c3f7ec1405f6e1f8ace1951ce2e5791bcb896aaea",
        -- "input": "0x",
        -- "nonce": "0x78",
        -- "r": "0x746455bab2f1b0641c63246d40feff1a31649cd076dcc2847824c615c897d978",
        -- "s": "0x4adc2322378493f72c00f1b765b1bef2feab333df5366a3d24763e739da20eaa",
        -- "to": "0x4dde844b71bcdf95512fb4dc94e84fb67b512ed8",
        -- "transactionIndex": "0x1",
        -- "type": "0x1",
        -- "v": "0x0",
        -- "value": "0x1",
        -- "yParity": "0x0"
      -- },
      -- {
        -- "accessList": [],
        -- "blockHash": "0xced7868057d8d421c73d54e58e5c5d70313a1d71ea43910b3fd6cd95f25de17a",
        -- "blockNumber": "0x35",
        -- "blockTimestamp": "0x212",
        -- "chainId": "0xc72dd9d5e883e",
        -- "from": "0x7435ed30a8b4aeb0877cef0c6e8cffe834eb865f",
        -- "gas": "0x186a0",
        -- "gasPrice": "0x62d8fb5",
        -- "hash": "0x7ff52ad34eea4593d4b7fc13fc68cf31e6ad3520f764f30c24e77dd363722de5",
        -- "input": "0x01",
        -- "maxFeePerGas": "0x62d8fb5",
        -- "maxPriorityFeePerGas": "0x1",
        -- "nonce": "0x79",
        -- "r": "0xe10d6432c0c1920873441fe657cd8e968f50e63a845a72c72093319440397e10",
        -- "s": "0x4c184f3625a5f9565b1dfa35d3da1a1eb31848bcc92ee6d4d368170edde10b96",
        -- "to": "0x9dcd17433742f4c0ca53122ab541d0ba67fc27d3",
        -- "transactionIndex": "0x2",
        -- "type": "0x2",
        -- "v": "0x0",
        -- "value": "0x0",
        -- "yParity": "0x0"
      -- }
    -- ],
    -- "transactionsRoot": "0x5332ce6da159c652fc2ff58dd7a2cfc0608419de1c6e2c16445d5b6181c0d789",
    -- "uncles": [],
    -- "withdrawals": [],
    -- "withdrawalsRoot": "0x56e81f171bcc55a6ff8345e692c0f86e5b48e01b996cadc001622fb5e363b421"
  }
}
>>  {"jsonrpc": "2.0", "id": 1, "method": "trace_filter", "params": [{"fromBlock": "0x33", "toBlock": "0x33", "toAddress": ["0x717f8aa2b982bee0e29f573d31df288663e1ce16"]}]}
<<  {"jsonrpc":"2.0","id":1,"result":[]}
response differs from expected (-- client, ++ test):
{
  "id": 1,
  "jsonrpc": "2.0",
  "result": -- [] ++ {}
}
>>  {"jsonrpc": "2.0", "id": 1, "method": "trace_filter", "params": [{"fromBlock": "0x34", "toBlock": "0x34", "toAddress": ["0x717f8aa2b982bee0e29f573d31df288663e1ce16"]}]}
<<  {"jsonrpc":"2.0","id":1,"result":[]}
response differs from expected (-- client, ++ test):
{
  "id": 1,
  "jsonrpc": "2.0",
  "result": -- [] ++ {}
}
>>  {"jsonrpc": "2.0", "id": 1, "method": "trace_filter", "params": [{"fromBlock": "0x35", "toBlock": "0x35", "toAddress": ["0x717f8aa2b982bee0e29f573d31df288663e1ce16"]}]}
<<  {"jsonrpc":"2.0","id":1,"result":[]}
response differs from expected (-- client, ++ test):
{
  "id": 1,
  "jsonrpc": "2.0",
  "result": -- [] ++ {}
}
sending engine_forkchoiceUpdatedV3: [map[finalizedBlockHash:0xc838e291267cb5ce27dd44cd30e91eade7d3d97ee9d19805453f8f0c18b297c8 headBlockHash:0xb3ba0330884cb90c46699588aab05619155565a21fecf9b9f9482693556f2316 safeBlockHash:0xb3ba0330884cb90c46699588aab05619155565a21fecf9b9f9482693556f2316] <nil>]
response: map[payloadId:<nil> payloadStatus:map[latestValidHash:0xb3ba0330884cb90c46699588aab05619155565a21fecf9b9f9482693556f2316 status:VALID validationError:<nil>]]
>>  {"jsonrpc": "2.0", "id": 1, "method": "eth_getBlockByNumber", "params": ["0x48", false]}
<<  {"jsonrpc":"2.0","id":1,"result":{"hash":"0xb3ba0330884cb90c46699588aab05619155565a21fecf9b9f9482693556f2316","parentHash":"0x7964ce394f9773783863d05cf0826d125024c5f5dac03c07d5d7832c551a40de","sha3Uncles":"0x1dcc4de8dec75d7aab85b567b6ccd41ad312451b948a7413f0a142fd40d49347","miner":"0x0000000000000000000000000000000000000000","stateRoot":"0x42da2e489b18e750a877106cd83e76fd16d4234d530e8290eda403582c50aac4","transactionsRoot":"0x4a0b6fa744634b80a04463acab0cad7eb4aa563337ed6f95ec3728d7ef745a99","receiptsRoot":"0x8242a788eddcd94326c2acb0a6cb547ca411104a65e3c6c5f751ce1c7f14cd15","logsBloom":"0x00000000000000000000000000000000000000000000000000000000800000000000000000000000000000000000000000000000000000000000000000000000000000000000000000004000000000000200000002000000000000000000002000000000000000000000000000800000000000000000000000000000000000000000000000000000000100000000000000000000000000000000000000000000000000000000009000000000000000000000000000000000000000800000000000800000000000000000000000000000000000000000000000000000000000000000000000000000000000000000000000000000000000000000000000400000","difficulty":"0x0","number":"0x48","gasLimit":"0xbebc200","gasUsed":"0x18d04","timestamp":"0x2d0","extraData":"0x","mixHash":"0x0000000000000000000000000000000000000000000000000000000000000000","nonce":"0x0000000000000000","baseFeePerGas":"0x7d97fd","withdrawalsRoot":"0xe0ab3dbb84deba21eca1dff9c98528bd2f6a427acd3d30f09ca504c7f0ef0a3b","blobGasUsed":"0x20000","excessBlobGas":"0x0","parentBeaconBlockRoot":"0x47c896f5986ec29f58ec60eec56ed176910779e9fc9cf45c3c090126aeb21acd","requestsHash":"0xe3b0c44298fc1c149afbf4c8996fb92427ae41e4649b934ca495991b7852b855","size":"0x400","uncles":[],"transactions":["0x72af7d7b24f8bd52b53e2974eb4a8b3a97819211501eb3969bc7d6562016f49d","0x2bd941225e044995fd7890bf3183cc65edb04f1b92aa7191626d120ee543e41c"],"withdrawals":[{"index":"0x6","validatorIndex":"0x5","address":"0x0c2c51a0990aee1d73c1228de158688341557508","amount":"0x64"}]}}
response differs from expected (-- client, ++ test):
{
  "id": 1,
  "jsonrpc": "2.0",
  "result": {
    -- "baseFeePerGas": "0x7d97fd",
    -- "blobGasUsed": "0x20000",
    ++ "capture_only": true,
    -- "difficulty": "0x0",
    -- "excessBlobGas": "0x0",
    -- "extraData": "0x",
    -- "gasLimit": "0xbebc200",
    -- "gasUsed": "0x18d04",
    -- "hash": "0xb3ba0330884cb90c46699588aab05619155565a21fecf9b9f9482693556f2316",
    -- "logsBloom": "0x00000000000000000000000000000000000000000000000000000000800000000000000000000000000000000000000000000000000000000000000000000000000000000000000000004000000000000200000002000000000000000000002000000000000000000000000000800000000000000000000000000000000000000000000000000000000100000000000000000000000000000000000000000000000000000000009000000000000000000000000000000000000000800000000000800000000000000000000000000000000000000000000000000000000000000000000000000000000000000000000000000000000000000000000000400000",
    -- "miner": "0x0000000000000000000000000000000000000000",
    -- "mixHash": "0x0000000000000000000000000000000000000000000000000000000000000000",
    -- "nonce": "0x0000000000000000",
    -- "number": "0x48",
    -- "parentBeaconBlockRoot": "0x47c896f5986ec29f58ec60eec56ed176910779e9fc9cf45c3c090126aeb21acd",
    -- "parentHash": "0x7964ce394f9773783863d05cf0826d125024c5f5dac03c07d5d7832c551a40de",
    -- "receiptsRoot": "0x8242a788eddcd94326c2acb0a6cb547ca411104a65e3c6c5f751ce1c7f14cd15",
    -- "requestsHash": "0xe3b0c44298fc1c149afbf4c8996fb92427ae41e4649b934ca495991b7852b855",
    -- "sha3Uncles": "0x1dcc4de8dec75d7aab85b567b6ccd41ad312451b948a7413f0a142fd40d49347",
    -- "size": "0x400",
    -- "stateRoot": "0x42da2e489b18e750a877106cd83e76fd16d4234d530e8290eda403582c50aac4",
    -- "timestamp": "0x2d0",
    -- "transactions": [
      -- "0x72af7d7b24f8bd52b53e2974eb4a8b3a97819211501eb3969bc7d6562016f49d",
      -- "0x2bd941225e044995fd7890bf3183cc65edb04f1b92aa7191626d120ee543e41c"
    -- ],
    -- "transactionsRoot": "0x4a0b6fa744634b80a04463acab0cad7eb4aa563337ed6f95ec3728d7ef745a99",
    -- "uncles": [],
    -- "withdrawals": [
      -- {
        -- "address": "0x0c2c51a0990aee1d73c1228de158688341557508",
        -- "amount": "0x64",
        -- "index": "0x6",
        -- "validatorIndex": "0x5"
      -- }
    -- ],
    -- "withdrawalsRoot": "0xe0ab3dbb84deba21eca1dff9c98528bd2f6a427acd3d30f09ca504c7f0ef0a3b"
  }
}
>>  {"jsonrpc": "2.0", "id": 1, "method": "eth_getBlockByNumber", "params": ["latest", false]}
<<  {"jsonrpc":"2.0","id":1,"result":{"hash":"0xb3ba0330884cb90c46699588aab05619155565a21fecf9b9f9482693556f2316","parentHash":"0x7964ce394f9773783863d05cf0826d125024c5f5dac03c07d5d7832c551a40de","sha3Uncles":"0x1dcc4de8dec75d7aab85b567b6ccd41ad312451b948a7413f0a142fd40d49347","miner":"0x0000000000000000000000000000000000000000","stateRoot":"0x42da2e489b18e750a877106cd83e76fd16d4234d530e8290eda403582c50aac4","transactionsRoot":"0x4a0b6fa744634b80a04463acab0cad7eb4aa563337ed6f95ec3728d7ef745a99","receiptsRoot":"0x8242a788eddcd94326c2acb0a6cb547ca411104a65e3c6c5f751ce1c7f14cd15","logsBloom":"0x00000000000000000000000000000000000000000000000000000000800000000000000000000000000000000000000000000000000000000000000000000000000000000000000000004000000000000200000002000000000000000000002000000000000000000000000000800000000000000000000000000000000000000000000000000000000100000000000000000000000000000000000000000000000000000000009000000000000000000000000000000000000000800000000000800000000000000000000000000000000000000000000000000000000000000000000000000000000000000000000000000000000000000000000000400000","difficulty":"0x0","number":"0x48","gasLimit":"0xbebc200","gasUsed":"0x18d04","timestamp":"0x2d0","extraData":"0x","mixHash":"0x0000000000000000000000000000000000000000000000000000000000000000","nonce":"0x0000000000000000","baseFeePerGas":"0x7d97fd","withdrawalsRoot":"0xe0ab3dbb84deba21eca1dff9c98528bd2f6a427acd3d30f09ca504c7f0ef0a3b","blobGasUsed":"0x20000","excessBlobGas":"0x0","parentBeaconBlockRoot":"0x47c896f5986ec29f58ec60eec56ed176910779e9fc9cf45c3c090126aeb21acd","requestsHash":"0xe3b0c44298fc1c149afbf4c8996fb92427ae41e4649b934ca495991b7852b855","size":"0x400","uncles":[],"transactions":["0x72af7d7b24f8bd52b53e2974eb4a8b3a97819211501eb3969bc7d6562016f49d","0x2bd941225e044995fd7890bf3183cc65edb04f1b92aa7191626d120ee543e41c"],"withdrawals":[{"index":"0x6","validatorIndex":"0x5","address":"0x0c2c51a0990aee1d73c1228de158688341557508","amount":"0x64"}]}}
response differs from expected (-- client, ++ test):
{
  "id": 1,
  "jsonrpc": "2.0",
  "result": {
    -- "baseFeePerGas": "0x7d97fd",
    -- "blobGasUsed": "0x20000",
    ++ "capture_only": true,
    -- "difficulty": "0x0",
    -- "excessBlobGas": "0x0",
    -- "extraData": "0x",
    -- "gasLimit": "0xbebc200",
    -- "gasUsed": "0x18d04",
    -- "hash": "0xb3ba0330884cb90c46699588aab05619155565a21fecf9b9f9482693556f2316",
    -- "logsBloom": "0x00000000000000000000000000000000000000000000000000000000800000000000000000000000000000000000000000000000000000000000000000000000000000000000000000004000000000000200000002000000000000000000002000000000000000000000000000800000000000000000000000000000000000000000000000000000000100000000000000000000000000000000000000000000000000000000009000000000000000000000000000000000000000800000000000800000000000000000000000000000000000000000000000000000000000000000000000000000000000000000000000000000000000000000000000400000",
    -- "miner": "0x0000000000000000000000000000000000000000",
    -- "mixHash": "0x0000000000000000000000000000000000000000000000000000000000000000",
    -- "nonce": "0x0000000000000000",
    -- "number": "0x48",
    -- "parentBeaconBlockRoot": "0x47c896f5986ec29f58ec60eec56ed176910779e9fc9cf45c3c090126aeb21acd",
    -- "parentHash": "0x7964ce394f9773783863d05cf0826d125024c5f5dac03c07d5d7832c551a40de",
    -- "receiptsRoot": "0x8242a788eddcd94326c2acb0a6cb547ca411104a65e3c6c5f751ce1c7f14cd15",
    -- "requestsHash": "0xe3b0c44298fc1c149afbf4c8996fb92427ae41e4649b934ca495991b7852b855",
    -- "sha3Uncles": "0x1dcc4de8dec75d7aab85b567b6ccd41ad312451b948a7413f0a142fd40d49347",
    -- "size": "0x400",
    -- "stateRoot": "0x42da2e489b18e750a877106cd83e76fd16d4234d530e8290eda403582c50aac4",
    -- "timestamp": "0x2d0",
    -- "transactions": [
      -- "0x72af7d7b24f8bd52b53e2974eb4a8b3a97819211501eb3969bc7d6562016f49d",
      -- "0x2bd941225e044995fd7890bf3183cc65edb04f1b92aa7191626d120ee543e41c"
    -- ],
    -- "transactionsRoot": "0x4a0b6fa744634b80a04463acab0cad7eb4aa563337ed6f95ec3728d7ef745a99",
    -- "uncles": [],
    -- "withdrawals": [
      -- {
        -- "address": "0x0c2c51a0990aee1d73c1228de158688341557508",
        -- "amount": "0x64",
        -- "index": "0x6",
        -- "validatorIndex": "0x5"
      -- }
    -- ],
    -- "withdrawalsRoot": "0xe0ab3dbb84deba21eca1dff9c98528bd2f6a427acd3d30f09ca504c7f0ef0a3b"
  }
}
>>  {"jsonrpc": "2.0", "id": 1, "method": "web3_clientVersion", "params": []}
<<  {"jsonrpc":"2.0","id":1,"result":"reth/v2.6.0-73a3a00/x86_64-unknown-linux-gnu"}
response differs from expected (-- client, ++ test):
{
  "id": 1,
  "jsonrpc": "2.0",
  "result": -- "reth/v2.6.0-73a3a00/x86_64-unknown-linux-gnu" ++ {}
}
>>  {"jsonrpc": "2.0", "id": 1, "method": "trace_call", "params": [{"from": "0x7435ed30a8b4aeb0877cef0c6e8cffe834eb865f", "to": "0x000F3df6D732807Ef1319fB7B8bB8522d0Beac02", "data": "0x0000000000000000000000000000000000000000000000000000000000000230", "gas": "0x927c0", "gasPrice": "0x77359400"}, ["trace"], "0x37"]}
<<  {"jsonrpc":"2.0","id":1,"result":{"output":"0x","stateDiff":null,"trace":[{"type":"call","action":{"from":"0x7435ed30a8b4aeb0877cef0c6e8cffe834eb865f","callType":"call","gas":"0x8d520","input":"0x0000000000000000000000000000000000000000000000000000000000000230","to":"0x000f3df6d732807ef1319fb7b8bb8522d0beac02","value":"0x0"},"error":"Reverted","result":{"gasUsed":"0x89c","output":"0x"},"subtraces":0,"traceAddress":[]}],"vmTrace":null}}
response differs from expected (-- client, ++ test):
{
  "id": 1,
  "jsonrpc": "2.0",
  "result": {
    ++ "capture_only": true,
    -- "output": "0x",
    -- "stateDiff": null,
    -- "trace": [
      -- {
        -- "action": {
          -- "callType": "call",
          -- "from": "0x7435ed30a8b4aeb0877cef0c6e8cffe834eb865f",
          -- "gas": "0x8d520",
          -- "input": "0x0000000000000000000000000000000000000000000000000000000000000230",
          -- "to": "0x000f3df6d732807ef1319fb7b8bb8522d0beac02",
          -- "value": "0x0"
        -- },
        -- "error": "Reverted",
        -- "result": {
          -- "gasUsed": "0x89c",
          -- "output": "0x"
        -- },
        -- "subtraces": 0,
        -- "traceAddress": [],
        -- "type": "call"
      -- }
    -- ],
    -- "vmTrace": null
  }
}
>>  {"jsonrpc": "2.0", "id": 1, "method": "trace_call", "params": [{"from": "0x7435ed30a8b4aeb0877cef0c6e8cffe834eb865f", "to": "0x000F3df6D732807Ef1319fB7B8bB8522d0Beac02", "data": "0x0000000000000000000000000000000000000000000000000000000000000230", "gas": "0x927c0", "gasPrice": "0x77359400"}, ["trace"], "0x38"]}
<<  {"jsonrpc":"2.0","id":1,"result":{"output":"0x83472eda6eb475906aeeb7f09e757ba9f6663b9f6a5bf8611d6306f677f67ebd","stateDiff":null,"trace":[{"type":"call","action":{"from":"0x7435ed30a8b4aeb0877cef0c6e8cffe834eb865f","callType":"call","gas":"0x8d520","input":"0x0000000000000000000000000000000000000000000000000000000000000230","to":"0x000f3df6d732807ef1319fb7b8bb8522d0beac02","value":"0x0"},"result":{"gasUsed":"0x10e0","output":"0x83472eda6eb475906aeeb7f09e757ba9f6663b9f6a5bf8611d6306f677f67ebd"},"subtraces":0,"traceAddress":[]}],"vmTrace":null}}
response differs from expected (-- client, ++ test):
{
  "id": 1,
  "jsonrpc": "2.0",
  "result": {
    ++ "capture_only": true,
    -- "output": "0x83472eda6eb475906aeeb7f09e757ba9f6663b9f6a5bf8611d6306f677f67ebd",
    -- "stateDiff": null,
    -- "trace": [
      -- {
        -- "action": {
          -- "callType": "call",
          -- "from": "0x7435ed30a8b4aeb0877cef0c6e8cffe834eb865f",
          -- "gas": "0x8d520",
          -- "input": "0x0000000000000000000000000000000000000000000000000000000000000230",
          -- "to": "0x000f3df6d732807ef1319fb7b8bb8522d0beac02",
          -- "value": "0x0"
        -- },
        -- "result": {
          -- "gasUsed": "0x10e0",
          -- "output": "0x83472eda6eb475906aeeb7f09e757ba9f6663b9f6a5bf8611d6306f677f67ebd"
        -- },
        -- "subtraces": 0,
        -- "traceAddress": [],
        -- "type": "call"
      -- }
    -- ],
    -- "vmTrace": null
  }
}
>>  {"jsonrpc": "2.0", "id": 1, "method": "eth_getBlockByNumber", "params": ["0x48", false]}
<<  {"jsonrpc":"2.0","id":1,"result":{"hash":"0xb3ba0330884cb90c46699588aab05619155565a21fecf9b9f9482693556f2316","parentHash":"0x7964ce394f9773783863d05cf0826d125024c5f5dac03c07d5d7832c551a40de","sha3Uncles":"0x1dcc4de8dec75d7aab85b567b6ccd41ad312451b948a7413f0a142fd40d49347","miner":"0x0000000000000000000000000000000000000000","stateRoot":"0x42da2e489b18e750a877106cd83e76fd16d4234d530e8290eda403582c50aac4","transactionsRoot":"0x4a0b6fa744634b80a04463acab0cad7eb4aa563337ed6f95ec3728d7ef745a99","receiptsRoot":"0x8242a788eddcd94326c2acb0a6cb547ca411104a65e3c6c5f751ce1c7f14cd15","logsBloom":"0x00000000000000000000000000000000000000000000000000000000800000000000000000000000000000000000000000000000000000000000000000000000000000000000000000004000000000000200000002000000000000000000002000000000000000000000000000800000000000000000000000000000000000000000000000000000000100000000000000000000000000000000000000000000000000000000009000000000000000000000000000000000000000800000000000800000000000000000000000000000000000000000000000000000000000000000000000000000000000000000000000000000000000000000000000400000","difficulty":"0x0","number":"0x48","gasLimit":"0xbebc200","gasUsed":"0x18d04","timestamp":"0x2d0","extraData":"0x","mixHash":"0x0000000000000000000000000000000000000000000000000000000000000000","nonce":"0x0000000000000000","baseFeePerGas":"0x7d97fd","withdrawalsRoot":"0xe0ab3dbb84deba21eca1dff9c98528bd2f6a427acd3d30f09ca504c7f0ef0a3b","blobGasUsed":"0x20000","excessBlobGas":"0x0","parentBeaconBlockRoot":"0x47c896f5986ec29f58ec60eec56ed176910779e9fc9cf45c3c090126aeb21acd","requestsHash":"0xe3b0c44298fc1c149afbf4c8996fb92427ae41e4649b934ca495991b7852b855","size":"0x400","uncles":[],"transactions":["0x72af7d7b24f8bd52b53e2974eb4a8b3a97819211501eb3969bc7d6562016f49d","0x2bd941225e044995fd7890bf3183cc65edb04f1b92aa7191626d120ee543e41c"],"withdrawals":[{"index":"0x6","validatorIndex":"0x5","address":"0x0c2c51a0990aee1d73c1228de158688341557508","amount":"0x64"}]}}
response differs from expected (-- client, ++ test):
{
  "id": 1,
  "jsonrpc": "2.0",
  "result": {
    -- "baseFeePerGas": "0x7d97fd",
    -- "blobGasUsed": "0x20000",
    ++ "capture_only": true,
    -- "difficulty": "0x0",
    -- "excessBlobGas": "0x0",
    -- "extraData": "0x",
    -- "gasLimit": "0xbebc200",
    -- "gasUsed": "0x18d04",
    -- "hash": "0xb3ba0330884cb90c46699588aab05619155565a21fecf9b9f9482693556f2316",
    -- "logsBloom": "0x00000000000000000000000000000000000000000000000000000000800000000000000000000000000000000000000000000000000000000000000000000000000000000000000000004000000000000200000002000000000000000000002000000000000000000000000000800000000000000000000000000000000000000000000000000000000100000000000000000000000000000000000000000000000000000000009000000000000000000000000000000000000000800000000000800000000000000000000000000000000000000000000000000000000000000000000000000000000000000000000000000000000000000000000000400000",
    -- "miner": "0x0000000000000000000000000000000000000000",
    -- "mixHash": "0x0000000000000000000000000000000000000000000000000000000000000000",
    -- "nonce": "0x0000000000000000",
    -- "number": "0x48",
    -- "parentBeaconBlockRoot": "0x47c896f5986ec29f58ec60eec56ed176910779e9fc9cf45c3c090126aeb21acd",
    -- "parentHash": "0x7964ce394f9773783863d05cf0826d125024c5f5dac03c07d5d7832c551a40de",
    -- "receiptsRoot": "0x8242a788eddcd94326c2acb0a6cb547ca411104a65e3c6c5f751ce1c7f14cd15",
    -- "requestsHash": "0xe3b0c44298fc1c149afbf4c8996fb92427ae41e4649b934ca495991b7852b855",
    -- "sha3Uncles": "0x1dcc4de8dec75d7aab85b567b6ccd41ad312451b948a7413f0a142fd40d49347",
    -- "size": "0x400",
    -- "stateRoot": "0x42da2e489b18e750a877106cd83e76fd16d4234d530e8290eda403582c50aac4",
    -- "timestamp": "0x2d0",
    -- "transactions": [
      -- "0x72af7d7b24f8bd52b53e2974eb4a8b3a97819211501eb3969bc7d6562016f49d",
      -- "0x2bd941225e044995fd7890bf3183cc65edb04f1b92aa7191626d120ee543e41c"
    -- ],
    -- "transactionsRoot": "0x4a0b6fa744634b80a04463acab0cad7eb4aa563337ed6f95ec3728d7ef745a99",
    -- "uncles": [],
    -- "withdrawals": [
      -- {
        -- "address": "0x0c2c51a0990aee1d73c1228de158688341557508",
        -- "amount": "0x64",
        -- "index": "0x6",
        -- "validatorIndex": "0x5"
      -- }
    -- ],
    -- "withdrawalsRoot": "0xe0ab3dbb84deba21eca1dff9c98528bd2f6a427acd3d30f09ca504c7f0ef0a3b"
  }
}
>>  {"jsonrpc": "2.0", "id": 1, "method": "trace_call", "params": [{"from": "0x7435ed30a8b4aeb0877cef0c6e8cffe834eb865f", "to": "0x0000000000000000000000000000000000001007", "gas": "0x927c0", "gasPrice": "0x77359400", "data": "0x"}, ["trace", "stateDiff", "vmTrace"], "0x37"]}
<<  {"jsonrpc":"2.0","id":1,"result":{"output":"0x","stateDiff":{"0x0000000000000000000000000000000000001007":{"balance":{"*":{"from":"0x64","to":"0x0"}},"code":"=","nonce":"=","storage":{}},"0x0000000000000000000000000000000000001008":{"balance":{"*":{"from":"0x0","to":"0x64"}},"code":"=","nonce":"=","storage":{}},"0x7435ed30a8b4aeb0877cef0c6e8cffe834eb865f":{"balance":"=","code":"=","nonce":{"*":{"from":"0x7f","to":"0x80"}},"storage":{}}},"trace":[{"type":"call","action":{"from":"0x7435ed30a8b4aeb0877cef0c6e8cffe834eb865f","callType":"call","gas":"0x8d5b8","input":"0x","to":"0x0000000000000000000000000000000000001007","value":"0x0"},"result":{"gasUsed":"0x7f5b","output":"0x"},"subtraces":1,"traceAddress":[]},{"type":"suicide","action":{"address":"0x0000000000000000000000000000000000001007","balance":"0x64","refundAddress":"0x0000000000000000000000000000000000001008"},"result":null,"subtraces":0,"traceAddress":[0]}],"vmTrace":{"code":"0x611008ff","ops":[{"cost":3,"ex":{"used":579000,"push":["0x1008"],"mem":{"off":0,"data":"0x"},"store":null},"pc":0,"sub":null,"op":"PUSH2"},{"cost":32600,"ex":{"used":578997,"push":[],"mem":{"off":0,"data":"0x"},"store":null},"pc":3,"sub":null,"op":"SELFDESTRUCT"}]}}}
response differs from expected (-- client, ++ test):
{
  "id": 1,
  "jsonrpc": "2.0",
  "result": {
    ++ "capture_only": true,
    -- "output": "0x",
    -- "stateDiff": {
      -- "0x0000000000000000000000000000000000001007": {
        -- "balance": {
          -- "*": {
            -- "from": "0x64",
            -- "to": "0x0"
          -- }
        -- },
        -- "code": "=",
        -- "nonce": "=",
        -- "storage": {}
      -- },
      -- "0x0000000000000000000000000000000000001008": {
        -- "balance": {
          -- "*": {
            -- "from": "0x0",
            -- "to": "0x64"
          -- }
        -- },
        -- "code": "=",
        -- "nonce": "=",
        -- "storage": {}
      -- },
      -- "0x7435ed30a8b4aeb0877cef0c6e8cffe834eb865f": {
        -- "balance": "=",
        -- "code": "=",
        -- "nonce": {
          -- "*": {
            -- "from": "0x7f",
            -- "to": "0x80"
          -- }
        -- },
        -- "storage": {}
      -- }
    -- },
    -- "trace": [
      -- {
        -- "action": {
          -- "callType": "call",
          -- "from": "0x7435ed30a8b4aeb0877cef0c6e8cffe834eb865f",
          -- "gas": "0x8d5b8",
          -- "input": "0x",
          -- "to": "0x0000000000000000000000000000000000001007",
          -- "value": "0x0"
        -- },
        -- "result": {
          -- "gasUsed": "0x7f5b",
          -- "output": "0x"
        -- },
        -- "subtraces": 1,
        -- "traceAddress": [],
        -- "type": "call"
      -- },
      -- {
        -- "action": {
          -- "address": "0x0000000000000000000000000000000000001007",
          -- "balance": "0x64",
          -- "refundAddress": "0x0000000000000000000000000000000000001008"
        -- },
        -- "result": null,
        -- "subtraces": 0,
        -- "traceAddress": [
          -- 0
        -- ],
        -- "type": "suicide"
      -- }
    -- ],
    -- "vmTrace": {
      -- "code": "0x611008ff",
      -- "ops": [
        -- {
          -- "cost": 3,
          -- "ex": {
            -- "mem": {
              -- "data": "0x",
              -- "off": 0
            -- },
            -- "push": [
              -- "0x1008"
            -- ],
            -- "store": null,
            -- "used": 579000
          -- },
          -- "op": "PUSH2",
          -- "pc": 0,
          -- "sub": null
        -- },
        -- {
          -- "cost": 32600,
          -- "ex": {
            -- "mem": {
              -- "data": "0x",
              -- "off": 0
            -- },
            -- "push": [],
            -- "store": null,
            -- "used": 578997
          -- },
          -- "op": "SELFDESTRUCT",
          -- "pc": 3,
          -- "sub": null
        -- }
      -- ]
    -- }
  }
}
>>  {"jsonrpc": "2.0", "id": 1, "method": "trace_call", "params": [{"from": "0x7435ed30a8b4aeb0877cef0c6e8cffe834eb865f", "to": "0x0000000000000000000000000000000000001007", "gas": "0x927c0", "gasPrice": "0x77359400", "data": "0x"}, ["trace", "stateDiff", "vmTrace"], "0x38"]}
<<  {"jsonrpc":"2.0","id":1,"result":{"output":"0x","stateDiff":{"0x0000000000000000000000000000000000001007":{"balance":{"*":{"from":"0x64","to":"0x0"}},"code":"=","nonce":"=","storage":{}},"0x0000000000000000000000000000000000001008":{"balance":{"*":{"from":"0x0","to":"0x64"}},"code":"=","nonce":"=","storage":{}},"0x7435ed30a8b4aeb0877cef0c6e8cffe834eb865f":{"balance":"=","code":"=","nonce":{"*":{"from":"0x82","to":"0x83"}},"storage":{}}},"trace":[{"type":"call","action":{"from":"0x7435ed30a8b4aeb0877cef0c6e8cffe834eb865f","callType":"call","gas":"0x8d5b8","input":"0x","to":"0x0000000000000000000000000000000000001007","value":"0x0"},"result":{"gasUsed":"0x7f5b","output":"0x"},"subtraces":1,"traceAddress":[]},{"type":"suicide","action":{"address":"0x0000000000000000000000000000000000001007","balance":"0x64","refundAddress":"0x0000000000000000000000000000000000001008"},"result":null,"subtraces":0,"traceAddress":[0]}],"vmTrace":{"code":"0x611008ff","ops":[{"cost":3,"ex":{"used":579000,"push":["0x1008"],"mem":{"off":0,"data":"0x"},"store":null},"pc":0,"sub":null,"op":"PUSH2"},{"cost":32600,"ex":{"used":578997,"push":[],"mem":{"off":0,"data":"0x"},"store":null},"pc":3,"sub":null,"op":"SELFDESTRUCT"}]}}}
response differs from expected (-- client, ++ test):
{
  "id": 1,
  "jsonrpc": "2.0",
  "result": {
    ++ "capture_only": true,
    -- "output": "0x",
    -- "stateDiff": {
      -- "0x0000000000000000000000000000000000001007": {
        -- "balance": {
          -- "*": {
            -- "from": "0x64",
            -- "to": "0x0"
          -- }
        -- },
        -- "code": "=",
        -- "nonce": "=",
        -- "storage": {}
      -- },
      -- "0x0000000000000000000000000000000000001008": {
        -- "balance": {
          -- "*": {
            -- "from": "0x0",
            -- "to": "0x64"
          -- }
        -- },
        -- "code": "=",
        -- "nonce": "=",
        -- "storage": {}
      -- },
      -- "0x7435ed30a8b4aeb0877cef0c6e8cffe834eb865f": {
        -- "balance": "=",
        -- "code": "=",
        -- "nonce": {
          -- "*": {
            -- "from": "0x82",
            -- "to": "0x83"
          -- }
        -- },
        -- "storage": {}
      -- }
    -- },
    -- "trace": [
      -- {
        -- "action": {
          -- "callType": "call",
          -- "from": "0x7435ed30a8b4aeb0877cef0c6e8cffe834eb865f",
          -- "gas": "0x8d5b8",
          -- "input": "0x",
          -- "to": "0x0000000000000000000000000000000000001007",
          -- "value": "0x0"
        -- },
        -- "result": {
          -- "gasUsed": "0x7f5b",
          -- "output": "0x"
        -- },
        -- "subtraces": 1,
        -- "traceAddress": [],
        -- "type": "call"
      -- },
      -- {
        -- "action": {
          -- "address": "0x0000000000000000000000000000000000001007",
          -- "balance": "0x64",
          -- "refundAddress": "0x0000000000000000000000000000000000001008"
        -- },
        -- "result": null,
        -- "subtraces": 0,
        -- "traceAddress": [
          -- 0
        -- ],
        -- "type": "suicide"
      -- }
    -- ],
    -- "vmTrace": {
      -- "code": "0x611008ff",
      -- "ops": [
        -- {
          -- "cost": 3,
          -- "ex": {
            -- "mem": {
              -- "data": "0x",
              -- "off": 0
            -- },
            -- "push": [
              -- "0x1008"
            -- ],
            -- "store": null,
            -- "used": 579000
          -- },
          -- "op": "PUSH2",
          -- "pc": 0,
          -- "sub": null
        -- },
        -- {
          -- "cost": 32600,
          -- "ex": {
            -- "mem": {
              -- "data": "0x",
              -- "off": 0
            -- },
            -- "push": [],
            -- "store": null,
            -- "used": 578997
          -- },
          -- "op": "SELFDESTRUCT",
          -- "pc": 3,
          -- "sub": null
        -- }
      -- ]
    -- }
  }
}
>>  {"jsonrpc": "2.0", "id": 1, "method": "eth_getStorageAt", "params": ["0x000F3df6D732807Ef1319fB7B8bB8522d0Beac02", "0x230", "0x37"]}
<<  {"jsonrpc":"2.0","id":1,"result":"0x0000000000000000000000000000000000000000000000000000000000000000"}
response differs from expected (-- client, ++ test):
{
  "id": 1,
  "jsonrpc": "2.0",
  "result": -- "0x0000000000000000000000000000000000000000000000000000000000000000" ++ {}
}
>>  {"jsonrpc": "2.0", "id": 1, "method": "eth_getStorageAt", "params": ["0x000F3df6D732807Ef1319fB7B8bB8522d0Beac02", "0x222f", "0x37"]}
<<  {"jsonrpc":"2.0","id":1,"result":"0x0000000000000000000000000000000000000000000000000000000000000000"}
response differs from expected (-- client, ++ test):
{
  "id": 1,
  "jsonrpc": "2.0",
  "result": -- "0x0000000000000000000000000000000000000000000000000000000000000000" ++ {}
}
>>  {"jsonrpc": "2.0", "id": 1, "method": "eth_getStorageAt", "params": ["0x000F3df6D732807Ef1319fB7B8bB8522d0Beac02", "0x230", "0x38"]}
<<  {"jsonrpc":"2.0","id":1,"result":"0x0000000000000000000000000000000000000000000000000000000000000230"}
response differs from expected (-- client, ++ test):
{
  "id": 1,
  "jsonrpc": "2.0",
  "result": -- "0x0000000000000000000000000000000000000000000000000000000000000230" ++ {}
}
>>  {"jsonrpc": "2.0", "id": 1, "method": "eth_getStorageAt", "params": ["0x000F3df6D732807Ef1319fB7B8bB8522d0Beac02", "0x222f", "0x38"]}
<<  {"jsonrpc":"2.0","id":1,"result":"0x83472eda6eb475906aeeb7f09e757ba9f6663b9f6a5bf8611d6306f677f67ebd"}
response differs from expected (-- client, ++ test):
{
  "id": 1,
  "jsonrpc": "2.0",
  "result": -- "0x83472eda6eb475906aeeb7f09e757ba9f6663b9f6a5bf8611d6306f677f67ebd" ++ {}
}
>>  {"jsonrpc": "2.0", "id": 1, "method": "eth_getBalance", "params": ["0x717f8aa2b982bee0e29f573d31df288663e1ce16", "0x33"]}
<<  {"jsonrpc":"2.0","id":1,"result":"0xc097ce7bc90715b34b9f1000000006"}
response differs from expected (-- client, ++ test):
{
  "id": 1,
  "jsonrpc": "2.0",
  "result": -- "0xc097ce7bc90715b34b9f1000000006" ++ {}
}
>>  {"jsonrpc": "2.0", "id": 1, "method": "eth_getBalance", "params": ["0x717f8aa2b982bee0e29f573d31df288663e1ce16", "0x34"]}
<<  {"jsonrpc":"2.0","id":1,"result":"0xc097ce7bc90715b34b9f274876e806"}
response differs from expected (-- client, ++ test):
{
  "id": 1,
  "jsonrpc": "2.0",
  "result": -- "0xc097ce7bc90715b34b9f274876e806" ++ {}
}
>>  {"jsonrpc": "2.0", "id": 1, "method": "eth_getBalance", "params": ["0x717f8aa2b982bee0e29f573d31df288663e1ce16", "0x35"]}
<<  {"jsonrpc":"2.0","id":1,"result":"0xc097ce7bc90715b34b9f274876e806"}
response differs from expected (-- client, ++ test):
{
  "id": 1,
  "jsonrpc": "2.0",
  "result": -- "0xc097ce7bc90715b34b9f274876e806" ++ {}
}
>>  {"jsonrpc": "2.0", "id": 1, "method": "eth_getBlockByNumber", "params": ["0x33", true]}
<<  {"jsonrpc":"2.0","id":1,"result":{"hash":"0x022037fe9ef69d04fd00706fcd5a9c80b1b791c6f9c3088469b6407a660c28b9","parentHash":"0x81f27dba10123293c218f7e559812921bb76397f6f7cc77d281db9e94ff4fe9b","sha3Uncles":"0x1dcc4de8dec75d7aab85b567b6ccd41ad312451b948a7413f0a142fd40d49347","miner":"0x0000000000000000000000000000000000000000","stateRoot":"0x65aca059c8cbe1978e45591e3617d262f8d435fb832cefcf8234b0f8c72eb4e1","transactionsRoot":"0x84a6970d2095aa92d6eafb42ab401e4e00e6e837ae670cb298628523c4eadbad","receiptsRoot":"0x67ab042bd973e8dedef30801a5589a00987c86c1ca17461677560545101482a8","logsBloom":"0x00000000000000000000000000000000000000000000000000000000000000000000000200000000000010000000000000000000000000000000000001000000010000000000000000004000002000000200004200400000000000000000002000000000400400000000000000000000000000000000000000000000000080000000000000000100000000000000000000000000000000010000000000000000000000000000000000000000000200000000000000000000000000000000000000000000000000000000000000000000000000000000000000000000000000000004000000000000000000000000000000000000000000000000000000000000","difficulty":"0x0","number":"0x33","gasLimit":"0xbebc200","gasUsed":"0x2fb12","timestamp":"0x1fe","extraData":"0x","mixHash":"0x0000000000000000000000000000000000000000000000000000000000000000","nonce":"0x0000000000000000","baseFeePerGas":"0x810ed7c","size":"0x35c","uncles":[],"transactions":[{"type":"0x1","chainId":"0xc72dd9d5e883e","nonce":"0x72","gasPrice":"0x810ed7d","gas":"0x5208","to":"0x7435ed30a8b4aeb0877cef0c6e8cffe834eb865f","value":"0x1","accessList":[],"input":"0x","r":"0x56abc4bae751cb1703f3c3f1bcdddbf9f88c9c2f8c1416308ac46a5fdad1894e","s":"0x3e552a68655416e9efe4dfd749de3aa01d024267fd86b1dd3b01010463af483a","yParity":"0x0","v":"0x0","hash":"0x87d8ef31d0d35ae040f2998b90fd61eeb04882b21f189c521bec5c3cefb416d2","blockHash":"0x022037fe9ef69d04fd00706fcd5a9c80b1b791c6f9c3088469b6407a660c28b9","blockNumber":"0x33","transactionIndex":"0x0","from":"0x7435ed30a8b4aeb0877cef0c6e8cffe834eb865f","blockTimestamp":"0x1fe"},{"type":"0x2","chainId":"0xc72dd9d5e883e","nonce":"0x73","gas":"0x186a0","maxFeePerGas":"0x810ed7d","maxPriorityFeePerGas":"0x1","to":"0x9dcd17433742f4c0ca53122ab541d0ba67fc27d3","value":"0x0","accessList":[],"input":"0x01","r":"0x2eaa94ea47d0cb4d42657c5064e863547ef282553cfdbfe21aa8e8fe78320dc4","s":"0x346d37d97e2d83ce44afc3f6857fec86cc15787a05fa6c3a7aeff44627a51adb","yParity":"0x0","v":"0x0","hash":"0xa23373d1e4fa559fc33ffb791665855530831c83d0c241ef6b2d3f46a5f448f4","blockHash":"0x022037fe9ef69d04fd00706fcd5a9c80b1b791c6f9c3088469b6407a660c28b9","blockNumber":"0x33","transactionIndex":"0x1","from":"0x7435ed30a8b4aeb0877cef0c6e8cffe834eb865f","gasPrice":"0x810ed7d","blockTimestamp":"0x1fe"},{"type":"0x2","chainId":"0xc72dd9d5e883e","nonce":"0x74","gas":"0x927c0","maxFeePerGas":"0x810ed7d","maxPriorityFeePerGas":"0x1","to":"0x9dcd17433742f4c0ca53122ab541d0ba67fc27d0","value":"0x0","accessList":[],"input":"0x","r":"0xce6616592e74c522311002aa3786bcd541b3c0a3d6e99cafb6437682bfbd4d70","s":"0x784011e65470a03e351bf9f2d13492d6f0d9f674ba291dfc5c6c16838639091a","yParity":"0x0","v":"0x0","hash":"0x76430fba1b629206573ad53847b0bc7e9f80161b0e79750803715a8fb1bc5955","blockHash":"0x022037fe9ef69d04fd00706fcd5a9c80b1b791c6f9c3088469b6407a660c28b9","blockNumber":"0x33","transactionIndex":"0x2","from":"0x7435ed30a8b4aeb0877cef0c6e8cffe834eb865f","gasPrice":"0x810ed7d","blockTimestamp":"0x1fe"}]}}
response differs from expected (-- client, ++ test):
{
  "id": 1,
  "jsonrpc": "2.0",
  "result": {
    -- "baseFeePerGas": "0x810ed7c",
    ++ "capture_only": true,
    -- "difficulty": "0x0",
    -- "extraData": "0x",
    -- "gasLimit": "0xbebc200",
    -- "gasUsed": "0x2fb12",
    -- "hash": "0x022037fe9ef69d04fd00706fcd5a9c80b1b791c6f9c3088469b6407a660c28b9",
    -- "logsBloom": "0x00000000000000000000000000000000000000000000000000000000000000000000000200000000000010000000000000000000000000000000000001000000010000000000000000004000002000000200004200400000000000000000002000000000400400000000000000000000000000000000000000000000000080000000000000000100000000000000000000000000000000010000000000000000000000000000000000000000000200000000000000000000000000000000000000000000000000000000000000000000000000000000000000000000000000000004000000000000000000000000000000000000000000000000000000000000",
    -- "miner": "0x0000000000000000000000000000000000000000",
    -- "mixHash": "0x0000000000000000000000000000000000000000000000000000000000000000",
    -- "nonce": "0x0000000000000000",
    -- "number": "0x33",
    -- "parentHash": "0x81f27dba10123293c218f7e559812921bb76397f6f7cc77d281db9e94ff4fe9b",
    -- "receiptsRoot": "0x67ab042bd973e8dedef30801a5589a00987c86c1ca17461677560545101482a8",
    -- "sha3Uncles": "0x1dcc4de8dec75d7aab85b567b6ccd41ad312451b948a7413f0a142fd40d49347",
    -- "size": "0x35c",
    -- "stateRoot": "0x65aca059c8cbe1978e45591e3617d262f8d435fb832cefcf8234b0f8c72eb4e1",
    -- "timestamp": "0x1fe",
    -- "transactions": [
      -- {
        -- "accessList": [],
        -- "blockHash": "0x022037fe9ef69d04fd00706fcd5a9c80b1b791c6f9c3088469b6407a660c28b9",
        -- "blockNumber": "0x33",
        -- "blockTimestamp": "0x1fe",
        -- "chainId": "0xc72dd9d5e883e",
        -- "from": "0x7435ed30a8b4aeb0877cef0c6e8cffe834eb865f",
        -- "gas": "0x5208",
        -- "gasPrice": "0x810ed7d",
        -- "hash": "0x87d8ef31d0d35ae040f2998b90fd61eeb04882b21f189c521bec5c3cefb416d2",
        -- "input": "0x",
        -- "nonce": "0x72",
        -- "r": "0x56abc4bae751cb1703f3c3f1bcdddbf9f88c9c2f8c1416308ac46a5fdad1894e",
        -- "s": "0x3e552a68655416e9efe4dfd749de3aa01d024267fd86b1dd3b01010463af483a",
        -- "to": "0x7435ed30a8b4aeb0877cef0c6e8cffe834eb865f",
        -- "transactionIndex": "0x0",
        -- "type": "0x1",
        -- "v": "0x0",
        -- "value": "0x1",
        -- "yParity": "0x0"
      -- },
      -- {
        -- "accessList": [],
        -- "blockHash": "0x022037fe9ef69d04fd00706fcd5a9c80b1b791c6f9c3088469b6407a660c28b9",
        -- "blockNumber": "0x33",
        -- "blockTimestamp": "0x1fe",
        -- "chainId": "0xc72dd9d5e883e",
        -- "from": "0x7435ed30a8b4aeb0877cef0c6e8cffe834eb865f",
        -- "gas": "0x186a0",
        -- "gasPrice": "0x810ed7d",
        -- "hash": "0xa23373d1e4fa559fc33ffb791665855530831c83d0c241ef6b2d3f46a5f448f4",
        -- "input": "0x01",
        -- "maxFeePerGas": "0x810ed7d",
        -- "maxPriorityFeePerGas": "0x1",
        -- "nonce": "0x73",
        -- "r": "0x2eaa94ea47d0cb4d42657c5064e863547ef282553cfdbfe21aa8e8fe78320dc4",
        -- "s": "0x346d37d97e2d83ce44afc3f6857fec86cc15787a05fa6c3a7aeff44627a51adb",
        -- "to": "0x9dcd17433742f4c0ca53122ab541d0ba67fc27d3",
        -- "transactionIndex": "0x1",
        -- "type": "0x2",
        -- "v": "0x0",
        -- "value": "0x0",
        -- "yParity": "0x0"
      -- },
      -- {
        -- "accessList": [],
        -- "blockHash": "0x022037fe9ef69d04fd00706fcd5a9c80b1b791c6f9c3088469b6407a660c28b9",
        -- "blockNumber": "0x33",
        -- "blockTimestamp": "0x1fe",
        -- "chainId": "0xc72dd9d5e883e",
        -- "from": "0x7435ed30a8b4aeb0877cef0c6e8cffe834eb865f",
        -- "gas": "0x927c0",
        -- "gasPrice": "0x810ed7d",
        -- "hash": "0x76430fba1b629206573ad53847b0bc7e9f80161b0e79750803715a8fb1bc5955",
        -- "input": "0x",
        -- "maxFeePerGas": "0x810ed7d",
        -- "maxPriorityFeePerGas": "0x1",
        -- "nonce": "0x74",
        -- "r": "0xce6616592e74c522311002aa3786bcd541b3c0a3d6e99cafb6437682bfbd4d70",
        -- "s": "0x784011e65470a03e351bf9f2d13492d6f0d9f674ba291dfc5c6c16838639091a",
        -- "to": "0x9dcd17433742f4c0ca53122ab541d0ba67fc27d0",
        -- "transactionIndex": "0x2",
        -- "type": "0x2",
        -- "v": "0x0",
        -- "value": "0x0",
        -- "yParity": "0x0"
      -- }
    -- ],
    -- "transactionsRoot": "0x84a6970d2095aa92d6eafb42ab401e4e00e6e837ae670cb298628523c4eadbad",
    -- "uncles": []
  }
}
>>  {"jsonrpc": "2.0", "id": 1, "method": "eth_getBlockByNumber", "params": ["0x34", true]}
<<  {"jsonrpc":"2.0","id":1,"result":{"hash":"0xa9578be0967413b9adc40736fd4ec67d0529b890a81d62102db05e61d6de1897","parentHash":"0x022037fe9ef69d04fd00706fcd5a9c80b1b791c6f9c3088469b6407a660c28b9","sha3Uncles":"0x1dcc4de8dec75d7aab85b567b6ccd41ad312451b948a7413f0a142fd40d49347","miner":"0x0000000000000000000000000000000000000000","stateRoot":"0x3c7454b16a691794d881fa6565ab663b4cda39e69393fdd1ba067db336dbbb09","transactionsRoot":"0xef011cbfe9ae50e7defe82a8382cc477d1c5f6d6cc41bf9245f201894b3d2923","receiptsRoot":"0xa2dd95687771e75f96f544680724c54dc5c59c26ac59c7a58edab2b0382b5469","logsBloom":"0x00000000000000000000000000000000000000000000000000000000800000000000000000000000000000000000000000000000000000000000000000000000000000000000000000004000000000001200000000000000000000000000002000000000000000000000000000000000000000000000000000000000000000000000000000000000000000000000000000000000000000000000000000000000000000000000009000000000000000000000000000000000000000000000000000000000000000000000000000000000000000000000000000000000000000000000000000004000000000000000000000000000000000000000000008000000","difficulty":"0x0","number":"0x34","gasLimit":"0xbebc200","gasUsed":"0x11470","timestamp":"0x208","extraData":"0x","mixHash":"0x0000000000000000000000000000000000000000000000000000000000000000","nonce":"0x0000000000000000","baseFeePerGas":"0x70f50e2","withdrawalsRoot":"0x5e1016697b3b7f7c7ae99708e4482ca5cf920e5dfd971d9a970768f3c5fb6eb4","size":"0x324","uncles":[],"transactions":[{"type":"0x0","chainId":"0xc72dd9d5e883e","nonce":"0x75","gasPrice":"0x70f50e3","gas":"0x186a0","to":"0x7dcd17433742f4c0ca53122ab541d0ba67fc27df","value":"0x2","input":"0x74bff204de43b4a2656d6974","r":"0xd1dfe7c72bc2bd884654cd8c7417009e50eecb519e9b8328c8cf2ba7b53c9c53","s":"0x175e1fee6e062cf562cd1c67517b5edf61a59802cc8d52665b2efd6fdcea7b90","v":"0x18e5bb3abd109f","hash":"0x63debd7bcab14a95198660dfe794ca12fd2a34b24f780dd7572c55f2a58735b3","blockHash":"0xa9578be0967413b9adc40736fd4ec67d0529b890a81d62102db05e61d6de1897","blockNumber":"0x34","transactionIndex":"0x0","from":"0x7435ed30a8b4aeb0877cef0c6e8cffe834eb865f","blockTimestamp":"0x208"},{"type":"0x0","chainId":"0xc72dd9d5e883e","nonce":"0x76","gasPrice":"0x70f50e3","gas":"0x5208","to":"0x83c7e323d189f18725ac510004fdc2941f8c4a78","value":"0x1","input":"0x","r":"0xdd21c5a0aff9b742778951b1d69281be5fac3eb4d93484339636bc8d74f12154","s":"0x70503b79d84767babed0941a8c43e94a7cc40e5dc69ba05fea56167a6c796075","v":"0x18e5bb3abd109f","hash":"0xd7822fd23594d52bc98493786233edb857cbeee469a3148b5780e076a53985db","blockHash":"0xa9578be0967413b9adc40736fd4ec67d0529b890a81d62102db05e61d6de1897","blockNumber":"0x34","transactionIndex":"0x1","from":"0x7435ed30a8b4aeb0877cef0c6e8cffe834eb865f","blockTimestamp":"0x208"}],"withdrawals":[{"index":"0x0","validatorIndex":"0x5","address":"0x717f8aa2b982bee0e29f573d31df288663e1ce16","amount":"0x64"}]}}
response differs from expected (-- client, ++ test):
{
  "id": 1,
  "jsonrpc": "2.0",
  "result": {
    -- "baseFeePerGas": "0x70f50e2",
    ++ "capture_only": true,
    -- "difficulty": "0x0",
    -- "extraData": "0x",
    -- "gasLimit": "0xbebc200",
    -- "gasUsed": "0x11470",
    -- "hash": "0xa9578be0967413b9adc40736fd4ec67d0529b890a81d62102db05e61d6de1897",
    -- "logsBloom": "0x00000000000000000000000000000000000000000000000000000000800000000000000000000000000000000000000000000000000000000000000000000000000000000000000000004000000000001200000000000000000000000000002000000000000000000000000000000000000000000000000000000000000000000000000000000000000000000000000000000000000000000000000000000000000000000000009000000000000000000000000000000000000000000000000000000000000000000000000000000000000000000000000000000000000000000000000000004000000000000000000000000000000000000000000008000000",
    -- "miner": "0x0000000000000000000000000000000000000000",
    -- "mixHash": "0x0000000000000000000000000000000000000000000000000000000000000000",
    -- "nonce": "0x0000000000000000",
    -- "number": "0x34",
    -- "parentHash": "0x022037fe9ef69d04fd00706fcd5a9c80b1b791c6f9c3088469b6407a660c28b9",
    -- "receiptsRoot": "0xa2dd95687771e75f96f544680724c54dc5c59c26ac59c7a58edab2b0382b5469",
    -- "sha3Uncles": "0x1dcc4de8dec75d7aab85b567b6ccd41ad312451b948a7413f0a142fd40d49347",
    -- "size": "0x324",
    -- "stateRoot": "0x3c7454b16a691794d881fa6565ab663b4cda39e69393fdd1ba067db336dbbb09",
    -- "timestamp": "0x208",
    -- "transactions": [
      -- {
        -- "blockHash": "0xa9578be0967413b9adc40736fd4ec67d0529b890a81d62102db05e61d6de1897",
        -- "blockNumber": "0x34",
        -- "blockTimestamp": "0x208",
        -- "chainId": "0xc72dd9d5e883e",
        -- "from": "0x7435ed30a8b4aeb0877cef0c6e8cffe834eb865f",
        -- "gas": "0x186a0",
        -- "gasPrice": "0x70f50e3",
        -- "hash": "0x63debd7bcab14a95198660dfe794ca12fd2a34b24f780dd7572c55f2a58735b3",
        -- "input": "0x74bff204de43b4a2656d6974",
        -- "nonce": "0x75",
        -- "r": "0xd1dfe7c72bc2bd884654cd8c7417009e50eecb519e9b8328c8cf2ba7b53c9c53",
        -- "s": "0x175e1fee6e062cf562cd1c67517b5edf61a59802cc8d52665b2efd6fdcea7b90",
        -- "to": "0x7dcd17433742f4c0ca53122ab541d0ba67fc27df",
        -- "transactionIndex": "0x0",
        -- "type": "0x0",
        -- "v": "0x18e5bb3abd109f",
        -- "value": "0x2"
      -- },
      -- {
        -- "blockHash": "0xa9578be0967413b9adc40736fd4ec67d0529b890a81d62102db05e61d6de1897",
        -- "blockNumber": "0x34",
        -- "blockTimestamp": "0x208",
        -- "chainId": "0xc72dd9d5e883e",
        -- "from": "0x7435ed30a8b4aeb0877cef0c6e8cffe834eb865f",
        -- "gas": "0x5208",
        -- "gasPrice": "0x70f50e3",
        -- "hash": "0xd7822fd23594d52bc98493786233edb857cbeee469a3148b5780e076a53985db",
        -- "input": "0x",
        -- "nonce": "0x76",
        -- "r": "0xdd21c5a0aff9b742778951b1d69281be5fac3eb4d93484339636bc8d74f12154",
        -- "s": "0x70503b79d84767babed0941a8c43e94a7cc40e5dc69ba05fea56167a6c796075",
        -- "to": "0x83c7e323d189f18725ac510004fdc2941f8c4a78",
        -- "transactionIndex": "0x1",
        -- "type": "0x0",
        -- "v": "0x18e5bb3abd109f",
        -- "value": "0x1"
      -- }
    -- ],
    -- "transactionsRoot": "0xef011cbfe9ae50e7defe82a8382cc477d1c5f6d6cc41bf9245f201894b3d2923",
    -- "uncles": [],
    -- "withdrawals": [
      -- {
        -- "address": "0x717f8aa2b982bee0e29f573d31df288663e1ce16",
        -- "amount": "0x64",
        -- "index": "0x0",
        -- "validatorIndex": "0x5"
      -- }
    -- ],
    -- "withdrawalsRoot": "0x5e1016697b3b7f7c7ae99708e4482ca5cf920e5dfd971d9a970768f3c5fb6eb4"
  }
}
>>  {"jsonrpc": "2.0", "id": 1, "method": "eth_getBlockByNumber", "params": ["0x35", true]}
<<  {"jsonrpc":"2.0","id":1,"result":{"hash":"0xced7868057d8d421c73d54e58e5c5d70313a1d71ea43910b3fd6cd95f25de17a","parentHash":"0xa9578be0967413b9adc40736fd4ec67d0529b890a81d62102db05e61d6de1897","sha3Uncles":"0x1dcc4de8dec75d7aab85b567b6ccd41ad312451b948a7413f0a142fd40d49347","miner":"0x0000000000000000000000000000000000000000","stateRoot":"0xe3473e8bdb8bca96c93ff10ceaf369e7bbb0c754c36791a9a93c07fab75c662b","transactionsRoot":"0x5332ce6da159c652fc2ff58dd7a2cfc0608419de1c6e2c16445d5b6181c0d789","receiptsRoot":"0x7f83604897d9bcfd7b817d4538c7a3fe7b2030dc969bb956b9cb27d26bea0243","logsBloom":"0x00000000000000000000000000000000000000000000000000000000800000000000000000000000000000000000000000000000000000000001000000000000000000000000000000004000000000000200000000000000000000000000002000000000000000020000000000000000000000000000000020000000000000000000000000000000000000000000000000000000000000000000000000000000000000000000009000000000000000000000000000000000000000000000000000000000000000000000000000000000000000000000000000000000000000000000000000000000000000000000000000000000000000000000000000000000","difficulty":"0x0","number":"0x35","gasLimit":"0xbebc200","gasUsed":"0x17745","timestamp":"0x212","extraData":"0x","mixHash":"0x0000000000000000000000000000000000000000000000000000000000000000","nonce":"0x0000000000000000","baseFeePerGas":"0x62d8fb4","withdrawalsRoot":"0x56e81f171bcc55a6ff8345e692c0f86e5b48e01b996cadc001622fb5e363b421","size":"0x3e5","uncles":[],"transactions":[{"type":"0x1","chainId":"0xc72dd9d5e883e","nonce":"0x77","gasPrice":"0x62d8fb5","gas":"0x186a0","to":"0x7dcd17433742f4c0ca53122ab541d0ba67fc27df","value":"0x2","accessList":[{"address":"0x7dcd17433742f4c0ca53122ab541d0ba67fc27df","storageKeys":["0x0000000000000000000000000000000000000000000000000000000000000000","0xefcb86facadbec33b8779888975eacca8f44a9073a845521617f1fb30e1ac818"]}],"input":"0xac2ee5432174b752656d6974","r":"0xaca638793e2ce6ccbe803bc9238572f89406747d4b680f86d945fa3eeb7070ba","s":"0x4cf217d0c06f4ac6f8bd6bf3b6892a43da1969eb1d60fa667a66392b40d17fc0","yParity":"0x0","v":"0x0","hash":"0xfa647a42263cadb4a65927e749d4383dd38d6fe8f5295102c4bdb9c35d968cc7","blockHash":"0xced7868057d8d421c73d54e58e5c5d70313a1d71ea43910b3fd6cd95f25de17a","blockNumber":"0x35","transactionIndex":"0x0","from":"0x7435ed30a8b4aeb0877cef0c6e8cffe834eb865f","blockTimestamp":"0x212"},{"type":"0x1","chainId":"0xc72dd9d5e883e","nonce":"0x78","gasPrice":"0x62d8fb5","gas":"0x5208","to":"0x4dde844b71bcdf95512fb4dc94e84fb67b512ed8","value":"0x1","accessList":[],"input":"0x","r":"0x746455bab2f1b0641c63246d40feff1a31649cd076dcc2847824c615c897d978","s":"0x4adc2322378493f72c00f1b765b1bef2feab333df5366a3d24763e739da20eaa","yParity":"0x0","v":"0x0","hash":"0x37b18bad0533859eb3c0852c3f7ec1405f6e1f8ace1951ce2e5791bcb896aaea","blockHash":"0xced7868057d8d421c73d54e58e5c5d70313a1d71ea43910b3fd6cd95f25de17a","blockNumber":"0x35","transactionIndex":"0x1","from":"0x7435ed30a8b4aeb0877cef0c6e8cffe834eb865f","blockTimestamp":"0x212"},{"type":"0x2","chainId":"0xc72dd9d5e883e","nonce":"0x79","gas":"0x186a0","maxFeePerGas":"0x62d8fb5","maxPriorityFeePerGas":"0x1","to":"0x9dcd17433742f4c0ca53122ab541d0ba67fc27d3","value":"0x0","accessList":[],"input":"0x01","r":"0xe10d6432c0c1920873441fe657cd8e968f50e63a845a72c72093319440397e10","s":"0x4c184f3625a5f9565b1dfa35d3da1a1eb31848bcc92ee6d4d368170edde10b96","yParity":"0x0","v":"0x0","hash":"0x7ff52ad34eea4593d4b7fc13fc68cf31e6ad3520f764f30c24e77dd363722de5","blockHash":"0xced7868057d8d421c73d54e58e5c5d70313a1d71ea43910b3fd6cd95f25de17a","blockNumber":"0x35","transactionIndex":"0x2","from":"0x7435ed30a8b4aeb0877cef0c6e8cffe834eb865f","gasPrice":"0x62d8fb5","blockTimestamp":"0x212"}],"withdrawals":[]}}
response differs from expected (-- client, ++ test):
{
  "id": 1,
  "jsonrpc": "2.0",
  "result": {
    -- "baseFeePerGas": "0x62d8fb4",
    ++ "capture_only": true,
    -- "difficulty": "0x0",
    -- "extraData": "0x",
    -- "gasLimit": "0xbebc200",
    -- "gasUsed": "0x17745",
    -- "hash": "0xced7868057d8d421c73d54e58e5c5d70313a1d71ea43910b3fd6cd95f25de17a",
    -- "logsBloom": "0x00000000000000000000000000000000000000000000000000000000800000000000000000000000000000000000000000000000000000000001000000000000000000000000000000004000000000000200000000000000000000000000002000000000000000020000000000000000000000000000000020000000000000000000000000000000000000000000000000000000000000000000000000000000000000000000009000000000000000000000000000000000000000000000000000000000000000000000000000000000000000000000000000000000000000000000000000000000000000000000000000000000000000000000000000000000",
    -- "miner": "0x0000000000000000000000000000000000000000",
    -- "mixHash": "0x0000000000000000000000000000000000000000000000000000000000000000",
    -- "nonce": "0x0000000000000000",
    -- "number": "0x35",
    -- "parentHash": "0xa9578be0967413b9adc40736fd4ec67d0529b890a81d62102db05e61d6de1897",
    -- "receiptsRoot": "0x7f83604897d9bcfd7b817d4538c7a3fe7b2030dc969bb956b9cb27d26bea0243",
    -- "sha3Uncles": "0x1dcc4de8dec75d7aab85b567b6ccd41ad312451b948a7413f0a142fd40d49347",
    -- "size": "0x3e5",
    -- "stateRoot": "0xe3473e8bdb8bca96c93ff10ceaf369e7bbb0c754c36791a9a93c07fab75c662b",
    -- "timestamp": "0x212",
    -- "transactions": [
      -- {
        -- "accessList": [
          -- {
            -- "address": "0x7dcd17433742f4c0ca53122ab541d0ba67fc27df",
            -- "storageKeys": [
              -- "0x0000000000000000000000000000000000000000000000000000000000000000",
              -- "0xefcb86facadbec33b8779888975eacca8f44a9073a845521617f1fb30e1ac818"
            -- ]
          -- }
        -- ],
        -- "blockHash": "0xced7868057d8d421c73d54e58e5c5d70313a1d71ea43910b3fd6cd95f25de17a",
        -- "blockNumber": "0x35",
        -- "blockTimestamp": "0x212",
        -- "chainId": "0xc72dd9d5e883e",
        -- "from": "0x7435ed30a8b4aeb0877cef0c6e8cffe834eb865f",
        -- "gas": "0x186a0",
        -- "gasPrice": "0x62d8fb5",
        -- "hash": "0xfa647a42263cadb4a65927e749d4383dd38d6fe8f5295102c4bdb9c35d968cc7",
        -- "input": "0xac2ee5432174b752656d6974",
        -- "nonce": "0x77",
        -- "r": "0xaca638793e2ce6ccbe803bc9238572f89406747d4b680f86d945fa3eeb7070ba",
        -- "s": "0x4cf217d0c06f4ac6f8bd6bf3b6892a43da1969eb1d60fa667a66392b40d17fc0",
        -- "to": "0x7dcd17433742f4c0ca53122ab541d0ba67fc27df",
        -- "transactionIndex": "0x0",
        -- "type": "0x1",
        -- "v": "0x0",
        -- "value": "0x2",
        -- "yParity": "0x0"
      -- },
      -- {
        -- "accessList": [],
        -- "blockHash": "0xced7868057d8d421c73d54e58e5c5d70313a1d71ea43910b3fd6cd95f25de17a",
        -- "blockNumber": "0x35",
        -- "blockTimestamp": "0x212",
        -- "chainId": "0xc72dd9d5e883e",
        -- "from": "0x7435ed30a8b4aeb0877cef0c6e8cffe834eb865f",
        -- "gas": "0x5208",
        -- "gasPrice": "0x62d8fb5",
        -- "hash": "0x37b18bad0533859eb3c0852c3f7ec1405f6e1f8ace1951ce2e5791bcb896aaea",
        -- "input": "0x",
        -- "nonce": "0x78",
        -- "r": "0x746455bab2f1b0641c63246d40feff1a31649cd076dcc2847824c615c897d978",
        -- "s": "0x4adc2322378493f72c00f1b765b1bef2feab333df5366a3d24763e739da20eaa",
        -- "to": "0x4dde844b71bcdf95512fb4dc94e84fb67b512ed8",
        -- "transactionIndex": "0x1",
        -- "type": "0x1",
        -- "v": "0x0",
        -- "value": "0x1",
        -- "yParity": "0x0"
      -- },
      -- {
        -- "accessList": [],
        -- "blockHash": "0xced7868057d8d421c73d54e58e5c5d70313a1d71ea43910b3fd6cd95f25de17a",
        -- "blockNumber": "0x35",
        -- "blockTimestamp": "0x212",
        -- "chainId": "0xc72dd9d5e883e",
        -- "from": "0x7435ed30a8b4aeb0877cef0c6e8cffe834eb865f",
        -- "gas": "0x186a0",
        -- "gasPrice": "0x62d8fb5",
        -- "hash": "0x7ff52ad34eea4593d4b7fc13fc68cf31e6ad3520f764f30c24e77dd363722de5",
        -- "input": "0x01",
        -- "maxFeePerGas": "0x62d8fb5",
        -- "maxPriorityFeePerGas": "0x1",
        -- "nonce": "0x79",
        -- "r": "0xe10d6432c0c1920873441fe657cd8e968f50e63a845a72c72093319440397e10",
        -- "s": "0x4c184f3625a5f9565b1dfa35d3da1a1eb31848bcc92ee6d4d368170edde10b96",
        -- "to": "0x9dcd17433742f4c0ca53122ab541d0ba67fc27d3",
        -- "transactionIndex": "0x2",
        -- "type": "0x2",
        -- "v": "0x0",
        -- "value": "0x0",
        -- "yParity": "0x0"
      -- }
    -- ],
    -- "transactionsRoot": "0x5332ce6da159c652fc2ff58dd7a2cfc0608419de1c6e2c16445d5b6181c0d789",
    -- "uncles": [],
    -- "withdrawals": [],
    -- "withdrawalsRoot": "0x56e81f171bcc55a6ff8345e692c0f86e5b48e01b996cadc001622fb5e363b421"
  }
}
>>  {"jsonrpc": "2.0", "id": 1, "method": "trace_filter", "params": [{"fromBlock": "0x33", "toBlock": "0x33", "toAddress": ["0x717f8aa2b982bee0e29f573d31df288663e1ce16"]}]}
<<  {"jsonrpc":"2.0","id":1,"result":[]}
response differs from expected (-- client, ++ test):
{
  "id": 1,
  "jsonrpc": "2.0",
  "result": -- [] ++ {}
}
>>  {"jsonrpc": "2.0", "id": 1, "method": "trace_filter", "params": [{"fromBlock": "0x34", "toBlock": "0x34", "toAddress": ["0x717f8aa2b982bee0e29f573d31df288663e1ce16"]}]}
<<  {"jsonrpc":"2.0","id":1,"result":[]}
response differs from expected (-- client, ++ test):
{
  "id": 1,
  "jsonrpc": "2.0",
  "result": -- [] ++ {}
}
>>  {"jsonrpc": "2.0", "id": 1, "method": "trace_filter", "params": [{"fromBlock": "0x35", "toBlock": "0x35", "toAddress": ["0x717f8aa2b982bee0e29f573d31df288663e1ce16"]}]}
<<  {"jsonrpc":"2.0","id":1,"result":[]}
response differs from expected (-- client, ++ test):
{
  "id": 1,
  "jsonrpc": "2.0",
  "result": -- [] ++ {}
}
