Sep 24 23:03:36.878 INF building image image=hive/hiveproxy nocache=false pull=false
Sep 24 23:03:37.025 INF building 9 clients...
Sep 24 23:03:37.026 INF building image image=hive/clients/besu_development:latest dir=clients/besu nocache=false pull=false baseimage=trace-interop/besu tag=08ff27ec6642686495169a70672d126ad494b48d3152537529a0628d7841b46c
Sep 24 23:03:37.197 INF building image image=hive/clients/besu_release:latest dir=clients/besu nocache=false pull=false baseimage=trace-interop/besu tag=f3713c713ca4f9e89c09e1478d2a85116ba9ce8343129d709420ba2af009598b
Sep 24 23:03:37.343 INF building image image=hive/clients/erigon_development:latest dir=clients/erigon nocache=false pull=false baseimage=trace-interop/erigon tag=96ed3bf9e6103fa7348e8223f07becfaf1d19b43fb66524f295bdb83e12dbee5
Sep 24 23:03:37.496 INF building image image=hive/clients/erigon_release:latest dir=clients/erigon nocache=false pull=false baseimage=trace-interop/erigon tag=8668d9c5adc01ad1d12aa25380e384079080bdde7e0ce93f11bed422d82ca0ac
Sep 24 23:03:37.628 INF building image image=hive/clients/go-ethereum_trace:latest dir=clients/go-ethereum nocache=false pull=false baseimage=trace-interop/go-ethereum tag=06c86d469c85929160da6503691f9971d03cf659495075282b81f8919c86f97c
Sep 24 23:03:37.793 INF building image image=hive/clients/nethermind_development:latest dir=clients/nethermind nocache=false pull=false baseimage=trace-interop/nethermind tag=9a73261ff8a3adbf940d822db3557cedadd5702cd98862b875d8645f9db6302a
Sep 24 23:03:37.945 INF building image image=hive/clients/nethermind_release:latest dir=clients/nethermind nocache=false pull=false baseimage=trace-interop/nethermind tag=d6b98371fce49848629f4841a9ef2cfc416c90ee187bc82291e97ca77cb108e4
Sep 24 23:03:38.100 INF building image image=hive/clients/reth_development:latest dir=clients/reth nocache=false pull=false baseimage=trace-interop/reth tag=935f179789c1d4fc921c181a4fa21f3262e5d0509061ddbad4398b37db3f33bf
Sep 24 23:03:38.226 INF building image image=hive/clients/reth_release:latest dir=clients/reth nocache=false pull=false baseimage=trace-interop/reth tag=e939dc4a471d9d27224e430f607a954d692ca5037a1350ee2036397d14532ca7
Sep 24 23:03:38.351 INF building 1 simulators...
Sep 24 23:03:38.351 INF building image image=hive/simulators/ethereum/rpc-compat:latest dir=simulators/ethereum/rpc-compat nocache=false pull=false
Sep 24 23:03:38.481 INF creating output directory folder=/home/banteg/dev/trace-adopted-20260924/evidence/2026-09-24/adopted-stances/fee-compat/hive
Sep 24 23:03:38.489 INF running simulation: ethereum/rpc-compat
Sep 24 23:03:38.785 INF hiveproxy started container=d95d84704407 addr=172.17.0.2:8081
Sep 24 23:03:39.093 INF API: suite started suite=0 name=rpc-compat
Sep 24 23:03:39.095 INF API: test started suite=0 test=1 name="client launch (besu_development)"
Sep 24 23:03:47.015 INF API: client besu_development started suite=0 test=1 container=6d0495e4
Sep 24 23:03:47.327 INF API: test started suite=0 test=2 name="interop/_control/empty-balance (besu_development)"
Sep 24 23:03:47.348 INF API: test ended suite=0 test=2 pass=false
Sep 24 23:03:47.349 INF API: test started suite=0 test=3 name="interop/_control/empty-code (besu_development)"
Sep 24 23:03:47.362 INF API: test ended suite=0 test=3 pass=false
Sep 24 23:03:47.363 INF API: test started suite=0 test=4 name="interop/_control/empty-nonce (besu_development)"
Sep 24 23:03:47.375 INF API: test ended suite=0 test=4 pass=false
Sep 24 23:03:47.376 INF API: test started suite=0 test=5 name="interop/_control/head (besu_development)"
Sep 24 23:03:47.391 INF API: test ended suite=0 test=5 pass=false
Sep 24 23:03:47.392 INF API: test started suite=0 test=6 name="interop/_control/latest (besu_development)"
Sep 24 23:03:47.397 INF API: test ended suite=0 test=6 pass=false
Sep 24 23:03:47.398 INF API: test started suite=0 test=7 name="interop/_control/miner-balance (besu_development)"
Sep 24 23:03:47.403 INF API: test ended suite=0 test=7 pass=false
Sep 24 23:03:47.404 INF API: test started suite=0 test=8 name="interop/_control/miner-code (besu_development)"
Sep 24 23:03:47.409 INF API: test ended suite=0 test=8 pass=false
Sep 24 23:03:47.410 INF API: test started suite=0 test=9 name="interop/_control/miner-nonce (besu_development)"
Sep 24 23:03:47.414 INF API: test ended suite=0 test=9 pass=false
Sep 24 23:03:47.414 INF API: test started suite=0 test=10 name="interop/_control/sender-balance (besu_development)"
Sep 24 23:03:47.418 INF API: test ended suite=0 test=10 pass=false
Sep 24 23:03:47.419 INF API: test started suite=0 test=11 name="interop/_control/sender-code (besu_development)"
Sep 24 23:03:47.423 INF API: test ended suite=0 test=11 pass=false
Sep 24 23:03:47.424 INF API: test started suite=0 test=12 name="interop/_control/sender-nonce (besu_development)"
Sep 24 23:03:47.428 INF API: test ended suite=0 test=12 pass=false
Sep 24 23:03:47.429 INF API: test started suite=0 test=13 name="interop/_control/version (besu_development)"
Sep 24 23:03:47.432 INF API: test ended suite=0 test=13 pass=false
Sep 24 23:03:47.433 INF API: test started suite=0 test=14 name="interop/defaults-cap-only-positive/eth (besu_development)"
Sep 24 23:03:47.480 INF API: test ended suite=0 test=14 pass=false
Sep 24 23:03:47.481 INF API: test started suite=0 test=15 name="interop/defaults-cap-only-positive/trace/none (besu_development)"
Sep 24 23:03:47.506 INF API: test ended suite=0 test=15 pass=false
Sep 24 23:03:47.507 INF API: test started suite=0 test=16 name="interop/defaults-cap-only-positive/trace/stateDiff-vmTrace (besu_development)"
Sep 24 23:03:47.541 INF API: test ended suite=0 test=16 pass=false
Sep 24 23:03:47.542 INF API: test started suite=0 test=17 name="interop/defaults-cap-only-positive/trace/stateDiff (besu_development)"
Sep 24 23:03:47.552 INF API: test ended suite=0 test=17 pass=false
Sep 24 23:03:47.553 INF API: test started suite=0 test=18 name="interop/defaults-cap-only-positive/trace/trace-stateDiff-vmTrace (besu_development)"
Sep 24 23:03:47.575 INF API: test ended suite=0 test=18 pass=false
Sep 24 23:03:47.576 INF API: test started suite=0 test=19 name="interop/defaults-cap-only-positive/trace/trace-stateDiff (besu_development)"
Sep 24 23:03:47.587 INF API: test ended suite=0 test=19 pass=false
Sep 24 23:03:47.589 INF API: test started suite=0 test=20 name="interop/defaults-cap-only-positive/trace/trace-vmTrace (besu_development)"
Sep 24 23:03:47.599 INF API: test ended suite=0 test=20 pass=false
Sep 24 23:03:47.600 INF API: test started suite=0 test=21 name="interop/defaults-cap-only-positive/trace/trace (besu_development)"
Sep 24 23:03:47.608 INF API: test ended suite=0 test=21 pass=false
Sep 24 23:03:47.609 INF API: test started suite=0 test=22 name="interop/defaults-cap-only-positive/trace/vmTrace (besu_development)"
Sep 24 23:03:47.617 INF API: test ended suite=0 test=22 pass=false
Sep 24 23:03:47.618 INF API: test started suite=0 test=23 name="interop/defaults-cap-only-zero/eth (besu_development)"
Sep 24 23:03:47.626 INF API: test ended suite=0 test=23 pass=false
Sep 24 23:03:47.627 INF API: test started suite=0 test=24 name="interop/defaults-cap-only-zero/trace/none (besu_development)"
Sep 24 23:03:47.645 INF API: test ended suite=0 test=24 pass=false
Sep 24 23:03:47.646 INF API: test started suite=0 test=25 name="interop/defaults-cap-only-zero/trace/stateDiff-vmTrace (besu_development)"
Sep 24 23:03:47.660 INF API: test ended suite=0 test=25 pass=false
Sep 24 23:03:47.662 INF API: test started suite=0 test=26 name="interop/defaults-cap-only-zero/trace/stateDiff (besu_development)"
Sep 24 23:03:47.674 INF API: test ended suite=0 test=26 pass=false
Sep 24 23:03:47.675 INF API: test started suite=0 test=27 name="interop/defaults-cap-only-zero/trace/trace-stateDiff-vmTrace (besu_development)"
Sep 24 23:03:47.690 INF API: test ended suite=0 test=27 pass=false
Sep 24 23:03:47.691 INF API: test started suite=0 test=28 name="interop/defaults-cap-only-zero/trace/trace-stateDiff (besu_development)"
Sep 24 23:03:47.703 INF API: test ended suite=0 test=28 pass=false
Sep 24 23:03:47.704 INF API: test started suite=0 test=29 name="interop/defaults-cap-only-zero/trace/trace-vmTrace (besu_development)"
Sep 24 23:03:47.720 INF API: test ended suite=0 test=29 pass=false
Sep 24 23:03:47.720 INF API: test started suite=0 test=30 name="interop/defaults-cap-only-zero/trace/trace (besu_development)"
Sep 24 23:03:47.730 INF API: test ended suite=0 test=30 pass=false
Sep 24 23:03:47.731 INF API: test started suite=0 test=31 name="interop/defaults-cap-only-zero/trace/vmTrace (besu_development)"
Sep 24 23:03:47.743 INF API: test ended suite=0 test=31 pass=false
Sep 24 23:03:47.744 INF API: test started suite=0 test=32 name="interop/defaults-omitted/eth (besu_development)"
Sep 24 23:03:47.749 INF API: test ended suite=0 test=32 pass=false
Sep 24 23:03:47.750 INF API: test started suite=0 test=33 name="interop/defaults-omitted/trace/none (besu_development)"
Sep 24 23:03:47.757 INF API: test ended suite=0 test=33 pass=false
Sep 24 23:03:47.757 INF API: test started suite=0 test=34 name="interop/defaults-omitted/trace/stateDiff-vmTrace (besu_development)"
Sep 24 23:03:47.769 INF API: test ended suite=0 test=34 pass=false
Sep 24 23:03:47.770 INF API: test started suite=0 test=35 name="interop/defaults-omitted/trace/stateDiff (besu_development)"
Sep 24 23:03:47.777 INF API: test ended suite=0 test=35 pass=false
Sep 24 23:03:47.778 INF API: test started suite=0 test=36 name="interop/defaults-omitted/trace/trace-stateDiff-vmTrace (besu_development)"
Sep 24 23:03:47.787 INF API: test ended suite=0 test=36 pass=false
Sep 24 23:03:47.788 INF API: test started suite=0 test=37 name="interop/defaults-omitted/trace/trace-stateDiff (besu_development)"
Sep 24 23:03:47.797 INF API: test ended suite=0 test=37 pass=false
Sep 24 23:03:47.798 INF API: test started suite=0 test=38 name="interop/defaults-omitted/trace/trace-vmTrace (besu_development)"
Sep 24 23:03:47.806 INF API: test ended suite=0 test=38 pass=false
Sep 24 23:03:47.807 INF API: test started suite=0 test=39 name="interop/defaults-omitted/trace/trace (besu_development)"
Sep 24 23:03:47.813 INF API: test ended suite=0 test=39 pass=false
Sep 24 23:03:47.814 INF API: test started suite=0 test=40 name="interop/defaults-omitted/trace/vmTrace (besu_development)"
Sep 24 23:03:47.821 INF API: test ended suite=0 test=40 pass=false
Sep 24 23:03:47.822 INF API: test started suite=0 test=41 name="interop/defaults-tip-only-positive/eth (besu_development)"
Sep 24 23:03:47.827 INF API: test ended suite=0 test=41 pass=false
Sep 24 23:03:47.828 INF API: test started suite=0 test=42 name="interop/defaults-tip-only-positive/trace/none (besu_development)"
Sep 24 23:03:47.841 INF API: test ended suite=0 test=42 pass=false
Sep 24 23:03:47.842 INF API: test started suite=0 test=43 name="interop/defaults-tip-only-positive/trace/stateDiff-vmTrace (besu_development)"
Sep 24 23:03:47.852 INF API: test ended suite=0 test=43 pass=false
Sep 24 23:03:47.853 INF API: test started suite=0 test=44 name="interop/defaults-tip-only-positive/trace/stateDiff (besu_development)"
Sep 24 23:03:47.863 INF API: test ended suite=0 test=44 pass=false
Sep 24 23:03:47.864 INF API: test started suite=0 test=45 name="interop/defaults-tip-only-positive/trace/trace-stateDiff-vmTrace (besu_development)"
Sep 24 23:03:47.874 INF API: test ended suite=0 test=45 pass=false
Sep 24 23:03:47.875 INF API: test started suite=0 test=46 name="interop/defaults-tip-only-positive/trace/trace-stateDiff (besu_development)"
Sep 24 23:03:47.881 INF API: test ended suite=0 test=46 pass=false
Sep 24 23:03:47.882 INF API: test started suite=0 test=47 name="interop/defaults-tip-only-positive/trace/trace-vmTrace (besu_development)"
Sep 24 23:03:47.896 INF API: test ended suite=0 test=47 pass=false
Sep 24 23:03:47.897 INF API: test started suite=0 test=48 name="interop/defaults-tip-only-positive/trace/trace (besu_development)"
Sep 24 23:03:47.907 INF API: test ended suite=0 test=48 pass=false
Sep 24 23:03:47.908 INF API: test started suite=0 test=49 name="interop/defaults-tip-only-positive/trace/vmTrace (besu_development)"
Sep 24 23:03:47.921 INF API: test ended suite=0 test=49 pass=false
Sep 24 23:03:47.922 INF API: test started suite=0 test=50 name="interop/defaults-tip-only-zero/eth (besu_development)"
Sep 24 23:03:47.928 INF API: test ended suite=0 test=50 pass=false
Sep 24 23:03:47.929 INF API: test started suite=0 test=51 name="interop/defaults-tip-only-zero/trace/none (besu_development)"
Sep 24 23:03:47.942 INF API: test ended suite=0 test=51 pass=false
Sep 24 23:03:47.943 INF API: test started suite=0 test=52 name="interop/defaults-tip-only-zero/trace/stateDiff-vmTrace (besu_development)"
Sep 24 23:03:47.959 INF API: test ended suite=0 test=52 pass=false
Sep 24 23:03:47.960 INF API: test started suite=0 test=53 name="interop/defaults-tip-only-zero/trace/stateDiff (besu_development)"
Sep 24 23:03:47.970 INF API: test ended suite=0 test=53 pass=false
Sep 24 23:03:47.971 INF API: test started suite=0 test=54 name="interop/defaults-tip-only-zero/trace/trace-stateDiff-vmTrace (besu_development)"
Sep 24 23:03:47.987 INF API: test ended suite=0 test=54 pass=false
Sep 24 23:03:47.988 INF API: test started suite=0 test=55 name="interop/defaults-tip-only-zero/trace/trace-stateDiff (besu_development)"
Sep 24 23:03:48.003 INF API: test ended suite=0 test=55 pass=false
Sep 24 23:03:48.004 INF API: test started suite=0 test=56 name="interop/defaults-tip-only-zero/trace/trace-vmTrace (besu_development)"
Sep 24 23:03:48.017 INF API: test ended suite=0 test=56 pass=false
Sep 24 23:03:48.018 INF API: test started suite=0 test=57 name="interop/defaults-tip-only-zero/trace/trace (besu_development)"
Sep 24 23:03:48.028 INF API: test ended suite=0 test=57 pass=false
Sep 24 23:03:48.029 INF API: test started suite=0 test=58 name="interop/defaults-tip-only-zero/trace/vmTrace (besu_development)"
Sep 24 23:03:48.040 INF API: test ended suite=0 test=58 pass=false
Sep 24 23:03:48.041 INF API: test started suite=0 test=59 name="interop/empty-sender-free/eth (besu_development)"
Sep 24 23:03:48.047 INF API: test ended suite=0 test=59 pass=false
Sep 24 23:03:48.048 INF API: test started suite=0 test=60 name="interop/empty-sender-free/trace/none (besu_development)"
Sep 24 23:03:48.061 INF API: test ended suite=0 test=60 pass=false
Sep 24 23:03:48.063 INF API: test started suite=0 test=61 name="interop/empty-sender-free/trace/stateDiff-vmTrace (besu_development)"
Sep 24 23:03:48.072 INF API: test ended suite=0 test=61 pass=false
Sep 24 23:03:48.073 INF API: test started suite=0 test=62 name="interop/empty-sender-free/trace/stateDiff (besu_development)"
Sep 24 23:03:48.088 INF API: test ended suite=0 test=62 pass=false
Sep 24 23:03:48.089 INF API: test started suite=0 test=63 name="interop/empty-sender-free/trace/trace-stateDiff-vmTrace (besu_development)"
Sep 24 23:03:48.101 INF API: test ended suite=0 test=63 pass=false
Sep 24 23:03:48.102 INF API: test started suite=0 test=64 name="interop/empty-sender-free/trace/trace-stateDiff (besu_development)"
Sep 24 23:03:48.118 INF API: test ended suite=0 test=64 pass=false
Sep 24 23:03:48.119 INF API: test started suite=0 test=65 name="interop/empty-sender-free/trace/trace-vmTrace (besu_development)"
Sep 24 23:03:48.129 INF API: test ended suite=0 test=65 pass=false
Sep 24 23:03:48.130 INF API: test started suite=0 test=66 name="interop/empty-sender-free/trace/trace (besu_development)"
Sep 24 23:03:48.140 INF API: test ended suite=0 test=66 pass=false
Sep 24 23:03:48.141 INF API: test started suite=0 test=67 name="interop/empty-sender-free/trace/vmTrace (besu_development)"
Sep 24 23:03:48.152 INF API: test ended suite=0 test=67 pass=false
Sep 24 23:03:48.153 INF API: test started suite=0 test=68 name="interop/empty-sender-priced/eth (besu_development)"
Sep 24 23:03:48.158 INF API: test ended suite=0 test=68 pass=false
Sep 24 23:03:48.159 INF API: test started suite=0 test=69 name="interop/empty-sender-priced/trace/none (besu_development)"
Sep 24 23:03:48.168 INF API: test ended suite=0 test=69 pass=false
Sep 24 23:03:48.169 INF API: test started suite=0 test=70 name="interop/empty-sender-priced/trace/stateDiff-vmTrace (besu_development)"
Sep 24 23:03:48.184 INF API: test ended suite=0 test=70 pass=false
Sep 24 23:03:48.185 INF API: test started suite=0 test=71 name="interop/empty-sender-priced/trace/stateDiff (besu_development)"
Sep 24 23:03:48.199 INF API: test ended suite=0 test=71 pass=false
Sep 24 23:03:48.200 INF API: test started suite=0 test=72 name="interop/empty-sender-priced/trace/trace-stateDiff-vmTrace (besu_development)"
Sep 24 23:03:48.210 INF API: test ended suite=0 test=72 pass=false
Sep 24 23:03:48.211 INF API: test started suite=0 test=73 name="interop/empty-sender-priced/trace/trace-stateDiff (besu_development)"
Sep 24 23:03:48.222 INF API: test ended suite=0 test=73 pass=false
Sep 24 23:03:48.223 INF API: test started suite=0 test=74 name="interop/empty-sender-priced/trace/trace-vmTrace (besu_development)"
Sep 24 23:03:48.232 INF API: test ended suite=0 test=74 pass=false
Sep 24 23:03:48.233 INF API: test started suite=0 test=75 name="interop/empty-sender-priced/trace/trace (besu_development)"
Sep 24 23:03:48.243 INF API: test ended suite=0 test=75 pass=false
Sep 24 23:03:48.244 INF API: test started suite=0 test=76 name="interop/empty-sender-priced/trace/vmTrace (besu_development)"
Sep 24 23:03:48.254 INF API: test ended suite=0 test=76 pass=false
Sep 24 23:03:48.255 INF API: test started suite=0 test=77 name="interop/funding-free-exact/eth (besu_development)"
Sep 24 23:03:48.261 INF API: test ended suite=0 test=77 pass=false
Sep 24 23:03:48.262 INF API: test started suite=0 test=78 name="interop/funding-free-exact/trace/none (besu_development)"
Sep 24 23:03:48.276 INF API: test ended suite=0 test=78 pass=false
Sep 24 23:03:48.277 INF API: test started suite=0 test=79 name="interop/funding-free-exact/trace/stateDiff-vmTrace (besu_development)"
Sep 24 23:03:48.289 INF API: test ended suite=0 test=79 pass=false
Sep 24 23:03:48.291 INF API: test started suite=0 test=80 name="interop/funding-free-exact/trace/stateDiff (besu_development)"
Sep 24 23:03:48.301 INF API: test ended suite=0 test=80 pass=false
Sep 24 23:03:48.302 INF API: test started suite=0 test=81 name="interop/funding-free-exact/trace/trace-stateDiff-vmTrace (besu_development)"
Sep 24 23:03:48.312 INF API: test ended suite=0 test=81 pass=false
Sep 24 23:03:48.312 INF API: test started suite=0 test=82 name="interop/funding-free-exact/trace/trace-stateDiff (besu_development)"
Sep 24 23:03:48.322 INF API: test ended suite=0 test=82 pass=false
Sep 24 23:03:48.323 INF API: test started suite=0 test=83 name="interop/funding-free-exact/trace/trace-vmTrace (besu_development)"
Sep 24 23:03:48.334 INF API: test ended suite=0 test=83 pass=false
Sep 24 23:03:48.334 INF API: test started suite=0 test=84 name="interop/funding-free-exact/trace/trace (besu_development)"
Sep 24 23:03:48.344 INF API: test ended suite=0 test=84 pass=false
Sep 24 23:03:48.345 INF API: test started suite=0 test=85 name="interop/funding-free-exact/trace/vmTrace (besu_development)"
Sep 24 23:03:48.356 INF API: test ended suite=0 test=85 pass=false
Sep 24 23:03:48.357 INF API: test started suite=0 test=86 name="interop/funding-free-short/eth (besu_development)"
Sep 24 23:03:48.362 INF API: test ended suite=0 test=86 pass=false
Sep 24 23:03:48.362 INF API: test started suite=0 test=87 name="interop/funding-free-short/trace/none (besu_development)"
Sep 24 23:03:48.374 INF API: test ended suite=0 test=87 pass=false
Sep 24 23:03:48.375 INF API: test started suite=0 test=88 name="interop/funding-free-short/trace/stateDiff-vmTrace (besu_development)"
Sep 24 23:03:48.385 INF API: test ended suite=0 test=88 pass=false
Sep 24 23:03:48.386 INF API: test started suite=0 test=89 name="interop/funding-free-short/trace/stateDiff (besu_development)"
Sep 24 23:03:48.396 INF API: test ended suite=0 test=89 pass=false
Sep 24 23:03:48.397 INF API: test started suite=0 test=90 name="interop/funding-free-short/trace/trace-stateDiff-vmTrace (besu_development)"
Sep 24 23:03:48.407 INF API: test ended suite=0 test=90 pass=false
Sep 24 23:03:48.408 INF API: test started suite=0 test=91 name="interop/funding-free-short/trace/trace-stateDiff (besu_development)"
Sep 24 23:03:48.418 INF API: test ended suite=0 test=91 pass=false
Sep 24 23:03:48.419 INF API: test started suite=0 test=92 name="interop/funding-free-short/trace/trace-vmTrace (besu_development)"
Sep 24 23:03:48.429 INF API: test ended suite=0 test=92 pass=false
Sep 24 23:03:48.430 INF API: test started suite=0 test=93 name="interop/funding-free-short/trace/trace (besu_development)"
Sep 24 23:03:48.440 INF API: test ended suite=0 test=93 pass=false
Sep 24 23:03:48.441 INF API: test started suite=0 test=94 name="interop/funding-free-short/trace/vmTrace (besu_development)"
Sep 24 23:03:48.453 INF API: test ended suite=0 test=94 pass=false
Sep 24 23:03:48.454 INF API: test started suite=0 test=95 name="interop/funding-legacy-exact/eth (besu_development)"
Sep 24 23:03:48.458 INF API: test ended suite=0 test=95 pass=false
Sep 24 23:03:48.459 INF API: test started suite=0 test=96 name="interop/funding-legacy-exact/trace/none (besu_development)"
Sep 24 23:03:48.463 INF API: test ended suite=0 test=96 pass=false
Sep 24 23:03:48.464 INF API: test started suite=0 test=97 name="interop/funding-legacy-exact/trace/stateDiff-vmTrace (besu_development)"
Sep 24 23:03:48.472 INF API: test ended suite=0 test=97 pass=false
Sep 24 23:03:48.473 INF API: test started suite=0 test=98 name="interop/funding-legacy-exact/trace/stateDiff (besu_development)"
Sep 24 23:03:48.478 INF API: test ended suite=0 test=98 pass=false
Sep 24 23:03:48.479 INF API: test started suite=0 test=99 name="interop/funding-legacy-exact/trace/trace-stateDiff-vmTrace (besu_development)"
Sep 24 23:03:48.487 INF API: test ended suite=0 test=99 pass=false
Sep 24 23:03:48.488 INF API: test started suite=0 test=100 name="interop/funding-legacy-exact/trace/trace-stateDiff (besu_development)"
Sep 24 23:03:48.494 INF API: test ended suite=0 test=100 pass=false
Sep 24 23:03:48.495 INF API: test started suite=0 test=101 name="interop/funding-legacy-exact/trace/trace-vmTrace (besu_development)"
Sep 24 23:03:48.502 INF API: test ended suite=0 test=101 pass=false
Sep 24 23:03:48.503 INF API: test started suite=0 test=102 name="interop/funding-legacy-exact/trace/trace (besu_development)"
Sep 24 23:03:48.509 INF API: test ended suite=0 test=102 pass=false
Sep 24 23:03:48.510 INF API: test started suite=0 test=103 name="interop/funding-legacy-exact/trace/vmTrace (besu_development)"
Sep 24 23:03:48.516 INF API: test ended suite=0 test=103 pass=false
Sep 24 23:03:48.517 INF API: test started suite=0 test=104 name="interop/funding-legacy-short/eth (besu_development)"
Sep 24 23:03:48.521 INF API: test ended suite=0 test=104 pass=false
Sep 24 23:03:48.522 INF API: test started suite=0 test=105 name="interop/funding-legacy-short/trace/none (besu_development)"
Sep 24 23:03:48.544 INF API: test ended suite=0 test=105 pass=false
Sep 24 23:03:48.545 INF API: test started suite=0 test=106 name="interop/funding-legacy-short/trace/stateDiff-vmTrace (besu_development)"
Sep 24 23:03:48.548 INF API: test ended suite=0 test=106 pass=false
Sep 24 23:03:48.549 INF API: test started suite=0 test=107 name="interop/funding-legacy-short/trace/stateDiff (besu_development)"
Sep 24 23:03:48.553 INF API: test ended suite=0 test=107 pass=false
Sep 24 23:03:48.553 INF API: test started suite=0 test=108 name="interop/funding-legacy-short/trace/trace-stateDiff-vmTrace (besu_development)"
Sep 24 23:03:48.558 INF API: test ended suite=0 test=108 pass=false
Sep 24 23:03:48.559 INF API: test started suite=0 test=109 name="interop/funding-legacy-short/trace/trace-stateDiff (besu_development)"
Sep 24 23:03:48.563 INF API: test ended suite=0 test=109 pass=false
Sep 24 23:03:48.564 INF API: test started suite=0 test=110 name="interop/funding-legacy-short/trace/trace-vmTrace (besu_development)"
Sep 24 23:03:48.568 INF API: test ended suite=0 test=110 pass=false
Sep 24 23:03:48.569 INF API: test started suite=0 test=111 name="interop/funding-legacy-short/trace/trace (besu_development)"
Sep 24 23:03:48.573 INF API: test ended suite=0 test=111 pass=false
Sep 24 23:03:48.574 INF API: test started suite=0 test=112 name="interop/funding-legacy-short/trace/vmTrace (besu_development)"
Sep 24 23:03:48.577 INF API: test ended suite=0 test=112 pass=false
Sep 24 23:03:48.578 INF API: test started suite=0 test=113 name="interop/funding-typed-effective-only/eth (besu_development)"
Sep 24 23:03:48.582 INF API: test ended suite=0 test=113 pass=false
Sep 24 23:03:48.583 INF API: test started suite=0 test=114 name="interop/funding-typed-effective-only/trace/none (besu_development)"
Sep 24 23:03:48.587 INF API: test ended suite=0 test=114 pass=false
Sep 24 23:03:48.588 INF API: test started suite=0 test=115 name="interop/funding-typed-effective-only/trace/stateDiff-vmTrace (besu_development)"
Sep 24 23:03:48.591 INF API: test ended suite=0 test=115 pass=false
Sep 24 23:03:48.592 INF API: test started suite=0 test=116 name="interop/funding-typed-effective-only/trace/stateDiff (besu_development)"
Sep 24 23:03:48.597 INF API: test ended suite=0 test=116 pass=false
Sep 24 23:03:48.598 INF API: test started suite=0 test=117 name="interop/funding-typed-effective-only/trace/trace-stateDiff-vmTrace (besu_development)"
Sep 24 23:03:48.603 INF API: test ended suite=0 test=117 pass=false
Sep 24 23:03:48.604 INF API: test started suite=0 test=118 name="interop/funding-typed-effective-only/trace/trace-stateDiff (besu_development)"
Sep 24 23:03:48.608 INF API: test ended suite=0 test=118 pass=false
Sep 24 23:03:48.609 INF API: test started suite=0 test=119 name="interop/funding-typed-effective-only/trace/trace-vmTrace (besu_development)"
Sep 24 23:03:48.613 INF API: test ended suite=0 test=119 pass=false
Sep 24 23:03:48.614 INF API: test started suite=0 test=120 name="interop/funding-typed-effective-only/trace/trace (besu_development)"
Sep 24 23:03:48.618 INF API: test ended suite=0 test=120 pass=false
Sep 24 23:03:48.619 INF API: test started suite=0 test=121 name="interop/funding-typed-effective-only/trace/vmTrace (besu_development)"
Sep 24 23:03:48.624 INF API: test ended suite=0 test=121 pass=false
Sep 24 23:03:48.625 INF API: test started suite=0 test=122 name="interop/funding-typed-exact/eth (besu_development)"
Sep 24 23:03:48.630 INF API: test ended suite=0 test=122 pass=false
Sep 24 23:03:48.631 INF API: test started suite=0 test=123 name="interop/funding-typed-exact/trace/none (besu_development)"
Sep 24 23:03:48.637 INF API: test ended suite=0 test=123 pass=false
Sep 24 23:03:48.637 INF API: test started suite=0 test=124 name="interop/funding-typed-exact/trace/stateDiff-vmTrace (besu_development)"
Sep 24 23:03:48.644 INF API: test ended suite=0 test=124 pass=false
Sep 24 23:03:48.644 INF API: test started suite=0 test=125 name="interop/funding-typed-exact/trace/stateDiff (besu_development)"
Sep 24 23:03:48.649 INF API: test ended suite=0 test=125 pass=false
Sep 24 23:03:48.650 INF API: test started suite=0 test=126 name="interop/funding-typed-exact/trace/trace-stateDiff-vmTrace (besu_development)"
Sep 24 23:03:48.658 INF API: test ended suite=0 test=126 pass=false
Sep 24 23:03:48.659 INF API: test started suite=0 test=127 name="interop/funding-typed-exact/trace/trace-stateDiff (besu_development)"
Sep 24 23:03:48.666 INF API: test ended suite=0 test=127 pass=false
Sep 24 23:03:48.667 INF API: test started suite=0 test=128 name="interop/funding-typed-exact/trace/trace-vmTrace (besu_development)"
Sep 24 23:03:48.675 INF API: test ended suite=0 test=128 pass=false
Sep 24 23:03:48.676 INF API: test started suite=0 test=129 name="interop/funding-typed-exact/trace/trace (besu_development)"
Sep 24 23:03:48.681 INF API: test ended suite=0 test=129 pass=false
Sep 24 23:03:48.682 INF API: test started suite=0 test=130 name="interop/funding-typed-exact/trace/vmTrace (besu_development)"
Sep 24 23:03:48.687 INF API: test ended suite=0 test=130 pass=false
Sep 24 23:03:48.688 INF API: test started suite=0 test=131 name="interop/funding-typed-free-exact/eth (besu_development)"
Sep 24 23:03:48.692 INF API: test ended suite=0 test=131 pass=false
Sep 24 23:03:48.694 INF API: test started suite=0 test=132 name="interop/funding-typed-free-exact/trace/none (besu_development)"
Sep 24 23:03:48.698 INF API: test ended suite=0 test=132 pass=false
Sep 24 23:03:48.699 INF API: test started suite=0 test=133 name="interop/funding-typed-free-exact/trace/stateDiff-vmTrace (besu_development)"
Sep 24 23:03:48.705 INF API: test ended suite=0 test=133 pass=false
Sep 24 23:03:48.706 INF API: test started suite=0 test=134 name="interop/funding-typed-free-exact/trace/stateDiff (besu_development)"
Sep 24 23:03:48.709 INF API: test ended suite=0 test=134 pass=false
Sep 24 23:03:48.710 INF API: test started suite=0 test=135 name="interop/funding-typed-free-exact/trace/trace-stateDiff-vmTrace (besu_development)"
Sep 24 23:03:48.714 INF API: test ended suite=0 test=135 pass=false
Sep 24 23:03:48.715 INF API: test started suite=0 test=136 name="interop/funding-typed-free-exact/trace/trace-stateDiff (besu_development)"
Sep 24 23:03:48.719 INF API: test ended suite=0 test=136 pass=false
Sep 24 23:03:48.719 INF API: test started suite=0 test=137 name="interop/funding-typed-free-exact/trace/trace-vmTrace (besu_development)"
Sep 24 23:03:48.724 INF API: test ended suite=0 test=137 pass=false
Sep 24 23:03:48.725 INF API: test started suite=0 test=138 name="interop/funding-typed-free-exact/trace/trace (besu_development)"
Sep 24 23:03:48.729 INF API: test ended suite=0 test=138 pass=false
Sep 24 23:03:48.730 INF API: test started suite=0 test=139 name="interop/funding-typed-free-exact/trace/vmTrace (besu_development)"
Sep 24 23:03:48.733 INF API: test ended suite=0 test=139 pass=false
Sep 24 23:03:48.734 INF API: test started suite=0 test=140 name="interop/funding-typed-free-short/eth (besu_development)"
Sep 24 23:03:48.738 INF API: test ended suite=0 test=140 pass=false
Sep 24 23:03:48.739 INF API: test started suite=0 test=141 name="interop/funding-typed-free-short/trace/none (besu_development)"
Sep 24 23:03:48.745 INF API: test ended suite=0 test=141 pass=false
Sep 24 23:03:48.746 INF API: test started suite=0 test=142 name="interop/funding-typed-free-short/trace/stateDiff-vmTrace (besu_development)"
Sep 24 23:03:48.750 INF API: test ended suite=0 test=142 pass=false
Sep 24 23:03:48.750 INF API: test started suite=0 test=143 name="interop/funding-typed-free-short/trace/stateDiff (besu_development)"
Sep 24 23:03:48.754 INF API: test ended suite=0 test=143 pass=false
Sep 24 23:03:48.755 INF API: test started suite=0 test=144 name="interop/funding-typed-free-short/trace/trace-stateDiff-vmTrace (besu_development)"
Sep 24 23:03:48.758 INF API: test ended suite=0 test=144 pass=false
Sep 24 23:03:48.759 INF API: test started suite=0 test=145 name="interop/funding-typed-free-short/trace/trace-stateDiff (besu_development)"
Sep 24 23:03:48.764 INF API: test ended suite=0 test=145 pass=false
Sep 24 23:03:48.765 INF API: test started suite=0 test=146 name="interop/funding-typed-free-short/trace/trace-vmTrace (besu_development)"
Sep 24 23:03:48.769 INF API: test ended suite=0 test=146 pass=false
Sep 24 23:03:48.770 INF API: test started suite=0 test=147 name="interop/funding-typed-free-short/trace/trace (besu_development)"
Sep 24 23:03:48.774 INF API: test ended suite=0 test=147 pass=false
Sep 24 23:03:48.775 INF API: test started suite=0 test=148 name="interop/funding-typed-free-short/trace/vmTrace (besu_development)"
Sep 24 23:03:48.778 INF API: test ended suite=0 test=148 pass=false
Sep 24 23:03:48.779 INF API: test started suite=0 test=149 name="interop/funding-typed-short/eth (besu_development)"
Sep 24 23:03:48.783 INF API: test ended suite=0 test=149 pass=false
Sep 24 23:03:48.783 INF API: test started suite=0 test=150 name="interop/funding-typed-short/trace/none (besu_development)"
Sep 24 23:03:48.787 INF API: test ended suite=0 test=150 pass=false
Sep 24 23:03:48.788 INF API: test started suite=0 test=151 name="interop/funding-typed-short/trace/stateDiff-vmTrace (besu_development)"
Sep 24 23:03:48.791 INF API: test ended suite=0 test=151 pass=false
Sep 24 23:03:48.792 INF API: test started suite=0 test=152 name="interop/funding-typed-short/trace/stateDiff (besu_development)"
Sep 24 23:03:48.795 INF API: test ended suite=0 test=152 pass=false
Sep 24 23:03:48.796 INF API: test started suite=0 test=153 name="interop/funding-typed-short/trace/trace-stateDiff-vmTrace (besu_development)"
Sep 24 23:03:48.800 INF API: test ended suite=0 test=153 pass=false
Sep 24 23:03:48.801 INF API: test started suite=0 test=154 name="interop/funding-typed-short/trace/trace-stateDiff (besu_development)"
Sep 24 23:03:48.805 INF API: test ended suite=0 test=154 pass=false
Sep 24 23:03:48.806 INF API: test started suite=0 test=155 name="interop/funding-typed-short/trace/trace-vmTrace (besu_development)"
Sep 24 23:03:48.809 INF API: test ended suite=0 test=155 pass=false
Sep 24 23:03:48.810 INF API: test started suite=0 test=156 name="interop/funding-typed-short/trace/trace (besu_development)"
Sep 24 23:03:48.813 INF API: test ended suite=0 test=156 pass=false
Sep 24 23:03:48.814 INF API: test started suite=0 test=157 name="interop/funding-typed-short/trace/vmTrace (besu_development)"
Sep 24 23:03:48.818 INF API: test ended suite=0 test=157 pass=false
Sep 24 23:03:48.819 INF API: test started suite=0 test=158 name="interop/legacy-above-base/eth (besu_development)"
Sep 24 23:03:48.822 INF API: test ended suite=0 test=158 pass=false
Sep 24 23:03:48.823 INF API: test started suite=0 test=159 name="interop/legacy-above-base/trace/none (besu_development)"
Sep 24 23:03:48.826 INF API: test ended suite=0 test=159 pass=false
Sep 24 23:03:48.827 INF API: test started suite=0 test=160 name="interop/legacy-above-base/trace/stateDiff-vmTrace (besu_development)"
Sep 24 23:03:48.832 INF API: test ended suite=0 test=160 pass=false
Sep 24 23:03:48.833 INF API: test started suite=0 test=161 name="interop/legacy-above-base/trace/stateDiff (besu_development)"
Sep 24 23:03:48.838 INF API: test ended suite=0 test=161 pass=false
Sep 24 23:03:48.839 INF API: test started suite=0 test=162 name="interop/legacy-above-base/trace/trace-stateDiff-vmTrace (besu_development)"
Sep 24 23:03:48.844 INF API: test ended suite=0 test=162 pass=false
Sep 24 23:03:48.845 INF API: test started suite=0 test=163 name="interop/legacy-above-base/trace/trace-stateDiff (besu_development)"
Sep 24 23:03:48.850 INF API: test ended suite=0 test=163 pass=false
Sep 24 23:03:48.851 INF API: test started suite=0 test=164 name="interop/legacy-above-base/trace/trace-vmTrace (besu_development)"
Sep 24 23:03:48.855 INF API: test ended suite=0 test=164 pass=false
Sep 24 23:03:48.856 INF API: test started suite=0 test=165 name="interop/legacy-above-base/trace/trace (besu_development)"
Sep 24 23:03:48.860 INF API: test ended suite=0 test=165 pass=false
Sep 24 23:03:48.861 INF API: test started suite=0 test=166 name="interop/legacy-above-base/trace/vmTrace (besu_development)"
Sep 24 23:03:48.867 INF API: test ended suite=0 test=166 pass=false
Sep 24 23:03:48.868 INF API: test started suite=0 test=167 name="interop/legacy-at-base/eth (besu_development)"
Sep 24 23:03:48.871 INF API: test ended suite=0 test=167 pass=false
Sep 24 23:03:48.872 INF API: test started suite=0 test=168 name="interop/legacy-at-base/trace/none (besu_development)"
Sep 24 23:03:48.876 INF API: test ended suite=0 test=168 pass=false
Sep 24 23:03:48.877 INF API: test started suite=0 test=169 name="interop/legacy-at-base/trace/stateDiff-vmTrace (besu_development)"
Sep 24 23:03:48.882 INF API: test ended suite=0 test=169 pass=false
Sep 24 23:03:48.883 INF API: test started suite=0 test=170 name="interop/legacy-at-base/trace/stateDiff (besu_development)"
Sep 24 23:03:48.887 INF API: test ended suite=0 test=170 pass=false
Sep 24 23:03:48.888 INF API: test started suite=0 test=171 name="interop/legacy-at-base/trace/trace-stateDiff-vmTrace (besu_development)"
Sep 24 23:03:48.894 INF API: test ended suite=0 test=171 pass=false
Sep 24 23:03:48.895 INF API: test started suite=0 test=172 name="interop/legacy-at-base/trace/trace-stateDiff (besu_development)"
Sep 24 23:03:48.900 INF API: test ended suite=0 test=172 pass=false
Sep 24 23:03:48.901 INF API: test started suite=0 test=173 name="interop/legacy-at-base/trace/trace-vmTrace (besu_development)"
Sep 24 23:03:48.907 INF API: test ended suite=0 test=173 pass=false
Sep 24 23:03:48.907 INF API: test started suite=0 test=174 name="interop/legacy-at-base/trace/trace (besu_development)"
Sep 24 23:03:48.912 INF API: test ended suite=0 test=174 pass=false
Sep 24 23:03:48.913 INF API: test started suite=0 test=175 name="interop/legacy-at-base/trace/vmTrace (besu_development)"
Sep 24 23:03:48.918 INF API: test ended suite=0 test=175 pass=false
Sep 24 23:03:48.919 INF API: test started suite=0 test=176 name="interop/legacy-below-base/eth (besu_development)"
Sep 24 23:03:48.921 INF API: test ended suite=0 test=176 pass=false
Sep 24 23:03:48.922 INF API: test started suite=0 test=177 name="interop/legacy-below-base/trace/none (besu_development)"
Sep 24 23:03:48.925 INF API: test ended suite=0 test=177 pass=false
Sep 24 23:03:48.925 INF API: test started suite=0 test=178 name="interop/legacy-below-base/trace/stateDiff-vmTrace (besu_development)"
Sep 24 23:03:48.928 INF API: test ended suite=0 test=178 pass=false
Sep 24 23:03:48.929 INF API: test started suite=0 test=179 name="interop/legacy-below-base/trace/stateDiff (besu_development)"
Sep 24 23:03:48.932 INF API: test ended suite=0 test=179 pass=false
Sep 24 23:03:48.932 INF API: test started suite=0 test=180 name="interop/legacy-below-base/trace/trace-stateDiff-vmTrace (besu_development)"
Sep 24 23:03:48.935 INF API: test ended suite=0 test=180 pass=false
Sep 24 23:03:48.936 INF API: test started suite=0 test=181 name="interop/legacy-below-base/trace/trace-stateDiff (besu_development)"
Sep 24 23:03:48.940 INF API: test ended suite=0 test=181 pass=false
Sep 24 23:03:48.940 INF API: test started suite=0 test=182 name="interop/legacy-below-base/trace/trace-vmTrace (besu_development)"
Sep 24 23:03:48.944 INF API: test ended suite=0 test=182 pass=false
Sep 24 23:03:48.945 INF API: test started suite=0 test=183 name="interop/legacy-below-base/trace/trace (besu_development)"
Sep 24 23:03:48.947 INF API: test ended suite=0 test=183 pass=false
Sep 24 23:03:48.948 INF API: test started suite=0 test=184 name="interop/legacy-below-base/trace/vmTrace (besu_development)"
Sep 24 23:03:48.951 INF API: test ended suite=0 test=184 pass=false
Sep 24 23:03:48.952 INF API: test started suite=0 test=185 name="interop/legacy-one/eth (besu_development)"
Sep 24 23:03:48.955 INF API: test ended suite=0 test=185 pass=false
Sep 24 23:03:48.956 INF API: test started suite=0 test=186 name="interop/legacy-one/trace/none (besu_development)"
Sep 24 23:03:48.960 INF API: test ended suite=0 test=186 pass=false
Sep 24 23:03:48.961 INF API: test started suite=0 test=187 name="interop/legacy-one/trace/stateDiff-vmTrace (besu_development)"
Sep 24 23:03:48.965 INF API: test ended suite=0 test=187 pass=false
Sep 24 23:03:48.966 INF API: test started suite=0 test=188 name="interop/legacy-one/trace/stateDiff (besu_development)"
Sep 24 23:03:48.971 INF API: test ended suite=0 test=188 pass=false
Sep 24 23:03:48.972 INF API: test started suite=0 test=189 name="interop/legacy-one/trace/trace-stateDiff-vmTrace (besu_development)"
Sep 24 23:03:48.975 INF API: test ended suite=0 test=189 pass=false
Sep 24 23:03:48.976 INF API: test started suite=0 test=190 name="interop/legacy-one/trace/trace-stateDiff (besu_development)"
Sep 24 23:03:48.980 INF API: test ended suite=0 test=190 pass=false
Sep 24 23:03:48.981 INF API: test started suite=0 test=191 name="interop/legacy-one/trace/trace-vmTrace (besu_development)"
Sep 24 23:03:48.985 INF API: test ended suite=0 test=191 pass=false
Sep 24 23:03:48.989 INF API: test started suite=0 test=192 name="interop/legacy-one/trace/trace (besu_development)"
Sep 24 23:03:49.004 INF API: test ended suite=0 test=192 pass=false
Sep 24 23:03:49.005 INF API: test started suite=0 test=193 name="interop/legacy-one/trace/vmTrace (besu_development)"
Sep 24 23:03:49.010 INF API: test ended suite=0 test=193 pass=false
Sep 24 23:03:49.011 INF API: test started suite=0 test=194 name="interop/legacy-zero/eth (besu_development)"
Sep 24 23:03:49.016 INF API: test ended suite=0 test=194 pass=false
Sep 24 23:03:49.017 INF API: test started suite=0 test=195 name="interop/legacy-zero/trace/none (besu_development)"
Sep 24 23:03:49.021 INF API: test ended suite=0 test=195 pass=false
Sep 24 23:03:49.022 INF API: test started suite=0 test=196 name="interop/legacy-zero/trace/stateDiff-vmTrace (besu_development)"
Sep 24 23:03:49.032 INF API: test ended suite=0 test=196 pass=false
Sep 24 23:03:49.033 INF API: test started suite=0 test=197 name="interop/legacy-zero/trace/stateDiff (besu_development)"
Sep 24 23:03:49.037 INF API: test ended suite=0 test=197 pass=false
Sep 24 23:03:49.038 INF API: test started suite=0 test=198 name="interop/legacy-zero/trace/trace-stateDiff-vmTrace (besu_development)"
Sep 24 23:03:49.042 INF API: test ended suite=0 test=198 pass=false
Sep 24 23:03:49.043 INF API: test started suite=0 test=199 name="interop/legacy-zero/trace/trace-stateDiff (besu_development)"
Sep 24 23:03:49.047 INF API: test ended suite=0 test=199 pass=false
Sep 24 23:03:49.048 INF API: test started suite=0 test=200 name="interop/legacy-zero/trace/trace-vmTrace (besu_development)"
Sep 24 23:03:49.052 INF API: test ended suite=0 test=200 pass=false
Sep 24 23:03:49.053 INF API: test started suite=0 test=201 name="interop/legacy-zero/trace/trace (besu_development)"
Sep 24 23:03:49.058 INF API: test ended suite=0 test=201 pass=false
Sep 24 23:03:49.059 INF API: test started suite=0 test=202 name="interop/legacy-zero/trace/vmTrace (besu_development)"
Sep 24 23:03:49.064 INF API: test ended suite=0 test=202 pass=false
Sep 24 23:03:49.065 INF API: test started suite=0 test=203 name="interop/typed-at-base/eth (besu_development)"
Sep 24 23:03:49.070 INF API: test ended suite=0 test=203 pass=false
Sep 24 23:03:49.071 INF API: test started suite=0 test=204 name="interop/typed-at-base/trace/none (besu_development)"
Sep 24 23:03:49.078 INF API: test ended suite=0 test=204 pass=false
Sep 24 23:03:49.079 INF API: test started suite=0 test=205 name="interop/typed-at-base/trace/stateDiff-vmTrace (besu_development)"
Sep 24 23:03:49.095 INF API: test ended suite=0 test=205 pass=false
Sep 24 23:03:49.096 INF API: test started suite=0 test=206 name="interop/typed-at-base/trace/stateDiff (besu_development)"
Sep 24 23:03:49.102 INF API: test ended suite=0 test=206 pass=false
Sep 24 23:03:49.103 INF API: test started suite=0 test=207 name="interop/typed-at-base/trace/trace-stateDiff-vmTrace (besu_development)"
Sep 24 23:03:49.111 INF API: test ended suite=0 test=207 pass=false
Sep 24 23:03:49.112 INF API: test started suite=0 test=208 name="interop/typed-at-base/trace/trace-stateDiff (besu_development)"
Sep 24 23:03:49.118 INF API: test ended suite=0 test=208 pass=false
Sep 24 23:03:49.119 INF API: test started suite=0 test=209 name="interop/typed-at-base/trace/trace-vmTrace (besu_development)"
Sep 24 23:03:49.124 INF API: test ended suite=0 test=209 pass=false
Sep 24 23:03:49.125 INF API: test started suite=0 test=210 name="interop/typed-at-base/trace/trace (besu_development)"
Sep 24 23:03:49.129 INF API: test ended suite=0 test=210 pass=false
Sep 24 23:03:49.130 INF API: test started suite=0 test=211 name="interop/typed-at-base/trace/vmTrace (besu_development)"
Sep 24 23:03:49.136 INF API: test ended suite=0 test=211 pass=false
Sep 24 23:03:49.136 INF API: test started suite=0 test=212 name="interop/typed-below-base/eth (besu_development)"
Sep 24 23:03:49.140 INF API: test ended suite=0 test=212 pass=false
Sep 24 23:03:49.141 INF API: test started suite=0 test=213 name="interop/typed-below-base/trace/none (besu_development)"
Sep 24 23:03:49.145 INF API: test ended suite=0 test=213 pass=false
Sep 24 23:03:49.146 INF API: test started suite=0 test=214 name="interop/typed-below-base/trace/stateDiff-vmTrace (besu_development)"
Sep 24 23:03:49.150 INF API: test ended suite=0 test=214 pass=false
Sep 24 23:03:49.151 INF API: test started suite=0 test=215 name="interop/typed-below-base/trace/stateDiff (besu_development)"
Sep 24 23:03:49.154 INF API: test ended suite=0 test=215 pass=false
Sep 24 23:03:49.154 INF API: test started suite=0 test=216 name="interop/typed-below-base/trace/trace-stateDiff-vmTrace (besu_development)"
Sep 24 23:03:49.157 INF API: test ended suite=0 test=216 pass=false
Sep 24 23:03:49.158 INF API: test started suite=0 test=217 name="interop/typed-below-base/trace/trace-stateDiff (besu_development)"
Sep 24 23:03:49.161 INF API: test ended suite=0 test=217 pass=false
Sep 24 23:03:49.162 INF API: test started suite=0 test=218 name="interop/typed-below-base/trace/trace-vmTrace (besu_development)"
Sep 24 23:03:49.165 INF API: test ended suite=0 test=218 pass=false
Sep 24 23:03:49.166 INF API: test started suite=0 test=219 name="interop/typed-below-base/trace/trace (besu_development)"
Sep 24 23:03:49.169 INF API: test ended suite=0 test=219 pass=false
Sep 24 23:03:49.170 INF API: test started suite=0 test=220 name="interop/typed-below-base/trace/vmTrace (besu_development)"
Sep 24 23:03:49.174 INF API: test ended suite=0 test=220 pass=false
Sep 24 23:03:49.175 INF API: test started suite=0 test=221 name="interop/typed-below-base-positive-tip/eth (besu_development)"
Sep 24 23:03:49.178 INF API: test ended suite=0 test=221 pass=false
Sep 24 23:03:49.179 INF API: test started suite=0 test=222 name="interop/typed-below-base-positive-tip/trace/none (besu_development)"
Sep 24 23:03:49.182 INF API: test ended suite=0 test=222 pass=false
Sep 24 23:03:49.183 INF API: test started suite=0 test=223 name="interop/typed-below-base-positive-tip/trace/stateDiff-vmTrace (besu_development)"
Sep 24 23:03:49.187 INF API: test ended suite=0 test=223 pass=false
Sep 24 23:03:49.188 INF API: test started suite=0 test=224 name="interop/typed-below-base-positive-tip/trace/stateDiff (besu_development)"
Sep 24 23:03:49.192 INF API: test ended suite=0 test=224 pass=false
Sep 24 23:03:49.194 INF API: test started suite=0 test=225 name="interop/typed-below-base-positive-tip/trace/trace-stateDiff-vmTrace (besu_development)"
Sep 24 23:03:49.198 INF API: test ended suite=0 test=225 pass=false
Sep 24 23:03:49.199 INF API: test started suite=0 test=226 name="interop/typed-below-base-positive-tip/trace/trace-stateDiff (besu_development)"
Sep 24 23:03:49.203 INF API: test ended suite=0 test=226 pass=false
Sep 24 23:03:49.204 INF API: test started suite=0 test=227 name="interop/typed-below-base-positive-tip/trace/trace-vmTrace (besu_development)"
Sep 24 23:03:49.209 INF API: test ended suite=0 test=227 pass=false
Sep 24 23:03:49.210 INF API: test started suite=0 test=228 name="interop/typed-below-base-positive-tip/trace/trace (besu_development)"
Sep 24 23:03:49.213 INF API: test ended suite=0 test=228 pass=false
Sep 24 23:03:49.214 INF API: test started suite=0 test=229 name="interop/typed-below-base-positive-tip/trace/vmTrace (besu_development)"
Sep 24 23:03:49.218 INF API: test ended suite=0 test=229 pass=false
Sep 24 23:03:49.219 INF API: test started suite=0 test=230 name="interop/typed-cap-limited/eth (besu_development)"
Sep 24 23:03:49.223 INF API: test ended suite=0 test=230 pass=false
Sep 24 23:03:49.223 INF API: test started suite=0 test=231 name="interop/typed-cap-limited/trace/none (besu_development)"
Sep 24 23:03:49.228 INF API: test ended suite=0 test=231 pass=false
Sep 24 23:03:49.229 INF API: test started suite=0 test=232 name="interop/typed-cap-limited/trace/stateDiff-vmTrace (besu_development)"
Sep 24 23:03:49.234 INF API: test ended suite=0 test=232 pass=false
Sep 24 23:03:49.235 INF API: test started suite=0 test=233 name="interop/typed-cap-limited/trace/stateDiff (besu_development)"
Sep 24 23:03:49.240 INF API: test ended suite=0 test=233 pass=false
Sep 24 23:03:49.241 INF API: test started suite=0 test=234 name="interop/typed-cap-limited/trace/trace-stateDiff-vmTrace (besu_development)"
Sep 24 23:03:49.248 INF API: test ended suite=0 test=234 pass=false
Sep 24 23:03:49.249 INF API: test started suite=0 test=235 name="interop/typed-cap-limited/trace/trace-stateDiff (besu_development)"
Sep 24 23:03:49.253 INF API: test ended suite=0 test=235 pass=false
Sep 24 23:03:49.254 INF API: test started suite=0 test=236 name="interop/typed-cap-limited/trace/trace-vmTrace (besu_development)"
Sep 24 23:03:49.260 INF API: test ended suite=0 test=236 pass=false
Sep 24 23:03:49.262 INF API: test started suite=0 test=237 name="interop/typed-cap-limited/trace/trace (besu_development)"
Sep 24 23:03:49.268 INF API: test ended suite=0 test=237 pass=false
Sep 24 23:03:49.269 INF API: test started suite=0 test=238 name="interop/typed-cap-limited/trace/vmTrace (besu_development)"
Sep 24 23:03:49.275 INF API: test ended suite=0 test=238 pass=false
Sep 24 23:03:49.276 INF API: test started suite=0 test=239 name="interop/typed-one/eth (besu_development)"
Sep 24 23:03:49.279 INF API: test ended suite=0 test=239 pass=false
Sep 24 23:03:49.280 INF API: test started suite=0 test=240 name="interop/typed-one/trace/none (besu_development)"
Sep 24 23:03:49.285 INF API: test ended suite=0 test=240 pass=false
Sep 24 23:03:49.286 INF API: test started suite=0 test=241 name="interop/typed-one/trace/stateDiff-vmTrace (besu_development)"
Sep 24 23:03:49.290 INF API: test ended suite=0 test=241 pass=false
Sep 24 23:03:49.291 INF API: test started suite=0 test=242 name="interop/typed-one/trace/stateDiff (besu_development)"
Sep 24 23:03:49.295 INF API: test ended suite=0 test=242 pass=false
Sep 24 23:03:49.296 INF API: test started suite=0 test=243 name="interop/typed-one/trace/trace-stateDiff-vmTrace (besu_development)"
Sep 24 23:03:49.300 INF API: test ended suite=0 test=243 pass=false
Sep 24 23:03:49.301 INF API: test started suite=0 test=244 name="interop/typed-one/trace/trace-stateDiff (besu_development)"
Sep 24 23:03:49.305 INF API: test ended suite=0 test=244 pass=false
Sep 24 23:03:49.306 INF API: test started suite=0 test=245 name="interop/typed-one/trace/trace-vmTrace (besu_development)"
Sep 24 23:03:49.310 INF API: test ended suite=0 test=245 pass=false
Sep 24 23:03:49.311 INF API: test started suite=0 test=246 name="interop/typed-one/trace/trace (besu_development)"
Sep 24 23:03:49.315 INF API: test ended suite=0 test=246 pass=false
Sep 24 23:03:49.316 INF API: test started suite=0 test=247 name="interop/typed-one/trace/vmTrace (besu_development)"
Sep 24 23:03:49.321 INF API: test ended suite=0 test=247 pass=false
Sep 24 23:03:49.322 INF API: test started suite=0 test=248 name="interop/typed-tip-equals-cap/eth (besu_development)"
Sep 24 23:03:49.326 INF API: test ended suite=0 test=248 pass=false
Sep 24 23:03:49.326 INF API: test started suite=0 test=249 name="interop/typed-tip-equals-cap/trace/none (besu_development)"
Sep 24 23:03:49.332 INF API: test ended suite=0 test=249 pass=false
Sep 24 23:03:49.333 INF API: test started suite=0 test=250 name="interop/typed-tip-equals-cap/trace/stateDiff-vmTrace (besu_development)"
Sep 24 23:03:49.340 INF API: test ended suite=0 test=250 pass=false
Sep 24 23:03:49.341 INF API: test started suite=0 test=251 name="interop/typed-tip-equals-cap/trace/stateDiff (besu_development)"
Sep 24 23:03:49.346 INF API: test ended suite=0 test=251 pass=false
Sep 24 23:03:49.347 INF API: test started suite=0 test=252 name="interop/typed-tip-equals-cap/trace/trace-stateDiff-vmTrace (besu_development)"
Sep 24 23:03:49.354 INF API: test ended suite=0 test=252 pass=false
Sep 24 23:03:49.355 INF API: test started suite=0 test=253 name="interop/typed-tip-equals-cap/trace/trace-stateDiff (besu_development)"
Sep 24 23:03:49.365 INF API: test ended suite=0 test=253 pass=false
Sep 24 23:03:49.366 INF API: test started suite=0 test=254 name="interop/typed-tip-equals-cap/trace/trace-vmTrace (besu_development)"
Sep 24 23:03:49.376 INF API: test ended suite=0 test=254 pass=false
Sep 24 23:03:49.377 INF API: test started suite=0 test=255 name="interop/typed-tip-equals-cap/trace/trace (besu_development)"
Sep 24 23:03:49.385 INF API: test ended suite=0 test=255 pass=false
Sep 24 23:03:49.386 INF API: test started suite=0 test=256 name="interop/typed-tip-equals-cap/trace/vmTrace (besu_development)"
Sep 24 23:03:49.394 INF API: test ended suite=0 test=256 pass=false
Sep 24 23:03:49.395 INF API: test started suite=0 test=257 name="interop/typed-tip-limited/eth (besu_development)"
Sep 24 23:03:49.400 INF API: test ended suite=0 test=257 pass=false
Sep 24 23:03:49.401 INF API: test started suite=0 test=258 name="interop/typed-tip-limited/trace/none (besu_development)"
Sep 24 23:03:49.406 INF API: test ended suite=0 test=258 pass=false
Sep 24 23:03:49.407 INF API: test started suite=0 test=259 name="interop/typed-tip-limited/trace/stateDiff-vmTrace (besu_development)"
Sep 24 23:03:49.413 INF API: test ended suite=0 test=259 pass=false
Sep 24 23:03:49.414 INF API: test started suite=0 test=260 name="interop/typed-tip-limited/trace/stateDiff (besu_development)"
Sep 24 23:03:49.417 INF API: test ended suite=0 test=260 pass=false
Sep 24 23:03:49.418 INF API: test started suite=0 test=261 name="interop/typed-tip-limited/trace/trace-stateDiff-vmTrace (besu_development)"
Sep 24 23:03:49.423 INF API: test ended suite=0 test=261 pass=false
Sep 24 23:03:49.424 INF API: test started suite=0 test=262 name="interop/typed-tip-limited/trace/trace-stateDiff (besu_development)"
Sep 24 23:03:49.429 INF API: test ended suite=0 test=262 pass=false
Sep 24 23:03:49.430 INF API: test started suite=0 test=263 name="interop/typed-tip-limited/trace/trace-vmTrace (besu_development)"
Sep 24 23:03:49.435 INF API: test ended suite=0 test=263 pass=false
Sep 24 23:03:49.436 INF API: test started suite=0 test=264 name="interop/typed-tip-limited/trace/trace (besu_development)"
Sep 24 23:03:49.441 INF API: test ended suite=0 test=264 pass=false
Sep 24 23:03:49.442 INF API: test started suite=0 test=265 name="interop/typed-tip-limited/trace/vmTrace (besu_development)"
Sep 24 23:03:49.447 INF API: test ended suite=0 test=265 pass=false
Sep 24 23:03:49.448 INF API: test started suite=0 test=266 name="interop/typed-tip-over-cap/eth (besu_development)"
Sep 24 23:03:49.452 INF API: test ended suite=0 test=266 pass=false
Sep 24 23:03:49.453 INF API: test started suite=0 test=267 name="interop/typed-tip-over-cap/trace/none (besu_development)"
Sep 24 23:03:49.458 INF API: test ended suite=0 test=267 pass=false
Sep 24 23:03:49.459 INF API: test started suite=0 test=268 name="interop/typed-tip-over-cap/trace/stateDiff-vmTrace (besu_development)"
Sep 24 23:03:49.464 INF API: test ended suite=0 test=268 pass=false
Sep 24 23:03:49.465 INF API: test started suite=0 test=269 name="interop/typed-tip-over-cap/trace/stateDiff (besu_development)"
Sep 24 23:03:49.470 INF API: test ended suite=0 test=269 pass=false
Sep 24 23:03:49.471 INF API: test started suite=0 test=270 name="interop/typed-tip-over-cap/trace/trace-stateDiff-vmTrace (besu_development)"
Sep 24 23:03:49.476 INF API: test ended suite=0 test=270 pass=false
Sep 24 23:03:49.477 INF API: test started suite=0 test=271 name="interop/typed-tip-over-cap/trace/trace-stateDiff (besu_development)"
Sep 24 23:03:49.482 INF API: test ended suite=0 test=271 pass=false
Sep 24 23:03:49.482 INF API: test started suite=0 test=272 name="interop/typed-tip-over-cap/trace/trace-vmTrace (besu_development)"
Sep 24 23:03:49.487 INF API: test ended suite=0 test=272 pass=false
Sep 24 23:03:49.488 INF API: test started suite=0 test=273 name="interop/typed-tip-over-cap/trace/trace (besu_development)"
Sep 24 23:03:49.491 INF API: test ended suite=0 test=273 pass=false
Sep 24 23:03:49.492 INF API: test started suite=0 test=274 name="interop/typed-tip-over-cap/trace/vmTrace (besu_development)"
Sep 24 23:03:49.496 INF API: test ended suite=0 test=274 pass=false
Sep 24 23:03:49.497 INF API: test started suite=0 test=275 name="interop/typed-zero/eth (besu_development)"
Sep 24 23:03:49.502 INF API: test ended suite=0 test=275 pass=false
Sep 24 23:03:49.503 INF API: test started suite=0 test=276 name="interop/typed-zero/trace/none (besu_development)"
Sep 24 23:03:49.507 INF API: test ended suite=0 test=276 pass=false
Sep 24 23:03:49.508 INF API: test started suite=0 test=277 name="interop/typed-zero/trace/stateDiff-vmTrace (besu_development)"
Sep 24 23:03:49.511 INF API: test ended suite=0 test=277 pass=false
Sep 24 23:03:49.512 INF API: test started suite=0 test=278 name="interop/typed-zero/trace/stateDiff (besu_development)"
Sep 24 23:03:49.516 INF API: test ended suite=0 test=278 pass=false
Sep 24 23:03:49.516 INF API: test started suite=0 test=279 name="interop/typed-zero/trace/trace-stateDiff-vmTrace (besu_development)"
Sep 24 23:03:49.520 INF API: test ended suite=0 test=279 pass=false
Sep 24 23:03:49.521 INF API: test started suite=0 test=280 name="interop/typed-zero/trace/trace-stateDiff (besu_development)"
Sep 24 23:03:49.525 INF API: test ended suite=0 test=280 pass=false
Sep 24 23:03:49.526 INF API: test started suite=0 test=281 name="interop/typed-zero/trace/trace-vmTrace (besu_development)"
Sep 24 23:03:49.529 INF API: test ended suite=0 test=281 pass=false
Sep 24 23:03:49.530 INF API: test started suite=0 test=282 name="interop/typed-zero/trace/trace (besu_development)"
Sep 24 23:03:49.534 INF API: test ended suite=0 test=282 pass=false
Sep 24 23:03:49.535 INF API: test started suite=0 test=283 name="interop/typed-zero/trace/vmTrace (besu_development)"
Sep 24 23:03:49.539 INF API: test ended suite=0 test=283 pass=false
Sep 24 23:03:49.539 INF API: test started suite=0 test=284 name="interop/typed-zero-cap-positive-tip/eth (besu_development)"
Sep 24 23:03:49.543 INF API: test ended suite=0 test=284 pass=false
Sep 24 23:03:49.544 INF API: test started suite=0 test=285 name="interop/typed-zero-cap-positive-tip/trace/none (besu_development)"
Sep 24 23:03:49.547 INF API: test ended suite=0 test=285 pass=false
Sep 24 23:03:49.549 INF API: test started suite=0 test=286 name="interop/typed-zero-cap-positive-tip/trace/stateDiff-vmTrace (besu_development)"
Sep 24 23:03:49.552 INF API: test ended suite=0 test=286 pass=false
Sep 24 23:03:49.553 INF API: test started suite=0 test=287 name="interop/typed-zero-cap-positive-tip/trace/stateDiff (besu_development)"
Sep 24 23:03:49.556 INF API: test ended suite=0 test=287 pass=false
Sep 24 23:03:49.557 INF API: test started suite=0 test=288 name="interop/typed-zero-cap-positive-tip/trace/trace-stateDiff-vmTrace (besu_development)"
Sep 24 23:03:49.560 INF API: test ended suite=0 test=288 pass=false
Sep 24 23:03:49.561 INF API: test started suite=0 test=289 name="interop/typed-zero-cap-positive-tip/trace/trace-stateDiff (besu_development)"
Sep 24 23:03:49.564 INF API: test ended suite=0 test=289 pass=false
Sep 24 23:03:49.565 INF API: test started suite=0 test=290 name="interop/typed-zero-cap-positive-tip/trace/trace-vmTrace (besu_development)"
Sep 24 23:03:49.568 INF API: test ended suite=0 test=290 pass=false
Sep 24 23:03:49.569 INF API: test started suite=0 test=291 name="interop/typed-zero-cap-positive-tip/trace/trace (besu_development)"
Sep 24 23:03:49.572 INF API: test ended suite=0 test=291 pass=false
Sep 24 23:03:49.573 INF API: test started suite=0 test=292 name="interop/typed-zero-cap-positive-tip/trace/vmTrace (besu_development)"
Sep 24 23:03:49.576 INF API: test ended suite=0 test=292 pass=false
Sep 24 23:03:49.577 INF API: test started suite=0 test=293 name="interop/typed-zero-tip/eth (besu_development)"
Sep 24 23:03:49.580 INF API: test ended suite=0 test=293 pass=false
Sep 24 23:03:49.581 INF API: test started suite=0 test=294 name="interop/typed-zero-tip/trace/none (besu_development)"
Sep 24 23:03:49.585 INF API: test ended suite=0 test=294 pass=false
Sep 24 23:03:49.586 INF API: test started suite=0 test=295 name="interop/typed-zero-tip/trace/stateDiff-vmTrace (besu_development)"
Sep 24 23:03:49.592 INF API: test ended suite=0 test=295 pass=false
Sep 24 23:03:49.593 INF API: test started suite=0 test=296 name="interop/typed-zero-tip/trace/stateDiff (besu_development)"
Sep 24 23:03:49.597 INF API: test ended suite=0 test=296 pass=false
Sep 24 23:03:49.597 INF API: test started suite=0 test=297 name="interop/typed-zero-tip/trace/trace-stateDiff-vmTrace (besu_development)"
Sep 24 23:03:49.603 INF API: test ended suite=0 test=297 pass=false
Sep 24 23:03:49.604 INF API: test started suite=0 test=298 name="interop/typed-zero-tip/trace/trace-stateDiff (besu_development)"
Sep 24 23:03:49.611 INF API: test ended suite=0 test=298 pass=false
Sep 24 23:03:49.612 INF API: test started suite=0 test=299 name="interop/typed-zero-tip/trace/trace-vmTrace (besu_development)"
Sep 24 23:03:49.618 INF API: test ended suite=0 test=299 pass=false
Sep 24 23:03:49.619 INF API: test started suite=0 test=300 name="interop/typed-zero-tip/trace/trace (besu_development)"
Sep 24 23:03:49.625 INF API: test ended suite=0 test=300 pass=false
Sep 24 23:03:49.626 INF API: test started suite=0 test=301 name="interop/typed-zero-tip/trace/vmTrace (besu_development)"
Sep 24 23:03:49.631 INF API: test ended suite=0 test=301 pass=false
Sep 24 23:03:49.974 INF API: test ended suite=0 test=1 pass=true
Sep 24 23:03:49.975 INF API: test started suite=0 test=302 name="client launch (besu_release)"
Sep 24 23:03:58.359 INF API: client besu_release started suite=0 test=302 container=5694d5c6
Sep 24 23:03:58.609 INF API: test started suite=0 test=303 name="interop/_control/empty-balance (besu_release)"
Sep 24 23:03:58.627 INF API: test ended suite=0 test=303 pass=false
Sep 24 23:03:58.628 INF API: test started suite=0 test=304 name="interop/_control/empty-code (besu_release)"
Sep 24 23:03:58.640 INF API: test ended suite=0 test=304 pass=false
Sep 24 23:03:58.641 INF API: test started suite=0 test=305 name="interop/_control/empty-nonce (besu_release)"
Sep 24 23:03:58.653 INF API: test ended suite=0 test=305 pass=false
Sep 24 23:03:58.654 INF API: test started suite=0 test=306 name="interop/_control/head (besu_release)"
Sep 24 23:03:58.660 INF API: test ended suite=0 test=306 pass=false
Sep 24 23:03:58.660 INF API: test started suite=0 test=307 name="interop/_control/latest (besu_release)"
Sep 24 23:03:58.666 INF API: test ended suite=0 test=307 pass=false
Sep 24 23:03:58.667 INF API: test started suite=0 test=308 name="interop/_control/miner-balance (besu_release)"
Sep 24 23:03:58.672 INF API: test ended suite=0 test=308 pass=false
Sep 24 23:03:58.673 INF API: test started suite=0 test=309 name="interop/_control/miner-code (besu_release)"
Sep 24 23:03:58.678 INF API: test ended suite=0 test=309 pass=false
Sep 24 23:03:58.679 INF API: test started suite=0 test=310 name="interop/_control/miner-nonce (besu_release)"
Sep 24 23:03:58.685 INF API: test ended suite=0 test=310 pass=false
Sep 24 23:03:58.686 INF API: test started suite=0 test=311 name="interop/_control/sender-balance (besu_release)"
Sep 24 23:03:58.691 INF API: test ended suite=0 test=311 pass=false
Sep 24 23:03:58.692 INF API: test started suite=0 test=312 name="interop/_control/sender-code (besu_release)"
Sep 24 23:03:58.698 INF API: test ended suite=0 test=312 pass=false
Sep 24 23:03:58.699 INF API: test started suite=0 test=313 name="interop/_control/sender-nonce (besu_release)"
Sep 24 23:03:58.704 INF API: test ended suite=0 test=313 pass=false
Sep 24 23:03:58.705 INF API: test started suite=0 test=314 name="interop/_control/version (besu_release)"
Sep 24 23:03:58.709 INF API: test ended suite=0 test=314 pass=false
Sep 24 23:03:58.710 INF API: test started suite=0 test=315 name="interop/defaults-cap-only-positive/eth (besu_release)"
Sep 24 23:03:58.754 INF API: test ended suite=0 test=315 pass=false
Sep 24 23:03:58.755 INF API: test started suite=0 test=316 name="interop/defaults-cap-only-positive/trace/none (besu_release)"
Sep 24 23:03:58.780 INF API: test ended suite=0 test=316 pass=false
Sep 24 23:03:58.781 INF API: test started suite=0 test=317 name="interop/defaults-cap-only-positive/trace/stateDiff-vmTrace (besu_release)"
Sep 24 23:03:58.809 INF API: test ended suite=0 test=317 pass=false
Sep 24 23:03:58.810 INF API: test started suite=0 test=318 name="interop/defaults-cap-only-positive/trace/stateDiff (besu_release)"
Sep 24 23:03:58.818 INF API: test ended suite=0 test=318 pass=false
Sep 24 23:03:58.819 INF API: test started suite=0 test=319 name="interop/defaults-cap-only-positive/trace/trace-stateDiff-vmTrace (besu_release)"
Sep 24 23:03:58.839 INF API: test ended suite=0 test=319 pass=false
Sep 24 23:03:58.840 INF API: test started suite=0 test=320 name="interop/defaults-cap-only-positive/trace/trace-stateDiff (besu_release)"
Sep 24 23:03:58.849 INF API: test ended suite=0 test=320 pass=false
Sep 24 23:03:58.850 INF API: test started suite=0 test=321 name="interop/defaults-cap-only-positive/trace/trace-vmTrace (besu_release)"
Sep 24 23:03:58.860 INF API: test ended suite=0 test=321 pass=false
Sep 24 23:03:58.861 INF API: test started suite=0 test=322 name="interop/defaults-cap-only-positive/trace/trace (besu_release)"
Sep 24 23:03:58.869 INF API: test ended suite=0 test=322 pass=false
Sep 24 23:03:58.870 INF API: test started suite=0 test=323 name="interop/defaults-cap-only-positive/trace/vmTrace (besu_release)"
Sep 24 23:03:58.879 INF API: test ended suite=0 test=323 pass=false
Sep 24 23:03:58.880 INF API: test started suite=0 test=324 name="interop/defaults-cap-only-zero/eth (besu_release)"
Sep 24 23:03:58.886 INF API: test ended suite=0 test=324 pass=false
Sep 24 23:03:58.887 INF API: test started suite=0 test=325 name="interop/defaults-cap-only-zero/trace/none (besu_release)"
Sep 24 23:03:58.907 INF API: test ended suite=0 test=325 pass=false
Sep 24 23:03:58.909 INF API: test started suite=0 test=326 name="interop/defaults-cap-only-zero/trace/stateDiff-vmTrace (besu_release)"
Sep 24 23:03:58.924 INF API: test ended suite=0 test=326 pass=false
Sep 24 23:03:58.925 INF API: test started suite=0 test=327 name="interop/defaults-cap-only-zero/trace/stateDiff (besu_release)"
Sep 24 23:03:58.940 INF API: test ended suite=0 test=327 pass=false
Sep 24 23:03:58.941 INF API: test started suite=0 test=328 name="interop/defaults-cap-only-zero/trace/trace-stateDiff-vmTrace (besu_release)"
Sep 24 23:03:58.954 INF API: test ended suite=0 test=328 pass=false
Sep 24 23:03:58.955 INF API: test started suite=0 test=329 name="interop/defaults-cap-only-zero/trace/trace-stateDiff (besu_release)"
Sep 24 23:03:58.970 INF API: test ended suite=0 test=329 pass=false
Sep 24 23:03:58.971 INF API: test started suite=0 test=330 name="interop/defaults-cap-only-zero/trace/trace-vmTrace (besu_release)"
Sep 24 23:03:58.986 INF API: test ended suite=0 test=330 pass=false
Sep 24 23:03:58.988 INF API: test started suite=0 test=331 name="interop/defaults-cap-only-zero/trace/trace (besu_release)"
Sep 24 23:03:59.003 INF API: test ended suite=0 test=331 pass=false
Sep 24 23:03:59.004 INF API: test started suite=0 test=332 name="interop/defaults-cap-only-zero/trace/vmTrace (besu_release)"
Sep 24 23:03:59.019 INF API: test ended suite=0 test=332 pass=false
Sep 24 23:03:59.021 INF API: test started suite=0 test=333 name="interop/defaults-omitted/eth (besu_release)"
Sep 24 23:03:59.029 INF API: test ended suite=0 test=333 pass=false
Sep 24 23:03:59.030 INF API: test started suite=0 test=334 name="interop/defaults-omitted/trace/none (besu_release)"
Sep 24 23:03:59.038 INF API: test ended suite=0 test=334 pass=false
Sep 24 23:03:59.040 INF API: test started suite=0 test=335 name="interop/defaults-omitted/trace/stateDiff-vmTrace (besu_release)"
Sep 24 23:03:59.054 INF API: test ended suite=0 test=335 pass=false
Sep 24 23:03:59.055 INF API: test started suite=0 test=336 name="interop/defaults-omitted/trace/stateDiff (besu_release)"
Sep 24 23:03:59.065 INF API: test ended suite=0 test=336 pass=false
Sep 24 23:03:59.067 INF API: test started suite=0 test=337 name="interop/defaults-omitted/trace/trace-stateDiff-vmTrace (besu_release)"
Sep 24 23:03:59.080 INF API: test ended suite=0 test=337 pass=false
Sep 24 23:03:59.081 INF API: test started suite=0 test=338 name="interop/defaults-omitted/trace/trace-stateDiff (besu_release)"
Sep 24 23:03:59.090 INF API: test ended suite=0 test=338 pass=false
Sep 24 23:03:59.091 INF API: test started suite=0 test=339 name="interop/defaults-omitted/trace/trace-vmTrace (besu_release)"
Sep 24 23:03:59.104 INF API: test ended suite=0 test=339 pass=false
Sep 24 23:03:59.105 INF API: test started suite=0 test=340 name="interop/defaults-omitted/trace/trace (besu_release)"
Sep 24 23:03:59.112 INF API: test ended suite=0 test=340 pass=false
Sep 24 23:03:59.113 INF API: test started suite=0 test=341 name="interop/defaults-omitted/trace/vmTrace (besu_release)"
Sep 24 23:03:59.121 INF API: test ended suite=0 test=341 pass=false
Sep 24 23:03:59.122 INF API: test started suite=0 test=342 name="interop/defaults-tip-only-positive/eth (besu_release)"
Sep 24 23:03:59.127 INF API: test ended suite=0 test=342 pass=false
Sep 24 23:03:59.128 INF API: test started suite=0 test=343 name="interop/defaults-tip-only-positive/trace/none (besu_release)"
Sep 24 23:03:59.142 INF API: test ended suite=0 test=343 pass=false
Sep 24 23:03:59.143 INF API: test started suite=0 test=344 name="interop/defaults-tip-only-positive/trace/stateDiff-vmTrace (besu_release)"
Sep 24 23:03:59.152 INF API: test ended suite=0 test=344 pass=false
Sep 24 23:03:59.153 INF API: test started suite=0 test=345 name="interop/defaults-tip-only-positive/trace/stateDiff (besu_release)"
Sep 24 23:03:59.164 INF API: test ended suite=0 test=345 pass=false
Sep 24 23:03:59.165 INF API: test started suite=0 test=346 name="interop/defaults-tip-only-positive/trace/trace-stateDiff-vmTrace (besu_release)"
Sep 24 23:03:59.175 INF API: test ended suite=0 test=346 pass=false
Sep 24 23:03:59.176 INF API: test started suite=0 test=347 name="interop/defaults-tip-only-positive/trace/trace-stateDiff (besu_release)"
Sep 24 23:03:59.186 INF API: test ended suite=0 test=347 pass=false
Sep 24 23:03:59.187 INF API: test started suite=0 test=348 name="interop/defaults-tip-only-positive/trace/trace-vmTrace (besu_release)"
Sep 24 23:03:59.197 INF API: test ended suite=0 test=348 pass=false
Sep 24 23:03:59.198 INF API: test started suite=0 test=349 name="interop/defaults-tip-only-positive/trace/trace (besu_release)"
Sep 24 23:03:59.207 INF API: test ended suite=0 test=349 pass=false
Sep 24 23:03:59.209 INF API: test started suite=0 test=350 name="interop/defaults-tip-only-positive/trace/vmTrace (besu_release)"
Sep 24 23:03:59.221 INF API: test ended suite=0 test=350 pass=false
Sep 24 23:03:59.222 INF API: test started suite=0 test=351 name="interop/defaults-tip-only-zero/eth (besu_release)"
Sep 24 23:03:59.228 INF API: test ended suite=0 test=351 pass=false
Sep 24 23:03:59.229 INF API: test started suite=0 test=352 name="interop/defaults-tip-only-zero/trace/none (besu_release)"
Sep 24 23:03:59.238 INF API: test ended suite=0 test=352 pass=false
Sep 24 23:03:59.239 INF API: test started suite=0 test=353 name="interop/defaults-tip-only-zero/trace/stateDiff-vmTrace (besu_release)"
Sep 24 23:03:59.249 INF API: test ended suite=0 test=353 pass=false
Sep 24 23:03:59.250 INF API: test started suite=0 test=354 name="interop/defaults-tip-only-zero/trace/stateDiff (besu_release)"
Sep 24 23:03:59.260 INF API: test ended suite=0 test=354 pass=false
Sep 24 23:03:59.261 INF API: test started suite=0 test=355 name="interop/defaults-tip-only-zero/trace/trace-stateDiff-vmTrace (besu_release)"
Sep 24 23:03:59.271 INF API: test ended suite=0 test=355 pass=false
Sep 24 23:03:59.272 INF API: test started suite=0 test=356 name="interop/defaults-tip-only-zero/trace/trace-stateDiff (besu_release)"
Sep 24 23:03:59.282 INF API: test ended suite=0 test=356 pass=false
Sep 24 23:03:59.283 INF API: test started suite=0 test=357 name="interop/defaults-tip-only-zero/trace/trace-vmTrace (besu_release)"
Sep 24 23:03:59.293 INF API: test ended suite=0 test=357 pass=false
Sep 24 23:03:59.294 INF API: test started suite=0 test=358 name="interop/defaults-tip-only-zero/trace/trace (besu_release)"
Sep 24 23:03:59.306 INF API: test ended suite=0 test=358 pass=false
Sep 24 23:03:59.307 INF API: test started suite=0 test=359 name="interop/defaults-tip-only-zero/trace/vmTrace (besu_release)"
Sep 24 23:03:59.317 INF API: test ended suite=0 test=359 pass=false
Sep 24 23:03:59.318 INF API: test started suite=0 test=360 name="interop/empty-sender-free/eth (besu_release)"
Sep 24 23:03:59.324 INF API: test ended suite=0 test=360 pass=false
Sep 24 23:03:59.324 INF API: test started suite=0 test=361 name="interop/empty-sender-free/trace/none (besu_release)"
Sep 24 23:03:59.339 INF API: test ended suite=0 test=361 pass=false
Sep 24 23:03:59.340 INF API: test started suite=0 test=362 name="interop/empty-sender-free/trace/stateDiff-vmTrace (besu_release)"
Sep 24 23:03:59.349 INF API: test ended suite=0 test=362 pass=false
Sep 24 23:03:59.350 INF API: test started suite=0 test=363 name="interop/empty-sender-free/trace/stateDiff (besu_release)"
Sep 24 23:03:59.360 INF API: test ended suite=0 test=363 pass=false
Sep 24 23:03:59.361 INF API: test started suite=0 test=364 name="interop/empty-sender-free/trace/trace-stateDiff-vmTrace (besu_release)"
Sep 24 23:03:59.372 INF API: test ended suite=0 test=364 pass=false
Sep 24 23:03:59.373 INF API: test started suite=0 test=365 name="interop/empty-sender-free/trace/trace-stateDiff (besu_release)"
Sep 24 23:03:59.380 INF API: test ended suite=0 test=365 pass=false
Sep 24 23:03:59.380 INF API: test started suite=0 test=366 name="interop/empty-sender-free/trace/trace-vmTrace (besu_release)"
Sep 24 23:03:59.396 INF API: test ended suite=0 test=366 pass=false
Sep 24 23:03:59.397 INF API: test started suite=0 test=367 name="interop/empty-sender-free/trace/trace (besu_release)"
Sep 24 23:03:59.407 INF API: test ended suite=0 test=367 pass=false
Sep 24 23:03:59.408 INF API: test started suite=0 test=368 name="interop/empty-sender-free/trace/vmTrace (besu_release)"
Sep 24 23:03:59.417 INF API: test ended suite=0 test=368 pass=false
Sep 24 23:03:59.418 INF API: test started suite=0 test=369 name="interop/empty-sender-priced/eth (besu_release)"
Sep 24 23:03:59.422 INF API: test ended suite=0 test=369 pass=false
Sep 24 23:03:59.423 INF API: test started suite=0 test=370 name="interop/empty-sender-priced/trace/none (besu_release)"
Sep 24 23:03:59.434 INF API: test ended suite=0 test=370 pass=false
Sep 24 23:03:59.435 INF API: test started suite=0 test=371 name="interop/empty-sender-priced/trace/stateDiff-vmTrace (besu_release)"
Sep 24 23:03:59.445 INF API: test ended suite=0 test=371 pass=false
Sep 24 23:03:59.446 INF API: test started suite=0 test=372 name="interop/empty-sender-priced/trace/stateDiff (besu_release)"
Sep 24 23:03:59.456 INF API: test ended suite=0 test=372 pass=false
Sep 24 23:03:59.457 INF API: test started suite=0 test=373 name="interop/empty-sender-priced/trace/trace-stateDiff-vmTrace (besu_release)"
Sep 24 23:03:59.467 INF API: test ended suite=0 test=373 pass=false
Sep 24 23:03:59.468 INF API: test started suite=0 test=374 name="interop/empty-sender-priced/trace/trace-stateDiff (besu_release)"
Sep 24 23:03:59.481 INF API: test ended suite=0 test=374 pass=false
Sep 24 23:03:59.482 INF API: test started suite=0 test=375 name="interop/empty-sender-priced/trace/trace-vmTrace (besu_release)"
Sep 24 23:03:59.492 INF API: test ended suite=0 test=375 pass=false
Sep 24 23:03:59.493 INF API: test started suite=0 test=376 name="interop/empty-sender-priced/trace/trace (besu_release)"
Sep 24 23:03:59.502 INF API: test ended suite=0 test=376 pass=false
Sep 24 23:03:59.503 INF API: test started suite=0 test=377 name="interop/empty-sender-priced/trace/vmTrace (besu_release)"
Sep 24 23:03:59.513 INF API: test ended suite=0 test=377 pass=false
Sep 24 23:03:59.514 INF API: test started suite=0 test=378 name="interop/funding-free-exact/eth (besu_release)"
Sep 24 23:03:59.519 INF API: test ended suite=0 test=378 pass=false
Sep 24 23:03:59.520 INF API: test started suite=0 test=379 name="interop/funding-free-exact/trace/none (besu_release)"
Sep 24 23:03:59.530 INF API: test ended suite=0 test=379 pass=false
Sep 24 23:03:59.531 INF API: test started suite=0 test=380 name="interop/funding-free-exact/trace/stateDiff-vmTrace (besu_release)"
Sep 24 23:03:59.541 INF API: test ended suite=0 test=380 pass=false
Sep 24 23:03:59.542 INF API: test started suite=0 test=381 name="interop/funding-free-exact/trace/stateDiff (besu_release)"
Sep 24 23:03:59.552 INF API: test ended suite=0 test=381 pass=false
Sep 24 23:03:59.553 INF API: test started suite=0 test=382 name="interop/funding-free-exact/trace/trace-stateDiff-vmTrace (besu_release)"
Sep 24 23:03:59.563 INF API: test ended suite=0 test=382 pass=false
Sep 24 23:03:59.564 INF API: test started suite=0 test=383 name="interop/funding-free-exact/trace/trace-stateDiff (besu_release)"
Sep 24 23:03:59.576 INF API: test ended suite=0 test=383 pass=false
Sep 24 23:03:59.577 INF API: test started suite=0 test=384 name="interop/funding-free-exact/trace/trace-vmTrace (besu_release)"
Sep 24 23:03:59.593 INF API: test ended suite=0 test=384 pass=false
Sep 24 23:03:59.594 INF API: test started suite=0 test=385 name="interop/funding-free-exact/trace/trace (besu_release)"
Sep 24 23:03:59.604 INF API: test ended suite=0 test=385 pass=false
Sep 24 23:03:59.605 INF API: test started suite=0 test=386 name="interop/funding-free-exact/trace/vmTrace (besu_release)"
Sep 24 23:03:59.615 INF API: test ended suite=0 test=386 pass=false
Sep 24 23:03:59.616 INF API: test started suite=0 test=387 name="interop/funding-free-short/eth (besu_release)"
Sep 24 23:03:59.619 INF API: test ended suite=0 test=387 pass=false
Sep 24 23:03:59.620 INF API: test started suite=0 test=388 name="interop/funding-free-short/trace/none (besu_release)"
Sep 24 23:03:59.631 INF API: test ended suite=0 test=388 pass=false
Sep 24 23:03:59.632 INF API: test started suite=0 test=389 name="interop/funding-free-short/trace/stateDiff-vmTrace (besu_release)"
Sep 24 23:03:59.642 INF API: test ended suite=0 test=389 pass=false
Sep 24 23:03:59.643 INF API: test started suite=0 test=390 name="interop/funding-free-short/trace/stateDiff (besu_release)"
Sep 24 23:03:59.655 INF API: test ended suite=0 test=390 pass=false
Sep 24 23:03:59.656 INF API: test started suite=0 test=391 name="interop/funding-free-short/trace/trace-stateDiff-vmTrace (besu_release)"
Sep 24 23:03:59.666 INF API: test ended suite=0 test=391 pass=false
Sep 24 23:03:59.667 INF API: test started suite=0 test=392 name="interop/funding-free-short/trace/trace-stateDiff (besu_release)"
Sep 24 23:03:59.677 INF API: test ended suite=0 test=392 pass=false
Sep 24 23:03:59.678 INF API: test started suite=0 test=393 name="interop/funding-free-short/trace/trace-vmTrace (besu_release)"
Sep 24 23:03:59.688 INF API: test ended suite=0 test=393 pass=false
Sep 24 23:03:59.689 INF API: test started suite=0 test=394 name="interop/funding-free-short/trace/trace (besu_release)"
Sep 24 23:03:59.699 INF API: test ended suite=0 test=394 pass=false
Sep 24 23:03:59.700 INF API: test started suite=0 test=395 name="interop/funding-free-short/trace/vmTrace (besu_release)"
Sep 24 23:03:59.711 INF API: test ended suite=0 test=395 pass=false
Sep 24 23:03:59.712 INF API: test started suite=0 test=396 name="interop/funding-legacy-exact/eth (besu_release)"
Sep 24 23:03:59.716 INF API: test ended suite=0 test=396 pass=false
Sep 24 23:03:59.717 INF API: test started suite=0 test=397 name="interop/funding-legacy-exact/trace/none (besu_release)"
Sep 24 23:03:59.722 INF API: test ended suite=0 test=397 pass=false
Sep 24 23:03:59.723 INF API: test started suite=0 test=398 name="interop/funding-legacy-exact/trace/stateDiff-vmTrace (besu_release)"
Sep 24 23:03:59.728 INF API: test ended suite=0 test=398 pass=false
Sep 24 23:03:59.729 INF API: test started suite=0 test=399 name="interop/funding-legacy-exact/trace/stateDiff (besu_release)"
Sep 24 23:03:59.734 INF API: test ended suite=0 test=399 pass=false
Sep 24 23:03:59.735 INF API: test started suite=0 test=400 name="interop/funding-legacy-exact/trace/trace-stateDiff-vmTrace (besu_release)"
Sep 24 23:03:59.741 INF API: test ended suite=0 test=400 pass=false
Sep 24 23:03:59.742 INF API: test started suite=0 test=401 name="interop/funding-legacy-exact/trace/trace-stateDiff (besu_release)"
Sep 24 23:03:59.747 INF API: test ended suite=0 test=401 pass=false
Sep 24 23:03:59.747 INF API: test started suite=0 test=402 name="interop/funding-legacy-exact/trace/trace-vmTrace (besu_release)"
Sep 24 23:03:59.754 INF API: test ended suite=0 test=402 pass=false
Sep 24 23:03:59.754 INF API: test started suite=0 test=403 name="interop/funding-legacy-exact/trace/trace (besu_release)"
Sep 24 23:03:59.760 INF API: test ended suite=0 test=403 pass=false
Sep 24 23:03:59.761 INF API: test started suite=0 test=404 name="interop/funding-legacy-exact/trace/vmTrace (besu_release)"
Sep 24 23:03:59.767 INF API: test ended suite=0 test=404 pass=false
Sep 24 23:03:59.768 INF API: test started suite=0 test=405 name="interop/funding-legacy-short/eth (besu_release)"
Sep 24 23:03:59.772 INF API: test ended suite=0 test=405 pass=false
Sep 24 23:03:59.773 INF API: test started suite=0 test=406 name="interop/funding-legacy-short/trace/none (besu_release)"
Sep 24 23:03:59.786 INF API: test ended suite=0 test=406 pass=false
Sep 24 23:03:59.787 INF API: test started suite=0 test=407 name="interop/funding-legacy-short/trace/stateDiff-vmTrace (besu_release)"
Sep 24 23:03:59.797 INF API: test ended suite=0 test=407 pass=false
Sep 24 23:03:59.798 INF API: test started suite=0 test=408 name="interop/funding-legacy-short/trace/stateDiff (besu_release)"
Sep 24 23:03:59.808 INF API: test ended suite=0 test=408 pass=false
Sep 24 23:03:59.809 INF API: test started suite=0 test=409 name="interop/funding-legacy-short/trace/trace-stateDiff-vmTrace (besu_release)"
Sep 24 23:03:59.819 INF API: test ended suite=0 test=409 pass=false
Sep 24 23:03:59.820 INF API: test started suite=0 test=410 name="interop/funding-legacy-short/trace/trace-stateDiff (besu_release)"
Sep 24 23:03:59.835 INF API: test ended suite=0 test=410 pass=false
Sep 24 23:03:59.836 INF API: test started suite=0 test=411 name="interop/funding-legacy-short/trace/trace-vmTrace (besu_release)"
Sep 24 23:03:59.839 INF API: test ended suite=0 test=411 pass=false
Sep 24 23:03:59.840 INF API: test started suite=0 test=412 name="interop/funding-legacy-short/trace/trace (besu_release)"
Sep 24 23:03:59.844 INF API: test ended suite=0 test=412 pass=false
Sep 24 23:03:59.845 INF API: test started suite=0 test=413 name="interop/funding-legacy-short/trace/vmTrace (besu_release)"
Sep 24 23:03:59.849 INF API: test ended suite=0 test=413 pass=false
Sep 24 23:03:59.849 INF API: test started suite=0 test=414 name="interop/funding-typed-effective-only/eth (besu_release)"
Sep 24 23:03:59.854 INF API: test ended suite=0 test=414 pass=false
Sep 24 23:03:59.855 INF API: test started suite=0 test=415 name="interop/funding-typed-effective-only/trace/none (besu_release)"
Sep 24 23:03:59.859 INF API: test ended suite=0 test=415 pass=false
Sep 24 23:03:59.860 INF API: test started suite=0 test=416 name="interop/funding-typed-effective-only/trace/stateDiff-vmTrace (besu_release)"
Sep 24 23:03:59.864 INF API: test ended suite=0 test=416 pass=false
Sep 24 23:03:59.865 INF API: test started suite=0 test=417 name="interop/funding-typed-effective-only/trace/stateDiff (besu_release)"
Sep 24 23:03:59.869 INF API: test ended suite=0 test=417 pass=false
Sep 24 23:03:59.870 INF API: test started suite=0 test=418 name="interop/funding-typed-effective-only/trace/trace-stateDiff-vmTrace (besu_release)"
Sep 24 23:03:59.875 INF API: test ended suite=0 test=418 pass=false
Sep 24 23:03:59.876 INF API: test started suite=0 test=419 name="interop/funding-typed-effective-only/trace/trace-stateDiff (besu_release)"
Sep 24 23:03:59.880 INF API: test ended suite=0 test=419 pass=false
Sep 24 23:03:59.881 INF API: test started suite=0 test=420 name="interop/funding-typed-effective-only/trace/trace-vmTrace (besu_release)"
Sep 24 23:03:59.886 INF API: test ended suite=0 test=420 pass=false
Sep 24 23:03:59.886 INF API: test started suite=0 test=421 name="interop/funding-typed-effective-only/trace/trace (besu_release)"
Sep 24 23:03:59.891 INF API: test ended suite=0 test=421 pass=false
Sep 24 23:03:59.892 INF API: test started suite=0 test=422 name="interop/funding-typed-effective-only/trace/vmTrace (besu_release)"
Sep 24 23:03:59.896 INF API: test ended suite=0 test=422 pass=false
Sep 24 23:03:59.897 INF API: test started suite=0 test=423 name="interop/funding-typed-exact/eth (besu_release)"
Sep 24 23:03:59.902 INF API: test ended suite=0 test=423 pass=false
Sep 24 23:03:59.903 INF API: test started suite=0 test=424 name="interop/funding-typed-exact/trace/none (besu_release)"
Sep 24 23:03:59.908 INF API: test ended suite=0 test=424 pass=false
Sep 24 23:03:59.909 INF API: test started suite=0 test=425 name="interop/funding-typed-exact/trace/stateDiff-vmTrace (besu_release)"
Sep 24 23:03:59.917 INF API: test ended suite=0 test=425 pass=false
Sep 24 23:03:59.918 INF API: test started suite=0 test=426 name="interop/funding-typed-exact/trace/stateDiff (besu_release)"
Sep 24 23:03:59.924 INF API: test ended suite=0 test=426 pass=false
Sep 24 23:03:59.925 INF API: test started suite=0 test=427 name="interop/funding-typed-exact/trace/trace-stateDiff-vmTrace (besu_release)"
Sep 24 23:03:59.932 INF API: test ended suite=0 test=427 pass=false
Sep 24 23:03:59.933 INF API: test started suite=0 test=428 name="interop/funding-typed-exact/trace/trace-stateDiff (besu_release)"
Sep 24 23:03:59.940 INF API: test ended suite=0 test=428 pass=false
Sep 24 23:03:59.941 INF API: test started suite=0 test=429 name="interop/funding-typed-exact/trace/trace-vmTrace (besu_release)"
Sep 24 23:03:59.949 INF API: test ended suite=0 test=429 pass=false
Sep 24 23:03:59.950 INF API: test started suite=0 test=430 name="interop/funding-typed-exact/trace/trace (besu_release)"
Sep 24 23:03:59.956 INF API: test ended suite=0 test=430 pass=false
Sep 24 23:03:59.957 INF API: test started suite=0 test=431 name="interop/funding-typed-exact/trace/vmTrace (besu_release)"
Sep 24 23:03:59.962 INF API: test ended suite=0 test=431 pass=false
Sep 24 23:03:59.963 INF API: test started suite=0 test=432 name="interop/funding-typed-free-exact/eth (besu_release)"
Sep 24 23:03:59.967 INF API: test ended suite=0 test=432 pass=false
Sep 24 23:03:59.968 INF API: test started suite=0 test=433 name="interop/funding-typed-free-exact/trace/none (besu_release)"
Sep 24 23:03:59.972 INF API: test ended suite=0 test=433 pass=false
Sep 24 23:03:59.972 INF API: test started suite=0 test=434 name="interop/funding-typed-free-exact/trace/stateDiff-vmTrace (besu_release)"
Sep 24 23:03:59.976 INF API: test ended suite=0 test=434 pass=false
Sep 24 23:03:59.977 INF API: test started suite=0 test=435 name="interop/funding-typed-free-exact/trace/stateDiff (besu_release)"
Sep 24 23:03:59.981 INF API: test ended suite=0 test=435 pass=false
Sep 24 23:03:59.982 INF API: test started suite=0 test=436 name="interop/funding-typed-free-exact/trace/trace-stateDiff-vmTrace (besu_release)"
Sep 24 23:03:59.986 INF API: test ended suite=0 test=436 pass=false
Sep 24 23:03:59.987 INF API: test started suite=0 test=437 name="interop/funding-typed-free-exact/trace/trace-stateDiff (besu_release)"
Sep 24 23:03:59.992 INF API: test ended suite=0 test=437 pass=false
Sep 24 23:03:59.993 INF API: test started suite=0 test=438 name="interop/funding-typed-free-exact/trace/trace-vmTrace (besu_release)"
Sep 24 23:03:59.997 INF API: test ended suite=0 test=438 pass=false
Sep 24 23:03:59.998 INF API: test started suite=0 test=439 name="interop/funding-typed-free-exact/trace/trace (besu_release)"
Sep 24 23:04:00.004 INF API: test ended suite=0 test=439 pass=false
Sep 24 23:04:00.005 INF API: test started suite=0 test=440 name="interop/funding-typed-free-exact/trace/vmTrace (besu_release)"
Sep 24 23:04:00.010 INF API: test ended suite=0 test=440 pass=false
Sep 24 23:04:00.011 INF API: test started suite=0 test=441 name="interop/funding-typed-free-short/eth (besu_release)"
Sep 24 23:04:00.015 INF API: test ended suite=0 test=441 pass=false
Sep 24 23:04:00.016 INF API: test started suite=0 test=442 name="interop/funding-typed-free-short/trace/none (besu_release)"
Sep 24 23:04:00.021 INF API: test ended suite=0 test=442 pass=false
Sep 24 23:04:00.022 INF API: test started suite=0 test=443 name="interop/funding-typed-free-short/trace/stateDiff-vmTrace (besu_release)"
Sep 24 23:04:00.027 INF API: test ended suite=0 test=443 pass=false
Sep 24 23:04:00.028 INF API: test started suite=0 test=444 name="interop/funding-typed-free-short/trace/stateDiff (besu_release)"
Sep 24 23:04:00.033 INF API: test ended suite=0 test=444 pass=false
Sep 24 23:04:00.034 INF API: test started suite=0 test=445 name="interop/funding-typed-free-short/trace/trace-stateDiff-vmTrace (besu_release)"
Sep 24 23:04:00.040 INF API: test ended suite=0 test=445 pass=false
Sep 24 23:04:00.041 INF API: test started suite=0 test=446 name="interop/funding-typed-free-short/trace/trace-stateDiff (besu_release)"
Sep 24 23:04:00.045 INF API: test ended suite=0 test=446 pass=false
Sep 24 23:04:00.046 INF API: test started suite=0 test=447 name="interop/funding-typed-free-short/trace/trace-vmTrace (besu_release)"
Sep 24 23:04:00.051 INF API: test ended suite=0 test=447 pass=false
Sep 24 23:04:00.052 INF API: test started suite=0 test=448 name="interop/funding-typed-free-short/trace/trace (besu_release)"
Sep 24 23:04:00.056 INF API: test ended suite=0 test=448 pass=false
Sep 24 23:04:00.057 INF API: test started suite=0 test=449 name="interop/funding-typed-free-short/trace/vmTrace (besu_release)"
Sep 24 23:04:00.062 INF API: test ended suite=0 test=449 pass=false
Sep 24 23:04:00.063 INF API: test started suite=0 test=450 name="interop/funding-typed-short/eth (besu_release)"
Sep 24 23:04:00.068 INF API: test ended suite=0 test=450 pass=false
Sep 24 23:04:00.069 INF API: test started suite=0 test=451 name="interop/funding-typed-short/trace/none (besu_release)"
Sep 24 23:04:00.074 INF API: test ended suite=0 test=451 pass=false
Sep 24 23:04:00.075 INF API: test started suite=0 test=452 name="interop/funding-typed-short/trace/stateDiff-vmTrace (besu_release)"
Sep 24 23:04:00.081 INF API: test ended suite=0 test=452 pass=false
Sep 24 23:04:00.082 INF API: test started suite=0 test=453 name="interop/funding-typed-short/trace/stateDiff (besu_release)"
Sep 24 23:04:00.086 INF API: test ended suite=0 test=453 pass=false
Sep 24 23:04:00.087 INF API: test started suite=0 test=454 name="interop/funding-typed-short/trace/trace-stateDiff-vmTrace (besu_release)"
Sep 24 23:04:00.092 INF API: test ended suite=0 test=454 pass=false
Sep 24 23:04:00.093 INF API: test started suite=0 test=455 name="interop/funding-typed-short/trace/trace-stateDiff (besu_release)"
Sep 24 23:04:00.098 INF API: test ended suite=0 test=455 pass=false
Sep 24 23:04:00.099 INF API: test started suite=0 test=456 name="interop/funding-typed-short/trace/trace-vmTrace (besu_release)"
Sep 24 23:04:00.103 INF API: test ended suite=0 test=456 pass=false
Sep 24 23:04:00.104 INF API: test started suite=0 test=457 name="interop/funding-typed-short/trace/trace (besu_release)"
Sep 24 23:04:00.109 INF API: test ended suite=0 test=457 pass=false
Sep 24 23:04:00.110 INF API: test started suite=0 test=458 name="interop/funding-typed-short/trace/vmTrace (besu_release)"
Sep 24 23:04:00.114 INF API: test ended suite=0 test=458 pass=false
Sep 24 23:04:00.115 INF API: test started suite=0 test=459 name="interop/legacy-above-base/eth (besu_release)"
Sep 24 23:04:00.119 INF API: test ended suite=0 test=459 pass=false
Sep 24 23:04:00.120 INF API: test started suite=0 test=460 name="interop/legacy-above-base/trace/none (besu_release)"
Sep 24 23:04:00.125 INF API: test ended suite=0 test=460 pass=false
Sep 24 23:04:00.126 INF API: test started suite=0 test=461 name="interop/legacy-above-base/trace/stateDiff-vmTrace (besu_release)"
Sep 24 23:04:00.132 INF API: test ended suite=0 test=461 pass=false
Sep 24 23:04:00.133 INF API: test started suite=0 test=462 name="interop/legacy-above-base/trace/stateDiff (besu_release)"
Sep 24 23:04:00.139 INF API: test ended suite=0 test=462 pass=false
Sep 24 23:04:00.140 INF API: test started suite=0 test=463 name="interop/legacy-above-base/trace/trace-stateDiff-vmTrace (besu_release)"
Sep 24 23:04:00.147 INF API: test ended suite=0 test=463 pass=false
Sep 24 23:04:00.148 INF API: test started suite=0 test=464 name="interop/legacy-above-base/trace/trace-stateDiff (besu_release)"
Sep 24 23:04:00.152 INF API: test ended suite=0 test=464 pass=false
Sep 24 23:04:00.153 INF API: test started suite=0 test=465 name="interop/legacy-above-base/trace/trace-vmTrace (besu_release)"
Sep 24 23:04:00.160 INF API: test ended suite=0 test=465 pass=false
Sep 24 23:04:00.161 INF API: test started suite=0 test=466 name="interop/legacy-above-base/trace/trace (besu_release)"
Sep 24 23:04:00.166 INF API: test ended suite=0 test=466 pass=false
Sep 24 23:04:00.167 INF API: test started suite=0 test=467 name="interop/legacy-above-base/trace/vmTrace (besu_release)"
Sep 24 23:04:00.174 INF API: test ended suite=0 test=467 pass=false
Sep 24 23:04:00.175 INF API: test started suite=0 test=468 name="interop/legacy-at-base/eth (besu_release)"
Sep 24 23:04:00.180 INF API: test ended suite=0 test=468 pass=false
Sep 24 23:04:00.181 INF API: test started suite=0 test=469 name="interop/legacy-at-base/trace/none (besu_release)"
Sep 24 23:04:00.186 INF API: test ended suite=0 test=469 pass=false
Sep 24 23:04:00.187 INF API: test started suite=0 test=470 name="interop/legacy-at-base/trace/stateDiff-vmTrace (besu_release)"
Sep 24 23:04:00.195 INF API: test ended suite=0 test=470 pass=false
Sep 24 23:04:00.196 INF API: test started suite=0 test=471 name="interop/legacy-at-base/trace/stateDiff (besu_release)"
Sep 24 23:04:00.201 INF API: test ended suite=0 test=471 pass=false
Sep 24 23:04:00.202 INF API: test started suite=0 test=472 name="interop/legacy-at-base/trace/trace-stateDiff-vmTrace (besu_release)"
Sep 24 23:04:00.210 INF API: test ended suite=0 test=472 pass=false
Sep 24 23:04:00.211 INF API: test started suite=0 test=473 name="interop/legacy-at-base/trace/trace-stateDiff (besu_release)"
Sep 24 23:04:00.217 INF API: test ended suite=0 test=473 pass=false
Sep 24 23:04:00.218 INF API: test started suite=0 test=474 name="interop/legacy-at-base/trace/trace-vmTrace (besu_release)"
Sep 24 23:04:00.224 INF API: test ended suite=0 test=474 pass=false
Sep 24 23:04:00.225 INF API: test started suite=0 test=475 name="interop/legacy-at-base/trace/trace (besu_release)"
Sep 24 23:04:00.231 INF API: test ended suite=0 test=475 pass=false
Sep 24 23:04:00.232 INF API: test started suite=0 test=476 name="interop/legacy-at-base/trace/vmTrace (besu_release)"
Sep 24 23:04:00.237 INF API: test ended suite=0 test=476 pass=false
Sep 24 23:04:00.239 INF API: test started suite=0 test=477 name="interop/legacy-below-base/eth (besu_release)"
Sep 24 23:04:00.243 INF API: test ended suite=0 test=477 pass=false
Sep 24 23:04:00.244 INF API: test started suite=0 test=478 name="interop/legacy-below-base/trace/none (besu_release)"
Sep 24 23:04:00.248 INF API: test ended suite=0 test=478 pass=false
Sep 24 23:04:00.249 INF API: test started suite=0 test=479 name="interop/legacy-below-base/trace/stateDiff-vmTrace (besu_release)"
Sep 24 23:04:00.254 INF API: test ended suite=0 test=479 pass=false
Sep 24 23:04:00.255 INF API: test started suite=0 test=480 name="interop/legacy-below-base/trace/stateDiff (besu_release)"
Sep 24 23:04:00.259 INF API: test ended suite=0 test=480 pass=false
Sep 24 23:04:00.260 INF API: test started suite=0 test=481 name="interop/legacy-below-base/trace/trace-stateDiff-vmTrace (besu_release)"
Sep 24 23:04:00.266 INF API: test ended suite=0 test=481 pass=false
Sep 24 23:04:00.267 INF API: test started suite=0 test=482 name="interop/legacy-below-base/trace/trace-stateDiff (besu_release)"
Sep 24 23:04:00.273 INF API: test ended suite=0 test=482 pass=false
Sep 24 23:04:00.274 INF API: test started suite=0 test=483 name="interop/legacy-below-base/trace/trace-vmTrace (besu_release)"
Sep 24 23:04:00.279 INF API: test ended suite=0 test=483 pass=false
Sep 24 23:04:00.281 INF API: test started suite=0 test=484 name="interop/legacy-below-base/trace/trace (besu_release)"
Sep 24 23:04:00.286 INF API: test ended suite=0 test=484 pass=false
Sep 24 23:04:00.287 INF API: test started suite=0 test=485 name="interop/legacy-below-base/trace/vmTrace (besu_release)"
Sep 24 23:04:00.292 INF API: test ended suite=0 test=485 pass=false
Sep 24 23:04:00.294 INF API: test started suite=0 test=486 name="interop/legacy-one/eth (besu_release)"
Sep 24 23:04:00.298 INF API: test ended suite=0 test=486 pass=false
Sep 24 23:04:00.299 INF API: test started suite=0 test=487 name="interop/legacy-one/trace/none (besu_release)"
Sep 24 23:04:00.306 INF API: test ended suite=0 test=487 pass=false
Sep 24 23:04:00.308 INF API: test started suite=0 test=488 name="interop/legacy-one/trace/stateDiff-vmTrace (besu_release)"
Sep 24 23:04:00.312 INF API: test ended suite=0 test=488 pass=false
Sep 24 23:04:00.313 INF API: test started suite=0 test=489 name="interop/legacy-one/trace/stateDiff (besu_release)"
Sep 24 23:04:00.318 INF API: test ended suite=0 test=489 pass=false
Sep 24 23:04:00.319 INF API: test started suite=0 test=490 name="interop/legacy-one/trace/trace-stateDiff-vmTrace (besu_release)"
Sep 24 23:04:00.325 INF API: test ended suite=0 test=490 pass=false
Sep 24 23:04:00.326 INF API: test started suite=0 test=491 name="interop/legacy-one/trace/trace-stateDiff (besu_release)"
Sep 24 23:04:00.331 INF API: test ended suite=0 test=491 pass=false
Sep 24 23:04:00.332 INF API: test started suite=0 test=492 name="interop/legacy-one/trace/trace-vmTrace (besu_release)"
Sep 24 23:04:00.338 INF API: test ended suite=0 test=492 pass=false
Sep 24 23:04:00.339 INF API: test started suite=0 test=493 name="interop/legacy-one/trace/trace (besu_release)"
Sep 24 23:04:00.344 INF API: test ended suite=0 test=493 pass=false
Sep 24 23:04:00.345 INF API: test started suite=0 test=494 name="interop/legacy-one/trace/vmTrace (besu_release)"
Sep 24 23:04:00.349 INF API: test ended suite=0 test=494 pass=false
Sep 24 23:04:00.350 INF API: test started suite=0 test=495 name="interop/legacy-zero/eth (besu_release)"
Sep 24 23:04:00.355 INF API: test ended suite=0 test=495 pass=false
Sep 24 23:04:00.355 INF API: test started suite=0 test=496 name="interop/legacy-zero/trace/none (besu_release)"
Sep 24 23:04:00.359 INF API: test ended suite=0 test=496 pass=false
Sep 24 23:04:00.360 INF API: test started suite=0 test=497 name="interop/legacy-zero/trace/stateDiff-vmTrace (besu_release)"
Sep 24 23:04:00.363 INF API: test ended suite=0 test=497 pass=false
Sep 24 23:04:00.364 INF API: test started suite=0 test=498 name="interop/legacy-zero/trace/stateDiff (besu_release)"
Sep 24 23:04:00.368 INF API: test ended suite=0 test=498 pass=false
Sep 24 23:04:00.369 INF API: test started suite=0 test=499 name="interop/legacy-zero/trace/trace-stateDiff-vmTrace (besu_release)"
Sep 24 23:04:00.374 INF API: test ended suite=0 test=499 pass=false
Sep 24 23:04:00.374 INF API: test started suite=0 test=500 name="interop/legacy-zero/trace/trace-stateDiff (besu_release)"
Sep 24 23:04:00.379 INF API: test ended suite=0 test=500 pass=false
Sep 24 23:04:00.380 INF API: test started suite=0 test=501 name="interop/legacy-zero/trace/trace-vmTrace (besu_release)"
Sep 24 23:04:00.384 INF API: test ended suite=0 test=501 pass=false
Sep 24 23:04:00.385 INF API: test started suite=0 test=502 name="interop/legacy-zero/trace/trace (besu_release)"
Sep 24 23:04:00.390 INF API: test ended suite=0 test=502 pass=false
Sep 24 23:04:00.391 INF API: test started suite=0 test=503 name="interop/legacy-zero/trace/vmTrace (besu_release)"
Sep 24 23:04:00.395 INF API: test ended suite=0 test=503 pass=false
Sep 24 23:04:00.395 INF API: test started suite=0 test=504 name="interop/typed-at-base/eth (besu_release)"
Sep 24 23:04:00.400 INF API: test ended suite=0 test=504 pass=false
Sep 24 23:04:00.401 INF API: test started suite=0 test=505 name="interop/typed-at-base/trace/none (besu_release)"
Sep 24 23:04:00.406 INF API: test ended suite=0 test=505 pass=false
Sep 24 23:04:00.407 INF API: test started suite=0 test=506 name="interop/typed-at-base/trace/stateDiff-vmTrace (besu_release)"
Sep 24 23:04:00.413 INF API: test ended suite=0 test=506 pass=false
Sep 24 23:04:00.414 INF API: test started suite=0 test=507 name="interop/typed-at-base/trace/stateDiff (besu_release)"
Sep 24 23:04:00.420 INF API: test ended suite=0 test=507 pass=false
Sep 24 23:04:00.421 INF API: test started suite=0 test=508 name="interop/typed-at-base/trace/trace-stateDiff-vmTrace (besu_release)"
Sep 24 23:04:00.426 INF API: test ended suite=0 test=508 pass=false
Sep 24 23:04:00.427 INF API: test started suite=0 test=509 name="interop/typed-at-base/trace/trace-stateDiff (besu_release)"
Sep 24 23:04:00.432 INF API: test ended suite=0 test=509 pass=false
Sep 24 23:04:00.433 INF API: test started suite=0 test=510 name="interop/typed-at-base/trace/trace-vmTrace (besu_release)"
Sep 24 23:04:00.438 INF API: test ended suite=0 test=510 pass=false
Sep 24 23:04:00.439 INF API: test started suite=0 test=511 name="interop/typed-at-base/trace/trace (besu_release)"
Sep 24 23:04:00.443 INF API: test ended suite=0 test=511 pass=false
Sep 24 23:04:00.444 INF API: test started suite=0 test=512 name="interop/typed-at-base/trace/vmTrace (besu_release)"
Sep 24 23:04:00.449 INF API: test ended suite=0 test=512 pass=false
Sep 24 23:04:00.450 INF API: test started suite=0 test=513 name="interop/typed-below-base/eth (besu_release)"
Sep 24 23:04:00.454 INF API: test ended suite=0 test=513 pass=false
Sep 24 23:04:00.455 INF API: test started suite=0 test=514 name="interop/typed-below-base/trace/none (besu_release)"
Sep 24 23:04:00.459 INF API: test ended suite=0 test=514 pass=false
Sep 24 23:04:00.460 INF API: test started suite=0 test=515 name="interop/typed-below-base/trace/stateDiff-vmTrace (besu_release)"
Sep 24 23:04:00.464 INF API: test ended suite=0 test=515 pass=false
Sep 24 23:04:00.464 INF API: test started suite=0 test=516 name="interop/typed-below-base/trace/stateDiff (besu_release)"
Sep 24 23:04:00.468 INF API: test ended suite=0 test=516 pass=false
Sep 24 23:04:00.469 INF API: test started suite=0 test=517 name="interop/typed-below-base/trace/trace-stateDiff-vmTrace (besu_release)"
Sep 24 23:04:00.472 INF API: test ended suite=0 test=517 pass=false
Sep 24 23:04:00.473 INF API: test started suite=0 test=518 name="interop/typed-below-base/trace/trace-stateDiff (besu_release)"
Sep 24 23:04:00.476 INF API: test ended suite=0 test=518 pass=false
Sep 24 23:04:00.477 INF API: test started suite=0 test=519 name="interop/typed-below-base/trace/trace-vmTrace (besu_release)"
Sep 24 23:04:00.481 INF API: test ended suite=0 test=519 pass=false
Sep 24 23:04:00.482 INF API: test started suite=0 test=520 name="interop/typed-below-base/trace/trace (besu_release)"
Sep 24 23:04:00.485 INF API: test ended suite=0 test=520 pass=false
Sep 24 23:04:00.486 INF API: test started suite=0 test=521 name="interop/typed-below-base/trace/vmTrace (besu_release)"
Sep 24 23:04:00.489 INF API: test ended suite=0 test=521 pass=false
Sep 24 23:04:00.490 INF API: test started suite=0 test=522 name="interop/typed-below-base-positive-tip/eth (besu_release)"
Sep 24 23:04:00.492 INF API: test ended suite=0 test=522 pass=false
Sep 24 23:04:00.493 INF API: test started suite=0 test=523 name="interop/typed-below-base-positive-tip/trace/none (besu_release)"
Sep 24 23:04:00.497 INF API: test ended suite=0 test=523 pass=false
Sep 24 23:04:00.498 INF API: test started suite=0 test=524 name="interop/typed-below-base-positive-tip/trace/stateDiff-vmTrace (besu_release)"
Sep 24 23:04:00.501 INF API: test ended suite=0 test=524 pass=false
Sep 24 23:04:00.502 INF API: test started suite=0 test=525 name="interop/typed-below-base-positive-tip/trace/stateDiff (besu_release)"
Sep 24 23:04:00.505 INF API: test ended suite=0 test=525 pass=false
Sep 24 23:04:00.505 INF API: test started suite=0 test=526 name="interop/typed-below-base-positive-tip/trace/trace-stateDiff-vmTrace (besu_release)"
Sep 24 23:04:00.509 INF API: test ended suite=0 test=526 pass=false
Sep 24 23:04:00.510 INF API: test started suite=0 test=527 name="interop/typed-below-base-positive-tip/trace/trace-stateDiff (besu_release)"
Sep 24 23:04:00.514 INF API: test ended suite=0 test=527 pass=false
Sep 24 23:04:00.515 INF API: test started suite=0 test=528 name="interop/typed-below-base-positive-tip/trace/trace-vmTrace (besu_release)"
Sep 24 23:04:00.519 INF API: test ended suite=0 test=528 pass=false
Sep 24 23:04:00.520 INF API: test started suite=0 test=529 name="interop/typed-below-base-positive-tip/trace/trace (besu_release)"
Sep 24 23:04:00.524 INF API: test ended suite=0 test=529 pass=false
Sep 24 23:04:00.525 INF API: test started suite=0 test=530 name="interop/typed-below-base-positive-tip/trace/vmTrace (besu_release)"
Sep 24 23:04:00.528 INF API: test ended suite=0 test=530 pass=false
Sep 24 23:04:00.529 INF API: test started suite=0 test=531 name="interop/typed-cap-limited/eth (besu_release)"
Sep 24 23:04:00.532 INF API: test ended suite=0 test=531 pass=false
Sep 24 23:04:00.533 INF API: test started suite=0 test=532 name="interop/typed-cap-limited/trace/none (besu_release)"
Sep 24 23:04:00.537 INF API: test ended suite=0 test=532 pass=false
Sep 24 23:04:00.537 INF API: test started suite=0 test=533 name="interop/typed-cap-limited/trace/stateDiff-vmTrace (besu_release)"
Sep 24 23:04:00.544 INF API: test ended suite=0 test=533 pass=false
Sep 24 23:04:00.545 INF API: test started suite=0 test=534 name="interop/typed-cap-limited/trace/stateDiff (besu_release)"
Sep 24 23:04:00.549 INF API: test ended suite=0 test=534 pass=false
Sep 24 23:04:00.550 INF API: test started suite=0 test=535 name="interop/typed-cap-limited/trace/trace-stateDiff-vmTrace (besu_release)"
Sep 24 23:04:00.556 INF API: test ended suite=0 test=535 pass=false
Sep 24 23:04:00.557 INF API: test started suite=0 test=536 name="interop/typed-cap-limited/trace/trace-stateDiff (besu_release)"
Sep 24 23:04:00.562 INF API: test ended suite=0 test=536 pass=false
Sep 24 23:04:00.563 INF API: test started suite=0 test=537 name="interop/typed-cap-limited/trace/trace-vmTrace (besu_release)"
Sep 24 23:04:00.569 INF API: test ended suite=0 test=537 pass=false
Sep 24 23:04:00.570 INF API: test started suite=0 test=538 name="interop/typed-cap-limited/trace/trace (besu_release)"
Sep 24 23:04:00.575 INF API: test ended suite=0 test=538 pass=false
Sep 24 23:04:00.576 INF API: test started suite=0 test=539 name="interop/typed-cap-limited/trace/vmTrace (besu_release)"
Sep 24 23:04:00.582 INF API: test ended suite=0 test=539 pass=false
Sep 24 23:04:00.583 INF API: test started suite=0 test=540 name="interop/typed-one/eth (besu_release)"
Sep 24 23:04:00.586 INF API: test ended suite=0 test=540 pass=false
Sep 24 23:04:00.587 INF API: test started suite=0 test=541 name="interop/typed-one/trace/none (besu_release)"
Sep 24 23:04:00.590 INF API: test ended suite=0 test=541 pass=false
Sep 24 23:04:00.591 INF API: test started suite=0 test=542 name="interop/typed-one/trace/stateDiff-vmTrace (besu_release)"
Sep 24 23:04:00.594 INF API: test ended suite=0 test=542 pass=false
Sep 24 23:04:00.595 INF API: test started suite=0 test=543 name="interop/typed-one/trace/stateDiff (besu_release)"
Sep 24 23:04:00.598 INF API: test ended suite=0 test=543 pass=false
Sep 24 23:04:00.598 INF API: test started suite=0 test=544 name="interop/typed-one/trace/trace-stateDiff-vmTrace (besu_release)"
Sep 24 23:04:00.602 INF API: test ended suite=0 test=544 pass=false
Sep 24 23:04:00.603 INF API: test started suite=0 test=545 name="interop/typed-one/trace/trace-stateDiff (besu_release)"
Sep 24 23:04:00.606 INF API: test ended suite=0 test=545 pass=false
Sep 24 23:04:00.607 INF API: test started suite=0 test=546 name="interop/typed-one/trace/trace-vmTrace (besu_release)"
Sep 24 23:04:00.611 INF API: test ended suite=0 test=546 pass=false
Sep 24 23:04:00.612 INF API: test started suite=0 test=547 name="interop/typed-one/trace/trace (besu_release)"
Sep 24 23:04:00.616 INF API: test ended suite=0 test=547 pass=false
Sep 24 23:04:00.616 INF API: test started suite=0 test=548 name="interop/typed-one/trace/vmTrace (besu_release)"
Sep 24 23:04:00.620 INF API: test ended suite=0 test=548 pass=false
Sep 24 23:04:00.621 INF API: test started suite=0 test=549 name="interop/typed-tip-equals-cap/eth (besu_release)"
Sep 24 23:04:00.623 INF API: test ended suite=0 test=549 pass=false
Sep 24 23:04:00.624 INF API: test started suite=0 test=550 name="interop/typed-tip-equals-cap/trace/none (besu_release)"
Sep 24 23:04:00.628 INF API: test ended suite=0 test=550 pass=false
Sep 24 23:04:00.629 INF API: test started suite=0 test=551 name="interop/typed-tip-equals-cap/trace/stateDiff-vmTrace (besu_release)"
Sep 24 23:04:00.636 INF API: test ended suite=0 test=551 pass=false
Sep 24 23:04:00.637 INF API: test started suite=0 test=552 name="interop/typed-tip-equals-cap/trace/stateDiff (besu_release)"
Sep 24 23:04:00.642 INF API: test ended suite=0 test=552 pass=false
Sep 24 23:04:00.642 INF API: test started suite=0 test=553 name="interop/typed-tip-equals-cap/trace/trace-stateDiff-vmTrace (besu_release)"
Sep 24 23:04:00.650 INF API: test ended suite=0 test=553 pass=false
Sep 24 23:04:00.651 INF API: test started suite=0 test=554 name="interop/typed-tip-equals-cap/trace/trace-stateDiff (besu_release)"
Sep 24 23:04:00.656 INF API: test ended suite=0 test=554 pass=false
Sep 24 23:04:00.657 INF API: test started suite=0 test=555 name="interop/typed-tip-equals-cap/trace/trace-vmTrace (besu_release)"
Sep 24 23:04:00.663 INF API: test ended suite=0 test=555 pass=false
Sep 24 23:04:00.664 INF API: test started suite=0 test=556 name="interop/typed-tip-equals-cap/trace/trace (besu_release)"
Sep 24 23:04:00.670 INF API: test ended suite=0 test=556 pass=false
Sep 24 23:04:00.671 INF API: test started suite=0 test=557 name="interop/typed-tip-equals-cap/trace/vmTrace (besu_release)"
Sep 24 23:04:00.678 INF API: test ended suite=0 test=557 pass=false
Sep 24 23:04:00.679 INF API: test started suite=0 test=558 name="interop/typed-tip-limited/eth (besu_release)"
Sep 24 23:04:00.685 INF API: test ended suite=0 test=558 pass=false
Sep 24 23:04:00.686 INF API: test started suite=0 test=559 name="interop/typed-tip-limited/trace/none (besu_release)"
Sep 24 23:04:00.691 INF API: test ended suite=0 test=559 pass=false
Sep 24 23:04:00.692 INF API: test started suite=0 test=560 name="interop/typed-tip-limited/trace/stateDiff-vmTrace (besu_release)"
Sep 24 23:04:00.698 INF API: test ended suite=0 test=560 pass=false
Sep 24 23:04:00.698 INF API: test started suite=0 test=561 name="interop/typed-tip-limited/trace/stateDiff (besu_release)"
Sep 24 23:04:00.703 INF API: test ended suite=0 test=561 pass=false
Sep 24 23:04:00.704 INF API: test started suite=0 test=562 name="interop/typed-tip-limited/trace/trace-stateDiff-vmTrace (besu_release)"
Sep 24 23:04:00.709 INF API: test ended suite=0 test=562 pass=false
Sep 24 23:04:00.710 INF API: test started suite=0 test=563 name="interop/typed-tip-limited/trace/trace-stateDiff (besu_release)"
Sep 24 23:04:00.714 INF API: test ended suite=0 test=563 pass=false
Sep 24 23:04:00.715 INF API: test started suite=0 test=564 name="interop/typed-tip-limited/trace/trace-vmTrace (besu_release)"
Sep 24 23:04:00.720 INF API: test ended suite=0 test=564 pass=false
Sep 24 23:04:00.721 INF API: test started suite=0 test=565 name="interop/typed-tip-limited/trace/trace (besu_release)"
Sep 24 23:04:00.725 INF API: test ended suite=0 test=565 pass=false
Sep 24 23:04:00.726 INF API: test started suite=0 test=566 name="interop/typed-tip-limited/trace/vmTrace (besu_release)"
Sep 24 23:04:00.730 INF API: test ended suite=0 test=566 pass=false
Sep 24 23:04:00.731 INF API: test started suite=0 test=567 name="interop/typed-tip-over-cap/eth (besu_release)"
Sep 24 23:04:00.734 INF API: test ended suite=0 test=567 pass=false
Sep 24 23:04:00.735 INF API: test started suite=0 test=568 name="interop/typed-tip-over-cap/trace/none (besu_release)"
Sep 24 23:04:00.738 INF API: test ended suite=0 test=568 pass=false
Sep 24 23:04:00.739 INF API: test started suite=0 test=569 name="interop/typed-tip-over-cap/trace/stateDiff-vmTrace (besu_release)"
Sep 24 23:04:00.742 INF API: test ended suite=0 test=569 pass=false
Sep 24 23:04:00.743 INF API: test started suite=0 test=570 name="interop/typed-tip-over-cap/trace/stateDiff (besu_release)"
Sep 24 23:04:00.747 INF API: test ended suite=0 test=570 pass=false
Sep 24 23:04:00.748 INF API: test started suite=0 test=571 name="interop/typed-tip-over-cap/trace/trace-stateDiff-vmTrace (besu_release)"
Sep 24 23:04:00.751 INF API: test ended suite=0 test=571 pass=false
Sep 24 23:04:00.752 INF API: test started suite=0 test=572 name="interop/typed-tip-over-cap/trace/trace-stateDiff (besu_release)"
Sep 24 23:04:00.755 INF API: test ended suite=0 test=572 pass=false
Sep 24 23:04:00.756 INF API: test started suite=0 test=573 name="interop/typed-tip-over-cap/trace/trace-vmTrace (besu_release)"
Sep 24 23:04:00.759 INF API: test ended suite=0 test=573 pass=false
Sep 24 23:04:00.759 INF API: test started suite=0 test=574 name="interop/typed-tip-over-cap/trace/trace (besu_release)"
Sep 24 23:04:00.762 INF API: test ended suite=0 test=574 pass=false
Sep 24 23:04:00.763 INF API: test started suite=0 test=575 name="interop/typed-tip-over-cap/trace/vmTrace (besu_release)"
Sep 24 23:04:00.766 INF API: test ended suite=0 test=575 pass=false
Sep 24 23:04:00.767 INF API: test started suite=0 test=576 name="interop/typed-zero/eth (besu_release)"
Sep 24 23:04:00.770 INF API: test ended suite=0 test=576 pass=false
Sep 24 23:04:00.771 INF API: test started suite=0 test=577 name="interop/typed-zero/trace/none (besu_release)"
Sep 24 23:04:00.774 INF API: test ended suite=0 test=577 pass=false
Sep 24 23:04:00.775 INF API: test started suite=0 test=578 name="interop/typed-zero/trace/stateDiff-vmTrace (besu_release)"
Sep 24 23:04:00.779 INF API: test ended suite=0 test=578 pass=false
Sep 24 23:04:00.780 INF API: test started suite=0 test=579 name="interop/typed-zero/trace/stateDiff (besu_release)"
Sep 24 23:04:00.784 INF API: test ended suite=0 test=579 pass=false
Sep 24 23:04:00.785 INF API: test started suite=0 test=580 name="interop/typed-zero/trace/trace-stateDiff-vmTrace (besu_release)"
Sep 24 23:04:00.788 INF API: test ended suite=0 test=580 pass=false
Sep 24 23:04:00.789 INF API: test started suite=0 test=581 name="interop/typed-zero/trace/trace-stateDiff (besu_release)"
Sep 24 23:04:00.792 INF API: test ended suite=0 test=581 pass=false
Sep 24 23:04:00.793 INF API: test started suite=0 test=582 name="interop/typed-zero/trace/trace-vmTrace (besu_release)"
Sep 24 23:04:00.796 INF API: test ended suite=0 test=582 pass=false
Sep 24 23:04:00.797 INF API: test started suite=0 test=583 name="interop/typed-zero/trace/trace (besu_release)"
Sep 24 23:04:00.801 INF API: test ended suite=0 test=583 pass=false
Sep 24 23:04:00.802 INF API: test started suite=0 test=584 name="interop/typed-zero/trace/vmTrace (besu_release)"
Sep 24 23:04:00.805 INF API: test ended suite=0 test=584 pass=false
Sep 24 23:04:00.806 INF API: test started suite=0 test=585 name="interop/typed-zero-cap-positive-tip/eth (besu_release)"
Sep 24 23:04:00.809 INF API: test ended suite=0 test=585 pass=false
Sep 24 23:04:00.810 INF API: test started suite=0 test=586 name="interop/typed-zero-cap-positive-tip/trace/none (besu_release)"
Sep 24 23:04:00.813 INF API: test ended suite=0 test=586 pass=false
Sep 24 23:04:00.814 INF API: test started suite=0 test=587 name="interop/typed-zero-cap-positive-tip/trace/stateDiff-vmTrace (besu_release)"
Sep 24 23:04:00.817 INF API: test ended suite=0 test=587 pass=false
Sep 24 23:04:00.818 INF API: test started suite=0 test=588 name="interop/typed-zero-cap-positive-tip/trace/stateDiff (besu_release)"
Sep 24 23:04:00.821 INF API: test ended suite=0 test=588 pass=false
Sep 24 23:04:00.822 INF API: test started suite=0 test=589 name="interop/typed-zero-cap-positive-tip/trace/trace-stateDiff-vmTrace (besu_release)"
Sep 24 23:04:00.824 INF API: test ended suite=0 test=589 pass=false
Sep 24 23:04:00.825 INF API: test started suite=0 test=590 name="interop/typed-zero-cap-positive-tip/trace/trace-stateDiff (besu_release)"
Sep 24 23:04:00.828 INF API: test ended suite=0 test=590 pass=false
Sep 24 23:04:00.829 INF API: test started suite=0 test=591 name="interop/typed-zero-cap-positive-tip/trace/trace-vmTrace (besu_release)"
Sep 24 23:04:00.831 INF API: test ended suite=0 test=591 pass=false
Sep 24 23:04:00.832 INF API: test started suite=0 test=592 name="interop/typed-zero-cap-positive-tip/trace/trace (besu_release)"
Sep 24 23:04:00.835 INF API: test ended suite=0 test=592 pass=false
Sep 24 23:04:00.835 INF API: test started suite=0 test=593 name="interop/typed-zero-cap-positive-tip/trace/vmTrace (besu_release)"
Sep 24 23:04:00.838 INF API: test ended suite=0 test=593 pass=false
Sep 24 23:04:00.839 INF API: test started suite=0 test=594 name="interop/typed-zero-tip/eth (besu_release)"
Sep 24 23:04:00.842 INF API: test ended suite=0 test=594 pass=false
Sep 24 23:04:00.843 INF API: test started suite=0 test=595 name="interop/typed-zero-tip/trace/none (besu_release)"
Sep 24 23:04:00.847 INF API: test ended suite=0 test=595 pass=false
Sep 24 23:04:00.848 INF API: test started suite=0 test=596 name="interop/typed-zero-tip/trace/stateDiff-vmTrace (besu_release)"
Sep 24 23:04:00.853 INF API: test ended suite=0 test=596 pass=false
Sep 24 23:04:00.853 INF API: test started suite=0 test=597 name="interop/typed-zero-tip/trace/stateDiff (besu_release)"
Sep 24 23:04:00.857 INF API: test ended suite=0 test=597 pass=false
Sep 24 23:04:00.857 INF API: test started suite=0 test=598 name="interop/typed-zero-tip/trace/trace-stateDiff-vmTrace (besu_release)"
Sep 24 23:04:00.862 INF API: test ended suite=0 test=598 pass=false
Sep 24 23:04:00.863 INF API: test started suite=0 test=599 name="interop/typed-zero-tip/trace/trace-stateDiff (besu_release)"
Sep 24 23:04:00.866 INF API: test ended suite=0 test=599 pass=false
Sep 24 23:04:00.867 INF API: test started suite=0 test=600 name="interop/typed-zero-tip/trace/trace-vmTrace (besu_release)"
Sep 24 23:04:00.872 INF API: test ended suite=0 test=600 pass=false
Sep 24 23:04:00.873 INF API: test started suite=0 test=601 name="interop/typed-zero-tip/trace/trace (besu_release)"
Sep 24 23:04:00.877 INF API: test ended suite=0 test=601 pass=false
Sep 24 23:04:00.878 INF API: test started suite=0 test=602 name="interop/typed-zero-tip/trace/vmTrace (besu_release)"
Sep 24 23:04:00.883 INF API: test ended suite=0 test=602 pass=false
Sep 24 23:04:01.252 INF API: test ended suite=0 test=302 pass=true
Sep 24 23:04:01.254 INF API: test started suite=0 test=603 name="client launch (erigon_development)"
Sep 24 23:04:02.600 INF API: client erigon_development started suite=0 test=603 container=8edeace8
Sep 24 23:04:02.620 INF API: test started suite=0 test=604 name="interop/_control/empty-balance (erigon_development)"
Sep 24 23:04:02.635 INF API: test ended suite=0 test=604 pass=false
Sep 24 23:04:02.636 INF API: test started suite=0 test=605 name="interop/_control/empty-code (erigon_development)"
Sep 24 23:04:02.638 INF API: test ended suite=0 test=605 pass=false
Sep 24 23:04:02.638 INF API: test started suite=0 test=606 name="interop/_control/empty-nonce (erigon_development)"
Sep 24 23:04:02.640 INF API: test ended suite=0 test=606 pass=false
Sep 24 23:04:02.640 INF API: test started suite=0 test=607 name="interop/_control/head (erigon_development)"
Sep 24 23:04:02.643 INF API: test ended suite=0 test=607 pass=false
Sep 24 23:04:02.644 INF API: test started suite=0 test=608 name="interop/_control/latest (erigon_development)"
Sep 24 23:04:02.645 INF API: test ended suite=0 test=608 pass=false
Sep 24 23:04:02.646 INF API: test started suite=0 test=609 name="interop/_control/miner-balance (erigon_development)"
Sep 24 23:04:02.647 INF API: test ended suite=0 test=609 pass=false
Sep 24 23:04:02.647 INF API: test started suite=0 test=610 name="interop/_control/miner-code (erigon_development)"
Sep 24 23:04:02.648 INF API: test ended suite=0 test=610 pass=false
Sep 24 23:04:02.649 INF API: test started suite=0 test=611 name="interop/_control/miner-nonce (erigon_development)"
Sep 24 23:04:02.650 INF API: test ended suite=0 test=611 pass=false
Sep 24 23:04:02.651 INF API: test started suite=0 test=612 name="interop/_control/sender-balance (erigon_development)"
Sep 24 23:04:02.651 INF API: test ended suite=0 test=612 pass=false
Sep 24 23:04:02.652 INF API: test started suite=0 test=613 name="interop/_control/sender-code (erigon_development)"
Sep 24 23:04:02.653 INF API: test ended suite=0 test=613 pass=false
Sep 24 23:04:02.654 INF API: test started suite=0 test=614 name="interop/_control/sender-nonce (erigon_development)"
Sep 24 23:04:02.655 INF API: test ended suite=0 test=614 pass=false
Sep 24 23:04:02.656 INF API: test started suite=0 test=615 name="interop/_control/version (erigon_development)"
Sep 24 23:04:02.657 INF API: test ended suite=0 test=615 pass=false
Sep 24 23:04:02.657 INF API: test started suite=0 test=616 name="interop/defaults-cap-only-positive/eth (erigon_development)"
Sep 24 23:04:02.659 INF API: test ended suite=0 test=616 pass=false
Sep 24 23:04:02.660 INF API: test started suite=0 test=617 name="interop/defaults-cap-only-positive/trace/none (erigon_development)"
Sep 24 23:04:02.661 INF API: test ended suite=0 test=617 pass=false
Sep 24 23:04:02.662 INF API: test started suite=0 test=618 name="interop/defaults-cap-only-positive/trace/stateDiff-vmTrace (erigon_development)"
Sep 24 23:04:02.665 INF API: test ended suite=0 test=618 pass=false
Sep 24 23:04:02.666 INF API: test started suite=0 test=619 name="interop/defaults-cap-only-positive/trace/stateDiff (erigon_development)"
Sep 24 23:04:02.667 INF API: test ended suite=0 test=619 pass=false
Sep 24 23:04:02.668 INF API: test started suite=0 test=620 name="interop/defaults-cap-only-positive/trace/trace-stateDiff-vmTrace (erigon_development)"
Sep 24 23:04:02.671 INF API: test ended suite=0 test=620 pass=false
Sep 24 23:04:02.672 INF API: test started suite=0 test=621 name="interop/defaults-cap-only-positive/trace/trace-stateDiff (erigon_development)"
Sep 24 23:04:02.674 INF API: test ended suite=0 test=621 pass=false
Sep 24 23:04:02.675 INF API: test started suite=0 test=622 name="interop/defaults-cap-only-positive/trace/trace-vmTrace (erigon_development)"
Sep 24 23:04:02.677 INF API: test ended suite=0 test=622 pass=false
Sep 24 23:04:02.678 INF API: test started suite=0 test=623 name="interop/defaults-cap-only-positive/trace/trace (erigon_development)"
Sep 24 23:04:02.680 INF API: test ended suite=0 test=623 pass=false
Sep 24 23:04:02.680 INF API: test started suite=0 test=624 name="interop/defaults-cap-only-positive/trace/vmTrace (erigon_development)"
Sep 24 23:04:02.683 INF API: test ended suite=0 test=624 pass=false
Sep 24 23:04:02.684 INF API: test started suite=0 test=625 name="interop/defaults-cap-only-zero/eth (erigon_development)"
Sep 24 23:04:02.685 INF API: test ended suite=0 test=625 pass=false
Sep 24 23:04:02.686 INF API: test started suite=0 test=626 name="interop/defaults-cap-only-zero/trace/none (erigon_development)"
Sep 24 23:04:02.687 INF API: test ended suite=0 test=626 pass=false
Sep 24 23:04:02.688 INF API: test started suite=0 test=627 name="interop/defaults-cap-only-zero/trace/stateDiff-vmTrace (erigon_development)"
Sep 24 23:04:02.690 INF API: test ended suite=0 test=627 pass=false
Sep 24 23:04:02.691 INF API: test started suite=0 test=628 name="interop/defaults-cap-only-zero/trace/stateDiff (erigon_development)"
Sep 24 23:04:02.693 INF API: test ended suite=0 test=628 pass=false
Sep 24 23:04:02.693 INF API: test started suite=0 test=629 name="interop/defaults-cap-only-zero/trace/trace-stateDiff-vmTrace (erigon_development)"
Sep 24 23:04:02.696 INF API: test ended suite=0 test=629 pass=false
Sep 24 23:04:02.697 INF API: test started suite=0 test=630 name="interop/defaults-cap-only-zero/trace/trace-stateDiff (erigon_development)"
Sep 24 23:04:02.699 INF API: test ended suite=0 test=630 pass=false
Sep 24 23:04:02.699 INF API: test started suite=0 test=631 name="interop/defaults-cap-only-zero/trace/trace-vmTrace (erigon_development)"
Sep 24 23:04:02.702 INF API: test ended suite=0 test=631 pass=false
Sep 24 23:04:02.703 INF API: test started suite=0 test=632 name="interop/defaults-cap-only-zero/trace/trace (erigon_development)"
Sep 24 23:04:02.705 INF API: test ended suite=0 test=632 pass=false
Sep 24 23:04:02.705 INF API: test started suite=0 test=633 name="interop/defaults-cap-only-zero/trace/vmTrace (erigon_development)"
Sep 24 23:04:02.708 INF API: test ended suite=0 test=633 pass=false
Sep 24 23:04:02.709 INF API: test started suite=0 test=634 name="interop/defaults-omitted/eth (erigon_development)"
Sep 24 23:04:02.710 INF API: test ended suite=0 test=634 pass=false
Sep 24 23:04:02.711 INF API: test started suite=0 test=635 name="interop/defaults-omitted/trace/none (erigon_development)"
Sep 24 23:04:02.712 INF API: test ended suite=0 test=635 pass=false
Sep 24 23:04:02.713 INF API: test started suite=0 test=636 name="interop/defaults-omitted/trace/stateDiff-vmTrace (erigon_development)"
Sep 24 23:04:02.716 INF API: test ended suite=0 test=636 pass=false
Sep 24 23:04:02.717 INF API: test started suite=0 test=637 name="interop/defaults-omitted/trace/stateDiff (erigon_development)"
Sep 24 23:04:02.718 INF API: test ended suite=0 test=637 pass=false
Sep 24 23:04:02.719 INF API: test started suite=0 test=638 name="interop/defaults-omitted/trace/trace-stateDiff-vmTrace (erigon_development)"
Sep 24 23:04:02.723 INF API: test ended suite=0 test=638 pass=false
Sep 24 23:04:02.724 INF API: test started suite=0 test=639 name="interop/defaults-omitted/trace/trace-stateDiff (erigon_development)"
Sep 24 23:04:02.725 INF API: test ended suite=0 test=639 pass=false
Sep 24 23:04:02.726 INF API: test started suite=0 test=640 name="interop/defaults-omitted/trace/trace-vmTrace (erigon_development)"
Sep 24 23:04:02.730 INF API: test ended suite=0 test=640 pass=false
Sep 24 23:04:02.730 INF API: test started suite=0 test=641 name="interop/defaults-omitted/trace/trace (erigon_development)"
Sep 24 23:04:02.732 INF API: test ended suite=0 test=641 pass=false
Sep 24 23:04:02.733 INF API: test started suite=0 test=642 name="interop/defaults-omitted/trace/vmTrace (erigon_development)"
Sep 24 23:04:02.735 INF API: test ended suite=0 test=642 pass=false
Sep 24 23:04:02.736 INF API: test started suite=0 test=643 name="interop/defaults-tip-only-positive/eth (erigon_development)"
Sep 24 23:04:02.748 INF API: test ended suite=0 test=643 pass=false
Sep 24 23:04:02.748 INF API: test started suite=0 test=644 name="interop/defaults-tip-only-positive/trace/none (erigon_development)"
Sep 24 23:04:02.761 INF API: test ended suite=0 test=644 pass=false
Sep 24 23:04:02.762 INF API: test started suite=0 test=645 name="interop/defaults-tip-only-positive/trace/stateDiff-vmTrace (erigon_development)"
Sep 24 23:04:02.774 INF API: test ended suite=0 test=645 pass=false
Sep 24 23:04:02.775 INF API: test started suite=0 test=646 name="interop/defaults-tip-only-positive/trace/stateDiff (erigon_development)"
Sep 24 23:04:02.786 INF API: test ended suite=0 test=646 pass=false
Sep 24 23:04:02.786 INF API: test started suite=0 test=647 name="interop/defaults-tip-only-positive/trace/trace-stateDiff-vmTrace (erigon_development)"
Sep 24 23:04:02.799 INF API: test ended suite=0 test=647 pass=false
Sep 24 23:04:02.800 INF API: test started suite=0 test=648 name="interop/defaults-tip-only-positive/trace/trace-stateDiff (erigon_development)"
Sep 24 23:04:02.811 INF API: test ended suite=0 test=648 pass=false
Sep 24 23:04:02.812 INF API: test started suite=0 test=649 name="interop/defaults-tip-only-positive/trace/trace-vmTrace (erigon_development)"
Sep 24 23:04:02.823 INF API: test ended suite=0 test=649 pass=false
Sep 24 23:04:02.824 INF API: test started suite=0 test=650 name="interop/defaults-tip-only-positive/trace/trace (erigon_development)"
Sep 24 23:04:02.835 INF API: test ended suite=0 test=650 pass=false
Sep 24 23:04:02.836 INF API: test started suite=0 test=651 name="interop/defaults-tip-only-positive/trace/vmTrace (erigon_development)"
Sep 24 23:04:02.851 INF API: test ended suite=0 test=651 pass=false
Sep 24 23:04:02.852 INF API: test started suite=0 test=652 name="interop/defaults-tip-only-zero/eth (erigon_development)"
Sep 24 23:04:02.853 INF API: test ended suite=0 test=652 pass=false
Sep 24 23:04:02.854 INF API: test started suite=0 test=653 name="interop/defaults-tip-only-zero/trace/none (erigon_development)"
Sep 24 23:04:02.855 INF API: test ended suite=0 test=653 pass=false
Sep 24 23:04:02.856 INF API: test started suite=0 test=654 name="interop/defaults-tip-only-zero/trace/stateDiff-vmTrace (erigon_development)"
Sep 24 23:04:02.859 INF API: test ended suite=0 test=654 pass=false
Sep 24 23:04:02.860 INF API: test started suite=0 test=655 name="interop/defaults-tip-only-zero/trace/stateDiff (erigon_development)"
Sep 24 23:04:02.861 INF API: test ended suite=0 test=655 pass=false
Sep 24 23:04:02.862 INF API: test started suite=0 test=656 name="interop/defaults-tip-only-zero/trace/trace-stateDiff-vmTrace (erigon_development)"
Sep 24 23:04:02.865 INF API: test ended suite=0 test=656 pass=false
Sep 24 23:04:02.866 INF API: test started suite=0 test=657 name="interop/defaults-tip-only-zero/trace/trace-stateDiff (erigon_development)"
Sep 24 23:04:02.867 INF API: test ended suite=0 test=657 pass=false
Sep 24 23:04:02.868 INF API: test started suite=0 test=658 name="interop/defaults-tip-only-zero/trace/trace-vmTrace (erigon_development)"
Sep 24 23:04:02.870 INF API: test ended suite=0 test=658 pass=false
Sep 24 23:04:02.871 INF API: test started suite=0 test=659 name="interop/defaults-tip-only-zero/trace/trace (erigon_development)"
Sep 24 23:04:02.872 INF API: test ended suite=0 test=659 pass=false
Sep 24 23:04:02.873 INF API: test started suite=0 test=660 name="interop/defaults-tip-only-zero/trace/vmTrace (erigon_development)"
Sep 24 23:04:02.875 INF API: test ended suite=0 test=660 pass=false
Sep 24 23:04:02.876 INF API: test started suite=0 test=661 name="interop/empty-sender-free/eth (erigon_development)"
Sep 24 23:04:02.877 INF API: test ended suite=0 test=661 pass=false
Sep 24 23:04:02.878 INF API: test started suite=0 test=662 name="interop/empty-sender-free/trace/none (erigon_development)"
Sep 24 23:04:02.885 INF API: test ended suite=0 test=662 pass=false
Sep 24 23:04:02.886 INF API: test started suite=0 test=663 name="interop/empty-sender-free/trace/stateDiff-vmTrace (erigon_development)"
Sep 24 23:04:02.897 INF API: test ended suite=0 test=663 pass=false
Sep 24 23:04:02.898 INF API: test started suite=0 test=664 name="interop/empty-sender-free/trace/stateDiff (erigon_development)"
Sep 24 23:04:02.909 INF API: test ended suite=0 test=664 pass=false
Sep 24 23:04:02.909 INF API: test started suite=0 test=665 name="interop/empty-sender-free/trace/trace-stateDiff-vmTrace (erigon_development)"
Sep 24 23:04:02.921 INF API: test ended suite=0 test=665 pass=false
Sep 24 23:04:02.922 INF API: test started suite=0 test=666 name="interop/empty-sender-free/trace/trace-stateDiff (erigon_development)"
Sep 24 23:04:02.933 INF API: test ended suite=0 test=666 pass=false
Sep 24 23:04:02.934 INF API: test started suite=0 test=667 name="interop/empty-sender-free/trace/trace-vmTrace (erigon_development)"
Sep 24 23:04:02.945 INF API: test ended suite=0 test=667 pass=false
Sep 24 23:04:02.945 INF API: test started suite=0 test=668 name="interop/empty-sender-free/trace/trace (erigon_development)"
Sep 24 23:04:02.957 INF API: test ended suite=0 test=668 pass=false
Sep 24 23:04:02.957 INF API: test started suite=0 test=669 name="interop/empty-sender-free/trace/vmTrace (erigon_development)"
Sep 24 23:04:02.972 INF API: test ended suite=0 test=669 pass=false
Sep 24 23:04:02.973 INF API: test started suite=0 test=670 name="interop/empty-sender-priced/eth (erigon_development)"
Sep 24 23:04:02.984 INF API: test ended suite=0 test=670 pass=false
Sep 24 23:04:02.985 INF API: test started suite=0 test=671 name="interop/empty-sender-priced/trace/none (erigon_development)"
Sep 24 23:04:02.986 INF API: test ended suite=0 test=671 pass=false
Sep 24 23:04:02.987 INF API: test started suite=0 test=672 name="interop/empty-sender-priced/trace/stateDiff-vmTrace (erigon_development)"
Sep 24 23:04:02.990 INF API: test ended suite=0 test=672 pass=false
Sep 24 23:04:02.991 INF API: test started suite=0 test=673 name="interop/empty-sender-priced/trace/stateDiff (erigon_development)"
Sep 24 23:04:02.992 INF API: test ended suite=0 test=673 pass=false
Sep 24 23:04:02.993 INF API: test started suite=0 test=674 name="interop/empty-sender-priced/trace/trace-stateDiff-vmTrace (erigon_development)"
Sep 24 23:04:02.995 INF API: test ended suite=0 test=674 pass=false
Sep 24 23:04:02.996 INF API: test started suite=0 test=675 name="interop/empty-sender-priced/trace/trace-stateDiff (erigon_development)"
Sep 24 23:04:02.997 INF API: test ended suite=0 test=675 pass=false
Sep 24 23:04:02.998 INF API: test started suite=0 test=676 name="interop/empty-sender-priced/trace/trace-vmTrace (erigon_development)"
Sep 24 23:04:03.001 INF API: test ended suite=0 test=676 pass=false
Sep 24 23:04:03.002 INF API: test started suite=0 test=677 name="interop/empty-sender-priced/trace/trace (erigon_development)"
Sep 24 23:04:03.003 INF API: test ended suite=0 test=677 pass=false
Sep 24 23:04:03.004 INF API: test started suite=0 test=678 name="interop/empty-sender-priced/trace/vmTrace (erigon_development)"
Sep 24 23:04:03.006 INF API: test ended suite=0 test=678 pass=false
Sep 24 23:04:03.007 INF API: test started suite=0 test=679 name="interop/funding-free-exact/eth (erigon_development)"
Sep 24 23:04:03.008 INF API: test ended suite=0 test=679 pass=false
Sep 24 23:04:03.009 INF API: test started suite=0 test=680 name="interop/funding-free-exact/trace/none (erigon_development)"
Sep 24 23:04:03.020 INF API: test ended suite=0 test=680 pass=false
Sep 24 23:04:03.021 INF API: test started suite=0 test=681 name="interop/funding-free-exact/trace/stateDiff-vmTrace (erigon_development)"
Sep 24 23:04:03.024 INF API: test ended suite=0 test=681 pass=false
Sep 24 23:04:03.025 INF API: test started suite=0 test=682 name="interop/funding-free-exact/trace/stateDiff (erigon_development)"
Sep 24 23:04:03.026 INF API: test ended suite=0 test=682 pass=false
Sep 24 23:04:03.027 INF API: test started suite=0 test=683 name="interop/funding-free-exact/trace/trace-stateDiff-vmTrace (erigon_development)"
Sep 24 23:04:03.029 INF API: test ended suite=0 test=683 pass=false
Sep 24 23:04:03.030 INF API: test started suite=0 test=684 name="interop/funding-free-exact/trace/trace-stateDiff (erigon_development)"
Sep 24 23:04:03.031 INF API: test ended suite=0 test=684 pass=false
Sep 24 23:04:03.032 INF API: test started suite=0 test=685 name="interop/funding-free-exact/trace/trace-vmTrace (erigon_development)"
Sep 24 23:04:03.033 INF API: test ended suite=0 test=685 pass=false
Sep 24 23:04:03.034 INF API: test started suite=0 test=686 name="interop/funding-free-exact/trace/trace (erigon_development)"
Sep 24 23:04:03.035 INF API: test ended suite=0 test=686 pass=false
Sep 24 23:04:03.036 INF API: test started suite=0 test=687 name="interop/funding-free-exact/trace/vmTrace (erigon_development)"
Sep 24 23:04:03.037 INF API: test ended suite=0 test=687 pass=false
Sep 24 23:04:03.038 INF API: test started suite=0 test=688 name="interop/funding-free-short/eth (erigon_development)"
Sep 24 23:04:03.039 INF API: test ended suite=0 test=688 pass=false
Sep 24 23:04:03.040 INF API: test started suite=0 test=689 name="interop/funding-free-short/trace/none (erigon_development)"
Sep 24 23:04:03.041 INF API: test ended suite=0 test=689 pass=false
Sep 24 23:04:03.042 INF API: test started suite=0 test=690 name="interop/funding-free-short/trace/stateDiff-vmTrace (erigon_development)"
Sep 24 23:04:03.043 INF API: test ended suite=0 test=690 pass=false
Sep 24 23:04:03.043 INF API: test started suite=0 test=691 name="interop/funding-free-short/trace/stateDiff (erigon_development)"
Sep 24 23:04:03.044 INF API: test ended suite=0 test=691 pass=false
Sep 24 23:04:03.045 INF API: test started suite=0 test=692 name="interop/funding-free-short/trace/trace-stateDiff-vmTrace (erigon_development)"
Sep 24 23:04:03.046 INF API: test ended suite=0 test=692 pass=false
Sep 24 23:04:03.047 INF API: test started suite=0 test=693 name="interop/funding-free-short/trace/trace-stateDiff (erigon_development)"
Sep 24 23:04:03.048 INF API: test ended suite=0 test=693 pass=false
Sep 24 23:04:03.048 INF API: test started suite=0 test=694 name="interop/funding-free-short/trace/trace-vmTrace (erigon_development)"
Sep 24 23:04:03.049 INF API: test ended suite=0 test=694 pass=false
Sep 24 23:04:03.049 INF API: test started suite=0 test=695 name="interop/funding-free-short/trace/trace (erigon_development)"
Sep 24 23:04:03.050 INF API: test ended suite=0 test=695 pass=false
Sep 24 23:04:03.051 INF API: test started suite=0 test=696 name="interop/funding-free-short/trace/vmTrace (erigon_development)"
Sep 24 23:04:03.052 INF API: test ended suite=0 test=696 pass=false
Sep 24 23:04:03.053 INF API: test started suite=0 test=697 name="interop/funding-legacy-exact/eth (erigon_development)"
Sep 24 23:04:03.054 INF API: test ended suite=0 test=697 pass=false
Sep 24 23:04:03.055 INF API: test started suite=0 test=698 name="interop/funding-legacy-exact/trace/none (erigon_development)"
Sep 24 23:04:03.056 INF API: test ended suite=0 test=698 pass=false
Sep 24 23:04:03.057 INF API: test started suite=0 test=699 name="interop/funding-legacy-exact/trace/stateDiff-vmTrace (erigon_development)"
Sep 24 23:04:03.059 INF API: test ended suite=0 test=699 pass=false
Sep 24 23:04:03.060 INF API: test started suite=0 test=700 name="interop/funding-legacy-exact/trace/stateDiff (erigon_development)"
Sep 24 23:04:03.062 INF API: test ended suite=0 test=700 pass=false
Sep 24 23:04:03.063 INF API: test started suite=0 test=701 name="interop/funding-legacy-exact/trace/trace-stateDiff-vmTrace (erigon_development)"
Sep 24 23:04:03.066 INF API: test ended suite=0 test=701 pass=false
Sep 24 23:04:03.066 INF API: test started suite=0 test=702 name="interop/funding-legacy-exact/trace/trace-stateDiff (erigon_development)"
Sep 24 23:04:03.068 INF API: test ended suite=0 test=702 pass=false
Sep 24 23:04:03.068 INF API: test started suite=0 test=703 name="interop/funding-legacy-exact/trace/trace-vmTrace (erigon_development)"
Sep 24 23:04:03.071 INF API: test ended suite=0 test=703 pass=false
Sep 24 23:04:03.072 INF API: test started suite=0 test=704 name="interop/funding-legacy-exact/trace/trace (erigon_development)"
Sep 24 23:04:03.073 INF API: test ended suite=0 test=704 pass=false
Sep 24 23:04:03.074 INF API: test started suite=0 test=705 name="interop/funding-legacy-exact/trace/vmTrace (erigon_development)"
Sep 24 23:04:03.075 INF API: test ended suite=0 test=705 pass=false
Sep 24 23:04:03.076 INF API: test started suite=0 test=706 name="interop/funding-legacy-short/eth (erigon_development)"
Sep 24 23:04:03.077 INF API: test ended suite=0 test=706 pass=false
Sep 24 23:04:03.078 INF API: test started suite=0 test=707 name="interop/funding-legacy-short/trace/none (erigon_development)"
Sep 24 23:04:03.079 INF API: test ended suite=0 test=707 pass=false
Sep 24 23:04:03.080 INF API: test started suite=0 test=708 name="interop/funding-legacy-short/trace/stateDiff-vmTrace (erigon_development)"
Sep 24 23:04:03.082 INF API: test ended suite=0 test=708 pass=false
Sep 24 23:04:03.083 INF API: test started suite=0 test=709 name="interop/funding-legacy-short/trace/stateDiff (erigon_development)"
Sep 24 23:04:03.084 INF API: test ended suite=0 test=709 pass=false
Sep 24 23:04:03.085 INF API: test started suite=0 test=710 name="interop/funding-legacy-short/trace/trace-stateDiff-vmTrace (erigon_development)"
Sep 24 23:04:03.088 INF API: test ended suite=0 test=710 pass=false
Sep 24 23:04:03.089 INF API: test started suite=0 test=711 name="interop/funding-legacy-short/trace/trace-stateDiff (erigon_development)"
Sep 24 23:04:03.090 INF API: test ended suite=0 test=711 pass=false
Sep 24 23:04:03.091 INF API: test started suite=0 test=712 name="interop/funding-legacy-short/trace/trace-vmTrace (erigon_development)"
Sep 24 23:04:03.093 INF API: test ended suite=0 test=712 pass=false
Sep 24 23:04:03.094 INF API: test started suite=0 test=713 name="interop/funding-legacy-short/trace/trace (erigon_development)"
Sep 24 23:04:03.095 INF API: test ended suite=0 test=713 pass=false
Sep 24 23:04:03.096 INF API: test started suite=0 test=714 name="interop/funding-legacy-short/trace/vmTrace (erigon_development)"
Sep 24 23:04:03.098 INF API: test ended suite=0 test=714 pass=false
Sep 24 23:04:03.099 INF API: test started suite=0 test=715 name="interop/funding-typed-effective-only/eth (erigon_development)"
Sep 24 23:04:03.100 INF API: test ended suite=0 test=715 pass=false
Sep 24 23:04:03.101 INF API: test started suite=0 test=716 name="interop/funding-typed-effective-only/trace/none (erigon_development)"
Sep 24 23:04:03.102 INF API: test ended suite=0 test=716 pass=false
Sep 24 23:04:03.103 INF API: test started suite=0 test=717 name="interop/funding-typed-effective-only/trace/stateDiff-vmTrace (erigon_development)"
Sep 24 23:04:03.105 INF API: test ended suite=0 test=717 pass=false
Sep 24 23:04:03.106 INF API: test started suite=0 test=718 name="interop/funding-typed-effective-only/trace/stateDiff (erigon_development)"
Sep 24 23:04:03.107 INF API: test ended suite=0 test=718 pass=false
Sep 24 23:04:03.108 INF API: test started suite=0 test=719 name="interop/funding-typed-effective-only/trace/trace-stateDiff-vmTrace (erigon_development)"
Sep 24 23:04:03.110 INF API: test ended suite=0 test=719 pass=false
Sep 24 23:04:03.111 INF API: test started suite=0 test=720 name="interop/funding-typed-effective-only/trace/trace-stateDiff (erigon_development)"
Sep 24 23:04:03.112 INF API: test ended suite=0 test=720 pass=false
Sep 24 23:04:03.113 INF API: test started suite=0 test=721 name="interop/funding-typed-effective-only/trace/trace-vmTrace (erigon_development)"
Sep 24 23:04:03.115 INF API: test ended suite=0 test=721 pass=false
Sep 24 23:04:03.116 INF API: test started suite=0 test=722 name="interop/funding-typed-effective-only/trace/trace (erigon_development)"
Sep 24 23:04:03.117 INF API: test ended suite=0 test=722 pass=false
Sep 24 23:04:03.118 INF API: test started suite=0 test=723 name="interop/funding-typed-effective-only/trace/vmTrace (erigon_development)"
Sep 24 23:04:03.120 INF API: test ended suite=0 test=723 pass=false
Sep 24 23:04:03.121 INF API: test started suite=0 test=724 name="interop/funding-typed-exact/eth (erigon_development)"
Sep 24 23:04:03.122 INF API: test ended suite=0 test=724 pass=false
Sep 24 23:04:03.123 INF API: test started suite=0 test=725 name="interop/funding-typed-exact/trace/none (erigon_development)"
Sep 24 23:04:03.124 INF API: test ended suite=0 test=725 pass=false
Sep 24 23:04:03.125 INF API: test started suite=0 test=726 name="interop/funding-typed-exact/trace/stateDiff-vmTrace (erigon_development)"
Sep 24 23:04:03.128 INF API: test ended suite=0 test=726 pass=false
Sep 24 23:04:03.129 INF API: test started suite=0 test=727 name="interop/funding-typed-exact/trace/stateDiff (erigon_development)"
Sep 24 23:04:03.131 INF API: test ended suite=0 test=727 pass=false
Sep 24 23:04:03.131 INF API: test started suite=0 test=728 name="interop/funding-typed-exact/trace/trace-stateDiff-vmTrace (erigon_development)"
Sep 24 23:04:03.134 INF API: test ended suite=0 test=728 pass=false
Sep 24 23:04:03.134 INF API: test started suite=0 test=729 name="interop/funding-typed-exact/trace/trace-stateDiff (erigon_development)"
Sep 24 23:04:03.136 INF API: test ended suite=0 test=729 pass=false
Sep 24 23:04:03.137 INF API: test started suite=0 test=730 name="interop/funding-typed-exact/trace/trace-vmTrace (erigon_development)"
Sep 24 23:04:03.139 INF API: test ended suite=0 test=730 pass=false
Sep 24 23:04:03.139 INF API: test started suite=0 test=731 name="interop/funding-typed-exact/trace/trace (erigon_development)"
Sep 24 23:04:03.141 INF API: test ended suite=0 test=731 pass=false
Sep 24 23:04:03.141 INF API: test started suite=0 test=732 name="interop/funding-typed-exact/trace/vmTrace (erigon_development)"
Sep 24 23:04:03.143 INF API: test ended suite=0 test=732 pass=false
Sep 24 23:04:03.144 INF API: test started suite=0 test=733 name="interop/funding-typed-free-exact/eth (erigon_development)"
Sep 24 23:04:03.145 INF API: test ended suite=0 test=733 pass=false
Sep 24 23:04:03.146 INF API: test started suite=0 test=734 name="interop/funding-typed-free-exact/trace/none (erigon_development)"
Sep 24 23:04:03.147 INF API: test ended suite=0 test=734 pass=false
Sep 24 23:04:03.148 INF API: test started suite=0 test=735 name="interop/funding-typed-free-exact/trace/stateDiff-vmTrace (erigon_development)"
Sep 24 23:04:03.150 INF API: test ended suite=0 test=735 pass=false
Sep 24 23:04:03.151 INF API: test started suite=0 test=736 name="interop/funding-typed-free-exact/trace/stateDiff (erigon_development)"
Sep 24 23:04:03.153 INF API: test ended suite=0 test=736 pass=false
Sep 24 23:04:03.154 INF API: test started suite=0 test=737 name="interop/funding-typed-free-exact/trace/trace-stateDiff-vmTrace (erigon_development)"
Sep 24 23:04:03.156 INF API: test ended suite=0 test=737 pass=false
Sep 24 23:04:03.157 INF API: test started suite=0 test=738 name="interop/funding-typed-free-exact/trace/trace-stateDiff (erigon_development)"
Sep 24 23:04:03.158 INF API: test ended suite=0 test=738 pass=false
Sep 24 23:04:03.159 INF API: test started suite=0 test=739 name="interop/funding-typed-free-exact/trace/trace-vmTrace (erigon_development)"
Sep 24 23:04:03.161 INF API: test ended suite=0 test=739 pass=false
Sep 24 23:04:03.162 INF API: test started suite=0 test=740 name="interop/funding-typed-free-exact/trace/trace (erigon_development)"
Sep 24 23:04:03.164 INF API: test ended suite=0 test=740 pass=false
Sep 24 23:04:03.165 INF API: test started suite=0 test=741 name="interop/funding-typed-free-exact/trace/vmTrace (erigon_development)"
Sep 24 23:04:03.167 INF API: test ended suite=0 test=741 pass=false
Sep 24 23:04:03.168 INF API: test started suite=0 test=742 name="interop/funding-typed-free-short/eth (erigon_development)"
Sep 24 23:04:03.169 INF API: test ended suite=0 test=742 pass=false
Sep 24 23:04:03.170 INF API: test started suite=0 test=743 name="interop/funding-typed-free-short/trace/none (erigon_development)"
Sep 24 23:04:03.171 INF API: test ended suite=0 test=743 pass=false
Sep 24 23:04:03.171 INF API: test started suite=0 test=744 name="interop/funding-typed-free-short/trace/stateDiff-vmTrace (erigon_development)"
Sep 24 23:04:03.174 INF API: test ended suite=0 test=744 pass=false
Sep 24 23:04:03.175 INF API: test started suite=0 test=745 name="interop/funding-typed-free-short/trace/stateDiff (erigon_development)"
Sep 24 23:04:03.177 INF API: test ended suite=0 test=745 pass=false
Sep 24 23:04:03.177 INF API: test started suite=0 test=746 name="interop/funding-typed-free-short/trace/trace-stateDiff-vmTrace (erigon_development)"
Sep 24 23:04:03.179 INF API: test ended suite=0 test=746 pass=false
Sep 24 23:04:03.180 INF API: test started suite=0 test=747 name="interop/funding-typed-free-short/trace/trace-stateDiff (erigon_development)"
Sep 24 23:04:03.182 INF API: test ended suite=0 test=747 pass=false
Sep 24 23:04:03.182 INF API: test started suite=0 test=748 name="interop/funding-typed-free-short/trace/trace-vmTrace (erigon_development)"
Sep 24 23:04:03.184 INF API: test ended suite=0 test=748 pass=false
Sep 24 23:04:03.185 INF API: test started suite=0 test=749 name="interop/funding-typed-free-short/trace/trace (erigon_development)"
Sep 24 23:04:03.187 INF API: test ended suite=0 test=749 pass=false
Sep 24 23:04:03.187 INF API: test started suite=0 test=750 name="interop/funding-typed-free-short/trace/vmTrace (erigon_development)"
Sep 24 23:04:03.189 INF API: test ended suite=0 test=750 pass=false
Sep 24 23:04:03.190 INF API: test started suite=0 test=751 name="interop/funding-typed-short/eth (erigon_development)"
Sep 24 23:04:03.191 INF API: test ended suite=0 test=751 pass=false
Sep 24 23:04:03.192 INF API: test started suite=0 test=752 name="interop/funding-typed-short/trace/none (erigon_development)"
Sep 24 23:04:03.193 INF API: test ended suite=0 test=752 pass=false
Sep 24 23:04:03.194 INF API: test started suite=0 test=753 name="interop/funding-typed-short/trace/stateDiff-vmTrace (erigon_development)"
Sep 24 23:04:03.196 INF API: test ended suite=0 test=753 pass=false
Sep 24 23:04:03.197 INF API: test started suite=0 test=754 name="interop/funding-typed-short/trace/stateDiff (erigon_development)"
Sep 24 23:04:03.198 INF API: test ended suite=0 test=754 pass=false
Sep 24 23:04:03.199 INF API: test started suite=0 test=755 name="interop/funding-typed-short/trace/trace-stateDiff-vmTrace (erigon_development)"
Sep 24 23:04:03.201 INF API: test ended suite=0 test=755 pass=false
Sep 24 23:04:03.202 INF API: test started suite=0 test=756 name="interop/funding-typed-short/trace/trace-stateDiff (erigon_development)"
Sep 24 23:04:03.204 INF API: test ended suite=0 test=756 pass=false
Sep 24 23:04:03.205 INF API: test started suite=0 test=757 name="interop/funding-typed-short/trace/trace-vmTrace (erigon_development)"
Sep 24 23:04:03.206 INF API: test ended suite=0 test=757 pass=false
Sep 24 23:04:03.207 INF API: test started suite=0 test=758 name="interop/funding-typed-short/trace/trace (erigon_development)"
Sep 24 23:04:03.208 INF API: test ended suite=0 test=758 pass=false
Sep 24 23:04:03.209 INF API: test started suite=0 test=759 name="interop/funding-typed-short/trace/vmTrace (erigon_development)"
Sep 24 23:04:03.211 INF API: test ended suite=0 test=759 pass=false
Sep 24 23:04:03.212 INF API: test started suite=0 test=760 name="interop/legacy-above-base/eth (erigon_development)"
Sep 24 23:04:03.213 INF API: test ended suite=0 test=760 pass=false
Sep 24 23:04:03.214 INF API: test started suite=0 test=761 name="interop/legacy-above-base/trace/none (erigon_development)"
Sep 24 23:04:03.215 INF API: test ended suite=0 test=761 pass=false
Sep 24 23:04:03.216 INF API: test started suite=0 test=762 name="interop/legacy-above-base/trace/stateDiff-vmTrace (erigon_development)"
Sep 24 23:04:03.218 INF API: test ended suite=0 test=762 pass=false
Sep 24 23:04:03.219 INF API: test started suite=0 test=763 name="interop/legacy-above-base/trace/stateDiff (erigon_development)"
Sep 24 23:04:03.220 INF API: test ended suite=0 test=763 pass=false
Sep 24 23:04:03.221 INF API: test started suite=0 test=764 name="interop/legacy-above-base/trace/trace-stateDiff-vmTrace (erigon_development)"
Sep 24 23:04:03.224 INF API: test ended suite=0 test=764 pass=false
Sep 24 23:04:03.224 INF API: test started suite=0 test=765 name="interop/legacy-above-base/trace/trace-stateDiff (erigon_development)"
Sep 24 23:04:03.226 INF API: test ended suite=0 test=765 pass=false
Sep 24 23:04:03.227 INF API: test started suite=0 test=766 name="interop/legacy-above-base/trace/trace-vmTrace (erigon_development)"
Sep 24 23:04:03.229 INF API: test ended suite=0 test=766 pass=false
Sep 24 23:04:03.229 INF API: test started suite=0 test=767 name="interop/legacy-above-base/trace/trace (erigon_development)"
Sep 24 23:04:03.231 INF API: test ended suite=0 test=767 pass=false
Sep 24 23:04:03.232 INF API: test started suite=0 test=768 name="interop/legacy-above-base/trace/vmTrace (erigon_development)"
Sep 24 23:04:03.234 INF API: test ended suite=0 test=768 pass=false
Sep 24 23:04:03.235 INF API: test started suite=0 test=769 name="interop/legacy-at-base/eth (erigon_development)"
Sep 24 23:04:03.236 INF API: test ended suite=0 test=769 pass=false
Sep 24 23:04:03.237 INF API: test started suite=0 test=770 name="interop/legacy-at-base/trace/none (erigon_development)"
Sep 24 23:04:03.238 INF API: test ended suite=0 test=770 pass=false
Sep 24 23:04:03.239 INF API: test started suite=0 test=771 name="interop/legacy-at-base/trace/stateDiff-vmTrace (erigon_development)"
Sep 24 23:04:03.242 INF API: test ended suite=0 test=771 pass=false
Sep 24 23:04:03.242 INF API: test started suite=0 test=772 name="interop/legacy-at-base/trace/stateDiff (erigon_development)"
Sep 24 23:04:03.244 INF API: test ended suite=0 test=772 pass=false
Sep 24 23:04:03.245 INF API: test started suite=0 test=773 name="interop/legacy-at-base/trace/trace-stateDiff-vmTrace (erigon_development)"
Sep 24 23:04:03.247 INF API: test ended suite=0 test=773 pass=false
Sep 24 23:04:03.248 INF API: test started suite=0 test=774 name="interop/legacy-at-base/trace/trace-stateDiff (erigon_development)"
Sep 24 23:04:03.250 INF API: test ended suite=0 test=774 pass=false
Sep 24 23:04:03.250 INF API: test started suite=0 test=775 name="interop/legacy-at-base/trace/trace-vmTrace (erigon_development)"
Sep 24 23:04:03.252 INF API: test ended suite=0 test=775 pass=false
Sep 24 23:04:03.253 INF API: test started suite=0 test=776 name="interop/legacy-at-base/trace/trace (erigon_development)"
Sep 24 23:04:03.255 INF API: test ended suite=0 test=776 pass=false
Sep 24 23:04:03.255 INF API: test started suite=0 test=777 name="interop/legacy-at-base/trace/vmTrace (erigon_development)"
Sep 24 23:04:03.258 INF API: test ended suite=0 test=777 pass=false
Sep 24 23:04:03.258 INF API: test started suite=0 test=778 name="interop/legacy-below-base/eth (erigon_development)"
Sep 24 23:04:03.260 INF API: test ended suite=0 test=778 pass=false
Sep 24 23:04:03.260 INF API: test started suite=0 test=779 name="interop/legacy-below-base/trace/none (erigon_development)"
Sep 24 23:04:03.261 INF API: test ended suite=0 test=779 pass=false
Sep 24 23:04:03.262 INF API: test started suite=0 test=780 name="interop/legacy-below-base/trace/stateDiff-vmTrace (erigon_development)"
Sep 24 23:04:03.263 INF API: test ended suite=0 test=780 pass=false
Sep 24 23:04:03.264 INF API: test started suite=0 test=781 name="interop/legacy-below-base/trace/stateDiff (erigon_development)"
Sep 24 23:04:03.265 INF API: test ended suite=0 test=781 pass=false
Sep 24 23:04:03.265 INF API: test started suite=0 test=782 name="interop/legacy-below-base/trace/trace-stateDiff-vmTrace (erigon_development)"
Sep 24 23:04:03.267 INF API: test ended suite=0 test=782 pass=false
Sep 24 23:04:03.268 INF API: test started suite=0 test=783 name="interop/legacy-below-base/trace/trace-stateDiff (erigon_development)"
Sep 24 23:04:03.269 INF API: test ended suite=0 test=783 pass=false
Sep 24 23:04:03.269 INF API: test started suite=0 test=784 name="interop/legacy-below-base/trace/trace-vmTrace (erigon_development)"
Sep 24 23:04:03.270 INF API: test ended suite=0 test=784 pass=false
Sep 24 23:04:03.271 INF API: test started suite=0 test=785 name="interop/legacy-below-base/trace/trace (erigon_development)"
Sep 24 23:04:03.272 INF API: test ended suite=0 test=785 pass=false
Sep 24 23:04:03.273 INF API: test started suite=0 test=786 name="interop/legacy-below-base/trace/vmTrace (erigon_development)"
Sep 24 23:04:03.274 INF API: test ended suite=0 test=786 pass=false
Sep 24 23:04:03.275 INF API: test started suite=0 test=787 name="interop/legacy-one/eth (erigon_development)"
Sep 24 23:04:03.276 INF API: test ended suite=0 test=787 pass=false
Sep 24 23:04:03.276 INF API: test started suite=0 test=788 name="interop/legacy-one/trace/none (erigon_development)"
Sep 24 23:04:03.277 INF API: test ended suite=0 test=788 pass=false
Sep 24 23:04:03.278 INF API: test started suite=0 test=789 name="interop/legacy-one/trace/stateDiff-vmTrace (erigon_development)"
Sep 24 23:04:03.279 INF API: test ended suite=0 test=789 pass=false
Sep 24 23:04:03.280 INF API: test started suite=0 test=790 name="interop/legacy-one/trace/stateDiff (erigon_development)"
Sep 24 23:04:03.281 INF API: test ended suite=0 test=790 pass=false
Sep 24 23:04:03.281 INF API: test started suite=0 test=791 name="interop/legacy-one/trace/trace-stateDiff-vmTrace (erigon_development)"
Sep 24 23:04:03.282 INF API: test ended suite=0 test=791 pass=false
Sep 24 23:04:03.283 INF API: test started suite=0 test=792 name="interop/legacy-one/trace/trace-stateDiff (erigon_development)"
Sep 24 23:04:03.284 INF API: test ended suite=0 test=792 pass=false
Sep 24 23:04:03.285 INF API: test started suite=0 test=793 name="interop/legacy-one/trace/trace-vmTrace (erigon_development)"
Sep 24 23:04:03.286 INF API: test ended suite=0 test=793 pass=false
Sep 24 23:04:03.287 INF API: test started suite=0 test=794 name="interop/legacy-one/trace/trace (erigon_development)"
Sep 24 23:04:03.288 INF API: test ended suite=0 test=794 pass=false
Sep 24 23:04:03.289 INF API: test started suite=0 test=795 name="interop/legacy-one/trace/vmTrace (erigon_development)"
Sep 24 23:04:03.290 INF API: test ended suite=0 test=795 pass=false
Sep 24 23:04:03.291 INF API: test started suite=0 test=796 name="interop/legacy-zero/eth (erigon_development)"
Sep 24 23:04:03.292 INF API: test ended suite=0 test=796 pass=false
Sep 24 23:04:03.293 INF API: test started suite=0 test=797 name="interop/legacy-zero/trace/none (erigon_development)"
Sep 24 23:04:03.294 INF API: test ended suite=0 test=797 pass=false
Sep 24 23:04:03.294 INF API: test started suite=0 test=798 name="interop/legacy-zero/trace/stateDiff-vmTrace (erigon_development)"
Sep 24 23:04:03.295 INF API: test ended suite=0 test=798 pass=false
Sep 24 23:04:03.296 INF API: test started suite=0 test=799 name="interop/legacy-zero/trace/stateDiff (erigon_development)"
Sep 24 23:04:03.297 INF API: test ended suite=0 test=799 pass=false
Sep 24 23:04:03.297 INF API: test started suite=0 test=800 name="interop/legacy-zero/trace/trace-stateDiff-vmTrace (erigon_development)"
Sep 24 23:04:03.298 INF API: test ended suite=0 test=800 pass=false
Sep 24 23:04:03.299 INF API: test started suite=0 test=801 name="interop/legacy-zero/trace/trace-stateDiff (erigon_development)"
Sep 24 23:04:03.300 INF API: test ended suite=0 test=801 pass=false
Sep 24 23:04:03.301 INF API: test started suite=0 test=802 name="interop/legacy-zero/trace/trace-vmTrace (erigon_development)"
Sep 24 23:04:03.302 INF API: test ended suite=0 test=802 pass=false
Sep 24 23:04:03.303 INF API: test started suite=0 test=803 name="interop/legacy-zero/trace/trace (erigon_development)"
Sep 24 23:04:03.304 INF API: test ended suite=0 test=803 pass=false
Sep 24 23:04:03.305 INF API: test started suite=0 test=804 name="interop/legacy-zero/trace/vmTrace (erigon_development)"
Sep 24 23:04:03.306 INF API: test ended suite=0 test=804 pass=false
Sep 24 23:04:03.306 INF API: test started suite=0 test=805 name="interop/typed-at-base/eth (erigon_development)"
Sep 24 23:04:03.308 INF API: test ended suite=0 test=805 pass=false
Sep 24 23:04:03.308 INF API: test started suite=0 test=806 name="interop/typed-at-base/trace/none (erigon_development)"
Sep 24 23:04:03.309 INF API: test ended suite=0 test=806 pass=false
Sep 24 23:04:03.310 INF API: test started suite=0 test=807 name="interop/typed-at-base/trace/stateDiff-vmTrace (erigon_development)"
Sep 24 23:04:03.313 INF API: test ended suite=0 test=807 pass=false
Sep 24 23:04:03.314 INF API: test started suite=0 test=808 name="interop/typed-at-base/trace/stateDiff (erigon_development)"
Sep 24 23:04:03.315 INF API: test ended suite=0 test=808 pass=false
Sep 24 23:04:03.316 INF API: test started suite=0 test=809 name="interop/typed-at-base/trace/trace-stateDiff-vmTrace (erigon_development)"
Sep 24 23:04:03.318 INF API: test ended suite=0 test=809 pass=false
Sep 24 23:04:03.319 INF API: test started suite=0 test=810 name="interop/typed-at-base/trace/trace-stateDiff (erigon_development)"
Sep 24 23:04:03.320 INF API: test ended suite=0 test=810 pass=false
Sep 24 23:04:03.321 INF API: test started suite=0 test=811 name="interop/typed-at-base/trace/trace-vmTrace (erigon_development)"
Sep 24 23:04:03.324 INF API: test ended suite=0 test=811 pass=false
Sep 24 23:04:03.325 INF API: test started suite=0 test=812 name="interop/typed-at-base/trace/trace (erigon_development)"
Sep 24 23:04:03.326 INF API: test ended suite=0 test=812 pass=false
Sep 24 23:04:03.327 INF API: test started suite=0 test=813 name="interop/typed-at-base/trace/vmTrace (erigon_development)"
Sep 24 23:04:03.329 INF API: test ended suite=0 test=813 pass=false
Sep 24 23:04:03.330 INF API: test started suite=0 test=814 name="interop/typed-below-base/eth (erigon_development)"
Sep 24 23:04:03.331 INF API: test ended suite=0 test=814 pass=false
Sep 24 23:04:03.332 INF API: test started suite=0 test=815 name="interop/typed-below-base/trace/none (erigon_development)"
Sep 24 23:04:03.333 INF API: test ended suite=0 test=815 pass=false
Sep 24 23:04:03.334 INF API: test started suite=0 test=816 name="interop/typed-below-base/trace/stateDiff-vmTrace (erigon_development)"
Sep 24 23:04:03.335 INF API: test ended suite=0 test=816 pass=false
Sep 24 23:04:03.336 INF API: test started suite=0 test=817 name="interop/typed-below-base/trace/stateDiff (erigon_development)"
Sep 24 23:04:03.337 INF API: test ended suite=0 test=817 pass=false
Sep 24 23:04:03.338 INF API: test started suite=0 test=818 name="interop/typed-below-base/trace/trace-stateDiff-vmTrace (erigon_development)"
Sep 24 23:04:03.339 INF API: test ended suite=0 test=818 pass=false
Sep 24 23:04:03.340 INF API: test started suite=0 test=819 name="interop/typed-below-base/trace/trace-stateDiff (erigon_development)"
Sep 24 23:04:03.341 INF API: test ended suite=0 test=819 pass=false
Sep 24 23:04:03.342 INF API: test started suite=0 test=820 name="interop/typed-below-base/trace/trace-vmTrace (erigon_development)"
Sep 24 23:04:03.343 INF API: test ended suite=0 test=820 pass=false
Sep 24 23:04:03.344 INF API: test started suite=0 test=821 name="interop/typed-below-base/trace/trace (erigon_development)"
Sep 24 23:04:03.345 INF API: test ended suite=0 test=821 pass=false
Sep 24 23:04:03.346 INF API: test started suite=0 test=822 name="interop/typed-below-base/trace/vmTrace (erigon_development)"
Sep 24 23:04:03.347 INF API: test ended suite=0 test=822 pass=false
Sep 24 23:04:03.348 INF API: test started suite=0 test=823 name="interop/typed-below-base-positive-tip/eth (erigon_development)"
Sep 24 23:04:03.349 INF API: test ended suite=0 test=823 pass=false
Sep 24 23:04:03.350 INF API: test started suite=0 test=824 name="interop/typed-below-base-positive-tip/trace/none (erigon_development)"
Sep 24 23:04:03.351 INF API: test ended suite=0 test=824 pass=false
Sep 24 23:04:03.352 INF API: test started suite=0 test=825 name="interop/typed-below-base-positive-tip/trace/stateDiff-vmTrace (erigon_development)"
Sep 24 23:04:03.353 INF API: test ended suite=0 test=825 pass=false
Sep 24 23:04:03.353 INF API: test started suite=0 test=826 name="interop/typed-below-base-positive-tip/trace/stateDiff (erigon_development)"
Sep 24 23:04:03.355 INF API: test ended suite=0 test=826 pass=false
Sep 24 23:04:03.355 INF API: test started suite=0 test=827 name="interop/typed-below-base-positive-tip/trace/trace-stateDiff-vmTrace (erigon_development)"
Sep 24 23:04:03.356 INF API: test ended suite=0 test=827 pass=false
Sep 24 23:04:03.357 INF API: test started suite=0 test=828 name="interop/typed-below-base-positive-tip/trace/trace-stateDiff (erigon_development)"
Sep 24 23:04:03.358 INF API: test ended suite=0 test=828 pass=false
Sep 24 23:04:03.359 INF API: test started suite=0 test=829 name="interop/typed-below-base-positive-tip/trace/trace-vmTrace (erigon_development)"
Sep 24 23:04:03.360 INF API: test ended suite=0 test=829 pass=false
Sep 24 23:04:03.361 INF API: test started suite=0 test=830 name="interop/typed-below-base-positive-tip/trace/trace (erigon_development)"
Sep 24 23:04:03.362 INF API: test ended suite=0 test=830 pass=false
Sep 24 23:04:03.362 INF API: test started suite=0 test=831 name="interop/typed-below-base-positive-tip/trace/vmTrace (erigon_development)"
Sep 24 23:04:03.363 INF API: test ended suite=0 test=831 pass=false
Sep 24 23:04:03.364 INF API: test started suite=0 test=832 name="interop/typed-cap-limited/eth (erigon_development)"
Sep 24 23:04:03.365 INF API: test ended suite=0 test=832 pass=false
Sep 24 23:04:03.365 INF API: test started suite=0 test=833 name="interop/typed-cap-limited/trace/none (erigon_development)"
Sep 24 23:04:03.420 INF API: test ended suite=0 test=833 pass=false
Sep 24 23:04:03.421 INF API: test started suite=0 test=834 name="interop/typed-cap-limited/trace/stateDiff-vmTrace (erigon_development)"
Sep 24 23:04:03.425 INF API: test ended suite=0 test=834 pass=false
Sep 24 23:04:03.426 INF API: test started suite=0 test=835 name="interop/typed-cap-limited/trace/stateDiff (erigon_development)"
Sep 24 23:04:03.427 INF API: test ended suite=0 test=835 pass=false
Sep 24 23:04:03.428 INF API: test started suite=0 test=836 name="interop/typed-cap-limited/trace/trace-stateDiff-vmTrace (erigon_development)"
Sep 24 23:04:03.431 INF API: test ended suite=0 test=836 pass=false
Sep 24 23:04:03.432 INF API: test started suite=0 test=837 name="interop/typed-cap-limited/trace/trace-stateDiff (erigon_development)"
Sep 24 23:04:03.433 INF API: test ended suite=0 test=837 pass=false
Sep 24 23:04:03.434 INF API: test started suite=0 test=838 name="interop/typed-cap-limited/trace/trace-vmTrace (erigon_development)"
Sep 24 23:04:03.436 INF API: test ended suite=0 test=838 pass=false
Sep 24 23:04:03.437 INF API: test started suite=0 test=839 name="interop/typed-cap-limited/trace/trace (erigon_development)"
Sep 24 23:04:03.439 INF API: test ended suite=0 test=839 pass=false
Sep 24 23:04:03.439 INF API: test started suite=0 test=840 name="interop/typed-cap-limited/trace/vmTrace (erigon_development)"
Sep 24 23:04:03.442 INF API: test ended suite=0 test=840 pass=false
Sep 24 23:04:03.443 INF API: test started suite=0 test=841 name="interop/typed-one/eth (erigon_development)"
Sep 24 23:04:03.444 INF API: test ended suite=0 test=841 pass=false
Sep 24 23:04:03.445 INF API: test started suite=0 test=842 name="interop/typed-one/trace/none (erigon_development)"
Sep 24 23:04:03.446 INF API: test ended suite=0 test=842 pass=false
Sep 24 23:04:03.447 INF API: test started suite=0 test=843 name="interop/typed-one/trace/stateDiff-vmTrace (erigon_development)"
Sep 24 23:04:03.448 INF API: test ended suite=0 test=843 pass=false
Sep 24 23:04:03.449 INF API: test started suite=0 test=844 name="interop/typed-one/trace/stateDiff (erigon_development)"
Sep 24 23:04:03.450 INF API: test ended suite=0 test=844 pass=false
Sep 24 23:04:03.451 INF API: test started suite=0 test=845 name="interop/typed-one/trace/trace-stateDiff-vmTrace (erigon_development)"
Sep 24 23:04:03.452 INF API: test ended suite=0 test=845 pass=false
Sep 24 23:04:03.453 INF API: test started suite=0 test=846 name="interop/typed-one/trace/trace-stateDiff (erigon_development)"
Sep 24 23:04:03.454 INF API: test ended suite=0 test=846 pass=false
Sep 24 23:04:03.454 INF API: test started suite=0 test=847 name="interop/typed-one/trace/trace-vmTrace (erigon_development)"
Sep 24 23:04:03.455 INF API: test ended suite=0 test=847 pass=false
Sep 24 23:04:03.456 INF API: test started suite=0 test=848 name="interop/typed-one/trace/trace (erigon_development)"
Sep 24 23:04:03.457 INF API: test ended suite=0 test=848 pass=false
Sep 24 23:04:03.458 INF API: test started suite=0 test=849 name="interop/typed-one/trace/vmTrace (erigon_development)"
Sep 24 23:04:03.459 INF API: test ended suite=0 test=849 pass=false
Sep 24 23:04:03.460 INF API: test started suite=0 test=850 name="interop/typed-tip-equals-cap/eth (erigon_development)"
Sep 24 23:04:03.461 INF API: test ended suite=0 test=850 pass=false
Sep 24 23:04:03.462 INF API: test started suite=0 test=851 name="interop/typed-tip-equals-cap/trace/none (erigon_development)"
Sep 24 23:04:03.463 INF API: test ended suite=0 test=851 pass=false
Sep 24 23:04:03.464 INF API: test started suite=0 test=852 name="interop/typed-tip-equals-cap/trace/stateDiff-vmTrace (erigon_development)"
Sep 24 23:04:03.467 INF API: test ended suite=0 test=852 pass=false
Sep 24 23:04:03.468 INF API: test started suite=0 test=853 name="interop/typed-tip-equals-cap/trace/stateDiff (erigon_development)"
Sep 24 23:04:03.469 INF API: test ended suite=0 test=853 pass=false
Sep 24 23:04:03.470 INF API: test started suite=0 test=854 name="interop/typed-tip-equals-cap/trace/trace-stateDiff-vmTrace (erigon_development)"
Sep 24 23:04:03.474 INF API: test ended suite=0 test=854 pass=false
Sep 24 23:04:03.475 INF API: test started suite=0 test=855 name="interop/typed-tip-equals-cap/trace/trace-stateDiff (erigon_development)"
Sep 24 23:04:03.477 INF API: test ended suite=0 test=855 pass=false
Sep 24 23:04:03.478 INF API: test started suite=0 test=856 name="interop/typed-tip-equals-cap/trace/trace-vmTrace (erigon_development)"
Sep 24 23:04:03.481 INF API: test ended suite=0 test=856 pass=false
Sep 24 23:04:03.481 INF API: test started suite=0 test=857 name="interop/typed-tip-equals-cap/trace/trace (erigon_development)"
Sep 24 23:04:03.483 INF API: test ended suite=0 test=857 pass=false
Sep 24 23:04:03.483 INF API: test started suite=0 test=858 name="interop/typed-tip-equals-cap/trace/vmTrace (erigon_development)"
Sep 24 23:04:03.485 INF API: test ended suite=0 test=858 pass=false
Sep 24 23:04:03.486 INF API: test started suite=0 test=859 name="interop/typed-tip-limited/eth (erigon_development)"
Sep 24 23:04:03.487 INF API: test ended suite=0 test=859 pass=false
Sep 24 23:04:03.488 INF API: test started suite=0 test=860 name="interop/typed-tip-limited/trace/none (erigon_development)"
Sep 24 23:04:03.489 INF API: test ended suite=0 test=860 pass=false
Sep 24 23:04:03.490 INF API: test started suite=0 test=861 name="interop/typed-tip-limited/trace/stateDiff-vmTrace (erigon_development)"
Sep 24 23:04:03.493 INF API: test ended suite=0 test=861 pass=false
Sep 24 23:04:03.494 INF API: test started suite=0 test=862 name="interop/typed-tip-limited/trace/stateDiff (erigon_development)"
Sep 24 23:04:03.496 INF API: test ended suite=0 test=862 pass=false
Sep 24 23:04:03.496 INF API: test started suite=0 test=863 name="interop/typed-tip-limited/trace/trace-stateDiff-vmTrace (erigon_development)"
Sep 24 23:04:03.499 INF API: test ended suite=0 test=863 pass=false
Sep 24 23:04:03.500 INF API: test started suite=0 test=864 name="interop/typed-tip-limited/trace/trace-stateDiff (erigon_development)"
Sep 24 23:04:03.502 INF API: test ended suite=0 test=864 pass=false
Sep 24 23:04:03.503 INF API: test started suite=0 test=865 name="interop/typed-tip-limited/trace/trace-vmTrace (erigon_development)"
Sep 24 23:04:03.506 INF API: test ended suite=0 test=865 pass=false
Sep 24 23:04:03.507 INF API: test started suite=0 test=866 name="interop/typed-tip-limited/trace/trace (erigon_development)"
Sep 24 23:04:03.508 INF API: test ended suite=0 test=866 pass=false
Sep 24 23:04:03.509 INF API: test started suite=0 test=867 name="interop/typed-tip-limited/trace/vmTrace (erigon_development)"
Sep 24 23:04:03.511 INF API: test ended suite=0 test=867 pass=false
Sep 24 23:04:03.512 INF API: test started suite=0 test=868 name="interop/typed-tip-over-cap/eth (erigon_development)"
Sep 24 23:04:03.513 INF API: test ended suite=0 test=868 pass=false
Sep 24 23:04:03.514 INF API: test started suite=0 test=869 name="interop/typed-tip-over-cap/trace/none (erigon_development)"
Sep 24 23:04:03.515 INF API: test ended suite=0 test=869 pass=false
Sep 24 23:04:03.516 INF API: test started suite=0 test=870 name="interop/typed-tip-over-cap/trace/stateDiff-vmTrace (erigon_development)"
Sep 24 23:04:03.517 INF API: test ended suite=0 test=870 pass=false
Sep 24 23:04:03.518 INF API: test started suite=0 test=871 name="interop/typed-tip-over-cap/trace/stateDiff (erigon_development)"
Sep 24 23:04:03.519 INF API: test ended suite=0 test=871 pass=false
Sep 24 23:04:03.519 INF API: test started suite=0 test=872 name="interop/typed-tip-over-cap/trace/trace-stateDiff-vmTrace (erigon_development)"
Sep 24 23:04:03.521 INF API: test ended suite=0 test=872 pass=false
Sep 24 23:04:03.521 INF API: test started suite=0 test=873 name="interop/typed-tip-over-cap/trace/trace-stateDiff (erigon_development)"
Sep 24 23:04:03.523 INF API: test ended suite=0 test=873 pass=false
Sep 24 23:04:03.523 INF API: test started suite=0 test=874 name="interop/typed-tip-over-cap/trace/trace-vmTrace (erigon_development)"
Sep 24 23:04:03.525 INF API: test ended suite=0 test=874 pass=false
Sep 24 23:04:03.525 INF API: test started suite=0 test=875 name="interop/typed-tip-over-cap/trace/trace (erigon_development)"
Sep 24 23:04:03.527 INF API: test ended suite=0 test=875 pass=false
Sep 24 23:04:03.527 INF API: test started suite=0 test=876 name="interop/typed-tip-over-cap/trace/vmTrace (erigon_development)"
Sep 24 23:04:03.529 INF API: test ended suite=0 test=876 pass=false
Sep 24 23:04:03.529 INF API: test started suite=0 test=877 name="interop/typed-zero/eth (erigon_development)"
Sep 24 23:04:03.530 INF API: test ended suite=0 test=877 pass=false
Sep 24 23:04:03.531 INF API: test started suite=0 test=878 name="interop/typed-zero/trace/none (erigon_development)"
Sep 24 23:04:03.532 INF API: test ended suite=0 test=878 pass=false
Sep 24 23:04:03.533 INF API: test started suite=0 test=879 name="interop/typed-zero/trace/stateDiff-vmTrace (erigon_development)"
Sep 24 23:04:03.535 INF API: test ended suite=0 test=879 pass=false
Sep 24 23:04:03.536 INF API: test started suite=0 test=880 name="interop/typed-zero/trace/stateDiff (erigon_development)"
Sep 24 23:04:03.537 INF API: test ended suite=0 test=880 pass=false
Sep 24 23:04:03.538 INF API: test started suite=0 test=881 name="interop/typed-zero/trace/trace-stateDiff-vmTrace (erigon_development)"
Sep 24 23:04:03.540 INF API: test ended suite=0 test=881 pass=false
Sep 24 23:04:03.541 INF API: test started suite=0 test=882 name="interop/typed-zero/trace/trace-stateDiff (erigon_development)"
Sep 24 23:04:03.543 INF API: test ended suite=0 test=882 pass=false
Sep 24 23:04:03.544 INF API: test started suite=0 test=883 name="interop/typed-zero/trace/trace-vmTrace (erigon_development)"
Sep 24 23:04:03.546 INF API: test ended suite=0 test=883 pass=false
Sep 24 23:04:03.547 INF API: test started suite=0 test=884 name="interop/typed-zero/trace/trace (erigon_development)"
Sep 24 23:04:03.549 INF API: test ended suite=0 test=884 pass=false
Sep 24 23:04:03.549 INF API: test started suite=0 test=885 name="interop/typed-zero/trace/vmTrace (erigon_development)"
Sep 24 23:04:03.551 INF API: test ended suite=0 test=885 pass=false
Sep 24 23:04:03.552 INF API: test started suite=0 test=886 name="interop/typed-zero-cap-positive-tip/eth (erigon_development)"
Sep 24 23:04:03.553 INF API: test ended suite=0 test=886 pass=false
Sep 24 23:04:03.554 INF API: test started suite=0 test=887 name="interop/typed-zero-cap-positive-tip/trace/none (erigon_development)"
Sep 24 23:04:03.555 INF API: test ended suite=0 test=887 pass=false
Sep 24 23:04:03.555 INF API: test started suite=0 test=888 name="interop/typed-zero-cap-positive-tip/trace/stateDiff-vmTrace (erigon_development)"
Sep 24 23:04:03.557 INF API: test ended suite=0 test=888 pass=false
Sep 24 23:04:03.557 INF API: test started suite=0 test=889 name="interop/typed-zero-cap-positive-tip/trace/stateDiff (erigon_development)"
Sep 24 23:04:03.558 INF API: test ended suite=0 test=889 pass=false
Sep 24 23:04:03.559 INF API: test started suite=0 test=890 name="interop/typed-zero-cap-positive-tip/trace/trace-stateDiff-vmTrace (erigon_development)"
Sep 24 23:04:03.561 INF API: test ended suite=0 test=890 pass=false
Sep 24 23:04:03.562 INF API: test started suite=0 test=891 name="interop/typed-zero-cap-positive-tip/trace/trace-stateDiff (erigon_development)"
Sep 24 23:04:03.563 INF API: test ended suite=0 test=891 pass=false
Sep 24 23:04:03.564 INF API: test started suite=0 test=892 name="interop/typed-zero-cap-positive-tip/trace/trace-vmTrace (erigon_development)"
Sep 24 23:04:03.565 INF API: test ended suite=0 test=892 pass=false
Sep 24 23:04:03.566 INF API: test started suite=0 test=893 name="interop/typed-zero-cap-positive-tip/trace/trace (erigon_development)"
Sep 24 23:04:03.567 INF API: test ended suite=0 test=893 pass=false
Sep 24 23:04:03.568 INF API: test started suite=0 test=894 name="interop/typed-zero-cap-positive-tip/trace/vmTrace (erigon_development)"
Sep 24 23:04:03.569 INF API: test ended suite=0 test=894 pass=false
Sep 24 23:04:03.570 INF API: test started suite=0 test=895 name="interop/typed-zero-tip/eth (erigon_development)"
Sep 24 23:04:03.571 INF API: test ended suite=0 test=895 pass=false
Sep 24 23:04:03.572 INF API: test started suite=0 test=896 name="interop/typed-zero-tip/trace/none (erigon_development)"
Sep 24 23:04:03.572 INF API: test ended suite=0 test=896 pass=false
Sep 24 23:04:03.573 INF API: test started suite=0 test=897 name="interop/typed-zero-tip/trace/stateDiff-vmTrace (erigon_development)"
Sep 24 23:04:03.575 INF API: test ended suite=0 test=897 pass=false
Sep 24 23:04:03.575 INF API: test started suite=0 test=898 name="interop/typed-zero-tip/trace/stateDiff (erigon_development)"
Sep 24 23:04:03.576 INF API: test ended suite=0 test=898 pass=false
Sep 24 23:04:03.577 INF API: test started suite=0 test=899 name="interop/typed-zero-tip/trace/trace-stateDiff-vmTrace (erigon_development)"
Sep 24 23:04:03.580 INF API: test ended suite=0 test=899 pass=false
Sep 24 23:04:03.580 INF API: test started suite=0 test=900 name="interop/typed-zero-tip/trace/trace-stateDiff (erigon_development)"
Sep 24 23:04:03.583 INF API: test ended suite=0 test=900 pass=false
Sep 24 23:04:03.583 INF API: test started suite=0 test=901 name="interop/typed-zero-tip/trace/trace-vmTrace (erigon_development)"
Sep 24 23:04:03.585 INF API: test ended suite=0 test=901 pass=false
Sep 24 23:04:03.586 INF API: test started suite=0 test=902 name="interop/typed-zero-tip/trace/trace (erigon_development)"
Sep 24 23:04:03.587 INF API: test ended suite=0 test=902 pass=false
Sep 24 23:04:03.588 INF API: test started suite=0 test=903 name="interop/typed-zero-tip/trace/vmTrace (erigon_development)"
Sep 24 23:04:03.590 INF API: test ended suite=0 test=903 pass=false
Sep 24 23:04:04.123 INF API: test ended suite=0 test=603 pass=true
Sep 24 23:04:04.124 INF API: test started suite=0 test=904 name="client launch (erigon_release)"
Sep 24 23:04:05.584 INF API: client erigon_release started suite=0 test=904 container=85754915
Sep 24 23:04:05.605 INF API: test started suite=0 test=905 name="interop/_control/empty-balance (erigon_release)"
Sep 24 23:04:05.620 INF API: test ended suite=0 test=905 pass=false
Sep 24 23:04:05.620 INF API: test started suite=0 test=906 name="interop/_control/empty-code (erigon_release)"
Sep 24 23:04:05.621 INF API: test ended suite=0 test=906 pass=false
Sep 24 23:04:05.622 INF API: test started suite=0 test=907 name="interop/_control/empty-nonce (erigon_release)"
Sep 24 23:04:05.623 INF API: test ended suite=0 test=907 pass=false
Sep 24 23:04:05.624 INF API: test started suite=0 test=908 name="interop/_control/head (erigon_release)"
Sep 24 23:04:05.626 INF API: test ended suite=0 test=908 pass=false
Sep 24 23:04:05.627 INF API: test started suite=0 test=909 name="interop/_control/latest (erigon_release)"
Sep 24 23:04:05.628 INF API: test ended suite=0 test=909 pass=false
Sep 24 23:04:05.629 INF API: test started suite=0 test=910 name="interop/_control/miner-balance (erigon_release)"
Sep 24 23:04:05.630 INF API: test ended suite=0 test=910 pass=false
Sep 24 23:04:05.631 INF API: test started suite=0 test=911 name="interop/_control/miner-code (erigon_release)"
Sep 24 23:04:05.632 INF API: test ended suite=0 test=911 pass=false
Sep 24 23:04:05.633 INF API: test started suite=0 test=912 name="interop/_control/miner-nonce (erigon_release)"
Sep 24 23:04:05.634 INF API: test ended suite=0 test=912 pass=false
Sep 24 23:04:05.635 INF API: test started suite=0 test=913 name="interop/_control/sender-balance (erigon_release)"
Sep 24 23:04:05.636 INF API: test ended suite=0 test=913 pass=false
Sep 24 23:04:05.637 INF API: test started suite=0 test=914 name="interop/_control/sender-code (erigon_release)"
Sep 24 23:04:05.638 INF API: test ended suite=0 test=914 pass=false
Sep 24 23:04:05.638 INF API: test started suite=0 test=915 name="interop/_control/sender-nonce (erigon_release)"
Sep 24 23:04:05.640 INF API: test ended suite=0 test=915 pass=false
Sep 24 23:04:05.640 INF API: test started suite=0 test=916 name="interop/_control/version (erigon_release)"
Sep 24 23:04:05.641 INF API: test ended suite=0 test=916 pass=false
Sep 24 23:04:05.642 INF API: test started suite=0 test=917 name="interop/defaults-cap-only-positive/eth (erigon_release)"
Sep 24 23:04:05.643 INF API: test ended suite=0 test=917 pass=false
Sep 24 23:04:05.643 INF API: test started suite=0 test=918 name="interop/defaults-cap-only-positive/trace/none (erigon_release)"
Sep 24 23:04:05.645 INF API: test ended suite=0 test=918 pass=false
Sep 24 23:04:05.646 INF API: test started suite=0 test=919 name="interop/defaults-cap-only-positive/trace/stateDiff-vmTrace (erigon_release)"
Sep 24 23:04:05.649 INF API: test ended suite=0 test=919 pass=false
Sep 24 23:04:05.650 INF API: test started suite=0 test=920 name="interop/defaults-cap-only-positive/trace/stateDiff (erigon_release)"
Sep 24 23:04:05.651 INF API: test ended suite=0 test=920 pass=false
Sep 24 23:04:05.652 INF API: test started suite=0 test=921 name="interop/defaults-cap-only-positive/trace/trace-stateDiff-vmTrace (erigon_release)"
Sep 24 23:04:05.654 INF API: test ended suite=0 test=921 pass=false
Sep 24 23:04:05.655 INF API: test started suite=0 test=922 name="interop/defaults-cap-only-positive/trace/trace-stateDiff (erigon_release)"
Sep 24 23:04:05.656 INF API: test ended suite=0 test=922 pass=false
Sep 24 23:04:05.657 INF API: test started suite=0 test=923 name="interop/defaults-cap-only-positive/trace/trace-vmTrace (erigon_release)"
Sep 24 23:04:05.660 INF API: test ended suite=0 test=923 pass=false
Sep 24 23:04:05.661 INF API: test started suite=0 test=924 name="interop/defaults-cap-only-positive/trace/trace (erigon_release)"
Sep 24 23:04:05.663 INF API: test ended suite=0 test=924 pass=false
Sep 24 23:04:05.664 INF API: test started suite=0 test=925 name="interop/defaults-cap-only-positive/trace/vmTrace (erigon_release)"
Sep 24 23:04:05.666 INF API: test ended suite=0 test=925 pass=false
Sep 24 23:04:05.666 INF API: test started suite=0 test=926 name="interop/defaults-cap-only-zero/eth (erigon_release)"
Sep 24 23:04:05.668 INF API: test ended suite=0 test=926 pass=false
Sep 24 23:04:05.669 INF API: test started suite=0 test=927 name="interop/defaults-cap-only-zero/trace/none (erigon_release)"
Sep 24 23:04:05.670 INF API: test ended suite=0 test=927 pass=false
Sep 24 23:04:05.671 INF API: test started suite=0 test=928 name="interop/defaults-cap-only-zero/trace/stateDiff-vmTrace (erigon_release)"
Sep 24 23:04:05.674 INF API: test ended suite=0 test=928 pass=false
Sep 24 23:04:05.675 INF API: test started suite=0 test=929 name="interop/defaults-cap-only-zero/trace/stateDiff (erigon_release)"
Sep 24 23:04:05.676 INF API: test ended suite=0 test=929 pass=false
Sep 24 23:04:05.677 INF API: test started suite=0 test=930 name="interop/defaults-cap-only-zero/trace/trace-stateDiff-vmTrace (erigon_release)"
Sep 24 23:04:05.679 INF API: test ended suite=0 test=930 pass=false
Sep 24 23:04:05.680 INF API: test started suite=0 test=931 name="interop/defaults-cap-only-zero/trace/trace-stateDiff (erigon_release)"
Sep 24 23:04:05.682 INF API: test ended suite=0 test=931 pass=false
Sep 24 23:04:05.682 INF API: test started suite=0 test=932 name="interop/defaults-cap-only-zero/trace/trace-vmTrace (erigon_release)"
Sep 24 23:04:05.685 INF API: test ended suite=0 test=932 pass=false
Sep 24 23:04:05.685 INF API: test started suite=0 test=933 name="interop/defaults-cap-only-zero/trace/trace (erigon_release)"
Sep 24 23:04:05.687 INF API: test ended suite=0 test=933 pass=false
Sep 24 23:04:05.688 INF API: test started suite=0 test=934 name="interop/defaults-cap-only-zero/trace/vmTrace (erigon_release)"
Sep 24 23:04:05.690 INF API: test ended suite=0 test=934 pass=false
Sep 24 23:04:05.690 INF API: test started suite=0 test=935 name="interop/defaults-omitted/eth (erigon_release)"
Sep 24 23:04:05.692 INF API: test ended suite=0 test=935 pass=false
Sep 24 23:04:05.693 INF API: test started suite=0 test=936 name="interop/defaults-omitted/trace/none (erigon_release)"
Sep 24 23:04:05.694 INF API: test ended suite=0 test=936 pass=false
Sep 24 23:04:05.695 INF API: test started suite=0 test=937 name="interop/defaults-omitted/trace/stateDiff-vmTrace (erigon_release)"
Sep 24 23:04:05.697 INF API: test ended suite=0 test=937 pass=false
Sep 24 23:04:05.698 INF API: test started suite=0 test=938 name="interop/defaults-omitted/trace/stateDiff (erigon_release)"
Sep 24 23:04:05.699 INF API: test ended suite=0 test=938 pass=false
Sep 24 23:04:05.700 INF API: test started suite=0 test=939 name="interop/defaults-omitted/trace/trace-stateDiff-vmTrace (erigon_release)"
Sep 24 23:04:05.703 INF API: test ended suite=0 test=939 pass=false
Sep 24 23:04:05.703 INF API: test started suite=0 test=940 name="interop/defaults-omitted/trace/trace-stateDiff (erigon_release)"
Sep 24 23:04:05.705 INF API: test ended suite=0 test=940 pass=false
Sep 24 23:04:05.705 INF API: test started suite=0 test=941 name="interop/defaults-omitted/trace/trace-vmTrace (erigon_release)"
Sep 24 23:04:05.708 INF API: test ended suite=0 test=941 pass=false
Sep 24 23:04:05.708 INF API: test started suite=0 test=942 name="interop/defaults-omitted/trace/trace (erigon_release)"
Sep 24 23:04:05.710 INF API: test ended suite=0 test=942 pass=false
Sep 24 23:04:05.710 INF API: test started suite=0 test=943 name="interop/defaults-omitted/trace/vmTrace (erigon_release)"
Sep 24 23:04:05.713 INF API: test ended suite=0 test=943 pass=false
Sep 24 23:04:05.714 INF API: test started suite=0 test=944 name="interop/defaults-tip-only-positive/eth (erigon_release)"
Sep 24 23:04:05.715 INF API: test ended suite=0 test=944 pass=false
Sep 24 23:04:05.716 INF API: test started suite=0 test=945 name="interop/defaults-tip-only-positive/trace/none (erigon_release)"
Sep 24 23:04:05.717 INF API: test ended suite=0 test=945 pass=false
Sep 24 23:04:05.718 INF API: test started suite=0 test=946 name="interop/defaults-tip-only-positive/trace/stateDiff-vmTrace (erigon_release)"
Sep 24 23:04:05.719 INF API: test ended suite=0 test=946 pass=false
Sep 24 23:04:05.720 INF API: test started suite=0 test=947 name="interop/defaults-tip-only-positive/trace/stateDiff (erigon_release)"
Sep 24 23:04:05.721 INF API: test ended suite=0 test=947 pass=false
Sep 24 23:04:05.722 INF API: test started suite=0 test=948 name="interop/defaults-tip-only-positive/trace/trace-stateDiff-vmTrace (erigon_release)"
Sep 24 23:04:05.723 INF API: test ended suite=0 test=948 pass=false
Sep 24 23:04:05.724 INF API: test started suite=0 test=949 name="interop/defaults-tip-only-positive/trace/trace-stateDiff (erigon_release)"
Sep 24 23:04:05.725 INF API: test ended suite=0 test=949 pass=false
Sep 24 23:04:05.726 INF API: test started suite=0 test=950 name="interop/defaults-tip-only-positive/trace/trace-vmTrace (erigon_release)"
Sep 24 23:04:05.727 INF API: test ended suite=0 test=950 pass=false
Sep 24 23:04:05.728 INF API: test started suite=0 test=951 name="interop/defaults-tip-only-positive/trace/trace (erigon_release)"
Sep 24 23:04:05.729 INF API: test ended suite=0 test=951 pass=false
Sep 24 23:04:05.730 INF API: test started suite=0 test=952 name="interop/defaults-tip-only-positive/trace/vmTrace (erigon_release)"
Sep 24 23:04:05.731 INF API: test ended suite=0 test=952 pass=false
Sep 24 23:04:05.732 INF API: test started suite=0 test=953 name="interop/defaults-tip-only-zero/eth (erigon_release)"
Sep 24 23:04:05.733 INF API: test ended suite=0 test=953 pass=false
Sep 24 23:04:05.734 INF API: test started suite=0 test=954 name="interop/defaults-tip-only-zero/trace/none (erigon_release)"
Sep 24 23:04:05.736 INF API: test ended suite=0 test=954 pass=false
Sep 24 23:04:05.736 INF API: test started suite=0 test=955 name="interop/defaults-tip-only-zero/trace/stateDiff-vmTrace (erigon_release)"
Sep 24 23:04:05.739 INF API: test ended suite=0 test=955 pass=false
Sep 24 23:04:05.740 INF API: test started suite=0 test=956 name="interop/defaults-tip-only-zero/trace/stateDiff (erigon_release)"
Sep 24 23:04:05.743 INF API: test ended suite=0 test=956 pass=false
Sep 24 23:04:05.744 INF API: test started suite=0 test=957 name="interop/defaults-tip-only-zero/trace/trace-stateDiff-vmTrace (erigon_release)"
Sep 24 23:04:05.746 INF API: test ended suite=0 test=957 pass=false
Sep 24 23:04:05.746 INF API: test started suite=0 test=958 name="interop/defaults-tip-only-zero/trace/trace-stateDiff (erigon_release)"
Sep 24 23:04:05.748 INF API: test ended suite=0 test=958 pass=false
Sep 24 23:04:05.749 INF API: test started suite=0 test=959 name="interop/defaults-tip-only-zero/trace/trace-vmTrace (erigon_release)"
Sep 24 23:04:05.751 INF API: test ended suite=0 test=959 pass=false
Sep 24 23:04:05.752 INF API: test started suite=0 test=960 name="interop/defaults-tip-only-zero/trace/trace (erigon_release)"
Sep 24 23:04:05.753 INF API: test ended suite=0 test=960 pass=false
Sep 24 23:04:05.754 INF API: test started suite=0 test=961 name="interop/defaults-tip-only-zero/trace/vmTrace (erigon_release)"
Sep 24 23:04:05.756 INF API: test ended suite=0 test=961 pass=false
Sep 24 23:04:05.757 INF API: test started suite=0 test=962 name="interop/empty-sender-free/eth (erigon_release)"
Sep 24 23:04:05.758 INF API: test ended suite=0 test=962 pass=false
Sep 24 23:04:05.758 INF API: test started suite=0 test=963 name="interop/empty-sender-free/trace/none (erigon_release)"
Sep 24 23:04:05.760 INF API: test ended suite=0 test=963 pass=false
Sep 24 23:04:05.760 INF API: test started suite=0 test=964 name="interop/empty-sender-free/trace/stateDiff-vmTrace (erigon_release)"
Sep 24 23:04:05.762 INF API: test ended suite=0 test=964 pass=false
Sep 24 23:04:05.763 INF API: test started suite=0 test=965 name="interop/empty-sender-free/trace/stateDiff (erigon_release)"
Sep 24 23:04:05.764 INF API: test ended suite=0 test=965 pass=false
Sep 24 23:04:05.765 INF API: test started suite=0 test=966 name="interop/empty-sender-free/trace/trace-stateDiff-vmTrace (erigon_release)"
Sep 24 23:04:05.766 INF API: test ended suite=0 test=966 pass=false
Sep 24 23:04:05.766 INF API: test started suite=0 test=967 name="interop/empty-sender-free/trace/trace-stateDiff (erigon_release)"
Sep 24 23:04:05.767 INF API: test ended suite=0 test=967 pass=false
Sep 24 23:04:05.768 INF API: test started suite=0 test=968 name="interop/empty-sender-free/trace/trace-vmTrace (erigon_release)"
Sep 24 23:04:05.769 INF API: test ended suite=0 test=968 pass=false
Sep 24 23:04:05.770 INF API: test started suite=0 test=969 name="interop/empty-sender-free/trace/trace (erigon_release)"
Sep 24 23:04:05.771 INF API: test ended suite=0 test=969 pass=false
Sep 24 23:04:05.772 INF API: test started suite=0 test=970 name="interop/empty-sender-free/trace/vmTrace (erigon_release)"
Sep 24 23:04:05.773 INF API: test ended suite=0 test=970 pass=false
Sep 24 23:04:05.774 INF API: test started suite=0 test=971 name="interop/empty-sender-priced/eth (erigon_release)"
Sep 24 23:04:05.775 INF API: test ended suite=0 test=971 pass=false
Sep 24 23:04:05.776 INF API: test started suite=0 test=972 name="interop/empty-sender-priced/trace/none (erigon_release)"
Sep 24 23:04:05.777 INF API: test ended suite=0 test=972 pass=false
Sep 24 23:04:05.778 INF API: test started suite=0 test=973 name="interop/empty-sender-priced/trace/stateDiff-vmTrace (erigon_release)"
Sep 24 23:04:05.781 INF API: test ended suite=0 test=973 pass=false
Sep 24 23:04:05.782 INF API: test started suite=0 test=974 name="interop/empty-sender-priced/trace/stateDiff (erigon_release)"
Sep 24 23:04:05.784 INF API: test ended suite=0 test=974 pass=false
Sep 24 23:04:05.785 INF API: test started suite=0 test=975 name="interop/empty-sender-priced/trace/trace-stateDiff-vmTrace (erigon_release)"
Sep 24 23:04:05.786 INF API: test ended suite=0 test=975 pass=false
Sep 24 23:04:05.787 INF API: test started suite=0 test=976 name="interop/empty-sender-priced/trace/trace-stateDiff (erigon_release)"
Sep 24 23:04:05.788 INF API: test ended suite=0 test=976 pass=false
Sep 24 23:04:05.789 INF API: test started suite=0 test=977 name="interop/empty-sender-priced/trace/trace-vmTrace (erigon_release)"
Sep 24 23:04:05.791 INF API: test ended suite=0 test=977 pass=false
Sep 24 23:04:05.792 INF API: test started suite=0 test=978 name="interop/empty-sender-priced/trace/trace (erigon_release)"
Sep 24 23:04:05.793 INF API: test ended suite=0 test=978 pass=false
Sep 24 23:04:05.794 INF API: test started suite=0 test=979 name="interop/empty-sender-priced/trace/vmTrace (erigon_release)"
Sep 24 23:04:05.796 INF API: test ended suite=0 test=979 pass=false
Sep 24 23:04:05.797 INF API: test started suite=0 test=980 name="interop/funding-free-exact/eth (erigon_release)"
Sep 24 23:04:05.798 INF API: test ended suite=0 test=980 pass=false
Sep 24 23:04:05.799 INF API: test started suite=0 test=981 name="interop/funding-free-exact/trace/none (erigon_release)"
Sep 24 23:04:05.800 INF API: test ended suite=0 test=981 pass=false
Sep 24 23:04:05.800 INF API: test started suite=0 test=982 name="interop/funding-free-exact/trace/stateDiff-vmTrace (erigon_release)"
Sep 24 23:04:05.801 INF API: test ended suite=0 test=982 pass=false
Sep 24 23:04:05.802 INF API: test started suite=0 test=983 name="interop/funding-free-exact/trace/stateDiff (erigon_release)"
Sep 24 23:04:05.803 INF API: test ended suite=0 test=983 pass=false
Sep 24 23:04:05.803 INF API: test started suite=0 test=984 name="interop/funding-free-exact/trace/trace-stateDiff-vmTrace (erigon_release)"
Sep 24 23:04:05.804 INF API: test ended suite=0 test=984 pass=false
Sep 24 23:04:05.805 INF API: test started suite=0 test=985 name="interop/funding-free-exact/trace/trace-stateDiff (erigon_release)"
Sep 24 23:04:05.806 INF API: test ended suite=0 test=985 pass=false
Sep 24 23:04:05.806 INF API: test started suite=0 test=986 name="interop/funding-free-exact/trace/trace-vmTrace (erigon_release)"
Sep 24 23:04:05.807 INF API: test ended suite=0 test=986 pass=false
Sep 24 23:04:05.808 INF API: test started suite=0 test=987 name="interop/funding-free-exact/trace/trace (erigon_release)"
Sep 24 23:04:05.809 INF API: test ended suite=0 test=987 pass=false
Sep 24 23:04:05.809 INF API: test started suite=0 test=988 name="interop/funding-free-exact/trace/vmTrace (erigon_release)"
Sep 24 23:04:05.810 INF API: test ended suite=0 test=988 pass=false
Sep 24 23:04:05.811 INF API: test started suite=0 test=989 name="interop/funding-free-short/eth (erigon_release)"
Sep 24 23:04:05.813 INF API: test ended suite=0 test=989 pass=false
Sep 24 23:04:05.813 INF API: test started suite=0 test=990 name="interop/funding-free-short/trace/none (erigon_release)"
Sep 24 23:04:05.814 INF API: test ended suite=0 test=990 pass=false
Sep 24 23:04:05.815 INF API: test started suite=0 test=991 name="interop/funding-free-short/trace/stateDiff-vmTrace (erigon_release)"
Sep 24 23:04:05.816 INF API: test ended suite=0 test=991 pass=false
Sep 24 23:04:05.817 INF API: test started suite=0 test=992 name="interop/funding-free-short/trace/stateDiff (erigon_release)"
Sep 24 23:04:05.818 INF API: test ended suite=0 test=992 pass=false
Sep 24 23:04:05.819 INF API: test started suite=0 test=993 name="interop/funding-free-short/trace/trace-stateDiff-vmTrace (erigon_release)"
Sep 24 23:04:05.820 INF API: test ended suite=0 test=993 pass=false
Sep 24 23:04:05.821 INF API: test started suite=0 test=994 name="interop/funding-free-short/trace/trace-stateDiff (erigon_release)"
Sep 24 23:04:05.822 INF API: test ended suite=0 test=994 pass=false
Sep 24 23:04:05.823 INF API: test started suite=0 test=995 name="interop/funding-free-short/trace/trace-vmTrace (erigon_release)"
Sep 24 23:04:05.824 INF API: test ended suite=0 test=995 pass=false
Sep 24 23:04:05.824 INF API: test started suite=0 test=996 name="interop/funding-free-short/trace/trace (erigon_release)"
Sep 24 23:04:05.825 INF API: test ended suite=0 test=996 pass=false
Sep 24 23:04:05.826 INF API: test started suite=0 test=997 name="interop/funding-free-short/trace/vmTrace (erigon_release)"
Sep 24 23:04:05.828 INF API: test ended suite=0 test=997 pass=false
Sep 24 23:04:05.828 INF API: test started suite=0 test=998 name="interop/funding-legacy-exact/eth (erigon_release)"
Sep 24 23:04:05.830 INF API: test ended suite=0 test=998 pass=false
Sep 24 23:04:05.831 INF API: test started suite=0 test=999 name="interop/funding-legacy-exact/trace/none (erigon_release)"
Sep 24 23:04:05.832 INF API: test ended suite=0 test=999 pass=false
Sep 24 23:04:05.833 INF API: test started suite=0 test=1000 name="interop/funding-legacy-exact/trace/stateDiff-vmTrace (erigon_release)"
Sep 24 23:04:05.835 INF API: test ended suite=0 test=1000 pass=false
Sep 24 23:04:05.836 INF API: test started suite=0 test=1001 name="interop/funding-legacy-exact/trace/stateDiff (erigon_release)"
Sep 24 23:04:05.837 INF API: test ended suite=0 test=1001 pass=false
Sep 24 23:04:05.838 INF API: test started suite=0 test=1002 name="interop/funding-legacy-exact/trace/trace-stateDiff-vmTrace (erigon_release)"
Sep 24 23:04:05.840 INF API: test ended suite=0 test=1002 pass=false
Sep 24 23:04:05.840 INF API: test started suite=0 test=1003 name="interop/funding-legacy-exact/trace/trace-stateDiff (erigon_release)"
Sep 24 23:04:05.842 INF API: test ended suite=0 test=1003 pass=false
Sep 24 23:04:05.843 INF API: test started suite=0 test=1004 name="interop/funding-legacy-exact/trace/trace-vmTrace (erigon_release)"
Sep 24 23:04:05.845 INF API: test ended suite=0 test=1004 pass=false
Sep 24 23:04:05.845 INF API: test started suite=0 test=1005 name="interop/funding-legacy-exact/trace/trace (erigon_release)"
Sep 24 23:04:05.846 INF API: test ended suite=0 test=1005 pass=false
Sep 24 23:04:05.847 INF API: test started suite=0 test=1006 name="interop/funding-legacy-exact/trace/vmTrace (erigon_release)"
Sep 24 23:04:05.850 INF API: test ended suite=0 test=1006 pass=false
Sep 24 23:04:05.850 INF API: test started suite=0 test=1007 name="interop/funding-legacy-short/eth (erigon_release)"
Sep 24 23:04:05.852 INF API: test ended suite=0 test=1007 pass=false
Sep 24 23:04:05.852 INF API: test started suite=0 test=1008 name="interop/funding-legacy-short/trace/none (erigon_release)"
Sep 24 23:04:05.853 INF API: test ended suite=0 test=1008 pass=false
Sep 24 23:04:05.854 INF API: test started suite=0 test=1009 name="interop/funding-legacy-short/trace/stateDiff-vmTrace (erigon_release)"
Sep 24 23:04:05.856 INF API: test ended suite=0 test=1009 pass=false
Sep 24 23:04:05.857 INF API: test started suite=0 test=1010 name="interop/funding-legacy-short/trace/stateDiff (erigon_release)"
Sep 24 23:04:05.858 INF API: test ended suite=0 test=1010 pass=false
Sep 24 23:04:05.859 INF API: test started suite=0 test=1011 name="interop/funding-legacy-short/trace/trace-stateDiff-vmTrace (erigon_release)"
Sep 24 23:04:05.862 INF API: test ended suite=0 test=1011 pass=false
Sep 24 23:04:05.863 INF API: test started suite=0 test=1012 name="interop/funding-legacy-short/trace/trace-stateDiff (erigon_release)"
Sep 24 23:04:05.865 INF API: test ended suite=0 test=1012 pass=false
Sep 24 23:04:05.865 INF API: test started suite=0 test=1013 name="interop/funding-legacy-short/trace/trace-vmTrace (erigon_release)"
Sep 24 23:04:05.867 INF API: test ended suite=0 test=1013 pass=false
Sep 24 23:04:05.868 INF API: test started suite=0 test=1014 name="interop/funding-legacy-short/trace/trace (erigon_release)"
Sep 24 23:04:05.869 INF API: test ended suite=0 test=1014 pass=false
Sep 24 23:04:05.870 INF API: test started suite=0 test=1015 name="interop/funding-legacy-short/trace/vmTrace (erigon_release)"
Sep 24 23:04:05.873 INF API: test ended suite=0 test=1015 pass=false
Sep 24 23:04:05.873 INF API: test started suite=0 test=1016 name="interop/funding-typed-effective-only/eth (erigon_release)"
Sep 24 23:04:05.875 INF API: test ended suite=0 test=1016 pass=false
Sep 24 23:04:05.875 INF API: test started suite=0 test=1017 name="interop/funding-typed-effective-only/trace/none (erigon_release)"
Sep 24 23:04:05.877 INF API: test ended suite=0 test=1017 pass=false
Sep 24 23:04:05.877 INF API: test started suite=0 test=1018 name="interop/funding-typed-effective-only/trace/stateDiff-vmTrace (erigon_release)"
Sep 24 23:04:05.880 INF API: test ended suite=0 test=1018 pass=false
Sep 24 23:04:05.881 INF API: test started suite=0 test=1019 name="interop/funding-typed-effective-only/trace/stateDiff (erigon_release)"
Sep 24 23:04:05.882 INF API: test ended suite=0 test=1019 pass=false
Sep 24 23:04:05.883 INF API: test started suite=0 test=1020 name="interop/funding-typed-effective-only/trace/trace-stateDiff-vmTrace (erigon_release)"
Sep 24 23:04:05.886 INF API: test ended suite=0 test=1020 pass=false
Sep 24 23:04:05.886 INF API: test started suite=0 test=1021 name="interop/funding-typed-effective-only/trace/trace-stateDiff (erigon_release)"
Sep 24 23:04:05.889 INF API: test ended suite=0 test=1021 pass=false
Sep 24 23:04:05.889 INF API: test started suite=0 test=1022 name="interop/funding-typed-effective-only/trace/trace-vmTrace (erigon_release)"
Sep 24 23:04:05.891 INF API: test ended suite=0 test=1022 pass=false
Sep 24 23:04:05.892 INF API: test started suite=0 test=1023 name="interop/funding-typed-effective-only/trace/trace (erigon_release)"
Sep 24 23:04:05.893 INF API: test ended suite=0 test=1023 pass=false
Sep 24 23:04:05.894 INF API: test started suite=0 test=1024 name="interop/funding-typed-effective-only/trace/vmTrace (erigon_release)"
Sep 24 23:04:05.896 INF API: test ended suite=0 test=1024 pass=false
Sep 24 23:04:05.896 INF API: test started suite=0 test=1025 name="interop/funding-typed-exact/eth (erigon_release)"
Sep 24 23:04:05.898 INF API: test ended suite=0 test=1025 pass=false
Sep 24 23:04:05.898 INF API: test started suite=0 test=1026 name="interop/funding-typed-exact/trace/none (erigon_release)"
Sep 24 23:04:05.900 INF API: test ended suite=0 test=1026 pass=false
Sep 24 23:04:05.900 INF API: test started suite=0 test=1027 name="interop/funding-typed-exact/trace/stateDiff-vmTrace (erigon_release)"
Sep 24 23:04:05.903 INF API: test ended suite=0 test=1027 pass=false
Sep 24 23:04:05.903 INF API: test started suite=0 test=1028 name="interop/funding-typed-exact/trace/stateDiff (erigon_release)"
Sep 24 23:04:05.905 INF API: test ended suite=0 test=1028 pass=false
Sep 24 23:04:05.906 INF API: test started suite=0 test=1029 name="interop/funding-typed-exact/trace/trace-stateDiff-vmTrace (erigon_release)"
Sep 24 23:04:05.909 INF API: test ended suite=0 test=1029 pass=false
Sep 24 23:04:05.910 INF API: test started suite=0 test=1030 name="interop/funding-typed-exact/trace/trace-stateDiff (erigon_release)"
Sep 24 23:04:05.912 INF API: test ended suite=0 test=1030 pass=false
Sep 24 23:04:05.912 INF API: test started suite=0 test=1031 name="interop/funding-typed-exact/trace/trace-vmTrace (erigon_release)"
Sep 24 23:04:05.915 INF API: test ended suite=0 test=1031 pass=false
Sep 24 23:04:05.915 INF API: test started suite=0 test=1032 name="interop/funding-typed-exact/trace/trace (erigon_release)"
Sep 24 23:04:05.917 INF API: test ended suite=0 test=1032 pass=false
Sep 24 23:04:05.917 INF API: test started suite=0 test=1033 name="interop/funding-typed-exact/trace/vmTrace (erigon_release)"
Sep 24 23:04:05.920 INF API: test ended suite=0 test=1033 pass=false
Sep 24 23:04:05.920 INF API: test started suite=0 test=1034 name="interop/funding-typed-free-exact/eth (erigon_release)"
Sep 24 23:04:05.921 INF API: test ended suite=0 test=1034 pass=false
Sep 24 23:04:05.922 INF API: test started suite=0 test=1035 name="interop/funding-typed-free-exact/trace/none (erigon_release)"
Sep 24 23:04:05.924 INF API: test ended suite=0 test=1035 pass=false
Sep 24 23:04:05.924 INF API: test started suite=0 test=1036 name="interop/funding-typed-free-exact/trace/stateDiff-vmTrace (erigon_release)"
Sep 24 23:04:05.927 INF API: test ended suite=0 test=1036 pass=false
Sep 24 23:04:05.928 INF API: test started suite=0 test=1037 name="interop/funding-typed-free-exact/trace/stateDiff (erigon_release)"
Sep 24 23:04:05.930 INF API: test ended suite=0 test=1037 pass=false
Sep 24 23:04:05.930 INF API: test started suite=0 test=1038 name="interop/funding-typed-free-exact/trace/trace-stateDiff-vmTrace (erigon_release)"
Sep 24 23:04:05.932 INF API: test ended suite=0 test=1038 pass=false
Sep 24 23:04:05.933 INF API: test started suite=0 test=1039 name="interop/funding-typed-free-exact/trace/trace-stateDiff (erigon_release)"
Sep 24 23:04:05.935 INF API: test ended suite=0 test=1039 pass=false
Sep 24 23:04:05.936 INF API: test started suite=0 test=1040 name="interop/funding-typed-free-exact/trace/trace-vmTrace (erigon_release)"
Sep 24 23:04:05.938 INF API: test ended suite=0 test=1040 pass=false
Sep 24 23:04:05.939 INF API: test started suite=0 test=1041 name="interop/funding-typed-free-exact/trace/trace (erigon_release)"
Sep 24 23:04:05.941 INF API: test ended suite=0 test=1041 pass=false
Sep 24 23:04:05.941 INF API: test started suite=0 test=1042 name="interop/funding-typed-free-exact/trace/vmTrace (erigon_release)"
Sep 24 23:04:05.944 INF API: test ended suite=0 test=1042 pass=false
Sep 24 23:04:05.945 INF API: test started suite=0 test=1043 name="interop/funding-typed-free-short/eth (erigon_release)"
Sep 24 23:04:05.946 INF API: test ended suite=0 test=1043 pass=false
Sep 24 23:04:05.947 INF API: test started suite=0 test=1044 name="interop/funding-typed-free-short/trace/none (erigon_release)"
Sep 24 23:04:05.948 INF API: test ended suite=0 test=1044 pass=false
Sep 24 23:04:05.949 INF API: test started suite=0 test=1045 name="interop/funding-typed-free-short/trace/stateDiff-vmTrace (erigon_release)"
Sep 24 23:04:05.950 INF API: test ended suite=0 test=1045 pass=false
Sep 24 23:04:05.951 INF API: test started suite=0 test=1046 name="interop/funding-typed-free-short/trace/stateDiff (erigon_release)"
Sep 24 23:04:05.953 INF API: test ended suite=0 test=1046 pass=false
Sep 24 23:04:05.954 INF API: test started suite=0 test=1047 name="interop/funding-typed-free-short/trace/trace-stateDiff-vmTrace (erigon_release)"
Sep 24 23:04:05.956 INF API: test ended suite=0 test=1047 pass=false
Sep 24 23:04:05.957 INF API: test started suite=0 test=1048 name="interop/funding-typed-free-short/trace/trace-stateDiff (erigon_release)"
Sep 24 23:04:05.959 INF API: test ended suite=0 test=1048 pass=false
Sep 24 23:04:05.959 INF API: test started suite=0 test=1049 name="interop/funding-typed-free-short/trace/trace-vmTrace (erigon_release)"
Sep 24 23:04:05.961 INF API: test ended suite=0 test=1049 pass=false
Sep 24 23:04:05.962 INF API: test started suite=0 test=1050 name="interop/funding-typed-free-short/trace/trace (erigon_release)"
Sep 24 23:04:05.964 INF API: test ended suite=0 test=1050 pass=false
Sep 24 23:04:05.965 INF API: test started suite=0 test=1051 name="interop/funding-typed-free-short/trace/vmTrace (erigon_release)"
Sep 24 23:04:05.967 INF API: test ended suite=0 test=1051 pass=false
Sep 24 23:04:05.967 INF API: test started suite=0 test=1052 name="interop/funding-typed-short/eth (erigon_release)"
Sep 24 23:04:05.968 INF API: test ended suite=0 test=1052 pass=false
Sep 24 23:04:05.969 INF API: test started suite=0 test=1053 name="interop/funding-typed-short/trace/none (erigon_release)"
Sep 24 23:04:05.970 INF API: test ended suite=0 test=1053 pass=false
Sep 24 23:04:05.971 INF API: test started suite=0 test=1054 name="interop/funding-typed-short/trace/stateDiff-vmTrace (erigon_release)"
Sep 24 23:04:05.973 INF API: test ended suite=0 test=1054 pass=false
Sep 24 23:04:05.974 INF API: test started suite=0 test=1055 name="interop/funding-typed-short/trace/stateDiff (erigon_release)"
Sep 24 23:04:05.976 INF API: test ended suite=0 test=1055 pass=false
Sep 24 23:04:05.976 INF API: test started suite=0 test=1056 name="interop/funding-typed-short/trace/trace-stateDiff-vmTrace (erigon_release)"
Sep 24 23:04:05.979 INF API: test ended suite=0 test=1056 pass=false
Sep 24 23:04:05.979 INF API: test started suite=0 test=1057 name="interop/funding-typed-short/trace/trace-stateDiff (erigon_release)"
Sep 24 23:04:05.981 INF API: test ended suite=0 test=1057 pass=false
Sep 24 23:04:05.982 INF API: test started suite=0 test=1058 name="interop/funding-typed-short/trace/trace-vmTrace (erigon_release)"
Sep 24 23:04:05.985 INF API: test ended suite=0 test=1058 pass=false
Sep 24 23:04:05.986 INF API: test started suite=0 test=1059 name="interop/funding-typed-short/trace/trace (erigon_release)"
Sep 24 23:04:05.987 INF API: test ended suite=0 test=1059 pass=false
Sep 24 23:04:05.988 INF API: test started suite=0 test=1060 name="interop/funding-typed-short/trace/vmTrace (erigon_release)"
Sep 24 23:04:05.990 INF API: test ended suite=0 test=1060 pass=false
Sep 24 23:04:05.991 INF API: test started suite=0 test=1061 name="interop/legacy-above-base/eth (erigon_release)"
Sep 24 23:04:05.992 INF API: test ended suite=0 test=1061 pass=false
Sep 24 23:04:05.993 INF API: test started suite=0 test=1062 name="interop/legacy-above-base/trace/none (erigon_release)"
Sep 24 23:04:05.994 INF API: test ended suite=0 test=1062 pass=false
Sep 24 23:04:05.994 INF API: test started suite=0 test=1063 name="interop/legacy-above-base/trace/stateDiff-vmTrace (erigon_release)"
Sep 24 23:04:05.996 INF API: test ended suite=0 test=1063 pass=false
Sep 24 23:04:05.997 INF API: test started suite=0 test=1064 name="interop/legacy-above-base/trace/stateDiff (erigon_release)"
Sep 24 23:04:05.999 INF API: test ended suite=0 test=1064 pass=false
Sep 24 23:04:05.999 INF API: test started suite=0 test=1065 name="interop/legacy-above-base/trace/trace-stateDiff-vmTrace (erigon_release)"
Sep 24 23:04:06.002 INF API: test ended suite=0 test=1065 pass=false
Sep 24 23:04:06.003 INF API: test started suite=0 test=1066 name="interop/legacy-above-base/trace/trace-stateDiff (erigon_release)"
Sep 24 23:04:06.004 INF API: test ended suite=0 test=1066 pass=false
Sep 24 23:04:06.005 INF API: test started suite=0 test=1067 name="interop/legacy-above-base/trace/trace-vmTrace (erigon_release)"
Sep 24 23:04:06.007 INF API: test ended suite=0 test=1067 pass=false
Sep 24 23:04:06.008 INF API: test started suite=0 test=1068 name="interop/legacy-above-base/trace/trace (erigon_release)"
Sep 24 23:04:06.009 INF API: test ended suite=0 test=1068 pass=false
Sep 24 23:04:06.010 INF API: test started suite=0 test=1069 name="interop/legacy-above-base/trace/vmTrace (erigon_release)"
Sep 24 23:04:06.012 INF API: test ended suite=0 test=1069 pass=false
Sep 24 23:04:06.013 INF API: test started suite=0 test=1070 name="interop/legacy-at-base/eth (erigon_release)"
Sep 24 23:04:06.014 INF API: test ended suite=0 test=1070 pass=false
Sep 24 23:04:06.014 INF API: test started suite=0 test=1071 name="interop/legacy-at-base/trace/none (erigon_release)"
Sep 24 23:04:06.015 INF API: test ended suite=0 test=1071 pass=false
Sep 24 23:04:06.017 INF API: test started suite=0 test=1072 name="interop/legacy-at-base/trace/stateDiff-vmTrace (erigon_release)"
Sep 24 23:04:06.019 INF API: test ended suite=0 test=1072 pass=false
Sep 24 23:04:06.020 INF API: test started suite=0 test=1073 name="interop/legacy-at-base/trace/stateDiff (erigon_release)"
Sep 24 23:04:06.021 INF API: test ended suite=0 test=1073 pass=false
Sep 24 23:04:06.022 INF API: test started suite=0 test=1074 name="interop/legacy-at-base/trace/trace-stateDiff-vmTrace (erigon_release)"
Sep 24 23:04:06.024 INF API: test ended suite=0 test=1074 pass=false
Sep 24 23:04:06.025 INF API: test started suite=0 test=1075 name="interop/legacy-at-base/trace/trace-stateDiff (erigon_release)"
Sep 24 23:04:06.026 INF API: test ended suite=0 test=1075 pass=false
Sep 24 23:04:06.026 INF API: test started suite=0 test=1076 name="interop/legacy-at-base/trace/trace-vmTrace (erigon_release)"
Sep 24 23:04:06.028 INF API: test ended suite=0 test=1076 pass=false
Sep 24 23:04:06.029 INF API: test started suite=0 test=1077 name="interop/legacy-at-base/trace/trace (erigon_release)"
Sep 24 23:04:06.031 INF API: test ended suite=0 test=1077 pass=false
Sep 24 23:04:06.032 INF API: test started suite=0 test=1078 name="interop/legacy-at-base/trace/vmTrace (erigon_release)"
Sep 24 23:04:06.034 INF API: test ended suite=0 test=1078 pass=false
Sep 24 23:04:06.035 INF API: test started suite=0 test=1079 name="interop/legacy-below-base/eth (erigon_release)"
Sep 24 23:04:06.036 INF API: test ended suite=0 test=1079 pass=false
Sep 24 23:04:06.036 INF API: test started suite=0 test=1080 name="interop/legacy-below-base/trace/none (erigon_release)"
Sep 24 23:04:06.037 INF API: test ended suite=0 test=1080 pass=false
Sep 24 23:04:06.038 INF API: test started suite=0 test=1081 name="interop/legacy-below-base/trace/stateDiff-vmTrace (erigon_release)"
Sep 24 23:04:06.039 INF API: test ended suite=0 test=1081 pass=false
Sep 24 23:04:06.040 INF API: test started suite=0 test=1082 name="interop/legacy-below-base/trace/stateDiff (erigon_release)"
Sep 24 23:04:06.041 INF API: test ended suite=0 test=1082 pass=false
Sep 24 23:04:06.042 INF API: test started suite=0 test=1083 name="interop/legacy-below-base/trace/trace-stateDiff-vmTrace (erigon_release)"
Sep 24 23:04:06.043 INF API: test ended suite=0 test=1083 pass=false
Sep 24 23:04:06.044 INF API: test started suite=0 test=1084 name="interop/legacy-below-base/trace/trace-stateDiff (erigon_release)"
Sep 24 23:04:06.045 INF API: test ended suite=0 test=1084 pass=false
Sep 24 23:04:06.046 INF API: test started suite=0 test=1085 name="interop/legacy-below-base/trace/trace-vmTrace (erigon_release)"
Sep 24 23:04:06.047 INF API: test ended suite=0 test=1085 pass=false
Sep 24 23:04:06.048 INF API: test started suite=0 test=1086 name="interop/legacy-below-base/trace/trace (erigon_release)"
Sep 24 23:04:06.049 INF API: test ended suite=0 test=1086 pass=false
Sep 24 23:04:06.050 INF API: test started suite=0 test=1087 name="interop/legacy-below-base/trace/vmTrace (erigon_release)"
Sep 24 23:04:06.051 INF API: test ended suite=0 test=1087 pass=false
Sep 24 23:04:06.052 INF API: test started suite=0 test=1088 name="interop/legacy-one/eth (erigon_release)"
Sep 24 23:04:06.053 INF API: test ended suite=0 test=1088 pass=false
Sep 24 23:04:06.054 INF API: test started suite=0 test=1089 name="interop/legacy-one/trace/none (erigon_release)"
Sep 24 23:04:06.055 INF API: test ended suite=0 test=1089 pass=false
Sep 24 23:04:06.055 INF API: test started suite=0 test=1090 name="interop/legacy-one/trace/stateDiff-vmTrace (erigon_release)"
Sep 24 23:04:06.057 INF API: test ended suite=0 test=1090 pass=false
Sep 24 23:04:06.057 INF API: test started suite=0 test=1091 name="interop/legacy-one/trace/stateDiff (erigon_release)"
Sep 24 23:04:06.058 INF API: test ended suite=0 test=1091 pass=false
Sep 24 23:04:06.059 INF API: test started suite=0 test=1092 name="interop/legacy-one/trace/trace-stateDiff-vmTrace (erigon_release)"
Sep 24 23:04:06.060 INF API: test ended suite=0 test=1092 pass=false
Sep 24 23:04:06.061 INF API: test started suite=0 test=1093 name="interop/legacy-one/trace/trace-stateDiff (erigon_release)"
Sep 24 23:04:06.062 INF API: test ended suite=0 test=1093 pass=false
Sep 24 23:04:06.063 INF API: test started suite=0 test=1094 name="interop/legacy-one/trace/trace-vmTrace (erigon_release)"
Sep 24 23:04:06.064 INF API: test ended suite=0 test=1094 pass=false
Sep 24 23:04:06.065 INF API: test started suite=0 test=1095 name="interop/legacy-one/trace/trace (erigon_release)"
Sep 24 23:04:06.066 INF API: test ended suite=0 test=1095 pass=false
Sep 24 23:04:06.066 INF API: test started suite=0 test=1096 name="interop/legacy-one/trace/vmTrace (erigon_release)"
Sep 24 23:04:06.068 INF API: test ended suite=0 test=1096 pass=false
Sep 24 23:04:06.068 INF API: test started suite=0 test=1097 name="interop/legacy-zero/eth (erigon_release)"
Sep 24 23:04:06.070 INF API: test ended suite=0 test=1097 pass=false
Sep 24 23:04:06.070 INF API: test started suite=0 test=1098 name="interop/legacy-zero/trace/none (erigon_release)"
Sep 24 23:04:06.072 INF API: test ended suite=0 test=1098 pass=false
Sep 24 23:04:06.073 INF API: test started suite=0 test=1099 name="interop/legacy-zero/trace/stateDiff-vmTrace (erigon_release)"
Sep 24 23:04:06.074 INF API: test ended suite=0 test=1099 pass=false
Sep 24 23:04:06.075 INF API: test started suite=0 test=1100 name="interop/legacy-zero/trace/stateDiff (erigon_release)"
Sep 24 23:04:06.076 INF API: test ended suite=0 test=1100 pass=false
Sep 24 23:04:06.077 INF API: test started suite=0 test=1101 name="interop/legacy-zero/trace/trace-stateDiff-vmTrace (erigon_release)"
Sep 24 23:04:06.078 INF API: test ended suite=0 test=1101 pass=false
Sep 24 23:04:06.079 INF API: test started suite=0 test=1102 name="interop/legacy-zero/trace/trace-stateDiff (erigon_release)"
Sep 24 23:04:06.080 INF API: test ended suite=0 test=1102 pass=false
Sep 24 23:04:06.081 INF API: test started suite=0 test=1103 name="interop/legacy-zero/trace/trace-vmTrace (erigon_release)"
Sep 24 23:04:06.082 INF API: test ended suite=0 test=1103 pass=false
Sep 24 23:04:06.083 INF API: test started suite=0 test=1104 name="interop/legacy-zero/trace/trace (erigon_release)"
Sep 24 23:04:06.084 INF API: test ended suite=0 test=1104 pass=false
Sep 24 23:04:06.084 INF API: test started suite=0 test=1105 name="interop/legacy-zero/trace/vmTrace (erigon_release)"
Sep 24 23:04:06.085 INF API: test ended suite=0 test=1105 pass=false
Sep 24 23:04:06.086 INF API: test started suite=0 test=1106 name="interop/typed-at-base/eth (erigon_release)"
Sep 24 23:04:06.087 INF API: test ended suite=0 test=1106 pass=false
Sep 24 23:04:06.087 INF API: test started suite=0 test=1107 name="interop/typed-at-base/trace/none (erigon_release)"
Sep 24 23:04:06.088 INF API: test ended suite=0 test=1107 pass=false
Sep 24 23:04:06.089 INF API: test started suite=0 test=1108 name="interop/typed-at-base/trace/stateDiff-vmTrace (erigon_release)"
Sep 24 23:04:06.091 INF API: test ended suite=0 test=1108 pass=false
Sep 24 23:04:06.092 INF API: test started suite=0 test=1109 name="interop/typed-at-base/trace/stateDiff (erigon_release)"
Sep 24 23:04:06.094 INF API: test ended suite=0 test=1109 pass=false
Sep 24 23:04:06.094 INF API: test started suite=0 test=1110 name="interop/typed-at-base/trace/trace-stateDiff-vmTrace (erigon_release)"
Sep 24 23:04:06.299 INF API: test ended suite=0 test=1110 pass=false
Sep 24 23:04:06.300 INF API: test started suite=0 test=1111 name="interop/typed-at-base/trace/trace-stateDiff (erigon_release)"
Sep 24 23:04:06.302 INF API: test ended suite=0 test=1111 pass=false
Sep 24 23:04:06.303 INF API: test started suite=0 test=1112 name="interop/typed-at-base/trace/trace-vmTrace (erigon_release)"
Sep 24 23:04:06.306 INF API: test ended suite=0 test=1112 pass=false
Sep 24 23:04:06.307 INF API: test started suite=0 test=1113 name="interop/typed-at-base/trace/trace (erigon_release)"
Sep 24 23:04:06.308 INF API: test ended suite=0 test=1113 pass=false
Sep 24 23:04:06.309 INF API: test started suite=0 test=1114 name="interop/typed-at-base/trace/vmTrace (erigon_release)"
Sep 24 23:04:06.311 INF API: test ended suite=0 test=1114 pass=false
Sep 24 23:04:06.312 INF API: test started suite=0 test=1115 name="interop/typed-below-base/eth (erigon_release)"
Sep 24 23:04:06.312 INF API: test ended suite=0 test=1115 pass=false
Sep 24 23:04:06.313 INF API: test started suite=0 test=1116 name="interop/typed-below-base/trace/none (erigon_release)"
Sep 24 23:04:06.314 INF API: test ended suite=0 test=1116 pass=false
Sep 24 23:04:06.315 INF API: test started suite=0 test=1117 name="interop/typed-below-base/trace/stateDiff-vmTrace (erigon_release)"
Sep 24 23:04:06.316 INF API: test ended suite=0 test=1117 pass=false
Sep 24 23:04:06.316 INF API: test started suite=0 test=1118 name="interop/typed-below-base/trace/stateDiff (erigon_release)"
Sep 24 23:04:06.317 INF API: test ended suite=0 test=1118 pass=false
Sep 24 23:04:06.318 INF API: test started suite=0 test=1119 name="interop/typed-below-base/trace/trace-stateDiff-vmTrace (erigon_release)"
Sep 24 23:04:06.319 INF API: test ended suite=0 test=1119 pass=false
Sep 24 23:04:06.320 INF API: test started suite=0 test=1120 name="interop/typed-below-base/trace/trace-stateDiff (erigon_release)"
Sep 24 23:04:06.321 INF API: test ended suite=0 test=1120 pass=false
Sep 24 23:04:06.322 INF API: test started suite=0 test=1121 name="interop/typed-below-base/trace/trace-vmTrace (erigon_release)"
Sep 24 23:04:06.323 INF API: test ended suite=0 test=1121 pass=false
Sep 24 23:04:06.324 INF API: test started suite=0 test=1122 name="interop/typed-below-base/trace/trace (erigon_release)"
Sep 24 23:04:06.325 INF API: test ended suite=0 test=1122 pass=false
Sep 24 23:04:06.326 INF API: test started suite=0 test=1123 name="interop/typed-below-base/trace/vmTrace (erigon_release)"
Sep 24 23:04:06.327 INF API: test ended suite=0 test=1123 pass=false
Sep 24 23:04:06.328 INF API: test started suite=0 test=1124 name="interop/typed-below-base-positive-tip/eth (erigon_release)"
Sep 24 23:04:06.329 INF API: test ended suite=0 test=1124 pass=false
Sep 24 23:04:06.330 INF API: test started suite=0 test=1125 name="interop/typed-below-base-positive-tip/trace/none (erigon_release)"
Sep 24 23:04:06.331 INF API: test ended suite=0 test=1125 pass=false
Sep 24 23:04:06.332 INF API: test started suite=0 test=1126 name="interop/typed-below-base-positive-tip/trace/stateDiff-vmTrace (erigon_release)"
Sep 24 23:04:06.333 INF API: test ended suite=0 test=1126 pass=false
Sep 24 23:04:06.334 INF API: test started suite=0 test=1127 name="interop/typed-below-base-positive-tip/trace/stateDiff (erigon_release)"
Sep 24 23:04:06.335 INF API: test ended suite=0 test=1127 pass=false
Sep 24 23:04:06.335 INF API: test started suite=0 test=1128 name="interop/typed-below-base-positive-tip/trace/trace-stateDiff-vmTrace (erigon_release)"
Sep 24 23:04:06.336 INF API: test ended suite=0 test=1128 pass=false
Sep 24 23:04:06.337 INF API: test started suite=0 test=1129 name="interop/typed-below-base-positive-tip/trace/trace-stateDiff (erigon_release)"
Sep 24 23:04:06.338 INF API: test ended suite=0 test=1129 pass=false
Sep 24 23:04:06.339 INF API: test started suite=0 test=1130 name="interop/typed-below-base-positive-tip/trace/trace-vmTrace (erigon_release)"
Sep 24 23:04:06.340 INF API: test ended suite=0 test=1130 pass=false
Sep 24 23:04:06.341 INF API: test started suite=0 test=1131 name="interop/typed-below-base-positive-tip/trace/trace (erigon_release)"
Sep 24 23:04:06.342 INF API: test ended suite=0 test=1131 pass=false
Sep 24 23:04:06.343 INF API: test started suite=0 test=1132 name="interop/typed-below-base-positive-tip/trace/vmTrace (erigon_release)"
Sep 24 23:04:06.344 INF API: test ended suite=0 test=1132 pass=false
Sep 24 23:04:06.345 INF API: test started suite=0 test=1133 name="interop/typed-cap-limited/eth (erigon_release)"
Sep 24 23:04:06.346 INF API: test ended suite=0 test=1133 pass=false
Sep 24 23:04:06.347 INF API: test started suite=0 test=1134 name="interop/typed-cap-limited/trace/none (erigon_release)"
Sep 24 23:04:06.348 INF API: test ended suite=0 test=1134 pass=false
Sep 24 23:04:06.349 INF API: test started suite=0 test=1135 name="interop/typed-cap-limited/trace/stateDiff-vmTrace (erigon_release)"
Sep 24 23:04:06.351 INF API: test ended suite=0 test=1135 pass=false
Sep 24 23:04:06.352 INF API: test started suite=0 test=1136 name="interop/typed-cap-limited/trace/stateDiff (erigon_release)"
Sep 24 23:04:06.353 INF API: test ended suite=0 test=1136 pass=false
Sep 24 23:04:06.354 INF API: test started suite=0 test=1137 name="interop/typed-cap-limited/trace/trace-stateDiff-vmTrace (erigon_release)"
Sep 24 23:04:06.356 INF API: test ended suite=0 test=1137 pass=false
Sep 24 23:04:06.357 INF API: test started suite=0 test=1138 name="interop/typed-cap-limited/trace/trace-stateDiff (erigon_release)"
Sep 24 23:04:06.359 INF API: test ended suite=0 test=1138 pass=false
Sep 24 23:04:06.359 INF API: test started suite=0 test=1139 name="interop/typed-cap-limited/trace/trace-vmTrace (erigon_release)"
Sep 24 23:04:06.361 INF API: test ended suite=0 test=1139 pass=false
Sep 24 23:04:06.362 INF API: test started suite=0 test=1140 name="interop/typed-cap-limited/trace/trace (erigon_release)"
Sep 24 23:04:06.364 INF API: test ended suite=0 test=1140 pass=false
Sep 24 23:04:06.364 INF API: test started suite=0 test=1141 name="interop/typed-cap-limited/trace/vmTrace (erigon_release)"
Sep 24 23:04:06.368 INF API: test ended suite=0 test=1141 pass=false
Sep 24 23:04:06.368 INF API: test started suite=0 test=1142 name="interop/typed-one/eth (erigon_release)"
Sep 24 23:04:06.370 INF API: test ended suite=0 test=1142 pass=false
Sep 24 23:04:06.370 INF API: test started suite=0 test=1143 name="interop/typed-one/trace/none (erigon_release)"
Sep 24 23:04:06.371 INF API: test ended suite=0 test=1143 pass=false
Sep 24 23:04:06.372 INF API: test started suite=0 test=1144 name="interop/typed-one/trace/stateDiff-vmTrace (erigon_release)"
Sep 24 23:04:06.373 INF API: test ended suite=0 test=1144 pass=false
Sep 24 23:04:06.374 INF API: test started suite=0 test=1145 name="interop/typed-one/trace/stateDiff (erigon_release)"
Sep 24 23:04:06.375 INF API: test ended suite=0 test=1145 pass=false
Sep 24 23:04:06.375 INF API: test started suite=0 test=1146 name="interop/typed-one/trace/trace-stateDiff-vmTrace (erigon_release)"
Sep 24 23:04:06.377 INF API: test ended suite=0 test=1146 pass=false
Sep 24 23:04:06.377 INF API: test started suite=0 test=1147 name="interop/typed-one/trace/trace-stateDiff (erigon_release)"
Sep 24 23:04:06.378 INF API: test ended suite=0 test=1147 pass=false
Sep 24 23:04:06.379 INF API: test started suite=0 test=1148 name="interop/typed-one/trace/trace-vmTrace (erigon_release)"
Sep 24 23:04:06.380 INF API: test ended suite=0 test=1148 pass=false
Sep 24 23:04:06.380 INF API: test started suite=0 test=1149 name="interop/typed-one/trace/trace (erigon_release)"
Sep 24 23:04:06.381 INF API: test ended suite=0 test=1149 pass=false
Sep 24 23:04:06.382 INF API: test started suite=0 test=1150 name="interop/typed-one/trace/vmTrace (erigon_release)"
Sep 24 23:04:06.383 INF API: test ended suite=0 test=1150 pass=false
Sep 24 23:04:06.384 INF API: test started suite=0 test=1151 name="interop/typed-tip-equals-cap/eth (erigon_release)"
Sep 24 23:04:06.385 INF API: test ended suite=0 test=1151 pass=false
Sep 24 23:04:06.386 INF API: test started suite=0 test=1152 name="interop/typed-tip-equals-cap/trace/none (erigon_release)"
Sep 24 23:04:06.388 INF API: test ended suite=0 test=1152 pass=false
Sep 24 23:04:06.388 INF API: test started suite=0 test=1153 name="interop/typed-tip-equals-cap/trace/stateDiff-vmTrace (erigon_release)"
Sep 24 23:04:06.390 INF API: test ended suite=0 test=1153 pass=false
Sep 24 23:04:06.391 INF API: test started suite=0 test=1154 name="interop/typed-tip-equals-cap/trace/stateDiff (erigon_release)"
Sep 24 23:04:06.393 INF API: test ended suite=0 test=1154 pass=false
Sep 24 23:04:06.394 INF API: test started suite=0 test=1155 name="interop/typed-tip-equals-cap/trace/trace-stateDiff-vmTrace (erigon_release)"
Sep 24 23:04:06.396 INF API: test ended suite=0 test=1155 pass=false
Sep 24 23:04:06.397 INF API: test started suite=0 test=1156 name="interop/typed-tip-equals-cap/trace/trace-stateDiff (erigon_release)"
Sep 24 23:04:06.399 INF API: test ended suite=0 test=1156 pass=false
Sep 24 23:04:06.399 INF API: test started suite=0 test=1157 name="interop/typed-tip-equals-cap/trace/trace-vmTrace (erigon_release)"
Sep 24 23:04:06.402 INF API: test ended suite=0 test=1157 pass=false
Sep 24 23:04:06.403 INF API: test started suite=0 test=1158 name="interop/typed-tip-equals-cap/trace/trace (erigon_release)"
Sep 24 23:04:06.404 INF API: test ended suite=0 test=1158 pass=false
Sep 24 23:04:06.405 INF API: test started suite=0 test=1159 name="interop/typed-tip-equals-cap/trace/vmTrace (erigon_release)"
Sep 24 23:04:06.408 INF API: test ended suite=0 test=1159 pass=false
Sep 24 23:04:06.409 INF API: test started suite=0 test=1160 name="interop/typed-tip-limited/eth (erigon_release)"
Sep 24 23:04:06.410 INF API: test ended suite=0 test=1160 pass=false
Sep 24 23:04:06.411 INF API: test started suite=0 test=1161 name="interop/typed-tip-limited/trace/none (erigon_release)"
Sep 24 23:04:06.412 INF API: test ended suite=0 test=1161 pass=false
Sep 24 23:04:06.413 INF API: test started suite=0 test=1162 name="interop/typed-tip-limited/trace/stateDiff-vmTrace (erigon_release)"
Sep 24 23:04:06.415 INF API: test ended suite=0 test=1162 pass=false
Sep 24 23:04:06.416 INF API: test started suite=0 test=1163 name="interop/typed-tip-limited/trace/stateDiff (erigon_release)"
Sep 24 23:04:06.417 INF API: test ended suite=0 test=1163 pass=false
Sep 24 23:04:06.418 INF API: test started suite=0 test=1164 name="interop/typed-tip-limited/trace/trace-stateDiff-vmTrace (erigon_release)"
Sep 24 23:04:06.420 INF API: test ended suite=0 test=1164 pass=false
Sep 24 23:04:06.421 INF API: test started suite=0 test=1165 name="interop/typed-tip-limited/trace/trace-stateDiff (erigon_release)"
Sep 24 23:04:06.422 INF API: test ended suite=0 test=1165 pass=false
Sep 24 23:04:06.423 INF API: test started suite=0 test=1166 name="interop/typed-tip-limited/trace/trace-vmTrace (erigon_release)"
Sep 24 23:04:06.426 INF API: test ended suite=0 test=1166 pass=false
Sep 24 23:04:06.427 INF API: test started suite=0 test=1167 name="interop/typed-tip-limited/trace/trace (erigon_release)"
Sep 24 23:04:06.428 INF API: test ended suite=0 test=1167 pass=false
Sep 24 23:04:06.429 INF API: test started suite=0 test=1168 name="interop/typed-tip-limited/trace/vmTrace (erigon_release)"
Sep 24 23:04:06.431 INF API: test ended suite=0 test=1168 pass=false
Sep 24 23:04:06.432 INF API: test started suite=0 test=1169 name="interop/typed-tip-over-cap/eth (erigon_release)"
Sep 24 23:04:06.433 INF API: test ended suite=0 test=1169 pass=false
Sep 24 23:04:06.434 INF API: test started suite=0 test=1170 name="interop/typed-tip-over-cap/trace/none (erigon_release)"
Sep 24 23:04:06.435 INF API: test ended suite=0 test=1170 pass=false
Sep 24 23:04:06.436 INF API: test started suite=0 test=1171 name="interop/typed-tip-over-cap/trace/stateDiff-vmTrace (erigon_release)"
Sep 24 23:04:06.438 INF API: test ended suite=0 test=1171 pass=false
Sep 24 23:04:06.438 INF API: test started suite=0 test=1172 name="interop/typed-tip-over-cap/trace/stateDiff (erigon_release)"
Sep 24 23:04:06.440 INF API: test ended suite=0 test=1172 pass=false
Sep 24 23:04:06.440 INF API: test started suite=0 test=1173 name="interop/typed-tip-over-cap/trace/trace-stateDiff-vmTrace (erigon_release)"
Sep 24 23:04:06.441 INF API: test ended suite=0 test=1173 pass=false
Sep 24 23:04:06.442 INF API: test started suite=0 test=1174 name="interop/typed-tip-over-cap/trace/trace-stateDiff (erigon_release)"
Sep 24 23:04:06.443 INF API: test ended suite=0 test=1174 pass=false
Sep 24 23:04:06.444 INF API: test started suite=0 test=1175 name="interop/typed-tip-over-cap/trace/trace-vmTrace (erigon_release)"
Sep 24 23:04:06.445 INF API: test ended suite=0 test=1175 pass=false
Sep 24 23:04:06.446 INF API: test started suite=0 test=1176 name="interop/typed-tip-over-cap/trace/trace (erigon_release)"
Sep 24 23:04:06.447 INF API: test ended suite=0 test=1176 pass=false
Sep 24 23:04:06.448 INF API: test started suite=0 test=1177 name="interop/typed-tip-over-cap/trace/vmTrace (erigon_release)"
Sep 24 23:04:06.449 INF API: test ended suite=0 test=1177 pass=false
Sep 24 23:04:06.450 INF API: test started suite=0 test=1178 name="interop/typed-zero/eth (erigon_release)"
Sep 24 23:04:06.451 INF API: test ended suite=0 test=1178 pass=false
Sep 24 23:04:06.452 INF API: test started suite=0 test=1179 name="interop/typed-zero/trace/none (erigon_release)"
Sep 24 23:04:06.453 INF API: test ended suite=0 test=1179 pass=false
Sep 24 23:04:06.454 INF API: test started suite=0 test=1180 name="interop/typed-zero/trace/stateDiff-vmTrace (erigon_release)"
Sep 24 23:04:06.457 INF API: test ended suite=0 test=1180 pass=false
Sep 24 23:04:06.458 INF API: test started suite=0 test=1181 name="interop/typed-zero/trace/stateDiff (erigon_release)"
Sep 24 23:04:06.459 INF API: test ended suite=0 test=1181 pass=false
Sep 24 23:04:06.460 INF API: test started suite=0 test=1182 name="interop/typed-zero/trace/trace-stateDiff-vmTrace (erigon_release)"
Sep 24 23:04:06.462 INF API: test ended suite=0 test=1182 pass=false
Sep 24 23:04:06.463 INF API: test started suite=0 test=1183 name="interop/typed-zero/trace/trace-stateDiff (erigon_release)"
Sep 24 23:04:06.465 INF API: test ended suite=0 test=1183 pass=false
Sep 24 23:04:06.465 INF API: test started suite=0 test=1184 name="interop/typed-zero/trace/trace-vmTrace (erigon_release)"
Sep 24 23:04:06.467 INF API: test ended suite=0 test=1184 pass=false
Sep 24 23:04:06.468 INF API: test started suite=0 test=1185 name="interop/typed-zero/trace/trace (erigon_release)"
Sep 24 23:04:06.469 INF API: test ended suite=0 test=1185 pass=false
Sep 24 23:04:06.470 INF API: test started suite=0 test=1186 name="interop/typed-zero/trace/vmTrace (erigon_release)"
Sep 24 23:04:06.473 INF API: test ended suite=0 test=1186 pass=false
Sep 24 23:04:06.474 INF API: test started suite=0 test=1187 name="interop/typed-zero-cap-positive-tip/eth (erigon_release)"
Sep 24 23:04:06.475 INF API: test ended suite=0 test=1187 pass=false
Sep 24 23:04:06.476 INF API: test started suite=0 test=1188 name="interop/typed-zero-cap-positive-tip/trace/none (erigon_release)"
Sep 24 23:04:06.477 INF API: test ended suite=0 test=1188 pass=false
Sep 24 23:04:06.478 INF API: test started suite=0 test=1189 name="interop/typed-zero-cap-positive-tip/trace/stateDiff-vmTrace (erigon_release)"
Sep 24 23:04:06.479 INF API: test ended suite=0 test=1189 pass=false
Sep 24 23:04:06.479 INF API: test started suite=0 test=1190 name="interop/typed-zero-cap-positive-tip/trace/stateDiff (erigon_release)"
Sep 24 23:04:06.480 INF API: test ended suite=0 test=1190 pass=false
Sep 24 23:04:06.481 INF API: test started suite=0 test=1191 name="interop/typed-zero-cap-positive-tip/trace/trace-stateDiff-vmTrace (erigon_release)"
Sep 24 23:04:06.482 INF API: test ended suite=0 test=1191 pass=false
Sep 24 23:04:06.483 INF API: test started suite=0 test=1192 name="interop/typed-zero-cap-positive-tip/trace/trace-stateDiff (erigon_release)"
Sep 24 23:04:06.484 INF API: test ended suite=0 test=1192 pass=false
Sep 24 23:04:06.485 INF API: test started suite=0 test=1193 name="interop/typed-zero-cap-positive-tip/trace/trace-vmTrace (erigon_release)"
Sep 24 23:04:06.486 INF API: test ended suite=0 test=1193 pass=false
Sep 24 23:04:06.487 INF API: test started suite=0 test=1194 name="interop/typed-zero-cap-positive-tip/trace/trace (erigon_release)"
Sep 24 23:04:06.488 INF API: test ended suite=0 test=1194 pass=false
Sep 24 23:04:06.489 INF API: test started suite=0 test=1195 name="interop/typed-zero-cap-positive-tip/trace/vmTrace (erigon_release)"
Sep 24 23:04:06.490 INF API: test ended suite=0 test=1195 pass=false
Sep 24 23:04:06.491 INF API: test started suite=0 test=1196 name="interop/typed-zero-tip/eth (erigon_release)"
Sep 24 23:04:06.492 INF API: test ended suite=0 test=1196 pass=false
Sep 24 23:04:06.493 INF API: test started suite=0 test=1197 name="interop/typed-zero-tip/trace/none (erigon_release)"
Sep 24 23:04:06.494 INF API: test ended suite=0 test=1197 pass=false
Sep 24 23:04:06.494 INF API: test started suite=0 test=1198 name="interop/typed-zero-tip/trace/stateDiff-vmTrace (erigon_release)"
Sep 24 23:04:06.497 INF API: test ended suite=0 test=1198 pass=false
Sep 24 23:04:06.498 INF API: test started suite=0 test=1199 name="interop/typed-zero-tip/trace/stateDiff (erigon_release)"
Sep 24 23:04:06.499 INF API: test ended suite=0 test=1199 pass=false
Sep 24 23:04:06.500 INF API: test started suite=0 test=1200 name="interop/typed-zero-tip/trace/trace-stateDiff-vmTrace (erigon_release)"
Sep 24 23:04:06.502 INF API: test ended suite=0 test=1200 pass=false
Sep 24 23:04:06.503 INF API: test started suite=0 test=1201 name="interop/typed-zero-tip/trace/trace-stateDiff (erigon_release)"
Sep 24 23:04:06.505 INF API: test ended suite=0 test=1201 pass=false
Sep 24 23:04:06.505 INF API: test started suite=0 test=1202 name="interop/typed-zero-tip/trace/trace-vmTrace (erigon_release)"
Sep 24 23:04:06.508 INF API: test ended suite=0 test=1202 pass=false
Sep 24 23:04:06.508 INF API: test started suite=0 test=1203 name="interop/typed-zero-tip/trace/trace (erigon_release)"
Sep 24 23:04:06.510 INF API: test ended suite=0 test=1203 pass=false
Sep 24 23:04:06.511 INF API: test started suite=0 test=1204 name="interop/typed-zero-tip/trace/vmTrace (erigon_release)"
Sep 24 23:04:06.512 INF API: test ended suite=0 test=1204 pass=false
Sep 24 23:04:07.199 INF API: test ended suite=0 test=904 pass=true
Sep 24 23:04:07.200 INF API: test started suite=0 test=1205 name="client launch (go-ethereum_trace)"
Sep 24 23:04:08.993 INF API: client go-ethereum_trace started suite=0 test=1205 container=4876279e
Sep 24 23:04:09.027 INF API: test started suite=0 test=1206 name="interop/_control/empty-balance (go-ethereum_trace)"
Sep 24 23:04:09.041 INF API: test ended suite=0 test=1206 pass=false
Sep 24 23:04:09.042 INF API: test started suite=0 test=1207 name="interop/_control/empty-code (go-ethereum_trace)"
Sep 24 23:04:09.057 INF API: test ended suite=0 test=1207 pass=false
Sep 24 23:04:09.058 INF API: test started suite=0 test=1208 name="interop/_control/empty-nonce (go-ethereum_trace)"
Sep 24 23:04:09.059 INF API: test ended suite=0 test=1208 pass=false
Sep 24 23:04:09.060 INF API: test started suite=0 test=1209 name="interop/_control/head (go-ethereum_trace)"
Sep 24 23:04:09.062 INF API: test ended suite=0 test=1209 pass=false
Sep 24 23:04:09.063 INF API: test started suite=0 test=1210 name="interop/_control/latest (go-ethereum_trace)"
Sep 24 23:04:09.065 INF API: test ended suite=0 test=1210 pass=false
Sep 24 23:04:09.065 INF API: test started suite=0 test=1211 name="interop/_control/miner-balance (go-ethereum_trace)"
Sep 24 23:04:09.067 INF API: test ended suite=0 test=1211 pass=false
Sep 24 23:04:09.068 INF API: test started suite=0 test=1212 name="interop/_control/miner-code (go-ethereum_trace)"
Sep 24 23:04:09.069 INF API: test ended suite=0 test=1212 pass=false
Sep 24 23:04:09.070 INF API: test started suite=0 test=1213 name="interop/_control/miner-nonce (go-ethereum_trace)"
Sep 24 23:04:09.071 INF API: test ended suite=0 test=1213 pass=false
Sep 24 23:04:09.072 INF API: test started suite=0 test=1214 name="interop/_control/sender-balance (go-ethereum_trace)"
Sep 24 23:04:09.073 INF API: test ended suite=0 test=1214 pass=false
Sep 24 23:04:09.074 INF API: test started suite=0 test=1215 name="interop/_control/sender-code (go-ethereum_trace)"
Sep 24 23:04:09.075 INF API: test ended suite=0 test=1215 pass=false
Sep 24 23:04:09.076 INF API: test started suite=0 test=1216 name="interop/_control/sender-nonce (go-ethereum_trace)"
Sep 24 23:04:09.077 INF API: test ended suite=0 test=1216 pass=false
Sep 24 23:04:09.078 INF API: test started suite=0 test=1217 name="interop/_control/version (go-ethereum_trace)"
Sep 24 23:04:09.079 INF API: test ended suite=0 test=1217 pass=false
Sep 24 23:04:09.080 INF API: test started suite=0 test=1218 name="interop/defaults-cap-only-positive/eth (go-ethereum_trace)"
Sep 24 23:04:09.082 INF API: test ended suite=0 test=1218 pass=false
Sep 24 23:04:09.083 INF API: test started suite=0 test=1219 name="interop/defaults-cap-only-positive/trace/none (go-ethereum_trace)"
Sep 24 23:04:09.085 INF API: test ended suite=0 test=1219 pass=false
Sep 24 23:04:09.086 INF API: test started suite=0 test=1220 name="interop/defaults-cap-only-positive/trace/stateDiff-vmTrace (go-ethereum_trace)"
Sep 24 23:04:09.088 INF API: test ended suite=0 test=1220 pass=false
Sep 24 23:04:09.089 INF API: test started suite=0 test=1221 name="interop/defaults-cap-only-positive/trace/stateDiff (go-ethereum_trace)"
Sep 24 23:04:09.091 INF API: test ended suite=0 test=1221 pass=false
Sep 24 23:04:09.092 INF API: test started suite=0 test=1222 name="interop/defaults-cap-only-positive/trace/trace-stateDiff-vmTrace (go-ethereum_trace)"
Sep 24 23:04:09.094 INF API: test ended suite=0 test=1222 pass=false
Sep 24 23:04:09.095 INF API: test started suite=0 test=1223 name="interop/defaults-cap-only-positive/trace/trace-stateDiff (go-ethereum_trace)"
Sep 24 23:04:09.099 INF API: test ended suite=0 test=1223 pass=false
Sep 24 23:04:09.100 INF API: test started suite=0 test=1224 name="interop/defaults-cap-only-positive/trace/trace-vmTrace (go-ethereum_trace)"
Sep 24 23:04:09.102 INF API: test ended suite=0 test=1224 pass=false
Sep 24 23:04:09.103 INF API: test started suite=0 test=1225 name="interop/defaults-cap-only-positive/trace/trace (go-ethereum_trace)"
Sep 24 23:04:09.104 INF API: test ended suite=0 test=1225 pass=false
Sep 24 23:04:09.105 INF API: test started suite=0 test=1226 name="interop/defaults-cap-only-positive/trace/vmTrace (go-ethereum_trace)"
Sep 24 23:04:09.108 INF API: test ended suite=0 test=1226 pass=false
Sep 24 23:04:09.109 INF API: test started suite=0 test=1227 name="interop/defaults-cap-only-zero/eth (go-ethereum_trace)"
Sep 24 23:04:09.110 INF API: test ended suite=0 test=1227 pass=false
Sep 24 23:04:09.111 INF API: test started suite=0 test=1228 name="interop/defaults-cap-only-zero/trace/none (go-ethereum_trace)"
Sep 24 23:04:09.113 INF API: test ended suite=0 test=1228 pass=false
Sep 24 23:04:09.113 INF API: test started suite=0 test=1229 name="interop/defaults-cap-only-zero/trace/stateDiff-vmTrace (go-ethereum_trace)"
Sep 24 23:04:09.117 INF API: test ended suite=0 test=1229 pass=false
Sep 24 23:04:09.118 INF API: test started suite=0 test=1230 name="interop/defaults-cap-only-zero/trace/stateDiff (go-ethereum_trace)"
Sep 24 23:04:09.121 INF API: test ended suite=0 test=1230 pass=false
Sep 24 23:04:09.122 INF API: test started suite=0 test=1231 name="interop/defaults-cap-only-zero/trace/trace-stateDiff-vmTrace (go-ethereum_trace)"
Sep 24 23:04:09.124 INF API: test ended suite=0 test=1231 pass=false
Sep 24 23:04:09.125 INF API: test started suite=0 test=1232 name="interop/defaults-cap-only-zero/trace/trace-stateDiff (go-ethereum_trace)"
Sep 24 23:04:09.127 INF API: test ended suite=0 test=1232 pass=false
Sep 24 23:04:09.127 INF API: test started suite=0 test=1233 name="interop/defaults-cap-only-zero/trace/trace-vmTrace (go-ethereum_trace)"
Sep 24 23:04:09.130 INF API: test ended suite=0 test=1233 pass=false
Sep 24 23:04:09.131 INF API: test started suite=0 test=1234 name="interop/defaults-cap-only-zero/trace/trace (go-ethereum_trace)"
Sep 24 23:04:09.132 INF API: test ended suite=0 test=1234 pass=false
Sep 24 23:04:09.133 INF API: test started suite=0 test=1235 name="interop/defaults-cap-only-zero/trace/vmTrace (go-ethereum_trace)"
Sep 24 23:04:09.135 INF API: test ended suite=0 test=1235 pass=false
Sep 24 23:04:09.136 INF API: test started suite=0 test=1236 name="interop/defaults-omitted/eth (go-ethereum_trace)"
Sep 24 23:04:09.137 INF API: test ended suite=0 test=1236 pass=false
Sep 24 23:04:09.138 INF API: test started suite=0 test=1237 name="interop/defaults-omitted/trace/none (go-ethereum_trace)"
Sep 24 23:04:09.140 INF API: test ended suite=0 test=1237 pass=false
Sep 24 23:04:09.141 INF API: test started suite=0 test=1238 name="interop/defaults-omitted/trace/stateDiff-vmTrace (go-ethereum_trace)"
Sep 24 23:04:09.144 INF API: test ended suite=0 test=1238 pass=false
Sep 24 23:04:09.145 INF API: test started suite=0 test=1239 name="interop/defaults-omitted/trace/stateDiff (go-ethereum_trace)"
Sep 24 23:04:09.147 INF API: test ended suite=0 test=1239 pass=false
Sep 24 23:04:09.148 INF API: test started suite=0 test=1240 name="interop/defaults-omitted/trace/trace-stateDiff-vmTrace (go-ethereum_trace)"
Sep 24 23:04:09.151 INF API: test ended suite=0 test=1240 pass=false
Sep 24 23:04:09.152 INF API: test started suite=0 test=1241 name="interop/defaults-omitted/trace/trace-stateDiff (go-ethereum_trace)"
Sep 24 23:04:09.154 INF API: test ended suite=0 test=1241 pass=false
Sep 24 23:04:09.155 INF API: test started suite=0 test=1242 name="interop/defaults-omitted/trace/trace-vmTrace (go-ethereum_trace)"
Sep 24 23:04:09.157 INF API: test ended suite=0 test=1242 pass=false
Sep 24 23:04:09.158 INF API: test started suite=0 test=1243 name="interop/defaults-omitted/trace/trace (go-ethereum_trace)"
Sep 24 23:04:09.160 INF API: test ended suite=0 test=1243 pass=false
Sep 24 23:04:09.160 INF API: test started suite=0 test=1244 name="interop/defaults-omitted/trace/vmTrace (go-ethereum_trace)"
Sep 24 23:04:09.163 INF API: test ended suite=0 test=1244 pass=false
Sep 24 23:04:09.164 INF API: test started suite=0 test=1245 name="interop/defaults-tip-only-positive/eth (go-ethereum_trace)"
Sep 24 23:04:09.177 INF API: test ended suite=0 test=1245 pass=false
Sep 24 23:04:09.178 INF API: test started suite=0 test=1246 name="interop/defaults-tip-only-positive/trace/none (go-ethereum_trace)"
Sep 24 23:04:09.188 INF API: test ended suite=0 test=1246 pass=false
Sep 24 23:04:09.189 INF API: test started suite=0 test=1247 name="interop/defaults-tip-only-positive/trace/stateDiff-vmTrace (go-ethereum_trace)"
Sep 24 23:04:09.198 INF API: test ended suite=0 test=1247 pass=false
Sep 24 23:04:09.199 INF API: test started suite=0 test=1248 name="interop/defaults-tip-only-positive/trace/stateDiff (go-ethereum_trace)"
Sep 24 23:04:09.214 INF API: test ended suite=0 test=1248 pass=false
Sep 24 23:04:09.215 INF API: test started suite=0 test=1249 name="interop/defaults-tip-only-positive/trace/trace-stateDiff-vmTrace (go-ethereum_trace)"
Sep 24 23:04:09.219 INF API: test ended suite=0 test=1249 pass=false
Sep 24 23:04:09.220 INF API: test started suite=0 test=1250 name="interop/defaults-tip-only-positive/trace/trace-stateDiff (go-ethereum_trace)"
Sep 24 23:04:09.221 INF API: test ended suite=0 test=1250 pass=false
Sep 24 23:04:09.222 INF API: test started suite=0 test=1251 name="interop/defaults-tip-only-positive/trace/trace-vmTrace (go-ethereum_trace)"
Sep 24 23:04:09.223 INF API: test ended suite=0 test=1251 pass=false
Sep 24 23:04:09.224 INF API: test started suite=0 test=1252 name="interop/defaults-tip-only-positive/trace/trace (go-ethereum_trace)"
Sep 24 23:04:09.225 INF API: test ended suite=0 test=1252 pass=false
Sep 24 23:04:09.226 INF API: test started suite=0 test=1253 name="interop/defaults-tip-only-positive/trace/vmTrace (go-ethereum_trace)"
Sep 24 23:04:09.227 INF API: test ended suite=0 test=1253 pass=false
Sep 24 23:04:09.228 INF API: test started suite=0 test=1254 name="interop/defaults-tip-only-zero/eth (go-ethereum_trace)"
Sep 24 23:04:09.229 INF API: test ended suite=0 test=1254 pass=false
Sep 24 23:04:09.229 INF API: test started suite=0 test=1255 name="interop/defaults-tip-only-zero/trace/none (go-ethereum_trace)"
Sep 24 23:04:09.231 INF API: test ended suite=0 test=1255 pass=false
Sep 24 23:04:09.231 INF API: test started suite=0 test=1256 name="interop/defaults-tip-only-zero/trace/stateDiff-vmTrace (go-ethereum_trace)"
Sep 24 23:04:09.234 INF API: test ended suite=0 test=1256 pass=false
Sep 24 23:04:09.235 INF API: test started suite=0 test=1257 name="interop/defaults-tip-only-zero/trace/stateDiff (go-ethereum_trace)"
Sep 24 23:04:09.236 INF API: test ended suite=0 test=1257 pass=false
Sep 24 23:04:09.237 INF API: test started suite=0 test=1258 name="interop/defaults-tip-only-zero/trace/trace-stateDiff-vmTrace (go-ethereum_trace)"
Sep 24 23:04:09.239 INF API: test ended suite=0 test=1258 pass=false
Sep 24 23:04:09.240 INF API: test started suite=0 test=1259 name="interop/defaults-tip-only-zero/trace/trace-stateDiff (go-ethereum_trace)"
Sep 24 23:04:09.242 INF API: test ended suite=0 test=1259 pass=false
Sep 24 23:04:09.243 INF API: test started suite=0 test=1260 name="interop/defaults-tip-only-zero/trace/trace-vmTrace (go-ethereum_trace)"
Sep 24 23:04:09.245 INF API: test ended suite=0 test=1260 pass=false
Sep 24 23:04:09.246 INF API: test started suite=0 test=1261 name="interop/defaults-tip-only-zero/trace/trace (go-ethereum_trace)"
Sep 24 23:04:09.248 INF API: test ended suite=0 test=1261 pass=false
Sep 24 23:04:09.249 INF API: test started suite=0 test=1262 name="interop/defaults-tip-only-zero/trace/vmTrace (go-ethereum_trace)"
Sep 24 23:04:09.251 INF API: test ended suite=0 test=1262 pass=false
Sep 24 23:04:09.252 INF API: test started suite=0 test=1263 name="interop/empty-sender-free/eth (go-ethereum_trace)"
Sep 24 23:04:09.253 INF API: test ended suite=0 test=1263 pass=false
Sep 24 23:04:09.254 INF API: test started suite=0 test=1264 name="interop/empty-sender-free/trace/none (go-ethereum_trace)"
Sep 24 23:04:09.255 INF API: test ended suite=0 test=1264 pass=false
Sep 24 23:04:09.256 INF API: test started suite=0 test=1265 name="interop/empty-sender-free/trace/stateDiff-vmTrace (go-ethereum_trace)"
Sep 24 23:04:09.258 INF API: test ended suite=0 test=1265 pass=false
Sep 24 23:04:09.259 INF API: test started suite=0 test=1266 name="interop/empty-sender-free/trace/stateDiff (go-ethereum_trace)"
Sep 24 23:04:09.260 INF API: test ended suite=0 test=1266 pass=false
Sep 24 23:04:09.260 INF API: test started suite=0 test=1267 name="interop/empty-sender-free/trace/trace-stateDiff-vmTrace (go-ethereum_trace)"
Sep 24 23:04:09.263 INF API: test ended suite=0 test=1267 pass=false
Sep 24 23:04:09.263 INF API: test started suite=0 test=1268 name="interop/empty-sender-free/trace/trace-stateDiff (go-ethereum_trace)"
Sep 24 23:04:09.264 INF API: test ended suite=0 test=1268 pass=false
Sep 24 23:04:09.265 INF API: test started suite=0 test=1269 name="interop/empty-sender-free/trace/trace-vmTrace (go-ethereum_trace)"
Sep 24 23:04:09.267 INF API: test ended suite=0 test=1269 pass=false
Sep 24 23:04:09.268 INF API: test started suite=0 test=1270 name="interop/empty-sender-free/trace/trace (go-ethereum_trace)"
Sep 24 23:04:09.269 INF API: test ended suite=0 test=1270 pass=false
Sep 24 23:04:09.270 INF API: test started suite=0 test=1271 name="interop/empty-sender-free/trace/vmTrace (go-ethereum_trace)"
Sep 24 23:04:09.272 INF API: test ended suite=0 test=1271 pass=false
Sep 24 23:04:09.272 INF API: test started suite=0 test=1272 name="interop/empty-sender-priced/eth (go-ethereum_trace)"
Sep 24 23:04:09.283 INF API: test ended suite=0 test=1272 pass=false
Sep 24 23:04:09.284 INF API: test started suite=0 test=1273 name="interop/empty-sender-priced/trace/none (go-ethereum_trace)"
Sep 24 23:04:09.296 INF API: test ended suite=0 test=1273 pass=false
Sep 24 23:04:09.297 INF API: test started suite=0 test=1274 name="interop/empty-sender-priced/trace/stateDiff-vmTrace (go-ethereum_trace)"
Sep 24 23:04:09.307 INF API: test ended suite=0 test=1274 pass=false
Sep 24 23:04:09.308 INF API: test started suite=0 test=1275 name="interop/empty-sender-priced/trace/stateDiff (go-ethereum_trace)"
Sep 24 23:04:09.318 INF API: test ended suite=0 test=1275 pass=false
Sep 24 23:04:09.319 INF API: test started suite=0 test=1276 name="interop/empty-sender-priced/trace/trace-stateDiff-vmTrace (go-ethereum_trace)"
Sep 24 23:04:09.329 INF API: test ended suite=0 test=1276 pass=false
Sep 24 23:04:09.329 INF API: test started suite=0 test=1277 name="interop/empty-sender-priced/trace/trace-stateDiff (go-ethereum_trace)"
Sep 24 23:04:09.339 INF API: test ended suite=0 test=1277 pass=false
Sep 24 23:04:09.340 INF API: test started suite=0 test=1278 name="interop/empty-sender-priced/trace/trace-vmTrace (go-ethereum_trace)"
Sep 24 23:04:09.350 INF API: test ended suite=0 test=1278 pass=false
Sep 24 23:04:09.351 INF API: test started suite=0 test=1279 name="interop/empty-sender-priced/trace/trace (go-ethereum_trace)"
Sep 24 23:04:09.361 INF API: test ended suite=0 test=1279 pass=false
Sep 24 23:04:09.361 INF API: test started suite=0 test=1280 name="interop/empty-sender-priced/trace/vmTrace (go-ethereum_trace)"
Sep 24 23:04:09.371 INF API: test ended suite=0 test=1280 pass=false
Sep 24 23:04:09.372 INF API: test started suite=0 test=1281 name="interop/funding-free-exact/eth (go-ethereum_trace)"
Sep 24 23:04:09.374 INF API: test ended suite=0 test=1281 pass=false
Sep 24 23:04:09.374 INF API: test started suite=0 test=1282 name="interop/funding-free-exact/trace/none (go-ethereum_trace)"
Sep 24 23:04:09.376 INF API: test ended suite=0 test=1282 pass=false
Sep 24 23:04:09.377 INF API: test started suite=0 test=1283 name="interop/funding-free-exact/trace/stateDiff-vmTrace (go-ethereum_trace)"
Sep 24 23:04:09.379 INF API: test ended suite=0 test=1283 pass=false
Sep 24 23:04:09.380 INF API: test started suite=0 test=1284 name="interop/funding-free-exact/trace/stateDiff (go-ethereum_trace)"
Sep 24 23:04:09.382 INF API: test ended suite=0 test=1284 pass=false
Sep 24 23:04:09.382 INF API: test started suite=0 test=1285 name="interop/funding-free-exact/trace/trace-stateDiff-vmTrace (go-ethereum_trace)"
Sep 24 23:04:09.385 INF API: test ended suite=0 test=1285 pass=false
Sep 24 23:04:09.386 INF API: test started suite=0 test=1286 name="interop/funding-free-exact/trace/trace-stateDiff (go-ethereum_trace)"
Sep 24 23:04:09.387 INF API: test ended suite=0 test=1286 pass=false
Sep 24 23:04:09.388 INF API: test started suite=0 test=1287 name="interop/funding-free-exact/trace/trace-vmTrace (go-ethereum_trace)"
Sep 24 23:04:09.391 INF API: test ended suite=0 test=1287 pass=false
Sep 24 23:04:09.392 INF API: test started suite=0 test=1288 name="interop/funding-free-exact/trace/trace (go-ethereum_trace)"
Sep 24 23:04:09.394 INF API: test ended suite=0 test=1288 pass=false
Sep 24 23:04:09.395 INF API: test started suite=0 test=1289 name="interop/funding-free-exact/trace/vmTrace (go-ethereum_trace)"
Sep 24 23:04:09.397 INF API: test ended suite=0 test=1289 pass=false
Sep 24 23:04:09.398 INF API: test started suite=0 test=1290 name="interop/funding-free-short/eth (go-ethereum_trace)"
Sep 24 23:04:09.406 INF API: test ended suite=0 test=1290 pass=false
Sep 24 23:04:09.407 INF API: test started suite=0 test=1291 name="interop/funding-free-short/trace/none (go-ethereum_trace)"
Sep 24 23:04:09.417 INF API: test ended suite=0 test=1291 pass=false
Sep 24 23:04:09.418 INF API: test started suite=0 test=1292 name="interop/funding-free-short/trace/stateDiff-vmTrace (go-ethereum_trace)"
Sep 24 23:04:09.428 INF API: test ended suite=0 test=1292 pass=false
Sep 24 23:04:09.428 INF API: test started suite=0 test=1293 name="interop/funding-free-short/trace/stateDiff (go-ethereum_trace)"
Sep 24 23:04:09.438 INF API: test ended suite=0 test=1293 pass=false
Sep 24 23:04:09.439 INF API: test started suite=0 test=1294 name="interop/funding-free-short/trace/trace-stateDiff-vmTrace (go-ethereum_trace)"
Sep 24 23:04:09.449 INF API: test ended suite=0 test=1294 pass=false
Sep 24 23:04:09.449 INF API: test started suite=0 test=1295 name="interop/funding-free-short/trace/trace-stateDiff (go-ethereum_trace)"
Sep 24 23:04:09.460 INF API: test ended suite=0 test=1295 pass=false
Sep 24 23:04:09.460 INF API: test started suite=0 test=1296 name="interop/funding-free-short/trace/trace-vmTrace (go-ethereum_trace)"
Sep 24 23:04:09.473 INF API: test ended suite=0 test=1296 pass=false
Sep 24 23:04:09.474 INF API: test started suite=0 test=1297 name="interop/funding-free-short/trace/trace (go-ethereum_trace)"
Sep 24 23:04:09.483 INF API: test ended suite=0 test=1297 pass=false
Sep 24 23:04:09.484 INF API: test started suite=0 test=1298 name="interop/funding-free-short/trace/vmTrace (go-ethereum_trace)"
Sep 24 23:04:09.494 INF API: test ended suite=0 test=1298 pass=false
Sep 24 23:04:09.495 INF API: test started suite=0 test=1299 name="interop/funding-legacy-exact/eth (go-ethereum_trace)"
Sep 24 23:04:09.496 INF API: test ended suite=0 test=1299 pass=false
Sep 24 23:04:09.497 INF API: test started suite=0 test=1300 name="interop/funding-legacy-exact/trace/none (go-ethereum_trace)"
Sep 24 23:04:09.499 INF API: test ended suite=0 test=1300 pass=false
Sep 24 23:04:09.499 INF API: test started suite=0 test=1301 name="interop/funding-legacy-exact/trace/stateDiff-vmTrace (go-ethereum_trace)"
Sep 24 23:04:09.503 INF API: test ended suite=0 test=1301 pass=false
Sep 24 23:04:09.504 INF API: test started suite=0 test=1302 name="interop/funding-legacy-exact/trace/stateDiff (go-ethereum_trace)"
Sep 24 23:04:09.506 INF API: test ended suite=0 test=1302 pass=false
Sep 24 23:04:09.507 INF API: test started suite=0 test=1303 name="interop/funding-legacy-exact/trace/trace-stateDiff-vmTrace (go-ethereum_trace)"
Sep 24 23:04:09.509 INF API: test ended suite=0 test=1303 pass=false
Sep 24 23:04:09.511 INF API: test started suite=0 test=1304 name="interop/funding-legacy-exact/trace/trace-stateDiff (go-ethereum_trace)"
Sep 24 23:04:09.513 INF API: test ended suite=0 test=1304 pass=false
Sep 24 23:04:09.513 INF API: test started suite=0 test=1305 name="interop/funding-legacy-exact/trace/trace-vmTrace (go-ethereum_trace)"
Sep 24 23:04:09.516 INF API: test ended suite=0 test=1305 pass=false
Sep 24 23:04:09.516 INF API: test started suite=0 test=1306 name="interop/funding-legacy-exact/trace/trace (go-ethereum_trace)"
Sep 24 23:04:09.518 INF API: test ended suite=0 test=1306 pass=false
Sep 24 23:04:09.519 INF API: test started suite=0 test=1307 name="interop/funding-legacy-exact/trace/vmTrace (go-ethereum_trace)"
Sep 24 23:04:09.521 INF API: test ended suite=0 test=1307 pass=false
Sep 24 23:04:09.522 INF API: test started suite=0 test=1308 name="interop/funding-legacy-short/eth (go-ethereum_trace)"
Sep 24 23:04:09.532 INF API: test ended suite=0 test=1308 pass=false
Sep 24 23:04:09.533 INF API: test started suite=0 test=1309 name="interop/funding-legacy-short/trace/none (go-ethereum_trace)"
Sep 24 23:04:09.542 INF API: test ended suite=0 test=1309 pass=false
Sep 24 23:04:09.543 INF API: test started suite=0 test=1310 name="interop/funding-legacy-short/trace/stateDiff-vmTrace (go-ethereum_trace)"
Sep 24 23:04:09.548 INF API: test ended suite=0 test=1310 pass=false
Sep 24 23:04:09.549 INF API: test started suite=0 test=1311 name="interop/funding-legacy-short/trace/stateDiff (go-ethereum_trace)"
Sep 24 23:04:09.550 INF API: test ended suite=0 test=1311 pass=false
Sep 24 23:04:09.551 INF API: test started suite=0 test=1312 name="interop/funding-legacy-short/trace/trace-stateDiff-vmTrace (go-ethereum_trace)"
Sep 24 23:04:09.553 INF API: test ended suite=0 test=1312 pass=false
Sep 24 23:04:09.553 INF API: test started suite=0 test=1313 name="interop/funding-legacy-short/trace/trace-stateDiff (go-ethereum_trace)"
Sep 24 23:04:09.555 INF API: test ended suite=0 test=1313 pass=false
Sep 24 23:04:09.555 INF API: test started suite=0 test=1314 name="interop/funding-legacy-short/trace/trace-vmTrace (go-ethereum_trace)"
Sep 24 23:04:09.557 INF API: test ended suite=0 test=1314 pass=false
Sep 24 23:04:09.557 INF API: test started suite=0 test=1315 name="interop/funding-legacy-short/trace/trace (go-ethereum_trace)"
Sep 24 23:04:09.559 INF API: test ended suite=0 test=1315 pass=false
Sep 24 23:04:09.560 INF API: test started suite=0 test=1316 name="interop/funding-legacy-short/trace/vmTrace (go-ethereum_trace)"
Sep 24 23:04:09.561 INF API: test ended suite=0 test=1316 pass=false
Sep 24 23:04:09.562 INF API: test started suite=0 test=1317 name="interop/funding-typed-effective-only/eth (go-ethereum_trace)"
Sep 24 23:04:09.563 INF API: test ended suite=0 test=1317 pass=false
Sep 24 23:04:09.564 INF API: test started suite=0 test=1318 name="interop/funding-typed-effective-only/trace/none (go-ethereum_trace)"
Sep 24 23:04:09.566 INF API: test ended suite=0 test=1318 pass=false
Sep 24 23:04:09.566 INF API: test started suite=0 test=1319 name="interop/funding-typed-effective-only/trace/stateDiff-vmTrace (go-ethereum_trace)"
Sep 24 23:04:09.568 INF API: test ended suite=0 test=1319 pass=false
Sep 24 23:04:09.569 INF API: test started suite=0 test=1320 name="interop/funding-typed-effective-only/trace/stateDiff (go-ethereum_trace)"
Sep 24 23:04:09.570 INF API: test ended suite=0 test=1320 pass=false
Sep 24 23:04:09.571 INF API: test started suite=0 test=1321 name="interop/funding-typed-effective-only/trace/trace-stateDiff-vmTrace (go-ethereum_trace)"
Sep 24 23:04:09.572 INF API: test ended suite=0 test=1321 pass=false
Sep 24 23:04:09.573 INF API: test started suite=0 test=1322 name="interop/funding-typed-effective-only/trace/trace-stateDiff (go-ethereum_trace)"
Sep 24 23:04:09.574 INF API: test ended suite=0 test=1322 pass=false
Sep 24 23:04:09.575 INF API: test started suite=0 test=1323 name="interop/funding-typed-effective-only/trace/trace-vmTrace (go-ethereum_trace)"
Sep 24 23:04:09.577 INF API: test ended suite=0 test=1323 pass=false
Sep 24 23:04:09.578 INF API: test started suite=0 test=1324 name="interop/funding-typed-effective-only/trace/trace (go-ethereum_trace)"
Sep 24 23:04:09.579 INF API: test ended suite=0 test=1324 pass=false
Sep 24 23:04:09.580 INF API: test started suite=0 test=1325 name="interop/funding-typed-effective-only/trace/vmTrace (go-ethereum_trace)"
Sep 24 23:04:09.582 INF API: test ended suite=0 test=1325 pass=false
Sep 24 23:04:09.582 INF API: test started suite=0 test=1326 name="interop/funding-typed-exact/eth (go-ethereum_trace)"
Sep 24 23:04:09.584 INF API: test ended suite=0 test=1326 pass=false
Sep 24 23:04:09.585 INF API: test started suite=0 test=1327 name="interop/funding-typed-exact/trace/none (go-ethereum_trace)"
Sep 24 23:04:09.586 INF API: test ended suite=0 test=1327 pass=false
Sep 24 23:04:09.587 INF API: test started suite=0 test=1328 name="interop/funding-typed-exact/trace/stateDiff-vmTrace (go-ethereum_trace)"
Sep 24 23:04:09.590 INF API: test ended suite=0 test=1328 pass=false
Sep 24 23:04:09.591 INF API: test started suite=0 test=1329 name="interop/funding-typed-exact/trace/stateDiff (go-ethereum_trace)"
Sep 24 23:04:09.592 INF API: test ended suite=0 test=1329 pass=false
Sep 24 23:04:09.593 INF API: test started suite=0 test=1330 name="interop/funding-typed-exact/trace/trace-stateDiff-vmTrace (go-ethereum_trace)"
Sep 24 23:04:09.595 INF API: test ended suite=0 test=1330 pass=false
Sep 24 23:04:09.596 INF API: test started suite=0 test=1331 name="interop/funding-typed-exact/trace/trace-stateDiff (go-ethereum_trace)"
Sep 24 23:04:09.598 INF API: test ended suite=0 test=1331 pass=false
Sep 24 23:04:09.599 INF API: test started suite=0 test=1332 name="interop/funding-typed-exact/trace/trace-vmTrace (go-ethereum_trace)"
Sep 24 23:04:09.602 INF API: test ended suite=0 test=1332 pass=false
Sep 24 23:04:09.603 INF API: test started suite=0 test=1333 name="interop/funding-typed-exact/trace/trace (go-ethereum_trace)"
Sep 24 23:04:09.604 INF API: test ended suite=0 test=1333 pass=false
Sep 24 23:04:09.605 INF API: test started suite=0 test=1334 name="interop/funding-typed-exact/trace/vmTrace (go-ethereum_trace)"
Sep 24 23:04:09.607 INF API: test ended suite=0 test=1334 pass=false
Sep 24 23:04:09.608 INF API: test started suite=0 test=1335 name="interop/funding-typed-free-exact/eth (go-ethereum_trace)"
Sep 24 23:04:09.609 INF API: test ended suite=0 test=1335 pass=false
Sep 24 23:04:09.610 INF API: test started suite=0 test=1336 name="interop/funding-typed-free-exact/trace/none (go-ethereum_trace)"
Sep 24 23:04:09.612 INF API: test ended suite=0 test=1336 pass=false
Sep 24 23:04:09.612 INF API: test started suite=0 test=1337 name="interop/funding-typed-free-exact/trace/stateDiff-vmTrace (go-ethereum_trace)"
Sep 24 23:04:09.615 INF API: test ended suite=0 test=1337 pass=false
Sep 24 23:04:09.615 INF API: test started suite=0 test=1338 name="interop/funding-typed-free-exact/trace/stateDiff (go-ethereum_trace)"
Sep 24 23:04:09.617 INF API: test ended suite=0 test=1338 pass=false
Sep 24 23:04:09.618 INF API: test started suite=0 test=1339 name="interop/funding-typed-free-exact/trace/trace-stateDiff-vmTrace (go-ethereum_trace)"
Sep 24 23:04:09.620 INF API: test ended suite=0 test=1339 pass=false
Sep 24 23:04:09.621 INF API: test started suite=0 test=1340 name="interop/funding-typed-free-exact/trace/trace-stateDiff (go-ethereum_trace)"
Sep 24 23:04:09.623 INF API: test ended suite=0 test=1340 pass=false
Sep 24 23:04:09.623 INF API: test started suite=0 test=1341 name="interop/funding-typed-free-exact/trace/trace-vmTrace (go-ethereum_trace)"
Sep 24 23:04:09.626 INF API: test ended suite=0 test=1341 pass=false
Sep 24 23:04:09.627 INF API: test started suite=0 test=1342 name="interop/funding-typed-free-exact/trace/trace (go-ethereum_trace)"
Sep 24 23:04:09.629 INF API: test ended suite=0 test=1342 pass=false
Sep 24 23:04:09.630 INF API: test started suite=0 test=1343 name="interop/funding-typed-free-exact/trace/vmTrace (go-ethereum_trace)"
Sep 24 23:04:09.632 INF API: test ended suite=0 test=1343 pass=false
Sep 24 23:04:09.633 INF API: test started suite=0 test=1344 name="interop/funding-typed-free-short/eth (go-ethereum_trace)"
Sep 24 23:04:09.634 INF API: test ended suite=0 test=1344 pass=false
Sep 24 23:04:09.634 INF API: test started suite=0 test=1345 name="interop/funding-typed-free-short/trace/none (go-ethereum_trace)"
Sep 24 23:04:09.636 INF API: test ended suite=0 test=1345 pass=false
Sep 24 23:04:09.637 INF API: test started suite=0 test=1346 name="interop/funding-typed-free-short/trace/stateDiff-vmTrace (go-ethereum_trace)"
Sep 24 23:04:09.638 INF API: test ended suite=0 test=1346 pass=false
Sep 24 23:04:09.639 INF API: test started suite=0 test=1347 name="interop/funding-typed-free-short/trace/stateDiff (go-ethereum_trace)"
Sep 24 23:04:09.640 INF API: test ended suite=0 test=1347 pass=false
Sep 24 23:04:09.642 INF API: test started suite=0 test=1348 name="interop/funding-typed-free-short/trace/trace-stateDiff-vmTrace (go-ethereum_trace)"
Sep 24 23:04:09.643 INF API: test ended suite=0 test=1348 pass=false
Sep 24 23:04:09.644 INF API: test started suite=0 test=1349 name="interop/funding-typed-free-short/trace/trace-stateDiff (go-ethereum_trace)"
Sep 24 23:04:09.646 INF API: test ended suite=0 test=1349 pass=false
Sep 24 23:04:09.646 INF API: test started suite=0 test=1350 name="interop/funding-typed-free-short/trace/trace-vmTrace (go-ethereum_trace)"
Sep 24 23:04:09.648 INF API: test ended suite=0 test=1350 pass=false
Sep 24 23:04:09.648 INF API: test started suite=0 test=1351 name="interop/funding-typed-free-short/trace/trace (go-ethereum_trace)"
Sep 24 23:04:09.650 INF API: test ended suite=0 test=1351 pass=false
Sep 24 23:04:09.650 INF API: test started suite=0 test=1352 name="interop/funding-typed-free-short/trace/vmTrace (go-ethereum_trace)"
Sep 24 23:04:09.652 INF API: test ended suite=0 test=1352 pass=false
Sep 24 23:04:09.652 INF API: test started suite=0 test=1353 name="interop/funding-typed-short/eth (go-ethereum_trace)"
Sep 24 23:04:09.654 INF API: test ended suite=0 test=1353 pass=false
Sep 24 23:04:09.655 INF API: test started suite=0 test=1354 name="interop/funding-typed-short/trace/none (go-ethereum_trace)"
Sep 24 23:04:09.656 INF API: test ended suite=0 test=1354 pass=false
Sep 24 23:04:09.657 INF API: test started suite=0 test=1355 name="interop/funding-typed-short/trace/stateDiff-vmTrace (go-ethereum_trace)"
Sep 24 23:04:09.658 INF API: test ended suite=0 test=1355 pass=false
Sep 24 23:04:09.659 INF API: test started suite=0 test=1356 name="interop/funding-typed-short/trace/stateDiff (go-ethereum_trace)"
Sep 24 23:04:09.660 INF API: test ended suite=0 test=1356 pass=false
Sep 24 23:04:09.661 INF API: test started suite=0 test=1357 name="interop/funding-typed-short/trace/trace-stateDiff-vmTrace (go-ethereum_trace)"
Sep 24 23:04:09.663 INF API: test ended suite=0 test=1357 pass=false
Sep 24 23:04:09.664 INF API: test started suite=0 test=1358 name="interop/funding-typed-short/trace/trace-stateDiff (go-ethereum_trace)"
Sep 24 23:04:09.665 INF API: test ended suite=0 test=1358 pass=false
Sep 24 23:04:09.666 INF API: test started suite=0 test=1359 name="interop/funding-typed-short/trace/trace-vmTrace (go-ethereum_trace)"
Sep 24 23:04:09.667 INF API: test ended suite=0 test=1359 pass=false
Sep 24 23:04:09.668 INF API: test started suite=0 test=1360 name="interop/funding-typed-short/trace/trace (go-ethereum_trace)"
Sep 24 23:04:09.670 INF API: test ended suite=0 test=1360 pass=false
Sep 24 23:04:09.670 INF API: test started suite=0 test=1361 name="interop/funding-typed-short/trace/vmTrace (go-ethereum_trace)"
Sep 24 23:04:09.672 INF API: test ended suite=0 test=1361 pass=false
Sep 24 23:04:09.672 INF API: test started suite=0 test=1362 name="interop/legacy-above-base/eth (go-ethereum_trace)"
Sep 24 23:04:09.674 INF API: test ended suite=0 test=1362 pass=false
Sep 24 23:04:09.675 INF API: test started suite=0 test=1363 name="interop/legacy-above-base/trace/none (go-ethereum_trace)"
Sep 24 23:04:09.676 INF API: test ended suite=0 test=1363 pass=false
Sep 24 23:04:09.677 INF API: test started suite=0 test=1364 name="interop/legacy-above-base/trace/stateDiff-vmTrace (go-ethereum_trace)"
Sep 24 23:04:09.679 INF API: test ended suite=0 test=1364 pass=false
Sep 24 23:04:09.680 INF API: test started suite=0 test=1365 name="interop/legacy-above-base/trace/stateDiff (go-ethereum_trace)"
Sep 24 23:04:09.682 INF API: test ended suite=0 test=1365 pass=false
Sep 24 23:04:09.682 INF API: test started suite=0 test=1366 name="interop/legacy-above-base/trace/trace-stateDiff-vmTrace (go-ethereum_trace)"
Sep 24 23:04:09.684 INF API: test ended suite=0 test=1366 pass=false
Sep 24 23:04:09.685 INF API: test started suite=0 test=1367 name="interop/legacy-above-base/trace/trace-stateDiff (go-ethereum_trace)"
Sep 24 23:04:09.687 INF API: test ended suite=0 test=1367 pass=false
Sep 24 23:04:09.688 INF API: test started suite=0 test=1368 name="interop/legacy-above-base/trace/trace-vmTrace (go-ethereum_trace)"
Sep 24 23:04:09.690 INF API: test ended suite=0 test=1368 pass=false
Sep 24 23:04:09.691 INF API: test started suite=0 test=1369 name="interop/legacy-above-base/trace/trace (go-ethereum_trace)"
Sep 24 23:04:09.693 INF API: test ended suite=0 test=1369 pass=false
Sep 24 23:04:09.694 INF API: test started suite=0 test=1370 name="interop/legacy-above-base/trace/vmTrace (go-ethereum_trace)"
Sep 24 23:04:09.696 INF API: test ended suite=0 test=1370 pass=false
Sep 24 23:04:09.696 INF API: test started suite=0 test=1371 name="interop/legacy-at-base/eth (go-ethereum_trace)"
Sep 24 23:04:09.698 INF API: test ended suite=0 test=1371 pass=false
Sep 24 23:04:09.698 INF API: test started suite=0 test=1372 name="interop/legacy-at-base/trace/none (go-ethereum_trace)"
Sep 24 23:04:09.700 INF API: test ended suite=0 test=1372 pass=false
Sep 24 23:04:09.700 INF API: test started suite=0 test=1373 name="interop/legacy-at-base/trace/stateDiff-vmTrace (go-ethereum_trace)"
Sep 24 23:04:09.703 INF API: test ended suite=0 test=1373 pass=false
Sep 24 23:04:09.704 INF API: test started suite=0 test=1374 name="interop/legacy-at-base/trace/stateDiff (go-ethereum_trace)"
Sep 24 23:04:09.706 INF API: test ended suite=0 test=1374 pass=false
Sep 24 23:04:09.707 INF API: test started suite=0 test=1375 name="interop/legacy-at-base/trace/trace-stateDiff-vmTrace (go-ethereum_trace)"
Sep 24 23:04:09.709 INF API: test ended suite=0 test=1375 pass=false
Sep 24 23:04:09.710 INF API: test started suite=0 test=1376 name="interop/legacy-at-base/trace/trace-stateDiff (go-ethereum_trace)"
Sep 24 23:04:09.712 INF API: test ended suite=0 test=1376 pass=false
Sep 24 23:04:09.713 INF API: test started suite=0 test=1377 name="interop/legacy-at-base/trace/trace-vmTrace (go-ethereum_trace)"
Sep 24 23:04:09.715 INF API: test ended suite=0 test=1377 pass=false
Sep 24 23:04:09.716 INF API: test started suite=0 test=1378 name="interop/legacy-at-base/trace/trace (go-ethereum_trace)"
Sep 24 23:04:09.718 INF API: test ended suite=0 test=1378 pass=false
Sep 24 23:04:09.718 INF API: test started suite=0 test=1379 name="interop/legacy-at-base/trace/vmTrace (go-ethereum_trace)"
Sep 24 23:04:09.721 INF API: test ended suite=0 test=1379 pass=false
Sep 24 23:04:09.721 INF API: test started suite=0 test=1380 name="interop/legacy-below-base/eth (go-ethereum_trace)"
Sep 24 23:04:09.723 INF API: test ended suite=0 test=1380 pass=false
Sep 24 23:04:09.724 INF API: test started suite=0 test=1381 name="interop/legacy-below-base/trace/none (go-ethereum_trace)"
Sep 24 23:04:09.725 INF API: test ended suite=0 test=1381 pass=false
Sep 24 23:04:09.726 INF API: test started suite=0 test=1382 name="interop/legacy-below-base/trace/stateDiff-vmTrace (go-ethereum_trace)"
Sep 24 23:04:09.727 INF API: test ended suite=0 test=1382 pass=false
Sep 24 23:04:09.728 INF API: test started suite=0 test=1383 name="interop/legacy-below-base/trace/stateDiff (go-ethereum_trace)"
Sep 24 23:04:09.729 INF API: test ended suite=0 test=1383 pass=false
Sep 24 23:04:09.730 INF API: test started suite=0 test=1384 name="interop/legacy-below-base/trace/trace-stateDiff-vmTrace (go-ethereum_trace)"
Sep 24 23:04:09.732 INF API: test ended suite=0 test=1384 pass=false
Sep 24 23:04:09.733 INF API: test started suite=0 test=1385 name="interop/legacy-below-base/trace/trace-stateDiff (go-ethereum_trace)"
Sep 24 23:04:09.734 INF API: test ended suite=0 test=1385 pass=false
Sep 24 23:04:09.735 INF API: test started suite=0 test=1386 name="interop/legacy-below-base/trace/trace-vmTrace (go-ethereum_trace)"
Sep 24 23:04:09.736 INF API: test ended suite=0 test=1386 pass=false
Sep 24 23:04:09.737 INF API: test started suite=0 test=1387 name="interop/legacy-below-base/trace/trace (go-ethereum_trace)"
Sep 24 23:04:09.738 INF API: test ended suite=0 test=1387 pass=false
Sep 24 23:04:09.739 INF API: test started suite=0 test=1388 name="interop/legacy-below-base/trace/vmTrace (go-ethereum_trace)"
Sep 24 23:04:09.740 INF API: test ended suite=0 test=1388 pass=false
Sep 24 23:04:09.741 INF API: test started suite=0 test=1389 name="interop/legacy-one/eth (go-ethereum_trace)"
Sep 24 23:04:09.742 INF API: test ended suite=0 test=1389 pass=false
Sep 24 23:04:09.743 INF API: test started suite=0 test=1390 name="interop/legacy-one/trace/none (go-ethereum_trace)"
Sep 24 23:04:09.744 INF API: test ended suite=0 test=1390 pass=false
Sep 24 23:04:09.745 INF API: test started suite=0 test=1391 name="interop/legacy-one/trace/stateDiff-vmTrace (go-ethereum_trace)"
Sep 24 23:04:09.746 INF API: test ended suite=0 test=1391 pass=false
Sep 24 23:04:09.747 INF API: test started suite=0 test=1392 name="interop/legacy-one/trace/stateDiff (go-ethereum_trace)"
Sep 24 23:04:09.749 INF API: test ended suite=0 test=1392 pass=false
Sep 24 23:04:09.749 INF API: test started suite=0 test=1393 name="interop/legacy-one/trace/trace-stateDiff-vmTrace (go-ethereum_trace)"
Sep 24 23:04:09.751 INF API: test ended suite=0 test=1393 pass=false
Sep 24 23:04:09.751 INF API: test started suite=0 test=1394 name="interop/legacy-one/trace/trace-stateDiff (go-ethereum_trace)"
Sep 24 23:04:09.753 INF API: test ended suite=0 test=1394 pass=false
Sep 24 23:04:09.753 INF API: test started suite=0 test=1395 name="interop/legacy-one/trace/trace-vmTrace (go-ethereum_trace)"
Sep 24 23:04:09.755 INF API: test ended suite=0 test=1395 pass=false
Sep 24 23:04:09.756 INF API: test started suite=0 test=1396 name="interop/legacy-one/trace/trace (go-ethereum_trace)"
Sep 24 23:04:09.757 INF API: test ended suite=0 test=1396 pass=false
Sep 24 23:04:09.758 INF API: test started suite=0 test=1397 name="interop/legacy-one/trace/vmTrace (go-ethereum_trace)"
Sep 24 23:04:09.759 INF API: test ended suite=0 test=1397 pass=false
Sep 24 23:04:09.760 INF API: test started suite=0 test=1398 name="interop/legacy-zero/eth (go-ethereum_trace)"
Sep 24 23:04:09.762 INF API: test ended suite=0 test=1398 pass=false
Sep 24 23:04:09.762 INF API: test started suite=0 test=1399 name="interop/legacy-zero/trace/none (go-ethereum_trace)"
Sep 24 23:04:09.764 INF API: test ended suite=0 test=1399 pass=false
Sep 24 23:04:09.765 INF API: test started suite=0 test=1400 name="interop/legacy-zero/trace/stateDiff-vmTrace (go-ethereum_trace)"
Sep 24 23:04:09.768 INF API: test ended suite=0 test=1400 pass=false
Sep 24 23:04:09.769 INF API: test started suite=0 test=1401 name="interop/legacy-zero/trace/stateDiff (go-ethereum_trace)"
Sep 24 23:04:09.770 INF API: test ended suite=0 test=1401 pass=false
Sep 24 23:04:09.771 INF API: test started suite=0 test=1402 name="interop/legacy-zero/trace/trace-stateDiff-vmTrace (go-ethereum_trace)"
Sep 24 23:04:09.774 INF API: test ended suite=0 test=1402 pass=false
Sep 24 23:04:09.775 INF API: test started suite=0 test=1403 name="interop/legacy-zero/trace/trace-stateDiff (go-ethereum_trace)"
Sep 24 23:04:09.777 INF API: test ended suite=0 test=1403 pass=false
Sep 24 23:04:09.777 INF API: test started suite=0 test=1404 name="interop/legacy-zero/trace/trace-vmTrace (go-ethereum_trace)"
Sep 24 23:04:09.780 INF API: test ended suite=0 test=1404 pass=false
Sep 24 23:04:09.781 INF API: test started suite=0 test=1405 name="interop/legacy-zero/trace/trace (go-ethereum_trace)"
Sep 24 23:04:09.783 INF API: test ended suite=0 test=1405 pass=false
Sep 24 23:04:09.784 INF API: test started suite=0 test=1406 name="interop/legacy-zero/trace/vmTrace (go-ethereum_trace)"
Sep 24 23:04:09.786 INF API: test ended suite=0 test=1406 pass=false
Sep 24 23:04:09.787 INF API: test started suite=0 test=1407 name="interop/typed-at-base/eth (go-ethereum_trace)"
Sep 24 23:04:09.788 INF API: test ended suite=0 test=1407 pass=false
Sep 24 23:04:09.789 INF API: test started suite=0 test=1408 name="interop/typed-at-base/trace/none (go-ethereum_trace)"
Sep 24 23:04:09.790 INF API: test ended suite=0 test=1408 pass=false
Sep 24 23:04:09.791 INF API: test started suite=0 test=1409 name="interop/typed-at-base/trace/stateDiff-vmTrace (go-ethereum_trace)"
Sep 24 23:04:09.793 INF API: test ended suite=0 test=1409 pass=false
Sep 24 23:04:09.794 INF API: test started suite=0 test=1410 name="interop/typed-at-base/trace/stateDiff (go-ethereum_trace)"
Sep 24 23:04:09.796 INF API: test ended suite=0 test=1410 pass=false
Sep 24 23:04:09.796 INF API: test started suite=0 test=1411 name="interop/typed-at-base/trace/trace-stateDiff-vmTrace (go-ethereum_trace)"
Sep 24 23:04:09.799 INF API: test ended suite=0 test=1411 pass=false
Sep 24 23:04:09.800 INF API: test started suite=0 test=1412 name="interop/typed-at-base/trace/trace-stateDiff (go-ethereum_trace)"
Sep 24 23:04:09.802 INF API: test ended suite=0 test=1412 pass=false
Sep 24 23:04:09.802 INF API: test started suite=0 test=1413 name="interop/typed-at-base/trace/trace-vmTrace (go-ethereum_trace)"
Sep 24 23:04:09.805 INF API: test ended suite=0 test=1413 pass=false
Sep 24 23:04:09.805 INF API: test started suite=0 test=1414 name="interop/typed-at-base/trace/trace (go-ethereum_trace)"
Sep 24 23:04:09.806 INF API: test ended suite=0 test=1414 pass=false
Sep 24 23:04:09.807 INF API: test started suite=0 test=1415 name="interop/typed-at-base/trace/vmTrace (go-ethereum_trace)"
Sep 24 23:04:09.809 INF API: test ended suite=0 test=1415 pass=false
Sep 24 23:04:09.809 INF API: test started suite=0 test=1416 name="interop/typed-below-base/eth (go-ethereum_trace)"
Sep 24 23:04:09.810 INF API: test ended suite=0 test=1416 pass=false
Sep 24 23:04:09.811 INF API: test started suite=0 test=1417 name="interop/typed-below-base/trace/none (go-ethereum_trace)"
Sep 24 23:04:09.813 INF API: test ended suite=0 test=1417 pass=false
Sep 24 23:04:09.814 INF API: test started suite=0 test=1418 name="interop/typed-below-base/trace/stateDiff-vmTrace (go-ethereum_trace)"
Sep 24 23:04:09.816 INF API: test ended suite=0 test=1418 pass=false
Sep 24 23:04:09.817 INF API: test started suite=0 test=1419 name="interop/typed-below-base/trace/stateDiff (go-ethereum_trace)"
Sep 24 23:04:09.818 INF API: test ended suite=0 test=1419 pass=false
Sep 24 23:04:09.819 INF API: test started suite=0 test=1420 name="interop/typed-below-base/trace/trace-stateDiff-vmTrace (go-ethereum_trace)"
Sep 24 23:04:09.820 INF API: test ended suite=0 test=1420 pass=false
Sep 24 23:04:09.821 INF API: test started suite=0 test=1421 name="interop/typed-below-base/trace/trace-stateDiff (go-ethereum_trace)"
Sep 24 23:04:09.823 INF API: test ended suite=0 test=1421 pass=false
Sep 24 23:04:09.823 INF API: test started suite=0 test=1422 name="interop/typed-below-base/trace/trace-vmTrace (go-ethereum_trace)"
Sep 24 23:04:09.825 INF API: test ended suite=0 test=1422 pass=false
Sep 24 23:04:09.826 INF API: test started suite=0 test=1423 name="interop/typed-below-base/trace/trace (go-ethereum_trace)"
Sep 24 23:04:09.827 INF API: test ended suite=0 test=1423 pass=false
Sep 24 23:04:09.828 INF API: test started suite=0 test=1424 name="interop/typed-below-base/trace/vmTrace (go-ethereum_trace)"
Sep 24 23:04:09.829 INF API: test ended suite=0 test=1424 pass=false
Sep 24 23:04:09.830 INF API: test started suite=0 test=1425 name="interop/typed-below-base-positive-tip/eth (go-ethereum_trace)"
Sep 24 23:04:09.831 INF API: test ended suite=0 test=1425 pass=false
Sep 24 23:04:09.832 INF API: test started suite=0 test=1426 name="interop/typed-below-base-positive-tip/trace/none (go-ethereum_trace)"
Sep 24 23:04:09.833 INF API: test ended suite=0 test=1426 pass=false
Sep 24 23:04:09.834 INF API: test started suite=0 test=1427 name="interop/typed-below-base-positive-tip/trace/stateDiff-vmTrace (go-ethereum_trace)"
Sep 24 23:04:09.835 INF API: test ended suite=0 test=1427 pass=false
Sep 24 23:04:09.836 INF API: test started suite=0 test=1428 name="interop/typed-below-base-positive-tip/trace/stateDiff (go-ethereum_trace)"
Sep 24 23:04:09.838 INF API: test ended suite=0 test=1428 pass=false
Sep 24 23:04:09.838 INF API: test started suite=0 test=1429 name="interop/typed-below-base-positive-tip/trace/trace-stateDiff-vmTrace (go-ethereum_trace)"
Sep 24 23:04:09.840 INF API: test ended suite=0 test=1429 pass=false
Sep 24 23:04:09.840 INF API: test started suite=0 test=1430 name="interop/typed-below-base-positive-tip/trace/trace-stateDiff (go-ethereum_trace)"
Sep 24 23:04:09.842 INF API: test ended suite=0 test=1430 pass=false
Sep 24 23:04:09.842 INF API: test started suite=0 test=1431 name="interop/typed-below-base-positive-tip/trace/trace-vmTrace (go-ethereum_trace)"
Sep 24 23:04:09.844 INF API: test ended suite=0 test=1431 pass=false
Sep 24 23:04:09.845 INF API: test started suite=0 test=1432 name="interop/typed-below-base-positive-tip/trace/trace (go-ethereum_trace)"
Sep 24 23:04:09.846 INF API: test ended suite=0 test=1432 pass=false
Sep 24 23:04:09.847 INF API: test started suite=0 test=1433 name="interop/typed-below-base-positive-tip/trace/vmTrace (go-ethereum_trace)"
Sep 24 23:04:09.848 INF API: test ended suite=0 test=1433 pass=false
Sep 24 23:04:09.849 INF API: test started suite=0 test=1434 name="interop/typed-cap-limited/eth (go-ethereum_trace)"
Sep 24 23:04:09.850 INF API: test ended suite=0 test=1434 pass=false
Sep 24 23:04:09.851 INF API: test started suite=0 test=1435 name="interop/typed-cap-limited/trace/none (go-ethereum_trace)"
Sep 24 23:04:09.853 INF API: test ended suite=0 test=1435 pass=false
Sep 24 23:04:09.854 INF API: test started suite=0 test=1436 name="interop/typed-cap-limited/trace/stateDiff-vmTrace (go-ethereum_trace)"
Sep 24 23:04:09.857 INF API: test ended suite=0 test=1436 pass=false
Sep 24 23:04:09.857 INF API: test started suite=0 test=1437 name="interop/typed-cap-limited/trace/stateDiff (go-ethereum_trace)"
Sep 24 23:04:09.859 INF API: test ended suite=0 test=1437 pass=false
Sep 24 23:04:09.860 INF API: test started suite=0 test=1438 name="interop/typed-cap-limited/trace/trace-stateDiff-vmTrace (go-ethereum_trace)"
Sep 24 23:04:09.863 INF API: test ended suite=0 test=1438 pass=false
Sep 24 23:04:09.864 INF API: test started suite=0 test=1439 name="interop/typed-cap-limited/trace/trace-stateDiff (go-ethereum_trace)"
Sep 24 23:04:09.865 INF API: test ended suite=0 test=1439 pass=false
Sep 24 23:04:09.866 INF API: test started suite=0 test=1440 name="interop/typed-cap-limited/trace/trace-vmTrace (go-ethereum_trace)"
Sep 24 23:04:09.869 INF API: test ended suite=0 test=1440 pass=false
Sep 24 23:04:09.870 INF API: test started suite=0 test=1441 name="interop/typed-cap-limited/trace/trace (go-ethereum_trace)"
Sep 24 23:04:09.872 INF API: test ended suite=0 test=1441 pass=false
Sep 24 23:04:09.873 INF API: test started suite=0 test=1442 name="interop/typed-cap-limited/trace/vmTrace (go-ethereum_trace)"
Sep 24 23:04:09.875 INF API: test ended suite=0 test=1442 pass=false
Sep 24 23:04:09.876 INF API: test started suite=0 test=1443 name="interop/typed-one/eth (go-ethereum_trace)"
Sep 24 23:04:09.877 INF API: test ended suite=0 test=1443 pass=false
Sep 24 23:04:09.878 INF API: test started suite=0 test=1444 name="interop/typed-one/trace/none (go-ethereum_trace)"
Sep 24 23:04:09.879 INF API: test ended suite=0 test=1444 pass=false
Sep 24 23:04:09.880 INF API: test started suite=0 test=1445 name="interop/typed-one/trace/stateDiff-vmTrace (go-ethereum_trace)"
Sep 24 23:04:09.881 INF API: test ended suite=0 test=1445 pass=false
Sep 24 23:04:09.882 INF API: test started suite=0 test=1446 name="interop/typed-one/trace/stateDiff (go-ethereum_trace)"
Sep 24 23:04:09.883 INF API: test ended suite=0 test=1446 pass=false
Sep 24 23:04:09.884 INF API: test started suite=0 test=1447 name="interop/typed-one/trace/trace-stateDiff-vmTrace (go-ethereum_trace)"
Sep 24 23:04:09.885 INF API: test ended suite=0 test=1447 pass=false
Sep 24 23:04:09.886 INF API: test started suite=0 test=1448 name="interop/typed-one/trace/trace-stateDiff (go-ethereum_trace)"
Sep 24 23:04:09.888 INF API: test ended suite=0 test=1448 pass=false
Sep 24 23:04:09.889 INF API: test started suite=0 test=1449 name="interop/typed-one/trace/trace-vmTrace (go-ethereum_trace)"
Sep 24 23:04:09.891 INF API: test ended suite=0 test=1449 pass=false
Sep 24 23:04:09.891 INF API: test started suite=0 test=1450 name="interop/typed-one/trace/trace (go-ethereum_trace)"
Sep 24 23:04:09.892 INF API: test ended suite=0 test=1450 pass=false
Sep 24 23:04:09.893 INF API: test started suite=0 test=1451 name="interop/typed-one/trace/vmTrace (go-ethereum_trace)"
Sep 24 23:04:09.895 INF API: test ended suite=0 test=1451 pass=false
Sep 24 23:04:09.895 INF API: test started suite=0 test=1452 name="interop/typed-tip-equals-cap/eth (go-ethereum_trace)"
Sep 24 23:04:09.897 INF API: test ended suite=0 test=1452 pass=false
Sep 24 23:04:09.898 INF API: test started suite=0 test=1453 name="interop/typed-tip-equals-cap/trace/none (go-ethereum_trace)"
Sep 24 23:04:09.899 INF API: test ended suite=0 test=1453 pass=false
Sep 24 23:04:09.900 INF API: test started suite=0 test=1454 name="interop/typed-tip-equals-cap/trace/stateDiff-vmTrace (go-ethereum_trace)"
Sep 24 23:04:09.901 INF API: test ended suite=0 test=1454 pass=false
Sep 24 23:04:09.902 INF API: test started suite=0 test=1455 name="interop/typed-tip-equals-cap/trace/stateDiff (go-ethereum_trace)"
Sep 24 23:04:09.904 INF API: test ended suite=0 test=1455 pass=false
Sep 24 23:04:09.905 INF API: test started suite=0 test=1456 name="interop/typed-tip-equals-cap/trace/trace-stateDiff-vmTrace (go-ethereum_trace)"
Sep 24 23:04:09.907 INF API: test ended suite=0 test=1456 pass=false
Sep 24 23:04:09.908 INF API: test started suite=0 test=1457 name="interop/typed-tip-equals-cap/trace/trace-stateDiff (go-ethereum_trace)"
Sep 24 23:04:09.910 INF API: test ended suite=0 test=1457 pass=false
Sep 24 23:04:09.911 INF API: test started suite=0 test=1458 name="interop/typed-tip-equals-cap/trace/trace-vmTrace (go-ethereum_trace)"
Sep 24 23:04:09.913 INF API: test ended suite=0 test=1458 pass=false
Sep 24 23:04:09.913 INF API: test started suite=0 test=1459 name="interop/typed-tip-equals-cap/trace/trace (go-ethereum_trace)"
Sep 24 23:04:09.914 INF API: test ended suite=0 test=1459 pass=false
Sep 24 23:04:09.915 INF API: test started suite=0 test=1460 name="interop/typed-tip-equals-cap/trace/vmTrace (go-ethereum_trace)"
Sep 24 23:04:09.917 INF API: test ended suite=0 test=1460 pass=false
Sep 24 23:04:09.918 INF API: test started suite=0 test=1461 name="interop/typed-tip-limited/eth (go-ethereum_trace)"
Sep 24 23:04:09.919 INF API: test ended suite=0 test=1461 pass=false
Sep 24 23:04:09.920 INF API: test started suite=0 test=1462 name="interop/typed-tip-limited/trace/none (go-ethereum_trace)"
Sep 24 23:04:09.922 INF API: test ended suite=0 test=1462 pass=false
Sep 24 23:04:09.923 INF API: test started suite=0 test=1463 name="interop/typed-tip-limited/trace/stateDiff-vmTrace (go-ethereum_trace)"
Sep 24 23:04:09.925 INF API: test ended suite=0 test=1463 pass=false
Sep 24 23:04:09.926 INF API: test started suite=0 test=1464 name="interop/typed-tip-limited/trace/stateDiff (go-ethereum_trace)"
Sep 24 23:04:09.928 INF API: test ended suite=0 test=1464 pass=false
Sep 24 23:04:09.928 INF API: test started suite=0 test=1465 name="interop/typed-tip-limited/trace/trace-stateDiff-vmTrace (go-ethereum_trace)"
Sep 24 23:04:09.931 INF API: test ended suite=0 test=1465 pass=false
Sep 24 23:04:09.931 INF API: test started suite=0 test=1466 name="interop/typed-tip-limited/trace/trace-stateDiff (go-ethereum_trace)"
Sep 24 23:04:09.933 INF API: test ended suite=0 test=1466 pass=false
Sep 24 23:04:09.934 INF API: test started suite=0 test=1467 name="interop/typed-tip-limited/trace/trace-vmTrace (go-ethereum_trace)"
Sep 24 23:04:09.937 INF API: test ended suite=0 test=1467 pass=false
Sep 24 23:04:09.938 INF API: test started suite=0 test=1468 name="interop/typed-tip-limited/trace/trace (go-ethereum_trace)"
Sep 24 23:04:09.940 INF API: test ended suite=0 test=1468 pass=false
Sep 24 23:04:09.940 INF API: test started suite=0 test=1469 name="interop/typed-tip-limited/trace/vmTrace (go-ethereum_trace)"
Sep 24 23:04:09.942 INF API: test ended suite=0 test=1469 pass=false
Sep 24 23:04:09.943 INF API: test started suite=0 test=1470 name="interop/typed-tip-over-cap/eth (go-ethereum_trace)"
Sep 24 23:04:09.944 INF API: test ended suite=0 test=1470 pass=false
Sep 24 23:04:09.945 INF API: test started suite=0 test=1471 name="interop/typed-tip-over-cap/trace/none (go-ethereum_trace)"
Sep 24 23:04:09.946 INF API: test ended suite=0 test=1471 pass=false
Sep 24 23:04:09.947 INF API: test started suite=0 test=1472 name="interop/typed-tip-over-cap/trace/stateDiff-vmTrace (go-ethereum_trace)"
Sep 24 23:04:09.949 INF API: test ended suite=0 test=1472 pass=false
Sep 24 23:04:09.949 INF API: test started suite=0 test=1473 name="interop/typed-tip-over-cap/trace/stateDiff (go-ethereum_trace)"
Sep 24 23:04:09.951 INF API: test ended suite=0 test=1473 pass=false
Sep 24 23:04:09.952 INF API: test started suite=0 test=1474 name="interop/typed-tip-over-cap/trace/trace-stateDiff-vmTrace (go-ethereum_trace)"
Sep 24 23:04:09.953 INF API: test ended suite=0 test=1474 pass=false
Sep 24 23:04:09.953 INF API: test started suite=0 test=1475 name="interop/typed-tip-over-cap/trace/trace-stateDiff (go-ethereum_trace)"
Sep 24 23:04:09.954 INF API: test ended suite=0 test=1475 pass=false
Sep 24 23:04:09.955 INF API: test started suite=0 test=1476 name="interop/typed-tip-over-cap/trace/trace-vmTrace (go-ethereum_trace)"
Sep 24 23:04:09.956 INF API: test ended suite=0 test=1476 pass=false
Sep 24 23:04:09.957 INF API: test started suite=0 test=1477 name="interop/typed-tip-over-cap/trace/trace (go-ethereum_trace)"
Sep 24 23:04:09.958 INF API: test ended suite=0 test=1477 pass=false
Sep 24 23:04:09.959 INF API: test started suite=0 test=1478 name="interop/typed-tip-over-cap/trace/vmTrace (go-ethereum_trace)"
Sep 24 23:04:09.960 INF API: test ended suite=0 test=1478 pass=false
Sep 24 23:04:09.961 INF API: test started suite=0 test=1479 name="interop/typed-zero/eth (go-ethereum_trace)"
Sep 24 23:04:09.962 INF API: test ended suite=0 test=1479 pass=false
Sep 24 23:04:09.963 INF API: test started suite=0 test=1480 name="interop/typed-zero/trace/none (go-ethereum_trace)"
Sep 24 23:04:09.964 INF API: test ended suite=0 test=1480 pass=false
Sep 24 23:04:09.965 INF API: test started suite=0 test=1481 name="interop/typed-zero/trace/stateDiff-vmTrace (go-ethereum_trace)"
Sep 24 23:04:09.967 INF API: test ended suite=0 test=1481 pass=false
Sep 24 23:04:09.968 INF API: test started suite=0 test=1482 name="interop/typed-zero/trace/stateDiff (go-ethereum_trace)"
Sep 24 23:04:09.969 INF API: test ended suite=0 test=1482 pass=false
Sep 24 23:04:09.970 INF API: test started suite=0 test=1483 name="interop/typed-zero/trace/trace-stateDiff-vmTrace (go-ethereum_trace)"
Sep 24 23:04:09.973 INF API: test ended suite=0 test=1483 pass=false
Sep 24 23:04:09.974 INF API: test started suite=0 test=1484 name="interop/typed-zero/trace/trace-stateDiff (go-ethereum_trace)"
Sep 24 23:04:09.976 INF API: test ended suite=0 test=1484 pass=false
Sep 24 23:04:09.976 INF API: test started suite=0 test=1485 name="interop/typed-zero/trace/trace-vmTrace (go-ethereum_trace)"
Sep 24 23:04:09.978 INF API: test ended suite=0 test=1485 pass=false
Sep 24 23:04:09.979 INF API: test started suite=0 test=1486 name="interop/typed-zero/trace/trace (go-ethereum_trace)"
Sep 24 23:04:09.980 INF API: test ended suite=0 test=1486 pass=false
Sep 24 23:04:09.981 INF API: test started suite=0 test=1487 name="interop/typed-zero/trace/vmTrace (go-ethereum_trace)"
Sep 24 23:04:09.983 INF API: test ended suite=0 test=1487 pass=false
Sep 24 23:04:09.984 INF API: test started suite=0 test=1488 name="interop/typed-zero-cap-positive-tip/eth (go-ethereum_trace)"
Sep 24 23:04:09.986 INF API: test ended suite=0 test=1488 pass=false
Sep 24 23:04:09.986 INF API: test started suite=0 test=1489 name="interop/typed-zero-cap-positive-tip/trace/none (go-ethereum_trace)"
Sep 24 23:04:09.988 INF API: test ended suite=0 test=1489 pass=false
Sep 24 23:04:09.988 INF API: test started suite=0 test=1490 name="interop/typed-zero-cap-positive-tip/trace/stateDiff-vmTrace (go-ethereum_trace)"
Sep 24 23:04:09.990 INF API: test ended suite=0 test=1490 pass=false
Sep 24 23:04:09.991 INF API: test started suite=0 test=1491 name="interop/typed-zero-cap-positive-tip/trace/stateDiff (go-ethereum_trace)"
Sep 24 23:04:09.992 INF API: test ended suite=0 test=1491 pass=false
Sep 24 23:04:09.993 INF API: test started suite=0 test=1492 name="interop/typed-zero-cap-positive-tip/trace/trace-stateDiff-vmTrace (go-ethereum_trace)"
Sep 24 23:04:09.994 INF API: test ended suite=0 test=1492 pass=false
Sep 24 23:04:09.994 INF API: test started suite=0 test=1493 name="interop/typed-zero-cap-positive-tip/trace/trace-stateDiff (go-ethereum_trace)"
Sep 24 23:04:09.996 INF API: test ended suite=0 test=1493 pass=false
Sep 24 23:04:09.997 INF API: test started suite=0 test=1494 name="interop/typed-zero-cap-positive-tip/trace/trace-vmTrace (go-ethereum_trace)"
Sep 24 23:04:09.998 INF API: test ended suite=0 test=1494 pass=false
Sep 24 23:04:09.999 INF API: test started suite=0 test=1495 name="interop/typed-zero-cap-positive-tip/trace/trace (go-ethereum_trace)"
Sep 24 23:04:10.000 INF API: test ended suite=0 test=1495 pass=false
Sep 24 23:04:10.001 INF API: test started suite=0 test=1496 name="interop/typed-zero-cap-positive-tip/trace/vmTrace (go-ethereum_trace)"
Sep 24 23:04:10.002 INF API: test ended suite=0 test=1496 pass=false
Sep 24 23:04:10.003 INF API: test started suite=0 test=1497 name="interop/typed-zero-tip/eth (go-ethereum_trace)"
Sep 24 23:04:10.004 INF API: test ended suite=0 test=1497 pass=false
Sep 24 23:04:10.005 INF API: test started suite=0 test=1498 name="interop/typed-zero-tip/trace/none (go-ethereum_trace)"
Sep 24 23:04:10.006 INF API: test ended suite=0 test=1498 pass=false
Sep 24 23:04:10.007 INF API: test started suite=0 test=1499 name="interop/typed-zero-tip/trace/stateDiff-vmTrace (go-ethereum_trace)"
Sep 24 23:04:10.009 INF API: test ended suite=0 test=1499 pass=false
Sep 24 23:04:10.010 INF API: test started suite=0 test=1500 name="interop/typed-zero-tip/trace/stateDiff (go-ethereum_trace)"
Sep 24 23:04:10.011 INF API: test ended suite=0 test=1500 pass=false
Sep 24 23:04:10.012 INF API: test started suite=0 test=1501 name="interop/typed-zero-tip/trace/trace-stateDiff-vmTrace (go-ethereum_trace)"
Sep 24 23:04:10.015 INF API: test ended suite=0 test=1501 pass=false
Sep 24 23:04:10.016 INF API: test started suite=0 test=1502 name="interop/typed-zero-tip/trace/trace-stateDiff (go-ethereum_trace)"
Sep 24 23:04:10.018 INF API: test ended suite=0 test=1502 pass=false
Sep 24 23:04:10.018 INF API: test started suite=0 test=1503 name="interop/typed-zero-tip/trace/trace-vmTrace (go-ethereum_trace)"
Sep 24 23:04:10.021 INF API: test ended suite=0 test=1503 pass=false
Sep 24 23:04:10.022 INF API: test started suite=0 test=1504 name="interop/typed-zero-tip/trace/trace (go-ethereum_trace)"
Sep 24 23:04:10.023 INF API: test ended suite=0 test=1504 pass=false
Sep 24 23:04:10.024 INF API: test started suite=0 test=1505 name="interop/typed-zero-tip/trace/vmTrace (go-ethereum_trace)"
Sep 24 23:04:10.026 INF API: test ended suite=0 test=1505 pass=false
Sep 24 23:04:10.563 INF API: test ended suite=0 test=1205 pass=true
Sep 24 23:04:10.565 INF API: test started suite=0 test=1506 name="client launch (nethermind_development)"
Sep 24 23:04:18.421 INF API: client nethermind_development started suite=0 test=1506 container=4e24a666
Sep 24 23:04:18.573 INF API: test started suite=0 test=1507 name="interop/_control/empty-balance (nethermind_development)"
Sep 24 23:04:18.586 INF API: test ended suite=0 test=1507 pass=false
Sep 24 23:04:18.587 INF API: test started suite=0 test=1508 name="interop/_control/empty-code (nethermind_development)"
Sep 24 23:04:18.599 INF API: test ended suite=0 test=1508 pass=false
Sep 24 23:04:18.599 INF API: test started suite=0 test=1509 name="interop/_control/empty-nonce (nethermind_development)"
Sep 24 23:04:18.614 INF API: test ended suite=0 test=1509 pass=false
Sep 24 23:04:18.615 INF API: test started suite=0 test=1510 name="interop/_control/head (nethermind_development)"
Sep 24 23:04:18.617 INF API: test ended suite=0 test=1510 pass=false
Sep 24 23:04:18.618 INF API: test started suite=0 test=1511 name="interop/_control/latest (nethermind_development)"
Sep 24 23:04:18.619 INF API: test ended suite=0 test=1511 pass=false
Sep 24 23:04:18.620 INF API: test started suite=0 test=1512 name="interop/_control/miner-balance (nethermind_development)"
Sep 24 23:04:18.621 INF API: test ended suite=0 test=1512 pass=false
Sep 24 23:04:18.622 INF API: test started suite=0 test=1513 name="interop/_control/miner-code (nethermind_development)"
Sep 24 23:04:18.623 INF API: test ended suite=0 test=1513 pass=false
Sep 24 23:04:18.624 INF API: test started suite=0 test=1514 name="interop/_control/miner-nonce (nethermind_development)"
Sep 24 23:04:18.625 INF API: test ended suite=0 test=1514 pass=false
Sep 24 23:04:18.626 INF API: test started suite=0 test=1515 name="interop/_control/sender-balance (nethermind_development)"
Sep 24 23:04:18.627 INF API: test ended suite=0 test=1515 pass=false
Sep 24 23:04:18.628 INF API: test started suite=0 test=1516 name="interop/_control/sender-code (nethermind_development)"
Sep 24 23:04:18.629 INF API: test ended suite=0 test=1516 pass=false
Sep 24 23:04:18.630 INF API: test started suite=0 test=1517 name="interop/_control/sender-nonce (nethermind_development)"
Sep 24 23:04:18.631 INF API: test ended suite=0 test=1517 pass=false
Sep 24 23:04:18.632 INF API: test started suite=0 test=1518 name="interop/_control/version (nethermind_development)"
Sep 24 23:04:18.635 INF API: test ended suite=0 test=1518 pass=false
Sep 24 23:04:18.636 INF API: test started suite=0 test=1519 name="interop/defaults-cap-only-positive/eth (nethermind_development)"
Sep 24 23:04:18.719 INF API: test ended suite=0 test=1519 pass=false
Sep 24 23:04:18.720 INF API: test started suite=0 test=1520 name="interop/defaults-cap-only-positive/trace/none (nethermind_development)"
Sep 24 23:04:18.828 INF API: test ended suite=0 test=1520 pass=false
Sep 24 23:04:18.829 INF API: test started suite=0 test=1521 name="interop/defaults-cap-only-positive/trace/stateDiff-vmTrace (nethermind_development)"
Sep 24 23:04:18.923 INF API: test ended suite=0 test=1521 pass=false
Sep 24 23:04:18.924 INF API: test started suite=0 test=1522 name="interop/defaults-cap-only-positive/trace/stateDiff (nethermind_development)"
Sep 24 23:04:18.935 INF API: test ended suite=0 test=1522 pass=false
Sep 24 23:04:18.936 INF API: test started suite=0 test=1523 name="interop/defaults-cap-only-positive/trace/trace-stateDiff-vmTrace (nethermind_development)"
Sep 24 23:04:18.945 INF API: test ended suite=0 test=1523 pass=false
Sep 24 23:04:18.946 INF API: test started suite=0 test=1524 name="interop/defaults-cap-only-positive/trace/trace-stateDiff (nethermind_development)"
Sep 24 23:04:18.949 INF API: test ended suite=0 test=1524 pass=false
Sep 24 23:04:18.950 INF API: test started suite=0 test=1525 name="interop/defaults-cap-only-positive/trace/trace-vmTrace (nethermind_development)"
Sep 24 23:04:18.954 INF API: test ended suite=0 test=1525 pass=false
Sep 24 23:04:18.955 INF API: test started suite=0 test=1526 name="interop/defaults-cap-only-positive/trace/trace (nethermind_development)"
Sep 24 23:04:18.957 INF API: test ended suite=0 test=1526 pass=false
Sep 24 23:04:18.958 INF API: test started suite=0 test=1527 name="interop/defaults-cap-only-positive/trace/vmTrace (nethermind_development)"
Sep 24 23:04:18.961 INF API: test ended suite=0 test=1527 pass=false
Sep 24 23:04:18.962 INF API: test started suite=0 test=1528 name="interop/defaults-cap-only-zero/eth (nethermind_development)"
Sep 24 23:04:18.964 INF API: test ended suite=0 test=1528 pass=false
Sep 24 23:04:18.964 INF API: test started suite=0 test=1529 name="interop/defaults-cap-only-zero/trace/none (nethermind_development)"
Sep 24 23:04:18.966 INF API: test ended suite=0 test=1529 pass=false
Sep 24 23:04:18.967 INF API: test started suite=0 test=1530 name="interop/defaults-cap-only-zero/trace/stateDiff-vmTrace (nethermind_development)"
Sep 24 23:04:18.970 INF API: test ended suite=0 test=1530 pass=false
Sep 24 23:04:18.971 INF API: test started suite=0 test=1531 name="interop/defaults-cap-only-zero/trace/stateDiff (nethermind_development)"
Sep 24 23:04:18.973 INF API: test ended suite=0 test=1531 pass=false
Sep 24 23:04:18.974 INF API: test started suite=0 test=1532 name="interop/defaults-cap-only-zero/trace/trace-stateDiff-vmTrace (nethermind_development)"
Sep 24 23:04:18.976 INF API: test ended suite=0 test=1532 pass=false
Sep 24 23:04:18.977 INF API: test started suite=0 test=1533 name="interop/defaults-cap-only-zero/trace/trace-stateDiff (nethermind_development)"
Sep 24 23:04:18.979 INF API: test ended suite=0 test=1533 pass=false
Sep 24 23:04:18.980 INF API: test started suite=0 test=1534 name="interop/defaults-cap-only-zero/trace/trace-vmTrace (nethermind_development)"
Sep 24 23:04:18.982 INF API: test ended suite=0 test=1534 pass=false
Sep 24 23:04:18.983 INF API: test started suite=0 test=1535 name="interop/defaults-cap-only-zero/trace/trace (nethermind_development)"
Sep 24 23:04:18.985 INF API: test ended suite=0 test=1535 pass=false
Sep 24 23:04:18.986 INF API: test started suite=0 test=1536 name="interop/defaults-cap-only-zero/trace/vmTrace (nethermind_development)"
Sep 24 23:04:18.988 INF API: test ended suite=0 test=1536 pass=false
Sep 24 23:04:18.989 INF API: test started suite=0 test=1537 name="interop/defaults-omitted/eth (nethermind_development)"
Sep 24 23:04:18.991 INF API: test ended suite=0 test=1537 pass=false
Sep 24 23:04:18.991 INF API: test started suite=0 test=1538 name="interop/defaults-omitted/trace/none (nethermind_development)"
Sep 24 23:04:18.993 INF API: test ended suite=0 test=1538 pass=false
Sep 24 23:04:18.994 INF API: test started suite=0 test=1539 name="interop/defaults-omitted/trace/stateDiff-vmTrace (nethermind_development)"
Sep 24 23:04:18.997 INF API: test ended suite=0 test=1539 pass=false
Sep 24 23:04:18.997 INF API: test started suite=0 test=1540 name="interop/defaults-omitted/trace/stateDiff (nethermind_development)"
Sep 24 23:04:18.999 INF API: test ended suite=0 test=1540 pass=false
Sep 24 23:04:19.000 INF API: test started suite=0 test=1541 name="interop/defaults-omitted/trace/trace-stateDiff-vmTrace (nethermind_development)"
Sep 24 23:04:19.003 INF API: test ended suite=0 test=1541 pass=false
Sep 24 23:04:19.003 INF API: test started suite=0 test=1542 name="interop/defaults-omitted/trace/trace-stateDiff (nethermind_development)"
Sep 24 23:04:19.006 INF API: test ended suite=0 test=1542 pass=false
Sep 24 23:04:19.006 INF API: test started suite=0 test=1543 name="interop/defaults-omitted/trace/trace-vmTrace (nethermind_development)"
Sep 24 23:04:19.009 INF API: test ended suite=0 test=1543 pass=false
Sep 24 23:04:19.009 INF API: test started suite=0 test=1544 name="interop/defaults-omitted/trace/trace (nethermind_development)"
Sep 24 23:04:19.011 INF API: test ended suite=0 test=1544 pass=false
Sep 24 23:04:19.012 INF API: test started suite=0 test=1545 name="interop/defaults-omitted/trace/vmTrace (nethermind_development)"
Sep 24 23:04:19.014 INF API: test ended suite=0 test=1545 pass=false
Sep 24 23:04:19.015 INF API: test started suite=0 test=1546 name="interop/defaults-tip-only-positive/eth (nethermind_development)"
Sep 24 23:04:19.020 INF API: test ended suite=0 test=1546 pass=false
Sep 24 23:04:19.031 INF API: test started suite=0 test=1547 name="interop/defaults-tip-only-positive/trace/none (nethermind_development)"
Sep 24 23:04:19.035 INF API: test ended suite=0 test=1547 pass=false
Sep 24 23:04:19.035 INF API: test started suite=0 test=1548 name="interop/defaults-tip-only-positive/trace/stateDiff-vmTrace (nethermind_development)"
Sep 24 23:04:19.052 INF API: test ended suite=0 test=1548 pass=false
Sep 24 23:04:19.053 INF API: test started suite=0 test=1549 name="interop/defaults-tip-only-positive/trace/stateDiff (nethermind_development)"
Sep 24 23:04:19.055 INF API: test ended suite=0 test=1549 pass=false
Sep 24 23:04:19.055 INF API: test started suite=0 test=1550 name="interop/defaults-tip-only-positive/trace/trace-stateDiff-vmTrace (nethermind_development)"
Sep 24 23:04:19.057 INF API: test ended suite=0 test=1550 pass=false
Sep 24 23:04:19.057 INF API: test started suite=0 test=1551 name="interop/defaults-tip-only-positive/trace/trace-stateDiff (nethermind_development)"
Sep 24 23:04:19.059 INF API: test ended suite=0 test=1551 pass=false
Sep 24 23:04:19.060 INF API: test started suite=0 test=1552 name="interop/defaults-tip-only-positive/trace/trace-vmTrace (nethermind_development)"
Sep 24 23:04:19.062 INF API: test ended suite=0 test=1552 pass=false
Sep 24 23:04:19.063 INF API: test started suite=0 test=1553 name="interop/defaults-tip-only-positive/trace/trace (nethermind_development)"
Sep 24 23:04:19.065 INF API: test ended suite=0 test=1553 pass=false
Sep 24 23:04:19.066 INF API: test started suite=0 test=1554 name="interop/defaults-tip-only-positive/trace/vmTrace (nethermind_development)"
Sep 24 23:04:19.068 INF API: test ended suite=0 test=1554 pass=false
Sep 24 23:04:19.069 INF API: test started suite=0 test=1555 name="interop/defaults-tip-only-zero/eth (nethermind_development)"
Sep 24 23:04:19.070 INF API: test ended suite=0 test=1555 pass=false
Sep 24 23:04:19.071 INF API: test started suite=0 test=1556 name="interop/defaults-tip-only-zero/trace/none (nethermind_development)"
Sep 24 23:04:19.074 INF API: test ended suite=0 test=1556 pass=false
Sep 24 23:04:19.075 INF API: test started suite=0 test=1557 name="interop/defaults-tip-only-zero/trace/stateDiff-vmTrace (nethermind_development)"
Sep 24 23:04:19.078 INF API: test ended suite=0 test=1557 pass=false
Sep 24 23:04:19.079 INF API: test started suite=0 test=1558 name="interop/defaults-tip-only-zero/trace/stateDiff (nethermind_development)"
Sep 24 23:04:19.081 INF API: test ended suite=0 test=1558 pass=false
Sep 24 23:04:19.082 INF API: test started suite=0 test=1559 name="interop/defaults-tip-only-zero/trace/trace-stateDiff-vmTrace (nethermind_development)"
Sep 24 23:04:19.085 INF API: test ended suite=0 test=1559 pass=false
Sep 24 23:04:19.086 INF API: test started suite=0 test=1560 name="interop/defaults-tip-only-zero/trace/trace-stateDiff (nethermind_development)"
Sep 24 23:04:19.088 INF API: test ended suite=0 test=1560 pass=false
Sep 24 23:04:19.089 INF API: test started suite=0 test=1561 name="interop/defaults-tip-only-zero/trace/trace-vmTrace (nethermind_development)"
Sep 24 23:04:19.092 INF API: test ended suite=0 test=1561 pass=false
Sep 24 23:04:19.093 INF API: test started suite=0 test=1562 name="interop/defaults-tip-only-zero/trace/trace (nethermind_development)"
Sep 24 23:04:19.095 INF API: test ended suite=0 test=1562 pass=false
Sep 24 23:04:19.096 INF API: test started suite=0 test=1563 name="interop/defaults-tip-only-zero/trace/vmTrace (nethermind_development)"
Sep 24 23:04:19.098 INF API: test ended suite=0 test=1563 pass=false
Sep 24 23:04:19.099 INF API: test started suite=0 test=1564 name="interop/empty-sender-free/eth (nethermind_development)"
Sep 24 23:04:19.104 INF API: test ended suite=0 test=1564 pass=false
Sep 24 23:04:19.105 INF API: test started suite=0 test=1565 name="interop/empty-sender-free/trace/none (nethermind_development)"
Sep 24 23:04:19.107 INF API: test ended suite=0 test=1565 pass=false
Sep 24 23:04:19.108 INF API: test started suite=0 test=1566 name="interop/empty-sender-free/trace/stateDiff-vmTrace (nethermind_development)"
Sep 24 23:04:19.111 INF API: test ended suite=0 test=1566 pass=false
Sep 24 23:04:19.112 INF API: test started suite=0 test=1567 name="interop/empty-sender-free/trace/stateDiff (nethermind_development)"
Sep 24 23:04:19.114 INF API: test ended suite=0 test=1567 pass=false
Sep 24 23:04:19.115 INF API: test started suite=0 test=1568 name="interop/empty-sender-free/trace/trace-stateDiff-vmTrace (nethermind_development)"
Sep 24 23:04:19.118 INF API: test ended suite=0 test=1568 pass=false
Sep 24 23:04:19.119 INF API: test started suite=0 test=1569 name="interop/empty-sender-free/trace/trace-stateDiff (nethermind_development)"
Sep 24 23:04:19.122 INF API: test ended suite=0 test=1569 pass=false
Sep 24 23:04:19.123 INF API: test started suite=0 test=1570 name="interop/empty-sender-free/trace/trace-vmTrace (nethermind_development)"
Sep 24 23:04:19.125 INF API: test ended suite=0 test=1570 pass=false
Sep 24 23:04:19.126 INF API: test started suite=0 test=1571 name="interop/empty-sender-free/trace/trace (nethermind_development)"
Sep 24 23:04:19.128 INF API: test ended suite=0 test=1571 pass=false
Sep 24 23:04:19.129 INF API: test started suite=0 test=1572 name="interop/empty-sender-free/trace/vmTrace (nethermind_development)"
Sep 24 23:04:19.132 INF API: test ended suite=0 test=1572 pass=false
Sep 24 23:04:19.133 INF API: test started suite=0 test=1573 name="interop/empty-sender-priced/eth (nethermind_development)"
Sep 24 23:04:19.136 INF API: test ended suite=0 test=1573 pass=false
Sep 24 23:04:19.137 INF API: test started suite=0 test=1574 name="interop/empty-sender-priced/trace/none (nethermind_development)"
Sep 24 23:04:19.139 INF API: test ended suite=0 test=1574 pass=false
Sep 24 23:04:19.140 INF API: test started suite=0 test=1575 name="interop/empty-sender-priced/trace/stateDiff-vmTrace (nethermind_development)"
Sep 24 23:04:19.141 INF API: test ended suite=0 test=1575 pass=false
Sep 24 23:04:19.142 INF API: test started suite=0 test=1576 name="interop/empty-sender-priced/trace/stateDiff (nethermind_development)"
Sep 24 23:04:19.143 INF API: test ended suite=0 test=1576 pass=false
Sep 24 23:04:19.144 INF API: test started suite=0 test=1577 name="interop/empty-sender-priced/trace/trace-stateDiff-vmTrace (nethermind_development)"
Sep 24 23:04:19.146 INF API: test ended suite=0 test=1577 pass=false
Sep 24 23:04:19.147 INF API: test started suite=0 test=1578 name="interop/empty-sender-priced/trace/trace-stateDiff (nethermind_development)"
Sep 24 23:04:19.148 INF API: test ended suite=0 test=1578 pass=false
Sep 24 23:04:19.149 INF API: test started suite=0 test=1579 name="interop/empty-sender-priced/trace/trace-vmTrace (nethermind_development)"
Sep 24 23:04:19.154 INF API: test ended suite=0 test=1579 pass=false
Sep 24 23:04:19.155 INF API: test started suite=0 test=1580 name="interop/empty-sender-priced/trace/trace (nethermind_development)"
Sep 24 23:04:19.159 INF API: test ended suite=0 test=1580 pass=false
Sep 24 23:04:19.159 INF API: test started suite=0 test=1581 name="interop/empty-sender-priced/trace/vmTrace (nethermind_development)"
Sep 24 23:04:19.163 INF API: test ended suite=0 test=1581 pass=false
Sep 24 23:04:19.164 INF API: test started suite=0 test=1582 name="interop/funding-free-exact/eth (nethermind_development)"
Sep 24 23:04:19.167 INF API: test ended suite=0 test=1582 pass=false
Sep 24 23:04:19.168 INF API: test started suite=0 test=1583 name="interop/funding-free-exact/trace/none (nethermind_development)"
Sep 24 23:04:19.173 INF API: test ended suite=0 test=1583 pass=false
Sep 24 23:04:19.174 INF API: test started suite=0 test=1584 name="interop/funding-free-exact/trace/stateDiff-vmTrace (nethermind_development)"
Sep 24 23:04:19.179 INF API: test ended suite=0 test=1584 pass=false
Sep 24 23:04:19.180 INF API: test started suite=0 test=1585 name="interop/funding-free-exact/trace/stateDiff (nethermind_development)"
Sep 24 23:04:19.183 INF API: test ended suite=0 test=1585 pass=false
Sep 24 23:04:19.184 INF API: test started suite=0 test=1586 name="interop/funding-free-exact/trace/trace-stateDiff-vmTrace (nethermind_development)"
Sep 24 23:04:19.188 INF API: test ended suite=0 test=1586 pass=false
Sep 24 23:04:19.188 INF API: test started suite=0 test=1587 name="interop/funding-free-exact/trace/trace-stateDiff (nethermind_development)"
Sep 24 23:04:19.191 INF API: test ended suite=0 test=1587 pass=false
Sep 24 23:04:19.192 INF API: test started suite=0 test=1588 name="interop/funding-free-exact/trace/trace-vmTrace (nethermind_development)"
Sep 24 23:04:19.197 INF API: test ended suite=0 test=1588 pass=false
Sep 24 23:04:19.198 INF API: test started suite=0 test=1589 name="interop/funding-free-exact/trace/trace (nethermind_development)"
Sep 24 23:04:19.200 INF API: test ended suite=0 test=1589 pass=false
Sep 24 23:04:19.200 INF API: test started suite=0 test=1590 name="interop/funding-free-exact/trace/vmTrace (nethermind_development)"
Sep 24 23:04:19.204 INF API: test ended suite=0 test=1590 pass=false
Sep 24 23:04:19.205 INF API: test started suite=0 test=1591 name="interop/funding-free-short/eth (nethermind_development)"
Sep 24 23:04:19.206 INF API: test ended suite=0 test=1591 pass=false
Sep 24 23:04:19.207 INF API: test started suite=0 test=1592 name="interop/funding-free-short/trace/none (nethermind_development)"
Sep 24 23:04:19.209 INF API: test ended suite=0 test=1592 pass=false
Sep 24 23:04:19.210 INF API: test started suite=0 test=1593 name="interop/funding-free-short/trace/stateDiff-vmTrace (nethermind_development)"
Sep 24 23:04:19.212 INF API: test ended suite=0 test=1593 pass=false
Sep 24 23:04:19.212 INF API: test started suite=0 test=1594 name="interop/funding-free-short/trace/stateDiff (nethermind_development)"
Sep 24 23:04:19.214 INF API: test ended suite=0 test=1594 pass=false
Sep 24 23:04:19.215 INF API: test started suite=0 test=1595 name="interop/funding-free-short/trace/trace-stateDiff-vmTrace (nethermind_development)"
Sep 24 23:04:19.217 INF API: test ended suite=0 test=1595 pass=false
Sep 24 23:04:19.217 INF API: test started suite=0 test=1596 name="interop/funding-free-short/trace/trace-stateDiff (nethermind_development)"
Sep 24 23:04:19.219 INF API: test ended suite=0 test=1596 pass=false
Sep 24 23:04:19.220 INF API: test started suite=0 test=1597 name="interop/funding-free-short/trace/trace-vmTrace (nethermind_development)"
Sep 24 23:04:19.221 INF API: test ended suite=0 test=1597 pass=false
Sep 24 23:04:19.222 INF API: test started suite=0 test=1598 name="interop/funding-free-short/trace/trace (nethermind_development)"
Sep 24 23:04:19.223 INF API: test ended suite=0 test=1598 pass=false
Sep 24 23:04:19.224 INF API: test started suite=0 test=1599 name="interop/funding-free-short/trace/vmTrace (nethermind_development)"
Sep 24 23:04:19.225 INF API: test ended suite=0 test=1599 pass=false
Sep 24 23:04:19.226 INF API: test started suite=0 test=1600 name="interop/funding-legacy-exact/eth (nethermind_development)"
Sep 24 23:04:19.227 INF API: test ended suite=0 test=1600 pass=false
Sep 24 23:04:19.228 INF API: test started suite=0 test=1601 name="interop/funding-legacy-exact/trace/none (nethermind_development)"
Sep 24 23:04:19.231 INF API: test ended suite=0 test=1601 pass=false
Sep 24 23:04:19.232 INF API: test started suite=0 test=1602 name="interop/funding-legacy-exact/trace/stateDiff-vmTrace (nethermind_development)"
Sep 24 23:04:19.235 INF API: test ended suite=0 test=1602 pass=false
Sep 24 23:04:19.236 INF API: test started suite=0 test=1603 name="interop/funding-legacy-exact/trace/stateDiff (nethermind_development)"
Sep 24 23:04:19.238 INF API: test ended suite=0 test=1603 pass=false
Sep 24 23:04:19.239 INF API: test started suite=0 test=1604 name="interop/funding-legacy-exact/trace/trace-stateDiff-vmTrace (nethermind_development)"
Sep 24 23:04:19.242 INF API: test ended suite=0 test=1604 pass=false
Sep 24 23:04:19.243 INF API: test started suite=0 test=1605 name="interop/funding-legacy-exact/trace/trace-stateDiff (nethermind_development)"
Sep 24 23:04:19.246 INF API: test ended suite=0 test=1605 pass=false
Sep 24 23:04:19.246 INF API: test started suite=0 test=1606 name="interop/funding-legacy-exact/trace/trace-vmTrace (nethermind_development)"
Sep 24 23:04:19.249 INF API: test ended suite=0 test=1606 pass=false
Sep 24 23:04:19.250 INF API: test started suite=0 test=1607 name="interop/funding-legacy-exact/trace/trace (nethermind_development)"
Sep 24 23:04:19.253 INF API: test ended suite=0 test=1607 pass=false
Sep 24 23:04:19.253 INF API: test started suite=0 test=1608 name="interop/funding-legacy-exact/trace/vmTrace (nethermind_development)"
Sep 24 23:04:19.256 INF API: test ended suite=0 test=1608 pass=false
Sep 24 23:04:19.257 INF API: test started suite=0 test=1609 name="interop/funding-legacy-short/eth (nethermind_development)"
Sep 24 23:04:19.258 INF API: test ended suite=0 test=1609 pass=false
Sep 24 23:04:19.259 INF API: test started suite=0 test=1610 name="interop/funding-legacy-short/trace/none (nethermind_development)"
Sep 24 23:04:19.261 INF API: test ended suite=0 test=1610 pass=false
Sep 24 23:04:19.261 INF API: test started suite=0 test=1611 name="interop/funding-legacy-short/trace/stateDiff-vmTrace (nethermind_development)"
Sep 24 23:04:19.264 INF API: test ended suite=0 test=1611 pass=false
Sep 24 23:04:19.264 INF API: test started suite=0 test=1612 name="interop/funding-legacy-short/trace/stateDiff (nethermind_development)"
Sep 24 23:04:19.266 INF API: test ended suite=0 test=1612 pass=false
Sep 24 23:04:19.267 INF API: test started suite=0 test=1613 name="interop/funding-legacy-short/trace/trace-stateDiff-vmTrace (nethermind_development)"
Sep 24 23:04:19.269 INF API: test ended suite=0 test=1613 pass=false
Sep 24 23:04:19.270 INF API: test started suite=0 test=1614 name="interop/funding-legacy-short/trace/trace-stateDiff (nethermind_development)"
Sep 24 23:04:19.272 INF API: test ended suite=0 test=1614 pass=false
Sep 24 23:04:19.272 INF API: test started suite=0 test=1615 name="interop/funding-legacy-short/trace/trace-vmTrace (nethermind_development)"
Sep 24 23:04:19.274 INF API: test ended suite=0 test=1615 pass=false
Sep 24 23:04:19.275 INF API: test started suite=0 test=1616 name="interop/funding-legacy-short/trace/trace (nethermind_development)"
Sep 24 23:04:19.277 INF API: test ended suite=0 test=1616 pass=false
Sep 24 23:04:19.278 INF API: test started suite=0 test=1617 name="interop/funding-legacy-short/trace/vmTrace (nethermind_development)"
Sep 24 23:04:19.279 INF API: test ended suite=0 test=1617 pass=false
Sep 24 23:04:19.280 INF API: test started suite=0 test=1618 name="interop/funding-typed-effective-only/eth (nethermind_development)"
Sep 24 23:04:19.281 INF API: test ended suite=0 test=1618 pass=false
Sep 24 23:04:19.282 INF API: test started suite=0 test=1619 name="interop/funding-typed-effective-only/trace/none (nethermind_development)"
Sep 24 23:04:19.284 INF API: test ended suite=0 test=1619 pass=false
Sep 24 23:04:19.285 INF API: test started suite=0 test=1620 name="interop/funding-typed-effective-only/trace/stateDiff-vmTrace (nethermind_development)"
Sep 24 23:04:19.286 INF API: test ended suite=0 test=1620 pass=false
Sep 24 23:04:19.287 INF API: test started suite=0 test=1621 name="interop/funding-typed-effective-only/trace/stateDiff (nethermind_development)"
Sep 24 23:04:19.289 INF API: test ended suite=0 test=1621 pass=false
Sep 24 23:04:19.290 INF API: test started suite=0 test=1622 name="interop/funding-typed-effective-only/trace/trace-stateDiff-vmTrace (nethermind_development)"
Sep 24 23:04:19.291 INF API: test ended suite=0 test=1622 pass=false
Sep 24 23:04:19.292 INF API: test started suite=0 test=1623 name="interop/funding-typed-effective-only/trace/trace-stateDiff (nethermind_development)"
Sep 24 23:04:19.294 INF API: test ended suite=0 test=1623 pass=false
Sep 24 23:04:19.294 INF API: test started suite=0 test=1624 name="interop/funding-typed-effective-only/trace/trace-vmTrace (nethermind_development)"
Sep 24 23:04:19.296 INF API: test ended suite=0 test=1624 pass=false
Sep 24 23:04:19.297 INF API: test started suite=0 test=1625 name="interop/funding-typed-effective-only/trace/trace (nethermind_development)"
Sep 24 23:04:19.298 INF API: test ended suite=0 test=1625 pass=false
Sep 24 23:04:19.299 INF API: test started suite=0 test=1626 name="interop/funding-typed-effective-only/trace/vmTrace (nethermind_development)"
Sep 24 23:04:19.301 INF API: test ended suite=0 test=1626 pass=false
Sep 24 23:04:19.301 INF API: test started suite=0 test=1627 name="interop/funding-typed-exact/eth (nethermind_development)"
Sep 24 23:04:19.303 INF API: test ended suite=0 test=1627 pass=false
Sep 24 23:04:19.304 INF API: test started suite=0 test=1628 name="interop/funding-typed-exact/trace/none (nethermind_development)"
Sep 24 23:04:19.306 INF API: test ended suite=0 test=1628 pass=false
Sep 24 23:04:19.307 INF API: test started suite=0 test=1629 name="interop/funding-typed-exact/trace/stateDiff-vmTrace (nethermind_development)"
Sep 24 23:04:19.310 INF API: test ended suite=0 test=1629 pass=false
Sep 24 23:04:19.311 INF API: test started suite=0 test=1630 name="interop/funding-typed-exact/trace/stateDiff (nethermind_development)"
Sep 24 23:04:19.313 INF API: test ended suite=0 test=1630 pass=false
Sep 24 23:04:19.314 INF API: test started suite=0 test=1631 name="interop/funding-typed-exact/trace/trace-stateDiff-vmTrace (nethermind_development)"
Sep 24 23:04:19.317 INF API: test ended suite=0 test=1631 pass=false
Sep 24 23:04:19.318 INF API: test started suite=0 test=1632 name="interop/funding-typed-exact/trace/trace-stateDiff (nethermind_development)"
Sep 24 23:04:19.320 INF API: test ended suite=0 test=1632 pass=false
Sep 24 23:04:19.321 INF API: test started suite=0 test=1633 name="interop/funding-typed-exact/trace/trace-vmTrace (nethermind_development)"
Sep 24 23:04:19.324 INF API: test ended suite=0 test=1633 pass=false
Sep 24 23:04:19.325 INF API: test started suite=0 test=1634 name="interop/funding-typed-exact/trace/trace (nethermind_development)"
Sep 24 23:04:19.327 INF API: test ended suite=0 test=1634 pass=false
Sep 24 23:04:19.328 INF API: test started suite=0 test=1635 name="interop/funding-typed-exact/trace/vmTrace (nethermind_development)"
Sep 24 23:04:19.331 INF API: test ended suite=0 test=1635 pass=false
Sep 24 23:04:19.332 INF API: test started suite=0 test=1636 name="interop/funding-typed-free-exact/eth (nethermind_development)"
Sep 24 23:04:19.333 INF API: test ended suite=0 test=1636 pass=false
Sep 24 23:04:19.334 INF API: test started suite=0 test=1637 name="interop/funding-typed-free-exact/trace/none (nethermind_development)"
Sep 24 23:04:19.336 INF API: test ended suite=0 test=1637 pass=false
Sep 24 23:04:19.336 INF API: test started suite=0 test=1638 name="interop/funding-typed-free-exact/trace/stateDiff-vmTrace (nethermind_development)"
Sep 24 23:04:19.339 INF API: test ended suite=0 test=1638 pass=false
Sep 24 23:04:19.340 INF API: test started suite=0 test=1639 name="interop/funding-typed-free-exact/trace/stateDiff (nethermind_development)"
Sep 24 23:04:19.342 INF API: test ended suite=0 test=1639 pass=false
Sep 24 23:04:19.343 INF API: test started suite=0 test=1640 name="interop/funding-typed-free-exact/trace/trace-stateDiff-vmTrace (nethermind_development)"
Sep 24 23:04:19.346 INF API: test ended suite=0 test=1640 pass=false
Sep 24 23:04:19.346 INF API: test started suite=0 test=1641 name="interop/funding-typed-free-exact/trace/trace-stateDiff (nethermind_development)"
Sep 24 23:04:19.349 INF API: test ended suite=0 test=1641 pass=false
Sep 24 23:04:19.349 INF API: test started suite=0 test=1642 name="interop/funding-typed-free-exact/trace/trace-vmTrace (nethermind_development)"
Sep 24 23:04:19.352 INF API: test ended suite=0 test=1642 pass=false
Sep 24 23:04:19.353 INF API: test started suite=0 test=1643 name="interop/funding-typed-free-exact/trace/trace (nethermind_development)"
Sep 24 23:04:19.355 INF API: test ended suite=0 test=1643 pass=false
Sep 24 23:04:19.356 INF API: test started suite=0 test=1644 name="interop/funding-typed-free-exact/trace/vmTrace (nethermind_development)"
Sep 24 23:04:19.377 INF API: test ended suite=0 test=1644 pass=false
Sep 24 23:04:19.378 INF API: test started suite=0 test=1645 name="interop/funding-typed-free-short/eth (nethermind_development)"
Sep 24 23:04:19.379 INF API: test ended suite=0 test=1645 pass=false
Sep 24 23:04:19.380 INF API: test started suite=0 test=1646 name="interop/funding-typed-free-short/trace/none (nethermind_development)"
Sep 24 23:04:19.382 INF API: test ended suite=0 test=1646 pass=false
Sep 24 23:04:19.382 INF API: test started suite=0 test=1647 name="interop/funding-typed-free-short/trace/stateDiff-vmTrace (nethermind_development)"
Sep 24 23:04:19.384 INF API: test ended suite=0 test=1647 pass=false
Sep 24 23:04:19.385 INF API: test started suite=0 test=1648 name="interop/funding-typed-free-short/trace/stateDiff (nethermind_development)"
Sep 24 23:04:19.386 INF API: test ended suite=0 test=1648 pass=false
Sep 24 23:04:19.387 INF API: test started suite=0 test=1649 name="interop/funding-typed-free-short/trace/trace-stateDiff-vmTrace (nethermind_development)"
Sep 24 23:04:19.389 INF API: test ended suite=0 test=1649 pass=false
Sep 24 23:04:19.389 INF API: test started suite=0 test=1650 name="interop/funding-typed-free-short/trace/trace-stateDiff (nethermind_development)"
Sep 24 23:04:19.391 INF API: test ended suite=0 test=1650 pass=false
Sep 24 23:04:19.392 INF API: test started suite=0 test=1651 name="interop/funding-typed-free-short/trace/trace-vmTrace (nethermind_development)"
Sep 24 23:04:19.393 INF API: test ended suite=0 test=1651 pass=false
Sep 24 23:04:19.394 INF API: test started suite=0 test=1652 name="interop/funding-typed-free-short/trace/trace (nethermind_development)"
Sep 24 23:04:19.395 INF API: test ended suite=0 test=1652 pass=false
Sep 24 23:04:19.396 INF API: test started suite=0 test=1653 name="interop/funding-typed-free-short/trace/vmTrace (nethermind_development)"
Sep 24 23:04:19.397 INF API: test ended suite=0 test=1653 pass=false
Sep 24 23:04:19.398 INF API: test started suite=0 test=1654 name="interop/funding-typed-short/eth (nethermind_development)"
Sep 24 23:04:19.400 INF API: test ended suite=0 test=1654 pass=false
Sep 24 23:04:19.400 INF API: test started suite=0 test=1655 name="interop/funding-typed-short/trace/none (nethermind_development)"
Sep 24 23:04:19.402 INF API: test ended suite=0 test=1655 pass=false
Sep 24 23:04:19.403 INF API: test started suite=0 test=1656 name="interop/funding-typed-short/trace/stateDiff-vmTrace (nethermind_development)"
Sep 24 23:04:19.405 INF API: test ended suite=0 test=1656 pass=false
Sep 24 23:04:19.405 INF API: test started suite=0 test=1657 name="interop/funding-typed-short/trace/stateDiff (nethermind_development)"
Sep 24 23:04:19.407 INF API: test ended suite=0 test=1657 pass=false
Sep 24 23:04:19.408 INF API: test started suite=0 test=1658 name="interop/funding-typed-short/trace/trace-stateDiff-vmTrace (nethermind_development)"
Sep 24 23:04:19.410 INF API: test ended suite=0 test=1658 pass=false
Sep 24 23:04:19.410 INF API: test started suite=0 test=1659 name="interop/funding-typed-short/trace/trace-stateDiff (nethermind_development)"
Sep 24 23:04:19.412 INF API: test ended suite=0 test=1659 pass=false
Sep 24 23:04:19.413 INF API: test started suite=0 test=1660 name="interop/funding-typed-short/trace/trace-vmTrace (nethermind_development)"
Sep 24 23:04:19.415 INF API: test ended suite=0 test=1660 pass=false
Sep 24 23:04:19.415 INF API: test started suite=0 test=1661 name="interop/funding-typed-short/trace/trace (nethermind_development)"
Sep 24 23:04:19.417 INF API: test ended suite=0 test=1661 pass=false
Sep 24 23:04:19.418 INF API: test started suite=0 test=1662 name="interop/funding-typed-short/trace/vmTrace (nethermind_development)"
Sep 24 23:04:19.419 INF API: test ended suite=0 test=1662 pass=false
Sep 24 23:04:19.420 INF API: test started suite=0 test=1663 name="interop/legacy-above-base/eth (nethermind_development)"
Sep 24 23:04:19.422 INF API: test ended suite=0 test=1663 pass=false
Sep 24 23:04:19.422 INF API: test started suite=0 test=1664 name="interop/legacy-above-base/trace/none (nethermind_development)"
Sep 24 23:04:19.425 INF API: test ended suite=0 test=1664 pass=false
Sep 24 23:04:19.426 INF API: test started suite=0 test=1665 name="interop/legacy-above-base/trace/stateDiff-vmTrace (nethermind_development)"
Sep 24 23:04:19.429 INF API: test ended suite=0 test=1665 pass=false
Sep 24 23:04:19.430 INF API: test started suite=0 test=1666 name="interop/legacy-above-base/trace/stateDiff (nethermind_development)"
Sep 24 23:04:19.433 INF API: test ended suite=0 test=1666 pass=false
Sep 24 23:04:19.434 INF API: test started suite=0 test=1667 name="interop/legacy-above-base/trace/trace-stateDiff-vmTrace (nethermind_development)"
Sep 24 23:04:19.437 INF API: test ended suite=0 test=1667 pass=false
Sep 24 23:04:19.438 INF API: test started suite=0 test=1668 name="interop/legacy-above-base/trace/trace-stateDiff (nethermind_development)"
Sep 24 23:04:19.440 INF API: test ended suite=0 test=1668 pass=false
Sep 24 23:04:19.441 INF API: test started suite=0 test=1669 name="interop/legacy-above-base/trace/trace-vmTrace (nethermind_development)"
Sep 24 23:04:19.443 INF API: test ended suite=0 test=1669 pass=false
Sep 24 23:04:19.444 INF API: test started suite=0 test=1670 name="interop/legacy-above-base/trace/trace (nethermind_development)"
Sep 24 23:04:19.446 INF API: test ended suite=0 test=1670 pass=false
Sep 24 23:04:19.447 INF API: test started suite=0 test=1671 name="interop/legacy-above-base/trace/vmTrace (nethermind_development)"
Sep 24 23:04:19.450 INF API: test ended suite=0 test=1671 pass=false
Sep 24 23:04:19.450 INF API: test started suite=0 test=1672 name="interop/legacy-at-base/eth (nethermind_development)"
Sep 24 23:04:19.452 INF API: test ended suite=0 test=1672 pass=false
Sep 24 23:04:19.453 INF API: test started suite=0 test=1673 name="interop/legacy-at-base/trace/none (nethermind_development)"
Sep 24 23:04:19.455 INF API: test ended suite=0 test=1673 pass=false
Sep 24 23:04:19.456 INF API: test started suite=0 test=1674 name="interop/legacy-at-base/trace/stateDiff-vmTrace (nethermind_development)"
Sep 24 23:04:19.459 INF API: test ended suite=0 test=1674 pass=false
Sep 24 23:04:19.460 INF API: test started suite=0 test=1675 name="interop/legacy-at-base/trace/stateDiff (nethermind_development)"
Sep 24 23:04:19.462 INF API: test ended suite=0 test=1675 pass=false
Sep 24 23:04:19.463 INF API: test started suite=0 test=1676 name="interop/legacy-at-base/trace/trace-stateDiff-vmTrace (nethermind_development)"
Sep 24 23:04:19.466 INF API: test ended suite=0 test=1676 pass=false
Sep 24 23:04:19.466 INF API: test started suite=0 test=1677 name="interop/legacy-at-base/trace/trace-stateDiff (nethermind_development)"
Sep 24 23:04:19.469 INF API: test ended suite=0 test=1677 pass=false
Sep 24 23:04:19.470 INF API: test started suite=0 test=1678 name="interop/legacy-at-base/trace/trace-vmTrace (nethermind_development)"
Sep 24 23:04:19.473 INF API: test ended suite=0 test=1678 pass=false
Sep 24 23:04:19.473 INF API: test started suite=0 test=1679 name="interop/legacy-at-base/trace/trace (nethermind_development)"
Sep 24 23:04:19.475 INF API: test ended suite=0 test=1679 pass=false
Sep 24 23:04:19.476 INF API: test started suite=0 test=1680 name="interop/legacy-at-base/trace/vmTrace (nethermind_development)"
Sep 24 23:04:19.479 INF API: test ended suite=0 test=1680 pass=false
Sep 24 23:04:19.480 INF API: test started suite=0 test=1681 name="interop/legacy-below-base/eth (nethermind_development)"
Sep 24 23:04:19.481 INF API: test ended suite=0 test=1681 pass=false
Sep 24 23:04:19.482 INF API: test started suite=0 test=1682 name="interop/legacy-below-base/trace/none (nethermind_development)"
Sep 24 23:04:19.484 INF API: test ended suite=0 test=1682 pass=false
Sep 24 23:04:19.485 INF API: test started suite=0 test=1683 name="interop/legacy-below-base/trace/stateDiff-vmTrace (nethermind_development)"
Sep 24 23:04:19.486 INF API: test ended suite=0 test=1683 pass=false
Sep 24 23:04:19.487 INF API: test started suite=0 test=1684 name="interop/legacy-below-base/trace/stateDiff (nethermind_development)"
Sep 24 23:04:19.489 INF API: test ended suite=0 test=1684 pass=false
Sep 24 23:04:19.490 INF API: test started suite=0 test=1685 name="interop/legacy-below-base/trace/trace-stateDiff-vmTrace (nethermind_development)"
Sep 24 23:04:19.492 INF API: test ended suite=0 test=1685 pass=false
Sep 24 23:04:19.492 INF API: test started suite=0 test=1686 name="interop/legacy-below-base/trace/trace-stateDiff (nethermind_development)"
Sep 24 23:04:19.494 INF API: test ended suite=0 test=1686 pass=false
Sep 24 23:04:19.495 INF API: test started suite=0 test=1687 name="interop/legacy-below-base/trace/trace-vmTrace (nethermind_development)"
Sep 24 23:04:19.496 INF API: test ended suite=0 test=1687 pass=false
Sep 24 23:04:19.497 INF API: test started suite=0 test=1688 name="interop/legacy-below-base/trace/trace (nethermind_development)"
Sep 24 23:04:19.499 INF API: test ended suite=0 test=1688 pass=false
Sep 24 23:04:19.499 INF API: test started suite=0 test=1689 name="interop/legacy-below-base/trace/vmTrace (nethermind_development)"
Sep 24 23:04:19.501 INF API: test ended suite=0 test=1689 pass=false
Sep 24 23:04:19.502 INF API: test started suite=0 test=1690 name="interop/legacy-one/eth (nethermind_development)"
Sep 24 23:04:19.503 INF API: test ended suite=0 test=1690 pass=false
Sep 24 23:04:19.504 INF API: test started suite=0 test=1691 name="interop/legacy-one/trace/none (nethermind_development)"
Sep 24 23:04:19.506 INF API: test ended suite=0 test=1691 pass=false
Sep 24 23:04:19.506 INF API: test started suite=0 test=1692 name="interop/legacy-one/trace/stateDiff-vmTrace (nethermind_development)"
Sep 24 23:04:19.508 INF API: test ended suite=0 test=1692 pass=false
Sep 24 23:04:19.508 INF API: test started suite=0 test=1693 name="interop/legacy-one/trace/stateDiff (nethermind_development)"
Sep 24 23:04:19.510 INF API: test ended suite=0 test=1693 pass=false
Sep 24 23:04:19.511 INF API: test started suite=0 test=1694 name="interop/legacy-one/trace/trace-stateDiff-vmTrace (nethermind_development)"
Sep 24 23:04:19.512 INF API: test ended suite=0 test=1694 pass=false
Sep 24 23:04:19.513 INF API: test started suite=0 test=1695 name="interop/legacy-one/trace/trace-stateDiff (nethermind_development)"
Sep 24 23:04:19.514 INF API: test ended suite=0 test=1695 pass=false
Sep 24 23:04:19.515 INF API: test started suite=0 test=1696 name="interop/legacy-one/trace/trace-vmTrace (nethermind_development)"
Sep 24 23:04:19.517 INF API: test ended suite=0 test=1696 pass=false
Sep 24 23:04:19.517 INF API: test started suite=0 test=1697 name="interop/legacy-one/trace/trace (nethermind_development)"
Sep 24 23:04:19.519 INF API: test ended suite=0 test=1697 pass=false
Sep 24 23:04:19.520 INF API: test started suite=0 test=1698 name="interop/legacy-one/trace/vmTrace (nethermind_development)"
Sep 24 23:04:19.521 INF API: test ended suite=0 test=1698 pass=false
Sep 24 23:04:19.522 INF API: test started suite=0 test=1699 name="interop/legacy-zero/eth (nethermind_development)"
Sep 24 23:04:19.523 INF API: test ended suite=0 test=1699 pass=false
Sep 24 23:04:19.524 INF API: test started suite=0 test=1700 name="interop/legacy-zero/trace/none (nethermind_development)"
Sep 24 23:04:19.526 INF API: test ended suite=0 test=1700 pass=false
Sep 24 23:04:19.527 INF API: test started suite=0 test=1701 name="interop/legacy-zero/trace/stateDiff-vmTrace (nethermind_development)"
Sep 24 23:04:19.530 INF API: test ended suite=0 test=1701 pass=false
Sep 24 23:04:19.531 INF API: test started suite=0 test=1702 name="interop/legacy-zero/trace/stateDiff (nethermind_development)"
Sep 24 23:04:19.533 INF API: test ended suite=0 test=1702 pass=false
Sep 24 23:04:19.534 INF API: test started suite=0 test=1703 name="interop/legacy-zero/trace/trace-stateDiff-vmTrace (nethermind_development)"
Sep 24 23:04:19.537 INF API: test ended suite=0 test=1703 pass=false
Sep 24 23:04:19.538 INF API: test started suite=0 test=1704 name="interop/legacy-zero/trace/trace-stateDiff (nethermind_development)"
Sep 24 23:04:19.540 INF API: test ended suite=0 test=1704 pass=false
Sep 24 23:04:19.540 INF API: test started suite=0 test=1705 name="interop/legacy-zero/trace/trace-vmTrace (nethermind_development)"
Sep 24 23:04:19.543 INF API: test ended suite=0 test=1705 pass=false
Sep 24 23:04:19.544 INF API: test started suite=0 test=1706 name="interop/legacy-zero/trace/trace (nethermind_development)"
Sep 24 23:04:19.546 INF API: test ended suite=0 test=1706 pass=false
Sep 24 23:04:19.547 INF API: test started suite=0 test=1707 name="interop/legacy-zero/trace/vmTrace (nethermind_development)"
Sep 24 23:04:19.549 INF API: test ended suite=0 test=1707 pass=false
Sep 24 23:04:19.550 INF API: test started suite=0 test=1708 name="interop/typed-at-base/eth (nethermind_development)"
Sep 24 23:04:19.551 INF API: test ended suite=0 test=1708 pass=false
Sep 24 23:04:19.552 INF API: test started suite=0 test=1709 name="interop/typed-at-base/trace/none (nethermind_development)"
Sep 24 23:04:19.555 INF API: test ended suite=0 test=1709 pass=false
Sep 24 23:04:19.555 INF API: test started suite=0 test=1710 name="interop/typed-at-base/trace/stateDiff-vmTrace (nethermind_development)"
Sep 24 23:04:19.558 INF API: test ended suite=0 test=1710 pass=false
Sep 24 23:04:19.559 INF API: test started suite=0 test=1711 name="interop/typed-at-base/trace/stateDiff (nethermind_development)"
Sep 24 23:04:19.561 INF API: test ended suite=0 test=1711 pass=false
Sep 24 23:04:19.562 INF API: test started suite=0 test=1712 name="interop/typed-at-base/trace/trace-stateDiff-vmTrace (nethermind_development)"
Sep 24 23:04:19.565 INF API: test ended suite=0 test=1712 pass=false
Sep 24 23:04:19.566 INF API: test started suite=0 test=1713 name="interop/typed-at-base/trace/trace-stateDiff (nethermind_development)"
Sep 24 23:04:19.569 INF API: test ended suite=0 test=1713 pass=false
Sep 24 23:04:19.570 INF API: test started suite=0 test=1714 name="interop/typed-at-base/trace/trace-vmTrace (nethermind_development)"
Sep 24 23:04:19.573 INF API: test ended suite=0 test=1714 pass=false
Sep 24 23:04:19.573 INF API: test started suite=0 test=1715 name="interop/typed-at-base/trace/trace (nethermind_development)"
Sep 24 23:04:19.576 INF API: test ended suite=0 test=1715 pass=false
Sep 24 23:04:19.576 INF API: test started suite=0 test=1716 name="interop/typed-at-base/trace/vmTrace (nethermind_development)"
Sep 24 23:04:19.579 INF API: test ended suite=0 test=1716 pass=false
Sep 24 23:04:19.580 INF API: test started suite=0 test=1717 name="interop/typed-below-base/eth (nethermind_development)"
Sep 24 23:04:19.581 INF API: test ended suite=0 test=1717 pass=false
Sep 24 23:04:19.582 INF API: test started suite=0 test=1718 name="interop/typed-below-base/trace/none (nethermind_development)"
Sep 24 23:04:19.584 INF API: test ended suite=0 test=1718 pass=false
Sep 24 23:04:19.585 INF API: test started suite=0 test=1719 name="interop/typed-below-base/trace/stateDiff-vmTrace (nethermind_development)"
Sep 24 23:04:19.586 INF API: test ended suite=0 test=1719 pass=false
Sep 24 23:04:19.587 INF API: test started suite=0 test=1720 name="interop/typed-below-base/trace/stateDiff (nethermind_development)"
Sep 24 23:04:19.589 INF API: test ended suite=0 test=1720 pass=false
Sep 24 23:04:19.589 INF API: test started suite=0 test=1721 name="interop/typed-below-base/trace/trace-stateDiff-vmTrace (nethermind_development)"
Sep 24 23:04:19.591 INF API: test ended suite=0 test=1721 pass=false
Sep 24 23:04:19.592 INF API: test started suite=0 test=1722 name="interop/typed-below-base/trace/trace-stateDiff (nethermind_development)"
Sep 24 23:04:19.593 INF API: test ended suite=0 test=1722 pass=false
Sep 24 23:04:19.594 INF API: test started suite=0 test=1723 name="interop/typed-below-base/trace/trace-vmTrace (nethermind_development)"
Sep 24 23:04:19.595 INF API: test ended suite=0 test=1723 pass=false
Sep 24 23:04:19.596 INF API: test started suite=0 test=1724 name="interop/typed-below-base/trace/trace (nethermind_development)"
Sep 24 23:04:19.598 INF API: test ended suite=0 test=1724 pass=false
Sep 24 23:04:19.599 INF API: test started suite=0 test=1725 name="interop/typed-below-base/trace/vmTrace (nethermind_development)"
Sep 24 23:04:19.600 INF API: test ended suite=0 test=1725 pass=false
Sep 24 23:04:19.601 INF API: test started suite=0 test=1726 name="interop/typed-below-base-positive-tip/eth (nethermind_development)"
Sep 24 23:04:19.603 INF API: test ended suite=0 test=1726 pass=false
Sep 24 23:04:19.604 INF API: test started suite=0 test=1727 name="interop/typed-below-base-positive-tip/trace/none (nethermind_development)"
Sep 24 23:04:19.606 INF API: test ended suite=0 test=1727 pass=false
Sep 24 23:04:19.607 INF API: test started suite=0 test=1728 name="interop/typed-below-base-positive-tip/trace/stateDiff-vmTrace (nethermind_development)"
Sep 24 23:04:19.609 INF API: test ended suite=0 test=1728 pass=false
Sep 24 23:04:19.609 INF API: test started suite=0 test=1729 name="interop/typed-below-base-positive-tip/trace/stateDiff (nethermind_development)"
Sep 24 23:04:19.611 INF API: test ended suite=0 test=1729 pass=false
Sep 24 23:04:19.611 INF API: test started suite=0 test=1730 name="interop/typed-below-base-positive-tip/trace/trace-stateDiff-vmTrace (nethermind_development)"
Sep 24 23:04:19.613 INF API: test ended suite=0 test=1730 pass=false
Sep 24 23:04:19.614 INF API: test started suite=0 test=1731 name="interop/typed-below-base-positive-tip/trace/trace-stateDiff (nethermind_development)"
Sep 24 23:04:19.615 INF API: test ended suite=0 test=1731 pass=false
Sep 24 23:04:19.616 INF API: test started suite=0 test=1732 name="interop/typed-below-base-positive-tip/trace/trace-vmTrace (nethermind_development)"
Sep 24 23:04:19.617 INF API: test ended suite=0 test=1732 pass=false
Sep 24 23:04:19.618 INF API: test started suite=0 test=1733 name="interop/typed-below-base-positive-tip/trace/trace (nethermind_development)"
Sep 24 23:04:19.619 INF API: test ended suite=0 test=1733 pass=false
Sep 24 23:04:19.620 INF API: test started suite=0 test=1734 name="interop/typed-below-base-positive-tip/trace/vmTrace (nethermind_development)"
Sep 24 23:04:19.621 INF API: test ended suite=0 test=1734 pass=false
Sep 24 23:04:19.622 INF API: test started suite=0 test=1735 name="interop/typed-cap-limited/eth (nethermind_development)"
Sep 24 23:04:19.624 INF API: test ended suite=0 test=1735 pass=false
Sep 24 23:04:19.624 INF API: test started suite=0 test=1736 name="interop/typed-cap-limited/trace/none (nethermind_development)"
Sep 24 23:04:19.626 INF API: test ended suite=0 test=1736 pass=false
Sep 24 23:04:19.627 INF API: test started suite=0 test=1737 name="interop/typed-cap-limited/trace/stateDiff-vmTrace (nethermind_development)"
Sep 24 23:04:19.630 INF API: test ended suite=0 test=1737 pass=false
Sep 24 23:04:19.631 INF API: test started suite=0 test=1738 name="interop/typed-cap-limited/trace/stateDiff (nethermind_development)"
Sep 24 23:04:19.633 INF API: test ended suite=0 test=1738 pass=false
Sep 24 23:04:19.634 INF API: test started suite=0 test=1739 name="interop/typed-cap-limited/trace/trace-stateDiff-vmTrace (nethermind_development)"
Sep 24 23:04:19.637 INF API: test ended suite=0 test=1739 pass=false
Sep 24 23:04:19.637 INF API: test started suite=0 test=1740 name="interop/typed-cap-limited/trace/trace-stateDiff (nethermind_development)"
Sep 24 23:04:19.640 INF API: test ended suite=0 test=1740 pass=false
Sep 24 23:04:19.641 INF API: test started suite=0 test=1741 name="interop/typed-cap-limited/trace/trace-vmTrace (nethermind_development)"
Sep 24 23:04:19.643 INF API: test ended suite=0 test=1741 pass=false
Sep 24 23:04:19.644 INF API: test started suite=0 test=1742 name="interop/typed-cap-limited/trace/trace (nethermind_development)"
Sep 24 23:04:19.646 INF API: test ended suite=0 test=1742 pass=false
Sep 24 23:04:19.647 INF API: test started suite=0 test=1743 name="interop/typed-cap-limited/trace/vmTrace (nethermind_development)"
Sep 24 23:04:19.649 INF API: test ended suite=0 test=1743 pass=false
Sep 24 23:04:19.650 INF API: test started suite=0 test=1744 name="interop/typed-one/eth (nethermind_development)"
Sep 24 23:04:19.651 INF API: test ended suite=0 test=1744 pass=false
Sep 24 23:04:19.652 INF API: test started suite=0 test=1745 name="interop/typed-one/trace/none (nethermind_development)"
Sep 24 23:04:19.654 INF API: test ended suite=0 test=1745 pass=false
Sep 24 23:04:19.655 INF API: test started suite=0 test=1746 name="interop/typed-one/trace/stateDiff-vmTrace (nethermind_development)"
Sep 24 23:04:19.656 INF API: test ended suite=0 test=1746 pass=false
Sep 24 23:04:19.657 INF API: test started suite=0 test=1747 name="interop/typed-one/trace/stateDiff (nethermind_development)"
Sep 24 23:04:19.659 INF API: test ended suite=0 test=1747 pass=false
Sep 24 23:04:19.660 INF API: test started suite=0 test=1748 name="interop/typed-one/trace/trace-stateDiff-vmTrace (nethermind_development)"
Sep 24 23:04:19.661 INF API: test ended suite=0 test=1748 pass=false
Sep 24 23:04:19.662 INF API: test started suite=0 test=1749 name="interop/typed-one/trace/trace-stateDiff (nethermind_development)"
Sep 24 23:04:19.664 INF API: test ended suite=0 test=1749 pass=false
Sep 24 23:04:19.665 INF API: test started suite=0 test=1750 name="interop/typed-one/trace/trace-vmTrace (nethermind_development)"
Sep 24 23:04:19.666 INF API: test ended suite=0 test=1750 pass=false
Sep 24 23:04:19.667 INF API: test started suite=0 test=1751 name="interop/typed-one/trace/trace (nethermind_development)"
Sep 24 23:04:19.669 INF API: test ended suite=0 test=1751 pass=false
Sep 24 23:04:19.669 INF API: test started suite=0 test=1752 name="interop/typed-one/trace/vmTrace (nethermind_development)"
Sep 24 23:04:19.671 INF API: test ended suite=0 test=1752 pass=false
Sep 24 23:04:19.672 INF API: test started suite=0 test=1753 name="interop/typed-tip-equals-cap/eth (nethermind_development)"
Sep 24 23:04:19.673 INF API: test ended suite=0 test=1753 pass=false
Sep 24 23:04:19.674 INF API: test started suite=0 test=1754 name="interop/typed-tip-equals-cap/trace/none (nethermind_development)"
Sep 24 23:04:19.677 INF API: test ended suite=0 test=1754 pass=false
Sep 24 23:04:19.677 INF API: test started suite=0 test=1755 name="interop/typed-tip-equals-cap/trace/stateDiff-vmTrace (nethermind_development)"
Sep 24 23:04:19.681 INF API: test ended suite=0 test=1755 pass=false
Sep 24 23:04:19.681 INF API: test started suite=0 test=1756 name="interop/typed-tip-equals-cap/trace/stateDiff (nethermind_development)"
Sep 24 23:04:19.684 INF API: test ended suite=0 test=1756 pass=false
Sep 24 23:04:19.685 INF API: test started suite=0 test=1757 name="interop/typed-tip-equals-cap/trace/trace-stateDiff-vmTrace (nethermind_development)"
Sep 24 23:04:19.688 INF API: test ended suite=0 test=1757 pass=false
Sep 24 23:04:19.689 INF API: test started suite=0 test=1758 name="interop/typed-tip-equals-cap/trace/trace-stateDiff (nethermind_development)"
Sep 24 23:04:19.691 INF API: test ended suite=0 test=1758 pass=false
Sep 24 23:04:19.691 INF API: test started suite=0 test=1759 name="interop/typed-tip-equals-cap/trace/trace-vmTrace (nethermind_development)"
Sep 24 23:04:19.694 INF API: test ended suite=0 test=1759 pass=false
Sep 24 23:04:19.695 INF API: test started suite=0 test=1760 name="interop/typed-tip-equals-cap/trace/trace (nethermind_development)"
Sep 24 23:04:19.697 INF API: test ended suite=0 test=1760 pass=false
Sep 24 23:04:19.698 INF API: test started suite=0 test=1761 name="interop/typed-tip-equals-cap/trace/vmTrace (nethermind_development)"
Sep 24 23:04:19.700 INF API: test ended suite=0 test=1761 pass=false
Sep 24 23:04:19.700 INF API: test started suite=0 test=1762 name="interop/typed-tip-limited/eth (nethermind_development)"
Sep 24 23:04:19.702 INF API: test ended suite=0 test=1762 pass=false
Sep 24 23:04:19.702 INF API: test started suite=0 test=1763 name="interop/typed-tip-limited/trace/none (nethermind_development)"
Sep 24 23:04:19.704 INF API: test ended suite=0 test=1763 pass=false
Sep 24 23:04:19.705 INF API: test started suite=0 test=1764 name="interop/typed-tip-limited/trace/stateDiff-vmTrace (nethermind_development)"
Sep 24 23:04:19.707 INF API: test ended suite=0 test=1764 pass=false
Sep 24 23:04:19.708 INF API: test started suite=0 test=1765 name="interop/typed-tip-limited/trace/stateDiff (nethermind_development)"
Sep 24 23:04:19.710 INF API: test ended suite=0 test=1765 pass=false
Sep 24 23:04:19.711 INF API: test started suite=0 test=1766 name="interop/typed-tip-limited/trace/trace-stateDiff-vmTrace (nethermind_development)"
Sep 24 23:04:19.713 INF API: test ended suite=0 test=1766 pass=false
Sep 24 23:04:19.714 INF API: test started suite=0 test=1767 name="interop/typed-tip-limited/trace/trace-stateDiff (nethermind_development)"
Sep 24 23:04:19.716 INF API: test ended suite=0 test=1767 pass=false
Sep 24 23:04:19.717 INF API: test started suite=0 test=1768 name="interop/typed-tip-limited/trace/trace-vmTrace (nethermind_development)"
Sep 24 23:04:19.720 INF API: test ended suite=0 test=1768 pass=false
Sep 24 23:04:19.721 INF API: test started suite=0 test=1769 name="interop/typed-tip-limited/trace/trace (nethermind_development)"
Sep 24 23:04:19.723 INF API: test ended suite=0 test=1769 pass=false
Sep 24 23:04:19.724 INF API: test started suite=0 test=1770 name="interop/typed-tip-limited/trace/vmTrace (nethermind_development)"
Sep 24 23:04:19.727 INF API: test ended suite=0 test=1770 pass=false
Sep 24 23:04:19.728 INF API: test started suite=0 test=1771 name="interop/typed-tip-over-cap/eth (nethermind_development)"
Sep 24 23:04:19.730 INF API: test ended suite=0 test=1771 pass=false
Sep 24 23:04:19.731 INF API: test started suite=0 test=1772 name="interop/typed-tip-over-cap/trace/none (nethermind_development)"
Sep 24 23:04:19.733 INF API: test ended suite=0 test=1772 pass=false
Sep 24 23:04:19.733 INF API: test started suite=0 test=1773 name="interop/typed-tip-over-cap/trace/stateDiff-vmTrace (nethermind_development)"
Sep 24 23:04:19.735 INF API: test ended suite=0 test=1773 pass=false
Sep 24 23:04:19.735 INF API: test started suite=0 test=1774 name="interop/typed-tip-over-cap/trace/stateDiff (nethermind_development)"
Sep 24 23:04:19.737 INF API: test ended suite=0 test=1774 pass=false
Sep 24 23:04:19.737 INF API: test started suite=0 test=1775 name="interop/typed-tip-over-cap/trace/trace-stateDiff-vmTrace (nethermind_development)"
Sep 24 23:04:19.738 INF API: test ended suite=0 test=1775 pass=false
Sep 24 23:04:19.739 INF API: test started suite=0 test=1776 name="interop/typed-tip-over-cap/trace/trace-stateDiff (nethermind_development)"
Sep 24 23:04:19.740 INF API: test ended suite=0 test=1776 pass=false
Sep 24 23:04:19.741 INF API: test started suite=0 test=1777 name="interop/typed-tip-over-cap/trace/trace-vmTrace (nethermind_development)"
Sep 24 23:04:19.742 INF API: test ended suite=0 test=1777 pass=false
Sep 24 23:04:19.743 INF API: test started suite=0 test=1778 name="interop/typed-tip-over-cap/trace/trace (nethermind_development)"
Sep 24 23:04:19.744 INF API: test ended suite=0 test=1778 pass=false
Sep 24 23:04:19.745 INF API: test started suite=0 test=1779 name="interop/typed-tip-over-cap/trace/vmTrace (nethermind_development)"
Sep 24 23:04:19.746 INF API: test ended suite=0 test=1779 pass=false
Sep 24 23:04:19.747 INF API: test started suite=0 test=1780 name="interop/typed-zero/eth (nethermind_development)"
Sep 24 23:04:19.748 INF API: test ended suite=0 test=1780 pass=false
Sep 24 23:04:19.749 INF API: test started suite=0 test=1781 name="interop/typed-zero/trace/none (nethermind_development)"
Sep 24 23:04:19.751 INF API: test ended suite=0 test=1781 pass=false
Sep 24 23:04:19.752 INF API: test started suite=0 test=1782 name="interop/typed-zero/trace/stateDiff-vmTrace (nethermind_development)"
Sep 24 23:04:19.755 INF API: test ended suite=0 test=1782 pass=false
Sep 24 23:04:19.755 INF API: test started suite=0 test=1783 name="interop/typed-zero/trace/stateDiff (nethermind_development)"
Sep 24 23:04:19.757 INF API: test ended suite=0 test=1783 pass=false
Sep 24 23:04:19.758 INF API: test started suite=0 test=1784 name="interop/typed-zero/trace/trace-stateDiff-vmTrace (nethermind_development)"
Sep 24 23:04:19.761 INF API: test ended suite=0 test=1784 pass=false
Sep 24 23:04:19.762 INF API: test started suite=0 test=1785 name="interop/typed-zero/trace/trace-stateDiff (nethermind_development)"
Sep 24 23:04:19.765 INF API: test ended suite=0 test=1785 pass=false
Sep 24 23:04:19.766 INF API: test started suite=0 test=1786 name="interop/typed-zero/trace/trace-vmTrace (nethermind_development)"
Sep 24 23:04:19.768 INF API: test ended suite=0 test=1786 pass=false
Sep 24 23:04:19.769 INF API: test started suite=0 test=1787 name="interop/typed-zero/trace/trace (nethermind_development)"
Sep 24 23:04:19.771 INF API: test ended suite=0 test=1787 pass=false
Sep 24 23:04:19.771 INF API: test started suite=0 test=1788 name="interop/typed-zero/trace/vmTrace (nethermind_development)"
Sep 24 23:04:19.774 INF API: test ended suite=0 test=1788 pass=false
Sep 24 23:04:19.775 INF API: test started suite=0 test=1789 name="interop/typed-zero-cap-positive-tip/eth (nethermind_development)"
Sep 24 23:04:19.776 INF API: test ended suite=0 test=1789 pass=false
Sep 24 23:04:19.776 INF API: test started suite=0 test=1790 name="interop/typed-zero-cap-positive-tip/trace/none (nethermind_development)"
Sep 24 23:04:19.777 INF API: test ended suite=0 test=1790 pass=false
Sep 24 23:04:19.778 INF API: test started suite=0 test=1791 name="interop/typed-zero-cap-positive-tip/trace/stateDiff-vmTrace (nethermind_development)"
Sep 24 23:04:19.779 INF API: test ended suite=0 test=1791 pass=false
Sep 24 23:04:19.780 INF API: test started suite=0 test=1792 name="interop/typed-zero-cap-positive-tip/trace/stateDiff (nethermind_development)"
Sep 24 23:04:19.781 INF API: test ended suite=0 test=1792 pass=false
Sep 24 23:04:19.782 INF API: test started suite=0 test=1793 name="interop/typed-zero-cap-positive-tip/trace/trace-stateDiff-vmTrace (nethermind_development)"
Sep 24 23:04:19.783 INF API: test ended suite=0 test=1793 pass=false
Sep 24 23:04:19.784 INF API: test started suite=0 test=1794 name="interop/typed-zero-cap-positive-tip/trace/trace-stateDiff (nethermind_development)"
Sep 24 23:04:19.785 INF API: test ended suite=0 test=1794 pass=false
Sep 24 23:04:19.786 INF API: test started suite=0 test=1795 name="interop/typed-zero-cap-positive-tip/trace/trace-vmTrace (nethermind_development)"
Sep 24 23:04:19.787 INF API: test ended suite=0 test=1795 pass=false
Sep 24 23:04:19.788 INF API: test started suite=0 test=1796 name="interop/typed-zero-cap-positive-tip/trace/trace (nethermind_development)"
Sep 24 23:04:19.789 INF API: test ended suite=0 test=1796 pass=false
Sep 24 23:04:19.790 INF API: test started suite=0 test=1797 name="interop/typed-zero-cap-positive-tip/trace/vmTrace (nethermind_development)"
Sep 24 23:04:19.791 INF API: test ended suite=0 test=1797 pass=false
Sep 24 23:04:19.792 INF API: test started suite=0 test=1798 name="interop/typed-zero-tip/eth (nethermind_development)"
Sep 24 23:04:19.793 INF API: test ended suite=0 test=1798 pass=false
Sep 24 23:04:19.794 INF API: test started suite=0 test=1799 name="interop/typed-zero-tip/trace/none (nethermind_development)"
Sep 24 23:04:19.795 INF API: test ended suite=0 test=1799 pass=false
Sep 24 23:04:19.796 INF API: test started suite=0 test=1800 name="interop/typed-zero-tip/trace/stateDiff-vmTrace (nethermind_development)"
Sep 24 23:04:19.798 INF API: test ended suite=0 test=1800 pass=false
Sep 24 23:04:19.799 INF API: test started suite=0 test=1801 name="interop/typed-zero-tip/trace/stateDiff (nethermind_development)"
Sep 24 23:04:19.800 INF API: test ended suite=0 test=1801 pass=false
Sep 24 23:04:19.801 INF API: test started suite=0 test=1802 name="interop/typed-zero-tip/trace/trace-stateDiff-vmTrace (nethermind_development)"
Sep 24 23:04:19.804 INF API: test ended suite=0 test=1802 pass=false
Sep 24 23:04:19.804 INF API: test started suite=0 test=1803 name="interop/typed-zero-tip/trace/trace-stateDiff (nethermind_development)"
Sep 24 23:04:19.806 INF API: test ended suite=0 test=1803 pass=false
Sep 24 23:04:19.807 INF API: test started suite=0 test=1804 name="interop/typed-zero-tip/trace/trace-vmTrace (nethermind_development)"
Sep 24 23:04:19.810 INF API: test ended suite=0 test=1804 pass=false
Sep 24 23:04:19.810 INF API: test started suite=0 test=1805 name="interop/typed-zero-tip/trace/trace (nethermind_development)"
Sep 24 23:04:19.812 INF API: test ended suite=0 test=1805 pass=false
Sep 24 23:04:19.813 INF API: test started suite=0 test=1806 name="interop/typed-zero-tip/trace/vmTrace (nethermind_development)"
Sep 24 23:04:19.816 INF API: test ended suite=0 test=1806 pass=false
Sep 24 23:04:20.146 INF API: test ended suite=0 test=1506 pass=true
Sep 24 23:04:20.148 INF API: test started suite=0 test=1807 name="client launch (nethermind_release)"
Sep 24 23:04:27.484 INF API: client nethermind_release started suite=0 test=1807 container=a761db5b
Sep 24 23:04:27.626 INF API: test started suite=0 test=1808 name="interop/_control/empty-balance (nethermind_release)"
Sep 24 23:04:27.641 INF API: test ended suite=0 test=1808 pass=false
Sep 24 23:04:27.642 INF API: test started suite=0 test=1809 name="interop/_control/empty-code (nethermind_release)"
Sep 24 23:04:27.644 INF API: test ended suite=0 test=1809 pass=false
Sep 24 23:04:27.644 INF API: test started suite=0 test=1810 name="interop/_control/empty-nonce (nethermind_release)"
Sep 24 23:04:27.649 INF API: test ended suite=0 test=1810 pass=false
Sep 24 23:04:27.650 INF API: test started suite=0 test=1811 name="interop/_control/head (nethermind_release)"
Sep 24 23:04:27.652 INF API: test ended suite=0 test=1811 pass=false
Sep 24 23:04:27.653 INF API: test started suite=0 test=1812 name="interop/_control/latest (nethermind_release)"
Sep 24 23:04:27.655 INF API: test ended suite=0 test=1812 pass=false
Sep 24 23:04:27.655 INF API: test started suite=0 test=1813 name="interop/_control/miner-balance (nethermind_release)"
Sep 24 23:04:27.656 INF API: test ended suite=0 test=1813 pass=false
Sep 24 23:04:27.657 INF API: test started suite=0 test=1814 name="interop/_control/miner-code (nethermind_release)"
Sep 24 23:04:27.658 INF API: test ended suite=0 test=1814 pass=false
Sep 24 23:04:27.659 INF API: test started suite=0 test=1815 name="interop/_control/miner-nonce (nethermind_release)"
Sep 24 23:04:27.660 INF API: test ended suite=0 test=1815 pass=false
Sep 24 23:04:27.661 INF API: test started suite=0 test=1816 name="interop/_control/sender-balance (nethermind_release)"
Sep 24 23:04:27.662 INF API: test ended suite=0 test=1816 pass=false
Sep 24 23:04:27.663 INF API: test started suite=0 test=1817 name="interop/_control/sender-code (nethermind_release)"
Sep 24 23:04:27.664 INF API: test ended suite=0 test=1817 pass=false
Sep 24 23:04:27.665 INF API: test started suite=0 test=1818 name="interop/_control/sender-nonce (nethermind_release)"
Sep 24 23:04:27.666 INF API: test ended suite=0 test=1818 pass=false
Sep 24 23:04:27.667 INF API: test started suite=0 test=1819 name="interop/_control/version (nethermind_release)"
Sep 24 23:04:27.669 INF API: test ended suite=0 test=1819 pass=false
Sep 24 23:04:27.670 INF API: test started suite=0 test=1820 name="interop/defaults-cap-only-positive/eth (nethermind_release)"
Sep 24 23:04:27.710 INF API: test ended suite=0 test=1820 pass=false
Sep 24 23:04:27.711 INF API: test started suite=0 test=1821 name="interop/defaults-cap-only-positive/trace/none (nethermind_release)"
Sep 24 23:04:27.765 INF API: test ended suite=0 test=1821 pass=false
Sep 24 23:04:27.765 INF API: test started suite=0 test=1822 name="interop/defaults-cap-only-positive/trace/stateDiff-vmTrace (nethermind_release)"
Sep 24 23:04:27.834 INF API: test ended suite=0 test=1822 pass=false
Sep 24 23:04:27.835 INF API: test started suite=0 test=1823 name="interop/defaults-cap-only-positive/trace/stateDiff (nethermind_release)"
Sep 24 23:04:27.839 INF API: test ended suite=0 test=1823 pass=false
Sep 24 23:04:27.840 INF API: test started suite=0 test=1824 name="interop/defaults-cap-only-positive/trace/trace-stateDiff-vmTrace (nethermind_release)"
Sep 24 23:04:27.848 INF API: test ended suite=0 test=1824 pass=false
Sep 24 23:04:27.849 INF API: test started suite=0 test=1825 name="interop/defaults-cap-only-positive/trace/trace-stateDiff (nethermind_release)"
Sep 24 23:04:27.853 INF API: test ended suite=0 test=1825 pass=false
Sep 24 23:04:27.853 INF API: test started suite=0 test=1826 name="interop/defaults-cap-only-positive/trace/trace-vmTrace (nethermind_release)"
Sep 24 23:04:27.856 INF API: test ended suite=0 test=1826 pass=false
Sep 24 23:04:27.857 INF API: test started suite=0 test=1827 name="interop/defaults-cap-only-positive/trace/trace (nethermind_release)"
Sep 24 23:04:27.859 INF API: test ended suite=0 test=1827 pass=false
Sep 24 23:04:27.860 INF API: test started suite=0 test=1828 name="interop/defaults-cap-only-positive/trace/vmTrace (nethermind_release)"
Sep 24 23:04:27.863 INF API: test ended suite=0 test=1828 pass=false
Sep 24 23:04:27.864 INF API: test started suite=0 test=1829 name="interop/defaults-cap-only-zero/eth (nethermind_release)"
Sep 24 23:04:27.866 INF API: test ended suite=0 test=1829 pass=false
Sep 24 23:04:27.867 INF API: test started suite=0 test=1830 name="interop/defaults-cap-only-zero/trace/none (nethermind_release)"
Sep 24 23:04:27.868 INF API: test ended suite=0 test=1830 pass=false
Sep 24 23:04:27.869 INF API: test started suite=0 test=1831 name="interop/defaults-cap-only-zero/trace/stateDiff-vmTrace (nethermind_release)"
Sep 24 23:04:27.872 INF API: test ended suite=0 test=1831 pass=false
Sep 24 23:04:27.873 INF API: test started suite=0 test=1832 name="interop/defaults-cap-only-zero/trace/stateDiff (nethermind_release)"
Sep 24 23:04:27.875 INF API: test ended suite=0 test=1832 pass=false
Sep 24 23:04:27.876 INF API: test started suite=0 test=1833 name="interop/defaults-cap-only-zero/trace/trace-stateDiff-vmTrace (nethermind_release)"
Sep 24 23:04:27.878 INF API: test ended suite=0 test=1833 pass=false
Sep 24 23:04:27.879 INF API: test started suite=0 test=1834 name="interop/defaults-cap-only-zero/trace/trace-stateDiff (nethermind_release)"
Sep 24 23:04:27.881 INF API: test ended suite=0 test=1834 pass=false
Sep 24 23:04:27.882 INF API: test started suite=0 test=1835 name="interop/defaults-cap-only-zero/trace/trace-vmTrace (nethermind_release)"
Sep 24 23:04:27.885 INF API: test ended suite=0 test=1835 pass=false
Sep 24 23:04:27.885 INF API: test started suite=0 test=1836 name="interop/defaults-cap-only-zero/trace/trace (nethermind_release)"
Sep 24 23:04:27.887 INF API: test ended suite=0 test=1836 pass=false
Sep 24 23:04:27.888 INF API: test started suite=0 test=1837 name="interop/defaults-cap-only-zero/trace/vmTrace (nethermind_release)"
Sep 24 23:04:27.891 INF API: test ended suite=0 test=1837 pass=false
Sep 24 23:04:27.891 INF API: test started suite=0 test=1838 name="interop/defaults-omitted/eth (nethermind_release)"
Sep 24 23:04:27.893 INF API: test ended suite=0 test=1838 pass=false
Sep 24 23:04:27.893 INF API: test started suite=0 test=1839 name="interop/defaults-omitted/trace/none (nethermind_release)"
Sep 24 23:04:27.895 INF API: test ended suite=0 test=1839 pass=false
Sep 24 23:04:27.895 INF API: test started suite=0 test=1840 name="interop/defaults-omitted/trace/stateDiff-vmTrace (nethermind_release)"
Sep 24 23:04:27.902 INF API: test ended suite=0 test=1840 pass=false
Sep 24 23:04:27.903 INF API: test started suite=0 test=1841 name="interop/defaults-omitted/trace/stateDiff (nethermind_release)"
Sep 24 23:04:27.905 INF API: test ended suite=0 test=1841 pass=false
Sep 24 23:04:27.906 INF API: test started suite=0 test=1842 name="interop/defaults-omitted/trace/trace-stateDiff-vmTrace (nethermind_release)"
Sep 24 23:04:27.909 INF API: test ended suite=0 test=1842 pass=false
Sep 24 23:04:27.910 INF API: test started suite=0 test=1843 name="interop/defaults-omitted/trace/trace-stateDiff (nethermind_release)"
Sep 24 23:04:27.912 INF API: test ended suite=0 test=1843 pass=false
Sep 24 23:04:27.912 INF API: test started suite=0 test=1844 name="interop/defaults-omitted/trace/trace-vmTrace (nethermind_release)"
Sep 24 23:04:27.915 INF API: test ended suite=0 test=1844 pass=false
Sep 24 23:04:27.916 INF API: test started suite=0 test=1845 name="interop/defaults-omitted/trace/trace (nethermind_release)"
Sep 24 23:04:27.918 INF API: test ended suite=0 test=1845 pass=false
Sep 24 23:04:27.919 INF API: test started suite=0 test=1846 name="interop/defaults-omitted/trace/vmTrace (nethermind_release)"
Sep 24 23:04:27.922 INF API: test ended suite=0 test=1846 pass=false
Sep 24 23:04:27.922 INF API: test started suite=0 test=1847 name="interop/defaults-tip-only-positive/eth (nethermind_release)"
Sep 24 23:04:27.927 INF API: test ended suite=0 test=1847 pass=false
Sep 24 23:04:27.936 INF API: test started suite=0 test=1848 name="interop/defaults-tip-only-positive/trace/none (nethermind_release)"
Sep 24 23:04:27.938 INF API: test ended suite=0 test=1848 pass=false
Sep 24 23:04:27.939 INF API: test started suite=0 test=1849 name="interop/defaults-tip-only-positive/trace/stateDiff-vmTrace (nethermind_release)"
Sep 24 23:04:27.942 INF API: test ended suite=0 test=1849 pass=false
Sep 24 23:04:27.943 INF API: test started suite=0 test=1850 name="interop/defaults-tip-only-positive/trace/stateDiff (nethermind_release)"
Sep 24 23:04:27.963 INF API: test ended suite=0 test=1850 pass=false
Sep 24 23:04:27.964 INF API: test started suite=0 test=1851 name="interop/defaults-tip-only-positive/trace/trace-stateDiff-vmTrace (nethermind_release)"
Sep 24 23:04:27.966 INF API: test ended suite=0 test=1851 pass=false
Sep 24 23:04:27.967 INF API: test started suite=0 test=1852 name="interop/defaults-tip-only-positive/trace/trace-stateDiff (nethermind_release)"
Sep 24 23:04:27.969 INF API: test ended suite=0 test=1852 pass=false
Sep 24 23:04:27.969 INF API: test started suite=0 test=1853 name="interop/defaults-tip-only-positive/trace/trace-vmTrace (nethermind_release)"
Sep 24 23:04:27.971 INF API: test ended suite=0 test=1853 pass=false
Sep 24 23:04:27.972 INF API: test started suite=0 test=1854 name="interop/defaults-tip-only-positive/trace/trace (nethermind_release)"
Sep 24 23:04:27.973 INF API: test ended suite=0 test=1854 pass=false
Sep 24 23:04:27.974 INF API: test started suite=0 test=1855 name="interop/defaults-tip-only-positive/trace/vmTrace (nethermind_release)"
Sep 24 23:04:27.976 INF API: test ended suite=0 test=1855 pass=false
Sep 24 23:04:27.976 INF API: test started suite=0 test=1856 name="interop/defaults-tip-only-zero/eth (nethermind_release)"
Sep 24 23:04:27.978 INF API: test ended suite=0 test=1856 pass=false
Sep 24 23:04:27.979 INF API: test started suite=0 test=1857 name="interop/defaults-tip-only-zero/trace/none (nethermind_release)"
Sep 24 23:04:27.981 INF API: test ended suite=0 test=1857 pass=false
Sep 24 23:04:27.981 INF API: test started suite=0 test=1858 name="interop/defaults-tip-only-zero/trace/stateDiff-vmTrace (nethermind_release)"
Sep 24 23:04:27.984 INF API: test ended suite=0 test=1858 pass=false
Sep 24 23:04:27.985 INF API: test started suite=0 test=1859 name="interop/defaults-tip-only-zero/trace/stateDiff (nethermind_release)"
Sep 24 23:04:27.987 INF API: test ended suite=0 test=1859 pass=false
Sep 24 23:04:27.988 INF API: test started suite=0 test=1860 name="interop/defaults-tip-only-zero/trace/trace-stateDiff-vmTrace (nethermind_release)"
Sep 24 23:04:27.990 INF API: test ended suite=0 test=1860 pass=false
Sep 24 23:04:27.991 INF API: test started suite=0 test=1861 name="interop/defaults-tip-only-zero/trace/trace-stateDiff (nethermind_release)"
Sep 24 23:04:27.993 INF API: test ended suite=0 test=1861 pass=false
Sep 24 23:04:27.994 INF API: test started suite=0 test=1862 name="interop/defaults-tip-only-zero/trace/trace-vmTrace (nethermind_release)"
Sep 24 23:04:27.997 INF API: test ended suite=0 test=1862 pass=false
Sep 24 23:04:27.998 INF API: test started suite=0 test=1863 name="interop/defaults-tip-only-zero/trace/trace (nethermind_release)"
Sep 24 23:04:28.000 INF API: test ended suite=0 test=1863 pass=false
Sep 24 23:04:28.001 INF API: test started suite=0 test=1864 name="interop/defaults-tip-only-zero/trace/vmTrace (nethermind_release)"
Sep 24 23:04:28.003 INF API: test ended suite=0 test=1864 pass=false
Sep 24 23:04:28.004 INF API: test started suite=0 test=1865 name="interop/empty-sender-free/eth (nethermind_release)"
Sep 24 23:04:28.008 INF API: test ended suite=0 test=1865 pass=false
Sep 24 23:04:28.009 INF API: test started suite=0 test=1866 name="interop/empty-sender-free/trace/none (nethermind_release)"
Sep 24 23:04:28.011 INF API: test ended suite=0 test=1866 pass=false
Sep 24 23:04:28.011 INF API: test started suite=0 test=1867 name="interop/empty-sender-free/trace/stateDiff-vmTrace (nethermind_release)"
Sep 24 23:04:28.014 INF API: test ended suite=0 test=1867 pass=false
Sep 24 23:04:28.015 INF API: test started suite=0 test=1868 name="interop/empty-sender-free/trace/stateDiff (nethermind_release)"
Sep 24 23:04:28.018 INF API: test ended suite=0 test=1868 pass=false
Sep 24 23:04:28.018 INF API: test started suite=0 test=1869 name="interop/empty-sender-free/trace/trace-stateDiff-vmTrace (nethermind_release)"
Sep 24 23:04:28.022 INF API: test ended suite=0 test=1869 pass=false
Sep 24 23:04:28.023 INF API: test started suite=0 test=1870 name="interop/empty-sender-free/trace/trace-stateDiff (nethermind_release)"
Sep 24 23:04:28.026 INF API: test ended suite=0 test=1870 pass=false
Sep 24 23:04:28.026 INF API: test started suite=0 test=1871 name="interop/empty-sender-free/trace/trace-vmTrace (nethermind_release)"
Sep 24 23:04:28.029 INF API: test ended suite=0 test=1871 pass=false
Sep 24 23:04:28.030 INF API: test started suite=0 test=1872 name="interop/empty-sender-free/trace/trace (nethermind_release)"
Sep 24 23:04:28.032 INF API: test ended suite=0 test=1872 pass=false
Sep 24 23:04:28.033 INF API: test started suite=0 test=1873 name="interop/empty-sender-free/trace/vmTrace (nethermind_release)"
Sep 24 23:04:28.036 INF API: test ended suite=0 test=1873 pass=false
Sep 24 23:04:28.037 INF API: test started suite=0 test=1874 name="interop/empty-sender-priced/eth (nethermind_release)"
Sep 24 23:04:28.039 INF API: test ended suite=0 test=1874 pass=false
Sep 24 23:04:28.040 INF API: test started suite=0 test=1875 name="interop/empty-sender-priced/trace/none (nethermind_release)"
Sep 24 23:04:28.064 INF API: test ended suite=0 test=1875 pass=false
Sep 24 23:04:28.066 INF API: test started suite=0 test=1876 name="interop/empty-sender-priced/trace/stateDiff-vmTrace (nethermind_release)"
Sep 24 23:04:28.068 INF API: test ended suite=0 test=1876 pass=false
Sep 24 23:04:28.070 INF API: test started suite=0 test=1877 name="interop/empty-sender-priced/trace/stateDiff (nethermind_release)"
Sep 24 23:04:28.079 INF API: test ended suite=0 test=1877 pass=false
Sep 24 23:04:28.080 INF API: test started suite=0 test=1878 name="interop/empty-sender-priced/trace/trace-stateDiff-vmTrace (nethermind_release)"
Sep 24 23:04:28.082 INF API: test ended suite=0 test=1878 pass=false
Sep 24 23:04:28.082 INF API: test started suite=0 test=1879 name="interop/empty-sender-priced/trace/trace-stateDiff (nethermind_release)"
Sep 24 23:04:28.084 INF API: test ended suite=0 test=1879 pass=false
Sep 24 23:04:28.085 INF API: test started suite=0 test=1880 name="interop/empty-sender-priced/trace/trace-vmTrace (nethermind_release)"
Sep 24 23:04:28.087 INF API: test ended suite=0 test=1880 pass=false
Sep 24 23:04:28.088 INF API: test started suite=0 test=1881 name="interop/empty-sender-priced/trace/trace (nethermind_release)"
Sep 24 23:04:28.089 INF API: test ended suite=0 test=1881 pass=false
Sep 24 23:04:28.090 INF API: test started suite=0 test=1882 name="interop/empty-sender-priced/trace/vmTrace (nethermind_release)"
Sep 24 23:04:28.091 INF API: test ended suite=0 test=1882 pass=false
Sep 24 23:04:28.092 INF API: test started suite=0 test=1883 name="interop/funding-free-exact/eth (nethermind_release)"
Sep 24 23:04:28.094 INF API: test ended suite=0 test=1883 pass=false
Sep 24 23:04:28.094 INF API: test started suite=0 test=1884 name="interop/funding-free-exact/trace/none (nethermind_release)"
Sep 24 23:04:28.096 INF API: test ended suite=0 test=1884 pass=false
Sep 24 23:04:28.097 INF API: test started suite=0 test=1885 name="interop/funding-free-exact/trace/stateDiff-vmTrace (nethermind_release)"
Sep 24 23:04:28.100 INF API: test ended suite=0 test=1885 pass=false
Sep 24 23:04:28.101 INF API: test started suite=0 test=1886 name="interop/funding-free-exact/trace/stateDiff (nethermind_release)"
Sep 24 23:04:28.103 INF API: test ended suite=0 test=1886 pass=false
Sep 24 23:04:28.104 INF API: test started suite=0 test=1887 name="interop/funding-free-exact/trace/trace-stateDiff-vmTrace (nethermind_release)"
Sep 24 23:04:28.107 INF API: test ended suite=0 test=1887 pass=false
Sep 24 23:04:28.107 INF API: test started suite=0 test=1888 name="interop/funding-free-exact/trace/trace-stateDiff (nethermind_release)"
Sep 24 23:04:28.109 INF API: test ended suite=0 test=1888 pass=false
Sep 24 23:04:28.110 INF API: test started suite=0 test=1889 name="interop/funding-free-exact/trace/trace-vmTrace (nethermind_release)"
Sep 24 23:04:28.113 INF API: test ended suite=0 test=1889 pass=false
Sep 24 23:04:28.114 INF API: test started suite=0 test=1890 name="interop/funding-free-exact/trace/trace (nethermind_release)"
Sep 24 23:04:28.116 INF API: test ended suite=0 test=1890 pass=false
Sep 24 23:04:28.116 INF API: test started suite=0 test=1891 name="interop/funding-free-exact/trace/vmTrace (nethermind_release)"
Sep 24 23:04:28.119 INF API: test ended suite=0 test=1891 pass=false
Sep 24 23:04:28.119 INF API: test started suite=0 test=1892 name="interop/funding-free-short/eth (nethermind_release)"
Sep 24 23:04:28.121 INF API: test ended suite=0 test=1892 pass=false
Sep 24 23:04:28.121 INF API: test started suite=0 test=1893 name="interop/funding-free-short/trace/none (nethermind_release)"
Sep 24 23:04:28.123 INF API: test ended suite=0 test=1893 pass=false
Sep 24 23:04:28.124 INF API: test started suite=0 test=1894 name="interop/funding-free-short/trace/stateDiff-vmTrace (nethermind_release)"
Sep 24 23:04:28.125 INF API: test ended suite=0 test=1894 pass=false
Sep 24 23:04:28.126 INF API: test started suite=0 test=1895 name="interop/funding-free-short/trace/stateDiff (nethermind_release)"
Sep 24 23:04:28.127 INF API: test ended suite=0 test=1895 pass=false
Sep 24 23:04:28.128 INF API: test started suite=0 test=1896 name="interop/funding-free-short/trace/trace-stateDiff-vmTrace (nethermind_release)"
Sep 24 23:04:28.130 INF API: test ended suite=0 test=1896 pass=false
Sep 24 23:04:28.131 INF API: test started suite=0 test=1897 name="interop/funding-free-short/trace/trace-stateDiff (nethermind_release)"
Sep 24 23:04:28.132 INF API: test ended suite=0 test=1897 pass=false
Sep 24 23:04:28.133 INF API: test started suite=0 test=1898 name="interop/funding-free-short/trace/trace-vmTrace (nethermind_release)"
Sep 24 23:04:28.135 INF API: test ended suite=0 test=1898 pass=false
Sep 24 23:04:28.135 INF API: test started suite=0 test=1899 name="interop/funding-free-short/trace/trace (nethermind_release)"
Sep 24 23:04:28.137 INF API: test ended suite=0 test=1899 pass=false
Sep 24 23:04:28.138 INF API: test started suite=0 test=1900 name="interop/funding-free-short/trace/vmTrace (nethermind_release)"
Sep 24 23:04:28.140 INF API: test ended suite=0 test=1900 pass=false
Sep 24 23:04:28.140 INF API: test started suite=0 test=1901 name="interop/funding-legacy-exact/eth (nethermind_release)"
Sep 24 23:04:28.142 INF API: test ended suite=0 test=1901 pass=false
Sep 24 23:04:28.143 INF API: test started suite=0 test=1902 name="interop/funding-legacy-exact/trace/none (nethermind_release)"
Sep 24 23:04:28.144 INF API: test ended suite=0 test=1902 pass=false
Sep 24 23:04:28.145 INF API: test started suite=0 test=1903 name="interop/funding-legacy-exact/trace/stateDiff-vmTrace (nethermind_release)"
Sep 24 23:04:28.149 INF API: test ended suite=0 test=1903 pass=false
Sep 24 23:04:28.150 INF API: test started suite=0 test=1904 name="interop/funding-legacy-exact/trace/stateDiff (nethermind_release)"
Sep 24 23:04:28.153 INF API: test ended suite=0 test=1904 pass=false
Sep 24 23:04:28.154 INF API: test started suite=0 test=1905 name="interop/funding-legacy-exact/trace/trace-stateDiff-vmTrace (nethermind_release)"
Sep 24 23:04:28.158 INF API: test ended suite=0 test=1905 pass=false
Sep 24 23:04:28.158 INF API: test started suite=0 test=1906 name="interop/funding-legacy-exact/trace/trace-stateDiff (nethermind_release)"
Sep 24 23:04:28.161 INF API: test ended suite=0 test=1906 pass=false
Sep 24 23:04:28.161 INF API: test started suite=0 test=1907 name="interop/funding-legacy-exact/trace/trace-vmTrace (nethermind_release)"
Sep 24 23:04:28.164 INF API: test ended suite=0 test=1907 pass=false
Sep 24 23:04:28.165 INF API: test started suite=0 test=1908 name="interop/funding-legacy-exact/trace/trace (nethermind_release)"
Sep 24 23:04:28.167 INF API: test ended suite=0 test=1908 pass=false
Sep 24 23:04:28.168 INF API: test started suite=0 test=1909 name="interop/funding-legacy-exact/trace/vmTrace (nethermind_release)"
Sep 24 23:04:28.171 INF API: test ended suite=0 test=1909 pass=false
Sep 24 23:04:28.171 INF API: test started suite=0 test=1910 name="interop/funding-legacy-short/eth (nethermind_release)"
Sep 24 23:04:28.173 INF API: test ended suite=0 test=1910 pass=false
Sep 24 23:04:28.173 INF API: test started suite=0 test=1911 name="interop/funding-legacy-short/trace/none (nethermind_release)"
Sep 24 23:04:28.175 INF API: test ended suite=0 test=1911 pass=false
Sep 24 23:04:28.175 INF API: test started suite=0 test=1912 name="interop/funding-legacy-short/trace/stateDiff-vmTrace (nethermind_release)"
Sep 24 23:04:28.177 INF API: test ended suite=0 test=1912 pass=false
Sep 24 23:04:28.177 INF API: test started suite=0 test=1913 name="interop/funding-legacy-short/trace/stateDiff (nethermind_release)"
Sep 24 23:04:28.179 INF API: test ended suite=0 test=1913 pass=false
Sep 24 23:04:28.179 INF API: test started suite=0 test=1914 name="interop/funding-legacy-short/trace/trace-stateDiff-vmTrace (nethermind_release)"
Sep 24 23:04:28.181 INF API: test ended suite=0 test=1914 pass=false
Sep 24 23:04:28.181 INF API: test started suite=0 test=1915 name="interop/funding-legacy-short/trace/trace-stateDiff (nethermind_release)"
Sep 24 23:04:28.183 INF API: test ended suite=0 test=1915 pass=false
Sep 24 23:04:28.183 INF API: test started suite=0 test=1916 name="interop/funding-legacy-short/trace/trace-vmTrace (nethermind_release)"
Sep 24 23:04:28.185 INF API: test ended suite=0 test=1916 pass=false
Sep 24 23:04:28.185 INF API: test started suite=0 test=1917 name="interop/funding-legacy-short/trace/trace (nethermind_release)"
Sep 24 23:04:28.187 INF API: test ended suite=0 test=1917 pass=false
Sep 24 23:04:28.188 INF API: test started suite=0 test=1918 name="interop/funding-legacy-short/trace/vmTrace (nethermind_release)"
Sep 24 23:04:28.190 INF API: test ended suite=0 test=1918 pass=false
Sep 24 23:04:28.190 INF API: test started suite=0 test=1919 name="interop/funding-typed-effective-only/eth (nethermind_release)"
Sep 24 23:04:28.191 INF API: test ended suite=0 test=1919 pass=false
Sep 24 23:04:28.192 INF API: test started suite=0 test=1920 name="interop/funding-typed-effective-only/trace/none (nethermind_release)"
Sep 24 23:04:28.193 INF API: test ended suite=0 test=1920 pass=false
Sep 24 23:04:28.194 INF API: test started suite=0 test=1921 name="interop/funding-typed-effective-only/trace/stateDiff-vmTrace (nethermind_release)"
Sep 24 23:04:28.196 INF API: test ended suite=0 test=1921 pass=false
Sep 24 23:04:28.197 INF API: test started suite=0 test=1922 name="interop/funding-typed-effective-only/trace/stateDiff (nethermind_release)"
Sep 24 23:04:28.198 INF API: test ended suite=0 test=1922 pass=false
Sep 24 23:04:28.199 INF API: test started suite=0 test=1923 name="interop/funding-typed-effective-only/trace/trace-stateDiff-vmTrace (nethermind_release)"
Sep 24 23:04:28.200 INF API: test ended suite=0 test=1923 pass=false
Sep 24 23:04:28.201 INF API: test started suite=0 test=1924 name="interop/funding-typed-effective-only/trace/trace-stateDiff (nethermind_release)"
Sep 24 23:04:28.203 INF API: test ended suite=0 test=1924 pass=false
Sep 24 23:04:28.204 INF API: test started suite=0 test=1925 name="interop/funding-typed-effective-only/trace/trace-vmTrace (nethermind_release)"
Sep 24 23:04:28.205 INF API: test ended suite=0 test=1925 pass=false
Sep 24 23:04:28.206 INF API: test started suite=0 test=1926 name="interop/funding-typed-effective-only/trace/trace (nethermind_release)"
Sep 24 23:04:28.207 INF API: test ended suite=0 test=1926 pass=false
Sep 24 23:04:28.208 INF API: test started suite=0 test=1927 name="interop/funding-typed-effective-only/trace/vmTrace (nethermind_release)"
Sep 24 23:04:28.210 INF API: test ended suite=0 test=1927 pass=false
Sep 24 23:04:28.210 INF API: test started suite=0 test=1928 name="interop/funding-typed-exact/eth (nethermind_release)"
Sep 24 23:04:28.212 INF API: test ended suite=0 test=1928 pass=false
Sep 24 23:04:28.213 INF API: test started suite=0 test=1929 name="interop/funding-typed-exact/trace/none (nethermind_release)"
Sep 24 23:04:28.214 INF API: test ended suite=0 test=1929 pass=false
Sep 24 23:04:28.215 INF API: test started suite=0 test=1930 name="interop/funding-typed-exact/trace/stateDiff-vmTrace (nethermind_release)"
Sep 24 23:04:28.219 INF API: test ended suite=0 test=1930 pass=false
Sep 24 23:04:28.219 INF API: test started suite=0 test=1931 name="interop/funding-typed-exact/trace/stateDiff (nethermind_release)"
Sep 24 23:04:28.222 INF API: test ended suite=0 test=1931 pass=false
Sep 24 23:04:28.223 INF API: test started suite=0 test=1932 name="interop/funding-typed-exact/trace/trace-stateDiff-vmTrace (nethermind_release)"
Sep 24 23:04:28.226 INF API: test ended suite=0 test=1932 pass=false
Sep 24 23:04:28.227 INF API: test started suite=0 test=1933 name="interop/funding-typed-exact/trace/trace-stateDiff (nethermind_release)"
Sep 24 23:04:28.230 INF API: test ended suite=0 test=1933 pass=false
Sep 24 23:04:28.230 INF API: test started suite=0 test=1934 name="interop/funding-typed-exact/trace/trace-vmTrace (nethermind_release)"
Sep 24 23:04:28.234 INF API: test ended suite=0 test=1934 pass=false
Sep 24 23:04:28.235 INF API: test started suite=0 test=1935 name="interop/funding-typed-exact/trace/trace (nethermind_release)"
Sep 24 23:04:28.237 INF API: test ended suite=0 test=1935 pass=false
Sep 24 23:04:28.238 INF API: test started suite=0 test=1936 name="interop/funding-typed-exact/trace/vmTrace (nethermind_release)"
Sep 24 23:04:28.241 INF API: test ended suite=0 test=1936 pass=false
Sep 24 23:04:28.242 INF API: test started suite=0 test=1937 name="interop/funding-typed-free-exact/eth (nethermind_release)"
Sep 24 23:04:28.244 INF API: test ended suite=0 test=1937 pass=false
Sep 24 23:04:28.244 INF API: test started suite=0 test=1938 name="interop/funding-typed-free-exact/trace/none (nethermind_release)"
Sep 24 23:04:28.246 INF API: test ended suite=0 test=1938 pass=false
Sep 24 23:04:28.247 INF API: test started suite=0 test=1939 name="interop/funding-typed-free-exact/trace/stateDiff-vmTrace (nethermind_release)"
Sep 24 23:04:28.251 INF API: test ended suite=0 test=1939 pass=false
Sep 24 23:04:28.251 INF API: test started suite=0 test=1940 name="interop/funding-typed-free-exact/trace/stateDiff (nethermind_release)"
Sep 24 23:04:28.254 INF API: test ended suite=0 test=1940 pass=false
Sep 24 23:04:28.255 INF API: test started suite=0 test=1941 name="interop/funding-typed-free-exact/trace/trace-stateDiff-vmTrace (nethermind_release)"
Sep 24 23:04:28.258 INF API: test ended suite=0 test=1941 pass=false
Sep 24 23:04:28.259 INF API: test started suite=0 test=1942 name="interop/funding-typed-free-exact/trace/trace-stateDiff (nethermind_release)"
Sep 24 23:04:28.262 INF API: test ended suite=0 test=1942 pass=false
Sep 24 23:04:28.263 INF API: test started suite=0 test=1943 name="interop/funding-typed-free-exact/trace/trace-vmTrace (nethermind_release)"
Sep 24 23:04:28.265 INF API: test ended suite=0 test=1943 pass=false
Sep 24 23:04:28.266 INF API: test started suite=0 test=1944 name="interop/funding-typed-free-exact/trace/trace (nethermind_release)"
Sep 24 23:04:28.268 INF API: test ended suite=0 test=1944 pass=false
Sep 24 23:04:28.269 INF API: test started suite=0 test=1945 name="interop/funding-typed-free-exact/trace/vmTrace (nethermind_release)"
Sep 24 23:04:28.272 INF API: test ended suite=0 test=1945 pass=false
Sep 24 23:04:28.272 INF API: test started suite=0 test=1946 name="interop/funding-typed-free-short/eth (nethermind_release)"
Sep 24 23:04:28.274 INF API: test ended suite=0 test=1946 pass=false
Sep 24 23:04:28.274 INF API: test started suite=0 test=1947 name="interop/funding-typed-free-short/trace/none (nethermind_release)"
Sep 24 23:04:28.276 INF API: test ended suite=0 test=1947 pass=false
Sep 24 23:04:28.276 INF API: test started suite=0 test=1948 name="interop/funding-typed-free-short/trace/stateDiff-vmTrace (nethermind_release)"
Sep 24 23:04:28.278 INF API: test ended suite=0 test=1948 pass=false
Sep 24 23:04:28.279 INF API: test started suite=0 test=1949 name="interop/funding-typed-free-short/trace/stateDiff (nethermind_release)"
Sep 24 23:04:28.280 INF API: test ended suite=0 test=1949 pass=false
Sep 24 23:04:28.281 INF API: test started suite=0 test=1950 name="interop/funding-typed-free-short/trace/trace-stateDiff-vmTrace (nethermind_release)"
Sep 24 23:04:28.282 INF API: test ended suite=0 test=1950 pass=false
Sep 24 23:04:28.283 INF API: test started suite=0 test=1951 name="interop/funding-typed-free-short/trace/trace-stateDiff (nethermind_release)"
Sep 24 23:04:28.285 INF API: test ended suite=0 test=1951 pass=false
Sep 24 23:04:28.286 INF API: test started suite=0 test=1952 name="interop/funding-typed-free-short/trace/trace-vmTrace (nethermind_release)"
Sep 24 23:04:28.287 INF API: test ended suite=0 test=1952 pass=false
Sep 24 23:04:28.288 INF API: test started suite=0 test=1953 name="interop/funding-typed-free-short/trace/trace (nethermind_release)"
Sep 24 23:04:28.289 INF API: test ended suite=0 test=1953 pass=false
Sep 24 23:04:28.290 INF API: test started suite=0 test=1954 name="interop/funding-typed-free-short/trace/vmTrace (nethermind_release)"
Sep 24 23:04:28.291 INF API: test ended suite=0 test=1954 pass=false
Sep 24 23:04:28.292 INF API: test started suite=0 test=1955 name="interop/funding-typed-short/eth (nethermind_release)"
Sep 24 23:04:28.293 INF API: test ended suite=0 test=1955 pass=false
Sep 24 23:04:28.294 INF API: test started suite=0 test=1956 name="interop/funding-typed-short/trace/none (nethermind_release)"
Sep 24 23:04:28.296 INF API: test ended suite=0 test=1956 pass=false
Sep 24 23:04:28.297 INF API: test started suite=0 test=1957 name="interop/funding-typed-short/trace/stateDiff-vmTrace (nethermind_release)"
Sep 24 23:04:28.299 INF API: test ended suite=0 test=1957 pass=false
Sep 24 23:04:28.299 INF API: test started suite=0 test=1958 name="interop/funding-typed-short/trace/stateDiff (nethermind_release)"
Sep 24 23:04:28.301 INF API: test ended suite=0 test=1958 pass=false
Sep 24 23:04:28.302 INF API: test started suite=0 test=1959 name="interop/funding-typed-short/trace/trace-stateDiff-vmTrace (nethermind_release)"
Sep 24 23:04:28.303 INF API: test ended suite=0 test=1959 pass=false
Sep 24 23:04:28.304 INF API: test started suite=0 test=1960 name="interop/funding-typed-short/trace/trace-stateDiff (nethermind_release)"
Sep 24 23:04:28.305 INF API: test ended suite=0 test=1960 pass=false
Sep 24 23:04:28.306 INF API: test started suite=0 test=1961 name="interop/funding-typed-short/trace/trace-vmTrace (nethermind_release)"
Sep 24 23:04:28.307 INF API: test ended suite=0 test=1961 pass=false
Sep 24 23:04:28.308 INF API: test started suite=0 test=1962 name="interop/funding-typed-short/trace/trace (nethermind_release)"
Sep 24 23:04:28.309 INF API: test ended suite=0 test=1962 pass=false
Sep 24 23:04:28.310 INF API: test started suite=0 test=1963 name="interop/funding-typed-short/trace/vmTrace (nethermind_release)"
Sep 24 23:04:28.312 INF API: test ended suite=0 test=1963 pass=false
Sep 24 23:04:28.312 INF API: test started suite=0 test=1964 name="interop/legacy-above-base/eth (nethermind_release)"
Sep 24 23:04:28.314 INF API: test ended suite=0 test=1964 pass=false
Sep 24 23:04:28.315 INF API: test started suite=0 test=1965 name="interop/legacy-above-base/trace/none (nethermind_release)"
Sep 24 23:04:28.317 INF API: test ended suite=0 test=1965 pass=false
Sep 24 23:04:28.318 INF API: test started suite=0 test=1966 name="interop/legacy-above-base/trace/stateDiff-vmTrace (nethermind_release)"
Sep 24 23:04:28.322 INF API: test ended suite=0 test=1966 pass=false
Sep 24 23:04:28.323 INF API: test started suite=0 test=1967 name="interop/legacy-above-base/trace/stateDiff (nethermind_release)"
Sep 24 23:04:28.326 INF API: test ended suite=0 test=1967 pass=false
Sep 24 23:04:28.327 INF API: test started suite=0 test=1968 name="interop/legacy-above-base/trace/trace-stateDiff-vmTrace (nethermind_release)"
Sep 24 23:04:28.330 INF API: test ended suite=0 test=1968 pass=false
Sep 24 23:04:28.331 INF API: test started suite=0 test=1969 name="interop/legacy-above-base/trace/trace-stateDiff (nethermind_release)"
Sep 24 23:04:28.333 INF API: test ended suite=0 test=1969 pass=false
Sep 24 23:04:28.334 INF API: test started suite=0 test=1970 name="interop/legacy-above-base/trace/trace-vmTrace (nethermind_release)"
Sep 24 23:04:28.337 INF API: test ended suite=0 test=1970 pass=false
Sep 24 23:04:28.338 INF API: test started suite=0 test=1971 name="interop/legacy-above-base/trace/trace (nethermind_release)"
Sep 24 23:04:28.341 INF API: test ended suite=0 test=1971 pass=false
Sep 24 23:04:28.342 INF API: test started suite=0 test=1972 name="interop/legacy-above-base/trace/vmTrace (nethermind_release)"
Sep 24 23:04:28.344 INF API: test ended suite=0 test=1972 pass=false
Sep 24 23:04:28.345 INF API: test started suite=0 test=1973 name="interop/legacy-at-base/eth (nethermind_release)"
Sep 24 23:04:28.346 INF API: test ended suite=0 test=1973 pass=false
Sep 24 23:04:28.347 INF API: test started suite=0 test=1974 name="interop/legacy-at-base/trace/none (nethermind_release)"
Sep 24 23:04:28.349 INF API: test ended suite=0 test=1974 pass=false
Sep 24 23:04:28.350 INF API: test started suite=0 test=1975 name="interop/legacy-at-base/trace/stateDiff-vmTrace (nethermind_release)"
Sep 24 23:04:28.353 INF API: test ended suite=0 test=1975 pass=false
Sep 24 23:04:28.354 INF API: test started suite=0 test=1976 name="interop/legacy-at-base/trace/stateDiff (nethermind_release)"
Sep 24 23:04:28.356 INF API: test ended suite=0 test=1976 pass=false
Sep 24 23:04:28.357 INF API: test started suite=0 test=1977 name="interop/legacy-at-base/trace/trace-stateDiff-vmTrace (nethermind_release)"
Sep 24 23:04:28.360 INF API: test ended suite=0 test=1977 pass=false
Sep 24 23:04:28.360 INF API: test started suite=0 test=1978 name="interop/legacy-at-base/trace/trace-stateDiff (nethermind_release)"
Sep 24 23:04:28.362 INF API: test ended suite=0 test=1978 pass=false
Sep 24 23:04:28.363 INF API: test started suite=0 test=1979 name="interop/legacy-at-base/trace/trace-vmTrace (nethermind_release)"
Sep 24 23:04:28.366 INF API: test ended suite=0 test=1979 pass=false
Sep 24 23:04:28.366 INF API: test started suite=0 test=1980 name="interop/legacy-at-base/trace/trace (nethermind_release)"
Sep 24 23:04:28.368 INF API: test ended suite=0 test=1980 pass=false
Sep 24 23:04:28.369 INF API: test started suite=0 test=1981 name="interop/legacy-at-base/trace/vmTrace (nethermind_release)"
Sep 24 23:04:28.371 INF API: test ended suite=0 test=1981 pass=false
Sep 24 23:04:28.372 INF API: test started suite=0 test=1982 name="interop/legacy-below-base/eth (nethermind_release)"
Sep 24 23:04:28.373 INF API: test ended suite=0 test=1982 pass=false
Sep 24 23:04:28.374 INF API: test started suite=0 test=1983 name="interop/legacy-below-base/trace/none (nethermind_release)"
Sep 24 23:04:28.375 INF API: test ended suite=0 test=1983 pass=false
Sep 24 23:04:28.376 INF API: test started suite=0 test=1984 name="interop/legacy-below-base/trace/stateDiff-vmTrace (nethermind_release)"
Sep 24 23:04:28.377 INF API: test ended suite=0 test=1984 pass=false
Sep 24 23:04:28.378 INF API: test started suite=0 test=1985 name="interop/legacy-below-base/trace/stateDiff (nethermind_release)"
Sep 24 23:04:28.380 INF API: test ended suite=0 test=1985 pass=false
Sep 24 23:04:28.380 INF API: test started suite=0 test=1986 name="interop/legacy-below-base/trace/trace-stateDiff-vmTrace (nethermind_release)"
Sep 24 23:04:28.382 INF API: test ended suite=0 test=1986 pass=false
Sep 24 23:04:28.383 INF API: test started suite=0 test=1987 name="interop/legacy-below-base/trace/trace-stateDiff (nethermind_release)"
Sep 24 23:04:28.384 INF API: test ended suite=0 test=1987 pass=false
Sep 24 23:04:28.385 INF API: test started suite=0 test=1988 name="interop/legacy-below-base/trace/trace-vmTrace (nethermind_release)"
Sep 24 23:04:28.387 INF API: test ended suite=0 test=1988 pass=false
Sep 24 23:04:28.387 INF API: test started suite=0 test=1989 name="interop/legacy-below-base/trace/trace (nethermind_release)"
Sep 24 23:04:28.389 INF API: test ended suite=0 test=1989 pass=false
Sep 24 23:04:28.389 INF API: test started suite=0 test=1990 name="interop/legacy-below-base/trace/vmTrace (nethermind_release)"
Sep 24 23:04:28.391 INF API: test ended suite=0 test=1990 pass=false
Sep 24 23:04:28.392 INF API: test started suite=0 test=1991 name="interop/legacy-one/eth (nethermind_release)"
Sep 24 23:04:28.394 INF API: test ended suite=0 test=1991 pass=false
Sep 24 23:04:28.395 INF API: test started suite=0 test=1992 name="interop/legacy-one/trace/none (nethermind_release)"
Sep 24 23:04:28.396 INF API: test ended suite=0 test=1992 pass=false
Sep 24 23:04:28.397 INF API: test started suite=0 test=1993 name="interop/legacy-one/trace/stateDiff-vmTrace (nethermind_release)"
Sep 24 23:04:28.398 INF API: test ended suite=0 test=1993 pass=false
Sep 24 23:04:28.399 INF API: test started suite=0 test=1994 name="interop/legacy-one/trace/stateDiff (nethermind_release)"
Sep 24 23:04:28.401 INF API: test ended suite=0 test=1994 pass=false
Sep 24 23:04:28.401 INF API: test started suite=0 test=1995 name="interop/legacy-one/trace/trace-stateDiff-vmTrace (nethermind_release)"
Sep 24 23:04:28.403 INF API: test ended suite=0 test=1995 pass=false
Sep 24 23:04:28.404 INF API: test started suite=0 test=1996 name="interop/legacy-one/trace/trace-stateDiff (nethermind_release)"
Sep 24 23:04:28.405 INF API: test ended suite=0 test=1996 pass=false
Sep 24 23:04:28.406 INF API: test started suite=0 test=1997 name="interop/legacy-one/trace/trace-vmTrace (nethermind_release)"
Sep 24 23:04:28.407 INF API: test ended suite=0 test=1997 pass=false
Sep 24 23:04:28.408 INF API: test started suite=0 test=1998 name="interop/legacy-one/trace/trace (nethermind_release)"
Sep 24 23:04:28.409 INF API: test ended suite=0 test=1998 pass=false
Sep 24 23:04:28.410 INF API: test started suite=0 test=1999 name="interop/legacy-one/trace/vmTrace (nethermind_release)"
Sep 24 23:04:28.412 INF API: test ended suite=0 test=1999 pass=false
Sep 24 23:04:28.412 INF API: test started suite=0 test=2000 name="interop/legacy-zero/eth (nethermind_release)"
Sep 24 23:04:28.414 INF API: test ended suite=0 test=2000 pass=false
Sep 24 23:04:28.415 INF API: test started suite=0 test=2001 name="interop/legacy-zero/trace/none (nethermind_release)"
Sep 24 23:04:28.416 INF API: test ended suite=0 test=2001 pass=false
Sep 24 23:04:28.417 INF API: test started suite=0 test=2002 name="interop/legacy-zero/trace/stateDiff-vmTrace (nethermind_release)"
Sep 24 23:04:28.420 INF API: test ended suite=0 test=2002 pass=false
Sep 24 23:04:28.420 INF API: test started suite=0 test=2003 name="interop/legacy-zero/trace/stateDiff (nethermind_release)"
Sep 24 23:04:28.422 INF API: test ended suite=0 test=2003 pass=false
Sep 24 23:04:28.423 INF API: test started suite=0 test=2004 name="interop/legacy-zero/trace/trace-stateDiff-vmTrace (nethermind_release)"
Sep 24 23:04:28.426 INF API: test ended suite=0 test=2004 pass=false
Sep 24 23:04:28.427 INF API: test started suite=0 test=2005 name="interop/legacy-zero/trace/trace-stateDiff (nethermind_release)"
Sep 24 23:04:28.429 INF API: test ended suite=0 test=2005 pass=false
Sep 24 23:04:28.429 INF API: test started suite=0 test=2006 name="interop/legacy-zero/trace/trace-vmTrace (nethermind_release)"
Sep 24 23:04:28.432 INF API: test ended suite=0 test=2006 pass=false
Sep 24 23:04:28.433 INF API: test started suite=0 test=2007 name="interop/legacy-zero/trace/trace (nethermind_release)"
Sep 24 23:04:28.435 INF API: test ended suite=0 test=2007 pass=false
Sep 24 23:04:28.436 INF API: test started suite=0 test=2008 name="interop/legacy-zero/trace/vmTrace (nethermind_release)"
Sep 24 23:04:28.439 INF API: test ended suite=0 test=2008 pass=false
Sep 24 23:04:28.439 INF API: test started suite=0 test=2009 name="interop/typed-at-base/eth (nethermind_release)"
Sep 24 23:04:28.441 INF API: test ended suite=0 test=2009 pass=false
Sep 24 23:04:28.442 INF API: test started suite=0 test=2010 name="interop/typed-at-base/trace/none (nethermind_release)"
Sep 24 23:04:28.443 INF API: test ended suite=0 test=2010 pass=false
Sep 24 23:04:28.444 INF API: test started suite=0 test=2011 name="interop/typed-at-base/trace/stateDiff-vmTrace (nethermind_release)"
Sep 24 23:04:28.448 INF API: test ended suite=0 test=2011 pass=false
Sep 24 23:04:28.448 INF API: test started suite=0 test=2012 name="interop/typed-at-base/trace/stateDiff (nethermind_release)"
Sep 24 23:04:28.451 INF API: test ended suite=0 test=2012 pass=false
Sep 24 23:04:28.451 INF API: test started suite=0 test=2013 name="interop/typed-at-base/trace/trace-stateDiff-vmTrace (nethermind_release)"
Sep 24 23:04:28.454 INF API: test ended suite=0 test=2013 pass=false
Sep 24 23:04:28.455 INF API: test started suite=0 test=2014 name="interop/typed-at-base/trace/trace-stateDiff (nethermind_release)"
Sep 24 23:04:28.458 INF API: test ended suite=0 test=2014 pass=false
Sep 24 23:04:28.459 INF API: test started suite=0 test=2015 name="interop/typed-at-base/trace/trace-vmTrace (nethermind_release)"
Sep 24 23:04:28.461 INF API: test ended suite=0 test=2015 pass=false
Sep 24 23:04:28.462 INF API: test started suite=0 test=2016 name="interop/typed-at-base/trace/trace (nethermind_release)"
Sep 24 23:04:28.464 INF API: test ended suite=0 test=2016 pass=false
Sep 24 23:04:28.465 INF API: test started suite=0 test=2017 name="interop/typed-at-base/trace/vmTrace (nethermind_release)"
Sep 24 23:04:28.469 INF API: test ended suite=0 test=2017 pass=false
Sep 24 23:04:28.470 INF API: test started suite=0 test=2018 name="interop/typed-below-base/eth (nethermind_release)"
Sep 24 23:04:28.471 INF API: test ended suite=0 test=2018 pass=false
Sep 24 23:04:28.472 INF API: test started suite=0 test=2019 name="interop/typed-below-base/trace/none (nethermind_release)"
Sep 24 23:04:28.474 INF API: test ended suite=0 test=2019 pass=false
Sep 24 23:04:28.474 INF API: test started suite=0 test=2020 name="interop/typed-below-base/trace/stateDiff-vmTrace (nethermind_release)"
Sep 24 23:04:28.476 INF API: test ended suite=0 test=2020 pass=false
Sep 24 23:04:28.477 INF API: test started suite=0 test=2021 name="interop/typed-below-base/trace/stateDiff (nethermind_release)"
Sep 24 23:04:28.478 INF API: test ended suite=0 test=2021 pass=false
Sep 24 23:04:28.479 INF API: test started suite=0 test=2022 name="interop/typed-below-base/trace/trace-stateDiff-vmTrace (nethermind_release)"
Sep 24 23:04:28.481 INF API: test ended suite=0 test=2022 pass=false
Sep 24 23:04:28.481 INF API: test started suite=0 test=2023 name="interop/typed-below-base/trace/trace-stateDiff (nethermind_release)"
Sep 24 23:04:28.483 INF API: test ended suite=0 test=2023 pass=false
Sep 24 23:04:28.483 INF API: test started suite=0 test=2024 name="interop/typed-below-base/trace/trace-vmTrace (nethermind_release)"
Sep 24 23:04:28.485 INF API: test ended suite=0 test=2024 pass=false
Sep 24 23:04:28.486 INF API: test started suite=0 test=2025 name="interop/typed-below-base/trace/trace (nethermind_release)"
Sep 24 23:04:28.487 INF API: test ended suite=0 test=2025 pass=false
Sep 24 23:04:28.488 INF API: test started suite=0 test=2026 name="interop/typed-below-base/trace/vmTrace (nethermind_release)"
Sep 24 23:04:28.489 INF API: test ended suite=0 test=2026 pass=false
Sep 24 23:04:28.490 INF API: test started suite=0 test=2027 name="interop/typed-below-base-positive-tip/eth (nethermind_release)"
Sep 24 23:04:28.491 INF API: test ended suite=0 test=2027 pass=false
Sep 24 23:04:28.492 INF API: test started suite=0 test=2028 name="interop/typed-below-base-positive-tip/trace/none (nethermind_release)"
Sep 24 23:04:28.493 INF API: test ended suite=0 test=2028 pass=false
Sep 24 23:04:28.494 INF API: test started suite=0 test=2029 name="interop/typed-below-base-positive-tip/trace/stateDiff-vmTrace (nethermind_release)"
Sep 24 23:04:28.495 INF API: test ended suite=0 test=2029 pass=false
Sep 24 23:04:28.496 INF API: test started suite=0 test=2030 name="interop/typed-below-base-positive-tip/trace/stateDiff (nethermind_release)"
Sep 24 23:04:28.498 INF API: test ended suite=0 test=2030 pass=false
Sep 24 23:04:28.498 INF API: test started suite=0 test=2031 name="interop/typed-below-base-positive-tip/trace/trace-stateDiff-vmTrace (nethermind_release)"
Sep 24 23:04:28.500 INF API: test ended suite=0 test=2031 pass=false
Sep 24 23:04:28.500 INF API: test started suite=0 test=2032 name="interop/typed-below-base-positive-tip/trace/trace-stateDiff (nethermind_release)"
Sep 24 23:04:28.502 INF API: test ended suite=0 test=2032 pass=false
Sep 24 23:04:28.502 INF API: test started suite=0 test=2033 name="interop/typed-below-base-positive-tip/trace/trace-vmTrace (nethermind_release)"
Sep 24 23:04:28.504 INF API: test ended suite=0 test=2033 pass=false
Sep 24 23:04:28.505 INF API: test started suite=0 test=2034 name="interop/typed-below-base-positive-tip/trace/trace (nethermind_release)"
Sep 24 23:04:28.506 INF API: test ended suite=0 test=2034 pass=false
Sep 24 23:04:28.507 INF API: test started suite=0 test=2035 name="interop/typed-below-base-positive-tip/trace/vmTrace (nethermind_release)"
Sep 24 23:04:28.508 INF API: test ended suite=0 test=2035 pass=false
Sep 24 23:04:28.509 INF API: test started suite=0 test=2036 name="interop/typed-cap-limited/eth (nethermind_release)"
Sep 24 23:04:28.510 INF API: test ended suite=0 test=2036 pass=false
Sep 24 23:04:28.510 INF API: test started suite=0 test=2037 name="interop/typed-cap-limited/trace/none (nethermind_release)"
Sep 24 23:04:28.512 INF API: test ended suite=0 test=2037 pass=false
Sep 24 23:04:28.512 INF API: test started suite=0 test=2038 name="interop/typed-cap-limited/trace/stateDiff-vmTrace (nethermind_release)"
Sep 24 23:04:28.516 INF API: test ended suite=0 test=2038 pass=false
Sep 24 23:04:28.517 INF API: test started suite=0 test=2039 name="interop/typed-cap-limited/trace/stateDiff (nethermind_release)"
Sep 24 23:04:28.519 INF API: test ended suite=0 test=2039 pass=false
Sep 24 23:04:28.520 INF API: test started suite=0 test=2040 name="interop/typed-cap-limited/trace/trace-stateDiff-vmTrace (nethermind_release)"
Sep 24 23:04:28.523 INF API: test ended suite=0 test=2040 pass=false
Sep 24 23:04:28.523 INF API: test started suite=0 test=2041 name="interop/typed-cap-limited/trace/trace-stateDiff (nethermind_release)"
Sep 24 23:04:28.526 INF API: test ended suite=0 test=2041 pass=false
Sep 24 23:04:28.527 INF API: test started suite=0 test=2042 name="interop/typed-cap-limited/trace/trace-vmTrace (nethermind_release)"
Sep 24 23:04:28.529 INF API: test ended suite=0 test=2042 pass=false
Sep 24 23:04:28.530 INF API: test started suite=0 test=2043 name="interop/typed-cap-limited/trace/trace (nethermind_release)"
Sep 24 23:04:28.532 INF API: test ended suite=0 test=2043 pass=false
Sep 24 23:04:28.533 INF API: test started suite=0 test=2044 name="interop/typed-cap-limited/trace/vmTrace (nethermind_release)"
Sep 24 23:04:28.536 INF API: test ended suite=0 test=2044 pass=false
Sep 24 23:04:28.536 INF API: test started suite=0 test=2045 name="interop/typed-one/eth (nethermind_release)"
Sep 24 23:04:28.538 INF API: test ended suite=0 test=2045 pass=false
Sep 24 23:04:28.539 INF API: test started suite=0 test=2046 name="interop/typed-one/trace/none (nethermind_release)"
Sep 24 23:04:28.540 INF API: test ended suite=0 test=2046 pass=false
Sep 24 23:04:28.541 INF API: test started suite=0 test=2047 name="interop/typed-one/trace/stateDiff-vmTrace (nethermind_release)"
Sep 24 23:04:28.543 INF API: test ended suite=0 test=2047 pass=false
Sep 24 23:04:28.544 INF API: test started suite=0 test=2048 name="interop/typed-one/trace/stateDiff (nethermind_release)"
Sep 24 23:04:28.545 INF API: test ended suite=0 test=2048 pass=false
Sep 24 23:04:28.546 INF API: test started suite=0 test=2049 name="interop/typed-one/trace/trace-stateDiff-vmTrace (nethermind_release)"
Sep 24 23:04:28.548 INF API: test ended suite=0 test=2049 pass=false
Sep 24 23:04:28.549 INF API: test started suite=0 test=2050 name="interop/typed-one/trace/trace-stateDiff (nethermind_release)"
Sep 24 23:04:28.550 INF API: test ended suite=0 test=2050 pass=false
Sep 24 23:04:28.551 INF API: test started suite=0 test=2051 name="interop/typed-one/trace/trace-vmTrace (nethermind_release)"
Sep 24 23:04:28.553 INF API: test ended suite=0 test=2051 pass=false
Sep 24 23:04:28.554 INF API: test started suite=0 test=2052 name="interop/typed-one/trace/trace (nethermind_release)"
Sep 24 23:04:28.555 INF API: test ended suite=0 test=2052 pass=false
Sep 24 23:04:28.556 INF API: test started suite=0 test=2053 name="interop/typed-one/trace/vmTrace (nethermind_release)"
Sep 24 23:04:28.558 INF API: test ended suite=0 test=2053 pass=false
Sep 24 23:04:28.558 INF API: test started suite=0 test=2054 name="interop/typed-tip-equals-cap/eth (nethermind_release)"
Sep 24 23:04:28.560 INF API: test ended suite=0 test=2054 pass=false
Sep 24 23:04:28.563 INF API: test started suite=0 test=2055 name="interop/typed-tip-equals-cap/trace/none (nethermind_release)"
Sep 24 23:04:28.565 INF API: test ended suite=0 test=2055 pass=false
Sep 24 23:04:28.566 INF API: test started suite=0 test=2056 name="interop/typed-tip-equals-cap/trace/stateDiff-vmTrace (nethermind_release)"
Sep 24 23:04:28.571 INF API: test ended suite=0 test=2056 pass=false
Sep 24 23:04:28.574 INF API: test started suite=0 test=2057 name="interop/typed-tip-equals-cap/trace/stateDiff (nethermind_release)"
Sep 24 23:04:28.579 INF API: test ended suite=0 test=2057 pass=false
Sep 24 23:04:28.582 INF API: test started suite=0 test=2058 name="interop/typed-tip-equals-cap/trace/trace-stateDiff-vmTrace (nethermind_release)"
Sep 24 23:04:28.592 INF API: test ended suite=0 test=2058 pass=false
Sep 24 23:04:28.594 INF API: test started suite=0 test=2059 name="interop/typed-tip-equals-cap/trace/trace-stateDiff (nethermind_release)"
Sep 24 23:04:28.601 INF API: test ended suite=0 test=2059 pass=false
Sep 24 23:04:28.604 INF API: test started suite=0 test=2060 name="interop/typed-tip-equals-cap/trace/trace-vmTrace (nethermind_release)"
Sep 24 23:04:28.614 INF API: test ended suite=0 test=2060 pass=false
Sep 24 23:04:28.616 INF API: test started suite=0 test=2061 name="interop/typed-tip-equals-cap/trace/trace (nethermind_release)"
Sep 24 23:04:28.621 INF API: test ended suite=0 test=2061 pass=false
Sep 24 23:04:28.623 INF API: test started suite=0 test=2062 name="interop/typed-tip-equals-cap/trace/vmTrace (nethermind_release)"
Sep 24 23:04:28.658 INF API: test ended suite=0 test=2062 pass=false
Sep 24 23:04:28.664 INF API: test started suite=0 test=2063 name="interop/typed-tip-limited/eth (nethermind_release)"
Sep 24 23:04:28.672 INF API: test ended suite=0 test=2063 pass=false
Sep 24 23:04:28.674 INF API: test started suite=0 test=2064 name="interop/typed-tip-limited/trace/none (nethermind_release)"
Sep 24 23:04:28.678 INF API: test ended suite=0 test=2064 pass=false
Sep 24 23:04:28.682 INF API: test started suite=0 test=2065 name="interop/typed-tip-limited/trace/stateDiff-vmTrace (nethermind_release)"
Sep 24 23:04:28.694 INF API: test ended suite=0 test=2065 pass=false
Sep 24 23:04:28.699 INF API: test started suite=0 test=2066 name="interop/typed-tip-limited/trace/stateDiff (nethermind_release)"
Sep 24 23:04:28.708 INF API: test ended suite=0 test=2066 pass=false
Sep 24 23:04:28.711 INF API: test started suite=0 test=2067 name="interop/typed-tip-limited/trace/trace-stateDiff-vmTrace (nethermind_release)"
Sep 24 23:04:28.722 INF API: test ended suite=0 test=2067 pass=false
Sep 24 23:04:28.728 INF API: test started suite=0 test=2068 name="interop/typed-tip-limited/trace/trace-stateDiff (nethermind_release)"
Sep 24 23:04:28.735 INF API: test ended suite=0 test=2068 pass=false
Sep 24 23:04:28.737 INF API: test started suite=0 test=2069 name="interop/typed-tip-limited/trace/trace-vmTrace (nethermind_release)"
Sep 24 23:04:28.747 INF API: test ended suite=0 test=2069 pass=false
Sep 24 23:04:28.749 INF API: test started suite=0 test=2070 name="interop/typed-tip-limited/trace/trace (nethermind_release)"
Sep 24 23:04:28.757 INF API: test ended suite=0 test=2070 pass=false
Sep 24 23:04:28.761 INF API: test started suite=0 test=2071 name="interop/typed-tip-limited/trace/vmTrace (nethermind_release)"
Sep 24 23:04:28.770 INF API: test ended suite=0 test=2071 pass=false
Sep 24 23:04:28.773 INF API: test started suite=0 test=2072 name="interop/typed-tip-over-cap/eth (nethermind_release)"
Sep 24 23:04:28.779 INF API: test ended suite=0 test=2072 pass=false
Sep 24 23:04:28.781 INF API: test started suite=0 test=2073 name="interop/typed-tip-over-cap/trace/none (nethermind_release)"
Sep 24 23:04:28.786 INF API: test ended suite=0 test=2073 pass=false
Sep 24 23:04:28.789 INF API: test started suite=0 test=2074 name="interop/typed-tip-over-cap/trace/stateDiff-vmTrace (nethermind_release)"
Sep 24 23:04:28.793 INF API: test ended suite=0 test=2074 pass=false
Sep 24 23:04:28.795 INF API: test started suite=0 test=2075 name="interop/typed-tip-over-cap/trace/stateDiff (nethermind_release)"
Sep 24 23:04:28.798 INF API: test ended suite=0 test=2075 pass=false
Sep 24 23:04:28.800 INF API: test started suite=0 test=2076 name="interop/typed-tip-over-cap/trace/trace-stateDiff-vmTrace (nethermind_release)"
Sep 24 23:04:28.804 INF API: test ended suite=0 test=2076 pass=false
Sep 24 23:04:28.805 INF API: test started suite=0 test=2077 name="interop/typed-tip-over-cap/trace/trace-stateDiff (nethermind_release)"
Sep 24 23:04:28.808 INF API: test ended suite=0 test=2077 pass=false
Sep 24 23:04:28.811 INF API: test started suite=0 test=2078 name="interop/typed-tip-over-cap/trace/trace-vmTrace (nethermind_release)"
Sep 24 23:04:28.813 INF API: test ended suite=0 test=2078 pass=false
Sep 24 23:04:28.817 INF API: test started suite=0 test=2079 name="interop/typed-tip-over-cap/trace/trace (nethermind_release)"
Sep 24 23:04:28.821 INF API: test ended suite=0 test=2079 pass=false
Sep 24 23:04:28.824 INF API: test started suite=0 test=2080 name="interop/typed-tip-over-cap/trace/vmTrace (nethermind_release)"
Sep 24 23:04:28.827 INF API: test ended suite=0 test=2080 pass=false
Sep 24 23:04:28.829 INF API: test started suite=0 test=2081 name="interop/typed-zero/eth (nethermind_release)"
Sep 24 23:04:28.834 INF API: test ended suite=0 test=2081 pass=false
Sep 24 23:04:28.835 INF API: test started suite=0 test=2082 name="interop/typed-zero/trace/none (nethermind_release)"
Sep 24 23:04:28.840 INF API: test ended suite=0 test=2082 pass=false
Sep 24 23:04:28.843 INF API: test started suite=0 test=2083 name="interop/typed-zero/trace/stateDiff-vmTrace (nethermind_release)"
Sep 24 23:04:28.860 INF API: test ended suite=0 test=2083 pass=false
Sep 24 23:04:28.863 INF API: test started suite=0 test=2084 name="interop/typed-zero/trace/stateDiff (nethermind_release)"
Sep 24 23:04:28.870 INF API: test ended suite=0 test=2084 pass=false
Sep 24 23:04:28.873 INF API: test started suite=0 test=2085 name="interop/typed-zero/trace/trace-stateDiff-vmTrace (nethermind_release)"
Sep 24 23:04:28.881 INF API: test ended suite=0 test=2085 pass=false
Sep 24 23:04:28.883 INF API: test started suite=0 test=2086 name="interop/typed-zero/trace/trace-stateDiff (nethermind_release)"
Sep 24 23:04:28.888 INF API: test ended suite=0 test=2086 pass=false
Sep 24 23:04:28.890 INF API: test started suite=0 test=2087 name="interop/typed-zero/trace/trace-vmTrace (nethermind_release)"
Sep 24 23:04:28.897 INF API: test ended suite=0 test=2087 pass=false
Sep 24 23:04:28.901 INF API: test started suite=0 test=2088 name="interop/typed-zero/trace/trace (nethermind_release)"
Sep 24 23:04:28.910 INF API: test ended suite=0 test=2088 pass=false
Sep 24 23:04:28.916 INF API: test started suite=0 test=2089 name="interop/typed-zero/trace/vmTrace (nethermind_release)"
Sep 24 23:04:28.925 INF API: test ended suite=0 test=2089 pass=false
Sep 24 23:04:28.928 INF API: test started suite=0 test=2090 name="interop/typed-zero-cap-positive-tip/eth (nethermind_release)"
Sep 24 23:04:28.932 INF API: test ended suite=0 test=2090 pass=false
Sep 24 23:04:28.935 INF API: test started suite=0 test=2091 name="interop/typed-zero-cap-positive-tip/trace/none (nethermind_release)"
Sep 24 23:04:28.942 INF API: test ended suite=0 test=2091 pass=false
Sep 24 23:04:28.944 INF API: test started suite=0 test=2092 name="interop/typed-zero-cap-positive-tip/trace/stateDiff-vmTrace (nethermind_release)"
Sep 24 23:04:28.951 INF API: test ended suite=0 test=2092 pass=false
Sep 24 23:04:28.954 INF API: test started suite=0 test=2093 name="interop/typed-zero-cap-positive-tip/trace/stateDiff (nethermind_release)"
Sep 24 23:04:28.957 INF API: test ended suite=0 test=2093 pass=false
Sep 24 23:04:28.960 INF API: test started suite=0 test=2094 name="interop/typed-zero-cap-positive-tip/trace/trace-stateDiff-vmTrace (nethermind_release)"
Sep 24 23:04:28.963 INF API: test ended suite=0 test=2094 pass=false
Sep 24 23:04:28.965 INF API: test started suite=0 test=2095 name="interop/typed-zero-cap-positive-tip/trace/trace-stateDiff (nethermind_release)"
Sep 24 23:04:28.968 INF API: test ended suite=0 test=2095 pass=false
Sep 24 23:04:28.969 INF API: test started suite=0 test=2096 name="interop/typed-zero-cap-positive-tip/trace/trace-vmTrace (nethermind_release)"
Sep 24 23:04:28.972 INF API: test ended suite=0 test=2096 pass=false
Sep 24 23:04:28.974 INF API: test started suite=0 test=2097 name="interop/typed-zero-cap-positive-tip/trace/trace (nethermind_release)"
Sep 24 23:04:28.977 INF API: test ended suite=0 test=2097 pass=false
Sep 24 23:04:28.978 INF API: test started suite=0 test=2098 name="interop/typed-zero-cap-positive-tip/trace/vmTrace (nethermind_release)"
Sep 24 23:04:28.980 INF API: test ended suite=0 test=2098 pass=false
Sep 24 23:04:28.981 INF API: test started suite=0 test=2099 name="interop/typed-zero-tip/eth (nethermind_release)"
Sep 24 23:04:28.984 INF API: test ended suite=0 test=2099 pass=false
Sep 24 23:04:28.985 INF API: test started suite=0 test=2100 name="interop/typed-zero-tip/trace/none (nethermind_release)"
Sep 24 23:04:28.989 INF API: test ended suite=0 test=2100 pass=false
Sep 24 23:04:28.990 INF API: test started suite=0 test=2101 name="interop/typed-zero-tip/trace/stateDiff-vmTrace (nethermind_release)"
Sep 24 23:04:28.998 INF API: test ended suite=0 test=2101 pass=false
Sep 24 23:04:29.000 INF API: test started suite=0 test=2102 name="interop/typed-zero-tip/trace/stateDiff (nethermind_release)"
Sep 24 23:04:29.005 INF API: test ended suite=0 test=2102 pass=false
Sep 24 23:04:29.006 INF API: test started suite=0 test=2103 name="interop/typed-zero-tip/trace/trace-stateDiff-vmTrace (nethermind_release)"
Sep 24 23:04:29.015 INF API: test ended suite=0 test=2103 pass=false
Sep 24 23:04:29.016 INF API: test started suite=0 test=2104 name="interop/typed-zero-tip/trace/trace-stateDiff (nethermind_release)"
Sep 24 23:04:29.021 INF API: test ended suite=0 test=2104 pass=false
Sep 24 23:04:29.022 INF API: test started suite=0 test=2105 name="interop/typed-zero-tip/trace/trace-vmTrace (nethermind_release)"
Sep 24 23:04:29.028 INF API: test ended suite=0 test=2105 pass=false
Sep 24 23:04:29.030 INF API: test started suite=0 test=2106 name="interop/typed-zero-tip/trace/trace (nethermind_release)"
Sep 24 23:04:29.039 INF API: test ended suite=0 test=2106 pass=false
Sep 24 23:04:29.040 INF API: test started suite=0 test=2107 name="interop/typed-zero-tip/trace/vmTrace (nethermind_release)"
Sep 24 23:04:29.046 INF API: test ended suite=0 test=2107 pass=false
Sep 24 23:04:30.322 INF API: test ended suite=0 test=1807 pass=true
Sep 24 23:04:30.324 INF API: test started suite=0 test=2108 name="client launch (reth_development)"
Sep 24 23:04:33.153 INF API: client reth_development started suite=0 test=2108 container=c08ba22e
Sep 24 23:04:33.171 INF API: test started suite=0 test=2109 name="interop/_control/empty-balance (reth_development)"
Sep 24 23:04:33.186 INF API: test ended suite=0 test=2109 pass=false
Sep 24 23:04:33.188 INF API: test started suite=0 test=2110 name="interop/_control/empty-code (reth_development)"
Sep 24 23:04:33.189 INF API: test ended suite=0 test=2110 pass=false
Sep 24 23:04:33.190 INF API: test started suite=0 test=2111 name="interop/_control/empty-nonce (reth_development)"
Sep 24 23:04:33.191 INF API: test ended suite=0 test=2111 pass=false
Sep 24 23:04:33.192 INF API: test started suite=0 test=2112 name="interop/_control/head (reth_development)"
Sep 24 23:04:33.193 INF API: test ended suite=0 test=2112 pass=false
Sep 24 23:04:33.194 INF API: test started suite=0 test=2113 name="interop/_control/latest (reth_development)"
Sep 24 23:04:33.196 INF API: test ended suite=0 test=2113 pass=false
Sep 24 23:04:33.196 INF API: test started suite=0 test=2114 name="interop/_control/miner-balance (reth_development)"
Sep 24 23:04:33.197 INF API: test ended suite=0 test=2114 pass=false
Sep 24 23:04:33.198 INF API: test started suite=0 test=2115 name="interop/_control/miner-code (reth_development)"
Sep 24 23:04:33.199 INF API: test ended suite=0 test=2115 pass=false
Sep 24 23:04:33.199 INF API: test started suite=0 test=2116 name="interop/_control/miner-nonce (reth_development)"
Sep 24 23:04:33.201 INF API: test ended suite=0 test=2116 pass=false
Sep 24 23:04:33.201 INF API: test started suite=0 test=2117 name="interop/_control/sender-balance (reth_development)"
Sep 24 23:04:33.202 INF API: test ended suite=0 test=2117 pass=false
Sep 24 23:04:33.203 INF API: test started suite=0 test=2118 name="interop/_control/sender-code (reth_development)"
Sep 24 23:04:33.204 INF API: test ended suite=0 test=2118 pass=false
Sep 24 23:04:33.205 INF API: test started suite=0 test=2119 name="interop/_control/sender-nonce (reth_development)"
Sep 24 23:04:33.206 INF API: test ended suite=0 test=2119 pass=false
Sep 24 23:04:33.207 INF API: test started suite=0 test=2120 name="interop/_control/version (reth_development)"
Sep 24 23:04:33.208 INF API: test ended suite=0 test=2120 pass=false
Sep 24 23:04:33.209 INF API: test started suite=0 test=2121 name="interop/defaults-cap-only-positive/eth (reth_development)"
Sep 24 23:04:33.212 INF API: test ended suite=0 test=2121 pass=false
Sep 24 23:04:33.212 INF API: test started suite=0 test=2122 name="interop/defaults-cap-only-positive/trace/none (reth_development)"
Sep 24 23:04:33.214 INF API: test ended suite=0 test=2122 pass=false
Sep 24 23:04:33.215 INF API: test started suite=0 test=2123 name="interop/defaults-cap-only-positive/trace/stateDiff-vmTrace (reth_development)"
Sep 24 23:04:33.217 INF API: test ended suite=0 test=2123 pass=false
Sep 24 23:04:33.218 INF API: test started suite=0 test=2124 name="interop/defaults-cap-only-positive/trace/stateDiff (reth_development)"
Sep 24 23:04:33.220 INF API: test ended suite=0 test=2124 pass=false
Sep 24 23:04:33.220 INF API: test started suite=0 test=2125 name="interop/defaults-cap-only-positive/trace/trace-stateDiff-vmTrace (reth_development)"
Sep 24 23:04:33.223 INF API: test ended suite=0 test=2125 pass=false
Sep 24 23:04:33.224 INF API: test started suite=0 test=2126 name="interop/defaults-cap-only-positive/trace/trace-stateDiff (reth_development)"
Sep 24 23:04:33.225 INF API: test ended suite=0 test=2126 pass=false
Sep 24 23:04:33.226 INF API: test started suite=0 test=2127 name="interop/defaults-cap-only-positive/trace/trace-vmTrace (reth_development)"
Sep 24 23:04:33.228 INF API: test ended suite=0 test=2127 pass=false
Sep 24 23:04:33.229 INF API: test started suite=0 test=2128 name="interop/defaults-cap-only-positive/trace/trace (reth_development)"
Sep 24 23:04:33.231 INF API: test ended suite=0 test=2128 pass=false
Sep 24 23:04:33.232 INF API: test started suite=0 test=2129 name="interop/defaults-cap-only-positive/trace/vmTrace (reth_development)"
Sep 24 23:04:33.234 INF API: test ended suite=0 test=2129 pass=false
Sep 24 23:04:33.235 INF API: test started suite=0 test=2130 name="interop/defaults-cap-only-zero/eth (reth_development)"
Sep 24 23:04:33.236 INF API: test ended suite=0 test=2130 pass=false
Sep 24 23:04:33.236 INF API: test started suite=0 test=2131 name="interop/defaults-cap-only-zero/trace/none (reth_development)"
Sep 24 23:04:33.238 INF API: test ended suite=0 test=2131 pass=false
Sep 24 23:04:33.238 INF API: test started suite=0 test=2132 name="interop/defaults-cap-only-zero/trace/stateDiff-vmTrace (reth_development)"
Sep 24 23:04:33.241 INF API: test ended suite=0 test=2132 pass=false
Sep 24 23:04:33.242 INF API: test started suite=0 test=2133 name="interop/defaults-cap-only-zero/trace/stateDiff (reth_development)"
Sep 24 23:04:33.244 INF API: test ended suite=0 test=2133 pass=false
Sep 24 23:04:33.244 INF API: test started suite=0 test=2134 name="interop/defaults-cap-only-zero/trace/trace-stateDiff-vmTrace (reth_development)"
Sep 24 23:04:33.247 INF API: test ended suite=0 test=2134 pass=false
Sep 24 23:04:33.248 INF API: test started suite=0 test=2135 name="interop/defaults-cap-only-zero/trace/trace-stateDiff (reth_development)"
Sep 24 23:04:33.250 INF API: test ended suite=0 test=2135 pass=false
Sep 24 23:04:33.250 INF API: test started suite=0 test=2136 name="interop/defaults-cap-only-zero/trace/trace-vmTrace (reth_development)"
Sep 24 23:04:33.253 INF API: test ended suite=0 test=2136 pass=false
Sep 24 23:04:33.254 INF API: test started suite=0 test=2137 name="interop/defaults-cap-only-zero/trace/trace (reth_development)"
Sep 24 23:04:33.255 INF API: test ended suite=0 test=2137 pass=false
Sep 24 23:04:33.256 INF API: test started suite=0 test=2138 name="interop/defaults-cap-only-zero/trace/vmTrace (reth_development)"
Sep 24 23:04:33.258 INF API: test ended suite=0 test=2138 pass=false
Sep 24 23:04:33.259 INF API: test started suite=0 test=2139 name="interop/defaults-omitted/eth (reth_development)"
Sep 24 23:04:33.261 INF API: test ended suite=0 test=2139 pass=false
Sep 24 23:04:33.261 INF API: test started suite=0 test=2140 name="interop/defaults-omitted/trace/none (reth_development)"
Sep 24 23:04:33.263 INF API: test ended suite=0 test=2140 pass=false
Sep 24 23:04:33.263 INF API: test started suite=0 test=2141 name="interop/defaults-omitted/trace/stateDiff-vmTrace (reth_development)"
Sep 24 23:04:33.266 INF API: test ended suite=0 test=2141 pass=false
Sep 24 23:04:33.267 INF API: test started suite=0 test=2142 name="interop/defaults-omitted/trace/stateDiff (reth_development)"
Sep 24 23:04:33.268 INF API: test ended suite=0 test=2142 pass=false
Sep 24 23:04:33.268 INF API: test started suite=0 test=2143 name="interop/defaults-omitted/trace/trace-stateDiff-vmTrace (reth_development)"
Sep 24 23:04:33.271 INF API: test ended suite=0 test=2143 pass=false
Sep 24 23:04:33.272 INF API: test started suite=0 test=2144 name="interop/defaults-omitted/trace/trace-stateDiff (reth_development)"
Sep 24 23:04:33.274 INF API: test ended suite=0 test=2144 pass=false
Sep 24 23:04:33.274 INF API: test started suite=0 test=2145 name="interop/defaults-omitted/trace/trace-vmTrace (reth_development)"
Sep 24 23:04:33.277 INF API: test ended suite=0 test=2145 pass=false
Sep 24 23:04:33.278 INF API: test started suite=0 test=2146 name="interop/defaults-omitted/trace/trace (reth_development)"
Sep 24 23:04:33.279 INF API: test ended suite=0 test=2146 pass=false
Sep 24 23:04:33.280 INF API: test started suite=0 test=2147 name="interop/defaults-omitted/trace/vmTrace (reth_development)"
Sep 24 23:04:33.282 INF API: test ended suite=0 test=2147 pass=false
Sep 24 23:04:33.283 INF API: test started suite=0 test=2148 name="interop/defaults-tip-only-positive/eth (reth_development)"
Sep 24 23:04:33.284 INF API: test ended suite=0 test=2148 pass=false
Sep 24 23:04:33.285 INF API: test started suite=0 test=2149 name="interop/defaults-tip-only-positive/trace/none (reth_development)"
Sep 24 23:04:33.286 INF API: test ended suite=0 test=2149 pass=false
Sep 24 23:04:33.287 INF API: test started suite=0 test=2150 name="interop/defaults-tip-only-positive/trace/stateDiff-vmTrace (reth_development)"
Sep 24 23:04:33.289 INF API: test ended suite=0 test=2150 pass=false
Sep 24 23:04:33.290 INF API: test started suite=0 test=2151 name="interop/defaults-tip-only-positive/trace/stateDiff (reth_development)"
Sep 24 23:04:33.292 INF API: test ended suite=0 test=2151 pass=false
Sep 24 23:04:33.292 INF API: test started suite=0 test=2152 name="interop/defaults-tip-only-positive/trace/trace-stateDiff-vmTrace (reth_development)"
Sep 24 23:04:33.295 INF API: test ended suite=0 test=2152 pass=false
Sep 24 23:04:33.296 INF API: test started suite=0 test=2153 name="interop/defaults-tip-only-positive/trace/trace-stateDiff (reth_development)"
Sep 24 23:04:33.297 INF API: test ended suite=0 test=2153 pass=false
Sep 24 23:04:33.298 INF API: test started suite=0 test=2154 name="interop/defaults-tip-only-positive/trace/trace-vmTrace (reth_development)"
Sep 24 23:04:33.300 INF API: test ended suite=0 test=2154 pass=false
Sep 24 23:04:33.301 INF API: test started suite=0 test=2155 name="interop/defaults-tip-only-positive/trace/trace (reth_development)"
Sep 24 23:04:33.302 INF API: test ended suite=0 test=2155 pass=false
Sep 24 23:04:33.303 INF API: test started suite=0 test=2156 name="interop/defaults-tip-only-positive/trace/vmTrace (reth_development)"
Sep 24 23:04:33.306 INF API: test ended suite=0 test=2156 pass=false
Sep 24 23:04:33.306 INF API: test started suite=0 test=2157 name="interop/defaults-tip-only-zero/eth (reth_development)"
Sep 24 23:04:33.308 INF API: test ended suite=0 test=2157 pass=false
Sep 24 23:04:33.308 INF API: test started suite=0 test=2158 name="interop/defaults-tip-only-zero/trace/none (reth_development)"
Sep 24 23:04:33.310 INF API: test ended suite=0 test=2158 pass=false
Sep 24 23:04:33.310 INF API: test started suite=0 test=2159 name="interop/defaults-tip-only-zero/trace/stateDiff-vmTrace (reth_development)"
Sep 24 23:04:33.313 INF API: test ended suite=0 test=2159 pass=false
Sep 24 23:04:33.313 INF API: test started suite=0 test=2160 name="interop/defaults-tip-only-zero/trace/stateDiff (reth_development)"
Sep 24 23:04:33.315 INF API: test ended suite=0 test=2160 pass=false
Sep 24 23:04:33.315 INF API: test started suite=0 test=2161 name="interop/defaults-tip-only-zero/trace/trace-stateDiff-vmTrace (reth_development)"
Sep 24 23:04:33.319 INF API: test ended suite=0 test=2161 pass=false
Sep 24 23:04:33.320 INF API: test started suite=0 test=2162 name="interop/defaults-tip-only-zero/trace/trace-stateDiff (reth_development)"
Sep 24 23:04:33.321 INF API: test ended suite=0 test=2162 pass=false
Sep 24 23:04:33.322 INF API: test started suite=0 test=2163 name="interop/defaults-tip-only-zero/trace/trace-vmTrace (reth_development)"
Sep 24 23:04:33.324 INF API: test ended suite=0 test=2163 pass=false
Sep 24 23:04:33.325 INF API: test started suite=0 test=2164 name="interop/defaults-tip-only-zero/trace/trace (reth_development)"
Sep 24 23:04:33.326 INF API: test ended suite=0 test=2164 pass=false
Sep 24 23:04:33.327 INF API: test started suite=0 test=2165 name="interop/defaults-tip-only-zero/trace/vmTrace (reth_development)"
Sep 24 23:04:33.329 INF API: test ended suite=0 test=2165 pass=false
Sep 24 23:04:33.330 INF API: test started suite=0 test=2166 name="interop/empty-sender-free/eth (reth_development)"
Sep 24 23:04:33.332 INF API: test ended suite=0 test=2166 pass=false
Sep 24 23:04:33.332 INF API: test started suite=0 test=2167 name="interop/empty-sender-free/trace/none (reth_development)"
Sep 24 23:04:33.333 INF API: test ended suite=0 test=2167 pass=false
Sep 24 23:04:33.334 INF API: test started suite=0 test=2168 name="interop/empty-sender-free/trace/stateDiff-vmTrace (reth_development)"
Sep 24 23:04:33.336 INF API: test ended suite=0 test=2168 pass=false
Sep 24 23:04:33.337 INF API: test started suite=0 test=2169 name="interop/empty-sender-free/trace/stateDiff (reth_development)"
Sep 24 23:04:33.338 INF API: test ended suite=0 test=2169 pass=false
Sep 24 23:04:33.338 INF API: test started suite=0 test=2170 name="interop/empty-sender-free/trace/trace-stateDiff-vmTrace (reth_development)"
Sep 24 23:04:33.341 INF API: test ended suite=0 test=2170 pass=false
Sep 24 23:04:33.342 INF API: test started suite=0 test=2171 name="interop/empty-sender-free/trace/trace-stateDiff (reth_development)"
Sep 24 23:04:33.344 INF API: test ended suite=0 test=2171 pass=false
Sep 24 23:04:33.345 INF API: test started suite=0 test=2172 name="interop/empty-sender-free/trace/trace-vmTrace (reth_development)"
Sep 24 23:04:33.347 INF API: test ended suite=0 test=2172 pass=false
Sep 24 23:04:33.348 INF API: test started suite=0 test=2173 name="interop/empty-sender-free/trace/trace (reth_development)"
Sep 24 23:04:33.349 INF API: test ended suite=0 test=2173 pass=false
Sep 24 23:04:33.350 INF API: test started suite=0 test=2174 name="interop/empty-sender-free/trace/vmTrace (reth_development)"
Sep 24 23:04:33.352 INF API: test ended suite=0 test=2174 pass=false
Sep 24 23:04:33.353 INF API: test started suite=0 test=2175 name="interop/empty-sender-priced/eth (reth_development)"
Sep 24 23:04:33.354 INF API: test ended suite=0 test=2175 pass=false
Sep 24 23:04:33.355 INF API: test started suite=0 test=2176 name="interop/empty-sender-priced/trace/none (reth_development)"
Sep 24 23:04:33.356 INF API: test ended suite=0 test=2176 pass=false
Sep 24 23:04:33.356 INF API: test started suite=0 test=2177 name="interop/empty-sender-priced/trace/stateDiff-vmTrace (reth_development)"
Sep 24 23:04:33.359 INF API: test ended suite=0 test=2177 pass=false
Sep 24 23:04:33.360 INF API: test started suite=0 test=2178 name="interop/empty-sender-priced/trace/stateDiff (reth_development)"
Sep 24 23:04:33.361 INF API: test ended suite=0 test=2178 pass=false
Sep 24 23:04:33.362 INF API: test started suite=0 test=2179 name="interop/empty-sender-priced/trace/trace-stateDiff-vmTrace (reth_development)"
Sep 24 23:04:33.365 INF API: test ended suite=0 test=2179 pass=false
Sep 24 23:04:33.365 INF API: test started suite=0 test=2180 name="interop/empty-sender-priced/trace/trace-stateDiff (reth_development)"
Sep 24 23:04:33.367 INF API: test ended suite=0 test=2180 pass=false
Sep 24 23:04:33.368 INF API: test started suite=0 test=2181 name="interop/empty-sender-priced/trace/trace-vmTrace (reth_development)"
Sep 24 23:04:33.371 INF API: test ended suite=0 test=2181 pass=false
Sep 24 23:04:33.372 INF API: test started suite=0 test=2182 name="interop/empty-sender-priced/trace/trace (reth_development)"
Sep 24 23:04:33.373 INF API: test ended suite=0 test=2182 pass=false
Sep 24 23:04:33.374 INF API: test started suite=0 test=2183 name="interop/empty-sender-priced/trace/vmTrace (reth_development)"
Sep 24 23:04:33.378 INF API: test ended suite=0 test=2183 pass=false
Sep 24 23:04:33.378 INF API: test started suite=0 test=2184 name="interop/funding-free-exact/eth (reth_development)"
Sep 24 23:04:33.380 INF API: test ended suite=0 test=2184 pass=false
Sep 24 23:04:33.381 INF API: test started suite=0 test=2185 name="interop/funding-free-exact/trace/none (reth_development)"
Sep 24 23:04:33.382 INF API: test ended suite=0 test=2185 pass=false
Sep 24 23:04:33.383 INF API: test started suite=0 test=2186 name="interop/funding-free-exact/trace/stateDiff-vmTrace (reth_development)"
Sep 24 23:04:33.386 INF API: test ended suite=0 test=2186 pass=false
Sep 24 23:04:33.386 INF API: test started suite=0 test=2187 name="interop/funding-free-exact/trace/stateDiff (reth_development)"
Sep 24 23:04:33.388 INF API: test ended suite=0 test=2187 pass=false
Sep 24 23:04:33.389 INF API: test started suite=0 test=2188 name="interop/funding-free-exact/trace/trace-stateDiff-vmTrace (reth_development)"
Sep 24 23:04:33.392 INF API: test ended suite=0 test=2188 pass=false
Sep 24 23:04:33.393 INF API: test started suite=0 test=2189 name="interop/funding-free-exact/trace/trace-stateDiff (reth_development)"
Sep 24 23:04:33.394 INF API: test ended suite=0 test=2189 pass=false
Sep 24 23:04:33.395 INF API: test started suite=0 test=2190 name="interop/funding-free-exact/trace/trace-vmTrace (reth_development)"
Sep 24 23:04:33.399 INF API: test ended suite=0 test=2190 pass=false
Sep 24 23:04:33.399 INF API: test started suite=0 test=2191 name="interop/funding-free-exact/trace/trace (reth_development)"
Sep 24 23:04:33.401 INF API: test ended suite=0 test=2191 pass=false
Sep 24 23:04:33.402 INF API: test started suite=0 test=2192 name="interop/funding-free-exact/trace/vmTrace (reth_development)"
Sep 24 23:04:33.404 INF API: test ended suite=0 test=2192 pass=false
Sep 24 23:04:33.405 INF API: test started suite=0 test=2193 name="interop/funding-free-short/eth (reth_development)"
Sep 24 23:04:33.407 INF API: test ended suite=0 test=2193 pass=false
Sep 24 23:04:33.407 INF API: test started suite=0 test=2194 name="interop/funding-free-short/trace/none (reth_development)"
Sep 24 23:04:33.409 INF API: test ended suite=0 test=2194 pass=false
Sep 24 23:04:33.409 INF API: test started suite=0 test=2195 name="interop/funding-free-short/trace/stateDiff-vmTrace (reth_development)"
Sep 24 23:04:33.411 INF API: test ended suite=0 test=2195 pass=false
Sep 24 23:04:33.411 INF API: test started suite=0 test=2196 name="interop/funding-free-short/trace/stateDiff (reth_development)"
Sep 24 23:04:33.413 INF API: test ended suite=0 test=2196 pass=false
Sep 24 23:04:33.413 INF API: test started suite=0 test=2197 name="interop/funding-free-short/trace/trace-stateDiff-vmTrace (reth_development)"
Sep 24 23:04:33.415 INF API: test ended suite=0 test=2197 pass=false
Sep 24 23:04:33.416 INF API: test started suite=0 test=2198 name="interop/funding-free-short/trace/trace-stateDiff (reth_development)"
Sep 24 23:04:33.417 INF API: test ended suite=0 test=2198 pass=false
Sep 24 23:04:33.418 INF API: test started suite=0 test=2199 name="interop/funding-free-short/trace/trace-vmTrace (reth_development)"
Sep 24 23:04:33.419 INF API: test ended suite=0 test=2199 pass=false
Sep 24 23:04:33.420 INF API: test started suite=0 test=2200 name="interop/funding-free-short/trace/trace (reth_development)"
Sep 24 23:04:33.421 INF API: test ended suite=0 test=2200 pass=false
Sep 24 23:04:33.422 INF API: test started suite=0 test=2201 name="interop/funding-free-short/trace/vmTrace (reth_development)"
Sep 24 23:04:33.423 INF API: test ended suite=0 test=2201 pass=false
Sep 24 23:04:33.424 INF API: test started suite=0 test=2202 name="interop/funding-legacy-exact/eth (reth_development)"
Sep 24 23:04:33.425 INF API: test ended suite=0 test=2202 pass=false
Sep 24 23:04:33.426 INF API: test started suite=0 test=2203 name="interop/funding-legacy-exact/trace/none (reth_development)"
Sep 24 23:04:33.428 INF API: test ended suite=0 test=2203 pass=false
Sep 24 23:04:33.428 INF API: test started suite=0 test=2204 name="interop/funding-legacy-exact/trace/stateDiff-vmTrace (reth_development)"
Sep 24 23:04:33.431 INF API: test ended suite=0 test=2204 pass=false
Sep 24 23:04:33.432 INF API: test started suite=0 test=2205 name="interop/funding-legacy-exact/trace/stateDiff (reth_development)"
Sep 24 23:04:33.433 INF API: test ended suite=0 test=2205 pass=false
Sep 24 23:04:33.434 INF API: test started suite=0 test=2206 name="interop/funding-legacy-exact/trace/trace-stateDiff-vmTrace (reth_development)"
Sep 24 23:04:33.437 INF API: test ended suite=0 test=2206 pass=false
Sep 24 23:04:33.437 INF API: test started suite=0 test=2207 name="interop/funding-legacy-exact/trace/trace-stateDiff (reth_development)"
Sep 24 23:04:33.439 INF API: test ended suite=0 test=2207 pass=false
Sep 24 23:04:33.440 INF API: test started suite=0 test=2208 name="interop/funding-legacy-exact/trace/trace-vmTrace (reth_development)"
Sep 24 23:04:33.443 INF API: test ended suite=0 test=2208 pass=false
Sep 24 23:04:33.444 INF API: test started suite=0 test=2209 name="interop/funding-legacy-exact/trace/trace (reth_development)"
Sep 24 23:04:33.445 INF API: test ended suite=0 test=2209 pass=false
Sep 24 23:04:33.446 INF API: test started suite=0 test=2210 name="interop/funding-legacy-exact/trace/vmTrace (reth_development)"
Sep 24 23:04:33.449 INF API: test ended suite=0 test=2210 pass=false
Sep 24 23:04:33.450 INF API: test started suite=0 test=2211 name="interop/funding-legacy-short/eth (reth_development)"
Sep 24 23:04:33.451 INF API: test ended suite=0 test=2211 pass=false
Sep 24 23:04:33.452 INF API: test started suite=0 test=2212 name="interop/funding-legacy-short/trace/none (reth_development)"
Sep 24 23:04:33.453 INF API: test ended suite=0 test=2212 pass=false
Sep 24 23:04:33.454 INF API: test started suite=0 test=2213 name="interop/funding-legacy-short/trace/stateDiff-vmTrace (reth_development)"
Sep 24 23:04:33.457 INF API: test ended suite=0 test=2213 pass=false
Sep 24 23:04:33.458 INF API: test started suite=0 test=2214 name="interop/funding-legacy-short/trace/stateDiff (reth_development)"
Sep 24 23:04:33.459 INF API: test ended suite=0 test=2214 pass=false
Sep 24 23:04:33.460 INF API: test started suite=0 test=2215 name="interop/funding-legacy-short/trace/trace-stateDiff-vmTrace (reth_development)"
Sep 24 23:04:33.463 INF API: test ended suite=0 test=2215 pass=false
Sep 24 23:04:33.463 INF API: test started suite=0 test=2216 name="interop/funding-legacy-short/trace/trace-stateDiff (reth_development)"
Sep 24 23:04:33.465 INF API: test ended suite=0 test=2216 pass=false
Sep 24 23:04:33.466 INF API: test started suite=0 test=2217 name="interop/funding-legacy-short/trace/trace-vmTrace (reth_development)"
Sep 24 23:04:33.468 INF API: test ended suite=0 test=2217 pass=false
Sep 24 23:04:33.469 INF API: test started suite=0 test=2218 name="interop/funding-legacy-short/trace/trace (reth_development)"
Sep 24 23:04:33.471 INF API: test ended suite=0 test=2218 pass=false
Sep 24 23:04:33.472 INF API: test started suite=0 test=2219 name="interop/funding-legacy-short/trace/vmTrace (reth_development)"
Sep 24 23:04:33.474 INF API: test ended suite=0 test=2219 pass=false
Sep 24 23:04:33.475 INF API: test started suite=0 test=2220 name="interop/funding-typed-effective-only/eth (reth_development)"
Sep 24 23:04:33.476 INF API: test ended suite=0 test=2220 pass=false
Sep 24 23:04:33.477 INF API: test started suite=0 test=2221 name="interop/funding-typed-effective-only/trace/none (reth_development)"
Sep 24 23:04:33.479 INF API: test ended suite=0 test=2221 pass=false
Sep 24 23:04:33.480 INF API: test started suite=0 test=2222 name="interop/funding-typed-effective-only/trace/stateDiff-vmTrace (reth_development)"
Sep 24 23:04:33.483 INF API: test ended suite=0 test=2222 pass=false
Sep 24 23:04:33.483 INF API: test started suite=0 test=2223 name="interop/funding-typed-effective-only/trace/stateDiff (reth_development)"
Sep 24 23:04:33.485 INF API: test ended suite=0 test=2223 pass=false
Sep 24 23:04:33.486 INF API: test started suite=0 test=2224 name="interop/funding-typed-effective-only/trace/trace-stateDiff-vmTrace (reth_development)"
Sep 24 23:04:33.617 INF API: test ended suite=0 test=2224 pass=false
Sep 24 23:04:33.618 INF API: test started suite=0 test=2225 name="interop/funding-typed-effective-only/trace/trace-stateDiff (reth_development)"
Sep 24 23:04:33.620 INF API: test ended suite=0 test=2225 pass=false
Sep 24 23:04:33.620 INF API: test started suite=0 test=2226 name="interop/funding-typed-effective-only/trace/trace-vmTrace (reth_development)"
Sep 24 23:04:33.623 INF API: test ended suite=0 test=2226 pass=false
Sep 24 23:04:33.624 INF API: test started suite=0 test=2227 name="interop/funding-typed-effective-only/trace/trace (reth_development)"
Sep 24 23:04:33.625 INF API: test ended suite=0 test=2227 pass=false
Sep 24 23:04:33.626 INF API: test started suite=0 test=2228 name="interop/funding-typed-effective-only/trace/vmTrace (reth_development)"
Sep 24 23:04:33.628 INF API: test ended suite=0 test=2228 pass=false
Sep 24 23:04:33.628 INF API: test started suite=0 test=2229 name="interop/funding-typed-exact/eth (reth_development)"
Sep 24 23:04:33.629 INF API: test ended suite=0 test=2229 pass=false
Sep 24 23:04:33.630 INF API: test started suite=0 test=2230 name="interop/funding-typed-exact/trace/none (reth_development)"
Sep 24 23:04:33.631 INF API: test ended suite=0 test=2230 pass=false
Sep 24 23:04:33.631 INF API: test started suite=0 test=2231 name="interop/funding-typed-exact/trace/stateDiff-vmTrace (reth_development)"
Sep 24 23:04:33.634 INF API: test ended suite=0 test=2231 pass=false
Sep 24 23:04:33.635 INF API: test started suite=0 test=2232 name="interop/funding-typed-exact/trace/stateDiff (reth_development)"
Sep 24 23:04:33.636 INF API: test ended suite=0 test=2232 pass=false
Sep 24 23:04:33.637 INF API: test started suite=0 test=2233 name="interop/funding-typed-exact/trace/trace-stateDiff-vmTrace (reth_development)"
Sep 24 23:04:33.640 INF API: test ended suite=0 test=2233 pass=false
Sep 24 23:04:33.640 INF API: test started suite=0 test=2234 name="interop/funding-typed-exact/trace/trace-stateDiff (reth_development)"
Sep 24 23:04:33.642 INF API: test ended suite=0 test=2234 pass=false
Sep 24 23:04:33.642 INF API: test started suite=0 test=2235 name="interop/funding-typed-exact/trace/trace-vmTrace (reth_development)"
Sep 24 23:04:33.644 INF API: test ended suite=0 test=2235 pass=false
Sep 24 23:04:33.645 INF API: test started suite=0 test=2236 name="interop/funding-typed-exact/trace/trace (reth_development)"
Sep 24 23:04:33.647 INF API: test ended suite=0 test=2236 pass=false
Sep 24 23:04:33.647 INF API: test started suite=0 test=2237 name="interop/funding-typed-exact/trace/vmTrace (reth_development)"
Sep 24 23:04:33.649 INF API: test ended suite=0 test=2237 pass=false
Sep 24 23:04:33.650 INF API: test started suite=0 test=2238 name="interop/funding-typed-free-exact/eth (reth_development)"
Sep 24 23:04:33.652 INF API: test ended suite=0 test=2238 pass=false
Sep 24 23:04:33.652 INF API: test started suite=0 test=2239 name="interop/funding-typed-free-exact/trace/none (reth_development)"
Sep 24 23:04:33.654 INF API: test ended suite=0 test=2239 pass=false
Sep 24 23:04:33.655 INF API: test started suite=0 test=2240 name="interop/funding-typed-free-exact/trace/stateDiff-vmTrace (reth_development)"
Sep 24 23:04:33.657 INF API: test ended suite=0 test=2240 pass=false
Sep 24 23:04:33.658 INF API: test started suite=0 test=2241 name="interop/funding-typed-free-exact/trace/stateDiff (reth_development)"
Sep 24 23:04:33.659 INF API: test ended suite=0 test=2241 pass=false
Sep 24 23:04:33.660 INF API: test started suite=0 test=2242 name="interop/funding-typed-free-exact/trace/trace-stateDiff-vmTrace (reth_development)"
Sep 24 23:04:33.663 INF API: test ended suite=0 test=2242 pass=false
Sep 24 23:04:33.664 INF API: test started suite=0 test=2243 name="interop/funding-typed-free-exact/trace/trace-stateDiff (reth_development)"
Sep 24 23:04:33.665 INF API: test ended suite=0 test=2243 pass=false
Sep 24 23:04:33.666 INF API: test started suite=0 test=2244 name="interop/funding-typed-free-exact/trace/trace-vmTrace (reth_development)"
Sep 24 23:04:33.669 INF API: test ended suite=0 test=2244 pass=false
Sep 24 23:04:33.670 INF API: test started suite=0 test=2245 name="interop/funding-typed-free-exact/trace/trace (reth_development)"
Sep 24 23:04:33.671 INF API: test ended suite=0 test=2245 pass=false
Sep 24 23:04:33.672 INF API: test started suite=0 test=2246 name="interop/funding-typed-free-exact/trace/vmTrace (reth_development)"
Sep 24 23:04:33.675 INF API: test ended suite=0 test=2246 pass=false
Sep 24 23:04:33.675 INF API: test started suite=0 test=2247 name="interop/funding-typed-free-short/eth (reth_development)"
Sep 24 23:04:33.677 INF API: test ended suite=0 test=2247 pass=false
Sep 24 23:04:33.678 INF API: test started suite=0 test=2248 name="interop/funding-typed-free-short/trace/none (reth_development)"
Sep 24 23:04:33.679 INF API: test ended suite=0 test=2248 pass=false
Sep 24 23:04:33.680 INF API: test started suite=0 test=2249 name="interop/funding-typed-free-short/trace/stateDiff-vmTrace (reth_development)"
Sep 24 23:04:33.681 INF API: test ended suite=0 test=2249 pass=false
Sep 24 23:04:33.682 INF API: test started suite=0 test=2250 name="interop/funding-typed-free-short/trace/stateDiff (reth_development)"
Sep 24 23:04:33.683 INF API: test ended suite=0 test=2250 pass=false
Sep 24 23:04:33.684 INF API: test started suite=0 test=2251 name="interop/funding-typed-free-short/trace/trace-stateDiff-vmTrace (reth_development)"
Sep 24 23:04:33.685 INF API: test ended suite=0 test=2251 pass=false
Sep 24 23:04:33.686 INF API: test started suite=0 test=2252 name="interop/funding-typed-free-short/trace/trace-stateDiff (reth_development)"
Sep 24 23:04:33.687 INF API: test ended suite=0 test=2252 pass=false
Sep 24 23:04:33.688 INF API: test started suite=0 test=2253 name="interop/funding-typed-free-short/trace/trace-vmTrace (reth_development)"
Sep 24 23:04:33.689 INF API: test ended suite=0 test=2253 pass=false
Sep 24 23:04:33.690 INF API: test started suite=0 test=2254 name="interop/funding-typed-free-short/trace/trace (reth_development)"
Sep 24 23:04:33.691 INF API: test ended suite=0 test=2254 pass=false
Sep 24 23:04:33.692 INF API: test started suite=0 test=2255 name="interop/funding-typed-free-short/trace/vmTrace (reth_development)"
Sep 24 23:04:33.693 INF API: test ended suite=0 test=2255 pass=false
Sep 24 23:04:33.693 INF API: test started suite=0 test=2256 name="interop/funding-typed-short/eth (reth_development)"
Sep 24 23:04:33.694 INF API: test ended suite=0 test=2256 pass=false
Sep 24 23:04:33.695 INF API: test started suite=0 test=2257 name="interop/funding-typed-short/trace/none (reth_development)"
Sep 24 23:04:33.697 INF API: test ended suite=0 test=2257 pass=false
Sep 24 23:04:33.697 INF API: test started suite=0 test=2258 name="interop/funding-typed-short/trace/stateDiff-vmTrace (reth_development)"
Sep 24 23:04:33.700 INF API: test ended suite=0 test=2258 pass=false
Sep 24 23:04:33.701 INF API: test started suite=0 test=2259 name="interop/funding-typed-short/trace/stateDiff (reth_development)"
Sep 24 23:04:33.702 INF API: test ended suite=0 test=2259 pass=false
Sep 24 23:04:33.703 INF API: test started suite=0 test=2260 name="interop/funding-typed-short/trace/trace-stateDiff-vmTrace (reth_development)"
Sep 24 23:04:33.706 INF API: test ended suite=0 test=2260 pass=false
Sep 24 23:04:33.707 INF API: test started suite=0 test=2261 name="interop/funding-typed-short/trace/trace-stateDiff (reth_development)"
Sep 24 23:04:33.708 INF API: test ended suite=0 test=2261 pass=false
Sep 24 23:04:33.709 INF API: test started suite=0 test=2262 name="interop/funding-typed-short/trace/trace-vmTrace (reth_development)"
Sep 24 23:04:33.712 INF API: test ended suite=0 test=2262 pass=false
Sep 24 23:04:33.713 INF API: test started suite=0 test=2263 name="interop/funding-typed-short/trace/trace (reth_development)"
Sep 24 23:04:33.714 INF API: test ended suite=0 test=2263 pass=false
Sep 24 23:04:33.715 INF API: test started suite=0 test=2264 name="interop/funding-typed-short/trace/vmTrace (reth_development)"
Sep 24 23:04:33.717 INF API: test ended suite=0 test=2264 pass=false
Sep 24 23:04:33.718 INF API: test started suite=0 test=2265 name="interop/legacy-above-base/eth (reth_development)"
Sep 24 23:04:33.719 INF API: test ended suite=0 test=2265 pass=false
Sep 24 23:04:33.719 INF API: test started suite=0 test=2266 name="interop/legacy-above-base/trace/none (reth_development)"
Sep 24 23:04:33.720 INF API: test ended suite=0 test=2266 pass=false
Sep 24 23:04:33.721 INF API: test started suite=0 test=2267 name="interop/legacy-above-base/trace/stateDiff-vmTrace (reth_development)"
Sep 24 23:04:33.724 INF API: test ended suite=0 test=2267 pass=false
Sep 24 23:04:33.724 INF API: test started suite=0 test=2268 name="interop/legacy-above-base/trace/stateDiff (reth_development)"
Sep 24 23:04:33.726 INF API: test ended suite=0 test=2268 pass=false
Sep 24 23:04:33.726 INF API: test started suite=0 test=2269 name="interop/legacy-above-base/trace/trace-stateDiff-vmTrace (reth_development)"
Sep 24 23:04:33.729 INF API: test ended suite=0 test=2269 pass=false
Sep 24 23:04:33.730 INF API: test started suite=0 test=2270 name="interop/legacy-above-base/trace/trace-stateDiff (reth_development)"
Sep 24 23:04:33.731 INF API: test ended suite=0 test=2270 pass=false
Sep 24 23:04:33.732 INF API: test started suite=0 test=2271 name="interop/legacy-above-base/trace/trace-vmTrace (reth_development)"
Sep 24 23:04:33.735 INF API: test ended suite=0 test=2271 pass=false
Sep 24 23:04:33.735 INF API: test started suite=0 test=2272 name="interop/legacy-above-base/trace/trace (reth_development)"
Sep 24 23:04:33.737 INF API: test ended suite=0 test=2272 pass=false
Sep 24 23:04:33.738 INF API: test started suite=0 test=2273 name="interop/legacy-above-base/trace/vmTrace (reth_development)"
Sep 24 23:04:33.740 INF API: test ended suite=0 test=2273 pass=false
Sep 24 23:04:33.741 INF API: test started suite=0 test=2274 name="interop/legacy-at-base/eth (reth_development)"
Sep 24 23:04:33.742 INF API: test ended suite=0 test=2274 pass=false
Sep 24 23:04:33.743 INF API: test started suite=0 test=2275 name="interop/legacy-at-base/trace/none (reth_development)"
Sep 24 23:04:33.744 INF API: test ended suite=0 test=2275 pass=false
Sep 24 23:04:33.745 INF API: test started suite=0 test=2276 name="interop/legacy-at-base/trace/stateDiff-vmTrace (reth_development)"
Sep 24 23:04:33.747 INF API: test ended suite=0 test=2276 pass=false
Sep 24 23:04:33.748 INF API: test started suite=0 test=2277 name="interop/legacy-at-base/trace/stateDiff (reth_development)"
Sep 24 23:04:33.749 INF API: test ended suite=0 test=2277 pass=false
Sep 24 23:04:33.749 INF API: test started suite=0 test=2278 name="interop/legacy-at-base/trace/trace-stateDiff-vmTrace (reth_development)"
Sep 24 23:04:33.753 INF API: test ended suite=0 test=2278 pass=false
Sep 24 23:04:33.753 INF API: test started suite=0 test=2279 name="interop/legacy-at-base/trace/trace-stateDiff (reth_development)"
Sep 24 23:04:33.755 INF API: test ended suite=0 test=2279 pass=false
Sep 24 23:04:33.756 INF API: test started suite=0 test=2280 name="interop/legacy-at-base/trace/trace-vmTrace (reth_development)"
Sep 24 23:04:33.758 INF API: test ended suite=0 test=2280 pass=false
Sep 24 23:04:33.759 INF API: test started suite=0 test=2281 name="interop/legacy-at-base/trace/trace (reth_development)"
Sep 24 23:04:33.760 INF API: test ended suite=0 test=2281 pass=false
Sep 24 23:04:33.761 INF API: test started suite=0 test=2282 name="interop/legacy-at-base/trace/vmTrace (reth_development)"
Sep 24 23:04:33.763 INF API: test ended suite=0 test=2282 pass=false
Sep 24 23:04:33.764 INF API: test started suite=0 test=2283 name="interop/legacy-below-base/eth (reth_development)"
Sep 24 23:04:33.765 INF API: test ended suite=0 test=2283 pass=false
Sep 24 23:04:33.765 INF API: test started suite=0 test=2284 name="interop/legacy-below-base/trace/none (reth_development)"
Sep 24 23:04:33.767 INF API: test ended suite=0 test=2284 pass=false
Sep 24 23:04:33.768 INF API: test started suite=0 test=2285 name="interop/legacy-below-base/trace/stateDiff-vmTrace (reth_development)"
Sep 24 23:04:33.770 INF API: test ended suite=0 test=2285 pass=false
Sep 24 23:04:33.771 INF API: test started suite=0 test=2286 name="interop/legacy-below-base/trace/stateDiff (reth_development)"
Sep 24 23:04:33.772 INF API: test ended suite=0 test=2286 pass=false
Sep 24 23:04:33.773 INF API: test started suite=0 test=2287 name="interop/legacy-below-base/trace/trace-stateDiff-vmTrace (reth_development)"
Sep 24 23:04:33.775 INF API: test ended suite=0 test=2287 pass=false
Sep 24 23:04:33.776 INF API: test started suite=0 test=2288 name="interop/legacy-below-base/trace/trace-stateDiff (reth_development)"
Sep 24 23:04:33.777 INF API: test ended suite=0 test=2288 pass=false
Sep 24 23:04:33.778 INF API: test started suite=0 test=2289 name="interop/legacy-below-base/trace/trace-vmTrace (reth_development)"
Sep 24 23:04:33.781 INF API: test ended suite=0 test=2289 pass=false
Sep 24 23:04:33.781 INF API: test started suite=0 test=2290 name="interop/legacy-below-base/trace/trace (reth_development)"
Sep 24 23:04:33.782 INF API: test ended suite=0 test=2290 pass=false
Sep 24 23:04:33.783 INF API: test started suite=0 test=2291 name="interop/legacy-below-base/trace/vmTrace (reth_development)"
Sep 24 23:04:33.786 INF API: test ended suite=0 test=2291 pass=false
Sep 24 23:04:33.786 INF API: test started suite=0 test=2292 name="interop/legacy-one/eth (reth_development)"
Sep 24 23:04:33.787 INF API: test ended suite=0 test=2292 pass=false
Sep 24 23:04:33.788 INF API: test started suite=0 test=2293 name="interop/legacy-one/trace/none (reth_development)"
Sep 24 23:04:33.789 INF API: test ended suite=0 test=2293 pass=false
Sep 24 23:04:33.790 INF API: test started suite=0 test=2294 name="interop/legacy-one/trace/stateDiff-vmTrace (reth_development)"
Sep 24 23:04:33.793 INF API: test ended suite=0 test=2294 pass=false
Sep 24 23:04:33.793 INF API: test started suite=0 test=2295 name="interop/legacy-one/trace/stateDiff (reth_development)"
Sep 24 23:04:33.795 INF API: test ended suite=0 test=2295 pass=false
Sep 24 23:04:33.795 INF API: test started suite=0 test=2296 name="interop/legacy-one/trace/trace-stateDiff-vmTrace (reth_development)"
Sep 24 23:04:33.798 INF API: test ended suite=0 test=2296 pass=false
Sep 24 23:04:33.799 INF API: test started suite=0 test=2297 name="interop/legacy-one/trace/trace-stateDiff (reth_development)"
Sep 24 23:04:33.800 INF API: test ended suite=0 test=2297 pass=false
Sep 24 23:04:33.801 INF API: test started suite=0 test=2298 name="interop/legacy-one/trace/trace-vmTrace (reth_development)"
Sep 24 23:04:33.803 INF API: test ended suite=0 test=2298 pass=false
Sep 24 23:04:33.804 INF API: test started suite=0 test=2299 name="interop/legacy-one/trace/trace (reth_development)"
Sep 24 23:04:33.805 INF API: test ended suite=0 test=2299 pass=false
Sep 24 23:04:33.806 INF API: test started suite=0 test=2300 name="interop/legacy-one/trace/vmTrace (reth_development)"
Sep 24 23:04:33.861 INF API: test ended suite=0 test=2300 pass=false
Sep 24 23:04:33.862 INF API: test started suite=0 test=2301 name="interop/legacy-zero/eth (reth_development)"
Sep 24 23:04:33.863 INF API: test ended suite=0 test=2301 pass=false
Sep 24 23:04:33.864 INF API: test started suite=0 test=2302 name="interop/legacy-zero/trace/none (reth_development)"
Sep 24 23:04:33.865 INF API: test ended suite=0 test=2302 pass=false
Sep 24 23:04:33.866 INF API: test started suite=0 test=2303 name="interop/legacy-zero/trace/stateDiff-vmTrace (reth_development)"
Sep 24 23:04:33.868 INF API: test ended suite=0 test=2303 pass=false
Sep 24 23:04:33.869 INF API: test started suite=0 test=2304 name="interop/legacy-zero/trace/stateDiff (reth_development)"
Sep 24 23:04:33.870 INF API: test ended suite=0 test=2304 pass=false
Sep 24 23:04:33.871 INF API: test started suite=0 test=2305 name="interop/legacy-zero/trace/trace-stateDiff-vmTrace (reth_development)"
Sep 24 23:04:33.874 INF API: test ended suite=0 test=2305 pass=false
Sep 24 23:04:33.875 INF API: test started suite=0 test=2306 name="interop/legacy-zero/trace/trace-stateDiff (reth_development)"
Sep 24 23:04:33.876 INF API: test ended suite=0 test=2306 pass=false
Sep 24 23:04:33.877 INF API: test started suite=0 test=2307 name="interop/legacy-zero/trace/trace-vmTrace (reth_development)"
Sep 24 23:04:33.880 INF API: test ended suite=0 test=2307 pass=false
Sep 24 23:04:33.881 INF API: test started suite=0 test=2308 name="interop/legacy-zero/trace/trace (reth_development)"
Sep 24 23:04:33.883 INF API: test ended suite=0 test=2308 pass=false
Sep 24 23:04:33.883 INF API: test started suite=0 test=2309 name="interop/legacy-zero/trace/vmTrace (reth_development)"
Sep 24 23:04:33.886 INF API: test ended suite=0 test=2309 pass=false
Sep 24 23:04:33.887 INF API: test started suite=0 test=2310 name="interop/typed-at-base/eth (reth_development)"
Sep 24 23:04:33.888 INF API: test ended suite=0 test=2310 pass=false
Sep 24 23:04:33.889 INF API: test started suite=0 test=2311 name="interop/typed-at-base/trace/none (reth_development)"
Sep 24 23:04:33.890 INF API: test ended suite=0 test=2311 pass=false
Sep 24 23:04:33.891 INF API: test started suite=0 test=2312 name="interop/typed-at-base/trace/stateDiff-vmTrace (reth_development)"
Sep 24 23:04:33.894 INF API: test ended suite=0 test=2312 pass=false
Sep 24 23:04:33.895 INF API: test started suite=0 test=2313 name="interop/typed-at-base/trace/stateDiff (reth_development)"
Sep 24 23:04:33.896 INF API: test ended suite=0 test=2313 pass=false
Sep 24 23:04:33.897 INF API: test started suite=0 test=2314 name="interop/typed-at-base/trace/trace-stateDiff-vmTrace (reth_development)"
Sep 24 23:04:33.900 INF API: test ended suite=0 test=2314 pass=false
Sep 24 23:04:33.901 INF API: test started suite=0 test=2315 name="interop/typed-at-base/trace/trace-stateDiff (reth_development)"
Sep 24 23:04:33.902 INF API: test ended suite=0 test=2315 pass=false
Sep 24 23:04:33.903 INF API: test started suite=0 test=2316 name="interop/typed-at-base/trace/trace-vmTrace (reth_development)"
Sep 24 23:04:33.905 INF API: test ended suite=0 test=2316 pass=false
Sep 24 23:04:33.906 INF API: test started suite=0 test=2317 name="interop/typed-at-base/trace/trace (reth_development)"
Sep 24 23:04:33.907 INF API: test ended suite=0 test=2317 pass=false
Sep 24 23:04:33.908 INF API: test started suite=0 test=2318 name="interop/typed-at-base/trace/vmTrace (reth_development)"
Sep 24 23:04:33.911 INF API: test ended suite=0 test=2318 pass=false
Sep 24 23:04:33.912 INF API: test started suite=0 test=2319 name="interop/typed-below-base/eth (reth_development)"
Sep 24 23:04:33.913 INF API: test ended suite=0 test=2319 pass=false
Sep 24 23:04:33.914 INF API: test started suite=0 test=2320 name="interop/typed-below-base/trace/none (reth_development)"
Sep 24 23:04:33.915 INF API: test ended suite=0 test=2320 pass=false
Sep 24 23:04:33.916 INF API: test started suite=0 test=2321 name="interop/typed-below-base/trace/stateDiff-vmTrace (reth_development)"
Sep 24 23:04:33.917 INF API: test ended suite=0 test=2321 pass=false
Sep 24 23:04:33.917 INF API: test started suite=0 test=2322 name="interop/typed-below-base/trace/stateDiff (reth_development)"
Sep 24 23:04:33.918 INF API: test ended suite=0 test=2322 pass=false
Sep 24 23:04:33.919 INF API: test started suite=0 test=2323 name="interop/typed-below-base/trace/trace-stateDiff-vmTrace (reth_development)"
Sep 24 23:04:33.920 INF API: test ended suite=0 test=2323 pass=false
Sep 24 23:04:33.921 INF API: test started suite=0 test=2324 name="interop/typed-below-base/trace/trace-stateDiff (reth_development)"
Sep 24 23:04:33.922 INF API: test ended suite=0 test=2324 pass=false
Sep 24 23:04:33.922 INF API: test started suite=0 test=2325 name="interop/typed-below-base/trace/trace-vmTrace (reth_development)"
Sep 24 23:04:33.923 INF API: test ended suite=0 test=2325 pass=false
Sep 24 23:04:33.924 INF API: test started suite=0 test=2326 name="interop/typed-below-base/trace/trace (reth_development)"
Sep 24 23:04:33.925 INF API: test ended suite=0 test=2326 pass=false
Sep 24 23:04:33.926 INF API: test started suite=0 test=2327 name="interop/typed-below-base/trace/vmTrace (reth_development)"
Sep 24 23:04:33.927 INF API: test ended suite=0 test=2327 pass=false
Sep 24 23:04:33.928 INF API: test started suite=0 test=2328 name="interop/typed-below-base-positive-tip/eth (reth_development)"
Sep 24 23:04:33.929 INF API: test ended suite=0 test=2328 pass=false
Sep 24 23:04:33.930 INF API: test started suite=0 test=2329 name="interop/typed-below-base-positive-tip/trace/none (reth_development)"
Sep 24 23:04:33.931 INF API: test ended suite=0 test=2329 pass=false
Sep 24 23:04:33.931 INF API: test started suite=0 test=2330 name="interop/typed-below-base-positive-tip/trace/stateDiff-vmTrace (reth_development)"
Sep 24 23:04:33.932 INF API: test ended suite=0 test=2330 pass=false
Sep 24 23:04:33.933 INF API: test started suite=0 test=2331 name="interop/typed-below-base-positive-tip/trace/stateDiff (reth_development)"
Sep 24 23:04:33.934 INF API: test ended suite=0 test=2331 pass=false
Sep 24 23:04:33.935 INF API: test started suite=0 test=2332 name="interop/typed-below-base-positive-tip/trace/trace-stateDiff-vmTrace (reth_development)"
Sep 24 23:04:33.935 INF API: test ended suite=0 test=2332 pass=false
Sep 24 23:04:33.936 INF API: test started suite=0 test=2333 name="interop/typed-below-base-positive-tip/trace/trace-stateDiff (reth_development)"
Sep 24 23:04:33.937 INF API: test ended suite=0 test=2333 pass=false
Sep 24 23:04:33.938 INF API: test started suite=0 test=2334 name="interop/typed-below-base-positive-tip/trace/trace-vmTrace (reth_development)"
Sep 24 23:04:33.939 INF API: test ended suite=0 test=2334 pass=false
Sep 24 23:04:33.940 INF API: test started suite=0 test=2335 name="interop/typed-below-base-positive-tip/trace/trace (reth_development)"
Sep 24 23:04:33.941 INF API: test ended suite=0 test=2335 pass=false
Sep 24 23:04:33.942 INF API: test started suite=0 test=2336 name="interop/typed-below-base-positive-tip/trace/vmTrace (reth_development)"
Sep 24 23:04:33.943 INF API: test ended suite=0 test=2336 pass=false
Sep 24 23:04:33.944 INF API: test started suite=0 test=2337 name="interop/typed-cap-limited/eth (reth_development)"
Sep 24 23:04:33.945 INF API: test ended suite=0 test=2337 pass=false
Sep 24 23:04:33.946 INF API: test started suite=0 test=2338 name="interop/typed-cap-limited/trace/none (reth_development)"
Sep 24 23:04:33.947 INF API: test ended suite=0 test=2338 pass=false
Sep 24 23:04:33.948 INF API: test started suite=0 test=2339 name="interop/typed-cap-limited/trace/stateDiff-vmTrace (reth_development)"
Sep 24 23:04:33.950 INF API: test ended suite=0 test=2339 pass=false
Sep 24 23:04:33.951 INF API: test started suite=0 test=2340 name="interop/typed-cap-limited/trace/stateDiff (reth_development)"
Sep 24 23:04:33.952 INF API: test ended suite=0 test=2340 pass=false
Sep 24 23:04:33.953 INF API: test started suite=0 test=2341 name="interop/typed-cap-limited/trace/trace-stateDiff-vmTrace (reth_development)"
Sep 24 23:04:33.955 INF API: test ended suite=0 test=2341 pass=false
Sep 24 23:04:33.956 INF API: test started suite=0 test=2342 name="interop/typed-cap-limited/trace/trace-stateDiff (reth_development)"
Sep 24 23:04:33.958 INF API: test ended suite=0 test=2342 pass=false
Sep 24 23:04:33.958 INF API: test started suite=0 test=2343 name="interop/typed-cap-limited/trace/trace-vmTrace (reth_development)"
Sep 24 23:04:33.961 INF API: test ended suite=0 test=2343 pass=false
Sep 24 23:04:33.962 INF API: test started suite=0 test=2344 name="interop/typed-cap-limited/trace/trace (reth_development)"
Sep 24 23:04:33.963 INF API: test ended suite=0 test=2344 pass=false
Sep 24 23:04:33.964 INF API: test started suite=0 test=2345 name="interop/typed-cap-limited/trace/vmTrace (reth_development)"
Sep 24 23:04:33.967 INF API: test ended suite=0 test=2345 pass=false
Sep 24 23:04:33.967 INF API: test started suite=0 test=2346 name="interop/typed-one/eth (reth_development)"
Sep 24 23:04:33.968 INF API: test ended suite=0 test=2346 pass=false
Sep 24 23:04:33.969 INF API: test started suite=0 test=2347 name="interop/typed-one/trace/none (reth_development)"
Sep 24 23:04:33.970 INF API: test ended suite=0 test=2347 pass=false
Sep 24 23:04:33.971 INF API: test started suite=0 test=2348 name="interop/typed-one/trace/stateDiff-vmTrace (reth_development)"
Sep 24 23:04:33.971 INF API: test ended suite=0 test=2348 pass=false
Sep 24 23:04:33.972 INF API: test started suite=0 test=2349 name="interop/typed-one/trace/stateDiff (reth_development)"
Sep 24 23:04:33.973 INF API: test ended suite=0 test=2349 pass=false
Sep 24 23:04:33.974 INF API: test started suite=0 test=2350 name="interop/typed-one/trace/trace-stateDiff-vmTrace (reth_development)"
Sep 24 23:04:33.975 INF API: test ended suite=0 test=2350 pass=false
Sep 24 23:04:33.976 INF API: test started suite=0 test=2351 name="interop/typed-one/trace/trace-stateDiff (reth_development)"
Sep 24 23:04:33.977 INF API: test ended suite=0 test=2351 pass=false
Sep 24 23:04:33.978 INF API: test started suite=0 test=2352 name="interop/typed-one/trace/trace-vmTrace (reth_development)"
Sep 24 23:04:33.979 INF API: test ended suite=0 test=2352 pass=false
Sep 24 23:04:33.979 INF API: test started suite=0 test=2353 name="interop/typed-one/trace/trace (reth_development)"
Sep 24 23:04:33.980 INF API: test ended suite=0 test=2353 pass=false
Sep 24 23:04:33.981 INF API: test started suite=0 test=2354 name="interop/typed-one/trace/vmTrace (reth_development)"
Sep 24 23:04:33.982 INF API: test ended suite=0 test=2354 pass=false
Sep 24 23:04:33.982 INF API: test started suite=0 test=2355 name="interop/typed-tip-equals-cap/eth (reth_development)"
Sep 24 23:04:33.983 INF API: test ended suite=0 test=2355 pass=false
Sep 24 23:04:33.984 INF API: test started suite=0 test=2356 name="interop/typed-tip-equals-cap/trace/none (reth_development)"
Sep 24 23:04:33.985 INF API: test ended suite=0 test=2356 pass=false
Sep 24 23:04:33.986 INF API: test started suite=0 test=2357 name="interop/typed-tip-equals-cap/trace/stateDiff-vmTrace (reth_development)"
Sep 24 23:04:33.988 INF API: test ended suite=0 test=2357 pass=false
Sep 24 23:04:33.989 INF API: test started suite=0 test=2358 name="interop/typed-tip-equals-cap/trace/stateDiff (reth_development)"
Sep 24 23:04:33.991 INF API: test ended suite=0 test=2358 pass=false
Sep 24 23:04:33.992 INF API: test started suite=0 test=2359 name="interop/typed-tip-equals-cap/trace/trace-stateDiff-vmTrace (reth_development)"
Sep 24 23:04:33.994 INF API: test ended suite=0 test=2359 pass=false
Sep 24 23:04:33.995 INF API: test started suite=0 test=2360 name="interop/typed-tip-equals-cap/trace/trace-stateDiff (reth_development)"
Sep 24 23:04:33.997 INF API: test ended suite=0 test=2360 pass=false
Sep 24 23:04:33.998 INF API: test started suite=0 test=2361 name="interop/typed-tip-equals-cap/trace/trace-vmTrace (reth_development)"
Sep 24 23:04:34.000 INF API: test ended suite=0 test=2361 pass=false
Sep 24 23:04:34.001 INF API: test started suite=0 test=2362 name="interop/typed-tip-equals-cap/trace/trace (reth_development)"
Sep 24 23:04:34.002 INF API: test ended suite=0 test=2362 pass=false
Sep 24 23:04:34.003 INF API: test started suite=0 test=2363 name="interop/typed-tip-equals-cap/trace/vmTrace (reth_development)"
Sep 24 23:04:34.006 INF API: test ended suite=0 test=2363 pass=false
Sep 24 23:04:34.007 INF API: test started suite=0 test=2364 name="interop/typed-tip-limited/eth (reth_development)"
Sep 24 23:04:34.008 INF API: test ended suite=0 test=2364 pass=false
Sep 24 23:04:34.009 INF API: test started suite=0 test=2365 name="interop/typed-tip-limited/trace/none (reth_development)"
Sep 24 23:04:34.010 INF API: test ended suite=0 test=2365 pass=false
Sep 24 23:04:34.011 INF API: test started suite=0 test=2366 name="interop/typed-tip-limited/trace/stateDiff-vmTrace (reth_development)"
Sep 24 23:04:34.014 INF API: test ended suite=0 test=2366 pass=false
Sep 24 23:04:34.015 INF API: test started suite=0 test=2367 name="interop/typed-tip-limited/trace/stateDiff (reth_development)"
Sep 24 23:04:34.016 INF API: test ended suite=0 test=2367 pass=false
Sep 24 23:04:34.017 INF API: test started suite=0 test=2368 name="interop/typed-tip-limited/trace/trace-stateDiff-vmTrace (reth_development)"
Sep 24 23:04:34.020 INF API: test ended suite=0 test=2368 pass=false
Sep 24 23:04:34.021 INF API: test started suite=0 test=2369 name="interop/typed-tip-limited/trace/trace-stateDiff (reth_development)"
Sep 24 23:04:34.022 INF API: test ended suite=0 test=2369 pass=false
Sep 24 23:04:34.023 INF API: test started suite=0 test=2370 name="interop/typed-tip-limited/trace/trace-vmTrace (reth_development)"
Sep 24 23:04:34.026 INF API: test ended suite=0 test=2370 pass=false
Sep 24 23:04:34.027 INF API: test started suite=0 test=2371 name="interop/typed-tip-limited/trace/trace (reth_development)"
Sep 24 23:04:34.029 INF API: test ended suite=0 test=2371 pass=false
Sep 24 23:04:34.029 INF API: test started suite=0 test=2372 name="interop/typed-tip-limited/trace/vmTrace (reth_development)"
Sep 24 23:04:34.032 INF API: test ended suite=0 test=2372 pass=false
Sep 24 23:04:34.033 INF API: test started suite=0 test=2373 name="interop/typed-tip-over-cap/eth (reth_development)"
Sep 24 23:04:34.034 INF API: test ended suite=0 test=2373 pass=false
Sep 24 23:04:34.034 INF API: test started suite=0 test=2374 name="interop/typed-tip-over-cap/trace/none (reth_development)"
Sep 24 23:04:34.035 INF API: test ended suite=0 test=2374 pass=false
Sep 24 23:04:34.036 INF API: test started suite=0 test=2375 name="interop/typed-tip-over-cap/trace/stateDiff-vmTrace (reth_development)"
Sep 24 23:04:34.037 INF API: test ended suite=0 test=2375 pass=false
Sep 24 23:04:34.038 INF API: test started suite=0 test=2376 name="interop/typed-tip-over-cap/trace/stateDiff (reth_development)"
Sep 24 23:04:34.039 INF API: test ended suite=0 test=2376 pass=false
Sep 24 23:04:34.040 INF API: test started suite=0 test=2377 name="interop/typed-tip-over-cap/trace/trace-stateDiff-vmTrace (reth_development)"
Sep 24 23:04:34.041 INF API: test ended suite=0 test=2377 pass=false
Sep 24 23:04:34.041 INF API: test started suite=0 test=2378 name="interop/typed-tip-over-cap/trace/trace-stateDiff (reth_development)"
Sep 24 23:04:34.042 INF API: test ended suite=0 test=2378 pass=false
Sep 24 23:04:34.043 INF API: test started suite=0 test=2379 name="interop/typed-tip-over-cap/trace/trace-vmTrace (reth_development)"
Sep 24 23:04:34.044 INF API: test ended suite=0 test=2379 pass=false
Sep 24 23:04:34.045 INF API: test started suite=0 test=2380 name="interop/typed-tip-over-cap/trace/trace (reth_development)"
Sep 24 23:04:34.046 INF API: test ended suite=0 test=2380 pass=false
Sep 24 23:04:34.047 INF API: test started suite=0 test=2381 name="interop/typed-tip-over-cap/trace/vmTrace (reth_development)"
Sep 24 23:04:34.048 INF API: test ended suite=0 test=2381 pass=false
Sep 24 23:04:34.048 INF API: test started suite=0 test=2382 name="interop/typed-zero/eth (reth_development)"
Sep 24 23:04:34.049 INF API: test ended suite=0 test=2382 pass=false
Sep 24 23:04:34.050 INF API: test started suite=0 test=2383 name="interop/typed-zero/trace/none (reth_development)"
Sep 24 23:04:34.051 INF API: test ended suite=0 test=2383 pass=false
Sep 24 23:04:34.052 INF API: test started suite=0 test=2384 name="interop/typed-zero/trace/stateDiff-vmTrace (reth_development)"
Sep 24 23:04:34.055 INF API: test ended suite=0 test=2384 pass=false
Sep 24 23:04:34.055 INF API: test started suite=0 test=2385 name="interop/typed-zero/trace/stateDiff (reth_development)"
Sep 24 23:04:34.057 INF API: test ended suite=0 test=2385 pass=false
Sep 24 23:04:34.057 INF API: test started suite=0 test=2386 name="interop/typed-zero/trace/trace-stateDiff-vmTrace (reth_development)"
Sep 24 23:04:34.060 INF API: test ended suite=0 test=2386 pass=false
Sep 24 23:04:34.061 INF API: test started suite=0 test=2387 name="interop/typed-zero/trace/trace-stateDiff (reth_development)"
Sep 24 23:04:34.063 INF API: test ended suite=0 test=2387 pass=false
Sep 24 23:04:34.064 INF API: test started suite=0 test=2388 name="interop/typed-zero/trace/trace-vmTrace (reth_development)"
Sep 24 23:04:34.067 INF API: test ended suite=0 test=2388 pass=false
Sep 24 23:04:34.068 INF API: test started suite=0 test=2389 name="interop/typed-zero/trace/trace (reth_development)"
Sep 24 23:04:34.069 INF API: test ended suite=0 test=2389 pass=false
Sep 24 23:04:34.070 INF API: test started suite=0 test=2390 name="interop/typed-zero/trace/vmTrace (reth_development)"
Sep 24 23:04:34.072 INF API: test ended suite=0 test=2390 pass=false
Sep 24 23:04:34.073 INF API: test started suite=0 test=2391 name="interop/typed-zero-cap-positive-tip/eth (reth_development)"
Sep 24 23:04:34.074 INF API: test ended suite=0 test=2391 pass=false
Sep 24 23:04:34.074 INF API: test started suite=0 test=2392 name="interop/typed-zero-cap-positive-tip/trace/none (reth_development)"
Sep 24 23:04:34.076 INF API: test ended suite=0 test=2392 pass=false
Sep 24 23:04:34.077 INF API: test started suite=0 test=2393 name="interop/typed-zero-cap-positive-tip/trace/stateDiff-vmTrace (reth_development)"
Sep 24 23:04:34.078 INF API: test ended suite=0 test=2393 pass=false
Sep 24 23:04:34.078 INF API: test started suite=0 test=2394 name="interop/typed-zero-cap-positive-tip/trace/stateDiff (reth_development)"
Sep 24 23:04:34.079 INF API: test ended suite=0 test=2394 pass=false
Sep 24 23:04:34.080 INF API: test started suite=0 test=2395 name="interop/typed-zero-cap-positive-tip/trace/trace-stateDiff-vmTrace (reth_development)"
Sep 24 23:04:34.081 INF API: test ended suite=0 test=2395 pass=false
Sep 24 23:04:34.082 INF API: test started suite=0 test=2396 name="interop/typed-zero-cap-positive-tip/trace/trace-stateDiff (reth_development)"
Sep 24 23:04:34.083 INF API: test ended suite=0 test=2396 pass=false
Sep 24 23:04:34.084 INF API: test started suite=0 test=2397 name="interop/typed-zero-cap-positive-tip/trace/trace-vmTrace (reth_development)"
Sep 24 23:04:34.085 INF API: test ended suite=0 test=2397 pass=false
Sep 24 23:04:34.085 INF API: test started suite=0 test=2398 name="interop/typed-zero-cap-positive-tip/trace/trace (reth_development)"
Sep 24 23:04:34.087 INF API: test ended suite=0 test=2398 pass=false
Sep 24 23:04:34.087 INF API: test started suite=0 test=2399 name="interop/typed-zero-cap-positive-tip/trace/vmTrace (reth_development)"
Sep 24 23:04:34.089 INF API: test ended suite=0 test=2399 pass=false
Sep 24 23:04:34.089 INF API: test started suite=0 test=2400 name="interop/typed-zero-tip/eth (reth_development)"
Sep 24 23:04:34.090 INF API: test ended suite=0 test=2400 pass=false
Sep 24 23:04:34.091 INF API: test started suite=0 test=2401 name="interop/typed-zero-tip/trace/none (reth_development)"
Sep 24 23:04:34.092 INF API: test ended suite=0 test=2401 pass=false
Sep 24 23:04:34.093 INF API: test started suite=0 test=2402 name="interop/typed-zero-tip/trace/stateDiff-vmTrace (reth_development)"
Sep 24 23:04:34.097 INF API: test ended suite=0 test=2402 pass=false
Sep 24 23:04:34.097 INF API: test started suite=0 test=2403 name="interop/typed-zero-tip/trace/stateDiff (reth_development)"
Sep 24 23:04:34.099 INF API: test ended suite=0 test=2403 pass=false
Sep 24 23:04:34.100 INF API: test started suite=0 test=2404 name="interop/typed-zero-tip/trace/trace-stateDiff-vmTrace (reth_development)"
Sep 24 23:04:34.102 INF API: test ended suite=0 test=2404 pass=false
Sep 24 23:04:34.103 INF API: test started suite=0 test=2405 name="interop/typed-zero-tip/trace/trace-stateDiff (reth_development)"
Sep 24 23:04:34.105 INF API: test ended suite=0 test=2405 pass=false
Sep 24 23:04:34.105 INF API: test started suite=0 test=2406 name="interop/typed-zero-tip/trace/trace-vmTrace (reth_development)"
Sep 24 23:04:34.108 INF API: test ended suite=0 test=2406 pass=false
Sep 24 23:04:34.109 INF API: test started suite=0 test=2407 name="interop/typed-zero-tip/trace/trace (reth_development)"
Sep 24 23:04:34.110 INF API: test ended suite=0 test=2407 pass=false
Sep 24 23:04:34.111 INF API: test started suite=0 test=2408 name="interop/typed-zero-tip/trace/vmTrace (reth_development)"
Sep 24 23:04:34.114 INF API: test ended suite=0 test=2408 pass=false
Sep 24 23:04:34.388 INF API: test ended suite=0 test=2108 pass=true
Sep 24 23:04:34.389 INF API: test started suite=0 test=2409 name="client launch (reth_release)"
Sep 24 23:04:36.302 INF API: client reth_release started suite=0 test=2409 container=c521fe76
Sep 24 23:04:36.325 INF API: test started suite=0 test=2410 name="interop/_control/empty-balance (reth_release)"
Sep 24 23:04:36.338 INF API: test ended suite=0 test=2410 pass=false
Sep 24 23:04:36.339 INF API: test started suite=0 test=2411 name="interop/_control/empty-code (reth_release)"
Sep 24 23:04:36.340 INF API: test ended suite=0 test=2411 pass=false
Sep 24 23:04:36.341 INF API: test started suite=0 test=2412 name="interop/_control/empty-nonce (reth_release)"
Sep 24 23:04:36.342 INF API: test ended suite=0 test=2412 pass=false
Sep 24 23:04:36.343 INF API: test started suite=0 test=2413 name="interop/_control/head (reth_release)"
Sep 24 23:04:36.345 INF API: test ended suite=0 test=2413 pass=false
Sep 24 23:04:36.345 INF API: test started suite=0 test=2414 name="interop/_control/latest (reth_release)"
Sep 24 23:04:36.347 INF API: test ended suite=0 test=2414 pass=false
Sep 24 23:04:36.348 INF API: test started suite=0 test=2415 name="interop/_control/miner-balance (reth_release)"
Sep 24 23:04:36.349 INF API: test ended suite=0 test=2415 pass=false
Sep 24 23:04:36.349 INF API: test started suite=0 test=2416 name="interop/_control/miner-code (reth_release)"
Sep 24 23:04:36.350 INF API: test ended suite=0 test=2416 pass=false
Sep 24 23:04:36.351 INF API: test started suite=0 test=2417 name="interop/_control/miner-nonce (reth_release)"
Sep 24 23:04:36.352 INF API: test ended suite=0 test=2417 pass=false
Sep 24 23:04:36.353 INF API: test started suite=0 test=2418 name="interop/_control/sender-balance (reth_release)"
Sep 24 23:04:36.354 INF API: test ended suite=0 test=2418 pass=false
Sep 24 23:04:36.355 INF API: test started suite=0 test=2419 name="interop/_control/sender-code (reth_release)"
Sep 24 23:04:36.356 INF API: test ended suite=0 test=2419 pass=false
Sep 24 23:04:36.357 INF API: test started suite=0 test=2420 name="interop/_control/sender-nonce (reth_release)"
Sep 24 23:04:36.357 INF API: test ended suite=0 test=2420 pass=false
Sep 24 23:04:36.358 INF API: test started suite=0 test=2421 name="interop/_control/version (reth_release)"
Sep 24 23:04:36.359 INF API: test ended suite=0 test=2421 pass=false
Sep 24 23:04:36.360 INF API: test started suite=0 test=2422 name="interop/defaults-cap-only-positive/eth (reth_release)"
Sep 24 23:04:36.361 INF API: test ended suite=0 test=2422 pass=false
Sep 24 23:04:36.362 INF API: test started suite=0 test=2423 name="interop/defaults-cap-only-positive/trace/none (reth_release)"
Sep 24 23:04:36.363 INF API: test ended suite=0 test=2423 pass=false
Sep 24 23:04:36.364 INF API: test started suite=0 test=2424 name="interop/defaults-cap-only-positive/trace/stateDiff-vmTrace (reth_release)"
Sep 24 23:04:36.367 INF API: test ended suite=0 test=2424 pass=false
Sep 24 23:04:36.367 INF API: test started suite=0 test=2425 name="interop/defaults-cap-only-positive/trace/stateDiff (reth_release)"
Sep 24 23:04:36.369 INF API: test ended suite=0 test=2425 pass=false
Sep 24 23:04:36.369 INF API: test started suite=0 test=2426 name="interop/defaults-cap-only-positive/trace/trace-stateDiff-vmTrace (reth_release)"
Sep 24 23:04:36.372 INF API: test ended suite=0 test=2426 pass=false
Sep 24 23:04:36.373 INF API: test started suite=0 test=2427 name="interop/defaults-cap-only-positive/trace/trace-stateDiff (reth_release)"
Sep 24 23:04:36.374 INF API: test ended suite=0 test=2427 pass=false
Sep 24 23:04:36.375 INF API: test started suite=0 test=2428 name="interop/defaults-cap-only-positive/trace/trace-vmTrace (reth_release)"
Sep 24 23:04:36.377 INF API: test ended suite=0 test=2428 pass=false
Sep 24 23:04:36.378 INF API: test started suite=0 test=2429 name="interop/defaults-cap-only-positive/trace/trace (reth_release)"
Sep 24 23:04:36.379 INF API: test ended suite=0 test=2429 pass=false
Sep 24 23:04:36.380 INF API: test started suite=0 test=2430 name="interop/defaults-cap-only-positive/trace/vmTrace (reth_release)"
Sep 24 23:04:36.383 INF API: test ended suite=0 test=2430 pass=false
Sep 24 23:04:36.383 INF API: test started suite=0 test=2431 name="interop/defaults-cap-only-zero/eth (reth_release)"
Sep 24 23:04:36.384 INF API: test ended suite=0 test=2431 pass=false
Sep 24 23:04:36.385 INF API: test started suite=0 test=2432 name="interop/defaults-cap-only-zero/trace/none (reth_release)"
Sep 24 23:04:36.387 INF API: test ended suite=0 test=2432 pass=false
Sep 24 23:04:36.388 INF API: test started suite=0 test=2433 name="interop/defaults-cap-only-zero/trace/stateDiff-vmTrace (reth_release)"
Sep 24 23:04:36.390 INF API: test ended suite=0 test=2433 pass=false
Sep 24 23:04:36.391 INF API: test started suite=0 test=2434 name="interop/defaults-cap-only-zero/trace/stateDiff (reth_release)"
Sep 24 23:04:36.392 INF API: test ended suite=0 test=2434 pass=false
Sep 24 23:04:36.393 INF API: test started suite=0 test=2435 name="interop/defaults-cap-only-zero/trace/trace-stateDiff-vmTrace (reth_release)"
Sep 24 23:04:36.395 INF API: test ended suite=0 test=2435 pass=false
Sep 24 23:04:36.396 INF API: test started suite=0 test=2436 name="interop/defaults-cap-only-zero/trace/trace-stateDiff (reth_release)"
Sep 24 23:04:36.397 INF API: test ended suite=0 test=2436 pass=false
Sep 24 23:04:36.398 INF API: test started suite=0 test=2437 name="interop/defaults-cap-only-zero/trace/trace-vmTrace (reth_release)"
Sep 24 23:04:36.401 INF API: test ended suite=0 test=2437 pass=false
Sep 24 23:04:36.401 INF API: test started suite=0 test=2438 name="interop/defaults-cap-only-zero/trace/trace (reth_release)"
Sep 24 23:04:36.403 INF API: test ended suite=0 test=2438 pass=false
Sep 24 23:04:36.404 INF API: test started suite=0 test=2439 name="interop/defaults-cap-only-zero/trace/vmTrace (reth_release)"
Sep 24 23:04:36.406 INF API: test ended suite=0 test=2439 pass=false
Sep 24 23:04:36.407 INF API: test started suite=0 test=2440 name="interop/defaults-omitted/eth (reth_release)"
Sep 24 23:04:36.408 INF API: test ended suite=0 test=2440 pass=false
Sep 24 23:04:36.409 INF API: test started suite=0 test=2441 name="interop/defaults-omitted/trace/none (reth_release)"
Sep 24 23:04:36.410 INF API: test ended suite=0 test=2441 pass=false
Sep 24 23:04:36.411 INF API: test started suite=0 test=2442 name="interop/defaults-omitted/trace/stateDiff-vmTrace (reth_release)"
Sep 24 23:04:36.414 INF API: test ended suite=0 test=2442 pass=false
Sep 24 23:04:36.415 INF API: test started suite=0 test=2443 name="interop/defaults-omitted/trace/stateDiff (reth_release)"
Sep 24 23:04:36.416 INF API: test ended suite=0 test=2443 pass=false
Sep 24 23:04:36.417 INF API: test started suite=0 test=2444 name="interop/defaults-omitted/trace/trace-stateDiff-vmTrace (reth_release)"
Sep 24 23:04:36.420 INF API: test ended suite=0 test=2444 pass=false
Sep 24 23:04:36.421 INF API: test started suite=0 test=2445 name="interop/defaults-omitted/trace/trace-stateDiff (reth_release)"
Sep 24 23:04:36.422 INF API: test ended suite=0 test=2445 pass=false
Sep 24 23:04:36.423 INF API: test started suite=0 test=2446 name="interop/defaults-omitted/trace/trace-vmTrace (reth_release)"
Sep 24 23:04:36.427 INF API: test ended suite=0 test=2446 pass=false
Sep 24 23:04:36.428 INF API: test started suite=0 test=2447 name="interop/defaults-omitted/trace/trace (reth_release)"
Sep 24 23:04:36.429 INF API: test ended suite=0 test=2447 pass=false
Sep 24 23:04:36.430 INF API: test started suite=0 test=2448 name="interop/defaults-omitted/trace/vmTrace (reth_release)"
Sep 24 23:04:36.433 INF API: test ended suite=0 test=2448 pass=false
Sep 24 23:04:36.434 INF API: test started suite=0 test=2449 name="interop/defaults-tip-only-positive/eth (reth_release)"
Sep 24 23:04:36.435 INF API: test ended suite=0 test=2449 pass=false
Sep 24 23:04:36.436 INF API: test started suite=0 test=2450 name="interop/defaults-tip-only-positive/trace/none (reth_release)"
Sep 24 23:04:36.437 INF API: test ended suite=0 test=2450 pass=false
Sep 24 23:04:36.438 INF API: test started suite=0 test=2451 name="interop/defaults-tip-only-positive/trace/stateDiff-vmTrace (reth_release)"
Sep 24 23:04:36.441 INF API: test ended suite=0 test=2451 pass=false
Sep 24 23:04:36.441 INF API: test started suite=0 test=2452 name="interop/defaults-tip-only-positive/trace/stateDiff (reth_release)"
Sep 24 23:04:36.443 INF API: test ended suite=0 test=2452 pass=false
Sep 24 23:04:36.443 INF API: test started suite=0 test=2453 name="interop/defaults-tip-only-positive/trace/trace-stateDiff-vmTrace (reth_release)"
Sep 24 23:04:36.446 INF API: test ended suite=0 test=2453 pass=false
Sep 24 23:04:36.447 INF API: test started suite=0 test=2454 name="interop/defaults-tip-only-positive/trace/trace-stateDiff (reth_release)"
Sep 24 23:04:36.448 INF API: test ended suite=0 test=2454 pass=false
Sep 24 23:04:36.449 INF API: test started suite=0 test=2455 name="interop/defaults-tip-only-positive/trace/trace-vmTrace (reth_release)"
Sep 24 23:04:36.451 INF API: test ended suite=0 test=2455 pass=false
Sep 24 23:04:36.452 INF API: test started suite=0 test=2456 name="interop/defaults-tip-only-positive/trace/trace (reth_release)"
Sep 24 23:04:36.454 INF API: test ended suite=0 test=2456 pass=false
Sep 24 23:04:36.454 INF API: test started suite=0 test=2457 name="interop/defaults-tip-only-positive/trace/vmTrace (reth_release)"
Sep 24 23:04:36.457 INF API: test ended suite=0 test=2457 pass=false
Sep 24 23:04:36.458 INF API: test started suite=0 test=2458 name="interop/defaults-tip-only-zero/eth (reth_release)"
Sep 24 23:04:36.460 INF API: test ended suite=0 test=2458 pass=false
Sep 24 23:04:36.460 INF API: test started suite=0 test=2459 name="interop/defaults-tip-only-zero/trace/none (reth_release)"
Sep 24 23:04:36.462 INF API: test ended suite=0 test=2459 pass=false
Sep 24 23:04:36.462 INF API: test started suite=0 test=2460 name="interop/defaults-tip-only-zero/trace/stateDiff-vmTrace (reth_release)"
Sep 24 23:04:36.465 INF API: test ended suite=0 test=2460 pass=false
Sep 24 23:04:36.466 INF API: test started suite=0 test=2461 name="interop/defaults-tip-only-zero/trace/stateDiff (reth_release)"
Sep 24 23:04:36.467 INF API: test ended suite=0 test=2461 pass=false
Sep 24 23:04:36.468 INF API: test started suite=0 test=2462 name="interop/defaults-tip-only-zero/trace/trace-stateDiff-vmTrace (reth_release)"
Sep 24 23:04:36.471 INF API: test ended suite=0 test=2462 pass=false
Sep 24 23:04:36.472 INF API: test started suite=0 test=2463 name="interop/defaults-tip-only-zero/trace/trace-stateDiff (reth_release)"
Sep 24 23:04:36.473 INF API: test ended suite=0 test=2463 pass=false
Sep 24 23:04:36.474 INF API: test started suite=0 test=2464 name="interop/defaults-tip-only-zero/trace/trace-vmTrace (reth_release)"
Sep 24 23:04:36.477 INF API: test ended suite=0 test=2464 pass=false
Sep 24 23:04:36.477 INF API: test started suite=0 test=2465 name="interop/defaults-tip-only-zero/trace/trace (reth_release)"
Sep 24 23:04:36.479 INF API: test ended suite=0 test=2465 pass=false
Sep 24 23:04:36.480 INF API: test started suite=0 test=2466 name="interop/defaults-tip-only-zero/trace/vmTrace (reth_release)"
Sep 24 23:04:36.482 INF API: test ended suite=0 test=2466 pass=false
Sep 24 23:04:36.483 INF API: test started suite=0 test=2467 name="interop/empty-sender-free/eth (reth_release)"
Sep 24 23:04:36.484 INF API: test ended suite=0 test=2467 pass=false
Sep 24 23:04:36.485 INF API: test started suite=0 test=2468 name="interop/empty-sender-free/trace/none (reth_release)"
Sep 24 23:04:36.486 INF API: test ended suite=0 test=2468 pass=false
Sep 24 23:04:36.487 INF API: test started suite=0 test=2469 name="interop/empty-sender-free/trace/stateDiff-vmTrace (reth_release)"
Sep 24 23:04:36.491 INF API: test ended suite=0 test=2469 pass=false
Sep 24 23:04:36.492 INF API: test started suite=0 test=2470 name="interop/empty-sender-free/trace/stateDiff (reth_release)"
Sep 24 23:04:36.493 INF API: test ended suite=0 test=2470 pass=false
Sep 24 23:04:36.494 INF API: test started suite=0 test=2471 name="interop/empty-sender-free/trace/trace-stateDiff-vmTrace (reth_release)"
Sep 24 23:04:36.497 INF API: test ended suite=0 test=2471 pass=false
Sep 24 23:04:36.498 INF API: test started suite=0 test=2472 name="interop/empty-sender-free/trace/trace-stateDiff (reth_release)"
Sep 24 23:04:36.499 INF API: test ended suite=0 test=2472 pass=false
Sep 24 23:04:36.500 INF API: test started suite=0 test=2473 name="interop/empty-sender-free/trace/trace-vmTrace (reth_release)"
Sep 24 23:04:36.503 INF API: test ended suite=0 test=2473 pass=false
Sep 24 23:04:36.504 INF API: test started suite=0 test=2474 name="interop/empty-sender-free/trace/trace (reth_release)"
Sep 24 23:04:36.506 INF API: test ended suite=0 test=2474 pass=false
Sep 24 23:04:36.507 INF API: test started suite=0 test=2475 name="interop/empty-sender-free/trace/vmTrace (reth_release)"
Sep 24 23:04:36.509 INF API: test ended suite=0 test=2475 pass=false
Sep 24 23:04:36.510 INF API: test started suite=0 test=2476 name="interop/empty-sender-priced/eth (reth_release)"
Sep 24 23:04:36.511 INF API: test ended suite=0 test=2476 pass=false
Sep 24 23:04:36.512 INF API: test started suite=0 test=2477 name="interop/empty-sender-priced/trace/none (reth_release)"
Sep 24 23:04:36.514 INF API: test ended suite=0 test=2477 pass=false
Sep 24 23:04:36.515 INF API: test started suite=0 test=2478 name="interop/empty-sender-priced/trace/stateDiff-vmTrace (reth_release)"
Sep 24 23:04:36.518 INF API: test ended suite=0 test=2478 pass=false
Sep 24 23:04:36.519 INF API: test started suite=0 test=2479 name="interop/empty-sender-priced/trace/stateDiff (reth_release)"
Sep 24 23:04:36.521 INF API: test ended suite=0 test=2479 pass=false
Sep 24 23:04:36.524 INF API: test started suite=0 test=2480 name="interop/empty-sender-priced/trace/trace-stateDiff-vmTrace (reth_release)"
Sep 24 23:04:36.527 INF API: test ended suite=0 test=2480 pass=false
Sep 24 23:04:36.528 INF API: test started suite=0 test=2481 name="interop/empty-sender-priced/trace/trace-stateDiff (reth_release)"
Sep 24 23:04:36.530 INF API: test ended suite=0 test=2481 pass=false
Sep 24 23:04:36.530 INF API: test started suite=0 test=2482 name="interop/empty-sender-priced/trace/trace-vmTrace (reth_release)"
Sep 24 23:04:36.533 INF API: test ended suite=0 test=2482 pass=false
Sep 24 23:04:36.534 INF API: test started suite=0 test=2483 name="interop/empty-sender-priced/trace/trace (reth_release)"
Sep 24 23:04:36.535 INF API: test ended suite=0 test=2483 pass=false
Sep 24 23:04:36.536 INF API: test started suite=0 test=2484 name="interop/empty-sender-priced/trace/vmTrace (reth_release)"
Sep 24 23:04:36.539 INF API: test ended suite=0 test=2484 pass=false
Sep 24 23:04:36.540 INF API: test started suite=0 test=2485 name="interop/funding-free-exact/eth (reth_release)"
Sep 24 23:04:36.541 INF API: test ended suite=0 test=2485 pass=false
Sep 24 23:04:36.542 INF API: test started suite=0 test=2486 name="interop/funding-free-exact/trace/none (reth_release)"
Sep 24 23:04:36.543 INF API: test ended suite=0 test=2486 pass=false
Sep 24 23:04:36.544 INF API: test started suite=0 test=2487 name="interop/funding-free-exact/trace/stateDiff-vmTrace (reth_release)"
Sep 24 23:04:36.547 INF API: test ended suite=0 test=2487 pass=false
Sep 24 23:04:36.548 INF API: test started suite=0 test=2488 name="interop/funding-free-exact/trace/stateDiff (reth_release)"
Sep 24 23:04:36.549 INF API: test ended suite=0 test=2488 pass=false
Sep 24 23:04:36.550 INF API: test started suite=0 test=2489 name="interop/funding-free-exact/trace/trace-stateDiff-vmTrace (reth_release)"
Sep 24 23:04:36.554 INF API: test ended suite=0 test=2489 pass=false
Sep 24 23:04:36.554 INF API: test started suite=0 test=2490 name="interop/funding-free-exact/trace/trace-stateDiff (reth_release)"
Sep 24 23:04:36.556 INF API: test ended suite=0 test=2490 pass=false
Sep 24 23:04:36.557 INF API: test started suite=0 test=2491 name="interop/funding-free-exact/trace/trace-vmTrace (reth_release)"
Sep 24 23:04:36.560 INF API: test ended suite=0 test=2491 pass=false
Sep 24 23:04:36.560 INF API: test started suite=0 test=2492 name="interop/funding-free-exact/trace/trace (reth_release)"
Sep 24 23:04:36.562 INF API: test ended suite=0 test=2492 pass=false
Sep 24 23:04:36.563 INF API: test started suite=0 test=2493 name="interop/funding-free-exact/trace/vmTrace (reth_release)"
Sep 24 23:04:36.566 INF API: test ended suite=0 test=2493 pass=false
Sep 24 23:04:36.567 INF API: test started suite=0 test=2494 name="interop/funding-free-short/eth (reth_release)"
Sep 24 23:04:36.569 INF API: test ended suite=0 test=2494 pass=false
Sep 24 23:04:36.569 INF API: test started suite=0 test=2495 name="interop/funding-free-short/trace/none (reth_release)"
Sep 24 23:04:36.571 INF API: test ended suite=0 test=2495 pass=false
Sep 24 23:04:36.572 INF API: test started suite=0 test=2496 name="interop/funding-free-short/trace/stateDiff-vmTrace (reth_release)"
Sep 24 23:04:36.573 INF API: test ended suite=0 test=2496 pass=false
Sep 24 23:04:36.573 INF API: test started suite=0 test=2497 name="interop/funding-free-short/trace/stateDiff (reth_release)"
Sep 24 23:04:36.575 INF API: test ended suite=0 test=2497 pass=false
Sep 24 23:04:36.575 INF API: test started suite=0 test=2498 name="interop/funding-free-short/trace/trace-stateDiff-vmTrace (reth_release)"
Sep 24 23:04:36.577 INF API: test ended suite=0 test=2498 pass=false
Sep 24 23:04:36.577 INF API: test started suite=0 test=2499 name="interop/funding-free-short/trace/trace-stateDiff (reth_release)"
Sep 24 23:04:36.579 INF API: test ended suite=0 test=2499 pass=false
Sep 24 23:04:36.579 INF API: test started suite=0 test=2500 name="interop/funding-free-short/trace/trace-vmTrace (reth_release)"
Sep 24 23:04:36.581 INF API: test ended suite=0 test=2500 pass=false
Sep 24 23:04:36.581 INF API: test started suite=0 test=2501 name="interop/funding-free-short/trace/trace (reth_release)"
Sep 24 23:04:36.582 INF API: test ended suite=0 test=2501 pass=false
Sep 24 23:04:36.583 INF API: test started suite=0 test=2502 name="interop/funding-free-short/trace/vmTrace (reth_release)"
Sep 24 23:04:36.584 INF API: test ended suite=0 test=2502 pass=false
Sep 24 23:04:36.585 INF API: test started suite=0 test=2503 name="interop/funding-legacy-exact/eth (reth_release)"
Sep 24 23:04:36.586 INF API: test ended suite=0 test=2503 pass=false
Sep 24 23:04:36.587 INF API: test started suite=0 test=2504 name="interop/funding-legacy-exact/trace/none (reth_release)"
Sep 24 23:04:36.588 INF API: test ended suite=0 test=2504 pass=false
Sep 24 23:04:36.589 INF API: test started suite=0 test=2505 name="interop/funding-legacy-exact/trace/stateDiff-vmTrace (reth_release)"
Sep 24 23:04:36.593 INF API: test ended suite=0 test=2505 pass=false
Sep 24 23:04:36.594 INF API: test started suite=0 test=2506 name="interop/funding-legacy-exact/trace/stateDiff (reth_release)"
Sep 24 23:04:36.595 INF API: test ended suite=0 test=2506 pass=false
Sep 24 23:04:36.596 INF API: test started suite=0 test=2507 name="interop/funding-legacy-exact/trace/trace-stateDiff-vmTrace (reth_release)"
Sep 24 23:04:36.599 INF API: test ended suite=0 test=2507 pass=false
Sep 24 23:04:36.600 INF API: test started suite=0 test=2508 name="interop/funding-legacy-exact/trace/trace-stateDiff (reth_release)"
Sep 24 23:04:36.601 INF API: test ended suite=0 test=2508 pass=false
Sep 24 23:04:36.602 INF API: test started suite=0 test=2509 name="interop/funding-legacy-exact/trace/trace-vmTrace (reth_release)"
Sep 24 23:04:36.605 INF API: test ended suite=0 test=2509 pass=false
Sep 24 23:04:36.606 INF API: test started suite=0 test=2510 name="interop/funding-legacy-exact/trace/trace (reth_release)"
Sep 24 23:04:36.607 INF API: test ended suite=0 test=2510 pass=false
Sep 24 23:04:36.608 INF API: test started suite=0 test=2511 name="interop/funding-legacy-exact/trace/vmTrace (reth_release)"
Sep 24 23:04:36.611 INF API: test ended suite=0 test=2511 pass=false
Sep 24 23:04:36.612 INF API: test started suite=0 test=2512 name="interop/funding-legacy-short/eth (reth_release)"
Sep 24 23:04:36.613 INF API: test ended suite=0 test=2512 pass=false
Sep 24 23:04:36.614 INF API: test started suite=0 test=2513 name="interop/funding-legacy-short/trace/none (reth_release)"
Sep 24 23:04:36.615 INF API: test ended suite=0 test=2513 pass=false
Sep 24 23:04:36.616 INF API: test started suite=0 test=2514 name="interop/funding-legacy-short/trace/stateDiff-vmTrace (reth_release)"
Sep 24 23:04:36.619 INF API: test ended suite=0 test=2514 pass=false
Sep 24 23:04:36.620 INF API: test started suite=0 test=2515 name="interop/funding-legacy-short/trace/stateDiff (reth_release)"
Sep 24 23:04:36.621 INF API: test ended suite=0 test=2515 pass=false
Sep 24 23:04:36.622 INF API: test started suite=0 test=2516 name="interop/funding-legacy-short/trace/trace-stateDiff-vmTrace (reth_release)"
Sep 24 23:04:36.624 INF API: test ended suite=0 test=2516 pass=false
Sep 24 23:04:36.626 INF API: test started suite=0 test=2517 name="interop/funding-legacy-short/trace/trace-stateDiff (reth_release)"
Sep 24 23:04:36.628 INF API: test ended suite=0 test=2517 pass=false
Sep 24 23:04:36.628 INF API: test started suite=0 test=2518 name="interop/funding-legacy-short/trace/trace-vmTrace (reth_release)"
Sep 24 23:04:36.631 INF API: test ended suite=0 test=2518 pass=false
Sep 24 23:04:36.631 INF API: test started suite=0 test=2519 name="interop/funding-legacy-short/trace/trace (reth_release)"
Sep 24 23:04:36.633 INF API: test ended suite=0 test=2519 pass=false
Sep 24 23:04:36.634 INF API: test started suite=0 test=2520 name="interop/funding-legacy-short/trace/vmTrace (reth_release)"
Sep 24 23:04:36.636 INF API: test ended suite=0 test=2520 pass=false
Sep 24 23:04:36.637 INF API: test started suite=0 test=2521 name="interop/funding-typed-effective-only/eth (reth_release)"
Sep 24 23:04:36.638 INF API: test ended suite=0 test=2521 pass=false
Sep 24 23:04:36.639 INF API: test started suite=0 test=2522 name="interop/funding-typed-effective-only/trace/none (reth_release)"
Sep 24 23:04:36.640 INF API: test ended suite=0 test=2522 pass=false
Sep 24 23:04:36.641 INF API: test started suite=0 test=2523 name="interop/funding-typed-effective-only/trace/stateDiff-vmTrace (reth_release)"
Sep 24 23:04:36.644 INF API: test ended suite=0 test=2523 pass=false
Sep 24 23:04:36.645 INF API: test started suite=0 test=2524 name="interop/funding-typed-effective-only/trace/stateDiff (reth_release)"
Sep 24 23:04:36.646 INF API: test ended suite=0 test=2524 pass=false
Sep 24 23:04:36.647 INF API: test started suite=0 test=2525 name="interop/funding-typed-effective-only/trace/trace-stateDiff-vmTrace (reth_release)"
Sep 24 23:04:36.650 INF API: test ended suite=0 test=2525 pass=false
Sep 24 23:04:36.651 INF API: test started suite=0 test=2526 name="interop/funding-typed-effective-only/trace/trace-stateDiff (reth_release)"
Sep 24 23:04:36.653 INF API: test ended suite=0 test=2526 pass=false
Sep 24 23:04:36.654 INF API: test started suite=0 test=2527 name="interop/funding-typed-effective-only/trace/trace-vmTrace (reth_release)"
Sep 24 23:04:36.778 INF API: test ended suite=0 test=2527 pass=false
Sep 24 23:04:36.779 INF API: test started suite=0 test=2528 name="interop/funding-typed-effective-only/trace/trace (reth_release)"
Sep 24 23:04:36.782 INF API: test ended suite=0 test=2528 pass=false
Sep 24 23:04:36.783 INF API: test started suite=0 test=2529 name="interop/funding-typed-effective-only/trace/vmTrace (reth_release)"
Sep 24 23:04:36.785 INF API: test ended suite=0 test=2529 pass=false
Sep 24 23:04:36.786 INF API: test started suite=0 test=2530 name="interop/funding-typed-exact/eth (reth_release)"
Sep 24 23:04:36.787 INF API: test ended suite=0 test=2530 pass=false
Sep 24 23:04:36.788 INF API: test started suite=0 test=2531 name="interop/funding-typed-exact/trace/none (reth_release)"
Sep 24 23:04:36.789 INF API: test ended suite=0 test=2531 pass=false
Sep 24 23:04:36.790 INF API: test started suite=0 test=2532 name="interop/funding-typed-exact/trace/stateDiff-vmTrace (reth_release)"
Sep 24 23:04:36.793 INF API: test ended suite=0 test=2532 pass=false
Sep 24 23:04:36.794 INF API: test started suite=0 test=2533 name="interop/funding-typed-exact/trace/stateDiff (reth_release)"
Sep 24 23:04:36.795 INF API: test ended suite=0 test=2533 pass=false
Sep 24 23:04:36.796 INF API: test started suite=0 test=2534 name="interop/funding-typed-exact/trace/trace-stateDiff-vmTrace (reth_release)"
Sep 24 23:04:36.799 INF API: test ended suite=0 test=2534 pass=false
Sep 24 23:04:36.800 INF API: test started suite=0 test=2535 name="interop/funding-typed-exact/trace/trace-stateDiff (reth_release)"
Sep 24 23:04:36.802 INF API: test ended suite=0 test=2535 pass=false
Sep 24 23:04:36.803 INF API: test started suite=0 test=2536 name="interop/funding-typed-exact/trace/trace-vmTrace (reth_release)"
Sep 24 23:04:36.806 INF API: test ended suite=0 test=2536 pass=false
Sep 24 23:04:36.807 INF API: test started suite=0 test=2537 name="interop/funding-typed-exact/trace/trace (reth_release)"
Sep 24 23:04:36.808 INF API: test ended suite=0 test=2537 pass=false
Sep 24 23:04:36.809 INF API: test started suite=0 test=2538 name="interop/funding-typed-exact/trace/vmTrace (reth_release)"
Sep 24 23:04:36.816 INF API: test ended suite=0 test=2538 pass=false
Sep 24 23:04:36.818 INF API: test started suite=0 test=2539 name="interop/funding-typed-free-exact/eth (reth_release)"
Sep 24 23:04:36.820 INF API: test ended suite=0 test=2539 pass=false
Sep 24 23:04:36.821 INF API: test started suite=0 test=2540 name="interop/funding-typed-free-exact/trace/none (reth_release)"
Sep 24 23:04:36.823 INF API: test ended suite=0 test=2540 pass=false
Sep 24 23:04:36.824 INF API: test started suite=0 test=2541 name="interop/funding-typed-free-exact/trace/stateDiff-vmTrace (reth_release)"
Sep 24 23:04:36.827 INF API: test ended suite=0 test=2541 pass=false
Sep 24 23:04:36.828 INF API: test started suite=0 test=2542 name="interop/funding-typed-free-exact/trace/stateDiff (reth_release)"
Sep 24 23:04:36.831 INF API: test ended suite=0 test=2542 pass=false
Sep 24 23:04:36.832 INF API: test started suite=0 test=2543 name="interop/funding-typed-free-exact/trace/trace-stateDiff-vmTrace (reth_release)"
Sep 24 23:04:36.836 INF API: test ended suite=0 test=2543 pass=false
Sep 24 23:04:36.837 INF API: test started suite=0 test=2544 name="interop/funding-typed-free-exact/trace/trace-stateDiff (reth_release)"
Sep 24 23:04:36.839 INF API: test ended suite=0 test=2544 pass=false
Sep 24 23:04:36.840 INF API: test started suite=0 test=2545 name="interop/funding-typed-free-exact/trace/trace-vmTrace (reth_release)"
Sep 24 23:04:36.843 INF API: test ended suite=0 test=2545 pass=false
Sep 24 23:04:36.844 INF API: test started suite=0 test=2546 name="interop/funding-typed-free-exact/trace/trace (reth_release)"
Sep 24 23:04:36.845 INF API: test ended suite=0 test=2546 pass=false
Sep 24 23:04:36.846 INF API: test started suite=0 test=2547 name="interop/funding-typed-free-exact/trace/vmTrace (reth_release)"
Sep 24 23:04:36.849 INF API: test ended suite=0 test=2547 pass=false
Sep 24 23:04:36.850 INF API: test started suite=0 test=2548 name="interop/funding-typed-free-short/eth (reth_release)"
Sep 24 23:04:36.851 INF API: test ended suite=0 test=2548 pass=false
Sep 24 23:04:36.852 INF API: test started suite=0 test=2549 name="interop/funding-typed-free-short/trace/none (reth_release)"
Sep 24 23:04:36.853 INF API: test ended suite=0 test=2549 pass=false
Sep 24 23:04:36.854 INF API: test started suite=0 test=2550 name="interop/funding-typed-free-short/trace/stateDiff-vmTrace (reth_release)"
Sep 24 23:04:36.856 INF API: test ended suite=0 test=2550 pass=false
Sep 24 23:04:36.856 INF API: test started suite=0 test=2551 name="interop/funding-typed-free-short/trace/stateDiff (reth_release)"
Sep 24 23:04:36.858 INF API: test ended suite=0 test=2551 pass=false
Sep 24 23:04:36.858 INF API: test started suite=0 test=2552 name="interop/funding-typed-free-short/trace/trace-stateDiff-vmTrace (reth_release)"
Sep 24 23:04:36.860 INF API: test ended suite=0 test=2552 pass=false
Sep 24 23:04:36.860 INF API: test started suite=0 test=2553 name="interop/funding-typed-free-short/trace/trace-stateDiff (reth_release)"
Sep 24 23:04:36.862 INF API: test ended suite=0 test=2553 pass=false
Sep 24 23:04:36.863 INF API: test started suite=0 test=2554 name="interop/funding-typed-free-short/trace/trace-vmTrace (reth_release)"
Sep 24 23:04:36.864 INF API: test ended suite=0 test=2554 pass=false
Sep 24 23:04:36.865 INF API: test started suite=0 test=2555 name="interop/funding-typed-free-short/trace/trace (reth_release)"
Sep 24 23:04:36.866 INF API: test ended suite=0 test=2555 pass=false
Sep 24 23:04:36.867 INF API: test started suite=0 test=2556 name="interop/funding-typed-free-short/trace/vmTrace (reth_release)"
Sep 24 23:04:36.868 INF API: test ended suite=0 test=2556 pass=false
Sep 24 23:04:36.869 INF API: test started suite=0 test=2557 name="interop/funding-typed-short/eth (reth_release)"
Sep 24 23:04:36.870 INF API: test ended suite=0 test=2557 pass=false
Sep 24 23:04:36.871 INF API: test started suite=0 test=2558 name="interop/funding-typed-short/trace/none (reth_release)"
Sep 24 23:04:36.872 INF API: test ended suite=0 test=2558 pass=false
Sep 24 23:04:36.873 INF API: test started suite=0 test=2559 name="interop/funding-typed-short/trace/stateDiff-vmTrace (reth_release)"
Sep 24 23:04:36.877 INF API: test ended suite=0 test=2559 pass=false
Sep 24 23:04:36.877 INF API: test started suite=0 test=2560 name="interop/funding-typed-short/trace/stateDiff (reth_release)"
Sep 24 23:04:36.879 INF API: test ended suite=0 test=2560 pass=false
Sep 24 23:04:36.880 INF API: test started suite=0 test=2561 name="interop/funding-typed-short/trace/trace-stateDiff-vmTrace (reth_release)"
Sep 24 23:04:36.883 INF API: test ended suite=0 test=2561 pass=false
Sep 24 23:04:36.883 INF API: test started suite=0 test=2562 name="interop/funding-typed-short/trace/trace-stateDiff (reth_release)"
Sep 24 23:04:36.885 INF API: test ended suite=0 test=2562 pass=false
Sep 24 23:04:36.886 INF API: test started suite=0 test=2563 name="interop/funding-typed-short/trace/trace-vmTrace (reth_release)"
Sep 24 23:04:36.889 INF API: test ended suite=0 test=2563 pass=false
Sep 24 23:04:36.890 INF API: test started suite=0 test=2564 name="interop/funding-typed-short/trace/trace (reth_release)"
Sep 24 23:04:36.891 INF API: test ended suite=0 test=2564 pass=false
Sep 24 23:04:36.892 INF API: test started suite=0 test=2565 name="interop/funding-typed-short/trace/vmTrace (reth_release)"
Sep 24 23:04:36.895 INF API: test ended suite=0 test=2565 pass=false
Sep 24 23:04:36.896 INF API: test started suite=0 test=2566 name="interop/legacy-above-base/eth (reth_release)"
Sep 24 23:04:36.897 INF API: test ended suite=0 test=2566 pass=false
Sep 24 23:04:36.898 INF API: test started suite=0 test=2567 name="interop/legacy-above-base/trace/none (reth_release)"
Sep 24 23:04:36.899 INF API: test ended suite=0 test=2567 pass=false
Sep 24 23:04:36.899 INF API: test started suite=0 test=2568 name="interop/legacy-above-base/trace/stateDiff-vmTrace (reth_release)"
Sep 24 23:04:36.902 INF API: test ended suite=0 test=2568 pass=false
Sep 24 23:04:36.904 INF API: test started suite=0 test=2569 name="interop/legacy-above-base/trace/stateDiff (reth_release)"
Sep 24 23:04:36.906 INF API: test ended suite=0 test=2569 pass=false
Sep 24 23:04:36.907 INF API: test started suite=0 test=2570 name="interop/legacy-above-base/trace/trace-stateDiff-vmTrace (reth_release)"
Sep 24 23:04:36.911 INF API: test ended suite=0 test=2570 pass=false
Sep 24 23:04:36.911 INF API: test started suite=0 test=2571 name="interop/legacy-above-base/trace/trace-stateDiff (reth_release)"
Sep 24 23:04:36.913 INF API: test ended suite=0 test=2571 pass=false
Sep 24 23:04:36.914 INF API: test started suite=0 test=2572 name="interop/legacy-above-base/trace/trace-vmTrace (reth_release)"
Sep 24 23:04:36.917 INF API: test ended suite=0 test=2572 pass=false
Sep 24 23:04:36.917 INF API: test started suite=0 test=2573 name="interop/legacy-above-base/trace/trace (reth_release)"
Sep 24 23:04:36.919 INF API: test ended suite=0 test=2573 pass=false
Sep 24 23:04:36.920 INF API: test started suite=0 test=2574 name="interop/legacy-above-base/trace/vmTrace (reth_release)"
Sep 24 23:04:36.922 INF API: test ended suite=0 test=2574 pass=false
Sep 24 23:04:36.923 INF API: test started suite=0 test=2575 name="interop/legacy-at-base/eth (reth_release)"
Sep 24 23:04:36.924 INF API: test ended suite=0 test=2575 pass=false
Sep 24 23:04:36.925 INF API: test started suite=0 test=2576 name="interop/legacy-at-base/trace/none (reth_release)"
Sep 24 23:04:36.926 INF API: test ended suite=0 test=2576 pass=false
Sep 24 23:04:36.927 INF API: test started suite=0 test=2577 name="interop/legacy-at-base/trace/stateDiff-vmTrace (reth_release)"
Sep 24 23:04:36.930 INF API: test ended suite=0 test=2577 pass=false
Sep 24 23:04:36.931 INF API: test started suite=0 test=2578 name="interop/legacy-at-base/trace/stateDiff (reth_release)"
Sep 24 23:04:36.933 INF API: test ended suite=0 test=2578 pass=false
Sep 24 23:04:36.933 INF API: test started suite=0 test=2579 name="interop/legacy-at-base/trace/trace-stateDiff-vmTrace (reth_release)"
Sep 24 23:04:36.937 INF API: test ended suite=0 test=2579 pass=false
Sep 24 23:04:36.938 INF API: test started suite=0 test=2580 name="interop/legacy-at-base/trace/trace-stateDiff (reth_release)"
Sep 24 23:04:36.939 INF API: test ended suite=0 test=2580 pass=false
Sep 24 23:04:36.940 INF API: test started suite=0 test=2581 name="interop/legacy-at-base/trace/trace-vmTrace (reth_release)"
Sep 24 23:04:36.943 INF API: test ended suite=0 test=2581 pass=false
Sep 24 23:04:36.943 INF API: test started suite=0 test=2582 name="interop/legacy-at-base/trace/trace (reth_release)"
Sep 24 23:04:36.945 INF API: test ended suite=0 test=2582 pass=false
Sep 24 23:04:36.945 INF API: test started suite=0 test=2583 name="interop/legacy-at-base/trace/vmTrace (reth_release)"
Sep 24 23:04:36.948 INF API: test ended suite=0 test=2583 pass=false
Sep 24 23:04:36.949 INF API: test started suite=0 test=2584 name="interop/legacy-below-base/eth (reth_release)"
Sep 24 23:04:36.950 INF API: test ended suite=0 test=2584 pass=false
Sep 24 23:04:36.951 INF API: test started suite=0 test=2585 name="interop/legacy-below-base/trace/none (reth_release)"
Sep 24 23:04:36.952 INF API: test ended suite=0 test=2585 pass=false
Sep 24 23:04:36.953 INF API: test started suite=0 test=2586 name="interop/legacy-below-base/trace/stateDiff-vmTrace (reth_release)"
Sep 24 23:04:36.956 INF API: test ended suite=0 test=2586 pass=false
Sep 24 23:04:36.957 INF API: test started suite=0 test=2587 name="interop/legacy-below-base/trace/stateDiff (reth_release)"
Sep 24 23:04:36.958 INF API: test ended suite=0 test=2587 pass=false
Sep 24 23:04:36.959 INF API: test started suite=0 test=2588 name="interop/legacy-below-base/trace/trace-stateDiff-vmTrace (reth_release)"
Sep 24 23:04:36.962 INF API: test ended suite=0 test=2588 pass=false
Sep 24 23:04:36.963 INF API: test started suite=0 test=2589 name="interop/legacy-below-base/trace/trace-stateDiff (reth_release)"
Sep 24 23:04:36.964 INF API: test ended suite=0 test=2589 pass=false
Sep 24 23:04:36.965 INF API: test started suite=0 test=2590 name="interop/legacy-below-base/trace/trace-vmTrace (reth_release)"
Sep 24 23:04:36.967 INF API: test ended suite=0 test=2590 pass=false
Sep 24 23:04:36.968 INF API: test started suite=0 test=2591 name="interop/legacy-below-base/trace/trace (reth_release)"
Sep 24 23:04:36.969 INF API: test ended suite=0 test=2591 pass=false
Sep 24 23:04:36.970 INF API: test started suite=0 test=2592 name="interop/legacy-below-base/trace/vmTrace (reth_release)"
Sep 24 23:04:36.973 INF API: test ended suite=0 test=2592 pass=false
Sep 24 23:04:36.973 INF API: test started suite=0 test=2593 name="interop/legacy-one/eth (reth_release)"
Sep 24 23:04:36.974 INF API: test ended suite=0 test=2593 pass=false
Sep 24 23:04:36.975 INF API: test started suite=0 test=2594 name="interop/legacy-one/trace/none (reth_release)"
Sep 24 23:04:36.977 INF API: test ended suite=0 test=2594 pass=false
Sep 24 23:04:36.977 INF API: test started suite=0 test=2595 name="interop/legacy-one/trace/stateDiff-vmTrace (reth_release)"
Sep 24 23:04:36.980 INF API: test ended suite=0 test=2595 pass=false
Sep 24 23:04:36.981 INF API: test started suite=0 test=2596 name="interop/legacy-one/trace/stateDiff (reth_release)"
Sep 24 23:04:36.982 INF API: test ended suite=0 test=2596 pass=false
Sep 24 23:04:36.982 INF API: test started suite=0 test=2597 name="interop/legacy-one/trace/trace-stateDiff-vmTrace (reth_release)"
Sep 24 23:04:36.985 INF API: test ended suite=0 test=2597 pass=false
Sep 24 23:04:36.985 INF API: test started suite=0 test=2598 name="interop/legacy-one/trace/trace-stateDiff (reth_release)"
Sep 24 23:04:36.987 INF API: test ended suite=0 test=2598 pass=false
Sep 24 23:04:36.988 INF API: test started suite=0 test=2599 name="interop/legacy-one/trace/trace-vmTrace (reth_release)"
Sep 24 23:04:36.991 INF API: test ended suite=0 test=2599 pass=false
Sep 24 23:04:36.992 INF API: test started suite=0 test=2600 name="interop/legacy-one/trace/trace (reth_release)"
Sep 24 23:04:36.993 INF API: test ended suite=0 test=2600 pass=false
Sep 24 23:04:36.994 INF API: test started suite=0 test=2601 name="interop/legacy-one/trace/vmTrace (reth_release)"
Sep 24 23:04:36.997 INF API: test ended suite=0 test=2601 pass=false
Sep 24 23:04:36.998 INF API: test started suite=0 test=2602 name="interop/legacy-zero/eth (reth_release)"
Sep 24 23:04:37.000 INF API: test ended suite=0 test=2602 pass=false
Sep 24 23:04:37.000 INF API: test started suite=0 test=2603 name="interop/legacy-zero/trace/none (reth_release)"
Sep 24 23:04:37.001 INF API: test ended suite=0 test=2603 pass=false
Sep 24 23:04:37.002 INF API: test started suite=0 test=2604 name="interop/legacy-zero/trace/stateDiff-vmTrace (reth_release)"
Sep 24 23:04:37.005 INF API: test ended suite=0 test=2604 pass=false
Sep 24 23:04:37.005 INF API: test started suite=0 test=2605 name="interop/legacy-zero/trace/stateDiff (reth_release)"
Sep 24 23:04:37.049 INF API: test ended suite=0 test=2605 pass=false
Sep 24 23:04:37.050 INF API: test started suite=0 test=2606 name="interop/legacy-zero/trace/trace-stateDiff-vmTrace (reth_release)"
Sep 24 23:04:37.057 INF API: test ended suite=0 test=2606 pass=false
Sep 24 23:04:37.058 INF API: test started suite=0 test=2607 name="interop/legacy-zero/trace/trace-stateDiff (reth_release)"
Sep 24 23:04:37.060 INF API: test ended suite=0 test=2607 pass=false
Sep 24 23:04:37.061 INF API: test started suite=0 test=2608 name="interop/legacy-zero/trace/trace-vmTrace (reth_release)"
Sep 24 23:04:37.064 INF API: test ended suite=0 test=2608 pass=false
Sep 24 23:04:37.064 INF API: test started suite=0 test=2609 name="interop/legacy-zero/trace/trace (reth_release)"
Sep 24 23:04:37.066 INF API: test ended suite=0 test=2609 pass=false
Sep 24 23:04:37.067 INF API: test started suite=0 test=2610 name="interop/legacy-zero/trace/vmTrace (reth_release)"
Sep 24 23:04:37.070 INF API: test ended suite=0 test=2610 pass=false
Sep 24 23:04:37.070 INF API: test started suite=0 test=2611 name="interop/typed-at-base/eth (reth_release)"
Sep 24 23:04:37.072 INF API: test ended suite=0 test=2611 pass=false
Sep 24 23:04:37.072 INF API: test started suite=0 test=2612 name="interop/typed-at-base/trace/none (reth_release)"
Sep 24 23:04:37.074 INF API: test ended suite=0 test=2612 pass=false
Sep 24 23:04:37.074 INF API: test started suite=0 test=2613 name="interop/typed-at-base/trace/stateDiff-vmTrace (reth_release)"
Sep 24 23:04:37.077 INF API: test ended suite=0 test=2613 pass=false
Sep 24 23:04:37.078 INF API: test started suite=0 test=2614 name="interop/typed-at-base/trace/stateDiff (reth_release)"
Sep 24 23:04:37.080 INF API: test ended suite=0 test=2614 pass=false
Sep 24 23:04:37.081 INF API: test started suite=0 test=2615 name="interop/typed-at-base/trace/trace-stateDiff-vmTrace (reth_release)"
Sep 24 23:04:37.084 INF API: test ended suite=0 test=2615 pass=false
Sep 24 23:04:37.085 INF API: test started suite=0 test=2616 name="interop/typed-at-base/trace/trace-stateDiff (reth_release)"
Sep 24 23:04:37.087 INF API: test ended suite=0 test=2616 pass=false
Sep 24 23:04:37.088 INF API: test started suite=0 test=2617 name="interop/typed-at-base/trace/trace-vmTrace (reth_release)"
Sep 24 23:04:37.090 INF API: test ended suite=0 test=2617 pass=false
Sep 24 23:04:37.091 INF API: test started suite=0 test=2618 name="interop/typed-at-base/trace/trace (reth_release)"
Sep 24 23:04:37.093 INF API: test ended suite=0 test=2618 pass=false
Sep 24 23:04:37.093 INF API: test started suite=0 test=2619 name="interop/typed-at-base/trace/vmTrace (reth_release)"
Sep 24 23:04:37.096 INF API: test ended suite=0 test=2619 pass=false
Sep 24 23:04:37.097 INF API: test started suite=0 test=2620 name="interop/typed-below-base/eth (reth_release)"
Sep 24 23:04:37.098 INF API: test ended suite=0 test=2620 pass=false
Sep 24 23:04:37.099 INF API: test started suite=0 test=2621 name="interop/typed-below-base/trace/none (reth_release)"
Sep 24 23:04:37.100 INF API: test ended suite=0 test=2621 pass=false
Sep 24 23:04:37.101 INF API: test started suite=0 test=2622 name="interop/typed-below-base/trace/stateDiff-vmTrace (reth_release)"
Sep 24 23:04:37.103 INF API: test ended suite=0 test=2622 pass=false
Sep 24 23:04:37.104 INF API: test started suite=0 test=2623 name="interop/typed-below-base/trace/stateDiff (reth_release)"
Sep 24 23:04:37.105 INF API: test ended suite=0 test=2623 pass=false
Sep 24 23:04:37.106 INF API: test started suite=0 test=2624 name="interop/typed-below-base/trace/trace-stateDiff-vmTrace (reth_release)"
Sep 24 23:04:37.107 INF API: test ended suite=0 test=2624 pass=false
Sep 24 23:04:37.107 INF API: test started suite=0 test=2625 name="interop/typed-below-base/trace/trace-stateDiff (reth_release)"
Sep 24 23:04:37.109 INF API: test ended suite=0 test=2625 pass=false
Sep 24 23:04:37.109 INF API: test started suite=0 test=2626 name="interop/typed-below-base/trace/trace-vmTrace (reth_release)"
Sep 24 23:04:37.111 INF API: test ended suite=0 test=2626 pass=false
Sep 24 23:04:37.111 INF API: test started suite=0 test=2627 name="interop/typed-below-base/trace/trace (reth_release)"
Sep 24 23:04:37.113 INF API: test ended suite=0 test=2627 pass=false
Sep 24 23:04:37.113 INF API: test started suite=0 test=2628 name="interop/typed-below-base/trace/vmTrace (reth_release)"
Sep 24 23:04:37.114 INF API: test ended suite=0 test=2628 pass=false
Sep 24 23:04:37.115 INF API: test started suite=0 test=2629 name="interop/typed-below-base-positive-tip/eth (reth_release)"
Sep 24 23:04:37.116 INF API: test ended suite=0 test=2629 pass=false
Sep 24 23:04:37.117 INF API: test started suite=0 test=2630 name="interop/typed-below-base-positive-tip/trace/none (reth_release)"
Sep 24 23:04:37.118 INF API: test ended suite=0 test=2630 pass=false
Sep 24 23:04:37.119 INF API: test started suite=0 test=2631 name="interop/typed-below-base-positive-tip/trace/stateDiff-vmTrace (reth_release)"
Sep 24 23:04:37.120 INF API: test ended suite=0 test=2631 pass=false
Sep 24 23:04:37.121 INF API: test started suite=0 test=2632 name="interop/typed-below-base-positive-tip/trace/stateDiff (reth_release)"
Sep 24 23:04:37.122 INF API: test ended suite=0 test=2632 pass=false
Sep 24 23:04:37.122 INF API: test started suite=0 test=2633 name="interop/typed-below-base-positive-tip/trace/trace-stateDiff-vmTrace (reth_release)"
Sep 24 23:04:37.124 INF API: test ended suite=0 test=2633 pass=false
Sep 24 23:04:37.124 INF API: test started suite=0 test=2634 name="interop/typed-below-base-positive-tip/trace/trace-stateDiff (reth_release)"
Sep 24 23:04:37.125 INF API: test ended suite=0 test=2634 pass=false
Sep 24 23:04:37.126 INF API: test started suite=0 test=2635 name="interop/typed-below-base-positive-tip/trace/trace-vmTrace (reth_release)"
Sep 24 23:04:37.127 INF API: test ended suite=0 test=2635 pass=false
Sep 24 23:04:37.128 INF API: test started suite=0 test=2636 name="interop/typed-below-base-positive-tip/trace/trace (reth_release)"
Sep 24 23:04:37.129 INF API: test ended suite=0 test=2636 pass=false
Sep 24 23:04:37.130 INF API: test started suite=0 test=2637 name="interop/typed-below-base-positive-tip/trace/vmTrace (reth_release)"
Sep 24 23:04:37.131 INF API: test ended suite=0 test=2637 pass=false
Sep 24 23:04:37.132 INF API: test started suite=0 test=2638 name="interop/typed-cap-limited/eth (reth_release)"
Sep 24 23:04:37.133 INF API: test ended suite=0 test=2638 pass=false
Sep 24 23:04:37.134 INF API: test started suite=0 test=2639 name="interop/typed-cap-limited/trace/none (reth_release)"
Sep 24 23:04:37.135 INF API: test ended suite=0 test=2639 pass=false
Sep 24 23:04:37.136 INF API: test started suite=0 test=2640 name="interop/typed-cap-limited/trace/stateDiff-vmTrace (reth_release)"
Sep 24 23:04:37.139 INF API: test ended suite=0 test=2640 pass=false
Sep 24 23:04:37.140 INF API: test started suite=0 test=2641 name="interop/typed-cap-limited/trace/stateDiff (reth_release)"
Sep 24 23:04:37.141 INF API: test ended suite=0 test=2641 pass=false
Sep 24 23:04:37.142 INF API: test started suite=0 test=2642 name="interop/typed-cap-limited/trace/trace-stateDiff-vmTrace (reth_release)"
Sep 24 23:04:37.145 INF API: test ended suite=0 test=2642 pass=false
Sep 24 23:04:37.146 INF API: test started suite=0 test=2643 name="interop/typed-cap-limited/trace/trace-stateDiff (reth_release)"
Sep 24 23:04:37.148 INF API: test ended suite=0 test=2643 pass=false
Sep 24 23:04:37.149 INF API: test started suite=0 test=2644 name="interop/typed-cap-limited/trace/trace-vmTrace (reth_release)"
Sep 24 23:04:37.151 INF API: test ended suite=0 test=2644 pass=false
Sep 24 23:04:37.152 INF API: test started suite=0 test=2645 name="interop/typed-cap-limited/trace/trace (reth_release)"
Sep 24 23:04:37.153 INF API: test ended suite=0 test=2645 pass=false
Sep 24 23:04:37.154 INF API: test started suite=0 test=2646 name="interop/typed-cap-limited/trace/vmTrace (reth_release)"
Sep 24 23:04:37.156 INF API: test ended suite=0 test=2646 pass=false
Sep 24 23:04:37.157 INF API: test started suite=0 test=2647 name="interop/typed-one/eth (reth_release)"
Sep 24 23:04:37.159 INF API: test ended suite=0 test=2647 pass=false
Sep 24 23:04:37.159 INF API: test started suite=0 test=2648 name="interop/typed-one/trace/none (reth_release)"
Sep 24 23:04:37.161 INF API: test ended suite=0 test=2648 pass=false
Sep 24 23:04:37.162 INF API: test started suite=0 test=2649 name="interop/typed-one/trace/stateDiff-vmTrace (reth_release)"
Sep 24 23:04:37.163 INF API: test ended suite=0 test=2649 pass=false
Sep 24 23:04:37.163 INF API: test started suite=0 test=2650 name="interop/typed-one/trace/stateDiff (reth_release)"
Sep 24 23:04:37.165 INF API: test ended suite=0 test=2650 pass=false
Sep 24 23:04:37.165 INF API: test started suite=0 test=2651 name="interop/typed-one/trace/trace-stateDiff-vmTrace (reth_release)"
Sep 24 23:04:37.167 INF API: test ended suite=0 test=2651 pass=false
Sep 24 23:04:37.167 INF API: test started suite=0 test=2652 name="interop/typed-one/trace/trace-stateDiff (reth_release)"
Sep 24 23:04:37.169 INF API: test ended suite=0 test=2652 pass=false
Sep 24 23:04:37.169 INF API: test started suite=0 test=2653 name="interop/typed-one/trace/trace-vmTrace (reth_release)"
Sep 24 23:04:37.171 INF API: test ended suite=0 test=2653 pass=false
Sep 24 23:04:37.171 INF API: test started suite=0 test=2654 name="interop/typed-one/trace/trace (reth_release)"
Sep 24 23:04:37.173 INF API: test ended suite=0 test=2654 pass=false
Sep 24 23:04:37.173 INF API: test started suite=0 test=2655 name="interop/typed-one/trace/vmTrace (reth_release)"
Sep 24 23:04:37.175 INF API: test ended suite=0 test=2655 pass=false
Sep 24 23:04:37.175 INF API: test started suite=0 test=2656 name="interop/typed-tip-equals-cap/eth (reth_release)"
Sep 24 23:04:37.177 INF API: test ended suite=0 test=2656 pass=false
Sep 24 23:04:37.178 INF API: test started suite=0 test=2657 name="interop/typed-tip-equals-cap/trace/none (reth_release)"
Sep 24 23:04:37.179 INF API: test ended suite=0 test=2657 pass=false
Sep 24 23:04:37.179 INF API: test started suite=0 test=2658 name="interop/typed-tip-equals-cap/trace/stateDiff-vmTrace (reth_release)"
Sep 24 23:04:37.182 INF API: test ended suite=0 test=2658 pass=false
Sep 24 23:04:37.183 INF API: test started suite=0 test=2659 name="interop/typed-tip-equals-cap/trace/stateDiff (reth_release)"
Sep 24 23:04:37.185 INF API: test ended suite=0 test=2659 pass=false
Sep 24 23:04:37.186 INF API: test started suite=0 test=2660 name="interop/typed-tip-equals-cap/trace/trace-stateDiff-vmTrace (reth_release)"
Sep 24 23:04:37.189 INF API: test ended suite=0 test=2660 pass=false
Sep 24 23:04:37.190 INF API: test started suite=0 test=2661 name="interop/typed-tip-equals-cap/trace/trace-stateDiff (reth_release)"
Sep 24 23:04:37.191 INF API: test ended suite=0 test=2661 pass=false
Sep 24 23:04:37.192 INF API: test started suite=0 test=2662 name="interop/typed-tip-equals-cap/trace/trace-vmTrace (reth_release)"
Sep 24 23:04:37.195 INF API: test ended suite=0 test=2662 pass=false
Sep 24 23:04:37.196 INF API: test started suite=0 test=2663 name="interop/typed-tip-equals-cap/trace/trace (reth_release)"
Sep 24 23:04:37.197 INF API: test ended suite=0 test=2663 pass=false
Sep 24 23:04:37.198 INF API: test started suite=0 test=2664 name="interop/typed-tip-equals-cap/trace/vmTrace (reth_release)"
Sep 24 23:04:37.201 INF API: test ended suite=0 test=2664 pass=false
Sep 24 23:04:37.202 INF API: test started suite=0 test=2665 name="interop/typed-tip-limited/eth (reth_release)"
Sep 24 23:04:37.203 INF API: test ended suite=0 test=2665 pass=false
Sep 24 23:04:37.204 INF API: test started suite=0 test=2666 name="interop/typed-tip-limited/trace/none (reth_release)"
Sep 24 23:04:37.205 INF API: test ended suite=0 test=2666 pass=false
Sep 24 23:04:37.206 INF API: test started suite=0 test=2667 name="interop/typed-tip-limited/trace/stateDiff-vmTrace (reth_release)"
Sep 24 23:04:37.208 INF API: test ended suite=0 test=2667 pass=false
Sep 24 23:04:37.209 INF API: test started suite=0 test=2668 name="interop/typed-tip-limited/trace/stateDiff (reth_release)"
Sep 24 23:04:37.211 INF API: test ended suite=0 test=2668 pass=false
Sep 24 23:04:37.212 INF API: test started suite=0 test=2669 name="interop/typed-tip-limited/trace/trace-stateDiff-vmTrace (reth_release)"
Sep 24 23:04:37.216 INF API: test ended suite=0 test=2669 pass=false
Sep 24 23:04:37.217 INF API: test started suite=0 test=2670 name="interop/typed-tip-limited/trace/trace-stateDiff (reth_release)"
Sep 24 23:04:37.219 INF API: test ended suite=0 test=2670 pass=false
Sep 24 23:04:37.219 INF API: test started suite=0 test=2671 name="interop/typed-tip-limited/trace/trace-vmTrace (reth_release)"
Sep 24 23:04:37.223 INF API: test ended suite=0 test=2671 pass=false
Sep 24 23:04:37.224 INF API: test started suite=0 test=2672 name="interop/typed-tip-limited/trace/trace (reth_release)"
Sep 24 23:04:37.225 INF API: test ended suite=0 test=2672 pass=false
Sep 24 23:04:37.226 INF API: test started suite=0 test=2673 name="interop/typed-tip-limited/trace/vmTrace (reth_release)"
Sep 24 23:04:37.229 INF API: test ended suite=0 test=2673 pass=false
Sep 24 23:04:37.229 INF API: test started suite=0 test=2674 name="interop/typed-tip-over-cap/eth (reth_release)"
Sep 24 23:04:37.231 INF API: test ended suite=0 test=2674 pass=false
Sep 24 23:04:37.231 INF API: test started suite=0 test=2675 name="interop/typed-tip-over-cap/trace/none (reth_release)"
Sep 24 23:04:37.233 INF API: test ended suite=0 test=2675 pass=false
Sep 24 23:04:37.233 INF API: test started suite=0 test=2676 name="interop/typed-tip-over-cap/trace/stateDiff-vmTrace (reth_release)"
Sep 24 23:04:37.235 INF API: test ended suite=0 test=2676 pass=false
Sep 24 23:04:37.236 INF API: test started suite=0 test=2677 name="interop/typed-tip-over-cap/trace/stateDiff (reth_release)"
Sep 24 23:04:37.237 INF API: test ended suite=0 test=2677 pass=false
Sep 24 23:04:37.238 INF API: test started suite=0 test=2678 name="interop/typed-tip-over-cap/trace/trace-stateDiff-vmTrace (reth_release)"
Sep 24 23:04:37.239 INF API: test ended suite=0 test=2678 pass=false
Sep 24 23:04:37.240 INF API: test started suite=0 test=2679 name="interop/typed-tip-over-cap/trace/trace-stateDiff (reth_release)"
Sep 24 23:04:37.241 INF API: test ended suite=0 test=2679 pass=false
Sep 24 23:04:37.242 INF API: test started suite=0 test=2680 name="interop/typed-tip-over-cap/trace/trace-vmTrace (reth_release)"
Sep 24 23:04:37.243 INF API: test ended suite=0 test=2680 pass=false
Sep 24 23:04:37.244 INF API: test started suite=0 test=2681 name="interop/typed-tip-over-cap/trace/trace (reth_release)"
Sep 24 23:04:37.245 INF API: test ended suite=0 test=2681 pass=false
Sep 24 23:04:37.246 INF API: test started suite=0 test=2682 name="interop/typed-tip-over-cap/trace/vmTrace (reth_release)"
Sep 24 23:04:37.247 INF API: test ended suite=0 test=2682 pass=false
Sep 24 23:04:37.248 INF API: test started suite=0 test=2683 name="interop/typed-zero/eth (reth_release)"
Sep 24 23:04:37.249 INF API: test ended suite=0 test=2683 pass=false
Sep 24 23:04:37.250 INF API: test started suite=0 test=2684 name="interop/typed-zero/trace/none (reth_release)"
Sep 24 23:04:37.251 INF API: test ended suite=0 test=2684 pass=false
Sep 24 23:04:37.252 INF API: test started suite=0 test=2685 name="interop/typed-zero/trace/stateDiff-vmTrace (reth_release)"
Sep 24 23:04:37.255 INF API: test ended suite=0 test=2685 pass=false
Sep 24 23:04:37.255 INF API: test started suite=0 test=2686 name="interop/typed-zero/trace/stateDiff (reth_release)"
Sep 24 23:04:37.257 INF API: test ended suite=0 test=2686 pass=false
Sep 24 23:04:37.258 INF API: test started suite=0 test=2687 name="interop/typed-zero/trace/trace-stateDiff-vmTrace (reth_release)"
Sep 24 23:04:37.261 INF API: test ended suite=0 test=2687 pass=false
Sep 24 23:04:37.262 INF API: test started suite=0 test=2688 name="interop/typed-zero/trace/trace-stateDiff (reth_release)"
Sep 24 23:04:37.263 INF API: test ended suite=0 test=2688 pass=false
Sep 24 23:04:37.264 INF API: test started suite=0 test=2689 name="interop/typed-zero/trace/trace-vmTrace (reth_release)"
Sep 24 23:04:37.266 INF API: test ended suite=0 test=2689 pass=false
Sep 24 23:04:37.267 INF API: test started suite=0 test=2690 name="interop/typed-zero/trace/trace (reth_release)"
Sep 24 23:04:37.269 INF API: test ended suite=0 test=2690 pass=false
Sep 24 23:04:37.270 INF API: test started suite=0 test=2691 name="interop/typed-zero/trace/vmTrace (reth_release)"
Sep 24 23:04:37.273 INF API: test ended suite=0 test=2691 pass=false
Sep 24 23:04:37.273 INF API: test started suite=0 test=2692 name="interop/typed-zero-cap-positive-tip/eth (reth_release)"
Sep 24 23:04:37.275 INF API: test ended suite=0 test=2692 pass=false
Sep 24 23:04:37.275 INF API: test started suite=0 test=2693 name="interop/typed-zero-cap-positive-tip/trace/none (reth_release)"
Sep 24 23:04:37.277 INF API: test ended suite=0 test=2693 pass=false
Sep 24 23:04:37.277 INF API: test started suite=0 test=2694 name="interop/typed-zero-cap-positive-tip/trace/stateDiff-vmTrace (reth_release)"
Sep 24 23:04:37.279 INF API: test ended suite=0 test=2694 pass=false
Sep 24 23:04:37.279 INF API: test started suite=0 test=2695 name="interop/typed-zero-cap-positive-tip/trace/stateDiff (reth_release)"
Sep 24 23:04:37.281 INF API: test ended suite=0 test=2695 pass=false
Sep 24 23:04:37.281 INF API: test started suite=0 test=2696 name="interop/typed-zero-cap-positive-tip/trace/trace-stateDiff-vmTrace (reth_release)"
Sep 24 23:04:37.282 INF API: test ended suite=0 test=2696 pass=false
Sep 24 23:04:37.283 INF API: test started suite=0 test=2697 name="interop/typed-zero-cap-positive-tip/trace/trace-stateDiff (reth_release)"
Sep 24 23:04:37.284 INF API: test ended suite=0 test=2697 pass=false
Sep 24 23:04:37.285 INF API: test started suite=0 test=2698 name="interop/typed-zero-cap-positive-tip/trace/trace-vmTrace (reth_release)"
Sep 24 23:04:37.286 INF API: test ended suite=0 test=2698 pass=false
Sep 24 23:04:37.287 INF API: test started suite=0 test=2699 name="interop/typed-zero-cap-positive-tip/trace/trace (reth_release)"
Sep 24 23:04:37.289 INF API: test ended suite=0 test=2699 pass=false
Sep 24 23:04:37.290 INF API: test started suite=0 test=2700 name="interop/typed-zero-cap-positive-tip/trace/vmTrace (reth_release)"
Sep 24 23:04:37.291 INF API: test ended suite=0 test=2700 pass=false
Sep 24 23:04:37.292 INF API: test started suite=0 test=2701 name="interop/typed-zero-tip/eth (reth_release)"
Sep 24 23:04:37.293 INF API: test ended suite=0 test=2701 pass=false
Sep 24 23:04:37.294 INF API: test started suite=0 test=2702 name="interop/typed-zero-tip/trace/none (reth_release)"
Sep 24 23:04:37.295 INF API: test ended suite=0 test=2702 pass=false
Sep 24 23:04:37.296 INF API: test started suite=0 test=2703 name="interop/typed-zero-tip/trace/stateDiff-vmTrace (reth_release)"
Sep 24 23:04:37.298 INF API: test ended suite=0 test=2703 pass=false
Sep 24 23:04:37.299 INF API: test started suite=0 test=2704 name="interop/typed-zero-tip/trace/stateDiff (reth_release)"
Sep 24 23:04:37.300 INF API: test ended suite=0 test=2704 pass=false
Sep 24 23:04:37.301 INF API: test started suite=0 test=2705 name="interop/typed-zero-tip/trace/trace-stateDiff-vmTrace (reth_release)"
Sep 24 23:04:37.305 INF API: test ended suite=0 test=2705 pass=false
Sep 24 23:04:37.306 INF API: test started suite=0 test=2706 name="interop/typed-zero-tip/trace/trace-stateDiff (reth_release)"
Sep 24 23:04:37.307 INF API: test ended suite=0 test=2706 pass=false
Sep 24 23:04:37.308 INF API: test started suite=0 test=2707 name="interop/typed-zero-tip/trace/trace-vmTrace (reth_release)"
Sep 24 23:04:37.312 INF API: test ended suite=0 test=2707 pass=false
Sep 24 23:04:37.313 INF API: test started suite=0 test=2708 name="interop/typed-zero-tip/trace/trace (reth_release)"
Sep 24 23:04:37.315 INF API: test ended suite=0 test=2708 pass=false
Sep 24 23:04:37.315 INF API: test started suite=0 test=2709 name="interop/typed-zero-tip/trace/vmTrace (reth_release)"
Sep 24 23:04:37.318 INF API: test ended suite=0 test=2709 pass=false
Sep 24 23:04:37.575 INF API: test ended suite=0 test=2409 pass=true
Sep 24 23:04:37.593 INF API: suite ended suite=0
Sep 24 23:04:37.979 INF simulation ethereum/rpc-compat finished suites=1 tests=2709 failed=2700
2700 tests failed
