-- interop/_control/head (go-ethereum_trace)
>>  {"jsonrpc": "2.0", "id": 1, "method": "eth_getBlockByNumber", "params": ["0x30", false]}
<<  {"jsonrpc":"2.0","id":1,"result":{"baseFeePerGas":"0x199876","blobGasUsed":"0x0","difficulty":"0x0","excessBlobGas":"0x0","extraData":"0x","gasLimit":"0x5f5e100","gasUsed":"0xf618","hash":"0xf0b1510b2a9c8d4c4bd1ff2c578ddbffc04741aa06b3cc8680a343741ef15e84","logsBloom":"0x00000000000000000000000000000000000000000000000000000000000000000000000000000000000000000000000000000000000000000000000000000000000000000000000000000000000000000000000000000000000000000000000000000000000000000000000000000000000000000000000000000000000000000000000000000000000000000000000000000000000000000000000000000000000000000000000000000000000000000000000000000000000000000000000000000000000000000000000000000000000000000000000000000000000000000000000000000000000000000000000000000000000000000000000000000000","miner":"0x0000000000000000000000000000000000000000","mixHash":"0x0000000000000000000000000000000000000000000000000000000000000000","nonce":"0x0000000000000000","number":"0x30","parentBeaconBlockRoot":"0x5b5b49487967b3b60bd859ba2fb13290c6eaf67e97e9f9f9dda935c08564b5f6","parentHash":"0xaede89efdac80ce5f55b93ee934eddc67b5c8a4282b18a86ca635d69234301f3","receiptsRoot":"0x4b7fefa97a453e0ee0cea1d51ca4ab3729f3a2a6a8388a5a3b13765eec3720b7","requestsHash":"0xe3b0c44298fc1c149afbf4c8996fb92427ae41e4649b934ca495991b7852b855","sha3Uncles":"0x1dcc4de8dec75d7aab85b567b6ccd41ad312451b948a7413f0a142fd40d49347","size":"0x3b8","stateRoot":"0xbce840ac9806ecb3d791bf55bfcfa9460ff3275996aff265fc75e2a2f3efdb26","timestamp":"0x1e0","transactions":["0x8e96b39ab5e268215283ab40d65139edc6f281f4d79444b6b0a87861c5f8a1d5","0x7045e365111563c3f68594c54d9c4d7e3445f0cfc9671f68e8a0122f849f3f18","0xbe7d79a54b361c1515802fdf8e3843694b3a93350a9097b84c5582686c77163c"],"transactionsRoot":"0x3d96f46f0efae36059fcba93396d90ed19260e009e9dac0057a1d87e66dc17d0","uncles":[],"withdrawals":[],"withdrawalsRoot":"0x56e81f171bcc55a6ff8345e692c0f86e5b48e01b996cadc001622fb5e363b421"}}
response differs from expected (-- client, ++ test):
{
  "id": 1,
  "jsonrpc": "2.0",
  "result": {
    -- "baseFeePerGas": "0x199876",
    -- "blobGasUsed": "0x0",
    ++ "capture_only": true,
    -- "difficulty": "0x0",
    -- "excessBlobGas": "0x0",
    -- "extraData": "0x",
    -- "gasLimit": "0x5f5e100",
    -- "gasUsed": "0xf618",
    -- "hash": "0xf0b1510b2a9c8d4c4bd1ff2c578ddbffc04741aa06b3cc8680a343741ef15e84",
    -- "logsBloom": "0x00000000000000000000000000000000000000000000000000000000000000000000000000000000000000000000000000000000000000000000000000000000000000000000000000000000000000000000000000000000000000000000000000000000000000000000000000000000000000000000000000000000000000000000000000000000000000000000000000000000000000000000000000000000000000000000000000000000000000000000000000000000000000000000000000000000000000000000000000000000000000000000000000000000000000000000000000000000000000000000000000000000000000000000000000000000",
    -- "miner": "0x0000000000000000000000000000000000000000",
    -- "mixHash": "0x0000000000000000000000000000000000000000000000000000000000000000",
    -- "nonce": "0x0000000000000000",
    -- "number": "0x30",
    -- "parentBeaconBlockRoot": "0x5b5b49487967b3b60bd859ba2fb13290c6eaf67e97e9f9f9dda935c08564b5f6",
    -- "parentHash": "0xaede89efdac80ce5f55b93ee934eddc67b5c8a4282b18a86ca635d69234301f3",
    -- "receiptsRoot": "0x4b7fefa97a453e0ee0cea1d51ca4ab3729f3a2a6a8388a5a3b13765eec3720b7",
    -- "requestsHash": "0xe3b0c44298fc1c149afbf4c8996fb92427ae41e4649b934ca495991b7852b855",
    -- "sha3Uncles": "0x1dcc4de8dec75d7aab85b567b6ccd41ad312451b948a7413f0a142fd40d49347",
    -- "size": "0x3b8",
    -- "stateRoot": "0xbce840ac9806ecb3d791bf55bfcfa9460ff3275996aff265fc75e2a2f3efdb26",
    -- "timestamp": "0x1e0",
    -- "transactions": [
      -- "0x8e96b39ab5e268215283ab40d65139edc6f281f4d79444b6b0a87861c5f8a1d5",
      -- "0x7045e365111563c3f68594c54d9c4d7e3445f0cfc9671f68e8a0122f849f3f18",
      -- "0xbe7d79a54b361c1515802fdf8e3843694b3a93350a9097b84c5582686c77163c"
    -- ],
    -- "transactionsRoot": "0x3d96f46f0efae36059fcba93396d90ed19260e009e9dac0057a1d87e66dc17d0",
    -- "uncles": [],
    -- "withdrawals": [],
    -- "withdrawalsRoot": "0x56e81f171bcc55a6ff8345e692c0f86e5b48e01b996cadc001622fb5e363b421"
  }
}


-- interop/_control/version (go-ethereum_trace)
>>  {"jsonrpc": "2.0", "id": 1, "method": "web3_clientVersion", "params": []}
<<  {"jsonrpc":"2.0","id":1,"result":"Geth/v1.17.6-unstable-e29edff5-2026-09-21/linux-amd64/go1.26.1"}
response differs from expected (-- client, ++ test):
{
  "id": 1,
  "jsonrpc": "2.0",
  "result": -- "Geth/v1.17.6-unstable-e29edff5-2026-09-21/linux-amd64/go1.26.1" ++ {}
}


-- interop/nested-call-value0-failed (go-ethereum_trace)
>>  {"jsonrpc": "2.0", "id": 1, "method": "trace_call", "params": [{"from": "0x7435ed30a8b4aeb0877cef0c6e8cffe834eb865f", "gas": "0x100000", "gasPrice": "0x3b9aca00", "value": "0x0", "data": "0x602a600052604060006080600060006006620186a0f15060006000f3"}, ["trace", "stateDiff", "vmTrace"], "latest"]}
<<  {"jsonrpc":"2.0","id":1,"result":{"output":"0x","trace":[{"action":{"from":"0x7435ed30a8b4aeb0877cef0c6e8cffe834eb865f","gas":"0xf2f7e","init":"0x602a600052604060006080600060006006620186a0f15060006000f3","value":"0x0","creationMethod":"create"},"result":{"gasUsed":"0x18736","address":"0xe3a8b633a20d3bc82cfd6d6cb315dd9784b3ea41","code":"0x"},"subtraces":0,"traceAddress":[],"type":"create"}],"stateDiff":{"0x0000000000000000000000000000000000000000":{"balance":{"*":{"from":"0x66863b","to":"0x8b66102c076b"}},"nonce":"=","code":"=","storage":{}},"0x7435ed30a8b4aeb0877cef0c6e8cffe834eb865f":{"balance":{"*":{"from":"0xc097ce7bc90715b34755ccb0391096","to":"0xc097ce7bc90715b346ca2aaa51e096"}},"nonce":{"*":{"from":"0x85","to":"0x86"}},"code":"=","storage":{}},"0xe3a8b633a20d3bc82cfd6d6cb315dd9784b3ea41":{"balance":{"+":"0x0"},"nonce":{"+":"0x1"},"code":{"+":"0x"},"storage":{}}},"vmTrace":{"code":"0x602a600052604060006080600060006006620186a0f15060006000f3","ops":[{"pc":0,"cost":3,"ex":{"used":995195,"push":["0x2a"],"mem":null,"store":null},"sub":null,"op":"PUSH1"},{"pc":2,"cost":3,"ex":{"used":995192,"push":["0x0"],"mem":null,"store":null},"sub":null,"op":"PUSH1"},{"pc":4,"cost":6,"ex":{"used":995186,"push":[],"mem":{"off":0,"data":"0x000000000000000000000000000000000000000000000000000000000000002a"},"store":null},"sub":null,"op":"MSTORE"},{"pc":5,"cost":3,"ex":{"used":995183,"push":["0x40"],"mem":null,"store":null},"sub":null,"op":"PUSH1"},{"pc":7,"cost":3,"ex":{"used":995180,"push":["0x0"],"mem":null,"store":null},"sub":null,"op":"PUSH1"},{"pc":9,"cost":3,"ex":{"used":995177,"push":["0x80"],"mem":null,"store":null},"sub":null,"op":"PUSH1"},{"pc":11,"cost":3,"ex":{"used":995174,"push":["0x0"],"mem":null,"store":null},"sub":null,"op":"PUSH1"},{"pc":13,"cost":3,"ex":{"used":995171,"push":["0x0"],"mem":null,"store":null},"sub":null,"op":"PUSH1"},{"pc":15,"cost":3,"ex":{"used":995168,"push":["0x6"],"mem":null,"store":null},"sub":null,"op":"PUSH1"},{"pc":17,"cost":3,"ex":{"used":995165,"push":["0x186a0"],"mem":null,"store":null},"sub":null,"op":"PUSH3"},{"pc":21,"cost":100109,"ex":{"used":895056,"push":["0x0"],"mem":null,"store":null},"sub":null,"op":"CALL"},{"pc":22,"cost":2,"ex":{"used":895054,"push":[],"mem":null,"store":null},"sub":null,"op":"POP"},{"pc":23,"cost":3,"ex":{"used":895051,"push":["0x0"],"mem":null,"store":null},"sub":null,"op":"PUSH1"},{"pc":25,"cost":3,"ex":{"used":895048,"push":["0x0"],"mem":null,"store":null},"sub":null,"op":"PUSH1"},{"pc":27,"cost":0,"ex":{"used":895048,"push":[],"mem":null,"store":null},"sub":null,"op":"RETURN"}]}}}
response differs from expected (-- client, ++ test):
{
  "id": 1,
  "jsonrpc": "2.0",
  "result": {
    ++ "capture_only": true,
    -- "output": "0x",
    -- "stateDiff": {
      -- "0x0000000000000000000000000000000000000000": {
        -- "balance": {
          -- "*": {
            -- "from": "0x66863b",
            -- "to": "0x8b66102c076b"
          -- }
        -- },
        -- "code": "=",
        -- "nonce": "=",
        -- "storage": {}
      -- },
      -- "0x7435ed30a8b4aeb0877cef0c6e8cffe834eb865f": {
        -- "balance": {
          -- "*": {
            -- "from": "0xc097ce7bc90715b34755ccb0391096",
            -- "to": "0xc097ce7bc90715b346ca2aaa51e096"
          -- }
        -- },
        -- "code": "=",
        -- "nonce": {
          -- "*": {
            -- "from": "0x85",
            -- "to": "0x86"
          -- }
        -- },
        -- "storage": {}
      -- },
      -- "0xe3a8b633a20d3bc82cfd6d6cb315dd9784b3ea41": {
        -- "balance": {
          -- "+": "0x0"
        -- },
        -- "code": {
          -- "+": "0x"
        -- },
        -- "nonce": {
          -- "+": "0x1"
        -- },
        -- "storage": {}
      -- }
    -- },
    -- "trace": [
      -- {
        -- "action": {
          -- "creationMethod": "create",
          -- "from": "0x7435ed30a8b4aeb0877cef0c6e8cffe834eb865f",
          -- "gas": "0xf2f7e",
          -- "init": "0x602a600052604060006080600060006006620186a0f15060006000f3",
          -- "value": "0x0"
        -- },
        -- "result": {
          -- "address": "0xe3a8b633a20d3bc82cfd6d6cb315dd9784b3ea41",
          -- "code": "0x",
          -- "gasUsed": "0x18736"
        -- },
        -- "subtraces": 0,
        -- "traceAddress": [],
        -- "type": "create"
      -- }
    -- ],
    -- "vmTrace": {
      -- "code": "0x602a600052604060006080600060006006620186a0f15060006000f3",
      -- "ops": [
        -- {
          -- "cost": 3,
          -- "ex": {
            -- "mem": null,
            -- "push": [
              -- "0x2a"
            -- ],
            -- "store": null,
            -- "used": 995195
          -- },
          -- "op": "PUSH1",
          -- "pc": 0,
          -- "sub": null
        -- },
        -- {
          -- "cost": 3,
          -- "ex": {
            -- "mem": null,
            -- "push": [
              -- "0x0"
            -- ],
            -- "store": null,
            -- "used": 995192
          -- },
          -- "op": "PUSH1",
          -- "pc": 2,
          -- "sub": null
        -- },
        -- {
          -- "cost": 6,
          -- "ex": {
            -- "mem": {
              -- "data": "0x000000000000000000000000000000000000000000000000000000000000002a",
              -- "off": 0
            -- },
            -- "push": [],
            -- "store": null,
            -- "used": 995186
          -- },
          -- "op": "MSTORE",
          -- "pc": 4,
          -- "sub": null
        -- },
        -- {
          -- "cost": 3,
          -- "ex": {
            -- "mem": null,
            -- "push": [
              -- "0x40"
            -- ],
            -- "store": null,
            -- "used": 995183
          -- },
          -- "op": "PUSH1",
          -- "pc": 5,
          -- "sub": null
        -- },
        -- {
          -- "cost": 3,
          -- "ex": {
            -- "mem": null,
            -- "push": [
              -- "0x0"
            -- ],
            -- "store": null,
            -- "used": 995180
          -- },
          -- "op": "PUSH1",
          -- "pc": 7,
          -- "sub": null
        -- },
        -- {
          -- "cost": 3,
          -- "ex": {
            -- "mem": null,
            -- "push": [
              -- "0x80"
            -- ],
            -- "store": null,
            -- "used": 995177
          -- },
          -- "op": "PUSH1",
          -- "pc": 9,
          -- "sub": null
        -- },
        -- {
          -- "cost": 3,
          -- "ex": {
            -- "mem": null,
            -- "push": [
              -- "0x0"
            -- ],
            -- "store": null,
            -- "used": 995174
          -- },
          -- "op": "PUSH1",
          -- "pc": 11,
          -- "sub": null
        -- },
        -- {
          -- "cost": 3,
          -- "ex": {
            -- "mem": null,
            -- "push": [
              -- "0x0"
            -- ],
            -- "store": null,
            -- "used": 995171
          -- },
          -- "op": "PUSH1",
          -- "pc": 13,
          -- "sub": null
        -- },
        -- {
          -- "cost": 3,
          -- "ex": {
            -- "mem": null,
            -- "push": [
              -- "0x6"
            -- ],
            -- "store": null,
            -- "used": 995168
          -- },
          -- "op": "PUSH1",
          -- "pc": 15,
          -- "sub": null
        -- },
        -- {
          -- "cost": 3,
          -- "ex": {
            -- "mem": null,
            -- "push": [
              -- "0x186a0"
            -- ],
            -- "store": null,
            -- "used": 995165
          -- },
          -- "op": "PUSH3",
          -- "pc": 17,
          -- "sub": null
        -- },
        -- {
          -- "cost": 100109,
          -- "ex": {
            -- "mem": null,
            -- "push": [
              -- "0x0"
            -- ],
            -- "store": null,
            -- "used": 895056
          -- },
          -- "op": "CALL",
          -- "pc": 21,
          -- "sub": null
        -- },
        -- {
          -- "cost": 2,
          -- "ex": {
            -- "mem": null,
            -- "push": [],
            -- "store": null,
            -- "used": 895054
          -- },
          -- "op": "POP",
          -- "pc": 22,
          -- "sub": null
        -- },
        -- {
          -- "cost": 3,
          -- "ex": {
            -- "mem": null,
            -- "push": [
              -- "0x0"
            -- ],
            -- "store": null,
            -- "used": 895051
          -- },
          -- "op": "PUSH1",
          -- "pc": 23,
          -- "sub": null
        -- },
        -- {
          -- "cost": 3,
          -- "ex": {
            -- "mem": null,
            -- "push": [
              -- "0x0"
            -- ],
            -- "store": null,
            -- "used": 895048
          -- },
          -- "op": "PUSH1",
          -- "pc": 25,
          -- "sub": null
        -- },
        -- {
          -- "cost": 0,
          -- "ex": {
            -- "mem": null,
            -- "push": [],
            -- "store": null,
            -- "used": 895048
          -- },
          -- "op": "RETURN",
          -- "pc": 27,
          -- "sub": null
        -- }
      -- ]
    -- }
  }
}


-- interop/nested-call-value0-success (go-ethereum_trace)
>>  {"jsonrpc": "2.0", "id": 1, "method": "trace_call", "params": [{"from": "0x7435ed30a8b4aeb0877cef0c6e8cffe834eb865f", "gas": "0x100000", "gasPrice": "0x3b9aca00", "value": "0x0", "data": "0x6000600052604060006080600060006006620186a0f15060006000f3"}, ["trace", "stateDiff", "vmTrace"], "latest"]}
<<  {"jsonrpc":"2.0","id":1,"result":{"output":"0x","trace":[{"action":{"from":"0x7435ed30a8b4aeb0877cef0c6e8cffe834eb865f","gas":"0xf2f8a","init":"0x6000600052604060006080600060006006620186a0f15060006000f3","value":"0x0","creationMethod":"create"},"result":{"gasUsed":"0x12c","address":"0xe3a8b633a20d3bc82cfd6d6cb315dd9784b3ea41","code":"0x"},"subtraces":0,"traceAddress":[],"type":"create"}],"stateDiff":{"0x0000000000000000000000000000000000000000":{"balance":{"*":{"from":"0x66863b","to":"0x30ba2199898f"}},"nonce":"=","code":"=","storage":{}},"0x7435ed30a8b4aeb0877cef0c6e8cffe834eb865f":{"balance":{"*":{"from":"0xc097ce7bc90715b34755ccb0391096","to":"0xc097ce7bc90715b34724fd995b3c96"}},"nonce":{"*":{"from":"0x85","to":"0x86"}},"code":"=","storage":{}},"0xe3a8b633a20d3bc82cfd6d6cb315dd9784b3ea41":{"balance":{"+":"0x0"},"nonce":{"+":"0x1"},"code":{"+":"0x"},"storage":{}}},"vmTrace":{"code":"0x6000600052604060006080600060006006620186a0f15060006000f3","ops":[{"pc":0,"cost":3,"ex":{"used":995207,"push":["0x0"],"mem":null,"store":null},"sub":null,"op":"PUSH1"},{"pc":2,"cost":3,"ex":{"used":995204,"push":["0x0"],"mem":null,"store":null},"sub":null,"op":"PUSH1"},{"pc":4,"cost":6,"ex":{"used":995198,"push":[],"mem":{"off":0,"data":"0x0000000000000000000000000000000000000000000000000000000000000000"},"store":null},"sub":null,"op":"MSTORE"},{"pc":5,"cost":3,"ex":{"used":995195,"push":["0x40"],"mem":null,"store":null},"sub":null,"op":"PUSH1"},{"pc":7,"cost":3,"ex":{"used":995192,"push":["0x0"],"mem":null,"store":null},"sub":null,"op":"PUSH1"},{"pc":9,"cost":3,"ex":{"used":995189,"push":["0x80"],"mem":null,"store":null},"sub":null,"op":"PUSH1"},{"pc":11,"cost":3,"ex":{"used":995186,"push":["0x0"],"mem":null,"store":null},"sub":null,"op":"PUSH1"},{"pc":13,"cost":3,"ex":{"used":995183,"push":["0x0"],"mem":null,"store":null},"sub":null,"op":"PUSH1"},{"pc":15,"cost":3,"ex":{"used":995180,"push":["0x6"],"mem":null,"store":null},"sub":null,"op":"PUSH1"},{"pc":17,"cost":3,"ex":{"used":995177,"push":["0x186a0"],"mem":null,"store":null},"sub":null,"op":"PUSH3"},{"pc":21,"cost":100109,"ex":{"used":994918,"push":["0x1"],"mem":{"off":0,"data":"0x00000000000000000000000000000000000000000000000000000000000000000000000000000000000000000000000000000000000000000000000000000000"},"store":null},"sub":null,"op":"CALL"},{"pc":22,"cost":2,"ex":{"used":994916,"push":[],"mem":null,"store":null},"sub":null,"op":"POP"},{"pc":23,"cost":3,"ex":{"used":994913,"push":["0x0"],"mem":null,"store":null},"sub":null,"op":"PUSH1"},{"pc":25,"cost":3,"ex":{"used":994910,"push":["0x0"],"mem":null,"store":null},"sub":null,"op":"PUSH1"},{"pc":27,"cost":0,"ex":{"used":994910,"push":[],"mem":null,"store":null},"sub":null,"op":"RETURN"}]}}}
response differs from expected (-- client, ++ test):
{
  "id": 1,
  "jsonrpc": "2.0",
  "result": {
    ++ "capture_only": true,
    -- "output": "0x",
    -- "stateDiff": {
      -- "0x0000000000000000000000000000000000000000": {
        -- "balance": {
          -- "*": {
            -- "from": "0x66863b",
            -- "to": "0x30ba2199898f"
          -- }
        -- },
        -- "code": "=",
        -- "nonce": "=",
        -- "storage": {}
      -- },
      -- "0x7435ed30a8b4aeb0877cef0c6e8cffe834eb865f": {
        -- "balance": {
          -- "*": {
            -- "from": "0xc097ce7bc90715b34755ccb0391096",
            -- "to": "0xc097ce7bc90715b34724fd995b3c96"
          -- }
        -- },
        -- "code": "=",
        -- "nonce": {
          -- "*": {
            -- "from": "0x85",
            -- "to": "0x86"
          -- }
        -- },
        -- "storage": {}
      -- },
      -- "0xe3a8b633a20d3bc82cfd6d6cb315dd9784b3ea41": {
        -- "balance": {
          -- "+": "0x0"
        -- },
        -- "code": {
          -- "+": "0x"
        -- },
        -- "nonce": {
          -- "+": "0x1"
        -- },
        -- "storage": {}
      -- }
    -- },
    -- "trace": [
      -- {
        -- "action": {
          -- "creationMethod": "create",
          -- "from": "0x7435ed30a8b4aeb0877cef0c6e8cffe834eb865f",
          -- "gas": "0xf2f8a",
          -- "init": "0x6000600052604060006080600060006006620186a0f15060006000f3",
          -- "value": "0x0"
        -- },
        -- "result": {
          -- "address": "0xe3a8b633a20d3bc82cfd6d6cb315dd9784b3ea41",
          -- "code": "0x",
          -- "gasUsed": "0x12c"
        -- },
        -- "subtraces": 0,
        -- "traceAddress": [],
        -- "type": "create"
      -- }
    -- ],
    -- "vmTrace": {
      -- "code": "0x6000600052604060006080600060006006620186a0f15060006000f3",
      -- "ops": [
        -- {
          -- "cost": 3,
          -- "ex": {
            -- "mem": null,
            -- "push": [
              -- "0x0"
            -- ],
            -- "store": null,
            -- "used": 995207
          -- },
          -- "op": "PUSH1",
          -- "pc": 0,
          -- "sub": null
        -- },
        -- {
          -- "cost": 3,
          -- "ex": {
            -- "mem": null,
            -- "push": [
              -- "0x0"
            -- ],
            -- "store": null,
            -- "used": 995204
          -- },
          -- "op": "PUSH1",
          -- "pc": 2,
          -- "sub": null
        -- },
        -- {
          -- "cost": 6,
          -- "ex": {
            -- "mem": {
              -- "data": "0x0000000000000000000000000000000000000000000000000000000000000000",
              -- "off": 0
            -- },
            -- "push": [],
            -- "store": null,
            -- "used": 995198
          -- },
          -- "op": "MSTORE",
          -- "pc": 4,
          -- "sub": null
        -- },
        -- {
          -- "cost": 3,
          -- "ex": {
            -- "mem": null,
            -- "push": [
              -- "0x40"
            -- ],
            -- "store": null,
            -- "used": 995195
          -- },
          -- "op": "PUSH1",
          -- "pc": 5,
          -- "sub": null
        -- },
        -- {
          -- "cost": 3,
          -- "ex": {
            -- "mem": null,
            -- "push": [
              -- "0x0"
            -- ],
            -- "store": null,
            -- "used": 995192
          -- },
          -- "op": "PUSH1",
          -- "pc": 7,
          -- "sub": null
        -- },
        -- {
          -- "cost": 3,
          -- "ex": {
            -- "mem": null,
            -- "push": [
              -- "0x80"
            -- ],
            -- "store": null,
            -- "used": 995189
          -- },
          -- "op": "PUSH1",
          -- "pc": 9,
          -- "sub": null
        -- },
        -- {
          -- "cost": 3,
          -- "ex": {
            -- "mem": null,
            -- "push": [
              -- "0x0"
            -- ],
            -- "store": null,
            -- "used": 995186
          -- },
          -- "op": "PUSH1",
          -- "pc": 11,
          -- "sub": null
        -- },
        -- {
          -- "cost": 3,
          -- "ex": {
            -- "mem": null,
            -- "push": [
              -- "0x0"
            -- ],
            -- "store": null,
            -- "used": 995183
          -- },
          -- "op": "PUSH1",
          -- "pc": 13,
          -- "sub": null
        -- },
        -- {
          -- "cost": 3,
          -- "ex": {
            -- "mem": null,
            -- "push": [
              -- "0x6"
            -- ],
            -- "store": null,
            -- "used": 995180
          -- },
          -- "op": "PUSH1",
          -- "pc": 15,
          -- "sub": null
        -- },
        -- {
          -- "cost": 3,
          -- "ex": {
            -- "mem": null,
            -- "push": [
              -- "0x186a0"
            -- ],
            -- "store": null,
            -- "used": 995177
          -- },
          -- "op": "PUSH3",
          -- "pc": 17,
          -- "sub": null
        -- },
        -- {
          -- "cost": 100109,
          -- "ex": {
            -- "mem": {
              -- "data": "0x00000000000000000000000000000000000000000000000000000000000000000000000000000000000000000000000000000000000000000000000000000000",
              -- "off": 0
            -- },
            -- "push": [
              -- "0x1"
            -- ],
            -- "store": null,
            -- "used": 994918
          -- },
          -- "op": "CALL",
          -- "pc": 21,
          -- "sub": null
        -- },
        -- {
          -- "cost": 2,
          -- "ex": {
            -- "mem": null,
            -- "push": [],
            -- "store": null,
            -- "used": 994916
          -- },
          -- "op": "POP",
          -- "pc": 22,
          -- "sub": null
        -- },
        -- {
          -- "cost": 3,
          -- "ex": {
            -- "mem": null,
            -- "push": [
              -- "0x0"
            -- ],
            -- "store": null,
            -- "used": 994913
          -- },
          -- "op": "PUSH1",
          -- "pc": 23,
          -- "sub": null
        -- },
        -- {
          -- "cost": 3,
          -- "ex": {
            -- "mem": null,
            -- "push": [
              -- "0x0"
            -- ],
            -- "store": null,
            -- "used": 994910
          -- },
          -- "op": "PUSH1",
          -- "pc": 25,
          -- "sub": null
        -- },
        -- {
          -- "cost": 0,
          -- "ex": {
            -- "mem": null,
            -- "push": [],
            -- "store": null,
            -- "used": 994910
          -- },
          -- "op": "RETURN",
          -- "pc": 27,
          -- "sub": null
        -- }
      -- ]
    -- }
  }
}


-- interop/nested-call-value1-failed (go-ethereum_trace)
>>  {"jsonrpc": "2.0", "id": 1, "method": "trace_call", "params": [{"from": "0x7435ed30a8b4aeb0877cef0c6e8cffe834eb865f", "gas": "0x100000", "gasPrice": "0x3b9aca00", "value": "0x1", "data": "0x602a600052604060006080600060016006620186a0f15060006000f3"}, ["trace", "stateDiff", "vmTrace"], "latest"]}
<<  {"jsonrpc":"2.0","id":1,"result":{"output":"0x","trace":[{"action":{"from":"0x7435ed30a8b4aeb0877cef0c6e8cffe834eb865f","gas":"0xf2f72","init":"0x602a600052604060006080600060016006620186a0f15060006000f3","value":"0x1","creationMethod":"create"},"result":{"gasUsed":"0x20c06","address":"0xe3a8b633a20d3bc82cfd6d6cb315dd9784b3ea41","code":"0x"},"subtraces":1,"traceAddress":[],"type":"create"},{"action":{"callType":"call","from":"0xe3a8b633a20d3bc82cfd6d6cb315dd9784b3ea41","to":"0x0000000000000000000000000000000000000006","gas":"0x18f9c","input":"0x000000000000000000000000000000000000000000000000000000000000002a000000000000000000000000000000000000000000000000000000000000000000000000000000000000000000000000000000000000000000000000000000000000000000000000000000000000000000000000000000000000000000000000","value":"0x1"},"result":null,"error":"point is not on curve","subtraces":0,"traceAddress":[0],"type":"call"}],"stateDiff":{"0x0000000000000000000000000000000000000000":{"balance":{"*":{"from":"0x66863b","to":"0xaa47d0bdc203"}},"nonce":"=","code":"=","storage":{}},"0x7435ed30a8b4aeb0877cef0c6e8cffe834eb865f":{"balance":{"*":{"from":"0xc097ce7bc90715b34755ccb0391096","to":"0xc097ce7bc90715b346ab3ba1244895"}},"nonce":{"*":{"from":"0x85","to":"0x86"}},"code":"=","storage":{}},"0xe3a8b633a20d3bc82cfd6d6cb315dd9784b3ea41":{"balance":{"+":"0x1"},"nonce":{"+":"0x1"},"code":{"+":"0x"},"storage":{}}},"vmTrace":{"code":"0x602a600052604060006080600060016006620186a0f15060006000f3","ops":[{"pc":0,"cost":3,"ex":{"used":995183,"push":["0x2a"],"mem":null,"store":null},"sub":null,"op":"PUSH1"},{"pc":2,"cost":3,"ex":{"used":995180,"push":["0x0"],"mem":null,"store":null},"sub":null,"op":"PUSH1"},{"pc":4,"cost":6,"ex":{"used":995174,"push":[],"mem":{"off":0,"data":"0x000000000000000000000000000000000000000000000000000000000000002a"},"store":null},"sub":null,"op":"MSTORE"},{"pc":5,"cost":3,"ex":{"used":995171,"push":["0x40"],"mem":null,"store":null},"sub":null,"op":"PUSH1"},{"pc":7,"cost":3,"ex":{"used":995168,"push":["0x0"],"mem":null,"store":null},"sub":null,"op":"PUSH1"},{"pc":9,"cost":3,"ex":{"used":995165,"push":["0x80"],"mem":null,"store":null},"sub":null,"op":"PUSH1"},{"pc":11,"cost":3,"ex":{"used":995162,"push":["0x0"],"mem":null,"store":null},"sub":null,"op":"PUSH1"},{"pc":13,"cost":3,"ex":{"used":995159,"push":["0x1"],"mem":null,"store":null},"sub":null,"op":"PUSH1"},{"pc":15,"cost":3,"ex":{"used":995156,"push":["0x6"],"mem":null,"store":null},"sub":null,"op":"PUSH1"},{"pc":17,"cost":3,"ex":{"used":995153,"push":["0x186a0"],"mem":null,"store":null},"sub":null,"op":"PUSH3"},{"pc":21,"cost":134109,"ex":{"used":861044,"push":["0x0"],"mem":null,"store":null},"sub":null,"op":"CALL"},{"pc":22,"cost":2,"ex":{"used":861042,"push":[],"mem":null,"store":null},"sub":null,"op":"POP"},{"pc":23,"cost":3,"ex":{"used":861039,"push":["0x0"],"mem":null,"store":null},"sub":null,"op":"PUSH1"},{"pc":25,"cost":3,"ex":{"used":861036,"push":["0x0"],"mem":null,"store":null},"sub":null,"op":"PUSH1"},{"pc":27,"cost":0,"ex":{"used":861036,"push":[],"mem":null,"store":null},"sub":null,"op":"RETURN"}]}}}
response differs from expected (-- client, ++ test):
{
  "id": 1,
  "jsonrpc": "2.0",
  "result": {
    ++ "capture_only": true,
    -- "output": "0x",
    -- "stateDiff": {
      -- "0x0000000000000000000000000000000000000000": {
        -- "balance": {
          -- "*": {
            -- "from": "0x66863b",
            -- "to": "0xaa47d0bdc203"
          -- }
        -- },
        -- "code": "=",
        -- "nonce": "=",
        -- "storage": {}
      -- },
      -- "0x7435ed30a8b4aeb0877cef0c6e8cffe834eb865f": {
        -- "balance": {
          -- "*": {
            -- "from": "0xc097ce7bc90715b34755ccb0391096",
            -- "to": "0xc097ce7bc90715b346ab3ba1244895"
          -- }
        -- },
        -- "code": "=",
        -- "nonce": {
          -- "*": {
            -- "from": "0x85",
            -- "to": "0x86"
          -- }
        -- },
        -- "storage": {}
      -- },
      -- "0xe3a8b633a20d3bc82cfd6d6cb315dd9784b3ea41": {
        -- "balance": {
          -- "+": "0x1"
        -- },
        -- "code": {
          -- "+": "0x"
        -- },
        -- "nonce": {
          -- "+": "0x1"
        -- },
        -- "storage": {}
      -- }
    -- },
    -- "trace": [
      -- {
        -- "action": {
          -- "creationMethod": "create",
          -- "from": "0x7435ed30a8b4aeb0877cef0c6e8cffe834eb865f",
          -- "gas": "0xf2f72",
          -- "init": "0x602a600052604060006080600060016006620186a0f15060006000f3",
          -- "value": "0x1"
        -- },
        -- "result": {
          -- "address": "0xe3a8b633a20d3bc82cfd6d6cb315dd9784b3ea41",
          -- "code": "0x",
          -- "gasUsed": "0x20c06"
        -- },
        -- "subtraces": 1,
        -- "traceAddress": [],
        -- "type": "create"
      -- },
      -- {
        -- "action": {
          -- "callType": "call",
          -- "from": "0xe3a8b633a20d3bc82cfd6d6cb315dd9784b3ea41",
          -- "gas": "0x18f9c",
          -- "input": "0x000000000000000000000000000000000000000000000000000000000000002a000000000000000000000000000000000000000000000000000000000000000000000000000000000000000000000000000000000000000000000000000000000000000000000000000000000000000000000000000000000000000000000000",
          -- "to": "0x0000000000000000000000000000000000000006",
          -- "value": "0x1"
        -- },
        -- "error": "point is not on curve",
        -- "result": null,
        -- "subtraces": 0,
        -- "traceAddress": [
          -- 0
        -- ],
        -- "type": "call"
      -- }
    -- ],
    -- "vmTrace": {
      -- "code": "0x602a600052604060006080600060016006620186a0f15060006000f3",
      -- "ops": [
        -- {
          -- "cost": 3,
          -- "ex": {
            -- "mem": null,
            -- "push": [
              -- "0x2a"
            -- ],
            -- "store": null,
            -- "used": 995183
          -- },
          -- "op": "PUSH1",
          -- "pc": 0,
          -- "sub": null
        -- },
        -- {
          -- "cost": 3,
          -- "ex": {
            -- "mem": null,
            -- "push": [
              -- "0x0"
            -- ],
            -- "store": null,
            -- "used": 995180
          -- },
          -- "op": "PUSH1",
          -- "pc": 2,
          -- "sub": null
        -- },
        -- {
          -- "cost": 6,
          -- "ex": {
            -- "mem": {
              -- "data": "0x000000000000000000000000000000000000000000000000000000000000002a",
              -- "off": 0
            -- },
            -- "push": [],
            -- "store": null,
            -- "used": 995174
          -- },
          -- "op": "MSTORE",
          -- "pc": 4,
          -- "sub": null
        -- },
        -- {
          -- "cost": 3,
          -- "ex": {
            -- "mem": null,
            -- "push": [
              -- "0x40"
            -- ],
            -- "store": null,
            -- "used": 995171
          -- },
          -- "op": "PUSH1",
          -- "pc": 5,
          -- "sub": null
        -- },
        -- {
          -- "cost": 3,
          -- "ex": {
            -- "mem": null,
            -- "push": [
              -- "0x0"
            -- ],
            -- "store": null,
            -- "used": 995168
          -- },
          -- "op": "PUSH1",
          -- "pc": 7,
          -- "sub": null
        -- },
        -- {
          -- "cost": 3,
          -- "ex": {
            -- "mem": null,
            -- "push": [
              -- "0x80"
            -- ],
            -- "store": null,
            -- "used": 995165
          -- },
          -- "op": "PUSH1",
          -- "pc": 9,
          -- "sub": null
        -- },
        -- {
          -- "cost": 3,
          -- "ex": {
            -- "mem": null,
            -- "push": [
              -- "0x0"
            -- ],
            -- "store": null,
            -- "used": 995162
          -- },
          -- "op": "PUSH1",
          -- "pc": 11,
          -- "sub": null
        -- },
        -- {
          -- "cost": 3,
          -- "ex": {
            -- "mem": null,
            -- "push": [
              -- "0x1"
            -- ],
            -- "store": null,
            -- "used": 995159
          -- },
          -- "op": "PUSH1",
          -- "pc": 13,
          -- "sub": null
        -- },
        -- {
          -- "cost": 3,
          -- "ex": {
            -- "mem": null,
            -- "push": [
              -- "0x6"
            -- ],
            -- "store": null,
            -- "used": 995156
          -- },
          -- "op": "PUSH1",
          -- "pc": 15,
          -- "sub": null
        -- },
        -- {
          -- "cost": 3,
          -- "ex": {
            -- "mem": null,
            -- "push": [
              -- "0x186a0"
            -- ],
            -- "store": null,
            -- "used": 995153
          -- },
          -- "op": "PUSH3",
          -- "pc": 17,
          -- "sub": null
        -- },
        -- {
          -- "cost": 134109,
          -- "ex": {
            -- "mem": null,
            -- "push": [
              -- "0x0"
            -- ],
            -- "store": null,
            -- "used": 861044
          -- },
          -- "op": "CALL",
          -- "pc": 21,
          -- "sub": null
        -- },
        -- {
          -- "cost": 2,
          -- "ex": {
            -- "mem": null,
            -- "push": [],
            -- "store": null,
            -- "used": 861042
          -- },
          -- "op": "POP",
          -- "pc": 22,
          -- "sub": null
        -- },
        -- {
          -- "cost": 3,
          -- "ex": {
            -- "mem": null,
            -- "push": [
              -- "0x0"
            -- ],
            -- "store": null,
            -- "used": 861039
          -- },
          -- "op": "PUSH1",
          -- "pc": 23,
          -- "sub": null
        -- },
        -- {
          -- "cost": 3,
          -- "ex": {
            -- "mem": null,
            -- "push": [
              -- "0x0"
            -- ],
            -- "store": null,
            -- "used": 861036
          -- },
          -- "op": "PUSH1",
          -- "pc": 25,
          -- "sub": null
        -- },
        -- {
          -- "cost": 0,
          -- "ex": {
            -- "mem": null,
            -- "push": [],
            -- "store": null,
            -- "used": 861036
          -- },
          -- "op": "RETURN",
          -- "pc": 27,
          -- "sub": null
        -- }
      -- ]
    -- }
  }
}


-- interop/nested-call-value1-success (go-ethereum_trace)
>>  {"jsonrpc": "2.0", "id": 1, "method": "trace_call", "params": [{"from": "0x7435ed30a8b4aeb0877cef0c6e8cffe834eb865f", "gas": "0x100000", "gasPrice": "0x3b9aca00", "value": "0x1", "data": "0x6000600052604060006080600060016006620186a0f15060006000f3"}, ["trace", "stateDiff", "vmTrace"], "latest"]}
<<  {"jsonrpc":"2.0","id":1,"result":{"output":"0x","trace":[{"action":{"from":"0x7435ed30a8b4aeb0877cef0c6e8cffe834eb865f","gas":"0xf2f7e","init":"0x6000600052604060006080600060016006620186a0f15060006000f3","value":"0x1","creationMethod":"create"},"result":{"gasUsed":"0x7d00","address":"0xe3a8b633a20d3bc82cfd6d6cb315dd9784b3ea41","code":"0x"},"subtraces":1,"traceAddress":[],"type":"create"},{"action":{"callType":"call","from":"0xe3a8b633a20d3bc82cfd6d6cb315dd9784b3ea41","to":"0x0000000000000000000000000000000000000006","gas":"0x18f9c","input":"0x0000000000000000000000000000000000000000000000000000000000000000000000000000000000000000000000000000000000000000000000000000000000000000000000000000000000000000000000000000000000000000000000000000000000000000000000000000000000000000000000000000000000000000","value":"0x1"},"result":{"gasUsed":"0x96","output":"0x00000000000000000000000000000000000000000000000000000000000000000000000000000000000000000000000000000000000000000000000000000000"},"subtraces":0,"traceAddress":[0],"type":"call"}],"stateDiff":{"0x0000000000000000000000000000000000000000":{"balance":{"*":{"from":"0x66863b","to":"0x4d854572304f"}},"nonce":"=","code":"=","storage":{}},"0x0000000000000000000000000000000000000006":{"balance":{"+":"0x1"},"nonce":{"+":"0x0"},"code":{"+":"0x"},"storage":{}},"0x7435ed30a8b4aeb0877cef0c6e8cffe834eb865f":{"balance":{"*":{"from":"0xc097ce7bc90715b34755ccb0391096","to":"0xc097ce7bc90715b347082612dc7c95"}},"nonce":{"*":{"from":"0x85","to":"0x86"}},"code":"=","storage":{}},"0xe3a8b633a20d3bc82cfd6d6cb315dd9784b3ea41":{"balance":{"+":"0x0"},"nonce":{"+":"0x1"},"code":{"+":"0x"},"storage":{}}},"vmTrace":{"code":"0x6000600052604060006080600060016006620186a0f15060006000f3","ops":[{"pc":0,"cost":3,"ex":{"used":995195,"push":["0x0"],"mem":null,"store":null},"sub":null,"op":"PUSH1"},{"pc":2,"cost":3,"ex":{"used":995192,"push":["0x0"],"mem":null,"store":null},"sub":null,"op":"PUSH1"},{"pc":4,"cost":6,"ex":{"used":995186,"push":[],"mem":{"off":0,"data":"0x0000000000000000000000000000000000000000000000000000000000000000"},"store":null},"sub":null,"op":"MSTORE"},{"pc":5,"cost":3,"ex":{"used":995183,"push":["0x40"],"mem":null,"store":null},"sub":null,"op":"PUSH1"},{"pc":7,"cost":3,"ex":{"used":995180,"push":["0x0"],"mem":null,"store":null},"sub":null,"op":"PUSH1"},{"pc":9,"cost":3,"ex":{"used":995177,"push":["0x80"],"mem":null,"store":null},"sub":null,"op":"PUSH1"},{"pc":11,"cost":3,"ex":{"used":995174,"push":["0x0"],"mem":null,"store":null},"sub":null,"op":"PUSH1"},{"pc":13,"cost":3,"ex":{"used":995171,"push":["0x1"],"mem":null,"store":null},"sub":null,"op":"PUSH1"},{"pc":15,"cost":3,"ex":{"used":995168,"push":["0x6"],"mem":null,"store":null},"sub":null,"op":"PUSH1"},{"pc":17,"cost":3,"ex":{"used":995165,"push":["0x186a0"],"mem":null,"store":null},"sub":null,"op":"PUSH3"},{"pc":21,"cost":134109,"ex":{"used":963206,"push":["0x1"],"mem":{"off":0,"data":"0x00000000000000000000000000000000000000000000000000000000000000000000000000000000000000000000000000000000000000000000000000000000"},"store":null},"sub":null,"op":"CALL"},{"pc":22,"cost":2,"ex":{"used":963204,"push":[],"mem":null,"store":null},"sub":null,"op":"POP"},{"pc":23,"cost":3,"ex":{"used":963201,"push":["0x0"],"mem":null,"store":null},"sub":null,"op":"PUSH1"},{"pc":25,"cost":3,"ex":{"used":963198,"push":["0x0"],"mem":null,"store":null},"sub":null,"op":"PUSH1"},{"pc":27,"cost":0,"ex":{"used":963198,"push":[],"mem":null,"store":null},"sub":null,"op":"RETURN"}]}}}
response differs from expected (-- client, ++ test):
{
  "id": 1,
  "jsonrpc": "2.0",
  "result": {
    ++ "capture_only": true,
    -- "output": "0x",
    -- "stateDiff": {
      -- "0x0000000000000000000000000000000000000000": {
        -- "balance": {
          -- "*": {
            -- "from": "0x66863b",
            -- "to": "0x4d854572304f"
          -- }
        -- },
        -- "code": "=",
        -- "nonce": "=",
        -- "storage": {}
      -- },
      -- "0x0000000000000000000000000000000000000006": {
        -- "balance": {
          -- "+": "0x1"
        -- },
        -- "code": {
          -- "+": "0x"
        -- },
        -- "nonce": {
          -- "+": "0x0"
        -- },
        -- "storage": {}
      -- },
      -- "0x7435ed30a8b4aeb0877cef0c6e8cffe834eb865f": {
        -- "balance": {
          -- "*": {
            -- "from": "0xc097ce7bc90715b34755ccb0391096",
            -- "to": "0xc097ce7bc90715b347082612dc7c95"
          -- }
        -- },
        -- "code": "=",
        -- "nonce": {
          -- "*": {
            -- "from": "0x85",
            -- "to": "0x86"
          -- }
        -- },
        -- "storage": {}
      -- },
      -- "0xe3a8b633a20d3bc82cfd6d6cb315dd9784b3ea41": {
        -- "balance": {
          -- "+": "0x0"
        -- },
        -- "code": {
          -- "+": "0x"
        -- },
        -- "nonce": {
          -- "+": "0x1"
        -- },
        -- "storage": {}
      -- }
    -- },
    -- "trace": [
      -- {
        -- "action": {
          -- "creationMethod": "create",
          -- "from": "0x7435ed30a8b4aeb0877cef0c6e8cffe834eb865f",
          -- "gas": "0xf2f7e",
          -- "init": "0x6000600052604060006080600060016006620186a0f15060006000f3",
          -- "value": "0x1"
        -- },
        -- "result": {
          -- "address": "0xe3a8b633a20d3bc82cfd6d6cb315dd9784b3ea41",
          -- "code": "0x",
          -- "gasUsed": "0x7d00"
        -- },
        -- "subtraces": 1,
        -- "traceAddress": [],
        -- "type": "create"
      -- },
      -- {
        -- "action": {
          -- "callType": "call",
          -- "from": "0xe3a8b633a20d3bc82cfd6d6cb315dd9784b3ea41",
          -- "gas": "0x18f9c",
          -- "input": "0x0000000000000000000000000000000000000000000000000000000000000000000000000000000000000000000000000000000000000000000000000000000000000000000000000000000000000000000000000000000000000000000000000000000000000000000000000000000000000000000000000000000000000000",
          -- "to": "0x0000000000000000000000000000000000000006",
          -- "value": "0x1"
        -- },
        -- "result": {
          -- "gasUsed": "0x96",
          -- "output": "0x00000000000000000000000000000000000000000000000000000000000000000000000000000000000000000000000000000000000000000000000000000000"
        -- },
        -- "subtraces": 0,
        -- "traceAddress": [
          -- 0
        -- ],
        -- "type": "call"
      -- }
    -- ],
    -- "vmTrace": {
      -- "code": "0x6000600052604060006080600060016006620186a0f15060006000f3",
      -- "ops": [
        -- {
          -- "cost": 3,
          -- "ex": {
            -- "mem": null,
            -- "push": [
              -- "0x0"
            -- ],
            -- "store": null,
            -- "used": 995195
          -- },
          -- "op": "PUSH1",
          -- "pc": 0,
          -- "sub": null
        -- },
        -- {
          -- "cost": 3,
          -- "ex": {
            -- "mem": null,
            -- "push": [
              -- "0x0"
            -- ],
            -- "store": null,
            -- "used": 995192
          -- },
          -- "op": "PUSH1",
          -- "pc": 2,
          -- "sub": null
        -- },
        -- {
          -- "cost": 6,
          -- "ex": {
            -- "mem": {
              -- "data": "0x0000000000000000000000000000000000000000000000000000000000000000",
              -- "off": 0
            -- },
            -- "push": [],
            -- "store": null,
            -- "used": 995186
          -- },
          -- "op": "MSTORE",
          -- "pc": 4,
          -- "sub": null
        -- },
        -- {
          -- "cost": 3,
          -- "ex": {
            -- "mem": null,
            -- "push": [
              -- "0x40"
            -- ],
            -- "store": null,
            -- "used": 995183
          -- },
          -- "op": "PUSH1",
          -- "pc": 5,
          -- "sub": null
        -- },
        -- {
          -- "cost": 3,
          -- "ex": {
            -- "mem": null,
            -- "push": [
              -- "0x0"
            -- ],
            -- "store": null,
            -- "used": 995180
          -- },
          -- "op": "PUSH1",
          -- "pc": 7,
          -- "sub": null
        -- },
        -- {
          -- "cost": 3,
          -- "ex": {
            -- "mem": null,
            -- "push": [
              -- "0x80"
            -- ],
            -- "store": null,
            -- "used": 995177
          -- },
          -- "op": "PUSH1",
          -- "pc": 9,
          -- "sub": null
        -- },
        -- {
          -- "cost": 3,
          -- "ex": {
            -- "mem": null,
            -- "push": [
              -- "0x0"
            -- ],
            -- "store": null,
            -- "used": 995174
          -- },
          -- "op": "PUSH1",
          -- "pc": 11,
          -- "sub": null
        -- },
        -- {
          -- "cost": 3,
          -- "ex": {
            -- "mem": null,
            -- "push": [
              -- "0x1"
            -- ],
            -- "store": null,
            -- "used": 995171
          -- },
          -- "op": "PUSH1",
          -- "pc": 13,
          -- "sub": null
        -- },
        -- {
          -- "cost": 3,
          -- "ex": {
            -- "mem": null,
            -- "push": [
              -- "0x6"
            -- ],
            -- "store": null,
            -- "used": 995168
          -- },
          -- "op": "PUSH1",
          -- "pc": 15,
          -- "sub": null
        -- },
        -- {
          -- "cost": 3,
          -- "ex": {
            -- "mem": null,
            -- "push": [
              -- "0x186a0"
            -- ],
            -- "store": null,
            -- "used": 995165
          -- },
          -- "op": "PUSH3",
          -- "pc": 17,
          -- "sub": null
        -- },
        -- {
          -- "cost": 134109,
          -- "ex": {
            -- "mem": {
              -- "data": "0x00000000000000000000000000000000000000000000000000000000000000000000000000000000000000000000000000000000000000000000000000000000",
              -- "off": 0
            -- },
            -- "push": [
              -- "0x1"
            -- ],
            -- "store": null,
            -- "used": 963206
          -- },
          -- "op": "CALL",
          -- "pc": 21,
          -- "sub": null
        -- },
        -- {
          -- "cost": 2,
          -- "ex": {
            -- "mem": null,
            -- "push": [],
            -- "store": null,
            -- "used": 963204
          -- },
          -- "op": "POP",
          -- "pc": 22,
          -- "sub": null
        -- },
        -- {
          -- "cost": 3,
          -- "ex": {
            -- "mem": null,
            -- "push": [
              -- "0x0"
            -- ],
            -- "store": null,
            -- "used": 963201
          -- },
          -- "op": "PUSH1",
          -- "pc": 23,
          -- "sub": null
        -- },
        -- {
          -- "cost": 3,
          -- "ex": {
            -- "mem": null,
            -- "push": [
              -- "0x0"
            -- ],
            -- "store": null,
            -- "used": 963198
          -- },
          -- "op": "PUSH1",
          -- "pc": 25,
          -- "sub": null
        -- },
        -- {
          -- "cost": 0,
          -- "ex": {
            -- "mem": null,
            -- "push": [],
            -- "store": null,
            -- "used": 963198
          -- },
          -- "op": "RETURN",
          -- "pc": 27,
          -- "sub": null
        -- }
      -- ]
    -- }
  }
}


-- interop/nested-callcode-value0-failed (go-ethereum_trace)
>>  {"jsonrpc": "2.0", "id": 1, "method": "trace_call", "params": [{"from": "0x7435ed30a8b4aeb0877cef0c6e8cffe834eb865f", "gas": "0x100000", "gasPrice": "0x3b9aca00", "value": "0x0", "data": "0x602a600052604060006080600060006006620186a0f25060006000f3"}, ["trace", "stateDiff", "vmTrace"], "latest"]}
<<  {"jsonrpc":"2.0","id":1,"result":{"output":"0x","trace":[{"action":{"from":"0x7435ed30a8b4aeb0877cef0c6e8cffe834eb865f","gas":"0xf2f7e","init":"0x602a600052604060006080600060006006620186a0f25060006000f3","value":"0x0","creationMethod":"create"},"result":{"gasUsed":"0x18736","address":"0xe3a8b633a20d3bc82cfd6d6cb315dd9784b3ea41","code":"0x"},"subtraces":0,"traceAddress":[],"type":"create"}],"stateDiff":{"0x0000000000000000000000000000000000000000":{"balance":{"*":{"from":"0x66863b","to":"0x8b66102c076b"}},"nonce":"=","code":"=","storage":{}},"0x7435ed30a8b4aeb0877cef0c6e8cffe834eb865f":{"balance":{"*":{"from":"0xc097ce7bc90715b34755ccb0391096","to":"0xc097ce7bc90715b346ca2aaa51e096"}},"nonce":{"*":{"from":"0x85","to":"0x86"}},"code":"=","storage":{}},"0xe3a8b633a20d3bc82cfd6d6cb315dd9784b3ea41":{"balance":{"+":"0x0"},"nonce":{"+":"0x1"},"code":{"+":"0x"},"storage":{}}},"vmTrace":{"code":"0x602a600052604060006080600060006006620186a0f25060006000f3","ops":[{"pc":0,"cost":3,"ex":{"used":995195,"push":["0x2a"],"mem":null,"store":null},"sub":null,"op":"PUSH1"},{"pc":2,"cost":3,"ex":{"used":995192,"push":["0x0"],"mem":null,"store":null},"sub":null,"op":"PUSH1"},{"pc":4,"cost":6,"ex":{"used":995186,"push":[],"mem":{"off":0,"data":"0x000000000000000000000000000000000000000000000000000000000000002a"},"store":null},"sub":null,"op":"MSTORE"},{"pc":5,"cost":3,"ex":{"used":995183,"push":["0x40"],"mem":null,"store":null},"sub":null,"op":"PUSH1"},{"pc":7,"cost":3,"ex":{"used":995180,"push":["0x0"],"mem":null,"store":null},"sub":null,"op":"PUSH1"},{"pc":9,"cost":3,"ex":{"used":995177,"push":["0x80"],"mem":null,"store":null},"sub":null,"op":"PUSH1"},{"pc":11,"cost":3,"ex":{"used":995174,"push":["0x0"],"mem":null,"store":null},"sub":null,"op":"PUSH1"},{"pc":13,"cost":3,"ex":{"used":995171,"push":["0x0"],"mem":null,"store":null},"sub":null,"op":"PUSH1"},{"pc":15,"cost":3,"ex":{"used":995168,"push":["0x6"],"mem":null,"store":null},"sub":null,"op":"PUSH1"},{"pc":17,"cost":3,"ex":{"used":995165,"push":["0x186a0"],"mem":null,"store":null},"sub":null,"op":"PUSH3"},{"pc":21,"cost":100109,"ex":{"used":895056,"push":["0x0"],"mem":null,"store":null},"sub":null,"op":"CALLCODE"},{"pc":22,"cost":2,"ex":{"used":895054,"push":[],"mem":null,"store":null},"sub":null,"op":"POP"},{"pc":23,"cost":3,"ex":{"used":895051,"push":["0x0"],"mem":null,"store":null},"sub":null,"op":"PUSH1"},{"pc":25,"cost":3,"ex":{"used":895048,"push":["0x0"],"mem":null,"store":null},"sub":null,"op":"PUSH1"},{"pc":27,"cost":0,"ex":{"used":895048,"push":[],"mem":null,"store":null},"sub":null,"op":"RETURN"}]}}}
response differs from expected (-- client, ++ test):
{
  "id": 1,
  "jsonrpc": "2.0",
  "result": {
    ++ "capture_only": true,
    -- "output": "0x",
    -- "stateDiff": {
      -- "0x0000000000000000000000000000000000000000": {
        -- "balance": {
          -- "*": {
            -- "from": "0x66863b",
            -- "to": "0x8b66102c076b"
          -- }
        -- },
        -- "code": "=",
        -- "nonce": "=",
        -- "storage": {}
      -- },
      -- "0x7435ed30a8b4aeb0877cef0c6e8cffe834eb865f": {
        -- "balance": {
          -- "*": {
            -- "from": "0xc097ce7bc90715b34755ccb0391096",
            -- "to": "0xc097ce7bc90715b346ca2aaa51e096"
          -- }
        -- },
        -- "code": "=",
        -- "nonce": {
          -- "*": {
            -- "from": "0x85",
            -- "to": "0x86"
          -- }
        -- },
        -- "storage": {}
      -- },
      -- "0xe3a8b633a20d3bc82cfd6d6cb315dd9784b3ea41": {
        -- "balance": {
          -- "+": "0x0"
        -- },
        -- "code": {
          -- "+": "0x"
        -- },
        -- "nonce": {
          -- "+": "0x1"
        -- },
        -- "storage": {}
      -- }
    -- },
    -- "trace": [
      -- {
        -- "action": {
          -- "creationMethod": "create",
          -- "from": "0x7435ed30a8b4aeb0877cef0c6e8cffe834eb865f",
          -- "gas": "0xf2f7e",
          -- "init": "0x602a600052604060006080600060006006620186a0f25060006000f3",
          -- "value": "0x0"
        -- },
        -- "result": {
          -- "address": "0xe3a8b633a20d3bc82cfd6d6cb315dd9784b3ea41",
          -- "code": "0x",
          -- "gasUsed": "0x18736"
        -- },
        -- "subtraces": 0,
        -- "traceAddress": [],
        -- "type": "create"
      -- }
    -- ],
    -- "vmTrace": {
      -- "code": "0x602a600052604060006080600060006006620186a0f25060006000f3",
      -- "ops": [
        -- {
          -- "cost": 3,
          -- "ex": {
            -- "mem": null,
            -- "push": [
              -- "0x2a"
            -- ],
            -- "store": null,
            -- "used": 995195
          -- },
          -- "op": "PUSH1",
          -- "pc": 0,
          -- "sub": null
        -- },
        -- {
          -- "cost": 3,
          -- "ex": {
            -- "mem": null,
            -- "push": [
              -- "0x0"
            -- ],
            -- "store": null,
            -- "used": 995192
          -- },
          -- "op": "PUSH1",
          -- "pc": 2,
          -- "sub": null
        -- },
        -- {
          -- "cost": 6,
          -- "ex": {
            -- "mem": {
              -- "data": "0x000000000000000000000000000000000000000000000000000000000000002a",
              -- "off": 0
            -- },
            -- "push": [],
            -- "store": null,
            -- "used": 995186
          -- },
          -- "op": "MSTORE",
          -- "pc": 4,
          -- "sub": null
        -- },
        -- {
          -- "cost": 3,
          -- "ex": {
            -- "mem": null,
            -- "push": [
              -- "0x40"
            -- ],
            -- "store": null,
            -- "used": 995183
          -- },
          -- "op": "PUSH1",
          -- "pc": 5,
          -- "sub": null
        -- },
        -- {
          -- "cost": 3,
          -- "ex": {
            -- "mem": null,
            -- "push": [
              -- "0x0"
            -- ],
            -- "store": null,
            -- "used": 995180
          -- },
          -- "op": "PUSH1",
          -- "pc": 7,
          -- "sub": null
        -- },
        -- {
          -- "cost": 3,
          -- "ex": {
            -- "mem": null,
            -- "push": [
              -- "0x80"
            -- ],
            -- "store": null,
            -- "used": 995177
          -- },
          -- "op": "PUSH1",
          -- "pc": 9,
          -- "sub": null
        -- },
        -- {
          -- "cost": 3,
          -- "ex": {
            -- "mem": null,
            -- "push": [
              -- "0x0"
            -- ],
            -- "store": null,
            -- "used": 995174
          -- },
          -- "op": "PUSH1",
          -- "pc": 11,
          -- "sub": null
        -- },
        -- {
          -- "cost": 3,
          -- "ex": {
            -- "mem": null,
            -- "push": [
              -- "0x0"
            -- ],
            -- "store": null,
            -- "used": 995171
          -- },
          -- "op": "PUSH1",
          -- "pc": 13,
          -- "sub": null
        -- },
        -- {
          -- "cost": 3,
          -- "ex": {
            -- "mem": null,
            -- "push": [
              -- "0x6"
            -- ],
            -- "store": null,
            -- "used": 995168
          -- },
          -- "op": "PUSH1",
          -- "pc": 15,
          -- "sub": null
        -- },
        -- {
          -- "cost": 3,
          -- "ex": {
            -- "mem": null,
            -- "push": [
              -- "0x186a0"
            -- ],
            -- "store": null,
            -- "used": 995165
          -- },
          -- "op": "PUSH3",
          -- "pc": 17,
          -- "sub": null
        -- },
        -- {
          -- "cost": 100109,
          -- "ex": {
            -- "mem": null,
            -- "push": [
              -- "0x0"
            -- ],
            -- "store": null,
            -- "used": 895056
          -- },
          -- "op": "CALLCODE",
          -- "pc": 21,
          -- "sub": null
        -- },
        -- {
          -- "cost": 2,
          -- "ex": {
            -- "mem": null,
            -- "push": [],
            -- "store": null,
            -- "used": 895054
          -- },
          -- "op": "POP",
          -- "pc": 22,
          -- "sub": null
        -- },
        -- {
          -- "cost": 3,
          -- "ex": {
            -- "mem": null,
            -- "push": [
              -- "0x0"
            -- ],
            -- "store": null,
            -- "used": 895051
          -- },
          -- "op": "PUSH1",
          -- "pc": 23,
          -- "sub": null
        -- },
        -- {
          -- "cost": 3,
          -- "ex": {
            -- "mem": null,
            -- "push": [
              -- "0x0"
            -- ],
            -- "store": null,
            -- "used": 895048
          -- },
          -- "op": "PUSH1",
          -- "pc": 25,
          -- "sub": null
        -- },
        -- {
          -- "cost": 0,
          -- "ex": {
            -- "mem": null,
            -- "push": [],
            -- "store": null,
            -- "used": 895048
          -- },
          -- "op": "RETURN",
          -- "pc": 27,
          -- "sub": null
        -- }
      -- ]
    -- }
  }
}


-- interop/nested-callcode-value0-success (go-ethereum_trace)
>>  {"jsonrpc": "2.0", "id": 1, "method": "trace_call", "params": [{"from": "0x7435ed30a8b4aeb0877cef0c6e8cffe834eb865f", "gas": "0x100000", "gasPrice": "0x3b9aca00", "value": "0x0", "data": "0x6000600052604060006080600060006006620186a0f25060006000f3"}, ["trace", "stateDiff", "vmTrace"], "latest"]}
<<  {"jsonrpc":"2.0","id":1,"result":{"output":"0x","trace":[{"action":{"from":"0x7435ed30a8b4aeb0877cef0c6e8cffe834eb865f","gas":"0xf2f8a","init":"0x6000600052604060006080600060006006620186a0f25060006000f3","value":"0x0","creationMethod":"create"},"result":{"gasUsed":"0x12c","address":"0xe3a8b633a20d3bc82cfd6d6cb315dd9784b3ea41","code":"0x"},"subtraces":0,"traceAddress":[],"type":"create"}],"stateDiff":{"0x0000000000000000000000000000000000000000":{"balance":{"*":{"from":"0x66863b","to":"0x30ba2199898f"}},"nonce":"=","code":"=","storage":{}},"0x7435ed30a8b4aeb0877cef0c6e8cffe834eb865f":{"balance":{"*":{"from":"0xc097ce7bc90715b34755ccb0391096","to":"0xc097ce7bc90715b34724fd995b3c96"}},"nonce":{"*":{"from":"0x85","to":"0x86"}},"code":"=","storage":{}},"0xe3a8b633a20d3bc82cfd6d6cb315dd9784b3ea41":{"balance":{"+":"0x0"},"nonce":{"+":"0x1"},"code":{"+":"0x"},"storage":{}}},"vmTrace":{"code":"0x6000600052604060006080600060006006620186a0f25060006000f3","ops":[{"pc":0,"cost":3,"ex":{"used":995207,"push":["0x0"],"mem":null,"store":null},"sub":null,"op":"PUSH1"},{"pc":2,"cost":3,"ex":{"used":995204,"push":["0x0"],"mem":null,"store":null},"sub":null,"op":"PUSH1"},{"pc":4,"cost":6,"ex":{"used":995198,"push":[],"mem":{"off":0,"data":"0x0000000000000000000000000000000000000000000000000000000000000000"},"store":null},"sub":null,"op":"MSTORE"},{"pc":5,"cost":3,"ex":{"used":995195,"push":["0x40"],"mem":null,"store":null},"sub":null,"op":"PUSH1"},{"pc":7,"cost":3,"ex":{"used":995192,"push":["0x0"],"mem":null,"store":null},"sub":null,"op":"PUSH1"},{"pc":9,"cost":3,"ex":{"used":995189,"push":["0x80"],"mem":null,"store":null},"sub":null,"op":"PUSH1"},{"pc":11,"cost":3,"ex":{"used":995186,"push":["0x0"],"mem":null,"store":null},"sub":null,"op":"PUSH1"},{"pc":13,"cost":3,"ex":{"used":995183,"push":["0x0"],"mem":null,"store":null},"sub":null,"op":"PUSH1"},{"pc":15,"cost":3,"ex":{"used":995180,"push":["0x6"],"mem":null,"store":null},"sub":null,"op":"PUSH1"},{"pc":17,"cost":3,"ex":{"used":995177,"push":["0x186a0"],"mem":null,"store":null},"sub":null,"op":"PUSH3"},{"pc":21,"cost":100109,"ex":{"used":994918,"push":["0x1"],"mem":{"off":0,"data":"0x00000000000000000000000000000000000000000000000000000000000000000000000000000000000000000000000000000000000000000000000000000000"},"store":null},"sub":null,"op":"CALLCODE"},{"pc":22,"cost":2,"ex":{"used":994916,"push":[],"mem":null,"store":null},"sub":null,"op":"POP"},{"pc":23,"cost":3,"ex":{"used":994913,"push":["0x0"],"mem":null,"store":null},"sub":null,"op":"PUSH1"},{"pc":25,"cost":3,"ex":{"used":994910,"push":["0x0"],"mem":null,"store":null},"sub":null,"op":"PUSH1"},{"pc":27,"cost":0,"ex":{"used":994910,"push":[],"mem":null,"store":null},"sub":null,"op":"RETURN"}]}}}
response differs from expected (-- client, ++ test):
{
  "id": 1,
  "jsonrpc": "2.0",
  "result": {
    ++ "capture_only": true,
    -- "output": "0x",
    -- "stateDiff": {
      -- "0x0000000000000000000000000000000000000000": {
        -- "balance": {
          -- "*": {
            -- "from": "0x66863b",
            -- "to": "0x30ba2199898f"
          -- }
        -- },
        -- "code": "=",
        -- "nonce": "=",
        -- "storage": {}
      -- },
      -- "0x7435ed30a8b4aeb0877cef0c6e8cffe834eb865f": {
        -- "balance": {
          -- "*": {
            -- "from": "0xc097ce7bc90715b34755ccb0391096",
            -- "to": "0xc097ce7bc90715b34724fd995b3c96"
          -- }
        -- },
        -- "code": "=",
        -- "nonce": {
          -- "*": {
            -- "from": "0x85",
            -- "to": "0x86"
          -- }
        -- },
        -- "storage": {}
      -- },
      -- "0xe3a8b633a20d3bc82cfd6d6cb315dd9784b3ea41": {
        -- "balance": {
          -- "+": "0x0"
        -- },
        -- "code": {
          -- "+": "0x"
        -- },
        -- "nonce": {
          -- "+": "0x1"
        -- },
        -- "storage": {}
      -- }
    -- },
    -- "trace": [
      -- {
        -- "action": {
          -- "creationMethod": "create",
          -- "from": "0x7435ed30a8b4aeb0877cef0c6e8cffe834eb865f",
          -- "gas": "0xf2f8a",
          -- "init": "0x6000600052604060006080600060006006620186a0f25060006000f3",
          -- "value": "0x0"
        -- },
        -- "result": {
          -- "address": "0xe3a8b633a20d3bc82cfd6d6cb315dd9784b3ea41",
          -- "code": "0x",
          -- "gasUsed": "0x12c"
        -- },
        -- "subtraces": 0,
        -- "traceAddress": [],
        -- "type": "create"
      -- }
    -- ],
    -- "vmTrace": {
      -- "code": "0x6000600052604060006080600060006006620186a0f25060006000f3",
      -- "ops": [
        -- {
          -- "cost": 3,
          -- "ex": {
            -- "mem": null,
            -- "push": [
              -- "0x0"
            -- ],
            -- "store": null,
            -- "used": 995207
          -- },
          -- "op": "PUSH1",
          -- "pc": 0,
          -- "sub": null
        -- },
        -- {
          -- "cost": 3,
          -- "ex": {
            -- "mem": null,
            -- "push": [
              -- "0x0"
            -- ],
            -- "store": null,
            -- "used": 995204
          -- },
          -- "op": "PUSH1",
          -- "pc": 2,
          -- "sub": null
        -- },
        -- {
          -- "cost": 6,
          -- "ex": {
            -- "mem": {
              -- "data": "0x0000000000000000000000000000000000000000000000000000000000000000",
              -- "off": 0
            -- },
            -- "push": [],
            -- "store": null,
            -- "used": 995198
          -- },
          -- "op": "MSTORE",
          -- "pc": 4,
          -- "sub": null
        -- },
        -- {
          -- "cost": 3,
          -- "ex": {
            -- "mem": null,
            -- "push": [
              -- "0x40"
            -- ],
            -- "store": null,
            -- "used": 995195
          -- },
          -- "op": "PUSH1",
          -- "pc": 5,
          -- "sub": null
        -- },
        -- {
          -- "cost": 3,
          -- "ex": {
            -- "mem": null,
            -- "push": [
              -- "0x0"
            -- ],
            -- "store": null,
            -- "used": 995192
          -- },
          -- "op": "PUSH1",
          -- "pc": 7,
          -- "sub": null
        -- },
        -- {
          -- "cost": 3,
          -- "ex": {
            -- "mem": null,
            -- "push": [
              -- "0x80"
            -- ],
            -- "store": null,
            -- "used": 995189
          -- },
          -- "op": "PUSH1",
          -- "pc": 9,
          -- "sub": null
        -- },
        -- {
          -- "cost": 3,
          -- "ex": {
            -- "mem": null,
            -- "push": [
              -- "0x0"
            -- ],
            -- "store": null,
            -- "used": 995186
          -- },
          -- "op": "PUSH1",
          -- "pc": 11,
          -- "sub": null
        -- },
        -- {
          -- "cost": 3,
          -- "ex": {
            -- "mem": null,
            -- "push": [
              -- "0x0"
            -- ],
            -- "store": null,
            -- "used": 995183
          -- },
          -- "op": "PUSH1",
          -- "pc": 13,
          -- "sub": null
        -- },
        -- {
          -- "cost": 3,
          -- "ex": {
            -- "mem": null,
            -- "push": [
              -- "0x6"
            -- ],
            -- "store": null,
            -- "used": 995180
          -- },
          -- "op": "PUSH1",
          -- "pc": 15,
          -- "sub": null
        -- },
        -- {
          -- "cost": 3,
          -- "ex": {
            -- "mem": null,
            -- "push": [
              -- "0x186a0"
            -- ],
            -- "store": null,
            -- "used": 995177
          -- },
          -- "op": "PUSH3",
          -- "pc": 17,
          -- "sub": null
        -- },
        -- {
          -- "cost": 100109,
          -- "ex": {
            -- "mem": {
              -- "data": "0x00000000000000000000000000000000000000000000000000000000000000000000000000000000000000000000000000000000000000000000000000000000",
              -- "off": 0
            -- },
            -- "push": [
              -- "0x1"
            -- ],
            -- "store": null,
            -- "used": 994918
          -- },
          -- "op": "CALLCODE",
          -- "pc": 21,
          -- "sub": null
        -- },
        -- {
          -- "cost": 2,
          -- "ex": {
            -- "mem": null,
            -- "push": [],
            -- "store": null,
            -- "used": 994916
          -- },
          -- "op": "POP",
          -- "pc": 22,
          -- "sub": null
        -- },
        -- {
          -- "cost": 3,
          -- "ex": {
            -- "mem": null,
            -- "push": [
              -- "0x0"
            -- ],
            -- "store": null,
            -- "used": 994913
          -- },
          -- "op": "PUSH1",
          -- "pc": 23,
          -- "sub": null
        -- },
        -- {
          -- "cost": 3,
          -- "ex": {
            -- "mem": null,
            -- "push": [
              -- "0x0"
            -- ],
            -- "store": null,
            -- "used": 994910
          -- },
          -- "op": "PUSH1",
          -- "pc": 25,
          -- "sub": null
        -- },
        -- {
          -- "cost": 0,
          -- "ex": {
            -- "mem": null,
            -- "push": [],
            -- "store": null,
            -- "used": 994910
          -- },
          -- "op": "RETURN",
          -- "pc": 27,
          -- "sub": null
        -- }
      -- ]
    -- }
  }
}


-- interop/nested-callcode-value1-failed (go-ethereum_trace)
>>  {"jsonrpc": "2.0", "id": 1, "method": "trace_call", "params": [{"from": "0x7435ed30a8b4aeb0877cef0c6e8cffe834eb865f", "gas": "0x100000", "gasPrice": "0x3b9aca00", "value": "0x1", "data": "0x602a600052604060006080600060016006620186a0f25060006000f3"}, ["trace", "stateDiff", "vmTrace"], "latest"]}
<<  {"jsonrpc":"2.0","id":1,"result":{"output":"0x","trace":[{"action":{"from":"0x7435ed30a8b4aeb0877cef0c6e8cffe834eb865f","gas":"0xf2f72","init":"0x602a600052604060006080600060016006620186a0f25060006000f3","value":"0x1","creationMethod":"create"},"result":{"gasUsed":"0x1aa5e","address":"0xe3a8b633a20d3bc82cfd6d6cb315dd9784b3ea41","code":"0x"},"subtraces":1,"traceAddress":[],"type":"create"},{"action":{"callType":"callcode","from":"0xe3a8b633a20d3bc82cfd6d6cb315dd9784b3ea41","to":"0x0000000000000000000000000000000000000006","gas":"0x18f9c","input":"0x000000000000000000000000000000000000000000000000000000000000002a000000000000000000000000000000000000000000000000000000000000000000000000000000000000000000000000000000000000000000000000000000000000000000000000000000000000000000000000000000000000000000000000","value":"0x1"},"result":null,"error":"point is not on curve","subtraces":0,"traceAddress":[0],"type":"call"}],"stateDiff":{"0x0000000000000000000000000000000000000000":{"balance":{"*":{"from":"0x66863b","to":"0x9394d02ff573"}},"nonce":"=","code":"=","storage":{}},"0x7435ed30a8b4aeb0877cef0c6e8cffe834eb865f":{"balance":{"*":{"from":"0xc097ce7bc90715b34755ccb0391096","to":"0xc097ce7bc90715b346c1f86542d895"}},"nonce":{"*":{"from":"0x85","to":"0x86"}},"code":"=","storage":{}},"0xe3a8b633a20d3bc82cfd6d6cb315dd9784b3ea41":{"balance":{"+":"0x1"},"nonce":{"+":"0x1"},"code":{"+":"0x"},"storage":{}}},"vmTrace":{"code":"0x602a600052604060006080600060016006620186a0f25060006000f3","ops":[{"pc":0,"cost":3,"ex":{"used":995183,"push":["0x2a"],"mem":null,"store":null},"sub":null,"op":"PUSH1"},{"pc":2,"cost":3,"ex":{"used":995180,"push":["0x0"],"mem":null,"store":null},"sub":null,"op":"PUSH1"},{"pc":4,"cost":6,"ex":{"used":995174,"push":[],"mem":{"off":0,"data":"0x000000000000000000000000000000000000000000000000000000000000002a"},"store":null},"sub":null,"op":"MSTORE"},{"pc":5,"cost":3,"ex":{"used":995171,"push":["0x40"],"mem":null,"store":null},"sub":null,"op":"PUSH1"},{"pc":7,"cost":3,"ex":{"used":995168,"push":["0x0"],"mem":null,"store":null},"sub":null,"op":"PUSH1"},{"pc":9,"cost":3,"ex":{"used":995165,"push":["0x80"],"mem":null,"store":null},"sub":null,"op":"PUSH1"},{"pc":11,"cost":3,"ex":{"used":995162,"push":["0x0"],"mem":null,"store":null},"sub":null,"op":"PUSH1"},{"pc":13,"cost":3,"ex":{"used":995159,"push":["0x1"],"mem":null,"store":null},"sub":null,"op":"PUSH1"},{"pc":15,"cost":3,"ex":{"used":995156,"push":["0x6"],"mem":null,"store":null},"sub":null,"op":"PUSH1"},{"pc":17,"cost":3,"ex":{"used":995153,"push":["0x186a0"],"mem":null,"store":null},"sub":null,"op":"PUSH3"},{"pc":21,"cost":109109,"ex":{"used":886044,"push":["0x0"],"mem":null,"store":null},"sub":null,"op":"CALLCODE"},{"pc":22,"cost":2,"ex":{"used":886042,"push":[],"mem":null,"store":null},"sub":null,"op":"POP"},{"pc":23,"cost":3,"ex":{"used":886039,"push":["0x0"],"mem":null,"store":null},"sub":null,"op":"PUSH1"},{"pc":25,"cost":3,"ex":{"used":886036,"push":["0x0"],"mem":null,"store":null},"sub":null,"op":"PUSH1"},{"pc":27,"cost":0,"ex":{"used":886036,"push":[],"mem":null,"store":null},"sub":null,"op":"RETURN"}]}}}
response differs from expected (-- client, ++ test):
{
  "id": 1,
  "jsonrpc": "2.0",
  "result": {
    ++ "capture_only": true,
    -- "output": "0x",
    -- "stateDiff": {
      -- "0x0000000000000000000000000000000000000000": {
        -- "balance": {
          -- "*": {
            -- "from": "0x66863b",
            -- "to": "0x9394d02ff573"
          -- }
        -- },
        -- "code": "=",
        -- "nonce": "=",
        -- "storage": {}
      -- },
      -- "0x7435ed30a8b4aeb0877cef0c6e8cffe834eb865f": {
        -- "balance": {
          -- "*": {
            -- "from": "0xc097ce7bc90715b34755ccb0391096",
            -- "to": "0xc097ce7bc90715b346c1f86542d895"
          -- }
        -- },
        -- "code": "=",
        -- "nonce": {
          -- "*": {
            -- "from": "0x85",
            -- "to": "0x86"
          -- }
        -- },
        -- "storage": {}
      -- },
      -- "0xe3a8b633a20d3bc82cfd6d6cb315dd9784b3ea41": {
        -- "balance": {
          -- "+": "0x1"
        -- },
        -- "code": {
          -- "+": "0x"
        -- },
        -- "nonce": {
          -- "+": "0x1"
        -- },
        -- "storage": {}
      -- }
    -- },
    -- "trace": [
      -- {
        -- "action": {
          -- "creationMethod": "create",
          -- "from": "0x7435ed30a8b4aeb0877cef0c6e8cffe834eb865f",
          -- "gas": "0xf2f72",
          -- "init": "0x602a600052604060006080600060016006620186a0f25060006000f3",
          -- "value": "0x1"
        -- },
        -- "result": {
          -- "address": "0xe3a8b633a20d3bc82cfd6d6cb315dd9784b3ea41",
          -- "code": "0x",
          -- "gasUsed": "0x1aa5e"
        -- },
        -- "subtraces": 1,
        -- "traceAddress": [],
        -- "type": "create"
      -- },
      -- {
        -- "action": {
          -- "callType": "callcode",
          -- "from": "0xe3a8b633a20d3bc82cfd6d6cb315dd9784b3ea41",
          -- "gas": "0x18f9c",
          -- "input": "0x000000000000000000000000000000000000000000000000000000000000002a000000000000000000000000000000000000000000000000000000000000000000000000000000000000000000000000000000000000000000000000000000000000000000000000000000000000000000000000000000000000000000000000",
          -- "to": "0x0000000000000000000000000000000000000006",
          -- "value": "0x1"
        -- },
        -- "error": "point is not on curve",
        -- "result": null,
        -- "subtraces": 0,
        -- "traceAddress": [
          -- 0
        -- ],
        -- "type": "call"
      -- }
    -- ],
    -- "vmTrace": {
      -- "code": "0x602a600052604060006080600060016006620186a0f25060006000f3",
      -- "ops": [
        -- {
          -- "cost": 3,
          -- "ex": {
            -- "mem": null,
            -- "push": [
              -- "0x2a"
            -- ],
            -- "store": null,
            -- "used": 995183
          -- },
          -- "op": "PUSH1",
          -- "pc": 0,
          -- "sub": null
        -- },
        -- {
          -- "cost": 3,
          -- "ex": {
            -- "mem": null,
            -- "push": [
              -- "0x0"
            -- ],
            -- "store": null,
            -- "used": 995180
          -- },
          -- "op": "PUSH1",
          -- "pc": 2,
          -- "sub": null
        -- },
        -- {
          -- "cost": 6,
          -- "ex": {
            -- "mem": {
              -- "data": "0x000000000000000000000000000000000000000000000000000000000000002a",
              -- "off": 0
            -- },
            -- "push": [],
            -- "store": null,
            -- "used": 995174
          -- },
          -- "op": "MSTORE",
          -- "pc": 4,
          -- "sub": null
        -- },
        -- {
          -- "cost": 3,
          -- "ex": {
            -- "mem": null,
            -- "push": [
              -- "0x40"
            -- ],
            -- "store": null,
            -- "used": 995171
          -- },
          -- "op": "PUSH1",
          -- "pc": 5,
          -- "sub": null
        -- },
        -- {
          -- "cost": 3,
          -- "ex": {
            -- "mem": null,
            -- "push": [
              -- "0x0"
            -- ],
            -- "store": null,
            -- "used": 995168
          -- },
          -- "op": "PUSH1",
          -- "pc": 7,
          -- "sub": null
        -- },
        -- {
          -- "cost": 3,
          -- "ex": {
            -- "mem": null,
            -- "push": [
              -- "0x80"
            -- ],
            -- "store": null,
            -- "used": 995165
          -- },
          -- "op": "PUSH1",
          -- "pc": 9,
          -- "sub": null
        -- },
        -- {
          -- "cost": 3,
          -- "ex": {
            -- "mem": null,
            -- "push": [
              -- "0x0"
            -- ],
            -- "store": null,
            -- "used": 995162
          -- },
          -- "op": "PUSH1",
          -- "pc": 11,
          -- "sub": null
        -- },
        -- {
          -- "cost": 3,
          -- "ex": {
            -- "mem": null,
            -- "push": [
              -- "0x1"
            -- ],
            -- "store": null,
            -- "used": 995159
          -- },
          -- "op": "PUSH1",
          -- "pc": 13,
          -- "sub": null
        -- },
        -- {
          -- "cost": 3,
          -- "ex": {
            -- "mem": null,
            -- "push": [
              -- "0x6"
            -- ],
            -- "store": null,
            -- "used": 995156
          -- },
          -- "op": "PUSH1",
          -- "pc": 15,
          -- "sub": null
        -- },
        -- {
          -- "cost": 3,
          -- "ex": {
            -- "mem": null,
            -- "push": [
              -- "0x186a0"
            -- ],
            -- "store": null,
            -- "used": 995153
          -- },
          -- "op": "PUSH3",
          -- "pc": 17,
          -- "sub": null
        -- },
        -- {
          -- "cost": 109109,
          -- "ex": {
            -- "mem": null,
            -- "push": [
              -- "0x0"
            -- ],
            -- "store": null,
            -- "used": 886044
          -- },
          -- "op": "CALLCODE",
          -- "pc": 21,
          -- "sub": null
        -- },
        -- {
          -- "cost": 2,
          -- "ex": {
            -- "mem": null,
            -- "push": [],
            -- "store": null,
            -- "used": 886042
          -- },
          -- "op": "POP",
          -- "pc": 22,
          -- "sub": null
        -- },
        -- {
          -- "cost": 3,
          -- "ex": {
            -- "mem": null,
            -- "push": [
              -- "0x0"
            -- ],
            -- "store": null,
            -- "used": 886039
          -- },
          -- "op": "PUSH1",
          -- "pc": 23,
          -- "sub": null
        -- },
        -- {
          -- "cost": 3,
          -- "ex": {
            -- "mem": null,
            -- "push": [
              -- "0x0"
            -- ],
            -- "store": null,
            -- "used": 886036
          -- },
          -- "op": "PUSH1",
          -- "pc": 25,
          -- "sub": null
        -- },
        -- {
          -- "cost": 0,
          -- "ex": {
            -- "mem": null,
            -- "push": [],
            -- "store": null,
            -- "used": 886036
          -- },
          -- "op": "RETURN",
          -- "pc": 27,
          -- "sub": null
        -- }
      -- ]
    -- }
  }
}


-- interop/nested-callcode-value1-success (go-ethereum_trace)
>>  {"jsonrpc": "2.0", "id": 1, "method": "trace_call", "params": [{"from": "0x7435ed30a8b4aeb0877cef0c6e8cffe834eb865f", "gas": "0x100000", "gasPrice": "0x3b9aca00", "value": "0x1", "data": "0x6000600052604060006080600060016006620186a0f25060006000f3"}, ["trace", "stateDiff", "vmTrace"], "latest"]}
<<  {"jsonrpc":"2.0","id":1,"result":{"output":"0x","trace":[{"action":{"from":"0x7435ed30a8b4aeb0877cef0c6e8cffe834eb865f","gas":"0xf2f7e","init":"0x6000600052604060006080600060016006620186a0f25060006000f3","value":"0x1","creationMethod":"create"},"result":{"gasUsed":"0x1b58","address":"0xe3a8b633a20d3bc82cfd6d6cb315dd9784b3ea41","code":"0x"},"subtraces":1,"traceAddress":[],"type":"create"},{"action":{"callType":"callcode","from":"0xe3a8b633a20d3bc82cfd6d6cb315dd9784b3ea41","to":"0x0000000000000000000000000000000000000006","gas":"0x18f9c","input":"0x0000000000000000000000000000000000000000000000000000000000000000000000000000000000000000000000000000000000000000000000000000000000000000000000000000000000000000000000000000000000000000000000000000000000000000000000000000000000000000000000000000000000000000","value":"0x1"},"result":{"gasUsed":"0x96","output":"0x00000000000000000000000000000000000000000000000000000000000000000000000000000000000000000000000000000000000000000000000000000000"},"subtraces":0,"traceAddress":[0],"type":"call"}],"stateDiff":{"0x0000000000000000000000000000000000000000":{"balance":{"*":{"from":"0x66863b","to":"0x36d244e463bf"}},"nonce":"=","code":"=","storage":{}},"0x7435ed30a8b4aeb0877cef0c6e8cffe834eb865f":{"balance":{"*":{"from":"0xc097ce7bc90715b34755ccb0391096","to":"0xc097ce7bc90715b3471ee2d6fb0c95"}},"nonce":{"*":{"from":"0x85","to":"0x86"}},"code":"=","storage":{}},"0xe3a8b633a20d3bc82cfd6d6cb315dd9784b3ea41":{"balance":{"+":"0x1"},"nonce":{"+":"0x1"},"code":{"+":"0x"},"storage":{}}},"vmTrace":{"code":"0x6000600052604060006080600060016006620186a0f25060006000f3","ops":[{"pc":0,"cost":3,"ex":{"used":995195,"push":["0x0"],"mem":null,"store":null},"sub":null,"op":"PUSH1"},{"pc":2,"cost":3,"ex":{"used":995192,"push":["0x0"],"mem":null,"store":null},"sub":null,"op":"PUSH1"},{"pc":4,"cost":6,"ex":{"used":995186,"push":[],"mem":{"off":0,"data":"0x0000000000000000000000000000000000000000000000000000000000000000"},"store":null},"sub":null,"op":"MSTORE"},{"pc":5,"cost":3,"ex":{"used":995183,"push":["0x40"],"mem":null,"store":null},"sub":null,"op":"PUSH1"},{"pc":7,"cost":3,"ex":{"used":995180,"push":["0x0"],"mem":null,"store":null},"sub":null,"op":"PUSH1"},{"pc":9,"cost":3,"ex":{"used":995177,"push":["0x80"],"mem":null,"store":null},"sub":null,"op":"PUSH1"},{"pc":11,"cost":3,"ex":{"used":995174,"push":["0x0"],"mem":null,"store":null},"sub":null,"op":"PUSH1"},{"pc":13,"cost":3,"ex":{"used":995171,"push":["0x1"],"mem":null,"store":null},"sub":null,"op":"PUSH1"},{"pc":15,"cost":3,"ex":{"used":995168,"push":["0x6"],"mem":null,"store":null},"sub":null,"op":"PUSH1"},{"pc":17,"cost":3,"ex":{"used":995165,"push":["0x186a0"],"mem":null,"store":null},"sub":null,"op":"PUSH3"},{"pc":21,"cost":109109,"ex":{"used":988206,"push":["0x1"],"mem":{"off":0,"data":"0x00000000000000000000000000000000000000000000000000000000000000000000000000000000000000000000000000000000000000000000000000000000"},"store":null},"sub":null,"op":"CALLCODE"},{"pc":22,"cost":2,"ex":{"used":988204,"push":[],"mem":null,"store":null},"sub":null,"op":"POP"},{"pc":23,"cost":3,"ex":{"used":988201,"push":["0x0"],"mem":null,"store":null},"sub":null,"op":"PUSH1"},{"pc":25,"cost":3,"ex":{"used":988198,"push":["0x0"],"mem":null,"store":null},"sub":null,"op":"PUSH1"},{"pc":27,"cost":0,"ex":{"used":988198,"push":[],"mem":null,"store":null},"sub":null,"op":"RETURN"}]}}}
response differs from expected (-- client, ++ test):
{
  "id": 1,
  "jsonrpc": "2.0",
  "result": {
    ++ "capture_only": true,
    -- "output": "0x",
    -- "stateDiff": {
      -- "0x0000000000000000000000000000000000000000": {
        -- "balance": {
          -- "*": {
            -- "from": "0x66863b",
            -- "to": "0x36d244e463bf"
          -- }
        -- },
        -- "code": "=",
        -- "nonce": "=",
        -- "storage": {}
      -- },
      -- "0x7435ed30a8b4aeb0877cef0c6e8cffe834eb865f": {
        -- "balance": {
          -- "*": {
            -- "from": "0xc097ce7bc90715b34755ccb0391096",
            -- "to": "0xc097ce7bc90715b3471ee2d6fb0c95"
          -- }
        -- },
        -- "code": "=",
        -- "nonce": {
          -- "*": {
            -- "from": "0x85",
            -- "to": "0x86"
          -- }
        -- },
        -- "storage": {}
      -- },
      -- "0xe3a8b633a20d3bc82cfd6d6cb315dd9784b3ea41": {
        -- "balance": {
          -- "+": "0x1"
        -- },
        -- "code": {
          -- "+": "0x"
        -- },
        -- "nonce": {
          -- "+": "0x1"
        -- },
        -- "storage": {}
      -- }
    -- },
    -- "trace": [
      -- {
        -- "action": {
          -- "creationMethod": "create",
          -- "from": "0x7435ed30a8b4aeb0877cef0c6e8cffe834eb865f",
          -- "gas": "0xf2f7e",
          -- "init": "0x6000600052604060006080600060016006620186a0f25060006000f3",
          -- "value": "0x1"
        -- },
        -- "result": {
          -- "address": "0xe3a8b633a20d3bc82cfd6d6cb315dd9784b3ea41",
          -- "code": "0x",
          -- "gasUsed": "0x1b58"
        -- },
        -- "subtraces": 1,
        -- "traceAddress": [],
        -- "type": "create"
      -- },
      -- {
        -- "action": {
          -- "callType": "callcode",
          -- "from": "0xe3a8b633a20d3bc82cfd6d6cb315dd9784b3ea41",
          -- "gas": "0x18f9c",
          -- "input": "0x0000000000000000000000000000000000000000000000000000000000000000000000000000000000000000000000000000000000000000000000000000000000000000000000000000000000000000000000000000000000000000000000000000000000000000000000000000000000000000000000000000000000000000",
          -- "to": "0x0000000000000000000000000000000000000006",
          -- "value": "0x1"
        -- },
        -- "result": {
          -- "gasUsed": "0x96",
          -- "output": "0x00000000000000000000000000000000000000000000000000000000000000000000000000000000000000000000000000000000000000000000000000000000"
        -- },
        -- "subtraces": 0,
        -- "traceAddress": [
          -- 0
        -- ],
        -- "type": "call"
      -- }
    -- ],
    -- "vmTrace": {
      -- "code": "0x6000600052604060006080600060016006620186a0f25060006000f3",
      -- "ops": [
        -- {
          -- "cost": 3,
          -- "ex": {
            -- "mem": null,
            -- "push": [
              -- "0x0"
            -- ],
            -- "store": null,
            -- "used": 995195
          -- },
          -- "op": "PUSH1",
          -- "pc": 0,
          -- "sub": null
        -- },
        -- {
          -- "cost": 3,
          -- "ex": {
            -- "mem": null,
            -- "push": [
              -- "0x0"
            -- ],
            -- "store": null,
            -- "used": 995192
          -- },
          -- "op": "PUSH1",
          -- "pc": 2,
          -- "sub": null
        -- },
        -- {
          -- "cost": 6,
          -- "ex": {
            -- "mem": {
              -- "data": "0x0000000000000000000000000000000000000000000000000000000000000000",
              -- "off": 0
            -- },
            -- "push": [],
            -- "store": null,
            -- "used": 995186
          -- },
          -- "op": "MSTORE",
          -- "pc": 4,
          -- "sub": null
        -- },
        -- {
          -- "cost": 3,
          -- "ex": {
            -- "mem": null,
            -- "push": [
              -- "0x40"
            -- ],
            -- "store": null,
            -- "used": 995183
          -- },
          -- "op": "PUSH1",
          -- "pc": 5,
          -- "sub": null
        -- },
        -- {
          -- "cost": 3,
          -- "ex": {
            -- "mem": null,
            -- "push": [
              -- "0x0"
            -- ],
            -- "store": null,
            -- "used": 995180
          -- },
          -- "op": "PUSH1",
          -- "pc": 7,
          -- "sub": null
        -- },
        -- {
          -- "cost": 3,
          -- "ex": {
            -- "mem": null,
            -- "push": [
              -- "0x80"
            -- ],
            -- "store": null,
            -- "used": 995177
          -- },
          -- "op": "PUSH1",
          -- "pc": 9,
          -- "sub": null
        -- },
        -- {
          -- "cost": 3,
          -- "ex": {
            -- "mem": null,
            -- "push": [
              -- "0x0"
            -- ],
            -- "store": null,
            -- "used": 995174
          -- },
          -- "op": "PUSH1",
          -- "pc": 11,
          -- "sub": null
        -- },
        -- {
          -- "cost": 3,
          -- "ex": {
            -- "mem": null,
            -- "push": [
              -- "0x1"
            -- ],
            -- "store": null,
            -- "used": 995171
          -- },
          -- "op": "PUSH1",
          -- "pc": 13,
          -- "sub": null
        -- },
        -- {
          -- "cost": 3,
          -- "ex": {
            -- "mem": null,
            -- "push": [
              -- "0x6"
            -- ],
            -- "store": null,
            -- "used": 995168
          -- },
          -- "op": "PUSH1",
          -- "pc": 15,
          -- "sub": null
        -- },
        -- {
          -- "cost": 3,
          -- "ex": {
            -- "mem": null,
            -- "push": [
              -- "0x186a0"
            -- ],
            -- "store": null,
            -- "used": 995165
          -- },
          -- "op": "PUSH3",
          -- "pc": 17,
          -- "sub": null
        -- },
        -- {
          -- "cost": 109109,
          -- "ex": {
            -- "mem": {
              -- "data": "0x00000000000000000000000000000000000000000000000000000000000000000000000000000000000000000000000000000000000000000000000000000000",
              -- "off": 0
            -- },
            -- "push": [
              -- "0x1"
            -- ],
            -- "store": null,
            -- "used": 988206
          -- },
          -- "op": "CALLCODE",
          -- "pc": 21,
          -- "sub": null
        -- },
        -- {
          -- "cost": 2,
          -- "ex": {
            -- "mem": null,
            -- "push": [],
            -- "store": null,
            -- "used": 988204
          -- },
          -- "op": "POP",
          -- "pc": 22,
          -- "sub": null
        -- },
        -- {
          -- "cost": 3,
          -- "ex": {
            -- "mem": null,
            -- "push": [
              -- "0x0"
            -- ],
            -- "store": null,
            -- "used": 988201
          -- },
          -- "op": "PUSH1",
          -- "pc": 23,
          -- "sub": null
        -- },
        -- {
          -- "cost": 3,
          -- "ex": {
            -- "mem": null,
            -- "push": [
              -- "0x0"
            -- ],
            -- "store": null,
            -- "used": 988198
          -- },
          -- "op": "PUSH1",
          -- "pc": 25,
          -- "sub": null
        -- },
        -- {
          -- "cost": 0,
          -- "ex": {
            -- "mem": null,
            -- "push": [],
            -- "store": null,
            -- "used": 988198
          -- },
          -- "op": "RETURN",
          -- "pc": 27,
          -- "sub": null
        -- }
      -- ]
    -- }
  }
}


-- interop/nested-delegatecall-value0-failed (go-ethereum_trace)
>>  {"jsonrpc": "2.0", "id": 1, "method": "trace_call", "params": [{"from": "0x7435ed30a8b4aeb0877cef0c6e8cffe834eb865f", "gas": "0x100000", "gasPrice": "0x3b9aca00", "value": "0x0", "data": "0x602a60005260406000608060006006620186a0f45060006000f3"}, ["trace", "stateDiff", "vmTrace"], "latest"]}
<<  {"jsonrpc":"2.0","id":1,"result":{"output":"0x","trace":[{"action":{"from":"0x7435ed30a8b4aeb0877cef0c6e8cffe834eb865f","gas":"0xf2f92","init":"0x602a60005260406000608060006006620186a0f45060006000f3","value":"0x0","creationMethod":"create"},"result":{"gasUsed":"0x18733","address":"0xe3a8b633a20d3bc82cfd6d6cb315dd9784b3ea41","code":"0x"},"subtraces":0,"traceAddress":[],"type":"create"}],"stateDiff":{"0x0000000000000000000000000000000000000000":{"balance":{"*":{"from":"0x66863b","to":"0x8b60b7909405"}},"nonce":"=","code":"=","storage":{}},"0x7435ed30a8b4aeb0877cef0c6e8cffe834eb865f":{"balance":{"*":{"from":"0xc097ce7bc90715b34755ccb0391096","to":"0xc097ce7bc90715b346ca30053a0696"}},"nonce":{"*":{"from":"0x85","to":"0x86"}},"code":"=","storage":{}},"0xe3a8b633a20d3bc82cfd6d6cb315dd9784b3ea41":{"balance":{"+":"0x0"},"nonce":{"+":"0x1"},"code":{"+":"0x"},"storage":{}}},"vmTrace":{"code":"0x602a60005260406000608060006006620186a0f45060006000f3","ops":[{"pc":0,"cost":3,"ex":{"used":995215,"push":["0x2a"],"mem":null,"store":null},"sub":null,"op":"PUSH1"},{"pc":2,"cost":3,"ex":{"used":995212,"push":["0x0"],"mem":null,"store":null},"sub":null,"op":"PUSH1"},{"pc":4,"cost":6,"ex":{"used":995206,"push":[],"mem":{"off":0,"data":"0x000000000000000000000000000000000000000000000000000000000000002a"},"store":null},"sub":null,"op":"MSTORE"},{"pc":5,"cost":3,"ex":{"used":995203,"push":["0x40"],"mem":null,"store":null},"sub":null,"op":"PUSH1"},{"pc":7,"cost":3,"ex":{"used":995200,"push":["0x0"],"mem":null,"store":null},"sub":null,"op":"PUSH1"},{"pc":9,"cost":3,"ex":{"used":995197,"push":["0x80"],"mem":null,"store":null},"sub":null,"op":"PUSH1"},{"pc":11,"cost":3,"ex":{"used":995194,"push":["0x0"],"mem":null,"store":null},"sub":null,"op":"PUSH1"},{"pc":13,"cost":3,"ex":{"used":995191,"push":["0x6"],"mem":null,"store":null},"sub":null,"op":"PUSH1"},{"pc":15,"cost":3,"ex":{"used":995188,"push":["0x186a0"],"mem":null,"store":null},"sub":null,"op":"PUSH3"},{"pc":19,"cost":100109,"ex":{"used":895079,"push":["0x0"],"mem":null,"store":null},"sub":null,"op":"DELEGATECALL"},{"pc":20,"cost":2,"ex":{"used":895077,"push":[],"mem":null,"store":null},"sub":null,"op":"POP"},{"pc":21,"cost":3,"ex":{"used":895074,"push":["0x0"],"mem":null,"store":null},"sub":null,"op":"PUSH1"},{"pc":23,"cost":3,"ex":{"used":895071,"push":["0x0"],"mem":null,"store":null},"sub":null,"op":"PUSH1"},{"pc":25,"cost":0,"ex":{"used":895071,"push":[],"mem":null,"store":null},"sub":null,"op":"RETURN"}]}}}
response differs from expected (-- client, ++ test):
{
  "id": 1,
  "jsonrpc": "2.0",
  "result": {
    ++ "capture_only": true,
    -- "output": "0x",
    -- "stateDiff": {
      -- "0x0000000000000000000000000000000000000000": {
        -- "balance": {
          -- "*": {
            -- "from": "0x66863b",
            -- "to": "0x8b60b7909405"
          -- }
        -- },
        -- "code": "=",
        -- "nonce": "=",
        -- "storage": {}
      -- },
      -- "0x7435ed30a8b4aeb0877cef0c6e8cffe834eb865f": {
        -- "balance": {
          -- "*": {
            -- "from": "0xc097ce7bc90715b34755ccb0391096",
            -- "to": "0xc097ce7bc90715b346ca30053a0696"
          -- }
        -- },
        -- "code": "=",
        -- "nonce": {
          -- "*": {
            -- "from": "0x85",
            -- "to": "0x86"
          -- }
        -- },
        -- "storage": {}
      -- },
      -- "0xe3a8b633a20d3bc82cfd6d6cb315dd9784b3ea41": {
        -- "balance": {
          -- "+": "0x0"
        -- },
        -- "code": {
          -- "+": "0x"
        -- },
        -- "nonce": {
          -- "+": "0x1"
        -- },
        -- "storage": {}
      -- }
    -- },
    -- "trace": [
      -- {
        -- "action": {
          -- "creationMethod": "create",
          -- "from": "0x7435ed30a8b4aeb0877cef0c6e8cffe834eb865f",
          -- "gas": "0xf2f92",
          -- "init": "0x602a60005260406000608060006006620186a0f45060006000f3",
          -- "value": "0x0"
        -- },
        -- "result": {
          -- "address": "0xe3a8b633a20d3bc82cfd6d6cb315dd9784b3ea41",
          -- "code": "0x",
          -- "gasUsed": "0x18733"
        -- },
        -- "subtraces": 0,
        -- "traceAddress": [],
        -- "type": "create"
      -- }
    -- ],
    -- "vmTrace": {
      -- "code": "0x602a60005260406000608060006006620186a0f45060006000f3",
      -- "ops": [
        -- {
          -- "cost": 3,
          -- "ex": {
            -- "mem": null,
            -- "push": [
              -- "0x2a"
            -- ],
            -- "store": null,
            -- "used": 995215
          -- },
          -- "op": "PUSH1",
          -- "pc": 0,
          -- "sub": null
        -- },
        -- {
          -- "cost": 3,
          -- "ex": {
            -- "mem": null,
            -- "push": [
              -- "0x0"
            -- ],
            -- "store": null,
            -- "used": 995212
          -- },
          -- "op": "PUSH1",
          -- "pc": 2,
          -- "sub": null
        -- },
        -- {
          -- "cost": 6,
          -- "ex": {
            -- "mem": {
              -- "data": "0x000000000000000000000000000000000000000000000000000000000000002a",
              -- "off": 0
            -- },
            -- "push": [],
            -- "store": null,
            -- "used": 995206
          -- },
          -- "op": "MSTORE",
          -- "pc": 4,
          -- "sub": null
        -- },
        -- {
          -- "cost": 3,
          -- "ex": {
            -- "mem": null,
            -- "push": [
              -- "0x40"
            -- ],
            -- "store": null,
            -- "used": 995203
          -- },
          -- "op": "PUSH1",
          -- "pc": 5,
          -- "sub": null
        -- },
        -- {
          -- "cost": 3,
          -- "ex": {
            -- "mem": null,
            -- "push": [
              -- "0x0"
            -- ],
            -- "store": null,
            -- "used": 995200
          -- },
          -- "op": "PUSH1",
          -- "pc": 7,
          -- "sub": null
        -- },
        -- {
          -- "cost": 3,
          -- "ex": {
            -- "mem": null,
            -- "push": [
              -- "0x80"
            -- ],
            -- "store": null,
            -- "used": 995197
          -- },
          -- "op": "PUSH1",
          -- "pc": 9,
          -- "sub": null
        -- },
        -- {
          -- "cost": 3,
          -- "ex": {
            -- "mem": null,
            -- "push": [
              -- "0x0"
            -- ],
            -- "store": null,
            -- "used": 995194
          -- },
          -- "op": "PUSH1",
          -- "pc": 11,
          -- "sub": null
        -- },
        -- {
          -- "cost": 3,
          -- "ex": {
            -- "mem": null,
            -- "push": [
              -- "0x6"
            -- ],
            -- "store": null,
            -- "used": 995191
          -- },
          -- "op": "PUSH1",
          -- "pc": 13,
          -- "sub": null
        -- },
        -- {
          -- "cost": 3,
          -- "ex": {
            -- "mem": null,
            -- "push": [
              -- "0x186a0"
            -- ],
            -- "store": null,
            -- "used": 995188
          -- },
          -- "op": "PUSH3",
          -- "pc": 15,
          -- "sub": null
        -- },
        -- {
          -- "cost": 100109,
          -- "ex": {
            -- "mem": null,
            -- "push": [
              -- "0x0"
            -- ],
            -- "store": null,
            -- "used": 895079
          -- },
          -- "op": "DELEGATECALL",
          -- "pc": 19,
          -- "sub": null
        -- },
        -- {
          -- "cost": 2,
          -- "ex": {
            -- "mem": null,
            -- "push": [],
            -- "store": null,
            -- "used": 895077
          -- },
          -- "op": "POP",
          -- "pc": 20,
          -- "sub": null
        -- },
        -- {
          -- "cost": 3,
          -- "ex": {
            -- "mem": null,
            -- "push": [
              -- "0x0"
            -- ],
            -- "store": null,
            -- "used": 895074
          -- },
          -- "op": "PUSH1",
          -- "pc": 21,
          -- "sub": null
        -- },
        -- {
          -- "cost": 3,
          -- "ex": {
            -- "mem": null,
            -- "push": [
              -- "0x0"
            -- ],
            -- "store": null,
            -- "used": 895071
          -- },
          -- "op": "PUSH1",
          -- "pc": 23,
          -- "sub": null
        -- },
        -- {
          -- "cost": 0,
          -- "ex": {
            -- "mem": null,
            -- "push": [],
            -- "store": null,
            -- "used": 895071
          -- },
          -- "op": "RETURN",
          -- "pc": 25,
          -- "sub": null
        -- }
      -- ]
    -- }
  }
}


-- interop/nested-delegatecall-value0-success (go-ethereum_trace)
>>  {"jsonrpc": "2.0", "id": 1, "method": "trace_call", "params": [{"from": "0x7435ed30a8b4aeb0877cef0c6e8cffe834eb865f", "gas": "0x100000", "gasPrice": "0x3b9aca00", "value": "0x0", "data": "0x600060005260406000608060006006620186a0f45060006000f3"}, ["trace", "stateDiff", "vmTrace"], "latest"]}
<<  {"jsonrpc":"2.0","id":1,"result":{"output":"0x","trace":[{"action":{"from":"0x7435ed30a8b4aeb0877cef0c6e8cffe834eb865f","gas":"0xf2f9e","init":"0x600060005260406000608060006006620186a0f45060006000f3","value":"0x0","creationMethod":"create"},"result":{"gasUsed":"0x129","address":"0xe3a8b633a20d3bc82cfd6d6cb315dd9784b3ea41","code":"0x"},"subtraces":0,"traceAddress":[],"type":"create"}],"stateDiff":{"0x0000000000000000000000000000000000000000":{"balance":{"*":{"from":"0x66863b","to":"0x30b4c8fe1629"}},"nonce":"=","code":"=","storage":{}},"0x7435ed30a8b4aeb0877cef0c6e8cffe834eb865f":{"balance":{"*":{"from":"0xc097ce7bc90715b34755ccb0391096","to":"0xc097ce7bc90715b3472502f4436296"}},"nonce":{"*":{"from":"0x85","to":"0x86"}},"code":"=","storage":{}},"0xe3a8b633a20d3bc82cfd6d6cb315dd9784b3ea41":{"balance":{"+":"0x0"},"nonce":{"+":"0x1"},"code":{"+":"0x"},"storage":{}}},"vmTrace":{"code":"0x600060005260406000608060006006620186a0f45060006000f3","ops":[{"pc":0,"cost":3,"ex":{"used":995227,"push":["0x0"],"mem":null,"store":null},"sub":null,"op":"PUSH1"},{"pc":2,"cost":3,"ex":{"used":995224,"push":["0x0"],"mem":null,"store":null},"sub":null,"op":"PUSH1"},{"pc":4,"cost":6,"ex":{"used":995218,"push":[],"mem":{"off":0,"data":"0x0000000000000000000000000000000000000000000000000000000000000000"},"store":null},"sub":null,"op":"MSTORE"},{"pc":5,"cost":3,"ex":{"used":995215,"push":["0x40"],"mem":null,"store":null},"sub":null,"op":"PUSH1"},{"pc":7,"cost":3,"ex":{"used":995212,"push":["0x0"],"mem":null,"store":null},"sub":null,"op":"PUSH1"},{"pc":9,"cost":3,"ex":{"used":995209,"push":["0x80"],"mem":null,"store":null},"sub":null,"op":"PUSH1"},{"pc":11,"cost":3,"ex":{"used":995206,"push":["0x0"],"mem":null,"store":null},"sub":null,"op":"PUSH1"},{"pc":13,"cost":3,"ex":{"used":995203,"push":["0x6"],"mem":null,"store":null},"sub":null,"op":"PUSH1"},{"pc":15,"cost":3,"ex":{"used":995200,"push":["0x186a0"],"mem":null,"store":null},"sub":null,"op":"PUSH3"},{"pc":19,"cost":100109,"ex":{"used":994941,"push":["0x1"],"mem":{"off":0,"data":"0x00000000000000000000000000000000000000000000000000000000000000000000000000000000000000000000000000000000000000000000000000000000"},"store":null},"sub":null,"op":"DELEGATECALL"},{"pc":20,"cost":2,"ex":{"used":994939,"push":[],"mem":null,"store":null},"sub":null,"op":"POP"},{"pc":21,"cost":3,"ex":{"used":994936,"push":["0x0"],"mem":null,"store":null},"sub":null,"op":"PUSH1"},{"pc":23,"cost":3,"ex":{"used":994933,"push":["0x0"],"mem":null,"store":null},"sub":null,"op":"PUSH1"},{"pc":25,"cost":0,"ex":{"used":994933,"push":[],"mem":null,"store":null},"sub":null,"op":"RETURN"}]}}}
response differs from expected (-- client, ++ test):
{
  "id": 1,
  "jsonrpc": "2.0",
  "result": {
    ++ "capture_only": true,
    -- "output": "0x",
    -- "stateDiff": {
      -- "0x0000000000000000000000000000000000000000": {
        -- "balance": {
          -- "*": {
            -- "from": "0x66863b",
            -- "to": "0x30b4c8fe1629"
          -- }
        -- },
        -- "code": "=",
        -- "nonce": "=",
        -- "storage": {}
      -- },
      -- "0x7435ed30a8b4aeb0877cef0c6e8cffe834eb865f": {
        -- "balance": {
          -- "*": {
            -- "from": "0xc097ce7bc90715b34755ccb0391096",
            -- "to": "0xc097ce7bc90715b3472502f4436296"
          -- }
        -- },
        -- "code": "=",
        -- "nonce": {
          -- "*": {
            -- "from": "0x85",
            -- "to": "0x86"
          -- }
        -- },
        -- "storage": {}
      -- },
      -- "0xe3a8b633a20d3bc82cfd6d6cb315dd9784b3ea41": {
        -- "balance": {
          -- "+": "0x0"
        -- },
        -- "code": {
          -- "+": "0x"
        -- },
        -- "nonce": {
          -- "+": "0x1"
        -- },
        -- "storage": {}
      -- }
    -- },
    -- "trace": [
      -- {
        -- "action": {
          -- "creationMethod": "create",
          -- "from": "0x7435ed30a8b4aeb0877cef0c6e8cffe834eb865f",
          -- "gas": "0xf2f9e",
          -- "init": "0x600060005260406000608060006006620186a0f45060006000f3",
          -- "value": "0x0"
        -- },
        -- "result": {
          -- "address": "0xe3a8b633a20d3bc82cfd6d6cb315dd9784b3ea41",
          -- "code": "0x",
          -- "gasUsed": "0x129"
        -- },
        -- "subtraces": 0,
        -- "traceAddress": [],
        -- "type": "create"
      -- }
    -- ],
    -- "vmTrace": {
      -- "code": "0x600060005260406000608060006006620186a0f45060006000f3",
      -- "ops": [
        -- {
          -- "cost": 3,
          -- "ex": {
            -- "mem": null,
            -- "push": [
              -- "0x0"
            -- ],
            -- "store": null,
            -- "used": 995227
          -- },
          -- "op": "PUSH1",
          -- "pc": 0,
          -- "sub": null
        -- },
        -- {
          -- "cost": 3,
          -- "ex": {
            -- "mem": null,
            -- "push": [
              -- "0x0"
            -- ],
            -- "store": null,
            -- "used": 995224
          -- },
          -- "op": "PUSH1",
          -- "pc": 2,
          -- "sub": null
        -- },
        -- {
          -- "cost": 6,
          -- "ex": {
            -- "mem": {
              -- "data": "0x0000000000000000000000000000000000000000000000000000000000000000",
              -- "off": 0
            -- },
            -- "push": [],
            -- "store": null,
            -- "used": 995218
          -- },
          -- "op": "MSTORE",
          -- "pc": 4,
          -- "sub": null
        -- },
        -- {
          -- "cost": 3,
          -- "ex": {
            -- "mem": null,
            -- "push": [
              -- "0x40"
            -- ],
            -- "store": null,
            -- "used": 995215
          -- },
          -- "op": "PUSH1",
          -- "pc": 5,
          -- "sub": null
        -- },
        -- {
          -- "cost": 3,
          -- "ex": {
            -- "mem": null,
            -- "push": [
              -- "0x0"
            -- ],
            -- "store": null,
            -- "used": 995212
          -- },
          -- "op": "PUSH1",
          -- "pc": 7,
          -- "sub": null
        -- },
        -- {
          -- "cost": 3,
          -- "ex": {
            -- "mem": null,
            -- "push": [
              -- "0x80"
            -- ],
            -- "store": null,
            -- "used": 995209
          -- },
          -- "op": "PUSH1",
          -- "pc": 9,
          -- "sub": null
        -- },
        -- {
          -- "cost": 3,
          -- "ex": {
            -- "mem": null,
            -- "push": [
              -- "0x0"
            -- ],
            -- "store": null,
            -- "used": 995206
          -- },
          -- "op": "PUSH1",
          -- "pc": 11,
          -- "sub": null
        -- },
        -- {
          -- "cost": 3,
          -- "ex": {
            -- "mem": null,
            -- "push": [
              -- "0x6"
            -- ],
            -- "store": null,
            -- "used": 995203
          -- },
          -- "op": "PUSH1",
          -- "pc": 13,
          -- "sub": null
        -- },
        -- {
          -- "cost": 3,
          -- "ex": {
            -- "mem": null,
            -- "push": [
              -- "0x186a0"
            -- ],
            -- "store": null,
            -- "used": 995200
          -- },
          -- "op": "PUSH3",
          -- "pc": 15,
          -- "sub": null
        -- },
        -- {
          -- "cost": 100109,
          -- "ex": {
            -- "mem": {
              -- "data": "0x00000000000000000000000000000000000000000000000000000000000000000000000000000000000000000000000000000000000000000000000000000000",
              -- "off": 0
            -- },
            -- "push": [
              -- "0x1"
            -- ],
            -- "store": null,
            -- "used": 994941
          -- },
          -- "op": "DELEGATECALL",
          -- "pc": 19,
          -- "sub": null
        -- },
        -- {
          -- "cost": 2,
          -- "ex": {
            -- "mem": null,
            -- "push": [],
            -- "store": null,
            -- "used": 994939
          -- },
          -- "op": "POP",
          -- "pc": 20,
          -- "sub": null
        -- },
        -- {
          -- "cost": 3,
          -- "ex": {
            -- "mem": null,
            -- "push": [
              -- "0x0"
            -- ],
            -- "store": null,
            -- "used": 994936
          -- },
          -- "op": "PUSH1",
          -- "pc": 21,
          -- "sub": null
        -- },
        -- {
          -- "cost": 3,
          -- "ex": {
            -- "mem": null,
            -- "push": [
              -- "0x0"
            -- ],
            -- "store": null,
            -- "used": 994933
          -- },
          -- "op": "PUSH1",
          -- "pc": 23,
          -- "sub": null
        -- },
        -- {
          -- "cost": 0,
          -- "ex": {
            -- "mem": null,
            -- "push": [],
            -- "store": null,
            -- "used": 994933
          -- },
          -- "op": "RETURN",
          -- "pc": 25,
          -- "sub": null
        -- }
      -- ]
    -- }
  }
}


-- interop/nested-delegatecall-value1-failed (go-ethereum_trace)
>>  {"jsonrpc": "2.0", "id": 1, "method": "trace_call", "params": [{"from": "0x7435ed30a8b4aeb0877cef0c6e8cffe834eb865f", "gas": "0x100000", "gasPrice": "0x3b9aca00", "value": "0x1", "data": "0x602a60005260406000608060006006620186a0f45060006000f3"}, ["trace", "stateDiff", "vmTrace"], "latest"]}
<<  {"jsonrpc":"2.0","id":1,"result":{"output":"0x","trace":[{"action":{"from":"0x7435ed30a8b4aeb0877cef0c6e8cffe834eb865f","gas":"0xf2f92","init":"0x602a60005260406000608060006006620186a0f45060006000f3","value":"0x1","creationMethod":"create"},"result":{"gasUsed":"0x18733","address":"0xe3a8b633a20d3bc82cfd6d6cb315dd9784b3ea41","code":"0x"},"subtraces":1,"traceAddress":[],"type":"create"},{"action":{"callType":"delegatecall","from":"0xe3a8b633a20d3bc82cfd6d6cb315dd9784b3ea41","to":"0x0000000000000000000000000000000000000006","gas":"0x186a0","input":"0x000000000000000000000000000000000000000000000000000000000000002a000000000000000000000000000000000000000000000000000000000000000000000000000000000000000000000000000000000000000000000000000000000000000000000000000000000000000000000000000000000000000000000000","value":"0x1"},"result":null,"error":"point is not on curve","subtraces":0,"traceAddress":[0],"type":"call"}],"stateDiff":{"0x0000000000000000000000000000000000000000":{"balance":{"*":{"from":"0x66863b","to":"0x8b60b7909405"}},"nonce":"=","code":"=","storage":{}},"0x7435ed30a8b4aeb0877cef0c6e8cffe834eb865f":{"balance":{"*":{"from":"0xc097ce7bc90715b34755ccb0391096","to":"0xc097ce7bc90715b346ca30053a0695"}},"nonce":{"*":{"from":"0x85","to":"0x86"}},"code":"=","storage":{}},"0xe3a8b633a20d3bc82cfd6d6cb315dd9784b3ea41":{"balance":{"+":"0x1"},"nonce":{"+":"0x1"},"code":{"+":"0x"},"storage":{}}},"vmTrace":{"code":"0x602a60005260406000608060006006620186a0f45060006000f3","ops":[{"pc":0,"cost":3,"ex":{"used":995215,"push":["0x2a"],"mem":null,"store":null},"sub":null,"op":"PUSH1"},{"pc":2,"cost":3,"ex":{"used":995212,"push":["0x0"],"mem":null,"store":null},"sub":null,"op":"PUSH1"},{"pc":4,"cost":6,"ex":{"used":995206,"push":[],"mem":{"off":0,"data":"0x000000000000000000000000000000000000000000000000000000000000002a"},"store":null},"sub":null,"op":"MSTORE"},{"pc":5,"cost":3,"ex":{"used":995203,"push":["0x40"],"mem":null,"store":null},"sub":null,"op":"PUSH1"},{"pc":7,"cost":3,"ex":{"used":995200,"push":["0x0"],"mem":null,"store":null},"sub":null,"op":"PUSH1"},{"pc":9,"cost":3,"ex":{"used":995197,"push":["0x80"],"mem":null,"store":null},"sub":null,"op":"PUSH1"},{"pc":11,"cost":3,"ex":{"used":995194,"push":["0x0"],"mem":null,"store":null},"sub":null,"op":"PUSH1"},{"pc":13,"cost":3,"ex":{"used":995191,"push":["0x6"],"mem":null,"store":null},"sub":null,"op":"PUSH1"},{"pc":15,"cost":3,"ex":{"used":995188,"push":["0x186a0"],"mem":null,"store":null},"sub":null,"op":"PUSH3"},{"pc":19,"cost":100109,"ex":{"used":895079,"push":["0x0"],"mem":null,"store":null},"sub":null,"op":"DELEGATECALL"},{"pc":20,"cost":2,"ex":{"used":895077,"push":[],"mem":null,"store":null},"sub":null,"op":"POP"},{"pc":21,"cost":3,"ex":{"used":895074,"push":["0x0"],"mem":null,"store":null},"sub":null,"op":"PUSH1"},{"pc":23,"cost":3,"ex":{"used":895071,"push":["0x0"],"mem":null,"store":null},"sub":null,"op":"PUSH1"},{"pc":25,"cost":0,"ex":{"used":895071,"push":[],"mem":null,"store":null},"sub":null,"op":"RETURN"}]}}}
response differs from expected (-- client, ++ test):
{
  "id": 1,
  "jsonrpc": "2.0",
  "result": {
    ++ "capture_only": true,
    -- "output": "0x",
    -- "stateDiff": {
      -- "0x0000000000000000000000000000000000000000": {
        -- "balance": {
          -- "*": {
            -- "from": "0x66863b",
            -- "to": "0x8b60b7909405"
          -- }
        -- },
        -- "code": "=",
        -- "nonce": "=",
        -- "storage": {}
      -- },
      -- "0x7435ed30a8b4aeb0877cef0c6e8cffe834eb865f": {
        -- "balance": {
          -- "*": {
            -- "from": "0xc097ce7bc90715b34755ccb0391096",
            -- "to": "0xc097ce7bc90715b346ca30053a0695"
          -- }
        -- },
        -- "code": "=",
        -- "nonce": {
          -- "*": {
            -- "from": "0x85",
            -- "to": "0x86"
          -- }
        -- },
        -- "storage": {}
      -- },
      -- "0xe3a8b633a20d3bc82cfd6d6cb315dd9784b3ea41": {
        -- "balance": {
          -- "+": "0x1"
        -- },
        -- "code": {
          -- "+": "0x"
        -- },
        -- "nonce": {
          -- "+": "0x1"
        -- },
        -- "storage": {}
      -- }
    -- },
    -- "trace": [
      -- {
        -- "action": {
          -- "creationMethod": "create",
          -- "from": "0x7435ed30a8b4aeb0877cef0c6e8cffe834eb865f",
          -- "gas": "0xf2f92",
          -- "init": "0x602a60005260406000608060006006620186a0f45060006000f3",
          -- "value": "0x1"
        -- },
        -- "result": {
          -- "address": "0xe3a8b633a20d3bc82cfd6d6cb315dd9784b3ea41",
          -- "code": "0x",
          -- "gasUsed": "0x18733"
        -- },
        -- "subtraces": 1,
        -- "traceAddress": [],
        -- "type": "create"
      -- },
      -- {
        -- "action": {
          -- "callType": "delegatecall",
          -- "from": "0xe3a8b633a20d3bc82cfd6d6cb315dd9784b3ea41",
          -- "gas": "0x186a0",
          -- "input": "0x000000000000000000000000000000000000000000000000000000000000002a000000000000000000000000000000000000000000000000000000000000000000000000000000000000000000000000000000000000000000000000000000000000000000000000000000000000000000000000000000000000000000000000",
          -- "to": "0x0000000000000000000000000000000000000006",
          -- "value": "0x1"
        -- },
        -- "error": "point is not on curve",
        -- "result": null,
        -- "subtraces": 0,
        -- "traceAddress": [
          -- 0
        -- ],
        -- "type": "call"
      -- }
    -- ],
    -- "vmTrace": {
      -- "code": "0x602a60005260406000608060006006620186a0f45060006000f3",
      -- "ops": [
        -- {
          -- "cost": 3,
          -- "ex": {
            -- "mem": null,
            -- "push": [
              -- "0x2a"
            -- ],
            -- "store": null,
            -- "used": 995215
          -- },
          -- "op": "PUSH1",
          -- "pc": 0,
          -- "sub": null
        -- },
        -- {
          -- "cost": 3,
          -- "ex": {
            -- "mem": null,
            -- "push": [
              -- "0x0"
            -- ],
            -- "store": null,
            -- "used": 995212
          -- },
          -- "op": "PUSH1",
          -- "pc": 2,
          -- "sub": null
        -- },
        -- {
          -- "cost": 6,
          -- "ex": {
            -- "mem": {
              -- "data": "0x000000000000000000000000000000000000000000000000000000000000002a",
              -- "off": 0
            -- },
            -- "push": [],
            -- "store": null,
            -- "used": 995206
          -- },
          -- "op": "MSTORE",
          -- "pc": 4,
          -- "sub": null
        -- },
        -- {
          -- "cost": 3,
          -- "ex": {
            -- "mem": null,
            -- "push": [
              -- "0x40"
            -- ],
            -- "store": null,
            -- "used": 995203
          -- },
          -- "op": "PUSH1",
          -- "pc": 5,
          -- "sub": null
        -- },
        -- {
          -- "cost": 3,
          -- "ex": {
            -- "mem": null,
            -- "push": [
              -- "0x0"
            -- ],
            -- "store": null,
            -- "used": 995200
          -- },
          -- "op": "PUSH1",
          -- "pc": 7,
          -- "sub": null
        -- },
        -- {
          -- "cost": 3,
          -- "ex": {
            -- "mem": null,
            -- "push": [
              -- "0x80"
            -- ],
            -- "store": null,
            -- "used": 995197
          -- },
          -- "op": "PUSH1",
          -- "pc": 9,
          -- "sub": null
        -- },
        -- {
          -- "cost": 3,
          -- "ex": {
            -- "mem": null,
            -- "push": [
              -- "0x0"
            -- ],
            -- "store": null,
            -- "used": 995194
          -- },
          -- "op": "PUSH1",
          -- "pc": 11,
          -- "sub": null
        -- },
        -- {
          -- "cost": 3,
          -- "ex": {
            -- "mem": null,
            -- "push": [
              -- "0x6"
            -- ],
            -- "store": null,
            -- "used": 995191
          -- },
          -- "op": "PUSH1",
          -- "pc": 13,
          -- "sub": null
        -- },
        -- {
          -- "cost": 3,
          -- "ex": {
            -- "mem": null,
            -- "push": [
              -- "0x186a0"
            -- ],
            -- "store": null,
            -- "used": 995188
          -- },
          -- "op": "PUSH3",
          -- "pc": 15,
          -- "sub": null
        -- },
        -- {
          -- "cost": 100109,
          -- "ex": {
            -- "mem": null,
            -- "push": [
              -- "0x0"
            -- ],
            -- "store": null,
            -- "used": 895079
          -- },
          -- "op": "DELEGATECALL",
          -- "pc": 19,
          -- "sub": null
        -- },
        -- {
          -- "cost": 2,
          -- "ex": {
            -- "mem": null,
            -- "push": [],
            -- "store": null,
            -- "used": 895077
          -- },
          -- "op": "POP",
          -- "pc": 20,
          -- "sub": null
        -- },
        -- {
          -- "cost": 3,
          -- "ex": {
            -- "mem": null,
            -- "push": [
              -- "0x0"
            -- ],
            -- "store": null,
            -- "used": 895074
          -- },
          -- "op": "PUSH1",
          -- "pc": 21,
          -- "sub": null
        -- },
        -- {
          -- "cost": 3,
          -- "ex": {
            -- "mem": null,
            -- "push": [
              -- "0x0"
            -- ],
            -- "store": null,
            -- "used": 895071
          -- },
          -- "op": "PUSH1",
          -- "pc": 23,
          -- "sub": null
        -- },
        -- {
          -- "cost": 0,
          -- "ex": {
            -- "mem": null,
            -- "push": [],
            -- "store": null,
            -- "used": 895071
          -- },
          -- "op": "RETURN",
          -- "pc": 25,
          -- "sub": null
        -- }
      -- ]
    -- }
  }
}


-- interop/nested-delegatecall-value1-success (go-ethereum_trace)
>>  {"jsonrpc": "2.0", "id": 1, "method": "trace_call", "params": [{"from": "0x7435ed30a8b4aeb0877cef0c6e8cffe834eb865f", "gas": "0x100000", "gasPrice": "0x3b9aca00", "value": "0x1", "data": "0x600060005260406000608060006006620186a0f45060006000f3"}, ["trace", "stateDiff", "vmTrace"], "latest"]}
<<  {"jsonrpc":"2.0","id":1,"result":{"output":"0x","trace":[{"action":{"from":"0x7435ed30a8b4aeb0877cef0c6e8cffe834eb865f","gas":"0xf2f9e","init":"0x600060005260406000608060006006620186a0f45060006000f3","value":"0x1","creationMethod":"create"},"result":{"gasUsed":"0x129","address":"0xe3a8b633a20d3bc82cfd6d6cb315dd9784b3ea41","code":"0x"},"subtraces":1,"traceAddress":[],"type":"create"},{"action":{"callType":"delegatecall","from":"0xe3a8b633a20d3bc82cfd6d6cb315dd9784b3ea41","to":"0x0000000000000000000000000000000000000006","gas":"0x186a0","input":"0x0000000000000000000000000000000000000000000000000000000000000000000000000000000000000000000000000000000000000000000000000000000000000000000000000000000000000000000000000000000000000000000000000000000000000000000000000000000000000000000000000000000000000000","value":"0x1"},"result":{"gasUsed":"0x96","output":"0x00000000000000000000000000000000000000000000000000000000000000000000000000000000000000000000000000000000000000000000000000000000"},"subtraces":0,"traceAddress":[0],"type":"call"}],"stateDiff":{"0x0000000000000000000000000000000000000000":{"balance":{"*":{"from":"0x66863b","to":"0x30b4c8fe1629"}},"nonce":"=","code":"=","storage":{}},"0x7435ed30a8b4aeb0877cef0c6e8cffe834eb865f":{"balance":{"*":{"from":"0xc097ce7bc90715b34755ccb0391096","to":"0xc097ce7bc90715b3472502f4436295"}},"nonce":{"*":{"from":"0x85","to":"0x86"}},"code":"=","storage":{}},"0xe3a8b633a20d3bc82cfd6d6cb315dd9784b3ea41":{"balance":{"+":"0x1"},"nonce":{"+":"0x1"},"code":{"+":"0x"},"storage":{}}},"vmTrace":{"code":"0x600060005260406000608060006006620186a0f45060006000f3","ops":[{"pc":0,"cost":3,"ex":{"used":995227,"push":["0x0"],"mem":null,"store":null},"sub":null,"op":"PUSH1"},{"pc":2,"cost":3,"ex":{"used":995224,"push":["0x0"],"mem":null,"store":null},"sub":null,"op":"PUSH1"},{"pc":4,"cost":6,"ex":{"used":995218,"push":[],"mem":{"off":0,"data":"0x0000000000000000000000000000000000000000000000000000000000000000"},"store":null},"sub":null,"op":"MSTORE"},{"pc":5,"cost":3,"ex":{"used":995215,"push":["0x40"],"mem":null,"store":null},"sub":null,"op":"PUSH1"},{"pc":7,"cost":3,"ex":{"used":995212,"push":["0x0"],"mem":null,"store":null},"sub":null,"op":"PUSH1"},{"pc":9,"cost":3,"ex":{"used":995209,"push":["0x80"],"mem":null,"store":null},"sub":null,"op":"PUSH1"},{"pc":11,"cost":3,"ex":{"used":995206,"push":["0x0"],"mem":null,"store":null},"sub":null,"op":"PUSH1"},{"pc":13,"cost":3,"ex":{"used":995203,"push":["0x6"],"mem":null,"store":null},"sub":null,"op":"PUSH1"},{"pc":15,"cost":3,"ex":{"used":995200,"push":["0x186a0"],"mem":null,"store":null},"sub":null,"op":"PUSH3"},{"pc":19,"cost":100109,"ex":{"used":994941,"push":["0x1"],"mem":{"off":0,"data":"0x00000000000000000000000000000000000000000000000000000000000000000000000000000000000000000000000000000000000000000000000000000000"},"store":null},"sub":null,"op":"DELEGATECALL"},{"pc":20,"cost":2,"ex":{"used":994939,"push":[],"mem":null,"store":null},"sub":null,"op":"POP"},{"pc":21,"cost":3,"ex":{"used":994936,"push":["0x0"],"mem":null,"store":null},"sub":null,"op":"PUSH1"},{"pc":23,"cost":3,"ex":{"used":994933,"push":["0x0"],"mem":null,"store":null},"sub":null,"op":"PUSH1"},{"pc":25,"cost":0,"ex":{"used":994933,"push":[],"mem":null,"store":null},"sub":null,"op":"RETURN"}]}}}
response differs from expected (-- client, ++ test):
{
  "id": 1,
  "jsonrpc": "2.0",
  "result": {
    ++ "capture_only": true,
    -- "output": "0x",
    -- "stateDiff": {
      -- "0x0000000000000000000000000000000000000000": {
        -- "balance": {
          -- "*": {
            -- "from": "0x66863b",
            -- "to": "0x30b4c8fe1629"
          -- }
        -- },
        -- "code": "=",
        -- "nonce": "=",
        -- "storage": {}
      -- },
      -- "0x7435ed30a8b4aeb0877cef0c6e8cffe834eb865f": {
        -- "balance": {
          -- "*": {
            -- "from": "0xc097ce7bc90715b34755ccb0391096",
            -- "to": "0xc097ce7bc90715b3472502f4436295"
          -- }
        -- },
        -- "code": "=",
        -- "nonce": {
          -- "*": {
            -- "from": "0x85",
            -- "to": "0x86"
          -- }
        -- },
        -- "storage": {}
      -- },
      -- "0xe3a8b633a20d3bc82cfd6d6cb315dd9784b3ea41": {
        -- "balance": {
          -- "+": "0x1"
        -- },
        -- "code": {
          -- "+": "0x"
        -- },
        -- "nonce": {
          -- "+": "0x1"
        -- },
        -- "storage": {}
      -- }
    -- },
    -- "trace": [
      -- {
        -- "action": {
          -- "creationMethod": "create",
          -- "from": "0x7435ed30a8b4aeb0877cef0c6e8cffe834eb865f",
          -- "gas": "0xf2f9e",
          -- "init": "0x600060005260406000608060006006620186a0f45060006000f3",
          -- "value": "0x1"
        -- },
        -- "result": {
          -- "address": "0xe3a8b633a20d3bc82cfd6d6cb315dd9784b3ea41",
          -- "code": "0x",
          -- "gasUsed": "0x129"
        -- },
        -- "subtraces": 1,
        -- "traceAddress": [],
        -- "type": "create"
      -- },
      -- {
        -- "action": {
          -- "callType": "delegatecall",
          -- "from": "0xe3a8b633a20d3bc82cfd6d6cb315dd9784b3ea41",
          -- "gas": "0x186a0",
          -- "input": "0x0000000000000000000000000000000000000000000000000000000000000000000000000000000000000000000000000000000000000000000000000000000000000000000000000000000000000000000000000000000000000000000000000000000000000000000000000000000000000000000000000000000000000000",
          -- "to": "0x0000000000000000000000000000000000000006",
          -- "value": "0x1"
        -- },
        -- "result": {
          -- "gasUsed": "0x96",
          -- "output": "0x00000000000000000000000000000000000000000000000000000000000000000000000000000000000000000000000000000000000000000000000000000000"
        -- },
        -- "subtraces": 0,
        -- "traceAddress": [
          -- 0
        -- ],
        -- "type": "call"
      -- }
    -- ],
    -- "vmTrace": {
      -- "code": "0x600060005260406000608060006006620186a0f45060006000f3",
      -- "ops": [
        -- {
          -- "cost": 3,
          -- "ex": {
            -- "mem": null,
            -- "push": [
              -- "0x0"
            -- ],
            -- "store": null,
            -- "used": 995227
          -- },
          -- "op": "PUSH1",
          -- "pc": 0,
          -- "sub": null
        -- },
        -- {
          -- "cost": 3,
          -- "ex": {
            -- "mem": null,
            -- "push": [
              -- "0x0"
            -- ],
            -- "store": null,
            -- "used": 995224
          -- },
          -- "op": "PUSH1",
          -- "pc": 2,
          -- "sub": null
        -- },
        -- {
          -- "cost": 6,
          -- "ex": {
            -- "mem": {
              -- "data": "0x0000000000000000000000000000000000000000000000000000000000000000",
              -- "off": 0
            -- },
            -- "push": [],
            -- "store": null,
            -- "used": 995218
          -- },
          -- "op": "MSTORE",
          -- "pc": 4,
          -- "sub": null
        -- },
        -- {
          -- "cost": 3,
          -- "ex": {
            -- "mem": null,
            -- "push": [
              -- "0x40"
            -- ],
            -- "store": null,
            -- "used": 995215
          -- },
          -- "op": "PUSH1",
          -- "pc": 5,
          -- "sub": null
        -- },
        -- {
          -- "cost": 3,
          -- "ex": {
            -- "mem": null,
            -- "push": [
              -- "0x0"
            -- ],
            -- "store": null,
            -- "used": 995212
          -- },
          -- "op": "PUSH1",
          -- "pc": 7,
          -- "sub": null
        -- },
        -- {
          -- "cost": 3,
          -- "ex": {
            -- "mem": null,
            -- "push": [
              -- "0x80"
            -- ],
            -- "store": null,
            -- "used": 995209
          -- },
          -- "op": "PUSH1",
          -- "pc": 9,
          -- "sub": null
        -- },
        -- {
          -- "cost": 3,
          -- "ex": {
            -- "mem": null,
            -- "push": [
              -- "0x0"
            -- ],
            -- "store": null,
            -- "used": 995206
          -- },
          -- "op": "PUSH1",
          -- "pc": 11,
          -- "sub": null
        -- },
        -- {
          -- "cost": 3,
          -- "ex": {
            -- "mem": null,
            -- "push": [
              -- "0x6"
            -- ],
            -- "store": null,
            -- "used": 995203
          -- },
          -- "op": "PUSH1",
          -- "pc": 13,
          -- "sub": null
        -- },
        -- {
          -- "cost": 3,
          -- "ex": {
            -- "mem": null,
            -- "push": [
              -- "0x186a0"
            -- ],
            -- "store": null,
            -- "used": 995200
          -- },
          -- "op": "PUSH3",
          -- "pc": 15,
          -- "sub": null
        -- },
        -- {
          -- "cost": 100109,
          -- "ex": {
            -- "mem": {
              -- "data": "0x00000000000000000000000000000000000000000000000000000000000000000000000000000000000000000000000000000000000000000000000000000000",
              -- "off": 0
            -- },
            -- "push": [
              -- "0x1"
            -- ],
            -- "store": null,
            -- "used": 994941
          -- },
          -- "op": "DELEGATECALL",
          -- "pc": 19,
          -- "sub": null
        -- },
        -- {
          -- "cost": 2,
          -- "ex": {
            -- "mem": null,
            -- "push": [],
            -- "store": null,
            -- "used": 994939
          -- },
          -- "op": "POP",
          -- "pc": 20,
          -- "sub": null
        -- },
        -- {
          -- "cost": 3,
          -- "ex": {
            -- "mem": null,
            -- "push": [
              -- "0x0"
            -- ],
            -- "store": null,
            -- "used": 994936
          -- },
          -- "op": "PUSH1",
          -- "pc": 21,
          -- "sub": null
        -- },
        -- {
          -- "cost": 3,
          -- "ex": {
            -- "mem": null,
            -- "push": [
              -- "0x0"
            -- ],
            -- "store": null,
            -- "used": 994933
          -- },
          -- "op": "PUSH1",
          -- "pc": 23,
          -- "sub": null
        -- },
        -- {
          -- "cost": 0,
          -- "ex": {
            -- "mem": null,
            -- "push": [],
            -- "store": null,
            -- "used": 994933
          -- },
          -- "op": "RETURN",
          -- "pc": 25,
          -- "sub": null
        -- }
      -- ]
    -- }
  }
}


-- interop/nested-staticcall-value0-failed (go-ethereum_trace)
>>  {"jsonrpc": "2.0", "id": 1, "method": "trace_call", "params": [{"from": "0x7435ed30a8b4aeb0877cef0c6e8cffe834eb865f", "gas": "0x100000", "gasPrice": "0x3b9aca00", "value": "0x0", "data": "0x602a60005260406000608060006006620186a0fa5060006000f3"}, ["trace", "stateDiff", "vmTrace"], "latest"]}
<<  {"jsonrpc":"2.0","id":1,"result":{"output":"0x","trace":[{"action":{"from":"0x7435ed30a8b4aeb0877cef0c6e8cffe834eb865f","gas":"0xf2f92","init":"0x602a60005260406000608060006006620186a0fa5060006000f3","value":"0x0","creationMethod":"create"},"result":{"gasUsed":"0x18733","address":"0xe3a8b633a20d3bc82cfd6d6cb315dd9784b3ea41","code":"0x"},"subtraces":0,"traceAddress":[],"type":"create"}],"stateDiff":{"0x0000000000000000000000000000000000000000":{"balance":{"*":{"from":"0x66863b","to":"0x8b60b7909405"}},"nonce":"=","code":"=","storage":{}},"0x7435ed30a8b4aeb0877cef0c6e8cffe834eb865f":{"balance":{"*":{"from":"0xc097ce7bc90715b34755ccb0391096","to":"0xc097ce7bc90715b346ca30053a0696"}},"nonce":{"*":{"from":"0x85","to":"0x86"}},"code":"=","storage":{}},"0xe3a8b633a20d3bc82cfd6d6cb315dd9784b3ea41":{"balance":{"+":"0x0"},"nonce":{"+":"0x1"},"code":{"+":"0x"},"storage":{}}},"vmTrace":{"code":"0x602a60005260406000608060006006620186a0fa5060006000f3","ops":[{"pc":0,"cost":3,"ex":{"used":995215,"push":["0x2a"],"mem":null,"store":null},"sub":null,"op":"PUSH1"},{"pc":2,"cost":3,"ex":{"used":995212,"push":["0x0"],"mem":null,"store":null},"sub":null,"op":"PUSH1"},{"pc":4,"cost":6,"ex":{"used":995206,"push":[],"mem":{"off":0,"data":"0x000000000000000000000000000000000000000000000000000000000000002a"},"store":null},"sub":null,"op":"MSTORE"},{"pc":5,"cost":3,"ex":{"used":995203,"push":["0x40"],"mem":null,"store":null},"sub":null,"op":"PUSH1"},{"pc":7,"cost":3,"ex":{"used":995200,"push":["0x0"],"mem":null,"store":null},"sub":null,"op":"PUSH1"},{"pc":9,"cost":3,"ex":{"used":995197,"push":["0x80"],"mem":null,"store":null},"sub":null,"op":"PUSH1"},{"pc":11,"cost":3,"ex":{"used":995194,"push":["0x0"],"mem":null,"store":null},"sub":null,"op":"PUSH1"},{"pc":13,"cost":3,"ex":{"used":995191,"push":["0x6"],"mem":null,"store":null},"sub":null,"op":"PUSH1"},{"pc":15,"cost":3,"ex":{"used":995188,"push":["0x186a0"],"mem":null,"store":null},"sub":null,"op":"PUSH3"},{"pc":19,"cost":100109,"ex":{"used":895079,"push":["0x0"],"mem":null,"store":null},"sub":null,"op":"STATICCALL"},{"pc":20,"cost":2,"ex":{"used":895077,"push":[],"mem":null,"store":null},"sub":null,"op":"POP"},{"pc":21,"cost":3,"ex":{"used":895074,"push":["0x0"],"mem":null,"store":null},"sub":null,"op":"PUSH1"},{"pc":23,"cost":3,"ex":{"used":895071,"push":["0x0"],"mem":null,"store":null},"sub":null,"op":"PUSH1"},{"pc":25,"cost":0,"ex":{"used":895071,"push":[],"mem":null,"store":null},"sub":null,"op":"RETURN"}]}}}
response differs from expected (-- client, ++ test):
{
  "id": 1,
  "jsonrpc": "2.0",
  "result": {
    ++ "capture_only": true,
    -- "output": "0x",
    -- "stateDiff": {
      -- "0x0000000000000000000000000000000000000000": {
        -- "balance": {
          -- "*": {
            -- "from": "0x66863b",
            -- "to": "0x8b60b7909405"
          -- }
        -- },
        -- "code": "=",
        -- "nonce": "=",
        -- "storage": {}
      -- },
      -- "0x7435ed30a8b4aeb0877cef0c6e8cffe834eb865f": {
        -- "balance": {
          -- "*": {
            -- "from": "0xc097ce7bc90715b34755ccb0391096",
            -- "to": "0xc097ce7bc90715b346ca30053a0696"
          -- }
        -- },
        -- "code": "=",
        -- "nonce": {
          -- "*": {
            -- "from": "0x85",
            -- "to": "0x86"
          -- }
        -- },
        -- "storage": {}
      -- },
      -- "0xe3a8b633a20d3bc82cfd6d6cb315dd9784b3ea41": {
        -- "balance": {
          -- "+": "0x0"
        -- },
        -- "code": {
          -- "+": "0x"
        -- },
        -- "nonce": {
          -- "+": "0x1"
        -- },
        -- "storage": {}
      -- }
    -- },
    -- "trace": [
      -- {
        -- "action": {
          -- "creationMethod": "create",
          -- "from": "0x7435ed30a8b4aeb0877cef0c6e8cffe834eb865f",
          -- "gas": "0xf2f92",
          -- "init": "0x602a60005260406000608060006006620186a0fa5060006000f3",
          -- "value": "0x0"
        -- },
        -- "result": {
          -- "address": "0xe3a8b633a20d3bc82cfd6d6cb315dd9784b3ea41",
          -- "code": "0x",
          -- "gasUsed": "0x18733"
        -- },
        -- "subtraces": 0,
        -- "traceAddress": [],
        -- "type": "create"
      -- }
    -- ],
    -- "vmTrace": {
      -- "code": "0x602a60005260406000608060006006620186a0fa5060006000f3",
      -- "ops": [
        -- {
          -- "cost": 3,
          -- "ex": {
            -- "mem": null,
            -- "push": [
              -- "0x2a"
            -- ],
            -- "store": null,
            -- "used": 995215
          -- },
          -- "op": "PUSH1",
          -- "pc": 0,
          -- "sub": null
        -- },
        -- {
          -- "cost": 3,
          -- "ex": {
            -- "mem": null,
            -- "push": [
              -- "0x0"
            -- ],
            -- "store": null,
            -- "used": 995212
          -- },
          -- "op": "PUSH1",
          -- "pc": 2,
          -- "sub": null
        -- },
        -- {
          -- "cost": 6,
          -- "ex": {
            -- "mem": {
              -- "data": "0x000000000000000000000000000000000000000000000000000000000000002a",
              -- "off": 0
            -- },
            -- "push": [],
            -- "store": null,
            -- "used": 995206
          -- },
          -- "op": "MSTORE",
          -- "pc": 4,
          -- "sub": null
        -- },
        -- {
          -- "cost": 3,
          -- "ex": {
            -- "mem": null,
            -- "push": [
              -- "0x40"
            -- ],
            -- "store": null,
            -- "used": 995203
          -- },
          -- "op": "PUSH1",
          -- "pc": 5,
          -- "sub": null
        -- },
        -- {
          -- "cost": 3,
          -- "ex": {
            -- "mem": null,
            -- "push": [
              -- "0x0"
            -- ],
            -- "store": null,
            -- "used": 995200
          -- },
          -- "op": "PUSH1",
          -- "pc": 7,
          -- "sub": null
        -- },
        -- {
          -- "cost": 3,
          -- "ex": {
            -- "mem": null,
            -- "push": [
              -- "0x80"
            -- ],
            -- "store": null,
            -- "used": 995197
          -- },
          -- "op": "PUSH1",
          -- "pc": 9,
          -- "sub": null
        -- },
        -- {
          -- "cost": 3,
          -- "ex": {
            -- "mem": null,
            -- "push": [
              -- "0x0"
            -- ],
            -- "store": null,
            -- "used": 995194
          -- },
          -- "op": "PUSH1",
          -- "pc": 11,
          -- "sub": null
        -- },
        -- {
          -- "cost": 3,
          -- "ex": {
            -- "mem": null,
            -- "push": [
              -- "0x6"
            -- ],
            -- "store": null,
            -- "used": 995191
          -- },
          -- "op": "PUSH1",
          -- "pc": 13,
          -- "sub": null
        -- },
        -- {
          -- "cost": 3,
          -- "ex": {
            -- "mem": null,
            -- "push": [
              -- "0x186a0"
            -- ],
            -- "store": null,
            -- "used": 995188
          -- },
          -- "op": "PUSH3",
          -- "pc": 15,
          -- "sub": null
        -- },
        -- {
          -- "cost": 100109,
          -- "ex": {
            -- "mem": null,
            -- "push": [
              -- "0x0"
            -- ],
            -- "store": null,
            -- "used": 895079
          -- },
          -- "op": "STATICCALL",
          -- "pc": 19,
          -- "sub": null
        -- },
        -- {
          -- "cost": 2,
          -- "ex": {
            -- "mem": null,
            -- "push": [],
            -- "store": null,
            -- "used": 895077
          -- },
          -- "op": "POP",
          -- "pc": 20,
          -- "sub": null
        -- },
        -- {
          -- "cost": 3,
          -- "ex": {
            -- "mem": null,
            -- "push": [
              -- "0x0"
            -- ],
            -- "store": null,
            -- "used": 895074
          -- },
          -- "op": "PUSH1",
          -- "pc": 21,
          -- "sub": null
        -- },
        -- {
          -- "cost": 3,
          -- "ex": {
            -- "mem": null,
            -- "push": [
              -- "0x0"
            -- ],
            -- "store": null,
            -- "used": 895071
          -- },
          -- "op": "PUSH1",
          -- "pc": 23,
          -- "sub": null
        -- },
        -- {
          -- "cost": 0,
          -- "ex": {
            -- "mem": null,
            -- "push": [],
            -- "store": null,
            -- "used": 895071
          -- },
          -- "op": "RETURN",
          -- "pc": 25,
          -- "sub": null
        -- }
      -- ]
    -- }
  }
}


-- interop/nested-staticcall-value0-success (go-ethereum_trace)
>>  {"jsonrpc": "2.0", "id": 1, "method": "trace_call", "params": [{"from": "0x7435ed30a8b4aeb0877cef0c6e8cffe834eb865f", "gas": "0x100000", "gasPrice": "0x3b9aca00", "value": "0x0", "data": "0x600060005260406000608060006006620186a0fa5060006000f3"}, ["trace", "stateDiff", "vmTrace"], "latest"]}
<<  {"jsonrpc":"2.0","id":1,"result":{"output":"0x","trace":[{"action":{"from":"0x7435ed30a8b4aeb0877cef0c6e8cffe834eb865f","gas":"0xf2f9e","init":"0x600060005260406000608060006006620186a0fa5060006000f3","value":"0x0","creationMethod":"create"},"result":{"gasUsed":"0x129","address":"0xe3a8b633a20d3bc82cfd6d6cb315dd9784b3ea41","code":"0x"},"subtraces":0,"traceAddress":[],"type":"create"}],"stateDiff":{"0x0000000000000000000000000000000000000000":{"balance":{"*":{"from":"0x66863b","to":"0x30b4c8fe1629"}},"nonce":"=","code":"=","storage":{}},"0x7435ed30a8b4aeb0877cef0c6e8cffe834eb865f":{"balance":{"*":{"from":"0xc097ce7bc90715b34755ccb0391096","to":"0xc097ce7bc90715b3472502f4436296"}},"nonce":{"*":{"from":"0x85","to":"0x86"}},"code":"=","storage":{}},"0xe3a8b633a20d3bc82cfd6d6cb315dd9784b3ea41":{"balance":{"+":"0x0"},"nonce":{"+":"0x1"},"code":{"+":"0x"},"storage":{}}},"vmTrace":{"code":"0x600060005260406000608060006006620186a0fa5060006000f3","ops":[{"pc":0,"cost":3,"ex":{"used":995227,"push":["0x0"],"mem":null,"store":null},"sub":null,"op":"PUSH1"},{"pc":2,"cost":3,"ex":{"used":995224,"push":["0x0"],"mem":null,"store":null},"sub":null,"op":"PUSH1"},{"pc":4,"cost":6,"ex":{"used":995218,"push":[],"mem":{"off":0,"data":"0x0000000000000000000000000000000000000000000000000000000000000000"},"store":null},"sub":null,"op":"MSTORE"},{"pc":5,"cost":3,"ex":{"used":995215,"push":["0x40"],"mem":null,"store":null},"sub":null,"op":"PUSH1"},{"pc":7,"cost":3,"ex":{"used":995212,"push":["0x0"],"mem":null,"store":null},"sub":null,"op":"PUSH1"},{"pc":9,"cost":3,"ex":{"used":995209,"push":["0x80"],"mem":null,"store":null},"sub":null,"op":"PUSH1"},{"pc":11,"cost":3,"ex":{"used":995206,"push":["0x0"],"mem":null,"store":null},"sub":null,"op":"PUSH1"},{"pc":13,"cost":3,"ex":{"used":995203,"push":["0x6"],"mem":null,"store":null},"sub":null,"op":"PUSH1"},{"pc":15,"cost":3,"ex":{"used":995200,"push":["0x186a0"],"mem":null,"store":null},"sub":null,"op":"PUSH3"},{"pc":19,"cost":100109,"ex":{"used":994941,"push":["0x1"],"mem":{"off":0,"data":"0x00000000000000000000000000000000000000000000000000000000000000000000000000000000000000000000000000000000000000000000000000000000"},"store":null},"sub":null,"op":"STATICCALL"},{"pc":20,"cost":2,"ex":{"used":994939,"push":[],"mem":null,"store":null},"sub":null,"op":"POP"},{"pc":21,"cost":3,"ex":{"used":994936,"push":["0x0"],"mem":null,"store":null},"sub":null,"op":"PUSH1"},{"pc":23,"cost":3,"ex":{"used":994933,"push":["0x0"],"mem":null,"store":null},"sub":null,"op":"PUSH1"},{"pc":25,"cost":0,"ex":{"used":994933,"push":[],"mem":null,"store":null},"sub":null,"op":"RETURN"}]}}}
response differs from expected (-- client, ++ test):
{
  "id": 1,
  "jsonrpc": "2.0",
  "result": {
    ++ "capture_only": true,
    -- "output": "0x",
    -- "stateDiff": {
      -- "0x0000000000000000000000000000000000000000": {
        -- "balance": {
          -- "*": {
            -- "from": "0x66863b",
            -- "to": "0x30b4c8fe1629"
          -- }
        -- },
        -- "code": "=",
        -- "nonce": "=",
        -- "storage": {}
      -- },
      -- "0x7435ed30a8b4aeb0877cef0c6e8cffe834eb865f": {
        -- "balance": {
          -- "*": {
            -- "from": "0xc097ce7bc90715b34755ccb0391096",
            -- "to": "0xc097ce7bc90715b3472502f4436296"
          -- }
        -- },
        -- "code": "=",
        -- "nonce": {
          -- "*": {
            -- "from": "0x85",
            -- "to": "0x86"
          -- }
        -- },
        -- "storage": {}
      -- },
      -- "0xe3a8b633a20d3bc82cfd6d6cb315dd9784b3ea41": {
        -- "balance": {
          -- "+": "0x0"
        -- },
        -- "code": {
          -- "+": "0x"
        -- },
        -- "nonce": {
          -- "+": "0x1"
        -- },
        -- "storage": {}
      -- }
    -- },
    -- "trace": [
      -- {
        -- "action": {
          -- "creationMethod": "create",
          -- "from": "0x7435ed30a8b4aeb0877cef0c6e8cffe834eb865f",
          -- "gas": "0xf2f9e",
          -- "init": "0x600060005260406000608060006006620186a0fa5060006000f3",
          -- "value": "0x0"
        -- },
        -- "result": {
          -- "address": "0xe3a8b633a20d3bc82cfd6d6cb315dd9784b3ea41",
          -- "code": "0x",
          -- "gasUsed": "0x129"
        -- },
        -- "subtraces": 0,
        -- "traceAddress": [],
        -- "type": "create"
      -- }
    -- ],
    -- "vmTrace": {
      -- "code": "0x600060005260406000608060006006620186a0fa5060006000f3",
      -- "ops": [
        -- {
          -- "cost": 3,
          -- "ex": {
            -- "mem": null,
            -- "push": [
              -- "0x0"
            -- ],
            -- "store": null,
            -- "used": 995227
          -- },
          -- "op": "PUSH1",
          -- "pc": 0,
          -- "sub": null
        -- },
        -- {
          -- "cost": 3,
          -- "ex": {
            -- "mem": null,
            -- "push": [
              -- "0x0"
            -- ],
            -- "store": null,
            -- "used": 995224
          -- },
          -- "op": "PUSH1",
          -- "pc": 2,
          -- "sub": null
        -- },
        -- {
          -- "cost": 6,
          -- "ex": {
            -- "mem": {
              -- "data": "0x0000000000000000000000000000000000000000000000000000000000000000",
              -- "off": 0
            -- },
            -- "push": [],
            -- "store": null,
            -- "used": 995218
          -- },
          -- "op": "MSTORE",
          -- "pc": 4,
          -- "sub": null
        -- },
        -- {
          -- "cost": 3,
          -- "ex": {
            -- "mem": null,
            -- "push": [
              -- "0x40"
            -- ],
            -- "store": null,
            -- "used": 995215
          -- },
          -- "op": "PUSH1",
          -- "pc": 5,
          -- "sub": null
        -- },
        -- {
          -- "cost": 3,
          -- "ex": {
            -- "mem": null,
            -- "push": [
              -- "0x0"
            -- ],
            -- "store": null,
            -- "used": 995212
          -- },
          -- "op": "PUSH1",
          -- "pc": 7,
          -- "sub": null
        -- },
        -- {
          -- "cost": 3,
          -- "ex": {
            -- "mem": null,
            -- "push": [
              -- "0x80"
            -- ],
            -- "store": null,
            -- "used": 995209
          -- },
          -- "op": "PUSH1",
          -- "pc": 9,
          -- "sub": null
        -- },
        -- {
          -- "cost": 3,
          -- "ex": {
            -- "mem": null,
            -- "push": [
              -- "0x0"
            -- ],
            -- "store": null,
            -- "used": 995206
          -- },
          -- "op": "PUSH1",
          -- "pc": 11,
          -- "sub": null
        -- },
        -- {
          -- "cost": 3,
          -- "ex": {
            -- "mem": null,
            -- "push": [
              -- "0x6"
            -- ],
            -- "store": null,
            -- "used": 995203
          -- },
          -- "op": "PUSH1",
          -- "pc": 13,
          -- "sub": null
        -- },
        -- {
          -- "cost": 3,
          -- "ex": {
            -- "mem": null,
            -- "push": [
              -- "0x186a0"
            -- ],
            -- "store": null,
            -- "used": 995200
          -- },
          -- "op": "PUSH3",
          -- "pc": 15,
          -- "sub": null
        -- },
        -- {
          -- "cost": 100109,
          -- "ex": {
            -- "mem": {
              -- "data": "0x00000000000000000000000000000000000000000000000000000000000000000000000000000000000000000000000000000000000000000000000000000000",
              -- "off": 0
            -- },
            -- "push": [
              -- "0x1"
            -- ],
            -- "store": null,
            -- "used": 994941
          -- },
          -- "op": "STATICCALL",
          -- "pc": 19,
          -- "sub": null
        -- },
        -- {
          -- "cost": 2,
          -- "ex": {
            -- "mem": null,
            -- "push": [],
            -- "store": null,
            -- "used": 994939
          -- },
          -- "op": "POP",
          -- "pc": 20,
          -- "sub": null
        -- },
        -- {
          -- "cost": 3,
          -- "ex": {
            -- "mem": null,
            -- "push": [
              -- "0x0"
            -- ],
            -- "store": null,
            -- "used": 994936
          -- },
          -- "op": "PUSH1",
          -- "pc": 21,
          -- "sub": null
        -- },
        -- {
          -- "cost": 3,
          -- "ex": {
            -- "mem": null,
            -- "push": [
              -- "0x0"
            -- ],
            -- "store": null,
            -- "used": 994933
          -- },
          -- "op": "PUSH1",
          -- "pc": 23,
          -- "sub": null
        -- },
        -- {
          -- "cost": 0,
          -- "ex": {
            -- "mem": null,
            -- "push": [],
            -- "store": null,
            -- "used": 994933
          -- },
          -- "op": "RETURN",
          -- "pc": 25,
          -- "sub": null
        -- }
      -- ]
    -- }
  }
}


-- interop/root-failed (go-ethereum_trace)
>>  {"jsonrpc": "2.0", "id": 1, "method": "trace_call", "params": [{"from": "0x7435ed30a8b4aeb0877cef0c6e8cffe834eb865f", "to": "0x0000000000000000000000000000000000000006", "gas": "0x100000", "gasPrice": "0x3b9aca00", "data": "0x000000000000000000000000000000000000000000000000000000000000002a000000000000000000000000000000000000000000000000000000000000000000000000000000000000000000000000000000000000000000000000000000000000000000000000000000000000000000000000000000000000000000000000"}, ["trace", "stateDiff", "vmTrace"], "latest"]}
<<  {"jsonrpc":"2.0","id":1,"result":{"output":"0x","trace":[{"action":{"callType":"call","from":"0x7435ed30a8b4aeb0877cef0c6e8cffe834eb865f","to":"0x0000000000000000000000000000000000000006","gas":"0xfabec","input":"0x000000000000000000000000000000000000000000000000000000000000002a000000000000000000000000000000000000000000000000000000000000000000000000000000000000000000000000000000000000000000000000000000000000000000000000000000000000000000000000000000000000000000000000","value":"0x0"},"result":null,"error":"point is not on curve","subtraces":0,"traceAddress":[],"type":"call"}],"stateDiff":{"0x0000000000000000000000000000000000000000":{"balance":{"*":{"from":"0x66863b","to":"0x3b8131906863b"}},"nonce":"=","code":"=","storage":{}},"0x7435ed30a8b4aeb0877cef0c6e8cffe834eb865f":{"balance":{"*":{"from":"0xc097ce7bc90715b34755ccb0391096","to":"0xc097ce7bc90715b3439c2010391096"}},"nonce":{"*":{"from":"0x85","to":"0x86"}},"code":"=","storage":{}}},"vmTrace":null}}
response differs from expected (-- client, ++ test):
{
  "id": 1,
  "jsonrpc": "2.0",
  "result": {
    ++ "capture_only": true,
    -- "output": "0x",
    -- "stateDiff": {
      -- "0x0000000000000000000000000000000000000000": {
        -- "balance": {
          -- "*": {
            -- "from": "0x66863b",
            -- "to": "0x3b8131906863b"
          -- }
        -- },
        -- "code": "=",
        -- "nonce": "=",
        -- "storage": {}
      -- },
      -- "0x7435ed30a8b4aeb0877cef0c6e8cffe834eb865f": {
        -- "balance": {
          -- "*": {
            -- "from": "0xc097ce7bc90715b34755ccb0391096",
            -- "to": "0xc097ce7bc90715b3439c2010391096"
          -- }
        -- },
        -- "code": "=",
        -- "nonce": {
          -- "*": {
            -- "from": "0x85",
            -- "to": "0x86"
          -- }
        -- },
        -- "storage": {}
      -- }
    -- },
    -- "trace": [
      -- {
        -- "action": {
          -- "callType": "call",
          -- "from": "0x7435ed30a8b4aeb0877cef0c6e8cffe834eb865f",
          -- "gas": "0xfabec",
          -- "input": "0x000000000000000000000000000000000000000000000000000000000000002a000000000000000000000000000000000000000000000000000000000000000000000000000000000000000000000000000000000000000000000000000000000000000000000000000000000000000000000000000000000000000000000000",
          -- "to": "0x0000000000000000000000000000000000000006",
          -- "value": "0x0"
        -- },
        -- "error": "point is not on curve",
        -- "result": null,
        -- "subtraces": 0,
        -- "traceAddress": [],
        -- "type": "call"
      -- }
    -- ],
    -- "vmTrace": null
  }
}


-- interop/root-success (go-ethereum_trace)
>>  {"jsonrpc": "2.0", "id": 1, "method": "trace_call", "params": [{"from": "0x7435ed30a8b4aeb0877cef0c6e8cffe834eb865f", "to": "0x0000000000000000000000000000000000000006", "gas": "0x100000", "gasPrice": "0x3b9aca00", "data": "0x0000000000000000000000000000000000000000000000000000000000000000000000000000000000000000000000000000000000000000000000000000000000000000000000000000000000000000000000000000000000000000000000000000000000000000000000000000000000000000000000000000000000000000"}, ["trace", "stateDiff", "vmTrace"], "latest"]}
<<  {"jsonrpc":"2.0","id":1,"result":{"output":"0x00000000000000000000000000000000000000000000000000000000000000000000000000000000000000000000000000000000000000000000000000000000","trace":[{"action":{"callType":"call","from":"0x7435ed30a8b4aeb0877cef0c6e8cffe834eb865f","to":"0x0000000000000000000000000000000000000006","gas":"0xfabf8","input":"0x0000000000000000000000000000000000000000000000000000000000000000000000000000000000000000000000000000000000000000000000000000000000000000000000000000000000000000000000000000000000000000000000000000000000000000000000000000000000000000000000000000000000000000","value":"0x0"},"result":{"gasUsed":"0x96","output":"0x00000000000000000000000000000000000000000000000000000000000000000000000000000000000000000000000000000000000000000000000000000000"},"subtraces":0,"traceAddress":[],"type":"call"}],"stateDiff":{"0x0000000000000000000000000000000000000000":{"balance":{"*":{"from":"0x66863b","to":"0x143ac445f88b"}},"nonce":"=","code":"=","storage":{}},"0x7435ed30a8b4aeb0877cef0c6e8cffe834eb865f":{"balance":{"*":{"from":"0xc097ce7bc90715b34755ccb0391096","to":"0xc097ce7bc90715b347418938bcc096"}},"nonce":{"*":{"from":"0x85","to":"0x86"}},"code":"=","storage":{}}},"vmTrace":null}}
response differs from expected (-- client, ++ test):
{
  "id": 1,
  "jsonrpc": "2.0",
  "result": {
    ++ "capture_only": true,
    -- "output": "0x00000000000000000000000000000000000000000000000000000000000000000000000000000000000000000000000000000000000000000000000000000000",
    -- "stateDiff": {
      -- "0x0000000000000000000000000000000000000000": {
        -- "balance": {
          -- "*": {
            -- "from": "0x66863b",
            -- "to": "0x143ac445f88b"
          -- }
        -- },
        -- "code": "=",
        -- "nonce": "=",
        -- "storage": {}
      -- },
      -- "0x7435ed30a8b4aeb0877cef0c6e8cffe834eb865f": {
        -- "balance": {
          -- "*": {
            -- "from": "0xc097ce7bc90715b34755ccb0391096",
            -- "to": "0xc097ce7bc90715b347418938bcc096"
          -- }
        -- },
        -- "code": "=",
        -- "nonce": {
          -- "*": {
            -- "from": "0x85",
            -- "to": "0x86"
          -- }
        -- },
        -- "storage": {}
      -- }
    -- },
    -- "trace": [
      -- {
        -- "action": {
          -- "callType": "call",
          -- "from": "0x7435ed30a8b4aeb0877cef0c6e8cffe834eb865f",
          -- "gas": "0xfabf8",
          -- "input": "0x0000000000000000000000000000000000000000000000000000000000000000000000000000000000000000000000000000000000000000000000000000000000000000000000000000000000000000000000000000000000000000000000000000000000000000000000000000000000000000000000000000000000000000",
          -- "to": "0x0000000000000000000000000000000000000006",
          -- "value": "0x0"
        -- },
        -- "result": {
          -- "gasUsed": "0x96",
          -- "output": "0x00000000000000000000000000000000000000000000000000000000000000000000000000000000000000000000000000000000000000000000000000000000"
        -- },
        -- "subtraces": 0,
        -- "traceAddress": [],
        -- "type": "call"
      -- }
    -- ],
    -- "vmTrace": null
  }
}


-- client launch (go-ethereum_trace)
sending engine_forkchoiceUpdatedV3: [map[finalizedBlockHash:0x9901db3a31e7004c45911fca4480b7dce86a4baeab819eb4959d7316f687d54c headBlockHash:0xf0b1510b2a9c8d4c4bd1ff2c578ddbffc04741aa06b3cc8680a343741ef15e84 safeBlockHash:0xf0b1510b2a9c8d4c4bd1ff2c578ddbffc04741aa06b3cc8680a343741ef15e84] <nil>]
response: map[payloadId:<nil> payloadStatus:map[latestValidHash:0xf0b1510b2a9c8d4c4bd1ff2c578ddbffc04741aa06b3cc8680a343741ef15e84 status:VALID validationError:<nil>]]


