Sep 21 20:53:38.144 INF building image image=hive/hiveproxy nocache=false pull=false
Sep 21 20:53:38.271 INF building 8 clients...
Sep 21 20:53:38.271 INF building image image=hive/clients/besu_development:latest dir=clients/besu nocache=false pull=false baseimage=trace-interop/besu tag=a85249905183f65c98c9e8c282955e40487c4ff8af8db8b8e306d58292231744
Sep 21 20:53:38.450 INF building image image=hive/clients/besu_release:latest dir=clients/besu nocache=false pull=false baseimage=trace-interop/besu tag=f3713c713ca4f9e89c09e1478d2a85116ba9ce8343129d709420ba2af009598b
Sep 21 20:53:38.612 INF building image image=hive/clients/erigon_development:latest dir=clients/erigon nocache=false pull=false baseimage=trace-interop/erigon tag=8269576669f1b4a55572ee7d1a7e4489244cd57bb545293391d1ebd5e0fac002
Sep 21 20:53:38.780 INF building image image=hive/clients/erigon_release:latest dir=clients/erigon nocache=false pull=false baseimage=trace-interop/erigon tag=8668d9c5adc01ad1d12aa25380e384079080bdde7e0ce93f11bed422d82ca0ac
Sep 21 20:54:33.850 INF building image image=hive/clients/nethermind_development:latest dir=clients/nethermind nocache=false pull=false baseimage=trace-interop/nethermind tag=e68f6cd253c312443b306b7e1e61381a38fd174dd16fe7e9bc55487245718182
Sep 21 20:54:33.987 INF building image image=hive/clients/nethermind_release:latest dir=clients/nethermind nocache=false pull=false baseimage=trace-interop/nethermind tag=a5098d75bfa8d4da1992ba8404b357fde6d53241315396e26b88e16e5f67bb59
Sep 21 20:54:34.134 INF building image image=hive/clients/reth_development:latest dir=clients/reth nocache=false pull=false baseimage=trace-interop/reth tag=1d6a97ef686d7c6099c5426c77334ca5891ce5d362fe5f3049ac2ea0df76de86
Sep 21 20:54:34.251 INF building image image=hive/clients/reth_release:latest dir=clients/reth nocache=false pull=false baseimage=trace-interop/reth tag=e939dc4a471d9d27224e430f607a954d692ca5037a1350ee2036397d14532ca7
Sep 21 20:54:34.369 INF building 1 simulators...
Sep 21 20:54:34.369 INF building image image=hive/simulators/ethereum/rpc-compat:latest dir=simulators/ethereum/rpc-compat nocache=false pull=false
Sep 21 20:54:34.442 INF creating output directory folder=/home/banteg/dev/trace-interop/runs/verified-a/hive
Sep 21 20:54:34.451 INF running simulation: ethereum/rpc-compat
Sep 21 20:54:34.740 INF hiveproxy started container=aca7232c1184 addr=172.17.0.2:8081
Sep 21 20:54:35.075 INF API: suite started suite=0 name=rpc-compat
Sep 21 20:54:35.077 INF API: test started suite=0 test=1 name="client launch (besu_development)"
Sep 21 20:54:44.199 INF API: client besu_development started suite=0 test=1 container=53159f7c
Sep 21 20:54:44.430 INF API: test started suite=0 test=2 name="interop/_control/head (besu_development)"
Sep 21 20:54:44.483 INF API: test ended suite=0 test=2 pass=false
Sep 21 20:54:44.485 INF API: test started suite=0 test=3 name="interop/_control/version (besu_development)"
Sep 21 20:54:44.502 INF API: test ended suite=0 test=3 pass=false
Sep 21 20:54:44.503 INF API: test started suite=0 test=4 name="interop/auth-clear (besu_development)"
Sep 21 20:54:44.563 INF API: test ended suite=0 test=4 pass=false
Sep 21 20:54:44.564 INF API: test started suite=0 test=5 name="interop/auth-replace (besu_development)"
Sep 21 20:54:44.593 INF API: test ended suite=0 test=5 pass=false
Sep 21 20:54:44.594 INF API: test started suite=0 test=6 name="interop/auth-set-revert (besu_development)"
Sep 21 20:54:44.604 INF API: test ended suite=0 test=6 pass=false
Sep 21 20:54:44.605 INF API: test started suite=0 test=7 name="interop/auth-set (besu_development)"
Sep 21 20:54:44.617 INF API: test ended suite=0 test=7 pass=false
Sep 21 20:54:44.618 INF API: test started suite=0 test=8 name="interop/block-2 (besu_development)"
Sep 21 20:54:44.700 INF API: test ended suite=0 test=8 pass=false
Sep 21 20:54:44.701 INF API: test started suite=0 test=9 name="interop/block-3 (besu_development)"
Sep 21 20:54:44.723 INF API: test ended suite=0 test=9 pass=false
Sep 21 20:54:44.723 INF API: test started suite=0 test=10 name="interop/call-destroy (besu_development)"
Sep 21 20:54:44.775 INF API: test ended suite=0 test=10 pass=false
Sep 21 20:54:44.776 INF API: test started suite=0 test=11 name="interop/call-gas7400 (besu_development)"
Sep 21 20:54:44.803 INF API: test ended suite=0 test=11 pass=false
Sep 21 20:54:44.804 INF API: test started suite=0 test=12 name="interop/call-mcopy (besu_development)"
Sep 21 20:54:44.813 INF API: test ended suite=0 test=12 pass=false
Sep 21 20:54:44.814 INF API: test started suite=0 test=13 name="interop/call-mixed-create (besu_development)"
Sep 21 20:54:44.827 INF API: test ended suite=0 test=13 pass=false
Sep 21 20:54:44.828 INF API: test started suite=0 test=14 name="interop/call-null-mode (besu_development)"
Sep 21 20:54:44.841 INF API: test ended suite=0 test=14 pass=false
Sep 21 20:54:44.842 INF API: test started suite=0 test=15 name="interop/call-return42 (besu_development)"
Sep 21 20:54:44.849 INF API: test ended suite=0 test=15 pass=false
Sep 21 20:54:44.850 INF API: test started suite=0 test=16 name="interop/call-scalar-mode (besu_development)"
Sep 21 20:54:44.864 INF API: test ended suite=0 test=16 pass=false
Sep 21 20:54:44.866 INF API: test started suite=0 test=17 name="interop/call-siblings-ok-revert (besu_development)"
Sep 21 20:54:44.876 INF API: test ended suite=0 test=17 pass=false
Sep 21 20:54:44.877 INF API: test started suite=0 test=18 name="interop/call-siblings-revert-ok (besu_development)"
Sep 21 20:54:44.885 INF API: test ended suite=0 test=18 pass=false
Sep 21 20:54:44.887 INF API: test started suite=0 test=19 name="interop/call-unknown-field (besu_development)"
Sep 21 20:54:44.893 INF API: test ended suite=0 test=19 pass=false
Sep 21 20:54:44.894 INF API: test started suite=0 test=20 name="interop/call-unknown-mode (besu_development)"
Sep 21 20:54:44.899 INF API: test ended suite=0 test=20 pass=false
Sep 21 20:54:44.900 INF API: test started suite=0 test=21 name="interop/call-wrong-type (besu_development)"
Sep 21 20:54:44.905 INF API: test ended suite=0 test=21 pass=false
Sep 21 20:54:44.906 INF API: test started suite=0 test=22 name="interop/control-chain (besu_development)"
Sep 21 20:54:44.911 INF API: test ended suite=0 test=22 pass=false
Sep 21 20:54:44.911 INF API: test started suite=0 test=23 name="interop/control-code-delegated (besu_development)"
Sep 21 20:54:44.920 INF API: test ended suite=0 test=23 pass=false
Sep 21 20:54:44.921 INF API: test started suite=0 test=24 name="interop/control-code-destroy (besu_development)"
Sep 21 20:54:44.925 INF API: test ended suite=0 test=24 pass=false
Sep 21 20:54:44.925 INF API: test started suite=0 test=25 name="interop/control-code-gas7400 (besu_development)"
Sep 21 20:54:44.928 INF API: test ended suite=0 test=25 pass=false
Sep 21 20:54:44.929 INF API: test started suite=0 test=26 name="interop/control-code-mcopy (besu_development)"
Sep 21 20:54:44.932 INF API: test ended suite=0 test=26 pass=false
Sep 21 20:54:44.933 INF API: test started suite=0 test=27 name="interop/control-code-mixed-create (besu_development)"
Sep 21 20:54:44.936 INF API: test ended suite=0 test=27 pass=false
Sep 21 20:54:44.937 INF API: test started suite=0 test=28 name="interop/control-code-prefunded-empty (besu_development)"
Sep 21 20:54:44.941 INF API: test ended suite=0 test=28 pass=false
Sep 21 20:54:44.941 INF API: test started suite=0 test=29 name="interop/control-code-return42 (besu_development)"
Sep 21 20:54:44.945 INF API: test ended suite=0 test=29 pass=false
Sep 21 20:54:44.945 INF API: test started suite=0 test=30 name="interop/control-code-revert (besu_development)"
Sep 21 20:54:44.948 INF API: test ended suite=0 test=30 pass=false
Sep 21 20:54:44.949 INF API: test started suite=0 test=31 name="interop/control-code-siblings-ok-revert (besu_development)"
Sep 21 20:54:44.952 INF API: test ended suite=0 test=31 pass=false
Sep 21 20:54:44.953 INF API: test started suite=0 test=32 name="interop/control-code-siblings-revert-ok (besu_development)"
Sep 21 20:54:44.957 INF API: test ended suite=0 test=32 pass=false
Sep 21 20:54:44.958 INF API: test started suite=0 test=33 name="interop/control-code-storage (besu_development)"
Sep 21 20:54:44.961 INF API: test ended suite=0 test=33 pass=false
Sep 21 20:54:44.962 INF API: test started suite=0 test=34 name="interop/control-code-undelegated (besu_development)"
Sep 21 20:54:44.965 INF API: test ended suite=0 test=34 pass=false
Sep 21 20:54:44.966 INF API: test started suite=0 test=35 name="interop/control-head (besu_development)"
Sep 21 20:54:44.970 INF API: test ended suite=0 test=35 pass=false
Sep 21 20:54:44.971 INF API: test started suite=0 test=36 name="interop/control-height (besu_development)"
Sep 21 20:54:44.975 INF API: test ended suite=0 test=36 pass=false
Sep 21 20:54:44.975 INF API: test started suite=0 test=37 name="interop/control-nonce (besu_development)"
Sep 21 20:54:44.980 INF API: test ended suite=0 test=37 pass=false
Sep 21 20:54:44.981 INF API: test started suite=0 test=38 name="interop/control-storage-after-many (besu_development)"
Sep 21 20:54:44.987 INF API: test ended suite=0 test=38 pass=false
Sep 21 20:54:44.988 INF API: test started suite=0 test=39 name="interop/control-version (besu_development)"
Sep 21 20:54:44.991 INF API: test ended suite=0 test=39 pass=false
Sep 21 20:54:44.992 INF API: test started suite=0 test=40 name="interop/debug-destroy (besu_development)"
Sep 21 20:54:45.015 INF API: test ended suite=0 test=40 pass=false
Sep 21 20:54:45.016 INF API: test started suite=0 test=41 name="interop/debug-gas7400-opcodes (besu_development)"
Sep 21 20:54:45.043 INF API: test ended suite=0 test=41 pass=false
Sep 21 20:54:45.044 INF API: test started suite=0 test=42 name="interop/debug-gas7400 (besu_development)"
Sep 21 20:54:45.051 INF API: test ended suite=0 test=42 pass=false
Sep 21 20:54:45.053 INF API: test started suite=0 test=43 name="interop/debug-mcopy (besu_development)"
Sep 21 20:54:45.059 INF API: test ended suite=0 test=43 pass=false
Sep 21 20:54:45.061 INF API: test started suite=0 test=44 name="interop/debug-mixed-create (besu_development)"
Sep 21 20:54:45.068 INF API: test ended suite=0 test=44 pass=false
Sep 21 20:54:45.069 INF API: test started suite=0 test=45 name="interop/debug-return42 (besu_development)"
Sep 21 20:54:45.076 INF API: test ended suite=0 test=45 pass=false
Sep 21 20:54:45.077 INF API: test started suite=0 test=46 name="interop/debug-siblings-ok-revert (besu_development)"
Sep 21 20:54:45.084 INF API: test ended suite=0 test=46 pass=false
Sep 21 20:54:45.085 INF API: test started suite=0 test=47 name="interop/debug-siblings-revert-ok (besu_development)"
Sep 21 20:54:45.091 INF API: test ended suite=0 test=47 pass=false
Sep 21 20:54:45.092 INF API: test started suite=0 test=48 name="interop/empty-types (besu_development)"
Sep 21 20:54:45.099 INF API: test ended suite=0 test=48 pass=false
Sep 21 20:54:45.100 INF API: test started suite=0 test=49 name="interop/filter-all (besu_development)"
Sep 21 20:54:45.123 INF API: test ended suite=0 test=49 pass=false
Sep 21 20:54:45.124 INF API: test started suite=0 test=50 name="interop/filter-both-null (besu_development)"
Sep 21 20:54:45.139 INF API: test ended suite=0 test=50 pass=false
Sep 21 20:54:45.140 INF API: test started suite=0 test=51 name="interop/filter-both-unknown-mode (besu_development)"
Sep 21 20:54:45.146 INF API: test ended suite=0 test=51 pass=false
Sep 21 20:54:45.147 INF API: test started suite=0 test=52 name="interop/filter-created-to (besu_development)"
Sep 21 20:54:45.158 INF API: test ended suite=0 test=52 pass=false
Sep 21 20:54:45.159 INF API: test started suite=0 test=53 name="interop/filter-creator-from (besu_development)"
Sep 21 20:54:45.168 INF API: test ended suite=0 test=53 pass=false
Sep 21 20:54:45.169 INF API: test started suite=0 test=54 name="interop/filter-from-empty-to-set (besu_development)"
Sep 21 20:54:45.178 INF API: test ended suite=0 test=54 pass=false
Sep 21 20:54:45.179 INF API: test started suite=0 test=55 name="interop/filter-from-null (besu_development)"
Sep 21 20:54:45.188 INF API: test ended suite=0 test=55 pass=false
Sep 21 20:54:45.189 INF API: test started suite=0 test=56 name="interop/filter-from-only-intersection (besu_development)"
Sep 21 20:54:45.194 INF API: test ended suite=0 test=56 pass=false
Sep 21 20:54:45.195 INF API: test started suite=0 test=57 name="interop/filter-negative-count (besu_development)"
Sep 21 20:54:47.208 INF API: test ended suite=0 test=57 pass=false
Sep 21 20:54:47.209 INF API: test started suite=0 test=58 name="interop/filter-page-0 (besu_development)"
Sep 21 20:54:47.224 INF API: test ended suite=0 test=58 pass=false
Sep 21 20:54:47.225 INF API: test started suite=0 test=59 name="interop/filter-page-1 (besu_development)"
Sep 21 20:54:47.238 INF API: test ended suite=0 test=59 pass=false
Sep 21 20:54:47.239 INF API: test started suite=0 test=60 name="interop/filter-page-2 (besu_development)"
Sep 21 20:54:47.249 INF API: test ended suite=0 test=60 pass=false
Sep 21 20:54:47.250 INF API: test started suite=0 test=61 name="interop/filter-past-end-page (besu_development)"
Sep 21 20:54:47.260 INF API: test ended suite=0 test=61 pass=false
Sep 21 20:54:47.261 INF API: test started suite=0 test=62 name="interop/filter-snapshot (besu_development)"
Sep 21 20:54:47.272 INF API: test ended suite=0 test=62 pass=false
Sep 21 20:54:47.273 INF API: test started suite=0 test=63 name="interop/filter-suicide-beneficiary (besu_development)"
Sep 21 20:54:47.282 INF API: test ended suite=0 test=63 pass=false
Sep 21 20:54:47.283 INF API: test started suite=0 test=64 name="interop/filter-suicide-from (besu_development)"
Sep 21 20:54:47.295 INF API: test ended suite=0 test=64 pass=false
Sep 21 20:54:47.296 INF API: test started suite=0 test=65 name="interop/filter-to-empty-from-set (besu_development)"
Sep 21 20:54:47.305 INF API: test ended suite=0 test=65 pass=false
Sep 21 20:54:47.306 INF API: test started suite=0 test=66 name="interop/filter-to-null (besu_development)"
Sep 21 20:54:47.319 INF API: test ended suite=0 test=66 pass=false
Sep 21 20:54:47.320 INF API: test started suite=0 test=67 name="interop/filter-to-only-intersection (besu_development)"
Sep 21 20:54:47.324 INF API: test ended suite=0 test=67 pass=false
Sep 21 20:54:47.325 INF API: test started suite=0 test=68 name="interop/filter-two-blocks (besu_development)"
Sep 21 20:54:47.338 INF API: test ended suite=0 test=68 pass=false
Sep 21 20:54:47.339 INF API: test started suite=0 test=69 name="interop/filter-unknown-field (besu_development)"
Sep 21 20:54:47.344 INF API: test ended suite=0 test=69 pass=false
Sep 21 20:54:47.344 INF API: test started suite=0 test=70 name="interop/filter-wrong-address-type (besu_development)"
Sep 21 20:54:47.356 INF API: test ended suite=0 test=70 pass=false
Sep 21 20:54:47.358 INF API: test started suite=0 test=71 name="interop/get-integer-path (besu_development)"
Sep 21 20:54:47.361 INF API: test ended suite=0 test=71 pass=false
Sep 21 20:54:47.362 INF API: test started suite=0 test=72 name="interop/get-nested-parent (besu_development)"
Sep 21 20:54:47.375 INF API: test ended suite=0 test=72 pass=false
Sep 21 20:54:47.376 INF API: test started suite=0 test=73 name="interop/get-nested-positive (besu_development)"
Sep 21 20:54:47.384 INF API: test ended suite=0 test=73 pass=false
Sep 21 20:54:47.385 INF API: test started suite=0 test=74 name="interop/get-path-wrong-type (besu_development)"
Sep 21 20:54:47.388 INF API: test ended suite=0 test=74 pass=false
Sep 21 20:54:47.389 INF API: test started suite=0 test=75 name="interop/many-storage-write-read (besu_development)"
Sep 21 20:54:47.405 INF API: test ended suite=0 test=75 pass=false
Sep 21 20:54:47.406 INF API: test started suite=0 test=76 name="interop/many-storage-write-revert-read (besu_development)"
Sep 21 20:54:47.415 INF API: test ended suite=0 test=76 pass=false
Sep 21 20:54:47.416 INF API: test started suite=0 test=77 name="interop/missing-block-block (besu_development)"
Sep 21 20:54:47.419 INF API: test ended suite=0 test=77 pass=false
Sep 21 20:54:47.419 INF API: test started suite=0 test=78 name="interop/missing-block-call (besu_development)"
Sep 21 20:54:47.422 INF API: test ended suite=0 test=78 pass=false
Sep 21 20:54:47.423 INF API: test started suite=0 test=79 name="interop/missing-block-filter (besu_development)"
Sep 21 20:54:47.427 INF API: test ended suite=0 test=79 pass=false
Sep 21 20:54:47.427 INF API: test started suite=0 test=80 name="interop/prefunded-empty (besu_development)"
Sep 21 20:54:47.432 INF API: test ended suite=0 test=80 pass=false
Sep 21 20:54:47.433 INF API: test started suite=0 test=81 name="interop/raw-below-basefee (besu_development)"
Sep 21 20:54:47.437 INF API: test ended suite=0 test=81 pass=false
Sep 21 20:54:47.438 INF API: test started suite=0 test=82 name="interop/raw-insufficient-funds (besu_development)"
Sep 21 20:54:47.442 INF API: test ended suite=0 test=82 pass=false
Sep 21 20:54:47.443 INF API: test started suite=0 test=83 name="interop/raw-low-gas (besu_development)"
Sep 21 20:54:47.448 INF API: test ended suite=0 test=83 pass=false
Sep 21 20:54:47.449 INF API: test started suite=0 test=84 name="interop/raw-nonce-high (besu_development)"
Sep 21 20:54:47.453 INF API: test ended suite=0 test=84 pass=false
Sep 21 20:54:47.454 INF API: test started suite=0 test=85 name="interop/raw-valid (besu_development)"
Sep 21 20:54:47.459 INF API: test ended suite=0 test=85 pass=false
Sep 21 20:54:47.460 INF API: test started suite=0 test=86 name="interop/raw-wrong-chain (besu_development)"
Sep 21 20:54:47.465 INF API: test ended suite=0 test=86 pass=false
Sep 21 20:54:47.466 INF API: test started suite=0 test=87 name="interop/state-only-nonempty-output (besu_development)"
Sep 21 20:54:47.471 INF API: test ended suite=0 test=87 pass=false
Sep 21 20:54:47.472 INF API: test started suite=0 test=88 name="interop/transaction-tree (besu_development)"
Sep 21 20:54:47.482 INF API: test ended suite=0 test=88 pass=false
Sep 21 20:54:47.483 INF API: test started suite=0 test=89 name="interop/vm-only-nonempty-output (besu_development)"
Sep 21 20:54:47.489 INF API: test ended suite=0 test=89 pass=false
Sep 21 20:54:47.853 INF API: test ended suite=0 test=1 pass=true
Sep 21 20:54:47.854 INF API: test started suite=0 test=90 name="client launch (besu_release)"
Sep 21 20:54:57.470 INF API: client besu_release started suite=0 test=90 container=2eb099e9
Sep 21 20:54:57.762 INF API: test ended suite=0 test=90 pass=false
Sep 21 20:54:57.763 INF API: test started suite=0 test=91 name="client launch (erigon_development)"
Sep 21 20:54:59.193 INF API: client erigon_development started suite=0 test=91 container=751f3810
Sep 21 20:54:59.208 INF API: test started suite=0 test=92 name="interop/_control/head (erigon_development)"
Sep 21 20:54:59.211 INF API: test ended suite=0 test=92 pass=false
Sep 21 20:54:59.212 INF API: test started suite=0 test=93 name="interop/_control/version (erigon_development)"
Sep 21 20:54:59.213 INF API: test ended suite=0 test=93 pass=false
Sep 21 20:54:59.213 INF API: test started suite=0 test=94 name="interop/auth-clear (erigon_development)"
Sep 21 20:54:59.215 INF API: test ended suite=0 test=94 pass=false
Sep 21 20:54:59.216 INF API: test started suite=0 test=95 name="interop/auth-replace (erigon_development)"
Sep 21 20:54:59.218 INF API: test ended suite=0 test=95 pass=false
Sep 21 20:54:59.219 INF API: test started suite=0 test=96 name="interop/auth-set-revert (erigon_development)"
Sep 21 20:54:59.221 INF API: test ended suite=0 test=96 pass=false
Sep 21 20:54:59.222 INF API: test started suite=0 test=97 name="interop/auth-set (erigon_development)"
Sep 21 20:54:59.224 INF API: test ended suite=0 test=97 pass=false
Sep 21 20:54:59.225 INF API: test started suite=0 test=98 name="interop/block-2 (erigon_development)"
Sep 21 20:54:59.228 INF API: test ended suite=0 test=98 pass=false
Sep 21 20:54:59.228 INF API: test started suite=0 test=99 name="interop/block-3 (erigon_development)"
Sep 21 20:54:59.230 INF API: test ended suite=0 test=99 pass=false
Sep 21 20:54:59.231 INF API: test started suite=0 test=100 name="interop/call-destroy (erigon_development)"
Sep 21 20:54:59.233 INF API: test ended suite=0 test=100 pass=false
Sep 21 20:54:59.234 INF API: test started suite=0 test=101 name="interop/call-gas7400 (erigon_development)"
Sep 21 20:54:59.240 INF API: test ended suite=0 test=101 pass=false
Sep 21 20:54:59.241 INF API: test started suite=0 test=102 name="interop/call-mcopy (erigon_development)"
Sep 21 20:54:59.243 INF API: test ended suite=0 test=102 pass=false
Sep 21 20:54:59.243 INF API: test started suite=0 test=103 name="interop/call-mixed-create (erigon_development)"
Sep 21 20:54:59.246 INF API: test ended suite=0 test=103 pass=false
Sep 21 20:54:59.247 INF API: test started suite=0 test=104 name="interop/call-null-mode (erigon_development)"
Sep 21 20:54:59.248 INF API: test ended suite=0 test=104 pass=false
Sep 21 20:54:59.249 INF API: test started suite=0 test=105 name="interop/call-return42 (erigon_development)"
Sep 21 20:54:59.251 INF API: test ended suite=0 test=105 pass=false
Sep 21 20:54:59.251 INF API: test started suite=0 test=106 name="interop/call-scalar-mode (erigon_development)"
Sep 21 20:54:59.252 INF API: test ended suite=0 test=106 pass=false
Sep 21 20:54:59.253 INF API: test started suite=0 test=107 name="interop/call-siblings-ok-revert (erigon_development)"
Sep 21 20:54:59.255 INF API: test ended suite=0 test=107 pass=false
Sep 21 20:54:59.256 INF API: test started suite=0 test=108 name="interop/call-siblings-revert-ok (erigon_development)"
Sep 21 20:54:59.258 INF API: test ended suite=0 test=108 pass=false
Sep 21 20:54:59.259 INF API: test started suite=0 test=109 name="interop/call-unknown-field (erigon_development)"
Sep 21 20:54:59.260 INF API: test ended suite=0 test=109 pass=false
Sep 21 20:54:59.261 INF API: test started suite=0 test=110 name="interop/call-unknown-mode (erigon_development)"
Sep 21 20:54:59.262 INF API: test ended suite=0 test=110 pass=false
Sep 21 20:54:59.263 INF API: test started suite=0 test=111 name="interop/call-wrong-type (erigon_development)"
Sep 21 20:54:59.264 INF API: test ended suite=0 test=111 pass=false
Sep 21 20:54:59.265 INF API: test started suite=0 test=112 name="interop/control-chain (erigon_development)"
Sep 21 20:54:59.266 INF API: test ended suite=0 test=112 pass=false
Sep 21 20:54:59.267 INF API: test started suite=0 test=113 name="interop/control-code-delegated (erigon_development)"
Sep 21 20:54:59.268 INF API: test ended suite=0 test=113 pass=false
Sep 21 20:54:59.268 INF API: test started suite=0 test=114 name="interop/control-code-destroy (erigon_development)"
Sep 21 20:54:59.269 INF API: test ended suite=0 test=114 pass=false
Sep 21 20:54:59.270 INF API: test started suite=0 test=115 name="interop/control-code-gas7400 (erigon_development)"
Sep 21 20:54:59.271 INF API: test ended suite=0 test=115 pass=false
Sep 21 20:54:59.272 INF API: test started suite=0 test=116 name="interop/control-code-mcopy (erigon_development)"
Sep 21 20:54:59.273 INF API: test ended suite=0 test=116 pass=false
Sep 21 20:54:59.274 INF API: test started suite=0 test=117 name="interop/control-code-mixed-create (erigon_development)"
Sep 21 20:54:59.275 INF API: test ended suite=0 test=117 pass=false
Sep 21 20:54:59.275 INF API: test started suite=0 test=118 name="interop/control-code-prefunded-empty (erigon_development)"
Sep 21 20:54:59.276 INF API: test ended suite=0 test=118 pass=false
Sep 21 20:54:59.277 INF API: test started suite=0 test=119 name="interop/control-code-return42 (erigon_development)"
Sep 21 20:54:59.278 INF API: test ended suite=0 test=119 pass=false
Sep 21 20:54:59.279 INF API: test started suite=0 test=120 name="interop/control-code-revert (erigon_development)"
Sep 21 20:54:59.280 INF API: test ended suite=0 test=120 pass=false
Sep 21 20:54:59.281 INF API: test started suite=0 test=121 name="interop/control-code-siblings-ok-revert (erigon_development)"
Sep 21 20:54:59.282 INF API: test ended suite=0 test=121 pass=false
Sep 21 20:54:59.282 INF API: test started suite=0 test=122 name="interop/control-code-siblings-revert-ok (erigon_development)"
Sep 21 20:54:59.283 INF API: test ended suite=0 test=122 pass=false
Sep 21 20:54:59.284 INF API: test started suite=0 test=123 name="interop/control-code-storage (erigon_development)"
Sep 21 20:54:59.285 INF API: test ended suite=0 test=123 pass=false
Sep 21 20:54:59.286 INF API: test started suite=0 test=124 name="interop/control-code-undelegated (erigon_development)"
Sep 21 20:54:59.287 INF API: test ended suite=0 test=124 pass=false
Sep 21 20:54:59.288 INF API: test started suite=0 test=125 name="interop/control-head (erigon_development)"
Sep 21 20:54:59.289 INF API: test ended suite=0 test=125 pass=false
Sep 21 20:54:59.290 INF API: test started suite=0 test=126 name="interop/control-height (erigon_development)"
Sep 21 20:54:59.291 INF API: test ended suite=0 test=126 pass=false
Sep 21 20:54:59.292 INF API: test started suite=0 test=127 name="interop/control-nonce (erigon_development)"
Sep 21 20:54:59.292 INF API: test ended suite=0 test=127 pass=false
Sep 21 20:54:59.293 INF API: test started suite=0 test=128 name="interop/control-storage-after-many (erigon_development)"
Sep 21 20:54:59.294 INF API: test ended suite=0 test=128 pass=false
Sep 21 20:54:59.295 INF API: test started suite=0 test=129 name="interop/control-version (erigon_development)"
Sep 21 20:54:59.296 INF API: test ended suite=0 test=129 pass=false
Sep 21 20:54:59.297 INF API: test started suite=0 test=130 name="interop/debug-destroy (erigon_development)"
Sep 21 20:54:59.298 INF API: test ended suite=0 test=130 pass=false
Sep 21 20:54:59.299 INF API: test started suite=0 test=131 name="interop/debug-gas7400-opcodes (erigon_development)"
Sep 21 20:54:59.300 INF API: test ended suite=0 test=131 pass=false
Sep 21 20:54:59.301 INF API: test started suite=0 test=132 name="interop/debug-gas7400 (erigon_development)"
Sep 21 20:54:59.302 INF API: test ended suite=0 test=132 pass=false
Sep 21 20:54:59.303 INF API: test started suite=0 test=133 name="interop/debug-mcopy (erigon_development)"
Sep 21 20:54:59.304 INF API: test ended suite=0 test=133 pass=false
Sep 21 20:54:59.305 INF API: test started suite=0 test=134 name="interop/debug-mixed-create (erigon_development)"
Sep 21 20:54:59.306 INF API: test ended suite=0 test=134 pass=false
Sep 21 20:54:59.307 INF API: test started suite=0 test=135 name="interop/debug-return42 (erigon_development)"
Sep 21 20:54:59.308 INF API: test ended suite=0 test=135 pass=false
Sep 21 20:54:59.309 INF API: test started suite=0 test=136 name="interop/debug-siblings-ok-revert (erigon_development)"
Sep 21 20:54:59.310 INF API: test ended suite=0 test=136 pass=false
Sep 21 20:54:59.311 INF API: test started suite=0 test=137 name="interop/debug-siblings-revert-ok (erigon_development)"
Sep 21 20:54:59.312 INF API: test ended suite=0 test=137 pass=false
Sep 21 20:54:59.313 INF API: test started suite=0 test=138 name="interop/empty-types (erigon_development)"
Sep 21 20:54:59.314 INF API: test ended suite=0 test=138 pass=false
Sep 21 20:54:59.315 INF API: test started suite=0 test=139 name="interop/filter-all (erigon_development)"
Sep 21 20:54:59.320 INF API: test ended suite=0 test=139 pass=false
Sep 21 20:54:59.321 INF API: test started suite=0 test=140 name="interop/filter-both-null (erigon_development)"
Sep 21 20:54:59.325 INF API: test ended suite=0 test=140 pass=false
Sep 21 20:54:59.326 INF API: test started suite=0 test=141 name="interop/filter-both-unknown-mode (erigon_development)"
Sep 21 20:54:59.329 INF API: test ended suite=0 test=141 pass=false
Sep 21 20:54:59.330 INF API: test started suite=0 test=142 name="interop/filter-created-to (erigon_development)"
Sep 21 20:54:59.332 INF API: test ended suite=0 test=142 pass=false
Sep 21 20:54:59.333 INF API: test started suite=0 test=143 name="interop/filter-creator-from (erigon_development)"
Sep 21 20:54:59.334 INF API: test ended suite=0 test=143 pass=false
Sep 21 20:54:59.335 INF API: test started suite=0 test=144 name="interop/filter-from-empty-to-set (erigon_development)"
Sep 21 20:54:59.337 INF API: test ended suite=0 test=144 pass=false
Sep 21 20:54:59.338 INF API: test started suite=0 test=145 name="interop/filter-from-null (erigon_development)"
Sep 21 20:54:59.342 INF API: test ended suite=0 test=145 pass=false
Sep 21 20:54:59.342 INF API: test started suite=0 test=146 name="interop/filter-from-only-intersection (erigon_development)"
Sep 21 20:54:59.344 INF API: test ended suite=0 test=146 pass=false
Sep 21 20:54:59.344 INF API: test started suite=0 test=147 name="interop/filter-negative-count (erigon_development)"
Sep 21 20:54:59.345 INF API: test ended suite=0 test=147 pass=false
Sep 21 20:54:59.346 INF API: test started suite=0 test=148 name="interop/filter-page-0 (erigon_development)"
Sep 21 20:54:59.348 INF API: test ended suite=0 test=148 pass=false
Sep 21 20:54:59.349 INF API: test started suite=0 test=149 name="interop/filter-page-1 (erigon_development)"
Sep 21 20:54:59.351 INF API: test ended suite=0 test=149 pass=false
Sep 21 20:54:59.352 INF API: test started suite=0 test=150 name="interop/filter-page-2 (erigon_development)"
Sep 21 20:54:59.354 INF API: test ended suite=0 test=150 pass=false
Sep 21 20:54:59.355 INF API: test started suite=0 test=151 name="interop/filter-past-end-page (erigon_development)"
Sep 21 20:54:59.357 INF API: test ended suite=0 test=151 pass=false
Sep 21 20:54:59.358 INF API: test started suite=0 test=152 name="interop/filter-snapshot (erigon_development)"
Sep 21 20:54:59.361 INF API: test ended suite=0 test=152 pass=false
Sep 21 20:54:59.361 INF API: test started suite=0 test=153 name="interop/filter-suicide-beneficiary (erigon_development)"
Sep 21 20:54:59.363 INF API: test ended suite=0 test=153 pass=false
Sep 21 20:54:59.363 INF API: test started suite=0 test=154 name="interop/filter-suicide-from (erigon_development)"
Sep 21 20:54:59.364 INF API: test ended suite=0 test=154 pass=false
Sep 21 20:54:59.365 INF API: test started suite=0 test=155 name="interop/filter-to-empty-from-set (erigon_development)"
Sep 21 20:54:59.367 INF API: test ended suite=0 test=155 pass=false
Sep 21 20:54:59.368 INF API: test started suite=0 test=156 name="interop/filter-to-null (erigon_development)"
Sep 21 20:54:59.370 INF API: test ended suite=0 test=156 pass=false
Sep 21 20:54:59.371 INF API: test started suite=0 test=157 name="interop/filter-to-only-intersection (erigon_development)"
Sep 21 20:54:59.372 INF API: test ended suite=0 test=157 pass=false
Sep 21 20:54:59.373 INF API: test started suite=0 test=158 name="interop/filter-two-blocks (erigon_development)"
Sep 21 20:54:59.378 INF API: test ended suite=0 test=158 pass=false
Sep 21 20:54:59.379 INF API: test started suite=0 test=159 name="interop/filter-unknown-field (erigon_development)"
Sep 21 20:54:59.382 INF API: test ended suite=0 test=159 pass=false
Sep 21 20:54:59.383 INF API: test started suite=0 test=160 name="interop/filter-wrong-address-type (erigon_development)"
Sep 21 20:54:59.384 INF API: test ended suite=0 test=160 pass=false
Sep 21 20:54:59.385 INF API: test started suite=0 test=161 name="interop/get-integer-path (erigon_development)"
Sep 21 20:54:59.386 INF API: test ended suite=0 test=161 pass=false
Sep 21 20:54:59.387 INF API: test started suite=0 test=162 name="interop/get-nested-parent (erigon_development)"
Sep 21 20:54:59.389 INF API: test ended suite=0 test=162 pass=false
Sep 21 20:54:59.389 INF API: test started suite=0 test=163 name="interop/get-nested-positive (erigon_development)"
Sep 21 20:54:59.391 INF API: test ended suite=0 test=163 pass=false
Sep 21 20:54:59.392 INF API: test started suite=0 test=164 name="interop/get-path-wrong-type (erigon_development)"
Sep 21 20:54:59.393 INF API: test ended suite=0 test=164 pass=false
Sep 21 20:54:59.393 INF API: test started suite=0 test=165 name="interop/many-storage-write-read (erigon_development)"
Sep 21 20:54:59.395 INF API: test ended suite=0 test=165 pass=false
Sep 21 20:54:59.396 INF API: test started suite=0 test=166 name="interop/many-storage-write-revert-read (erigon_development)"
Sep 21 20:54:59.398 INF API: test ended suite=0 test=166 pass=false
Sep 21 20:54:59.399 INF API: test started suite=0 test=167 name="interop/missing-block-block (erigon_development)"
Sep 21 20:54:59.400 INF API: test ended suite=0 test=167 pass=false
Sep 21 20:54:59.400 INF API: test started suite=0 test=168 name="interop/missing-block-call (erigon_development)"
Sep 21 20:54:59.401 INF API: test ended suite=0 test=168 pass=false
Sep 21 20:54:59.402 INF API: test started suite=0 test=169 name="interop/missing-block-filter (erigon_development)"
Sep 21 20:54:59.403 INF API: test ended suite=0 test=169 pass=false
Sep 21 20:54:59.404 INF API: test started suite=0 test=170 name="interop/prefunded-empty (erigon_development)"
Sep 21 20:54:59.405 INF API: test ended suite=0 test=170 pass=false
Sep 21 20:54:59.406 INF API: test started suite=0 test=171 name="interop/raw-below-basefee (erigon_development)"
Sep 21 20:54:59.407 INF API: test ended suite=0 test=171 pass=false
Sep 21 20:54:59.408 INF API: test started suite=0 test=172 name="interop/raw-insufficient-funds (erigon_development)"
Sep 21 20:54:59.410 INF API: test ended suite=0 test=172 pass=false
Sep 21 20:54:59.411 INF API: test started suite=0 test=173 name="interop/raw-low-gas (erigon_development)"
Sep 21 20:54:59.412 INF API: test ended suite=0 test=173 pass=false
Sep 21 20:54:59.412 INF API: test started suite=0 test=174 name="interop/raw-nonce-high (erigon_development)"
Sep 21 20:54:59.413 INF API: test ended suite=0 test=174 pass=false
Sep 21 20:54:59.414 INF API: test started suite=0 test=175 name="interop/raw-valid (erigon_development)"
Sep 21 20:54:59.416 INF API: test ended suite=0 test=175 pass=false
Sep 21 20:54:59.416 INF API: test started suite=0 test=176 name="interop/raw-wrong-chain (erigon_development)"
Sep 21 20:54:59.417 INF API: test ended suite=0 test=176 pass=false
Sep 21 20:54:59.418 INF API: test started suite=0 test=177 name="interop/state-only-nonempty-output (erigon_development)"
Sep 21 20:54:59.419 INF API: test ended suite=0 test=177 pass=false
Sep 21 20:54:59.420 INF API: test started suite=0 test=178 name="interop/transaction-tree (erigon_development)"
Sep 21 20:54:59.422 INF API: test ended suite=0 test=178 pass=false
Sep 21 20:54:59.422 INF API: test started suite=0 test=179 name="interop/vm-only-nonempty-output (erigon_development)"
Sep 21 20:54:59.424 INF API: test ended suite=0 test=179 pass=false
Sep 21 20:54:59.907 INF API: test ended suite=0 test=91 pass=true
Sep 21 20:54:59.908 INF API: test started suite=0 test=180 name="client launch (erigon_release)"
Sep 21 20:55:01.530 INF API: client erigon_release started suite=0 test=180 container=44a0e801
Sep 21 20:55:01.544 INF API: test started suite=0 test=181 name="interop/_control/head (erigon_release)"
Sep 21 20:55:01.555 INF API: test ended suite=0 test=181 pass=false
Sep 21 20:55:01.556 INF API: test started suite=0 test=182 name="interop/_control/version (erigon_release)"
Sep 21 20:55:01.558 INF API: test ended suite=0 test=182 pass=false
Sep 21 20:55:01.559 INF API: test started suite=0 test=183 name="interop/auth-clear (erigon_release)"
Sep 21 20:55:01.562 INF API: test ended suite=0 test=183 pass=false
Sep 21 20:55:01.563 INF API: test started suite=0 test=184 name="interop/auth-replace (erigon_release)"
Sep 21 20:55:01.565 INF API: test ended suite=0 test=184 pass=false
Sep 21 20:55:01.566 INF API: test started suite=0 test=185 name="interop/auth-set-revert (erigon_release)"
Sep 21 20:55:01.568 INF API: test ended suite=0 test=185 pass=false
Sep 21 20:55:01.569 INF API: test started suite=0 test=186 name="interop/auth-set (erigon_release)"
Sep 21 20:55:01.571 INF API: test ended suite=0 test=186 pass=false
Sep 21 20:55:01.573 INF API: test started suite=0 test=187 name="interop/block-2 (erigon_release)"
Sep 21 20:55:01.576 INF API: test ended suite=0 test=187 pass=false
Sep 21 20:55:01.577 INF API: test started suite=0 test=188 name="interop/block-3 (erigon_release)"
Sep 21 20:55:01.579 INF API: test ended suite=0 test=188 pass=false
Sep 21 20:55:01.580 INF API: test started suite=0 test=189 name="interop/call-destroy (erigon_release)"
Sep 21 20:55:01.581 INF API: test ended suite=0 test=189 pass=false
Sep 21 20:55:01.582 INF API: test started suite=0 test=190 name="interop/call-gas7400 (erigon_release)"
Sep 21 20:55:01.589 INF API: test ended suite=0 test=190 pass=false
Sep 21 20:55:01.590 INF API: test started suite=0 test=191 name="interop/call-mcopy (erigon_release)"
Sep 21 20:55:01.592 INF API: test ended suite=0 test=191 pass=false
Sep 21 20:55:01.593 INF API: test started suite=0 test=192 name="interop/call-mixed-create (erigon_release)"
Sep 21 20:55:01.595 INF API: test ended suite=0 test=192 pass=false
Sep 21 20:55:01.596 INF API: test started suite=0 test=193 name="interop/call-null-mode (erigon_release)"
Sep 21 20:55:01.598 INF API: test ended suite=0 test=193 pass=false
Sep 21 20:55:01.599 INF API: test started suite=0 test=194 name="interop/call-return42 (erigon_release)"
Sep 21 20:55:01.601 INF API: test ended suite=0 test=194 pass=false
Sep 21 20:55:01.602 INF API: test started suite=0 test=195 name="interop/call-scalar-mode (erigon_release)"
Sep 21 20:55:01.605 INF API: test ended suite=0 test=195 pass=false
Sep 21 20:55:01.606 INF API: test started suite=0 test=196 name="interop/call-siblings-ok-revert (erigon_release)"
Sep 21 20:55:01.609 INF API: test ended suite=0 test=196 pass=false
Sep 21 20:55:01.610 INF API: test started suite=0 test=197 name="interop/call-siblings-revert-ok (erigon_release)"
Sep 21 20:55:01.613 INF API: test ended suite=0 test=197 pass=false
Sep 21 20:55:01.615 INF API: test started suite=0 test=198 name="interop/call-unknown-field (erigon_release)"
Sep 21 20:55:01.618 INF API: test ended suite=0 test=198 pass=false
Sep 21 20:55:01.620 INF API: test started suite=0 test=199 name="interop/call-unknown-mode (erigon_release)"
Sep 21 20:55:01.622 INF API: test ended suite=0 test=199 pass=false
Sep 21 20:55:01.623 INF API: test started suite=0 test=200 name="interop/call-wrong-type (erigon_release)"
Sep 21 20:55:01.624 INF API: test ended suite=0 test=200 pass=false
Sep 21 20:55:01.625 INF API: test started suite=0 test=201 name="interop/control-chain (erigon_release)"
Sep 21 20:55:01.626 INF API: test ended suite=0 test=201 pass=false
Sep 21 20:55:01.627 INF API: test started suite=0 test=202 name="interop/control-code-delegated (erigon_release)"
Sep 21 20:55:01.628 INF API: test ended suite=0 test=202 pass=false
Sep 21 20:55:01.629 INF API: test started suite=0 test=203 name="interop/control-code-destroy (erigon_release)"
Sep 21 20:55:01.630 INF API: test ended suite=0 test=203 pass=false
Sep 21 20:55:01.631 INF API: test started suite=0 test=204 name="interop/control-code-gas7400 (erigon_release)"
Sep 21 20:55:01.632 INF API: test ended suite=0 test=204 pass=false
Sep 21 20:55:01.633 INF API: test started suite=0 test=205 name="interop/control-code-mcopy (erigon_release)"
Sep 21 20:55:01.634 INF API: test ended suite=0 test=205 pass=false
Sep 21 20:55:01.634 INF API: test started suite=0 test=206 name="interop/control-code-mixed-create (erigon_release)"
Sep 21 20:55:01.636 INF API: test ended suite=0 test=206 pass=false
Sep 21 20:55:01.637 INF API: test started suite=0 test=207 name="interop/control-code-prefunded-empty (erigon_release)"
Sep 21 20:55:01.638 INF API: test ended suite=0 test=207 pass=false
Sep 21 20:55:01.639 INF API: test started suite=0 test=208 name="interop/control-code-return42 (erigon_release)"
Sep 21 20:55:01.640 INF API: test ended suite=0 test=208 pass=false
Sep 21 20:55:01.641 INF API: test started suite=0 test=209 name="interop/control-code-revert (erigon_release)"
Sep 21 20:55:01.643 INF API: test ended suite=0 test=209 pass=false
Sep 21 20:55:01.643 INF API: test started suite=0 test=210 name="interop/control-code-siblings-ok-revert (erigon_release)"
Sep 21 20:55:01.645 INF API: test ended suite=0 test=210 pass=false
Sep 21 20:55:01.645 INF API: test started suite=0 test=211 name="interop/control-code-siblings-revert-ok (erigon_release)"
Sep 21 20:55:01.647 INF API: test ended suite=0 test=211 pass=false
Sep 21 20:55:01.648 INF API: test started suite=0 test=212 name="interop/control-code-storage (erigon_release)"
Sep 21 20:55:01.649 INF API: test ended suite=0 test=212 pass=false
Sep 21 20:55:01.650 INF API: test started suite=0 test=213 name="interop/control-code-undelegated (erigon_release)"
Sep 21 20:55:01.651 INF API: test ended suite=0 test=213 pass=false
Sep 21 20:55:01.652 INF API: test started suite=0 test=214 name="interop/control-head (erigon_release)"
Sep 21 20:55:01.654 INF API: test ended suite=0 test=214 pass=false
Sep 21 20:55:01.654 INF API: test started suite=0 test=215 name="interop/control-height (erigon_release)"
Sep 21 20:55:01.656 INF API: test ended suite=0 test=215 pass=false
Sep 21 20:55:01.656 INF API: test started suite=0 test=216 name="interop/control-nonce (erigon_release)"
Sep 21 20:55:01.658 INF API: test ended suite=0 test=216 pass=false
Sep 21 20:55:01.658 INF API: test started suite=0 test=217 name="interop/control-storage-after-many (erigon_release)"
Sep 21 20:55:01.660 INF API: test ended suite=0 test=217 pass=false
Sep 21 20:55:01.661 INF API: test started suite=0 test=218 name="interop/control-version (erigon_release)"
Sep 21 20:55:01.662 INF API: test ended suite=0 test=218 pass=false
Sep 21 20:55:01.663 INF API: test started suite=0 test=219 name="interop/debug-destroy (erigon_release)"
Sep 21 20:55:01.665 INF API: test ended suite=0 test=219 pass=false
Sep 21 20:55:01.666 INF API: test started suite=0 test=220 name="interop/debug-gas7400-opcodes (erigon_release)"
Sep 21 20:55:01.667 INF API: test ended suite=0 test=220 pass=false
Sep 21 20:55:01.668 INF API: test started suite=0 test=221 name="interop/debug-gas7400 (erigon_release)"
Sep 21 20:55:01.669 INF API: test ended suite=0 test=221 pass=false
Sep 21 20:55:01.670 INF API: test started suite=0 test=222 name="interop/debug-mcopy (erigon_release)"
Sep 21 20:55:01.672 INF API: test ended suite=0 test=222 pass=false
Sep 21 20:55:01.673 INF API: test started suite=0 test=223 name="interop/debug-mixed-create (erigon_release)"
Sep 21 20:55:01.674 INF API: test ended suite=0 test=223 pass=false
Sep 21 20:55:01.675 INF API: test started suite=0 test=224 name="interop/debug-return42 (erigon_release)"
Sep 21 20:55:01.677 INF API: test ended suite=0 test=224 pass=false
Sep 21 20:55:01.678 INF API: test started suite=0 test=225 name="interop/debug-siblings-ok-revert (erigon_release)"
Sep 21 20:55:01.679 INF API: test ended suite=0 test=225 pass=false
Sep 21 20:55:01.680 INF API: test started suite=0 test=226 name="interop/debug-siblings-revert-ok (erigon_release)"
Sep 21 20:55:01.682 INF API: test ended suite=0 test=226 pass=false
Sep 21 20:55:01.682 INF API: test started suite=0 test=227 name="interop/empty-types (erigon_release)"
Sep 21 20:55:01.684 INF API: test ended suite=0 test=227 pass=false
Sep 21 20:55:01.684 INF API: test started suite=0 test=228 name="interop/filter-all (erigon_release)"
Sep 21 20:55:01.687 INF API: test ended suite=0 test=228 pass=false
Sep 21 20:55:01.688 INF API: test started suite=0 test=229 name="interop/filter-both-null (erigon_release)"
Sep 21 20:55:01.693 INF API: test ended suite=0 test=229 pass=false
Sep 21 20:55:01.694 INF API: test started suite=0 test=230 name="interop/filter-both-unknown-mode (erigon_release)"
Sep 21 20:55:01.697 INF API: test ended suite=0 test=230 pass=false
Sep 21 20:55:01.698 INF API: test started suite=0 test=231 name="interop/filter-created-to (erigon_release)"
Sep 21 20:55:01.700 INF API: test ended suite=0 test=231 pass=false
Sep 21 20:55:01.701 INF API: test started suite=0 test=232 name="interop/filter-creator-from (erigon_release)"
Sep 21 20:55:01.703 INF API: test ended suite=0 test=232 pass=false
Sep 21 20:55:01.704 INF API: test started suite=0 test=233 name="interop/filter-from-empty-to-set (erigon_release)"
Sep 21 20:55:01.707 INF API: test ended suite=0 test=233 pass=false
Sep 21 20:55:01.708 INF API: test started suite=0 test=234 name="interop/filter-from-null (erigon_release)"
Sep 21 20:55:01.711 INF API: test ended suite=0 test=234 pass=false
Sep 21 20:55:01.712 INF API: test started suite=0 test=235 name="interop/filter-from-only-intersection (erigon_release)"
Sep 21 20:55:01.713 INF API: test ended suite=0 test=235 pass=false
Sep 21 20:55:01.714 INF API: test started suite=0 test=236 name="interop/filter-negative-count (erigon_release)"
Sep 21 20:55:01.715 INF API: test ended suite=0 test=236 pass=false
Sep 21 20:55:01.716 INF API: test started suite=0 test=237 name="interop/filter-page-0 (erigon_release)"
Sep 21 20:55:01.720 INF API: test ended suite=0 test=237 pass=false
Sep 21 20:55:01.721 INF API: test started suite=0 test=238 name="interop/filter-page-1 (erigon_release)"
Sep 21 20:55:01.724 INF API: test ended suite=0 test=238 pass=false
Sep 21 20:55:01.725 INF API: test started suite=0 test=239 name="interop/filter-page-2 (erigon_release)"
Sep 21 20:55:01.729 INF API: test ended suite=0 test=239 pass=false
Sep 21 20:55:01.730 INF API: test started suite=0 test=240 name="interop/filter-past-end-page (erigon_release)"
Sep 21 20:55:01.733 INF API: test ended suite=0 test=240 pass=false
Sep 21 20:55:01.734 INF API: test started suite=0 test=241 name="interop/filter-snapshot (erigon_release)"
Sep 21 20:55:01.737 INF API: test ended suite=0 test=241 pass=false
Sep 21 20:55:01.738 INF API: test started suite=0 test=242 name="interop/filter-suicide-beneficiary (erigon_release)"
Sep 21 20:55:01.739 INF API: test ended suite=0 test=242 pass=false
Sep 21 20:55:01.740 INF API: test started suite=0 test=243 name="interop/filter-suicide-from (erigon_release)"
Sep 21 20:55:01.742 INF API: test ended suite=0 test=243 pass=false
Sep 21 20:55:01.743 INF API: test started suite=0 test=244 name="interop/filter-to-empty-from-set (erigon_release)"
Sep 21 20:55:01.746 INF API: test ended suite=0 test=244 pass=false
Sep 21 20:55:01.747 INF API: test started suite=0 test=245 name="interop/filter-to-null (erigon_release)"
Sep 21 20:55:01.752 INF API: test ended suite=0 test=245 pass=false
Sep 21 20:55:01.753 INF API: test started suite=0 test=246 name="interop/filter-to-only-intersection (erigon_release)"
Sep 21 20:55:01.754 INF API: test ended suite=0 test=246 pass=false
Sep 21 20:55:01.755 INF API: test started suite=0 test=247 name="interop/filter-two-blocks (erigon_release)"
Sep 21 20:55:01.759 INF API: test ended suite=0 test=247 pass=false
Sep 21 20:55:01.760 INF API: test started suite=0 test=248 name="interop/filter-unknown-field (erigon_release)"
Sep 21 20:55:01.762 INF API: test ended suite=0 test=248 pass=false
Sep 21 20:55:01.763 INF API: test started suite=0 test=249 name="interop/filter-wrong-address-type (erigon_release)"
Sep 21 20:55:01.764 INF API: test ended suite=0 test=249 pass=false
Sep 21 20:55:01.765 INF API: test started suite=0 test=250 name="interop/get-integer-path (erigon_release)"
Sep 21 20:55:01.766 INF API: test ended suite=0 test=250 pass=false
Sep 21 20:55:01.767 INF API: test started suite=0 test=251 name="interop/get-nested-parent (erigon_release)"
Sep 21 20:55:01.769 INF API: test ended suite=0 test=251 pass=false
Sep 21 20:55:01.770 INF API: test started suite=0 test=252 name="interop/get-nested-positive (erigon_release)"
Sep 21 20:55:01.771 INF API: test ended suite=0 test=252 pass=false
Sep 21 20:55:01.772 INF API: test started suite=0 test=253 name="interop/get-path-wrong-type (erigon_release)"
Sep 21 20:55:01.773 INF API: test ended suite=0 test=253 pass=false
Sep 21 20:55:01.774 INF API: test started suite=0 test=254 name="interop/many-storage-write-read (erigon_release)"
Sep 21 20:55:01.776 INF API: test ended suite=0 test=254 pass=false
Sep 21 20:55:01.777 INF API: test started suite=0 test=255 name="interop/many-storage-write-revert-read (erigon_release)"
Sep 21 20:55:01.779 INF API: test ended suite=0 test=255 pass=false
Sep 21 20:55:01.780 INF API: test started suite=0 test=256 name="interop/missing-block-block (erigon_release)"
Sep 21 20:55:01.781 INF API: test ended suite=0 test=256 pass=false
Sep 21 20:55:01.781 INF API: test started suite=0 test=257 name="interop/missing-block-call (erigon_release)"
Sep 21 20:55:01.783 INF API: test ended suite=0 test=257 pass=false
Sep 21 20:55:01.783 INF API: test started suite=0 test=258 name="interop/missing-block-filter (erigon_release)"
Sep 21 20:55:01.785 INF API: test ended suite=0 test=258 pass=false
Sep 21 20:55:01.785 INF API: test started suite=0 test=259 name="interop/prefunded-empty (erigon_release)"
Sep 21 20:55:01.787 INF API: test ended suite=0 test=259 pass=false
Sep 21 20:55:01.788 INF API: test started suite=0 test=260 name="interop/raw-below-basefee (erigon_release)"
Sep 21 20:55:01.789 INF API: test ended suite=0 test=260 pass=false
Sep 21 20:55:01.790 INF API: test started suite=0 test=261 name="interop/raw-insufficient-funds (erigon_release)"
Sep 21 20:55:01.792 INF API: test ended suite=0 test=261 pass=false
Sep 21 20:55:01.793 INF API: test started suite=0 test=262 name="interop/raw-low-gas (erigon_release)"
Sep 21 20:55:01.794 INF API: test ended suite=0 test=262 pass=false
Sep 21 20:55:01.795 INF API: test started suite=0 test=263 name="interop/raw-nonce-high (erigon_release)"
Sep 21 20:55:01.797 INF API: test ended suite=0 test=263 pass=false
Sep 21 20:55:01.798 INF API: test started suite=0 test=264 name="interop/raw-valid (erigon_release)"
Sep 21 20:55:01.800 INF API: test ended suite=0 test=264 pass=false
Sep 21 20:55:01.800 INF API: test started suite=0 test=265 name="interop/raw-wrong-chain (erigon_release)"
Sep 21 20:55:01.802 INF API: test ended suite=0 test=265 pass=false
Sep 21 20:55:01.802 INF API: test started suite=0 test=266 name="interop/state-only-nonempty-output (erigon_release)"
Sep 21 20:55:01.804 INF API: test ended suite=0 test=266 pass=false
Sep 21 20:55:01.805 INF API: test started suite=0 test=267 name="interop/transaction-tree (erigon_release)"
Sep 21 20:55:01.807 INF API: test ended suite=0 test=267 pass=false
Sep 21 20:55:01.808 INF API: test started suite=0 test=268 name="interop/vm-only-nonempty-output (erigon_release)"
Sep 21 20:55:01.810 INF API: test ended suite=0 test=268 pass=false
Sep 21 20:55:02.151 INF API: test ended suite=0 test=180 pass=true
Sep 21 20:55:02.152 INF API: test started suite=0 test=269 name="client launch (nethermind_development)"
Sep 21 20:55:10.228 INF API: client nethermind_development started suite=0 test=269 container=554ca710
Sep 21 20:55:10.318 INF API: test started suite=0 test=270 name="interop/_control/head (nethermind_development)"
Sep 21 20:55:10.392 INF API: test ended suite=0 test=270 pass=false
Sep 21 20:55:10.393 INF API: test started suite=0 test=271 name="interop/_control/version (nethermind_development)"
Sep 21 20:55:10.397 INF API: test ended suite=0 test=271 pass=false
Sep 21 20:55:10.398 INF API: test started suite=0 test=272 name="interop/auth-clear (nethermind_development)"
Sep 21 20:55:10.530 INF API: test ended suite=0 test=272 pass=false
Sep 21 20:55:10.531 INF API: test started suite=0 test=273 name="interop/auth-replace (nethermind_development)"
Sep 21 20:55:10.562 INF API: test ended suite=0 test=273 pass=false
Sep 21 20:55:10.563 INF API: test started suite=0 test=274 name="interop/auth-set-revert (nethermind_development)"
Sep 21 20:55:10.566 INF API: test ended suite=0 test=274 pass=false
Sep 21 20:55:10.567 INF API: test started suite=0 test=275 name="interop/auth-set (nethermind_development)"
Sep 21 20:55:10.577 INF API: test ended suite=0 test=275 pass=false
Sep 21 20:55:10.578 INF API: test started suite=0 test=276 name="interop/block-2 (nethermind_development)"
Sep 21 20:55:10.606 INF API: test ended suite=0 test=276 pass=false
Sep 21 20:55:10.607 INF API: test started suite=0 test=277 name="interop/block-3 (nethermind_development)"
Sep 21 20:55:10.611 INF API: test ended suite=0 test=277 pass=false
Sep 21 20:55:10.611 INF API: test started suite=0 test=278 name="interop/call-destroy (nethermind_development)"
Sep 21 20:55:10.635 INF API: test ended suite=0 test=278 pass=false
Sep 21 20:55:10.636 INF API: test started suite=0 test=279 name="interop/call-gas7400 (nethermind_development)"
Sep 21 20:55:10.652 INF API: test ended suite=0 test=279 pass=false
Sep 21 20:55:10.653 INF API: test started suite=0 test=280 name="interop/call-mcopy (nethermind_development)"
Sep 21 20:55:10.662 INF API: test ended suite=0 test=280 pass=false
Sep 21 20:55:10.663 INF API: test started suite=0 test=281 name="interop/call-mixed-create (nethermind_development)"
Sep 21 20:55:10.680 INF API: test ended suite=0 test=281 pass=false
Sep 21 20:55:10.681 INF API: test started suite=0 test=282 name="interop/call-null-mode (nethermind_development)"
Sep 21 20:55:10.684 INF API: test ended suite=0 test=282 pass=false
Sep 21 20:55:10.685 INF API: test started suite=0 test=283 name="interop/call-return42 (nethermind_development)"
Sep 21 20:55:10.688 INF API: test ended suite=0 test=283 pass=false
Sep 21 20:55:10.689 INF API: test started suite=0 test=284 name="interop/call-scalar-mode (nethermind_development)"
Sep 21 20:55:10.692 INF API: test ended suite=0 test=284 pass=false
Sep 21 20:55:10.693 INF API: test started suite=0 test=285 name="interop/call-siblings-ok-revert (nethermind_development)"
Sep 21 20:55:10.709 INF API: test ended suite=0 test=285 pass=false
Sep 21 20:55:10.710 INF API: test started suite=0 test=286 name="interop/call-siblings-revert-ok (nethermind_development)"
Sep 21 20:55:10.714 INF API: test ended suite=0 test=286 pass=false
Sep 21 20:55:10.715 INF API: test started suite=0 test=287 name="interop/call-unknown-field (nethermind_development)"
Sep 21 20:55:10.717 INF API: test ended suite=0 test=287 pass=false
Sep 21 20:55:10.718 INF API: test started suite=0 test=288 name="interop/call-unknown-mode (nethermind_development)"
Sep 21 20:55:10.723 INF API: test ended suite=0 test=288 pass=false
Sep 21 20:55:10.723 INF API: test started suite=0 test=289 name="interop/call-wrong-type (nethermind_development)"
Sep 21 20:55:10.725 INF API: test ended suite=0 test=289 pass=false
Sep 21 20:55:10.726 INF API: test started suite=0 test=290 name="interop/control-chain (nethermind_development)"
Sep 21 20:55:10.729 INF API: test ended suite=0 test=290 pass=false
Sep 21 20:55:10.729 INF API: test started suite=0 test=291 name="interop/control-code-delegated (nethermind_development)"
Sep 21 20:55:10.732 INF API: test ended suite=0 test=291 pass=false
Sep 21 20:55:10.733 INF API: test started suite=0 test=292 name="interop/control-code-destroy (nethermind_development)"
Sep 21 20:55:10.734 INF API: test ended suite=0 test=292 pass=false
Sep 21 20:55:10.735 INF API: test started suite=0 test=293 name="interop/control-code-gas7400 (nethermind_development)"
Sep 21 20:55:10.736 INF API: test ended suite=0 test=293 pass=false
Sep 21 20:55:10.737 INF API: test started suite=0 test=294 name="interop/control-code-mcopy (nethermind_development)"
Sep 21 20:55:10.738 INF API: test ended suite=0 test=294 pass=false
Sep 21 20:55:10.739 INF API: test started suite=0 test=295 name="interop/control-code-mixed-create (nethermind_development)"
Sep 21 20:55:10.740 INF API: test ended suite=0 test=295 pass=false
Sep 21 20:55:10.741 INF API: test started suite=0 test=296 name="interop/control-code-prefunded-empty (nethermind_development)"
Sep 21 20:55:10.742 INF API: test ended suite=0 test=296 pass=false
Sep 21 20:55:10.743 INF API: test started suite=0 test=297 name="interop/control-code-return42 (nethermind_development)"
Sep 21 20:55:10.744 INF API: test ended suite=0 test=297 pass=false
Sep 21 20:55:10.744 INF API: test started suite=0 test=298 name="interop/control-code-revert (nethermind_development)"
Sep 21 20:55:10.745 INF API: test ended suite=0 test=298 pass=false
Sep 21 20:55:10.746 INF API: test started suite=0 test=299 name="interop/control-code-siblings-ok-revert (nethermind_development)"
Sep 21 20:55:10.747 INF API: test ended suite=0 test=299 pass=false
Sep 21 20:55:10.748 INF API: test started suite=0 test=300 name="interop/control-code-siblings-revert-ok (nethermind_development)"
Sep 21 20:55:10.748 INF API: test ended suite=0 test=300 pass=false
Sep 21 20:55:10.750 INF API: test started suite=0 test=301 name="interop/control-code-storage (nethermind_development)"
Sep 21 20:55:10.751 INF API: test ended suite=0 test=301 pass=false
Sep 21 20:55:10.752 INF API: test started suite=0 test=302 name="interop/control-code-undelegated (nethermind_development)"
Sep 21 20:55:10.753 INF API: test ended suite=0 test=302 pass=false
Sep 21 20:55:10.753 INF API: test started suite=0 test=303 name="interop/control-head (nethermind_development)"
Sep 21 20:55:10.755 INF API: test ended suite=0 test=303 pass=false
Sep 21 20:55:10.756 INF API: test started suite=0 test=304 name="interop/control-height (nethermind_development)"
Sep 21 20:55:10.760 INF API: test ended suite=0 test=304 pass=false
Sep 21 20:55:10.761 INF API: test started suite=0 test=305 name="interop/control-nonce (nethermind_development)"
Sep 21 20:55:10.765 INF API: test ended suite=0 test=305 pass=false
Sep 21 20:55:10.766 INF API: test started suite=0 test=306 name="interop/control-storage-after-many (nethermind_development)"
Sep 21 20:55:10.768 INF API: test ended suite=0 test=306 pass=false
Sep 21 20:55:10.769 INF API: test started suite=0 test=307 name="interop/control-version (nethermind_development)"
Sep 21 20:55:10.770 INF API: test ended suite=0 test=307 pass=false
Sep 21 20:55:10.770 INF API: test started suite=0 test=308 name="interop/debug-destroy (nethermind_development)"
Sep 21 20:55:10.896 INF API: test ended suite=0 test=308 pass=false
Sep 21 20:55:10.898 INF API: test started suite=0 test=309 name="interop/debug-gas7400-opcodes (nethermind_development)"
Sep 21 20:55:10.914 INF API: test ended suite=0 test=309 pass=false
Sep 21 20:55:10.915 INF API: test started suite=0 test=310 name="interop/debug-gas7400 (nethermind_development)"
Sep 21 20:55:10.918 INF API: test ended suite=0 test=310 pass=false
Sep 21 20:55:10.918 INF API: test started suite=0 test=311 name="interop/debug-mcopy (nethermind_development)"
Sep 21 20:55:10.926 INF API: test ended suite=0 test=311 pass=false
Sep 21 20:55:10.927 INF API: test started suite=0 test=312 name="interop/debug-mixed-create (nethermind_development)"
Sep 21 20:55:10.934 INF API: test ended suite=0 test=312 pass=false
Sep 21 20:55:10.934 INF API: test started suite=0 test=313 name="interop/debug-return42 (nethermind_development)"
Sep 21 20:55:10.937 INF API: test ended suite=0 test=313 pass=false
Sep 21 20:55:10.937 INF API: test started suite=0 test=314 name="interop/debug-siblings-ok-revert (nethermind_development)"
Sep 21 20:55:10.940 INF API: test ended suite=0 test=314 pass=false
Sep 21 20:55:10.941 INF API: test started suite=0 test=315 name="interop/debug-siblings-revert-ok (nethermind_development)"
Sep 21 20:55:10.944 INF API: test ended suite=0 test=315 pass=false
Sep 21 20:55:10.945 INF API: test started suite=0 test=316 name="interop/empty-types (nethermind_development)"
Sep 21 20:55:10.960 INF API: test ended suite=0 test=316 pass=false
Sep 21 20:55:10.971 INF API: test started suite=0 test=317 name="interop/filter-all (nethermind_development)"
Sep 21 20:55:10.981 INF API: test ended suite=0 test=317 pass=false
Sep 21 20:55:10.982 INF API: test started suite=0 test=318 name="interop/filter-both-null (nethermind_development)"
Sep 21 20:55:10.986 INF API: test ended suite=0 test=318 pass=false
Sep 21 20:55:10.987 INF API: test started suite=0 test=319 name="interop/filter-both-unknown-mode (nethermind_development)"
Sep 21 20:55:10.991 INF API: test ended suite=0 test=319 pass=false
Sep 21 20:55:10.992 INF API: test started suite=0 test=320 name="interop/filter-created-to (nethermind_development)"
Sep 21 20:55:10.995 INF API: test ended suite=0 test=320 pass=false
Sep 21 20:55:10.996 INF API: test started suite=0 test=321 name="interop/filter-creator-from (nethermind_development)"
Sep 21 20:55:10.999 INF API: test ended suite=0 test=321 pass=false
Sep 21 20:55:11.000 INF API: test started suite=0 test=322 name="interop/filter-from-empty-to-set (nethermind_development)"
Sep 21 20:55:11.003 INF API: test ended suite=0 test=322 pass=false
Sep 21 20:55:11.004 INF API: test started suite=0 test=323 name="interop/filter-from-null (nethermind_development)"
Sep 21 20:55:11.008 INF API: test ended suite=0 test=323 pass=false
Sep 21 20:55:11.009 INF API: test started suite=0 test=324 name="interop/filter-from-only-intersection (nethermind_development)"
Sep 21 20:55:11.013 INF API: test ended suite=0 test=324 pass=false
Sep 21 20:55:11.014 INF API: test started suite=0 test=325 name="interop/filter-negative-count (nethermind_development)"
Sep 21 20:55:11.019 INF API: test ended suite=0 test=325 pass=false
Sep 21 20:55:11.020 INF API: test started suite=0 test=326 name="interop/filter-page-0 (nethermind_development)"
Sep 21 20:55:11.023 INF API: test ended suite=0 test=326 pass=false
Sep 21 20:55:11.024 INF API: test started suite=0 test=327 name="interop/filter-page-1 (nethermind_development)"
Sep 21 20:55:11.027 INF API: test ended suite=0 test=327 pass=false
Sep 21 20:55:11.028 INF API: test started suite=0 test=328 name="interop/filter-page-2 (nethermind_development)"
Sep 21 20:55:11.031 INF API: test ended suite=0 test=328 pass=false
Sep 21 20:55:11.032 INF API: test started suite=0 test=329 name="interop/filter-past-end-page (nethermind_development)"
Sep 21 20:55:11.036 INF API: test ended suite=0 test=329 pass=false
Sep 21 20:55:11.037 INF API: test started suite=0 test=330 name="interop/filter-snapshot (nethermind_development)"
Sep 21 20:55:11.041 INF API: test ended suite=0 test=330 pass=false
Sep 21 20:55:11.042 INF API: test started suite=0 test=331 name="interop/filter-suicide-beneficiary (nethermind_development)"
Sep 21 20:55:11.045 INF API: test ended suite=0 test=331 pass=false
Sep 21 20:55:11.045 INF API: test started suite=0 test=332 name="interop/filter-suicide-from (nethermind_development)"
Sep 21 20:55:11.049 INF API: test ended suite=0 test=332 pass=false
Sep 21 20:55:11.050 INF API: test started suite=0 test=333 name="interop/filter-to-empty-from-set (nethermind_development)"
Sep 21 20:55:11.054 INF API: test ended suite=0 test=333 pass=false
Sep 21 20:55:11.055 INF API: test started suite=0 test=334 name="interop/filter-to-null (nethermind_development)"
Sep 21 20:55:11.058 INF API: test ended suite=0 test=334 pass=false
Sep 21 20:55:11.059 INF API: test started suite=0 test=335 name="interop/filter-to-only-intersection (nethermind_development)"
Sep 21 20:55:11.062 INF API: test ended suite=0 test=335 pass=false
Sep 21 20:55:11.063 INF API: test started suite=0 test=336 name="interop/filter-two-blocks (nethermind_development)"
Sep 21 20:55:11.067 INF API: test ended suite=0 test=336 pass=false
Sep 21 20:55:11.068 INF API: test started suite=0 test=337 name="interop/filter-unknown-field (nethermind_development)"
Sep 21 20:55:11.072 INF API: test ended suite=0 test=337 pass=false
Sep 21 20:55:11.073 INF API: test started suite=0 test=338 name="interop/filter-wrong-address-type (nethermind_development)"
Sep 21 20:55:11.075 INF API: test ended suite=0 test=338 pass=false
Sep 21 20:55:11.076 INF API: test started suite=0 test=339 name="interop/get-integer-path (nethermind_development)"
Sep 21 20:55:11.079 INF API: test ended suite=0 test=339 pass=false
Sep 21 20:55:11.079 INF API: test started suite=0 test=340 name="interop/get-nested-parent (nethermind_development)"
Sep 21 20:55:11.090 INF API: test ended suite=0 test=340 pass=false
Sep 21 20:55:11.091 INF API: test started suite=0 test=341 name="interop/get-nested-positive (nethermind_development)"
Sep 21 20:55:11.093 INF API: test ended suite=0 test=341 pass=false
Sep 21 20:55:11.094 INF API: test started suite=0 test=342 name="interop/get-path-wrong-type (nethermind_development)"
Sep 21 20:55:11.095 INF API: test ended suite=0 test=342 pass=false
Sep 21 20:55:11.096 INF API: test started suite=0 test=343 name="interop/many-storage-write-read (nethermind_development)"
Sep 21 20:55:11.120 INF API: test ended suite=0 test=343 pass=false
Sep 21 20:55:11.121 INF API: test started suite=0 test=344 name="interop/many-storage-write-revert-read (nethermind_development)"
Sep 21 20:55:11.126 INF API: test ended suite=0 test=344 pass=false
Sep 21 20:55:11.126 INF API: test started suite=0 test=345 name="interop/missing-block-block (nethermind_development)"
Sep 21 20:55:11.129 INF API: test ended suite=0 test=345 pass=false
Sep 21 20:55:11.143 INF API: test started suite=0 test=346 name="interop/missing-block-call (nethermind_development)"
Sep 21 20:55:11.145 INF API: test ended suite=0 test=346 pass=false
Sep 21 20:55:11.145 INF API: test started suite=0 test=347 name="interop/missing-block-filter (nethermind_development)"
Sep 21 20:55:11.147 INF API: test ended suite=0 test=347 pass=false
Sep 21 20:55:11.147 INF API: test started suite=0 test=348 name="interop/prefunded-empty (nethermind_development)"
Sep 21 20:55:11.150 INF API: test ended suite=0 test=348 pass=false
Sep 21 20:55:11.151 INF API: test started suite=0 test=349 name="interop/raw-below-basefee (nethermind_development)"
Sep 21 20:55:11.157 INF API: test ended suite=0 test=349 pass=false
Sep 21 20:55:11.157 INF API: test started suite=0 test=350 name="interop/raw-insufficient-funds (nethermind_development)"
Sep 21 20:55:11.163 INF API: test ended suite=0 test=350 pass=false
Sep 21 20:55:11.164 INF API: test started suite=0 test=351 name="interop/raw-low-gas (nethermind_development)"
Sep 21 20:55:11.166 INF API: test ended suite=0 test=351 pass=false
Sep 21 20:55:11.167 INF API: test started suite=0 test=352 name="interop/raw-nonce-high (nethermind_development)"
Sep 21 20:55:11.169 INF API: test ended suite=0 test=352 pass=false
Sep 21 20:55:11.169 INF API: test started suite=0 test=353 name="interop/raw-valid (nethermind_development)"
Sep 21 20:55:11.172 INF API: test ended suite=0 test=353 pass=false
Sep 21 20:55:11.172 INF API: test started suite=0 test=354 name="interop/raw-wrong-chain (nethermind_development)"
Sep 21 20:55:11.174 INF API: test ended suite=0 test=354 pass=false
Sep 21 20:55:11.175 INF API: test started suite=0 test=355 name="interop/state-only-nonempty-output (nethermind_development)"
Sep 21 20:55:11.177 INF API: test ended suite=0 test=355 pass=false
Sep 21 20:55:11.178 INF API: test started suite=0 test=356 name="interop/transaction-tree (nethermind_development)"
Sep 21 20:55:11.181 INF API: test ended suite=0 test=356 pass=false
Sep 21 20:55:11.182 INF API: test started suite=0 test=357 name="interop/vm-only-nonempty-output (nethermind_development)"
Sep 21 20:55:11.184 INF API: test ended suite=0 test=357 pass=false
Sep 21 20:55:12.081 INF API: test ended suite=0 test=269 pass=true
Sep 21 20:55:12.082 INF API: test started suite=0 test=358 name="client launch (nethermind_release)"
Sep 21 20:55:20.277 INF API: client nethermind_release started suite=0 test=358 container=36a392cb
Sep 21 20:55:20.407 INF API: test started suite=0 test=359 name="interop/_control/head (nethermind_release)"
Sep 21 20:55:20.494 INF API: test ended suite=0 test=359 pass=false
Sep 21 20:55:20.495 INF API: test started suite=0 test=360 name="interop/_control/version (nethermind_release)"
Sep 21 20:55:20.499 INF API: test ended suite=0 test=360 pass=false
Sep 21 20:55:20.500 INF API: test started suite=0 test=361 name="interop/auth-clear (nethermind_release)"
Sep 21 20:55:20.595 INF API: test ended suite=0 test=361 pass=false
Sep 21 20:55:20.597 INF API: test started suite=0 test=362 name="interop/auth-replace (nethermind_release)"
Sep 21 20:55:20.608 INF API: test ended suite=0 test=362 pass=false
Sep 21 20:55:20.609 INF API: test started suite=0 test=363 name="interop/auth-set-revert (nethermind_release)"
Sep 21 20:55:20.612 INF API: test ended suite=0 test=363 pass=false
Sep 21 20:55:20.613 INF API: test started suite=0 test=364 name="interop/auth-set (nethermind_release)"
Sep 21 20:55:20.617 INF API: test ended suite=0 test=364 pass=false
Sep 21 20:55:20.617 INF API: test started suite=0 test=365 name="interop/block-2 (nethermind_release)"
Sep 21 20:55:20.641 INF API: test ended suite=0 test=365 pass=false
Sep 21 20:55:20.642 INF API: test started suite=0 test=366 name="interop/block-3 (nethermind_release)"
Sep 21 20:55:20.645 INF API: test ended suite=0 test=366 pass=false
Sep 21 20:55:20.646 INF API: test started suite=0 test=367 name="interop/call-destroy (nethermind_release)"
Sep 21 20:55:20.661 INF API: test ended suite=0 test=367 pass=false
Sep 21 20:55:20.662 INF API: test started suite=0 test=368 name="interop/call-gas7400 (nethermind_release)"
Sep 21 20:55:20.672 INF API: test ended suite=0 test=368 pass=false
Sep 21 20:55:20.672 INF API: test started suite=0 test=369 name="interop/call-mcopy (nethermind_release)"
Sep 21 20:55:20.675 INF API: test ended suite=0 test=369 pass=false
Sep 21 20:55:20.676 INF API: test started suite=0 test=370 name="interop/call-mixed-create (nethermind_release)"
Sep 21 20:55:20.680 INF API: test ended suite=0 test=370 pass=false
Sep 21 20:55:20.681 INF API: test started suite=0 test=371 name="interop/call-null-mode (nethermind_release)"
Sep 21 20:55:20.695 INF API: test ended suite=0 test=371 pass=false
Sep 21 20:55:20.696 INF API: test started suite=0 test=372 name="interop/call-return42 (nethermind_release)"
Sep 21 20:55:20.698 INF API: test ended suite=0 test=372 pass=false
Sep 21 20:55:20.699 INF API: test started suite=0 test=373 name="interop/call-scalar-mode (nethermind_release)"
Sep 21 20:55:20.702 INF API: test ended suite=0 test=373 pass=false
Sep 21 20:55:20.703 INF API: test started suite=0 test=374 name="interop/call-siblings-ok-revert (nethermind_release)"
Sep 21 20:55:20.706 INF API: test ended suite=0 test=374 pass=false
Sep 21 20:55:20.707 INF API: test started suite=0 test=375 name="interop/call-siblings-revert-ok (nethermind_release)"
Sep 21 20:55:20.710 INF API: test ended suite=0 test=375 pass=false
Sep 21 20:55:20.711 INF API: test started suite=0 test=376 name="interop/call-unknown-field (nethermind_release)"
Sep 21 20:55:20.713 INF API: test ended suite=0 test=376 pass=false
Sep 21 20:55:20.714 INF API: test started suite=0 test=377 name="interop/call-unknown-mode (nethermind_release)"
Sep 21 20:55:20.716 INF API: test ended suite=0 test=377 pass=false
Sep 21 20:55:20.717 INF API: test started suite=0 test=378 name="interop/call-wrong-type (nethermind_release)"
Sep 21 20:55:20.719 INF API: test ended suite=0 test=378 pass=false
Sep 21 20:55:20.720 INF API: test started suite=0 test=379 name="interop/control-chain (nethermind_release)"
Sep 21 20:55:20.723 INF API: test ended suite=0 test=379 pass=false
Sep 21 20:55:20.723 INF API: test started suite=0 test=380 name="interop/control-code-delegated (nethermind_release)"
Sep 21 20:55:20.725 INF API: test ended suite=0 test=380 pass=false
Sep 21 20:55:20.726 INF API: test started suite=0 test=381 name="interop/control-code-destroy (nethermind_release)"
Sep 21 20:55:20.727 INF API: test ended suite=0 test=381 pass=false
Sep 21 20:55:20.728 INF API: test started suite=0 test=382 name="interop/control-code-gas7400 (nethermind_release)"
Sep 21 20:55:20.729 INF API: test ended suite=0 test=382 pass=false
Sep 21 20:55:20.729 INF API: test started suite=0 test=383 name="interop/control-code-mcopy (nethermind_release)"
Sep 21 20:55:20.731 INF API: test ended suite=0 test=383 pass=false
Sep 21 20:55:20.732 INF API: test started suite=0 test=384 name="interop/control-code-mixed-create (nethermind_release)"
Sep 21 20:55:20.733 INF API: test ended suite=0 test=384 pass=false
Sep 21 20:55:20.734 INF API: test started suite=0 test=385 name="interop/control-code-prefunded-empty (nethermind_release)"
Sep 21 20:55:20.735 INF API: test ended suite=0 test=385 pass=false
Sep 21 20:55:20.735 INF API: test started suite=0 test=386 name="interop/control-code-return42 (nethermind_release)"
Sep 21 20:55:20.736 INF API: test ended suite=0 test=386 pass=false
Sep 21 20:55:20.737 INF API: test started suite=0 test=387 name="interop/control-code-revert (nethermind_release)"
Sep 21 20:55:20.738 INF API: test ended suite=0 test=387 pass=false
Sep 21 20:55:20.739 INF API: test started suite=0 test=388 name="interop/control-code-siblings-ok-revert (nethermind_release)"
Sep 21 20:55:20.740 INF API: test ended suite=0 test=388 pass=false
Sep 21 20:55:20.740 INF API: test started suite=0 test=389 name="interop/control-code-siblings-revert-ok (nethermind_release)"
Sep 21 20:55:20.741 INF API: test ended suite=0 test=389 pass=false
Sep 21 20:55:20.742 INF API: test started suite=0 test=390 name="interop/control-code-storage (nethermind_release)"
Sep 21 20:55:20.743 INF API: test ended suite=0 test=390 pass=false
Sep 21 20:55:20.744 INF API: test started suite=0 test=391 name="interop/control-code-undelegated (nethermind_release)"
Sep 21 20:55:20.745 INF API: test ended suite=0 test=391 pass=false
Sep 21 20:55:20.745 INF API: test started suite=0 test=392 name="interop/control-head (nethermind_release)"
Sep 21 20:55:20.746 INF API: test ended suite=0 test=392 pass=false
Sep 21 20:55:20.747 INF API: test started suite=0 test=393 name="interop/control-height (nethermind_release)"
Sep 21 20:55:20.751 INF API: test ended suite=0 test=393 pass=false
Sep 21 20:55:20.752 INF API: test started suite=0 test=394 name="interop/control-nonce (nethermind_release)"
Sep 21 20:55:20.756 INF API: test ended suite=0 test=394 pass=false
Sep 21 20:55:20.756 INF API: test started suite=0 test=395 name="interop/control-storage-after-many (nethermind_release)"
Sep 21 20:55:20.759 INF API: test ended suite=0 test=395 pass=false
Sep 21 20:55:20.759 INF API: test started suite=0 test=396 name="interop/control-version (nethermind_release)"
Sep 21 20:55:20.760 INF API: test ended suite=0 test=396 pass=false
Sep 21 20:55:20.761 INF API: test started suite=0 test=397 name="interop/debug-destroy (nethermind_release)"
Sep 21 20:55:20.836 INF API: test ended suite=0 test=397 pass=false
Sep 21 20:55:20.837 INF API: test started suite=0 test=398 name="interop/debug-gas7400-opcodes (nethermind_release)"
Sep 21 20:55:20.845 INF API: test ended suite=0 test=398 pass=false
Sep 21 20:55:20.846 INF API: test started suite=0 test=399 name="interop/debug-gas7400 (nethermind_release)"
Sep 21 20:55:20.848 INF API: test ended suite=0 test=399 pass=false
Sep 21 20:55:20.849 INF API: test started suite=0 test=400 name="interop/debug-mcopy (nethermind_release)"
Sep 21 20:55:20.851 INF API: test ended suite=0 test=400 pass=false
Sep 21 20:55:20.852 INF API: test started suite=0 test=401 name="interop/debug-mixed-create (nethermind_release)"
Sep 21 20:55:20.857 INF API: test ended suite=0 test=401 pass=false
Sep 21 20:55:20.858 INF API: test started suite=0 test=402 name="interop/debug-return42 (nethermind_release)"
Sep 21 20:55:20.860 INF API: test ended suite=0 test=402 pass=false
Sep 21 20:55:20.861 INF API: test started suite=0 test=403 name="interop/debug-siblings-ok-revert (nethermind_release)"
Sep 21 20:55:20.865 INF API: test ended suite=0 test=403 pass=false
Sep 21 20:55:20.866 INF API: test started suite=0 test=404 name="interop/debug-siblings-revert-ok (nethermind_release)"
Sep 21 20:55:20.868 INF API: test ended suite=0 test=404 pass=false
Sep 21 20:55:20.869 INF API: test started suite=0 test=405 name="interop/empty-types (nethermind_release)"
Sep 21 20:55:20.874 INF API: test ended suite=0 test=405 pass=false
Sep 21 20:55:20.884 INF API: test started suite=0 test=406 name="interop/filter-all (nethermind_release)"
Sep 21 20:55:20.893 INF API: test ended suite=0 test=406 pass=false
Sep 21 20:55:20.894 INF API: test started suite=0 test=407 name="interop/filter-both-null (nethermind_release)"
Sep 21 20:55:20.898 INF API: test ended suite=0 test=407 pass=false
Sep 21 20:55:20.898 INF API: test started suite=0 test=408 name="interop/filter-both-unknown-mode (nethermind_release)"
Sep 21 20:55:20.901 INF API: test ended suite=0 test=408 pass=false
Sep 21 20:55:20.902 INF API: test started suite=0 test=409 name="interop/filter-created-to (nethermind_release)"
Sep 21 20:55:20.905 INF API: test ended suite=0 test=409 pass=false
Sep 21 20:55:20.905 INF API: test started suite=0 test=410 name="interop/filter-creator-from (nethermind_release)"
Sep 21 20:55:20.908 INF API: test ended suite=0 test=410 pass=false
Sep 21 20:55:20.909 INF API: test started suite=0 test=411 name="interop/filter-from-empty-to-set (nethermind_release)"
Sep 21 20:55:20.911 INF API: test ended suite=0 test=411 pass=false
Sep 21 20:55:20.913 INF API: test started suite=0 test=412 name="interop/filter-from-null (nethermind_release)"
Sep 21 20:55:20.916 INF API: test ended suite=0 test=412 pass=false
Sep 21 20:55:20.917 INF API: test started suite=0 test=413 name="interop/filter-from-only-intersection (nethermind_release)"
Sep 21 20:55:20.920 INF API: test ended suite=0 test=413 pass=false
Sep 21 20:55:20.921 INF API: test started suite=0 test=414 name="interop/filter-negative-count (nethermind_release)"
Sep 21 20:55:20.925 INF API: test ended suite=0 test=414 pass=false
Sep 21 20:55:20.925 INF API: test started suite=0 test=415 name="interop/filter-page-0 (nethermind_release)"
Sep 21 20:55:20.928 INF API: test ended suite=0 test=415 pass=false
Sep 21 20:55:20.929 INF API: test started suite=0 test=416 name="interop/filter-page-1 (nethermind_release)"
Sep 21 20:55:20.932 INF API: test ended suite=0 test=416 pass=false
Sep 21 20:55:20.933 INF API: test started suite=0 test=417 name="interop/filter-page-2 (nethermind_release)"
Sep 21 20:55:20.936 INF API: test ended suite=0 test=417 pass=false
Sep 21 20:55:20.936 INF API: test started suite=0 test=418 name="interop/filter-past-end-page (nethermind_release)"
Sep 21 20:55:20.939 INF API: test ended suite=0 test=418 pass=false
Sep 21 20:55:20.939 INF API: test started suite=0 test=419 name="interop/filter-snapshot (nethermind_release)"
Sep 21 20:55:20.943 INF API: test ended suite=0 test=419 pass=false
Sep 21 20:55:20.943 INF API: test started suite=0 test=420 name="interop/filter-suicide-beneficiary (nethermind_release)"
Sep 21 20:55:20.946 INF API: test ended suite=0 test=420 pass=false
Sep 21 20:55:20.947 INF API: test started suite=0 test=421 name="interop/filter-suicide-from (nethermind_release)"
Sep 21 20:55:20.950 INF API: test ended suite=0 test=421 pass=false
Sep 21 20:55:20.951 INF API: test started suite=0 test=422 name="interop/filter-to-empty-from-set (nethermind_release)"
Sep 21 20:55:20.953 INF API: test ended suite=0 test=422 pass=false
Sep 21 20:55:20.954 INF API: test started suite=0 test=423 name="interop/filter-to-null (nethermind_release)"
Sep 21 20:55:20.957 INF API: test ended suite=0 test=423 pass=false
Sep 21 20:55:20.958 INF API: test started suite=0 test=424 name="interop/filter-to-only-intersection (nethermind_release)"
Sep 21 20:55:20.961 INF API: test ended suite=0 test=424 pass=false
Sep 21 20:55:20.962 INF API: test started suite=0 test=425 name="interop/filter-two-blocks (nethermind_release)"
Sep 21 20:55:20.966 INF API: test ended suite=0 test=425 pass=false
Sep 21 20:55:20.967 INF API: test started suite=0 test=426 name="interop/filter-unknown-field (nethermind_release)"
Sep 21 20:55:20.970 INF API: test ended suite=0 test=426 pass=false
Sep 21 20:55:20.971 INF API: test started suite=0 test=427 name="interop/filter-wrong-address-type (nethermind_release)"
Sep 21 20:55:20.973 INF API: test ended suite=0 test=427 pass=false
Sep 21 20:55:20.974 INF API: test started suite=0 test=428 name="interop/get-integer-path (nethermind_release)"
Sep 21 20:55:20.984 INF API: test ended suite=0 test=428 pass=false
Sep 21 20:55:20.985 INF API: test started suite=0 test=429 name="interop/get-nested-parent (nethermind_release)"
Sep 21 20:55:20.988 INF API: test ended suite=0 test=429 pass=false
Sep 21 20:55:20.989 INF API: test started suite=0 test=430 name="interop/get-nested-positive (nethermind_release)"
Sep 21 20:55:20.991 INF API: test ended suite=0 test=430 pass=false
Sep 21 20:55:20.992 INF API: test started suite=0 test=431 name="interop/get-path-wrong-type (nethermind_release)"
Sep 21 20:55:20.993 INF API: test ended suite=0 test=431 pass=false
Sep 21 20:55:20.994 INF API: test started suite=0 test=432 name="interop/many-storage-write-read (nethermind_release)"
Sep 21 20:55:21.013 INF API: test ended suite=0 test=432 pass=false
Sep 21 20:55:21.014 INF API: test started suite=0 test=433 name="interop/many-storage-write-revert-read (nethermind_release)"
Sep 21 20:55:21.018 INF API: test ended suite=0 test=433 pass=false
Sep 21 20:55:21.019 INF API: test started suite=0 test=434 name="interop/missing-block-block (nethermind_release)"
Sep 21 20:55:21.021 INF API: test ended suite=0 test=434 pass=false
Sep 21 20:55:21.021 INF API: test started suite=0 test=435 name="interop/missing-block-call (nethermind_release)"
Sep 21 20:55:21.023 INF API: test ended suite=0 test=435 pass=false
Sep 21 20:55:21.023 INF API: test started suite=0 test=436 name="interop/missing-block-filter (nethermind_release)"
Sep 21 20:55:21.024 INF API: test ended suite=0 test=436 pass=false
Sep 21 20:55:21.025 INF API: test started suite=0 test=437 name="interop/prefunded-empty (nethermind_release)"
Sep 21 20:55:21.028 INF API: test ended suite=0 test=437 pass=false
Sep 21 20:55:21.029 INF API: test started suite=0 test=438 name="interop/raw-below-basefee (nethermind_release)"
Sep 21 20:55:21.034 INF API: test ended suite=0 test=438 pass=false
Sep 21 20:55:21.035 INF API: test started suite=0 test=439 name="interop/raw-insufficient-funds (nethermind_release)"
Sep 21 20:55:21.040 INF API: test ended suite=0 test=439 pass=false
Sep 21 20:55:21.041 INF API: test started suite=0 test=440 name="interop/raw-low-gas (nethermind_release)"
Sep 21 20:55:21.043 INF API: test ended suite=0 test=440 pass=false
Sep 21 20:55:21.043 INF API: test started suite=0 test=441 name="interop/raw-nonce-high (nethermind_release)"
Sep 21 20:55:21.046 INF API: test ended suite=0 test=441 pass=false
Sep 21 20:55:21.047 INF API: test started suite=0 test=442 name="interop/raw-valid (nethermind_release)"
Sep 21 20:55:21.050 INF API: test ended suite=0 test=442 pass=false
Sep 21 20:55:21.050 INF API: test started suite=0 test=443 name="interop/raw-wrong-chain (nethermind_release)"
Sep 21 20:55:21.053 INF API: test ended suite=0 test=443 pass=false
Sep 21 20:55:21.053 INF API: test started suite=0 test=444 name="interop/state-only-nonempty-output (nethermind_release)"
Sep 21 20:55:21.055 INF API: test ended suite=0 test=444 pass=false
Sep 21 20:55:21.056 INF API: test started suite=0 test=445 name="interop/transaction-tree (nethermind_release)"
Sep 21 20:55:21.060 INF API: test ended suite=0 test=445 pass=false
Sep 21 20:55:21.061 INF API: test started suite=0 test=446 name="interop/vm-only-nonempty-output (nethermind_release)"
Sep 21 20:55:21.063 INF API: test ended suite=0 test=446 pass=false
Sep 21 20:55:21.382 INF API: test ended suite=0 test=358 pass=true
Sep 21 20:55:21.383 INF API: test started suite=0 test=447 name="client launch (reth_development)"
Sep 21 20:55:23.625 INF API: client reth_development started suite=0 test=447 container=5dd1a49c
Sep 21 20:55:23.647 INF API: test started suite=0 test=448 name="interop/_control/head (reth_development)"
Sep 21 20:55:23.651 INF API: test ended suite=0 test=448 pass=false
Sep 21 20:55:23.653 INF API: test started suite=0 test=449 name="interop/_control/version (reth_development)"
Sep 21 20:55:23.658 INF API: test ended suite=0 test=449 pass=false
Sep 21 20:55:23.660 INF API: test started suite=0 test=450 name="interop/auth-clear (reth_development)"
Sep 21 20:55:23.666 INF API: test ended suite=0 test=450 pass=false
Sep 21 20:55:23.668 INF API: test started suite=0 test=451 name="interop/auth-replace (reth_development)"
Sep 21 20:55:23.673 INF API: test ended suite=0 test=451 pass=false
Sep 21 20:55:23.675 INF API: test started suite=0 test=452 name="interop/auth-set-revert (reth_development)"
Sep 21 20:55:23.680 INF API: test ended suite=0 test=452 pass=false
Sep 21 20:55:23.681 INF API: test started suite=0 test=453 name="interop/auth-set (reth_development)"
Sep 21 20:55:23.686 INF API: test ended suite=0 test=453 pass=false
Sep 21 20:55:23.688 INF API: test started suite=0 test=454 name="interop/block-2 (reth_development)"
Sep 21 20:55:23.694 INF API: test ended suite=0 test=454 pass=false
Sep 21 20:55:23.696 INF API: test started suite=0 test=455 name="interop/block-3 (reth_development)"
Sep 21 20:55:23.699 INF API: test ended suite=0 test=455 pass=false
Sep 21 20:55:23.700 INF API: test started suite=0 test=456 name="interop/call-destroy (reth_development)"
Sep 21 20:55:23.704 INF API: test ended suite=0 test=456 pass=false
Sep 21 20:55:23.706 INF API: test started suite=0 test=457 name="interop/call-gas7400 (reth_development)"
Sep 21 20:55:23.721 INF API: test ended suite=0 test=457 pass=false
Sep 21 20:55:23.723 INF API: test started suite=0 test=458 name="interop/call-mcopy (reth_development)"
Sep 21 20:55:23.727 INF API: test ended suite=0 test=458 pass=false
Sep 21 20:55:23.730 INF API: test started suite=0 test=459 name="interop/call-mixed-create (reth_development)"
Sep 21 20:55:23.738 INF API: test ended suite=0 test=459 pass=false
Sep 21 20:55:23.740 INF API: test started suite=0 test=460 name="interop/call-null-mode (reth_development)"
Sep 21 20:55:23.743 INF API: test ended suite=0 test=460 pass=false
Sep 21 20:55:23.746 INF API: test started suite=0 test=461 name="interop/call-return42 (reth_development)"
Sep 21 20:55:23.750 INF API: test ended suite=0 test=461 pass=false
Sep 21 20:55:23.751 INF API: test started suite=0 test=462 name="interop/call-scalar-mode (reth_development)"
Sep 21 20:55:23.753 INF API: test ended suite=0 test=462 pass=false
Sep 21 20:55:23.754 INF API: test started suite=0 test=463 name="interop/call-siblings-ok-revert (reth_development)"
Sep 21 20:55:23.758 INF API: test ended suite=0 test=463 pass=false
Sep 21 20:55:23.759 INF API: test started suite=0 test=464 name="interop/call-siblings-revert-ok (reth_development)"
Sep 21 20:55:23.765 INF API: test ended suite=0 test=464 pass=false
Sep 21 20:55:23.767 INF API: test started suite=0 test=465 name="interop/call-unknown-field (reth_development)"
Sep 21 20:55:23.771 INF API: test ended suite=0 test=465 pass=false
Sep 21 20:55:23.774 INF API: test started suite=0 test=466 name="interop/call-unknown-mode (reth_development)"
Sep 21 20:55:23.776 INF API: test ended suite=0 test=466 pass=false
Sep 21 20:55:23.778 INF API: test started suite=0 test=467 name="interop/call-wrong-type (reth_development)"
Sep 21 20:55:23.780 INF API: test ended suite=0 test=467 pass=false
Sep 21 20:55:23.781 INF API: test started suite=0 test=468 name="interop/control-chain (reth_development)"
Sep 21 20:55:23.783 INF API: test ended suite=0 test=468 pass=false
Sep 21 20:55:23.784 INF API: test started suite=0 test=469 name="interop/control-code-delegated (reth_development)"
Sep 21 20:55:23.786 INF API: test ended suite=0 test=469 pass=false
Sep 21 20:55:23.787 INF API: test started suite=0 test=470 name="interop/control-code-destroy (reth_development)"
Sep 21 20:55:23.788 INF API: test ended suite=0 test=470 pass=false
Sep 21 20:55:23.789 INF API: test started suite=0 test=471 name="interop/control-code-gas7400 (reth_development)"
Sep 21 20:55:23.791 INF API: test ended suite=0 test=471 pass=false
Sep 21 20:55:23.792 INF API: test started suite=0 test=472 name="interop/control-code-mcopy (reth_development)"
Sep 21 20:55:23.794 INF API: test ended suite=0 test=472 pass=false
Sep 21 20:55:23.796 INF API: test started suite=0 test=473 name="interop/control-code-mixed-create (reth_development)"
Sep 21 20:55:23.797 INF API: test ended suite=0 test=473 pass=false
Sep 21 20:55:23.800 INF API: test started suite=0 test=474 name="interop/control-code-prefunded-empty (reth_development)"
Sep 21 20:55:23.802 INF API: test ended suite=0 test=474 pass=false
Sep 21 20:55:23.803 INF API: test started suite=0 test=475 name="interop/control-code-return42 (reth_development)"
Sep 21 20:55:23.805 INF API: test ended suite=0 test=475 pass=false
Sep 21 20:55:23.806 INF API: test started suite=0 test=476 name="interop/control-code-revert (reth_development)"
Sep 21 20:55:23.808 INF API: test ended suite=0 test=476 pass=false
Sep 21 20:55:23.810 INF API: test started suite=0 test=477 name="interop/control-code-siblings-ok-revert (reth_development)"
Sep 21 20:55:23.812 INF API: test ended suite=0 test=477 pass=false
Sep 21 20:55:23.813 INF API: test started suite=0 test=478 name="interop/control-code-siblings-revert-ok (reth_development)"
Sep 21 20:55:23.816 INF API: test ended suite=0 test=478 pass=false
Sep 21 20:55:23.817 INF API: test started suite=0 test=479 name="interop/control-code-storage (reth_development)"
Sep 21 20:55:23.820 INF API: test ended suite=0 test=479 pass=false
Sep 21 20:55:23.822 INF API: test started suite=0 test=480 name="interop/control-code-undelegated (reth_development)"
Sep 21 20:55:23.825 INF API: test ended suite=0 test=480 pass=false
Sep 21 20:55:23.827 INF API: test started suite=0 test=481 name="interop/control-head (reth_development)"
Sep 21 20:55:23.829 INF API: test ended suite=0 test=481 pass=false
Sep 21 20:55:23.830 INF API: test started suite=0 test=482 name="interop/control-height (reth_development)"
Sep 21 20:55:23.831 INF API: test ended suite=0 test=482 pass=false
Sep 21 20:55:23.832 INF API: test started suite=0 test=483 name="interop/control-nonce (reth_development)"
Sep 21 20:55:23.834 INF API: test ended suite=0 test=483 pass=false
Sep 21 20:55:23.835 INF API: test started suite=0 test=484 name="interop/control-storage-after-many (reth_development)"
Sep 21 20:55:23.837 INF API: test ended suite=0 test=484 pass=false
Sep 21 20:55:23.838 INF API: test started suite=0 test=485 name="interop/control-version (reth_development)"
Sep 21 20:55:23.840 INF API: test ended suite=0 test=485 pass=false
Sep 21 20:55:23.841 INF API: test started suite=0 test=486 name="interop/debug-destroy (reth_development)"
Sep 21 20:55:23.844 INF API: test ended suite=0 test=486 pass=false
Sep 21 20:55:23.846 INF API: test started suite=0 test=487 name="interop/debug-gas7400-opcodes (reth_development)"
Sep 21 20:55:23.848 INF API: test ended suite=0 test=487 pass=false
Sep 21 20:55:23.850 INF API: test started suite=0 test=488 name="interop/debug-gas7400 (reth_development)"
Sep 21 20:55:23.852 INF API: test ended suite=0 test=488 pass=false
Sep 21 20:55:23.853 INF API: test started suite=0 test=489 name="interop/debug-mcopy (reth_development)"
Sep 21 20:55:23.855 INF API: test ended suite=0 test=489 pass=false
Sep 21 20:55:23.856 INF API: test started suite=0 test=490 name="interop/debug-mixed-create (reth_development)"
Sep 21 20:55:23.859 INF API: test ended suite=0 test=490 pass=false
Sep 21 20:55:23.860 INF API: test started suite=0 test=491 name="interop/debug-return42 (reth_development)"
Sep 21 20:55:23.862 INF API: test ended suite=0 test=491 pass=false
Sep 21 20:55:23.864 INF API: test started suite=0 test=492 name="interop/debug-siblings-ok-revert (reth_development)"
Sep 21 20:55:23.866 INF API: test ended suite=0 test=492 pass=false
Sep 21 20:55:23.867 INF API: test started suite=0 test=493 name="interop/debug-siblings-revert-ok (reth_development)"
Sep 21 20:55:23.870 INF API: test ended suite=0 test=493 pass=false
Sep 21 20:55:23.872 INF API: test started suite=0 test=494 name="interop/empty-types (reth_development)"
Sep 21 20:55:23.874 INF API: test ended suite=0 test=494 pass=false
Sep 21 20:55:23.875 INF API: test started suite=0 test=495 name="interop/filter-all (reth_development)"
Sep 21 20:55:23.879 INF API: test ended suite=0 test=495 pass=false
Sep 21 20:55:23.881 INF API: test started suite=0 test=496 name="interop/filter-both-null (reth_development)"
Sep 21 20:55:23.883 INF API: test ended suite=0 test=496 pass=false
Sep 21 20:55:23.887 INF API: test started suite=0 test=497 name="interop/filter-both-unknown-mode (reth_development)"
Sep 21 20:55:23.889 INF API: test ended suite=0 test=497 pass=false
Sep 21 20:55:23.890 INF API: test started suite=0 test=498 name="interop/filter-created-to (reth_development)"
Sep 21 20:55:23.894 INF API: test ended suite=0 test=498 pass=false
Sep 21 20:55:23.896 INF API: test started suite=0 test=499 name="interop/filter-creator-from (reth_development)"
Sep 21 20:55:23.899 INF API: test ended suite=0 test=499 pass=false
Sep 21 20:55:23.901 INF API: test started suite=0 test=500 name="interop/filter-from-empty-to-set (reth_development)"
Sep 21 20:55:23.906 INF API: test ended suite=0 test=500 pass=false
Sep 21 20:55:23.907 INF API: test started suite=0 test=501 name="interop/filter-from-null (reth_development)"
Sep 21 20:55:23.911 INF API: test ended suite=0 test=501 pass=false
Sep 21 20:55:23.912 INF API: test started suite=0 test=502 name="interop/filter-from-only-intersection (reth_development)"
Sep 21 20:55:23.918 INF API: test ended suite=0 test=502 pass=false
Sep 21 20:55:23.919 INF API: test started suite=0 test=503 name="interop/filter-negative-count (reth_development)"
Sep 21 20:55:23.924 INF API: test ended suite=0 test=503 pass=false
Sep 21 20:55:23.925 INF API: test started suite=0 test=504 name="interop/filter-page-0 (reth_development)"
Sep 21 20:55:23.929 INF API: test ended suite=0 test=504 pass=false
Sep 21 20:55:23.933 INF API: test started suite=0 test=505 name="interop/filter-page-1 (reth_development)"
Sep 21 20:55:23.939 INF API: test ended suite=0 test=505 pass=false
Sep 21 20:55:23.941 INF API: test started suite=0 test=506 name="interop/filter-page-2 (reth_development)"
Sep 21 20:55:23.946 INF API: test ended suite=0 test=506 pass=false
Sep 21 20:55:23.949 INF API: test started suite=0 test=507 name="interop/filter-past-end-page (reth_development)"
Sep 21 20:55:23.953 INF API: test ended suite=0 test=507 pass=false
Sep 21 20:55:23.955 INF API: test started suite=0 test=508 name="interop/filter-snapshot (reth_development)"
Sep 21 20:55:23.960 INF API: test ended suite=0 test=508 pass=false
Sep 21 20:55:23.964 INF API: test started suite=0 test=509 name="interop/filter-suicide-beneficiary (reth_development)"
Sep 21 20:55:23.968 INF API: test ended suite=0 test=509 pass=false
Sep 21 20:55:23.970 INF API: test started suite=0 test=510 name="interop/filter-suicide-from (reth_development)"
Sep 21 20:55:23.973 INF API: test ended suite=0 test=510 pass=false
Sep 21 20:55:23.974 INF API: test started suite=0 test=511 name="interop/filter-to-empty-from-set (reth_development)"
Sep 21 20:55:23.980 INF API: test ended suite=0 test=511 pass=false
Sep 21 20:55:23.981 INF API: test started suite=0 test=512 name="interop/filter-to-null (reth_development)"
Sep 21 20:55:23.984 INF API: test ended suite=0 test=512 pass=false
Sep 21 20:55:23.986 INF API: test started suite=0 test=513 name="interop/filter-to-only-intersection (reth_development)"
Sep 21 20:55:23.990 INF API: test ended suite=0 test=513 pass=false
Sep 21 20:55:23.991 INF API: test started suite=0 test=514 name="interop/filter-two-blocks (reth_development)"
Sep 21 20:55:23.999 INF API: test ended suite=0 test=514 pass=false
Sep 21 20:55:24.001 INF API: test started suite=0 test=515 name="interop/filter-unknown-field (reth_development)"
Sep 21 20:55:24.004 INF API: test ended suite=0 test=515 pass=false
Sep 21 20:55:24.006 INF API: test started suite=0 test=516 name="interop/filter-wrong-address-type (reth_development)"
Sep 21 20:55:24.010 INF API: test ended suite=0 test=516 pass=false
Sep 21 20:55:24.012 INF API: test started suite=0 test=517 name="interop/get-integer-path (reth_development)"
Sep 21 20:55:24.014 INF API: test ended suite=0 test=517 pass=false
Sep 21 20:55:24.016 INF API: test started suite=0 test=518 name="interop/get-nested-parent (reth_development)"
Sep 21 20:55:24.019 INF API: test ended suite=0 test=518 pass=false
Sep 21 20:55:24.021 INF API: test started suite=0 test=519 name="interop/get-nested-positive (reth_development)"
Sep 21 20:55:24.022 INF API: test ended suite=0 test=519 pass=false
Sep 21 20:55:24.024 INF API: test started suite=0 test=520 name="interop/get-path-wrong-type (reth_development)"
Sep 21 20:55:24.026 INF API: test ended suite=0 test=520 pass=false
Sep 21 20:55:24.028 INF API: test started suite=0 test=521 name="interop/many-storage-write-read (reth_development)"
Sep 21 20:55:24.031 INF API: test ended suite=0 test=521 pass=false
Sep 21 20:55:24.033 INF API: test started suite=0 test=522 name="interop/many-storage-write-revert-read (reth_development)"
Sep 21 20:55:24.036 INF API: test ended suite=0 test=522 pass=false
Sep 21 20:55:24.039 INF API: test started suite=0 test=523 name="interop/missing-block-block (reth_development)"
Sep 21 20:55:24.042 INF API: test ended suite=0 test=523 pass=false
Sep 21 20:55:24.043 INF API: test started suite=0 test=524 name="interop/missing-block-call (reth_development)"
Sep 21 20:55:24.046 INF API: test ended suite=0 test=524 pass=false
Sep 21 20:55:24.047 INF API: test started suite=0 test=525 name="interop/missing-block-filter (reth_development)"
Sep 21 20:55:24.051 INF API: test ended suite=0 test=525 pass=false
Sep 21 20:55:24.054 INF API: test started suite=0 test=526 name="interop/prefunded-empty (reth_development)"
Sep 21 20:55:24.058 INF API: test ended suite=0 test=526 pass=false
Sep 21 20:55:24.060 INF API: test started suite=0 test=527 name="interop/raw-below-basefee (reth_development)"
Sep 21 20:55:24.065 INF API: test ended suite=0 test=527 pass=false
Sep 21 20:55:24.069 INF API: test started suite=0 test=528 name="interop/raw-insufficient-funds (reth_development)"
Sep 21 20:55:24.075 INF API: test ended suite=0 test=528 pass=false
Sep 21 20:55:24.080 INF API: test started suite=0 test=529 name="interop/raw-low-gas (reth_development)"
Sep 21 20:55:24.082 INF API: test ended suite=0 test=529 pass=false
Sep 21 20:55:24.084 INF API: test started suite=0 test=530 name="interop/raw-nonce-high (reth_development)"
Sep 21 20:55:24.087 INF API: test ended suite=0 test=530 pass=false
Sep 21 20:55:24.088 INF API: test started suite=0 test=531 name="interop/raw-valid (reth_development)"
Sep 21 20:55:24.091 INF API: test ended suite=0 test=531 pass=false
Sep 21 20:55:24.093 INF API: test started suite=0 test=532 name="interop/raw-wrong-chain (reth_development)"
Sep 21 20:55:24.096 INF API: test ended suite=0 test=532 pass=false
Sep 21 20:55:24.097 INF API: test started suite=0 test=533 name="interop/state-only-nonempty-output (reth_development)"
Sep 21 20:55:24.099 INF API: test ended suite=0 test=533 pass=false
Sep 21 20:55:24.101 INF API: test started suite=0 test=534 name="interop/transaction-tree (reth_development)"
Sep 21 20:55:24.105 INF API: test ended suite=0 test=534 pass=false
Sep 21 20:55:24.107 INF API: test started suite=0 test=535 name="interop/vm-only-nonempty-output (reth_development)"
Sep 21 20:55:24.109 INF API: test ended suite=0 test=535 pass=false
Sep 21 20:55:24.404 INF API: test ended suite=0 test=447 pass=true
Sep 21 20:55:24.406 INF API: test started suite=0 test=536 name="client launch (reth_release)"
Sep 21 20:55:26.524 INF API: client reth_release started suite=0 test=536 container=1fdd17b1
Sep 21 20:55:26.535 INF API: test started suite=0 test=537 name="interop/_control/head (reth_release)"
Sep 21 20:55:26.538 INF API: test ended suite=0 test=537 pass=false
Sep 21 20:55:26.539 INF API: test started suite=0 test=538 name="interop/_control/version (reth_release)"
Sep 21 20:55:26.540 INF API: test ended suite=0 test=538 pass=false
Sep 21 20:55:26.541 INF API: test started suite=0 test=539 name="interop/auth-clear (reth_release)"
Sep 21 20:55:26.543 INF API: test ended suite=0 test=539 pass=false
Sep 21 20:55:26.544 INF API: test started suite=0 test=540 name="interop/auth-replace (reth_release)"
Sep 21 20:55:26.547 INF API: test ended suite=0 test=540 pass=false
Sep 21 20:55:26.548 INF API: test started suite=0 test=541 name="interop/auth-set-revert (reth_release)"
Sep 21 20:55:26.550 INF API: test ended suite=0 test=541 pass=false
Sep 21 20:55:26.550 INF API: test started suite=0 test=542 name="interop/auth-set (reth_release)"
Sep 21 20:55:26.552 INF API: test ended suite=0 test=542 pass=false
Sep 21 20:55:26.553 INF API: test started suite=0 test=543 name="interop/block-2 (reth_release)"
Sep 21 20:55:26.555 INF API: test ended suite=0 test=543 pass=false
Sep 21 20:55:26.556 INF API: test started suite=0 test=544 name="interop/block-3 (reth_release)"
Sep 21 20:55:26.558 INF API: test ended suite=0 test=544 pass=false
Sep 21 20:55:26.559 INF API: test started suite=0 test=545 name="interop/call-destroy (reth_release)"
Sep 21 20:55:26.561 INF API: test ended suite=0 test=545 pass=false
Sep 21 20:55:26.562 INF API: test started suite=0 test=546 name="interop/call-gas7400 (reth_release)"
Sep 21 20:55:26.568 INF API: test ended suite=0 test=546 pass=false
Sep 21 20:55:26.569 INF API: test started suite=0 test=547 name="interop/call-mcopy (reth_release)"
Sep 21 20:55:26.571 INF API: test ended suite=0 test=547 pass=false
Sep 21 20:55:26.572 INF API: test started suite=0 test=548 name="interop/call-mixed-create (reth_release)"
Sep 21 20:55:26.575 INF API: test ended suite=0 test=548 pass=false
Sep 21 20:55:26.576 INF API: test started suite=0 test=549 name="interop/call-null-mode (reth_release)"
Sep 21 20:55:26.577 INF API: test ended suite=0 test=549 pass=false
Sep 21 20:55:26.577 INF API: test started suite=0 test=550 name="interop/call-return42 (reth_release)"
Sep 21 20:55:26.579 INF API: test ended suite=0 test=550 pass=false
Sep 21 20:55:26.579 INF API: test started suite=0 test=551 name="interop/call-scalar-mode (reth_release)"
Sep 21 20:55:26.581 INF API: test ended suite=0 test=551 pass=false
Sep 21 20:55:26.581 INF API: test started suite=0 test=552 name="interop/call-siblings-ok-revert (reth_release)"
Sep 21 20:55:26.584 INF API: test ended suite=0 test=552 pass=false
Sep 21 20:55:26.585 INF API: test started suite=0 test=553 name="interop/call-siblings-revert-ok (reth_release)"
Sep 21 20:55:26.588 INF API: test ended suite=0 test=553 pass=false
Sep 21 20:55:26.589 INF API: test started suite=0 test=554 name="interop/call-unknown-field (reth_release)"
Sep 21 20:55:26.590 INF API: test ended suite=0 test=554 pass=false
Sep 21 20:55:26.591 INF API: test started suite=0 test=555 name="interop/call-unknown-mode (reth_release)"
Sep 21 20:55:26.593 INF API: test ended suite=0 test=555 pass=false
Sep 21 20:55:26.594 INF API: test started suite=0 test=556 name="interop/call-wrong-type (reth_release)"
Sep 21 20:55:26.595 INF API: test ended suite=0 test=556 pass=false
Sep 21 20:55:26.595 INF API: test started suite=0 test=557 name="interop/control-chain (reth_release)"
Sep 21 20:55:26.596 INF API: test ended suite=0 test=557 pass=false
Sep 21 20:55:26.597 INF API: test started suite=0 test=558 name="interop/control-code-delegated (reth_release)"
Sep 21 20:55:26.598 INF API: test ended suite=0 test=558 pass=false
Sep 21 20:55:26.599 INF API: test started suite=0 test=559 name="interop/control-code-destroy (reth_release)"
Sep 21 20:55:26.600 INF API: test ended suite=0 test=559 pass=false
Sep 21 20:55:26.601 INF API: test started suite=0 test=560 name="interop/control-code-gas7400 (reth_release)"
Sep 21 20:55:26.602 INF API: test ended suite=0 test=560 pass=false
Sep 21 20:55:26.603 INF API: test started suite=0 test=561 name="interop/control-code-mcopy (reth_release)"
Sep 21 20:55:26.604 INF API: test ended suite=0 test=561 pass=false
Sep 21 20:55:26.605 INF API: test started suite=0 test=562 name="interop/control-code-mixed-create (reth_release)"
Sep 21 20:55:26.607 INF API: test ended suite=0 test=562 pass=false
Sep 21 20:55:26.607 INF API: test started suite=0 test=563 name="interop/control-code-prefunded-empty (reth_release)"
Sep 21 20:55:26.608 INF API: test ended suite=0 test=563 pass=false
Sep 21 20:55:26.610 INF API: test started suite=0 test=564 name="interop/control-code-return42 (reth_release)"
Sep 21 20:55:26.611 INF API: test ended suite=0 test=564 pass=false
Sep 21 20:55:26.612 INF API: test started suite=0 test=565 name="interop/control-code-revert (reth_release)"
Sep 21 20:55:26.613 INF API: test ended suite=0 test=565 pass=false
Sep 21 20:55:26.613 INF API: test started suite=0 test=566 name="interop/control-code-siblings-ok-revert (reth_release)"
Sep 21 20:55:26.614 INF API: test ended suite=0 test=566 pass=false
Sep 21 20:55:26.615 INF API: test started suite=0 test=567 name="interop/control-code-siblings-revert-ok (reth_release)"
Sep 21 20:55:26.616 INF API: test ended suite=0 test=567 pass=false
Sep 21 20:55:26.617 INF API: test started suite=0 test=568 name="interop/control-code-storage (reth_release)"
Sep 21 20:55:26.618 INF API: test ended suite=0 test=568 pass=false
Sep 21 20:55:26.619 INF API: test started suite=0 test=569 name="interop/control-code-undelegated (reth_release)"
Sep 21 20:55:26.620 INF API: test ended suite=0 test=569 pass=false
Sep 21 20:55:26.621 INF API: test started suite=0 test=570 name="interop/control-head (reth_release)"
Sep 21 20:55:26.623 INF API: test ended suite=0 test=570 pass=false
Sep 21 20:55:26.624 INF API: test started suite=0 test=571 name="interop/control-height (reth_release)"
Sep 21 20:55:26.625 INF API: test ended suite=0 test=571 pass=false
Sep 21 20:55:26.626 INF API: test started suite=0 test=572 name="interop/control-nonce (reth_release)"
Sep 21 20:55:26.627 INF API: test ended suite=0 test=572 pass=false
Sep 21 20:55:26.628 INF API: test started suite=0 test=573 name="interop/control-storage-after-many (reth_release)"
Sep 21 20:55:26.629 INF API: test ended suite=0 test=573 pass=false
Sep 21 20:55:26.630 INF API: test started suite=0 test=574 name="interop/control-version (reth_release)"
Sep 21 20:55:26.631 INF API: test ended suite=0 test=574 pass=false
Sep 21 20:55:26.632 INF API: test started suite=0 test=575 name="interop/debug-destroy (reth_release)"
Sep 21 20:55:26.634 INF API: test ended suite=0 test=575 pass=false
Sep 21 20:55:26.634 INF API: test started suite=0 test=576 name="interop/debug-gas7400-opcodes (reth_release)"
Sep 21 20:55:26.636 INF API: test ended suite=0 test=576 pass=false
Sep 21 20:55:26.637 INF API: test started suite=0 test=577 name="interop/debug-gas7400 (reth_release)"
Sep 21 20:55:26.638 INF API: test ended suite=0 test=577 pass=false
Sep 21 20:55:26.639 INF API: test started suite=0 test=578 name="interop/debug-mcopy (reth_release)"
Sep 21 20:55:26.640 INF API: test ended suite=0 test=578 pass=false
Sep 21 20:55:26.641 INF API: test started suite=0 test=579 name="interop/debug-mixed-create (reth_release)"
Sep 21 20:55:26.643 INF API: test ended suite=0 test=579 pass=false
Sep 21 20:55:26.643 INF API: test started suite=0 test=580 name="interop/debug-return42 (reth_release)"
Sep 21 20:55:26.645 INF API: test ended suite=0 test=580 pass=false
Sep 21 20:55:26.645 INF API: test started suite=0 test=581 name="interop/debug-siblings-ok-revert (reth_release)"
Sep 21 20:55:26.647 INF API: test ended suite=0 test=581 pass=false
Sep 21 20:55:26.648 INF API: test started suite=0 test=582 name="interop/debug-siblings-revert-ok (reth_release)"
Sep 21 20:55:26.649 INF API: test ended suite=0 test=582 pass=false
Sep 21 20:55:26.650 INF API: test started suite=0 test=583 name="interop/empty-types (reth_release)"
Sep 21 20:55:26.651 INF API: test ended suite=0 test=583 pass=false
Sep 21 20:55:26.652 INF API: test started suite=0 test=584 name="interop/filter-all (reth_release)"
Sep 21 20:55:26.655 INF API: test ended suite=0 test=584 pass=false
Sep 21 20:55:26.656 INF API: test started suite=0 test=585 name="interop/filter-both-null (reth_release)"
Sep 21 20:55:26.657 INF API: test ended suite=0 test=585 pass=false
Sep 21 20:55:26.657 INF API: test started suite=0 test=586 name="interop/filter-both-unknown-mode (reth_release)"
Sep 21 20:55:26.659 INF API: test ended suite=0 test=586 pass=false
Sep 21 20:55:26.659 INF API: test started suite=0 test=587 name="interop/filter-created-to (reth_release)"
Sep 21 20:55:26.661 INF API: test ended suite=0 test=587 pass=false
Sep 21 20:55:26.662 INF API: test started suite=0 test=588 name="interop/filter-creator-from (reth_release)"
Sep 21 20:55:26.664 INF API: test ended suite=0 test=588 pass=false
Sep 21 20:55:26.665 INF API: test started suite=0 test=589 name="interop/filter-from-empty-to-set (reth_release)"
Sep 21 20:55:26.667 INF API: test ended suite=0 test=589 pass=false
Sep 21 20:55:26.667 INF API: test started suite=0 test=590 name="interop/filter-from-null (reth_release)"
Sep 21 20:55:26.668 INF API: test ended suite=0 test=590 pass=false
Sep 21 20:55:26.669 INF API: test started suite=0 test=591 name="interop/filter-from-only-intersection (reth_release)"
Sep 21 20:55:26.671 INF API: test ended suite=0 test=591 pass=false
Sep 21 20:55:26.672 INF API: test started suite=0 test=592 name="interop/filter-negative-count (reth_release)"
Sep 21 20:55:26.672 INF API: test ended suite=0 test=592 pass=false
Sep 21 20:55:26.673 INF API: test started suite=0 test=593 name="interop/filter-page-0 (reth_release)"
Sep 21 20:55:26.675 INF API: test ended suite=0 test=593 pass=false
Sep 21 20:55:26.675 INF API: test started suite=0 test=594 name="interop/filter-page-1 (reth_release)"
Sep 21 20:55:26.678 INF API: test ended suite=0 test=594 pass=false
Sep 21 20:55:26.679 INF API: test started suite=0 test=595 name="interop/filter-page-2 (reth_release)"
Sep 21 20:55:26.681 INF API: test ended suite=0 test=595 pass=false
Sep 21 20:55:26.682 INF API: test started suite=0 test=596 name="interop/filter-past-end-page (reth_release)"
Sep 21 20:55:26.684 INF API: test ended suite=0 test=596 pass=false
Sep 21 20:55:26.685 INF API: test started suite=0 test=597 name="interop/filter-snapshot (reth_release)"
Sep 21 20:55:26.688 INF API: test ended suite=0 test=597 pass=false
Sep 21 20:55:26.689 INF API: test started suite=0 test=598 name="interop/filter-suicide-beneficiary (reth_release)"
Sep 21 20:55:26.691 INF API: test ended suite=0 test=598 pass=false
Sep 21 20:55:26.692 INF API: test started suite=0 test=599 name="interop/filter-suicide-from (reth_release)"
Sep 21 20:55:26.694 INF API: test ended suite=0 test=599 pass=false
Sep 21 20:55:26.695 INF API: test started suite=0 test=600 name="interop/filter-to-empty-from-set (reth_release)"
Sep 21 20:55:26.698 INF API: test ended suite=0 test=600 pass=false
Sep 21 20:55:26.698 INF API: test started suite=0 test=601 name="interop/filter-to-null (reth_release)"
Sep 21 20:55:26.699 INF API: test ended suite=0 test=601 pass=false
Sep 21 20:55:26.700 INF API: test started suite=0 test=602 name="interop/filter-to-only-intersection (reth_release)"
Sep 21 20:55:26.702 INF API: test ended suite=0 test=602 pass=false
Sep 21 20:55:26.703 INF API: test started suite=0 test=603 name="interop/filter-two-blocks (reth_release)"
Sep 21 20:55:26.706 INF API: test ended suite=0 test=603 pass=false
Sep 21 20:55:26.707 INF API: test started suite=0 test=604 name="interop/filter-unknown-field (reth_release)"
Sep 21 20:55:26.708 INF API: test ended suite=0 test=604 pass=false
Sep 21 20:55:26.708 INF API: test started suite=0 test=605 name="interop/filter-wrong-address-type (reth_release)"
Sep 21 20:55:26.709 INF API: test ended suite=0 test=605 pass=false
Sep 21 20:55:26.710 INF API: test started suite=0 test=606 name="interop/get-integer-path (reth_release)"
Sep 21 20:55:26.711 INF API: test ended suite=0 test=606 pass=false
Sep 21 20:55:26.712 INF API: test started suite=0 test=607 name="interop/get-nested-parent (reth_release)"
Sep 21 20:55:26.714 INF API: test ended suite=0 test=607 pass=false
Sep 21 20:55:26.715 INF API: test started suite=0 test=608 name="interop/get-nested-positive (reth_release)"
Sep 21 20:55:26.716 INF API: test ended suite=0 test=608 pass=false
Sep 21 20:55:26.717 INF API: test started suite=0 test=609 name="interop/get-path-wrong-type (reth_release)"
Sep 21 20:55:26.718 INF API: test ended suite=0 test=609 pass=false
Sep 21 20:55:26.719 INF API: test started suite=0 test=610 name="interop/many-storage-write-read (reth_release)"
Sep 21 20:55:26.720 INF API: test ended suite=0 test=610 pass=false
Sep 21 20:55:26.721 INF API: test started suite=0 test=611 name="interop/many-storage-write-revert-read (reth_release)"
Sep 21 20:55:26.723 INF API: test ended suite=0 test=611 pass=false
Sep 21 20:55:26.724 INF API: test started suite=0 test=612 name="interop/missing-block-block (reth_release)"
Sep 21 20:55:26.725 INF API: test ended suite=0 test=612 pass=false
Sep 21 20:55:26.726 INF API: test started suite=0 test=613 name="interop/missing-block-call (reth_release)"
Sep 21 20:55:26.727 INF API: test ended suite=0 test=613 pass=false
Sep 21 20:55:26.728 INF API: test started suite=0 test=614 name="interop/missing-block-filter (reth_release)"
Sep 21 20:55:26.729 INF API: test ended suite=0 test=614 pass=false
Sep 21 20:55:26.730 INF API: test started suite=0 test=615 name="interop/prefunded-empty (reth_release)"
Sep 21 20:55:26.732 INF API: test ended suite=0 test=615 pass=false
Sep 21 20:55:26.732 INF API: test started suite=0 test=616 name="interop/raw-below-basefee (reth_release)"
Sep 21 20:55:26.734 INF API: test ended suite=0 test=616 pass=false
Sep 21 20:55:26.734 INF API: test started suite=0 test=617 name="interop/raw-insufficient-funds (reth_release)"
Sep 21 20:55:26.736 INF API: test ended suite=0 test=617 pass=false
Sep 21 20:55:26.737 INF API: test started suite=0 test=618 name="interop/raw-low-gas (reth_release)"
Sep 21 20:55:26.738 INF API: test ended suite=0 test=618 pass=false
Sep 21 20:55:26.739 INF API: test started suite=0 test=619 name="interop/raw-nonce-high (reth_release)"
Sep 21 20:55:26.740 INF API: test ended suite=0 test=619 pass=false
Sep 21 20:55:26.741 INF API: test started suite=0 test=620 name="interop/raw-valid (reth_release)"
Sep 21 20:55:26.742 INF API: test ended suite=0 test=620 pass=false
Sep 21 20:55:26.743 INF API: test started suite=0 test=621 name="interop/raw-wrong-chain (reth_release)"
Sep 21 20:55:26.744 INF API: test ended suite=0 test=621 pass=false
Sep 21 20:55:26.745 INF API: test started suite=0 test=622 name="interop/state-only-nonempty-output (reth_release)"
Sep 21 20:55:26.746 INF API: test ended suite=0 test=622 pass=false
Sep 21 20:55:26.747 INF API: test started suite=0 test=623 name="interop/transaction-tree (reth_release)"
Sep 21 20:55:26.749 INF API: test ended suite=0 test=623 pass=false
Sep 21 20:55:26.749 INF API: test started suite=0 test=624 name="interop/vm-only-nonempty-output (reth_release)"
Sep 21 20:55:26.751 INF API: test ended suite=0 test=624 pass=false
Sep 21 20:55:26.990 INF API: test ended suite=0 test=536 pass=true
Sep 21 20:55:27.000 INF API: suite ended suite=0
Sep 21 20:55:27.379 INF simulation ethereum/rpc-compat finished suites=1 tests=624 failed=617
617 tests failed
