-- interop/_control/head (besu_development)
>>  {"jsonrpc": "2.0", "id": 1, "method": "eth_getBlockByNumber", "params": ["0x30", false]}
<<  {"jsonrpc":"2.0","id":1,"result":{"number":"0x30","hash":"0xf0b1510b2a9c8d4c4bd1ff2c578ddbffc04741aa06b3cc8680a343741ef15e84","mixHash":"0x0000000000000000000000000000000000000000000000000000000000000000","parentHash":"0xaede89efdac80ce5f55b93ee934eddc67b5c8a4282b18a86ca635d69234301f3","nonce":"0x0000000000000000","sha3Uncles":"0x1dcc4de8dec75d7aab85b567b6ccd41ad312451b948a7413f0a142fd40d49347","logsBloom":"0x00000000000000000000000000000000000000000000000000000000000000000000000000000000000000000000000000000000000000000000000000000000000000000000000000000000000000000000000000000000000000000000000000000000000000000000000000000000000000000000000000000000000000000000000000000000000000000000000000000000000000000000000000000000000000000000000000000000000000000000000000000000000000000000000000000000000000000000000000000000000000000000000000000000000000000000000000000000000000000000000000000000000000000000000000000000","transactionsRoot":"0x3d96f46f0efae36059fcba93396d90ed19260e009e9dac0057a1d87e66dc17d0","stateRoot":"0xbce840ac9806ecb3d791bf55bfcfa9460ff3275996aff265fc75e2a2f3efdb26","receiptsRoot":"0x4b7fefa97a453e0ee0cea1d51ca4ab3729f3a2a6a8388a5a3b13765eec3720b7","miner":"0x0000000000000000000000000000000000000000","difficulty":"0x0","extraData":"0x","baseFeePerGas":"0x199876","size":"0x3b8","gasLimit":"0x5f5e100","gasUsed":"0xf618","timestamp":"0x1e0","uncles":[],"transactions":["0x8e96b39ab5e268215283ab40d65139edc6f281f4d79444b6b0a87861c5f8a1d5","0x7045e365111563c3f68594c54d9c4d7e3445f0cfc9671f68e8a0122f849f3f18","0xbe7d79a54b361c1515802fdf8e3843694b3a93350a9097b84c5582686c77163c"],"withdrawalsRoot":"0x56e81f171bcc55a6ff8345e692c0f86e5b48e01b996cadc001622fb5e363b421","withdrawals":[],"requestsHash":"0xe3b0c44298fc1c149afbf4c8996fb92427ae41e4649b934ca495991b7852b855","blobGasUsed":"0x0","excessBlobGas":"0x0","parentBeaconBlockRoot":"0x5b5b49487967b3b60bd859ba2fb13290c6eaf67e97e9f9f9dda935c08564b5f6"}}
response differs from expected (-- client, ++ test):
{
  "id": 1,
  "jsonrpc": "2.0",
  "result": {
    -- "baseFeePerGas": "0x199876",
    -- "blobGasUsed": "0x0",
    ++ "capture_only": true,
    -- "difficulty": "0x0",
    -- "excessBlobGas": "0x0",
    -- "extraData": "0x",
    -- "gasLimit": "0x5f5e100",
    -- "gasUsed": "0xf618",
    -- "hash": "0xf0b1510b2a9c8d4c4bd1ff2c578ddbffc04741aa06b3cc8680a343741ef15e84",
    -- "logsBloom": "0x00000000000000000000000000000000000000000000000000000000000000000000000000000000000000000000000000000000000000000000000000000000000000000000000000000000000000000000000000000000000000000000000000000000000000000000000000000000000000000000000000000000000000000000000000000000000000000000000000000000000000000000000000000000000000000000000000000000000000000000000000000000000000000000000000000000000000000000000000000000000000000000000000000000000000000000000000000000000000000000000000000000000000000000000000000000",
    -- "miner": "0x0000000000000000000000000000000000000000",
    -- "mixHash": "0x0000000000000000000000000000000000000000000000000000000000000000",
    -- "nonce": "0x0000000000000000",
    -- "number": "0x30",
    -- "parentBeaconBlockRoot": "0x5b5b49487967b3b60bd859ba2fb13290c6eaf67e97e9f9f9dda935c08564b5f6",
    -- "parentHash": "0xaede89efdac80ce5f55b93ee934eddc67b5c8a4282b18a86ca635d69234301f3",
    -- "receiptsRoot": "0x4b7fefa97a453e0ee0cea1d51ca4ab3729f3a2a6a8388a5a3b13765eec3720b7",
    -- "requestsHash": "0xe3b0c44298fc1c149afbf4c8996fb92427ae41e4649b934ca495991b7852b855",
    -- "sha3Uncles": "0x1dcc4de8dec75d7aab85b567b6ccd41ad312451b948a7413f0a142fd40d49347",
    -- "size": "0x3b8",
    -- "stateRoot": "0xbce840ac9806ecb3d791bf55bfcfa9460ff3275996aff265fc75e2a2f3efdb26",
    -- "timestamp": "0x1e0",
    -- "transactions": [
      -- "0x8e96b39ab5e268215283ab40d65139edc6f281f4d79444b6b0a87861c5f8a1d5",
      -- "0x7045e365111563c3f68594c54d9c4d7e3445f0cfc9671f68e8a0122f849f3f18",
      -- "0xbe7d79a54b361c1515802fdf8e3843694b3a93350a9097b84c5582686c77163c"
    -- ],
    -- "transactionsRoot": "0x3d96f46f0efae36059fcba93396d90ed19260e009e9dac0057a1d87e66dc17d0",
    -- "uncles": [],
    -- "withdrawals": [],
    -- "withdrawalsRoot": "0x56e81f171bcc55a6ff8345e692c0f86e5b48e01b996cadc001622fb5e363b421"
  }
}


-- interop/_control/version (besu_development)
>>  {"jsonrpc": "2.0", "id": 1, "method": "web3_clientVersion", "params": []}
<<  {"jsonrpc":"2.0","id":1,"result":"besu/v26.9-develop-d997aad/linux-x86_64/openjdk-java-25"}
response differs from expected (-- client, ++ test):
{
  "id": 1,
  "jsonrpc": "2.0",
  "result": -- "besu/v26.9-develop-d997aad/linux-x86_64/openjdk-java-25" ++ {}
}


-- interop/block-2 (besu_development)
>>  {"jsonrpc": "2.0", "id": 1, "method": "trace_block", "params": ["0x2"]}
<<  {"jsonrpc":"2.0","id":1,"result":[{"action":{"callType":"call","from":"0x7435ed30a8b4aeb0877cef0c6e8cffe834eb865f","gas":"0x13488","input":"0x01","to":"0x9dcd17433742f4c0ca53122ab541d0ba67fc27d3","value":"0x0"},"blockHash":"0xf5de2a84c954882baa45ac90c79baa2a966ddf7d8ea14d8a87e1e17c449d123e","blockNumber":2,"error":"Reverted","revertReason":"0x08c379a00000000000000000000000000000000000000000000000000000000000000020000000000000000000000000000000000000000000000000000000000000000a75736572206572726f72","subtraces":0,"traceAddress":[],"transactionHash":"0x827f578f78815feb24e5d992addb5d6d184958aad72d02c213271f4b4ac780ae","transactionPosition":0,"type":"call"},{"action":{"callType":"call","from":"0x7435ed30a8b4aeb0877cef0c6e8cffe834eb865f","gas":"0x8d5b8","input":"0x","to":"0x9dcd17433742f4c0ca53122ab541d0ba67fc27d0","value":"0x0"},"blockHash":"0xf5de2a84c954882baa45ac90c79baa2a966ddf7d8ea14d8a87e1e17c449d123e","blockNumber":2,"result":{"gasUsed":"0x2343f","output":"0xffee"},"subtraces":7,"traceAddress":[],"transactionHash":"0x55d219e322321525fb6d15c388d730e0f6d0ae119e68163ffcea6d3ee50fa738","transactionPosition":1,"type":"call"},{"action":{"callType":"call","from":"0x9dcd17433742f4c0ca53122ab541d0ba67fc27d0","gas":"0xf35c","input":"0xff01","to":"0x9dcd17433742f4c0ca53122ab541d0ba67fc27d1","value":"0x1"},"blockHash":"0xf5de2a84c954882baa45ac90c79baa2a966ddf7d8ea14d8a87e1e17c449d123e","blockNumber":2,"result":{"gasUsed":"0x48","output":"0xffee"},"subtraces":0,"traceAddress":[0],"transactionHash":"0x55d219e322321525fb6d15c388d730e0f6d0ae119e68163ffcea6d3ee50fa738","transactionPosition":1,"type":"call"},{"action":{"callType":"call","from":"0x9dcd17433742f4c0ca53122ab541d0ba67fc27d0","gas":"0xea60","input":"0x0000000000000000000000000000000000000000000000000000000000000001","to":"0x9dcd17433742f4c0ca53122ab541d0ba67fc27d3","value":"0x0"},"blockHash":"0xf5de2a84c954882baa45ac90c79baa2a966ddf7d8ea14d8a87e1e17c449d123e","blockNumber":2,"error":"Reverted","subtraces":0,"traceAddress":[1],"transactionHash":"0x55d219e322321525fb6d15c388d730e0f6d0ae119e68163ffcea6d3ee50fa738","transactionPosition":1,"type":"call"},{"action":{"callType":"staticcall","from":"0x9dcd17433742f4c0ca53122ab541d0ba67fc27d0","gas":"0xea60","input":"0x","to":"0x9dcd17433742f4c0ca53122ab541d0ba67fc27d2","value":"0x0"},"blockHash":"0xf5de2a84c954882baa45ac90c79baa2a966ddf7d8ea14d8a87e1e17c449d123e","blockNumber":2,"result":{"gasUsed":"0x7d","output":"0x0000000000000000000000000000000000000000000000000000000000000002000000000000000000000000000000000000000000000000000c72dd9d5e883e0000000000000000000000000000000000000000000000000000000000000000000000000000000000000000000000000000000000000000000000002da9cd6d00000000000000000000000000000000000000000000000000000000000000000000000000000000000000007435ed30a8b4aeb0877cef0c6e8cffe834eb865f0000000000000000000000000000000000000000000000000000000000000000"},"subtraces":0,"traceAddress":[2],"transactionHash":"0x55d219e322321525fb6d15c388d730e0f6d0ae119e68163ffcea6d3ee50fa738","transactionPosition":1,"type":"call"},{"action":{"callType":"staticcall","from":"0x9dcd17433742f4c0ca53122ab541d0ba67fc27d0","gas":"0xea60","input":"0x","to":"0x7dcd17433742f4c0ca53122ab541d0ba67fc27df","value":"0x0"},"blockHash":"0xf5de2a84c954882baa45ac90c79baa2a966ddf7d8ea14d8a87e1e17c449d123e","blockNumber":2,"error":"Illegal state change","subtraces":0,"traceAddress":[3],"transactionHash":"0x55d219e322321525fb6d15c388d730e0f6d0ae119e68163ffcea6d3ee50fa738","transactionPosition":1,"type":"call"},{"action":{"callType":"delegatecall","from":"0x9dcd17433742f4c0ca53122ab541d0ba67fc27d0","gas":"0xea60","input":"0x00000000","to":"0x7dcd17433742f4c0ca53122ab541d0ba67fc27df","value":"0x0"},"blockHash":"0xf5de2a84c954882baa45ac90c79baa2a966ddf7d8ea14d8a87e1e17c449d123e","blockNumber":2,"result":{"gasUsed":"0x64b0","output":"0x"},"subtraces":0,"traceAddress":[4],"transactionHash":"0x55d219e322321525fb6d15c388d730e0f6d0ae119e68163ffcea6d3ee50fa738","transactionPosition":1,"type":"call"},{"action":{"callType":"callcode","from":"0x9dcd17433742f4c0ca53122ab541d0ba67fc27d0","gas":"0xea60","input":"0xff01","to":"0x9dcd17433742f4c0ca53122ab541d0ba67fc27d1","value":"0x0"},"blockHash":"0xf5de2a84c954882baa45ac90c79baa2a966ddf7d8ea14d8a87e1e17c449d123e","blockNumber":2,"result":{"gasUsed":"0x48","output":"0xffee"},"subtraces":0,"traceAddress":[5],"transactionHash":"0x55d219e322321525fb6d15c388d730e0f6d0ae119e68163ffcea6d3ee50fa738","transactionPosition":1,"type":"call"},{"action":{"creationMethod":"create","from":"0x9dcd17433742f4c0ca53122ab541d0ba67fc27d0","gas":"0x6a00f","init":"0x5b646368696c6460006000a133ff","value":"0x0"},"blockHash":"0xf5de2a84c954882baa45ac90c79baa2a966ddf7d8ea14d8a87e1e17c449d123e","blockNumber":2,"result":{"address":"0x2d303c5b7911d87d594bf1b31fbb9aa187888893","gasUsed":"0x1682","output":"0x"},"subtraces":1,"traceAddress":[6],"transactionHash":"0x55d219e322321525fb6d15c388d730e0f6d0ae119e68163ffcea6d3ee50fa738","transactionPosition":1,"type":"create"},{"action":{"address":"0x2d303c5b7911d87d594bf1b31fbb9aa187888893","balance":"0x0","refundAddress":"0x9dcd17433742f4c0ca53122ab541d0ba67fc27d0"},"blockHash":"0xf5de2a84c954882baa45ac90c79baa2a966ddf7d8ea14d8a87e1e17c449d123e","blockNumber":2,"result":null,"subtraces":0,"traceAddress":[6,0],"transactionHash":"0x55d219e322321525fb6d15c388d730e0f6d0ae119e68163ffcea6d3ee50fa738","transactionPosition":1,"type":"suicide"},{"action":{"creationMethod":"create","from":"0x7435ed30a8b4aeb0877cef0c6e8cffe834eb865f","gas":"0x4b0e","init":"0x600d380380600d6000396000f336156009575f355f555b305f525f5460205260405ff3","value":"0x0"},"blockHash":"0xf5de2a84c954882baa45ac90c79baa2a966ddf7d8ea14d8a87e1e17c449d123e","blockNumber":2,"result":{"address":"0x4055cae5c7d838cda10d40f9d07106c7f5f3be1c","code":"0x36156009575f355f555b305f525f5460205260405ff3","gasUsed":"0x114d"},"subtraces":0,"traceAddress":[],"transactionHash":"0x512b5deddff16d21ebba7b730d935b4287dbb839e77eb05b37b34ce5eb229933","transactionPosition":2,"type":"create"},{"action":{"callType":"call","from":"0x7435ed30a8b4aeb0877cef0c6e8cffe834eb865f","gas":"0x0","input":"0x","to":"0x0000000000000000000000000000000000000000","value":"0x0"},"blockHash":"0xf5de2a84c954882baa45ac90c79baa2a966ddf7d8ea14d8a87e1e17c449d123e","blockNumber":2,"result":{"gasUsed":"0x0","output":"0x"},"subtraces":0,"traceAddress":[],"transactionHash":"0xb54bc1221b206db9ee0449a716ddde73c1e2d0f72d2e789fcb51230fe851cc8a","transactionPosition":3,"type":"call"},{"action":{"callType":"call","from":"0x7435ed30a8b4aeb0877cef0c6e8cffe834eb865f","gas":"0xbef8","input":"0x696e766f6b6564","to":"0xeda8645ba6948855e3b3cd596bbb07596d59c603","value":"0x0"},"blockHash":"0xf5de2a84c954882baa45ac90c79baa2a966ddf7d8ea14d8a87e1e17c449d123e","blockNumber":2,"result":{"gasUsed":"0x56ec","output":"0x000000000000000000000000eda8645ba6948855e3b3cd596bbb07596d59c603696e766f6b656400000000000000000000000000000000000000000000000000"},"subtraces":0,"traceAddress":[],"transactionHash":"0x4e0240fe2995f7a21013fbe4af0ad9330daac8c29008e22b7d71b4672357f014","transactionPosition":4,"type":"call"},{"action":{"author":"0x0000000000000000000000000000000000000000","rewardType":"block","value":"0x0"},"blockHash":"0xf5de2a84c954882baa45ac90c79baa2a966ddf7d8ea14d8a87e1e17c449d123e","blockNumber":2,"result":null,"subtraces":0,"traceAddress":[],"transactionHash":null,"transactionPosition":null,"type":"reward"}]}
response differs from expected (-- client, ++ test):
{
  "id": 1,
  "jsonrpc": "2.0",
  "result": -- [] ++ {}
}


-- interop/block-3 (besu_development)
>>  {"jsonrpc": "2.0", "id": 1, "method": "trace_block", "params": ["0x3"]}
<<  {"jsonrpc":"2.0","id":1,"result":[{"action":{"callType":"call","from":"0x7435ed30a8b4aeb0877cef0c6e8cffe834eb865f","gas":"0x11ba0","input":"0xdc4c8669df128318656d6974","to":"0x7dcd17433742f4c0ca53122ab541d0ba67fc27df","value":"0x2"},"blockHash":"0x01ba2f0e16a94e375a460eb303af615daf77ddfac7cc9d9cef96f22a6a095364","blockNumber":3,"result":{"gasUsed":"0x54ac","output":"0x"},"subtraces":0,"traceAddress":[],"transactionHash":"0x4845366f3ccc487743b759a1d23f430b405e5e56cd50e1a77ce6c2124dcfe842","transactionPosition":0,"type":"call"},{"action":{"callType":"call","from":"0x7435ed30a8b4aeb0877cef0c6e8cffe834eb865f","gas":"0x11ba0","input":"0x3f446a7c4145b1f0656d6974","to":"0x7dcd17433742f4c0ca53122ab541d0ba67fc27df","value":"0x2"},"blockHash":"0x01ba2f0e16a94e375a460eb303af615daf77ddfac7cc9d9cef96f22a6a095364","blockNumber":3,"result":{"gasUsed":"0x5f9c","output":"0x"},"subtraces":0,"traceAddress":[],"transactionHash":"0xbc02888b29321d89ffec6d3796f1e0d5b182999c26cd6a8e49ccad72db305ae7","transactionPosition":1,"type":"call"},{"action":{"callType":"call","from":"0x7435ed30a8b4aeb0877cef0c6e8cffe834eb865f","gas":"0x11ba0","input":"0x96fd14b8fdcbd4a9656d6974","to":"0x7dcd17433742f4c0ca53122ab541d0ba67fc27df","value":"0x3"},"blockHash":"0x01ba2f0e16a94e375a460eb303af615daf77ddfac7cc9d9cef96f22a6a095364","blockNumber":3,"result":{"gasUsed":"0x5f9c","output":"0x"},"subtraces":0,"traceAddress":[],"transactionHash":"0xf02ed84381c81d780bc5a5198252284fe9e1cbd6b108573049a35957cc32bf2d","transactionPosition":2,"type":"call"},{"action":{"author":"0x0000000000000000000000000000000000000000","rewardType":"block","value":"0x0"},"blockHash":"0x01ba2f0e16a94e375a460eb303af615daf77ddfac7cc9d9cef96f22a6a095364","blockNumber":3,"result":null,"subtraces":0,"traceAddress":[],"transactionHash":null,"transactionPosition":null,"type":"reward"}]}
response differs from expected (-- client, ++ test):
{
  "id": 1,
  "jsonrpc": "2.0",
  "result": -- [] ++ {}
}


-- interop/filter-both-null (besu_development)
>>  {"jsonrpc": "2.0", "id": 1, "method": "trace_filter", "params": [{"fromBlock": "0x2", "toBlock": "0x2", "fromAddress": null, "toAddress": null}]}
<<  {"jsonrpc":"2.0","id":1,"result":[{"action":{"callType":"call","from":"0x7435ed30a8b4aeb0877cef0c6e8cffe834eb865f","gas":"0x13488","input":"0x01","to":"0x9dcd17433742f4c0ca53122ab541d0ba67fc27d3","value":"0x0"},"blockHash":"0xf5de2a84c954882baa45ac90c79baa2a966ddf7d8ea14d8a87e1e17c449d123e","blockNumber":2,"error":"Reverted","revertReason":"0x08c379a00000000000000000000000000000000000000000000000000000000000000020000000000000000000000000000000000000000000000000000000000000000a75736572206572726f72","subtraces":0,"traceAddress":[],"transactionHash":"0x827f578f78815feb24e5d992addb5d6d184958aad72d02c213271f4b4ac780ae","transactionPosition":0,"type":"call"},{"action":{"callType":"call","from":"0x7435ed30a8b4aeb0877cef0c6e8cffe834eb865f","gas":"0x8d5b8","input":"0x","to":"0x9dcd17433742f4c0ca53122ab541d0ba67fc27d0","value":"0x0"},"blockHash":"0xf5de2a84c954882baa45ac90c79baa2a966ddf7d8ea14d8a87e1e17c449d123e","blockNumber":2,"result":{"gasUsed":"0x2343f","output":"0xffee"},"subtraces":7,"traceAddress":[],"transactionHash":"0x55d219e322321525fb6d15c388d730e0f6d0ae119e68163ffcea6d3ee50fa738","transactionPosition":1,"type":"call"},{"action":{"callType":"call","from":"0x9dcd17433742f4c0ca53122ab541d0ba67fc27d0","gas":"0xf35c","input":"0xff01","to":"0x9dcd17433742f4c0ca53122ab541d0ba67fc27d1","value":"0x1"},"blockHash":"0xf5de2a84c954882baa45ac90c79baa2a966ddf7d8ea14d8a87e1e17c449d123e","blockNumber":2,"result":{"gasUsed":"0x48","output":"0xffee"},"subtraces":0,"traceAddress":[0],"transactionHash":"0x55d219e322321525fb6d15c388d730e0f6d0ae119e68163ffcea6d3ee50fa738","transactionPosition":1,"type":"call"},{"action":{"callType":"call","from":"0x9dcd17433742f4c0ca53122ab541d0ba67fc27d0","gas":"0xea60","input":"0x0000000000000000000000000000000000000000000000000000000000000001","to":"0x9dcd17433742f4c0ca53122ab541d0ba67fc27d3","value":"0x0"},"blockHash":"0xf5de2a84c954882baa45ac90c79baa2a966ddf7d8ea14d8a87e1e17c449d123e","blockNumber":2,"error":"Reverted","subtraces":0,"traceAddress":[1],"transactionHash":"0x55d219e322321525fb6d15c388d730e0f6d0ae119e68163ffcea6d3ee50fa738","transactionPosition":1,"type":"call"},{"action":{"callType":"staticcall","from":"0x9dcd17433742f4c0ca53122ab541d0ba67fc27d0","gas":"0xea60","input":"0x","to":"0x9dcd17433742f4c0ca53122ab541d0ba67fc27d2","value":"0x0"},"blockHash":"0xf5de2a84c954882baa45ac90c79baa2a966ddf7d8ea14d8a87e1e17c449d123e","blockNumber":2,"result":{"gasUsed":"0x7d","output":"0x0000000000000000000000000000000000000000000000000000000000000002000000000000000000000000000000000000000000000000000c72dd9d5e883e0000000000000000000000000000000000000000000000000000000000000000000000000000000000000000000000000000000000000000000000002da9cd6d00000000000000000000000000000000000000000000000000000000000000000000000000000000000000007435ed30a8b4aeb0877cef0c6e8cffe834eb865f0000000000000000000000000000000000000000000000000000000000000000"},"subtraces":0,"traceAddress":[2],"transactionHash":"0x55d219e322321525fb6d15c388d730e0f6d0ae119e68163ffcea6d3ee50fa738","transactionPosition":1,"type":"call"},{"action":{"callType":"staticcall","from":"0x9dcd17433742f4c0ca53122ab541d0ba67fc27d0","gas":"0xea60","input":"0x","to":"0x7dcd17433742f4c0ca53122ab541d0ba67fc27df","value":"0x0"},"blockHash":"0xf5de2a84c954882baa45ac90c79baa2a966ddf7d8ea14d8a87e1e17c449d123e","blockNumber":2,"error":"Illegal state change","subtraces":0,"traceAddress":[3],"transactionHash":"0x55d219e322321525fb6d15c388d730e0f6d0ae119e68163ffcea6d3ee50fa738","transactionPosition":1,"type":"call"},{"action":{"callType":"delegatecall","from":"0x9dcd17433742f4c0ca53122ab541d0ba67fc27d0","gas":"0xea60","input":"0x00000000","to":"0x7dcd17433742f4c0ca53122ab541d0ba67fc27df","value":"0x0"},"blockHash":"0xf5de2a84c954882baa45ac90c79baa2a966ddf7d8ea14d8a87e1e17c449d123e","blockNumber":2,"result":{"gasUsed":"0x64b0","output":"0x"},"subtraces":0,"traceAddress":[4],"transactionHash":"0x55d219e322321525fb6d15c388d730e0f6d0ae119e68163ffcea6d3ee50fa738","transactionPosition":1,"type":"call"},{"action":{"callType":"callcode","from":"0x9dcd17433742f4c0ca53122ab541d0ba67fc27d0","gas":"0xea60","input":"0xff01","to":"0x9dcd17433742f4c0ca53122ab541d0ba67fc27d1","value":"0x0"},"blockHash":"0xf5de2a84c954882baa45ac90c79baa2a966ddf7d8ea14d8a87e1e17c449d123e","blockNumber":2,"result":{"gasUsed":"0x48","output":"0xffee"},"subtraces":0,"traceAddress":[5],"transactionHash":"0x55d219e322321525fb6d15c388d730e0f6d0ae119e68163ffcea6d3ee50fa738","transactionPosition":1,"type":"call"},{"action":{"creationMethod":"create","from":"0x9dcd17433742f4c0ca53122ab541d0ba67fc27d0","gas":"0x6a00f","init":"0x5b646368696c6460006000a133ff","value":"0x0"},"blockHash":"0xf5de2a84c954882baa45ac90c79baa2a966ddf7d8ea14d8a87e1e17c449d123e","blockNumber":2,"result":{"address":"0x2d303c5b7911d87d594bf1b31fbb9aa187888893","gasUsed":"0x1682","output":"0x"},"subtraces":1,"traceAddress":[6],"transactionHash":"0x55d219e322321525fb6d15c388d730e0f6d0ae119e68163ffcea6d3ee50fa738","transactionPosition":1,"type":"create"},{"action":{"address":"0x2d303c5b7911d87d594bf1b31fbb9aa187888893","balance":"0x0","refundAddress":"0x9dcd17433742f4c0ca53122ab541d0ba67fc27d0"},"blockHash":"0xf5de2a84c954882baa45ac90c79baa2a966ddf7d8ea14d8a87e1e17c449d123e","blockNumber":2,"result":null,"subtraces":0,"traceAddress":[6,0],"transactionHash":"0x55d219e322321525fb6d15c388d730e0f6d0ae119e68163ffcea6d3ee50fa738","transactionPosition":1,"type":"suicide"},{"action":{"creationMethod":"create","from":"0x7435ed30a8b4aeb0877cef0c6e8cffe834eb865f","gas":"0x4b0e","init":"0x600d380380600d6000396000f336156009575f355f555b305f525f5460205260405ff3","value":"0x0"},"blockHash":"0xf5de2a84c954882baa45ac90c79baa2a966ddf7d8ea14d8a87e1e17c449d123e","blockNumber":2,"result":{"address":"0x4055cae5c7d838cda10d40f9d07106c7f5f3be1c","code":"0x36156009575f355f555b305f525f5460205260405ff3","gasUsed":"0x114d"},"subtraces":0,"traceAddress":[],"transactionHash":"0x512b5deddff16d21ebba7b730d935b4287dbb839e77eb05b37b34ce5eb229933","transactionPosition":2,"type":"create"},{"action":{"callType":"call","from":"0x7435ed30a8b4aeb0877cef0c6e8cffe834eb865f","gas":"0x0","input":"0x","to":"0x0000000000000000000000000000000000000000","value":"0x0"},"blockHash":"0xf5de2a84c954882baa45ac90c79baa2a966ddf7d8ea14d8a87e1e17c449d123e","blockNumber":2,"result":{"gasUsed":"0x0","output":"0x"},"subtraces":0,"traceAddress":[],"transactionHash":"0xb54bc1221b206db9ee0449a716ddde73c1e2d0f72d2e789fcb51230fe851cc8a","transactionPosition":3,"type":"call"},{"action":{"callType":"call","from":"0x7435ed30a8b4aeb0877cef0c6e8cffe834eb865f","gas":"0xbef8","input":"0x696e766f6b6564","to":"0xeda8645ba6948855e3b3cd596bbb07596d59c603","value":"0x0"},"blockHash":"0xf5de2a84c954882baa45ac90c79baa2a966ddf7d8ea14d8a87e1e17c449d123e","blockNumber":2,"result":{"gasUsed":"0x56ec","output":"0x000000000000000000000000eda8645ba6948855e3b3cd596bbb07596d59c603696e766f6b656400000000000000000000000000000000000000000000000000"},"subtraces":0,"traceAddress":[],"transactionHash":"0x4e0240fe2995f7a21013fbe4af0ad9330daac8c29008e22b7d71b4672357f014","transactionPosition":4,"type":"call"},{"action":{"author":"0x0000000000000000000000000000000000000000","rewardType":"block","value":"0x0"},"blockHash":"0xf5de2a84c954882baa45ac90c79baa2a966ddf7d8ea14d8a87e1e17c449d123e","blockNumber":2,"result":null,"subtraces":0,"traceAddress":[],"transactionHash":null,"transactionPosition":null,"type":"reward"}]}
response differs from expected (-- client, ++ test):
{
  "id": 1,
  "jsonrpc": "2.0",
  "result": -- [] ++ {}
}


-- interop/filter-both-unknown-mode (besu_development)
>>  {"jsonrpc": "2.0", "id": 1, "method": "trace_filter", "params": [{"fromBlock": "0x2", "toBlock": "0x2", "fromAddress": ["0x7435ed30a8b4aeb0877cef0c6e8cffe834eb865f"], "toAddress": ["0x9dcd17433742f4c0ca53122ab541d0ba67fc27d0"], "mode": "garbage"}]}
<<  {"jsonrpc":"2.0","id":1,"error":{"code":-32602,"message":"Invalid filter params"}}
response differs from expected (-- client, ++ test):
{
  -- "error": {
    -- "code": -32602,
    -- "message": "Invalid filter params"
  -- },
  "id": 1,
  "jsonrpc": "2.0",
  ++ "result": {
    ++ "capture_only": true
  ++ }
}


-- interop/filter-from-null (besu_development)
>>  {"jsonrpc": "2.0", "id": 1, "method": "trace_filter", "params": [{"fromBlock": "0x2", "toBlock": "0x2", "fromAddress": null}]}
<<  {"jsonrpc":"2.0","id":1,"result":[{"action":{"callType":"call","from":"0x7435ed30a8b4aeb0877cef0c6e8cffe834eb865f","gas":"0x13488","input":"0x01","to":"0x9dcd17433742f4c0ca53122ab541d0ba67fc27d3","value":"0x0"},"blockHash":"0xf5de2a84c954882baa45ac90c79baa2a966ddf7d8ea14d8a87e1e17c449d123e","blockNumber":2,"error":"Reverted","revertReason":"0x08c379a00000000000000000000000000000000000000000000000000000000000000020000000000000000000000000000000000000000000000000000000000000000a75736572206572726f72","subtraces":0,"traceAddress":[],"transactionHash":"0x827f578f78815feb24e5d992addb5d6d184958aad72d02c213271f4b4ac780ae","transactionPosition":0,"type":"call"},{"action":{"callType":"call","from":"0x7435ed30a8b4aeb0877cef0c6e8cffe834eb865f","gas":"0x8d5b8","input":"0x","to":"0x9dcd17433742f4c0ca53122ab541d0ba67fc27d0","value":"0x0"},"blockHash":"0xf5de2a84c954882baa45ac90c79baa2a966ddf7d8ea14d8a87e1e17c449d123e","blockNumber":2,"result":{"gasUsed":"0x2343f","output":"0xffee"},"subtraces":7,"traceAddress":[],"transactionHash":"0x55d219e322321525fb6d15c388d730e0f6d0ae119e68163ffcea6d3ee50fa738","transactionPosition":1,"type":"call"},{"action":{"callType":"call","from":"0x9dcd17433742f4c0ca53122ab541d0ba67fc27d0","gas":"0xf35c","input":"0xff01","to":"0x9dcd17433742f4c0ca53122ab541d0ba67fc27d1","value":"0x1"},"blockHash":"0xf5de2a84c954882baa45ac90c79baa2a966ddf7d8ea14d8a87e1e17c449d123e","blockNumber":2,"result":{"gasUsed":"0x48","output":"0xffee"},"subtraces":0,"traceAddress":[0],"transactionHash":"0x55d219e322321525fb6d15c388d730e0f6d0ae119e68163ffcea6d3ee50fa738","transactionPosition":1,"type":"call"},{"action":{"callType":"call","from":"0x9dcd17433742f4c0ca53122ab541d0ba67fc27d0","gas":"0xea60","input":"0x0000000000000000000000000000000000000000000000000000000000000001","to":"0x9dcd17433742f4c0ca53122ab541d0ba67fc27d3","value":"0x0"},"blockHash":"0xf5de2a84c954882baa45ac90c79baa2a966ddf7d8ea14d8a87e1e17c449d123e","blockNumber":2,"error":"Reverted","subtraces":0,"traceAddress":[1],"transactionHash":"0x55d219e322321525fb6d15c388d730e0f6d0ae119e68163ffcea6d3ee50fa738","transactionPosition":1,"type":"call"},{"action":{"callType":"staticcall","from":"0x9dcd17433742f4c0ca53122ab541d0ba67fc27d0","gas":"0xea60","input":"0x","to":"0x9dcd17433742f4c0ca53122ab541d0ba67fc27d2","value":"0x0"},"blockHash":"0xf5de2a84c954882baa45ac90c79baa2a966ddf7d8ea14d8a87e1e17c449d123e","blockNumber":2,"result":{"gasUsed":"0x7d","output":"0x0000000000000000000000000000000000000000000000000000000000000002000000000000000000000000000000000000000000000000000c72dd9d5e883e0000000000000000000000000000000000000000000000000000000000000000000000000000000000000000000000000000000000000000000000002da9cd6d00000000000000000000000000000000000000000000000000000000000000000000000000000000000000007435ed30a8b4aeb0877cef0c6e8cffe834eb865f0000000000000000000000000000000000000000000000000000000000000000"},"subtraces":0,"traceAddress":[2],"transactionHash":"0x55d219e322321525fb6d15c388d730e0f6d0ae119e68163ffcea6d3ee50fa738","transactionPosition":1,"type":"call"},{"action":{"callType":"staticcall","from":"0x9dcd17433742f4c0ca53122ab541d0ba67fc27d0","gas":"0xea60","input":"0x","to":"0x7dcd17433742f4c0ca53122ab541d0ba67fc27df","value":"0x0"},"blockHash":"0xf5de2a84c954882baa45ac90c79baa2a966ddf7d8ea14d8a87e1e17c449d123e","blockNumber":2,"error":"Illegal state change","subtraces":0,"traceAddress":[3],"transactionHash":"0x55d219e322321525fb6d15c388d730e0f6d0ae119e68163ffcea6d3ee50fa738","transactionPosition":1,"type":"call"},{"action":{"callType":"delegatecall","from":"0x9dcd17433742f4c0ca53122ab541d0ba67fc27d0","gas":"0xea60","input":"0x00000000","to":"0x7dcd17433742f4c0ca53122ab541d0ba67fc27df","value":"0x0"},"blockHash":"0xf5de2a84c954882baa45ac90c79baa2a966ddf7d8ea14d8a87e1e17c449d123e","blockNumber":2,"result":{"gasUsed":"0x64b0","output":"0x"},"subtraces":0,"traceAddress":[4],"transactionHash":"0x55d219e322321525fb6d15c388d730e0f6d0ae119e68163ffcea6d3ee50fa738","transactionPosition":1,"type":"call"},{"action":{"callType":"callcode","from":"0x9dcd17433742f4c0ca53122ab541d0ba67fc27d0","gas":"0xea60","input":"0xff01","to":"0x9dcd17433742f4c0ca53122ab541d0ba67fc27d1","value":"0x0"},"blockHash":"0xf5de2a84c954882baa45ac90c79baa2a966ddf7d8ea14d8a87e1e17c449d123e","blockNumber":2,"result":{"gasUsed":"0x48","output":"0xffee"},"subtraces":0,"traceAddress":[5],"transactionHash":"0x55d219e322321525fb6d15c388d730e0f6d0ae119e68163ffcea6d3ee50fa738","transactionPosition":1,"type":"call"},{"action":{"creationMethod":"create","from":"0x9dcd17433742f4c0ca53122ab541d0ba67fc27d0","gas":"0x6a00f","init":"0x5b646368696c6460006000a133ff","value":"0x0"},"blockHash":"0xf5de2a84c954882baa45ac90c79baa2a966ddf7d8ea14d8a87e1e17c449d123e","blockNumber":2,"result":{"address":"0x2d303c5b7911d87d594bf1b31fbb9aa187888893","gasUsed":"0x1682","output":"0x"},"subtraces":1,"traceAddress":[6],"transactionHash":"0x55d219e322321525fb6d15c388d730e0f6d0ae119e68163ffcea6d3ee50fa738","transactionPosition":1,"type":"create"},{"action":{"address":"0x2d303c5b7911d87d594bf1b31fbb9aa187888893","balance":"0x0","refundAddress":"0x9dcd17433742f4c0ca53122ab541d0ba67fc27d0"},"blockHash":"0xf5de2a84c954882baa45ac90c79baa2a966ddf7d8ea14d8a87e1e17c449d123e","blockNumber":2,"result":null,"subtraces":0,"traceAddress":[6,0],"transactionHash":"0x55d219e322321525fb6d15c388d730e0f6d0ae119e68163ffcea6d3ee50fa738","transactionPosition":1,"type":"suicide"},{"action":{"creationMethod":"create","from":"0x7435ed30a8b4aeb0877cef0c6e8cffe834eb865f","gas":"0x4b0e","init":"0x600d380380600d6000396000f336156009575f355f555b305f525f5460205260405ff3","value":"0x0"},"blockHash":"0xf5de2a84c954882baa45ac90c79baa2a966ddf7d8ea14d8a87e1e17c449d123e","blockNumber":2,"result":{"address":"0x4055cae5c7d838cda10d40f9d07106c7f5f3be1c","code":"0x36156009575f355f555b305f525f5460205260405ff3","gasUsed":"0x114d"},"subtraces":0,"traceAddress":[],"transactionHash":"0x512b5deddff16d21ebba7b730d935b4287dbb839e77eb05b37b34ce5eb229933","transactionPosition":2,"type":"create"},{"action":{"callType":"call","from":"0x7435ed30a8b4aeb0877cef0c6e8cffe834eb865f","gas":"0x0","input":"0x","to":"0x0000000000000000000000000000000000000000","value":"0x0"},"blockHash":"0xf5de2a84c954882baa45ac90c79baa2a966ddf7d8ea14d8a87e1e17c449d123e","blockNumber":2,"result":{"gasUsed":"0x0","output":"0x"},"subtraces":0,"traceAddress":[],"transactionHash":"0xb54bc1221b206db9ee0449a716ddde73c1e2d0f72d2e789fcb51230fe851cc8a","transactionPosition":3,"type":"call"},{"action":{"callType":"call","from":"0x7435ed30a8b4aeb0877cef0c6e8cffe834eb865f","gas":"0xbef8","input":"0x696e766f6b6564","to":"0xeda8645ba6948855e3b3cd596bbb07596d59c603","value":"0x0"},"blockHash":"0xf5de2a84c954882baa45ac90c79baa2a966ddf7d8ea14d8a87e1e17c449d123e","blockNumber":2,"result":{"gasUsed":"0x56ec","output":"0x000000000000000000000000eda8645ba6948855e3b3cd596bbb07596d59c603696e766f6b656400000000000000000000000000000000000000000000000000"},"subtraces":0,"traceAddress":[],"transactionHash":"0x4e0240fe2995f7a21013fbe4af0ad9330daac8c29008e22b7d71b4672357f014","transactionPosition":4,"type":"call"},{"action":{"author":"0x0000000000000000000000000000000000000000","rewardType":"block","value":"0x0"},"blockHash":"0xf5de2a84c954882baa45ac90c79baa2a966ddf7d8ea14d8a87e1e17c449d123e","blockNumber":2,"result":null,"subtraces":0,"traceAddress":[],"transactionHash":null,"transactionPosition":null,"type":"reward"}]}
response differs from expected (-- client, ++ test):
{
  "id": 1,
  "jsonrpc": "2.0",
  "result": -- [] ++ {}
}


-- interop/filter-from-only-intersection (besu_development)
>>  {"jsonrpc": "2.0", "id": 1, "method": "trace_filter", "params": [{"fromBlock": "0x2", "toBlock": "0x2", "fromAddress": ["0x7435ed30a8b4aeb0877cef0c6e8cffe834eb865f"], "mode": "intersection"}]}
<<  {"jsonrpc":"2.0","id":1,"error":{"code":-32602,"message":"Invalid filter params"}}
response differs from expected (-- client, ++ test):
{
  -- "error": {
    -- "code": -32602,
    -- "message": "Invalid filter params"
  -- },
  "id": 1,
  "jsonrpc": "2.0",
  ++ "result": {
    ++ "capture_only": true
  ++ }
}


-- interop/filter-from-only-union (besu_development)
>>  {"jsonrpc": "2.0", "id": 1, "method": "trace_filter", "params": [{"fromBlock": "0x2", "toBlock": "0x2", "fromAddress": ["0x7435ed30a8b4aeb0877cef0c6e8cffe834eb865f"], "mode": "union"}]}
<<  {"jsonrpc":"2.0","id":1,"error":{"code":-32602,"message":"Invalid filter params"}}
response differs from expected (-- client, ++ test):
{
  -- "error": {
    -- "code": -32602,
    -- "message": "Invalid filter params"
  -- },
  "id": 1,
  "jsonrpc": "2.0",
  ++ "result": {
    ++ "capture_only": true
  ++ }
}


-- interop/filter-to-null (besu_development)
>>  {"jsonrpc": "2.0", "id": 1, "method": "trace_filter", "params": [{"fromBlock": "0x2", "toBlock": "0x2", "toAddress": null}]}
<<  {"jsonrpc":"2.0","id":1,"result":[{"action":{"callType":"call","from":"0x7435ed30a8b4aeb0877cef0c6e8cffe834eb865f","gas":"0x13488","input":"0x01","to":"0x9dcd17433742f4c0ca53122ab541d0ba67fc27d3","value":"0x0"},"blockHash":"0xf5de2a84c954882baa45ac90c79baa2a966ddf7d8ea14d8a87e1e17c449d123e","blockNumber":2,"error":"Reverted","revertReason":"0x08c379a00000000000000000000000000000000000000000000000000000000000000020000000000000000000000000000000000000000000000000000000000000000a75736572206572726f72","subtraces":0,"traceAddress":[],"transactionHash":"0x827f578f78815feb24e5d992addb5d6d184958aad72d02c213271f4b4ac780ae","transactionPosition":0,"type":"call"},{"action":{"callType":"call","from":"0x7435ed30a8b4aeb0877cef0c6e8cffe834eb865f","gas":"0x8d5b8","input":"0x","to":"0x9dcd17433742f4c0ca53122ab541d0ba67fc27d0","value":"0x0"},"blockHash":"0xf5de2a84c954882baa45ac90c79baa2a966ddf7d8ea14d8a87e1e17c449d123e","blockNumber":2,"result":{"gasUsed":"0x2343f","output":"0xffee"},"subtraces":7,"traceAddress":[],"transactionHash":"0x55d219e322321525fb6d15c388d730e0f6d0ae119e68163ffcea6d3ee50fa738","transactionPosition":1,"type":"call"},{"action":{"callType":"call","from":"0x9dcd17433742f4c0ca53122ab541d0ba67fc27d0","gas":"0xf35c","input":"0xff01","to":"0x9dcd17433742f4c0ca53122ab541d0ba67fc27d1","value":"0x1"},"blockHash":"0xf5de2a84c954882baa45ac90c79baa2a966ddf7d8ea14d8a87e1e17c449d123e","blockNumber":2,"result":{"gasUsed":"0x48","output":"0xffee"},"subtraces":0,"traceAddress":[0],"transactionHash":"0x55d219e322321525fb6d15c388d730e0f6d0ae119e68163ffcea6d3ee50fa738","transactionPosition":1,"type":"call"},{"action":{"callType":"call","from":"0x9dcd17433742f4c0ca53122ab541d0ba67fc27d0","gas":"0xea60","input":"0x0000000000000000000000000000000000000000000000000000000000000001","to":"0x9dcd17433742f4c0ca53122ab541d0ba67fc27d3","value":"0x0"},"blockHash":"0xf5de2a84c954882baa45ac90c79baa2a966ddf7d8ea14d8a87e1e17c449d123e","blockNumber":2,"error":"Reverted","subtraces":0,"traceAddress":[1],"transactionHash":"0x55d219e322321525fb6d15c388d730e0f6d0ae119e68163ffcea6d3ee50fa738","transactionPosition":1,"type":"call"},{"action":{"callType":"staticcall","from":"0x9dcd17433742f4c0ca53122ab541d0ba67fc27d0","gas":"0xea60","input":"0x","to":"0x9dcd17433742f4c0ca53122ab541d0ba67fc27d2","value":"0x0"},"blockHash":"0xf5de2a84c954882baa45ac90c79baa2a966ddf7d8ea14d8a87e1e17c449d123e","blockNumber":2,"result":{"gasUsed":"0x7d","output":"0x0000000000000000000000000000000000000000000000000000000000000002000000000000000000000000000000000000000000000000000c72dd9d5e883e0000000000000000000000000000000000000000000000000000000000000000000000000000000000000000000000000000000000000000000000002da9cd6d00000000000000000000000000000000000000000000000000000000000000000000000000000000000000007435ed30a8b4aeb0877cef0c6e8cffe834eb865f0000000000000000000000000000000000000000000000000000000000000000"},"subtraces":0,"traceAddress":[2],"transactionHash":"0x55d219e322321525fb6d15c388d730e0f6d0ae119e68163ffcea6d3ee50fa738","transactionPosition":1,"type":"call"},{"action":{"callType":"staticcall","from":"0x9dcd17433742f4c0ca53122ab541d0ba67fc27d0","gas":"0xea60","input":"0x","to":"0x7dcd17433742f4c0ca53122ab541d0ba67fc27df","value":"0x0"},"blockHash":"0xf5de2a84c954882baa45ac90c79baa2a966ddf7d8ea14d8a87e1e17c449d123e","blockNumber":2,"error":"Illegal state change","subtraces":0,"traceAddress":[3],"transactionHash":"0x55d219e322321525fb6d15c388d730e0f6d0ae119e68163ffcea6d3ee50fa738","transactionPosition":1,"type":"call"},{"action":{"callType":"delegatecall","from":"0x9dcd17433742f4c0ca53122ab541d0ba67fc27d0","gas":"0xea60","input":"0x00000000","to":"0x7dcd17433742f4c0ca53122ab541d0ba67fc27df","value":"0x0"},"blockHash":"0xf5de2a84c954882baa45ac90c79baa2a966ddf7d8ea14d8a87e1e17c449d123e","blockNumber":2,"result":{"gasUsed":"0x64b0","output":"0x"},"subtraces":0,"traceAddress":[4],"transactionHash":"0x55d219e322321525fb6d15c388d730e0f6d0ae119e68163ffcea6d3ee50fa738","transactionPosition":1,"type":"call"},{"action":{"callType":"callcode","from":"0x9dcd17433742f4c0ca53122ab541d0ba67fc27d0","gas":"0xea60","input":"0xff01","to":"0x9dcd17433742f4c0ca53122ab541d0ba67fc27d1","value":"0x0"},"blockHash":"0xf5de2a84c954882baa45ac90c79baa2a966ddf7d8ea14d8a87e1e17c449d123e","blockNumber":2,"result":{"gasUsed":"0x48","output":"0xffee"},"subtraces":0,"traceAddress":[5],"transactionHash":"0x55d219e322321525fb6d15c388d730e0f6d0ae119e68163ffcea6d3ee50fa738","transactionPosition":1,"type":"call"},{"action":{"creationMethod":"create","from":"0x9dcd17433742f4c0ca53122ab541d0ba67fc27d0","gas":"0x6a00f","init":"0x5b646368696c6460006000a133ff","value":"0x0"},"blockHash":"0xf5de2a84c954882baa45ac90c79baa2a966ddf7d8ea14d8a87e1e17c449d123e","blockNumber":2,"result":{"address":"0x2d303c5b7911d87d594bf1b31fbb9aa187888893","gasUsed":"0x1682","output":"0x"},"subtraces":1,"traceAddress":[6],"transactionHash":"0x55d219e322321525fb6d15c388d730e0f6d0ae119e68163ffcea6d3ee50fa738","transactionPosition":1,"type":"create"},{"action":{"address":"0x2d303c5b7911d87d594bf1b31fbb9aa187888893","balance":"0x0","refundAddress":"0x9dcd17433742f4c0ca53122ab541d0ba67fc27d0"},"blockHash":"0xf5de2a84c954882baa45ac90c79baa2a966ddf7d8ea14d8a87e1e17c449d123e","blockNumber":2,"result":null,"subtraces":0,"traceAddress":[6,0],"transactionHash":"0x55d219e322321525fb6d15c388d730e0f6d0ae119e68163ffcea6d3ee50fa738","transactionPosition":1,"type":"suicide"},{"action":{"creationMethod":"create","from":"0x7435ed30a8b4aeb0877cef0c6e8cffe834eb865f","gas":"0x4b0e","init":"0x600d380380600d6000396000f336156009575f355f555b305f525f5460205260405ff3","value":"0x0"},"blockHash":"0xf5de2a84c954882baa45ac90c79baa2a966ddf7d8ea14d8a87e1e17c449d123e","blockNumber":2,"result":{"address":"0x4055cae5c7d838cda10d40f9d07106c7f5f3be1c","code":"0x36156009575f355f555b305f525f5460205260405ff3","gasUsed":"0x114d"},"subtraces":0,"traceAddress":[],"transactionHash":"0x512b5deddff16d21ebba7b730d935b4287dbb839e77eb05b37b34ce5eb229933","transactionPosition":2,"type":"create"},{"action":{"callType":"call","from":"0x7435ed30a8b4aeb0877cef0c6e8cffe834eb865f","gas":"0x0","input":"0x","to":"0x0000000000000000000000000000000000000000","value":"0x0"},"blockHash":"0xf5de2a84c954882baa45ac90c79baa2a966ddf7d8ea14d8a87e1e17c449d123e","blockNumber":2,"result":{"gasUsed":"0x0","output":"0x"},"subtraces":0,"traceAddress":[],"transactionHash":"0xb54bc1221b206db9ee0449a716ddde73c1e2d0f72d2e789fcb51230fe851cc8a","transactionPosition":3,"type":"call"},{"action":{"callType":"call","from":"0x7435ed30a8b4aeb0877cef0c6e8cffe834eb865f","gas":"0xbef8","input":"0x696e766f6b6564","to":"0xeda8645ba6948855e3b3cd596bbb07596d59c603","value":"0x0"},"blockHash":"0xf5de2a84c954882baa45ac90c79baa2a966ddf7d8ea14d8a87e1e17c449d123e","blockNumber":2,"result":{"gasUsed":"0x56ec","output":"0x000000000000000000000000eda8645ba6948855e3b3cd596bbb07596d59c603696e766f6b656400000000000000000000000000000000000000000000000000"},"subtraces":0,"traceAddress":[],"transactionHash":"0x4e0240fe2995f7a21013fbe4af0ad9330daac8c29008e22b7d71b4672357f014","transactionPosition":4,"type":"call"},{"action":{"author":"0x0000000000000000000000000000000000000000","rewardType":"block","value":"0x0"},"blockHash":"0xf5de2a84c954882baa45ac90c79baa2a966ddf7d8ea14d8a87e1e17c449d123e","blockNumber":2,"result":null,"subtraces":0,"traceAddress":[],"transactionHash":null,"transactionPosition":null,"type":"reward"}]}
response differs from expected (-- client, ++ test):
{
  "id": 1,
  "jsonrpc": "2.0",
  "result": -- [] ++ {}
}


-- interop/filter-to-only-intersection (besu_development)
>>  {"jsonrpc": "2.0", "id": 1, "method": "trace_filter", "params": [{"fromBlock": "0x2", "toBlock": "0x2", "toAddress": ["0x9dcd17433742f4c0ca53122ab541d0ba67fc27d0"], "mode": "intersection"}]}
<<  {"jsonrpc":"2.0","id":1,"error":{"code":-32602,"message":"Invalid filter params"}}
response differs from expected (-- client, ++ test):
{
  -- "error": {
    -- "code": -32602,
    -- "message": "Invalid filter params"
  -- },
  "id": 1,
  "jsonrpc": "2.0",
  ++ "result": {
    ++ "capture_only": true
  ++ }
}


-- interop/filter-to-only-union (besu_development)
>>  {"jsonrpc": "2.0", "id": 1, "method": "trace_filter", "params": [{"fromBlock": "0x2", "toBlock": "0x2", "toAddress": ["0x9dcd17433742f4c0ca53122ab541d0ba67fc27d0"], "mode": "union"}]}
<<  {"jsonrpc":"2.0","id":1,"error":{"code":-32602,"message":"Invalid filter params"}}
response differs from expected (-- client, ++ test):
{
  -- "error": {
    -- "code": -32602,
    -- "message": "Invalid filter params"
  -- },
  "id": 1,
  "jsonrpc": "2.0",
  ++ "result": {
    ++ "capture_only": true
  ++ }
}


-- interop/transaction-tree (besu_development)
>>  {"jsonrpc": "2.0", "id": 1, "method": "trace_transaction", "params": ["0x55d219e322321525fb6d15c388d730e0f6d0ae119e68163ffcea6d3ee50fa738"]}
<<  {"jsonrpc":"2.0","id":1,"result":[{"action":{"callType":"call","from":"0x7435ed30a8b4aeb0877cef0c6e8cffe834eb865f","gas":"0x8d5b8","input":"0x","to":"0x9dcd17433742f4c0ca53122ab541d0ba67fc27d0","value":"0x0"},"blockHash":"0xf5de2a84c954882baa45ac90c79baa2a966ddf7d8ea14d8a87e1e17c449d123e","blockNumber":2,"result":{"gasUsed":"0x2343f","output":"0xffee"},"subtraces":7,"traceAddress":[],"transactionHash":"0x55d219e322321525fb6d15c388d730e0f6d0ae119e68163ffcea6d3ee50fa738","transactionPosition":1,"type":"call"},{"action":{"callType":"call","from":"0x9dcd17433742f4c0ca53122ab541d0ba67fc27d0","gas":"0xf35c","input":"0xff01","to":"0x9dcd17433742f4c0ca53122ab541d0ba67fc27d1","value":"0x1"},"blockHash":"0xf5de2a84c954882baa45ac90c79baa2a966ddf7d8ea14d8a87e1e17c449d123e","blockNumber":2,"result":{"gasUsed":"0x48","output":"0xffee"},"subtraces":0,"traceAddress":[0],"transactionHash":"0x55d219e322321525fb6d15c388d730e0f6d0ae119e68163ffcea6d3ee50fa738","transactionPosition":1,"type":"call"},{"action":{"callType":"call","from":"0x9dcd17433742f4c0ca53122ab541d0ba67fc27d0","gas":"0xea60","input":"0x0000000000000000000000000000000000000000000000000000000000000001","to":"0x9dcd17433742f4c0ca53122ab541d0ba67fc27d3","value":"0x0"},"blockHash":"0xf5de2a84c954882baa45ac90c79baa2a966ddf7d8ea14d8a87e1e17c449d123e","blockNumber":2,"error":"Reverted","subtraces":0,"traceAddress":[1],"transactionHash":"0x55d219e322321525fb6d15c388d730e0f6d0ae119e68163ffcea6d3ee50fa738","transactionPosition":1,"type":"call"},{"action":{"callType":"staticcall","from":"0x9dcd17433742f4c0ca53122ab541d0ba67fc27d0","gas":"0xea60","input":"0x","to":"0x9dcd17433742f4c0ca53122ab541d0ba67fc27d2","value":"0x0"},"blockHash":"0xf5de2a84c954882baa45ac90c79baa2a966ddf7d8ea14d8a87e1e17c449d123e","blockNumber":2,"result":{"gasUsed":"0x7d","output":"0x0000000000000000000000000000000000000000000000000000000000000002000000000000000000000000000000000000000000000000000c72dd9d5e883e0000000000000000000000000000000000000000000000000000000000000000000000000000000000000000000000000000000000000000000000002da9cd6d00000000000000000000000000000000000000000000000000000000000000000000000000000000000000007435ed30a8b4aeb0877cef0c6e8cffe834eb865f0000000000000000000000000000000000000000000000000000000000000000"},"subtraces":0,"traceAddress":[2],"transactionHash":"0x55d219e322321525fb6d15c388d730e0f6d0ae119e68163ffcea6d3ee50fa738","transactionPosition":1,"type":"call"},{"action":{"callType":"staticcall","from":"0x9dcd17433742f4c0ca53122ab541d0ba67fc27d0","gas":"0xea60","input":"0x","to":"0x7dcd17433742f4c0ca53122ab541d0ba67fc27df","value":"0x0"},"blockHash":"0xf5de2a84c954882baa45ac90c79baa2a966ddf7d8ea14d8a87e1e17c449d123e","blockNumber":2,"error":"Illegal state change","subtraces":0,"traceAddress":[3],"transactionHash":"0x55d219e322321525fb6d15c388d730e0f6d0ae119e68163ffcea6d3ee50fa738","transactionPosition":1,"type":"call"},{"action":{"callType":"delegatecall","from":"0x9dcd17433742f4c0ca53122ab541d0ba67fc27d0","gas":"0xea60","input":"0x00000000","to":"0x7dcd17433742f4c0ca53122ab541d0ba67fc27df","value":"0x0"},"blockHash":"0xf5de2a84c954882baa45ac90c79baa2a966ddf7d8ea14d8a87e1e17c449d123e","blockNumber":2,"result":{"gasUsed":"0x64b0","output":"0x"},"subtraces":0,"traceAddress":[4],"transactionHash":"0x55d219e322321525fb6d15c388d730e0f6d0ae119e68163ffcea6d3ee50fa738","transactionPosition":1,"type":"call"},{"action":{"callType":"callcode","from":"0x9dcd17433742f4c0ca53122ab541d0ba67fc27d0","gas":"0xea60","input":"0xff01","to":"0x9dcd17433742f4c0ca53122ab541d0ba67fc27d1","value":"0x0"},"blockHash":"0xf5de2a84c954882baa45ac90c79baa2a966ddf7d8ea14d8a87e1e17c449d123e","blockNumber":2,"result":{"gasUsed":"0x48","output":"0xffee"},"subtraces":0,"traceAddress":[5],"transactionHash":"0x55d219e322321525fb6d15c388d730e0f6d0ae119e68163ffcea6d3ee50fa738","transactionPosition":1,"type":"call"},{"action":{"creationMethod":"create","from":"0x9dcd17433742f4c0ca53122ab541d0ba67fc27d0","gas":"0x6a00f","init":"0x5b646368696c6460006000a133ff","value":"0x0"},"blockHash":"0xf5de2a84c954882baa45ac90c79baa2a966ddf7d8ea14d8a87e1e17c449d123e","blockNumber":2,"result":{"address":"0x2d303c5b7911d87d594bf1b31fbb9aa187888893","gasUsed":"0x1682","output":"0x"},"subtraces":1,"traceAddress":[6],"transactionHash":"0x55d219e322321525fb6d15c388d730e0f6d0ae119e68163ffcea6d3ee50fa738","transactionPosition":1,"type":"create"},{"action":{"address":"0x2d303c5b7911d87d594bf1b31fbb9aa187888893","balance":"0x0","refundAddress":"0x9dcd17433742f4c0ca53122ab541d0ba67fc27d0"},"blockHash":"0xf5de2a84c954882baa45ac90c79baa2a966ddf7d8ea14d8a87e1e17c449d123e","blockNumber":2,"result":null,"subtraces":0,"traceAddress":[6,0],"transactionHash":"0x55d219e322321525fb6d15c388d730e0f6d0ae119e68163ffcea6d3ee50fa738","transactionPosition":1,"type":"suicide"}]}
response differs from expected (-- client, ++ test):
{
  "id": 1,
  "jsonrpc": "2.0",
  "result": -- [] ++ {}
}


-- client launch (besu_development)
sending engine_forkchoiceUpdatedV3: [map[finalizedBlockHash:0x9901db3a31e7004c45911fca4480b7dce86a4baeab819eb4959d7316f687d54c headBlockHash:0xf0b1510b2a9c8d4c4bd1ff2c578ddbffc04741aa06b3cc8680a343741ef15e84 safeBlockHash:0xf0b1510b2a9c8d4c4bd1ff2c578ddbffc04741aa06b3cc8680a343741ef15e84] <nil>]
response: map[payloadId:<nil> payloadStatus:map[latestValidHash:0xf0b1510b2a9c8d4c4bd1ff2c578ddbffc04741aa06b3cc8680a343741ef15e84 status:VALID validationError:<nil>]]


-- interop/_control/head (besu_release)
>>  {"jsonrpc": "2.0", "id": 1, "method": "eth_getBlockByNumber", "params": ["0x30", false]}
<<  {"jsonrpc":"2.0","id":1,"result":{"number":"0x30","hash":"0xf0b1510b2a9c8d4c4bd1ff2c578ddbffc04741aa06b3cc8680a343741ef15e84","mixHash":"0x0000000000000000000000000000000000000000000000000000000000000000","parentHash":"0xaede89efdac80ce5f55b93ee934eddc67b5c8a4282b18a86ca635d69234301f3","nonce":"0x0000000000000000","sha3Uncles":"0x1dcc4de8dec75d7aab85b567b6ccd41ad312451b948a7413f0a142fd40d49347","logsBloom":"0x00000000000000000000000000000000000000000000000000000000000000000000000000000000000000000000000000000000000000000000000000000000000000000000000000000000000000000000000000000000000000000000000000000000000000000000000000000000000000000000000000000000000000000000000000000000000000000000000000000000000000000000000000000000000000000000000000000000000000000000000000000000000000000000000000000000000000000000000000000000000000000000000000000000000000000000000000000000000000000000000000000000000000000000000000000000","transactionsRoot":"0x3d96f46f0efae36059fcba93396d90ed19260e009e9dac0057a1d87e66dc17d0","stateRoot":"0xbce840ac9806ecb3d791bf55bfcfa9460ff3275996aff265fc75e2a2f3efdb26","receiptsRoot":"0x4b7fefa97a453e0ee0cea1d51ca4ab3729f3a2a6a8388a5a3b13765eec3720b7","miner":"0x0000000000000000000000000000000000000000","difficulty":"0x0","extraData":"0x","baseFeePerGas":"0x199876","size":"0x3b8","gasLimit":"0x5f5e100","gasUsed":"0xf618","timestamp":"0x1e0","uncles":[],"transactions":["0x8e96b39ab5e268215283ab40d65139edc6f281f4d79444b6b0a87861c5f8a1d5","0x7045e365111563c3f68594c54d9c4d7e3445f0cfc9671f68e8a0122f849f3f18","0xbe7d79a54b361c1515802fdf8e3843694b3a93350a9097b84c5582686c77163c"],"withdrawalsRoot":"0x56e81f171bcc55a6ff8345e692c0f86e5b48e01b996cadc001622fb5e363b421","withdrawals":[],"requestsHash":"0xe3b0c44298fc1c149afbf4c8996fb92427ae41e4649b934ca495991b7852b855","blobGasUsed":"0x0","excessBlobGas":"0x0","parentBeaconBlockRoot":"0x5b5b49487967b3b60bd859ba2fb13290c6eaf67e97e9f9f9dda935c08564b5f6"}}
response differs from expected (-- client, ++ test):
{
  "id": 1,
  "jsonrpc": "2.0",
  "result": {
    -- "baseFeePerGas": "0x199876",
    -- "blobGasUsed": "0x0",
    ++ "capture_only": true,
    -- "difficulty": "0x0",
    -- "excessBlobGas": "0x0",
    -- "extraData": "0x",
    -- "gasLimit": "0x5f5e100",
    -- "gasUsed": "0xf618",
    -- "hash": "0xf0b1510b2a9c8d4c4bd1ff2c578ddbffc04741aa06b3cc8680a343741ef15e84",
    -- "logsBloom": "0x00000000000000000000000000000000000000000000000000000000000000000000000000000000000000000000000000000000000000000000000000000000000000000000000000000000000000000000000000000000000000000000000000000000000000000000000000000000000000000000000000000000000000000000000000000000000000000000000000000000000000000000000000000000000000000000000000000000000000000000000000000000000000000000000000000000000000000000000000000000000000000000000000000000000000000000000000000000000000000000000000000000000000000000000000000000",
    -- "miner": "0x0000000000000000000000000000000000000000",
    -- "mixHash": "0x0000000000000000000000000000000000000000000000000000000000000000",
    -- "nonce": "0x0000000000000000",
    -- "number": "0x30",
    -- "parentBeaconBlockRoot": "0x5b5b49487967b3b60bd859ba2fb13290c6eaf67e97e9f9f9dda935c08564b5f6",
    -- "parentHash": "0xaede89efdac80ce5f55b93ee934eddc67b5c8a4282b18a86ca635d69234301f3",
    -- "receiptsRoot": "0x4b7fefa97a453e0ee0cea1d51ca4ab3729f3a2a6a8388a5a3b13765eec3720b7",
    -- "requestsHash": "0xe3b0c44298fc1c149afbf4c8996fb92427ae41e4649b934ca495991b7852b855",
    -- "sha3Uncles": "0x1dcc4de8dec75d7aab85b567b6ccd41ad312451b948a7413f0a142fd40d49347",
    -- "size": "0x3b8",
    -- "stateRoot": "0xbce840ac9806ecb3d791bf55bfcfa9460ff3275996aff265fc75e2a2f3efdb26",
    -- "timestamp": "0x1e0",
    -- "transactions": [
      -- "0x8e96b39ab5e268215283ab40d65139edc6f281f4d79444b6b0a87861c5f8a1d5",
      -- "0x7045e365111563c3f68594c54d9c4d7e3445f0cfc9671f68e8a0122f849f3f18",
      -- "0xbe7d79a54b361c1515802fdf8e3843694b3a93350a9097b84c5582686c77163c"
    -- ],
    -- "transactionsRoot": "0x3d96f46f0efae36059fcba93396d90ed19260e009e9dac0057a1d87e66dc17d0",
    -- "uncles": [],
    -- "withdrawals": [],
    -- "withdrawalsRoot": "0x56e81f171bcc55a6ff8345e692c0f86e5b48e01b996cadc001622fb5e363b421"
  }
}


-- interop/_control/version (besu_release)
>>  {"jsonrpc": "2.0", "id": 1, "method": "web3_clientVersion", "params": []}
<<  {"jsonrpc":"2.0","id":1,"result":"besu/v26.8.1/linux-x86_64/openjdk-java-25"}
response differs from expected (-- client, ++ test):
{
  "id": 1,
  "jsonrpc": "2.0",
  "result": -- "besu/v26.8.1/linux-x86_64/openjdk-java-25" ++ {}
}


-- interop/block-2 (besu_release)
>>  {"jsonrpc": "2.0", "id": 1, "method": "trace_block", "params": ["0x2"]}
<<  {"jsonrpc":"2.0","id":1,"result":[{"action":{"callType":"call","from":"0x7435ed30a8b4aeb0877cef0c6e8cffe834eb865f","gas":"0x13488","input":"0x01","to":"0x9dcd17433742f4c0ca53122ab541d0ba67fc27d3","value":"0x0"},"blockHash":"0xf5de2a84c954882baa45ac90c79baa2a966ddf7d8ea14d8a87e1e17c449d123e","blockNumber":2,"error":"Reverted","revertReason":"0x08c379a00000000000000000000000000000000000000000000000000000000000000020000000000000000000000000000000000000000000000000000000000000000a75736572206572726f72","subtraces":0,"traceAddress":[],"transactionHash":"0x827f578f78815feb24e5d992addb5d6d184958aad72d02c213271f4b4ac780ae","transactionPosition":0,"type":"call"},{"action":{"callType":"call","from":"0x7435ed30a8b4aeb0877cef0c6e8cffe834eb865f","gas":"0x8d5b8","input":"0x","to":"0x9dcd17433742f4c0ca53122ab541d0ba67fc27d0","value":"0x0"},"blockHash":"0xf5de2a84c954882baa45ac90c79baa2a966ddf7d8ea14d8a87e1e17c449d123e","blockNumber":2,"result":{"gasUsed":"0x2343f","output":"0xffee"},"subtraces":7,"traceAddress":[],"transactionHash":"0x55d219e322321525fb6d15c388d730e0f6d0ae119e68163ffcea6d3ee50fa738","transactionPosition":1,"type":"call"},{"action":{"callType":"call","from":"0x9dcd17433742f4c0ca53122ab541d0ba67fc27d0","gas":"0xf35c","input":"0xff01","to":"0x9dcd17433742f4c0ca53122ab541d0ba67fc27d1","value":"0x1"},"blockHash":"0xf5de2a84c954882baa45ac90c79baa2a966ddf7d8ea14d8a87e1e17c449d123e","blockNumber":2,"result":{"gasUsed":"0x48","output":"0xffee"},"subtraces":0,"traceAddress":[0],"transactionHash":"0x55d219e322321525fb6d15c388d730e0f6d0ae119e68163ffcea6d3ee50fa738","transactionPosition":1,"type":"call"},{"action":{"callType":"call","from":"0x9dcd17433742f4c0ca53122ab541d0ba67fc27d0","gas":"0xea60","input":"0x0000000000000000000000000000000000000000000000000000000000000001","to":"0x9dcd17433742f4c0ca53122ab541d0ba67fc27d3","value":"0x0"},"blockHash":"0xf5de2a84c954882baa45ac90c79baa2a966ddf7d8ea14d8a87e1e17c449d123e","blockNumber":2,"error":"Reverted","subtraces":0,"traceAddress":[1],"transactionHash":"0x55d219e322321525fb6d15c388d730e0f6d0ae119e68163ffcea6d3ee50fa738","transactionPosition":1,"type":"call"},{"action":{"callType":"staticcall","from":"0x9dcd17433742f4c0ca53122ab541d0ba67fc27d0","gas":"0xea60","input":"0x","to":"0x9dcd17433742f4c0ca53122ab541d0ba67fc27d2","value":"0x0"},"blockHash":"0xf5de2a84c954882baa45ac90c79baa2a966ddf7d8ea14d8a87e1e17c449d123e","blockNumber":2,"result":{"gasUsed":"0x7d","output":"0x0000000000000000000000000000000000000000000000000000000000000002000000000000000000000000000000000000000000000000000c72dd9d5e883e0000000000000000000000000000000000000000000000000000000000000000000000000000000000000000000000000000000000000000000000002da9cd6d00000000000000000000000000000000000000000000000000000000000000000000000000000000000000007435ed30a8b4aeb0877cef0c6e8cffe834eb865f0000000000000000000000000000000000000000000000000000000000000000"},"subtraces":0,"traceAddress":[2],"transactionHash":"0x55d219e322321525fb6d15c388d730e0f6d0ae119e68163ffcea6d3ee50fa738","transactionPosition":1,"type":"call"},{"action":{"callType":"staticcall","from":"0x9dcd17433742f4c0ca53122ab541d0ba67fc27d0","gas":"0xea60","input":"0x","to":"0x7dcd17433742f4c0ca53122ab541d0ba67fc27df","value":"0x0"},"blockHash":"0xf5de2a84c954882baa45ac90c79baa2a966ddf7d8ea14d8a87e1e17c449d123e","blockNumber":2,"error":"Illegal state change","subtraces":0,"traceAddress":[3],"transactionHash":"0x55d219e322321525fb6d15c388d730e0f6d0ae119e68163ffcea6d3ee50fa738","transactionPosition":1,"type":"call"},{"action":{"callType":"delegatecall","from":"0x9dcd17433742f4c0ca53122ab541d0ba67fc27d0","gas":"0xea60","input":"0x00000000","to":"0x7dcd17433742f4c0ca53122ab541d0ba67fc27df","value":"0x0"},"blockHash":"0xf5de2a84c954882baa45ac90c79baa2a966ddf7d8ea14d8a87e1e17c449d123e","blockNumber":2,"result":{"gasUsed":"0x64b0","output":"0x"},"subtraces":0,"traceAddress":[4],"transactionHash":"0x55d219e322321525fb6d15c388d730e0f6d0ae119e68163ffcea6d3ee50fa738","transactionPosition":1,"type":"call"},{"action":{"callType":"callcode","from":"0x9dcd17433742f4c0ca53122ab541d0ba67fc27d0","gas":"0xea60","input":"0xff01","to":"0x9dcd17433742f4c0ca53122ab541d0ba67fc27d1","value":"0x0"},"blockHash":"0xf5de2a84c954882baa45ac90c79baa2a966ddf7d8ea14d8a87e1e17c449d123e","blockNumber":2,"result":{"gasUsed":"0x48","output":"0xffee"},"subtraces":0,"traceAddress":[5],"transactionHash":"0x55d219e322321525fb6d15c388d730e0f6d0ae119e68163ffcea6d3ee50fa738","transactionPosition":1,"type":"call"},{"action":{"creationMethod":"create","from":"0x9dcd17433742f4c0ca53122ab541d0ba67fc27d0","gas":"0x6a00f","init":"0x5b646368696c6460006000a133ff","value":"0x0"},"blockHash":"0xf5de2a84c954882baa45ac90c79baa2a966ddf7d8ea14d8a87e1e17c449d123e","blockNumber":2,"result":{"address":"0x2d303c5b7911d87d594bf1b31fbb9aa187888893","gasUsed":"0x1682","output":"0x"},"subtraces":1,"traceAddress":[6],"transactionHash":"0x55d219e322321525fb6d15c388d730e0f6d0ae119e68163ffcea6d3ee50fa738","transactionPosition":1,"type":"create"},{"action":{"address":"0x2d303c5b7911d87d594bf1b31fbb9aa187888893","balance":"0x0","refundAddress":"0x9dcd17433742f4c0ca53122ab541d0ba67fc27d0"},"blockHash":"0xf5de2a84c954882baa45ac90c79baa2a966ddf7d8ea14d8a87e1e17c449d123e","blockNumber":2,"result":null,"subtraces":0,"traceAddress":[6,0],"transactionHash":"0x55d219e322321525fb6d15c388d730e0f6d0ae119e68163ffcea6d3ee50fa738","transactionPosition":1,"type":"suicide"},{"action":{"creationMethod":"create","from":"0x7435ed30a8b4aeb0877cef0c6e8cffe834eb865f","gas":"0x4b0e","init":"0x600d380380600d6000396000f336156009575f355f555b305f525f5460205260405ff3","value":"0x0"},"blockHash":"0xf5de2a84c954882baa45ac90c79baa2a966ddf7d8ea14d8a87e1e17c449d123e","blockNumber":2,"result":{"address":"0x4055cae5c7d838cda10d40f9d07106c7f5f3be1c","code":"0x36156009575f355f555b305f525f5460205260405ff3","gasUsed":"0x114d"},"subtraces":0,"traceAddress":[],"transactionHash":"0x512b5deddff16d21ebba7b730d935b4287dbb839e77eb05b37b34ce5eb229933","transactionPosition":2,"type":"create"},{"action":{"callType":"call","from":"0x7435ed30a8b4aeb0877cef0c6e8cffe834eb865f","gas":"0x0","input":"0x","to":"0x0000000000000000000000000000000000000000","value":"0x0"},"blockHash":"0xf5de2a84c954882baa45ac90c79baa2a966ddf7d8ea14d8a87e1e17c449d123e","blockNumber":2,"result":{"gasUsed":"0x0","output":"0x"},"subtraces":0,"traceAddress":[],"transactionHash":"0xb54bc1221b206db9ee0449a716ddde73c1e2d0f72d2e789fcb51230fe851cc8a","transactionPosition":3,"type":"call"},{"action":{"callType":"call","from":"0x7435ed30a8b4aeb0877cef0c6e8cffe834eb865f","gas":"0xbef8","input":"0x696e766f6b6564","to":"0xeda8645ba6948855e3b3cd596bbb07596d59c603","value":"0x0"},"blockHash":"0xf5de2a84c954882baa45ac90c79baa2a966ddf7d8ea14d8a87e1e17c449d123e","blockNumber":2,"result":{"gasUsed":"0x56ec","output":"0x000000000000000000000000eda8645ba6948855e3b3cd596bbb07596d59c603696e766f6b656400000000000000000000000000000000000000000000000000"},"subtraces":0,"traceAddress":[],"transactionHash":"0x4e0240fe2995f7a21013fbe4af0ad9330daac8c29008e22b7d71b4672357f014","transactionPosition":4,"type":"call"},{"action":{"author":"0x0000000000000000000000000000000000000000","rewardType":"block","value":"0x0"},"blockHash":"0xf5de2a84c954882baa45ac90c79baa2a966ddf7d8ea14d8a87e1e17c449d123e","blockNumber":2,"result":null,"subtraces":0,"traceAddress":[],"transactionHash":null,"transactionPosition":null,"type":"reward"}]}
response differs from expected (-- client, ++ test):
{
  "id": 1,
  "jsonrpc": "2.0",
  "result": -- [] ++ {}
}


-- interop/block-3 (besu_release)
>>  {"jsonrpc": "2.0", "id": 1, "method": "trace_block", "params": ["0x3"]}
<<  {"jsonrpc":"2.0","id":1,"result":[{"action":{"callType":"call","from":"0x7435ed30a8b4aeb0877cef0c6e8cffe834eb865f","gas":"0x11ba0","input":"0xdc4c8669df128318656d6974","to":"0x7dcd17433742f4c0ca53122ab541d0ba67fc27df","value":"0x2"},"blockHash":"0x01ba2f0e16a94e375a460eb303af615daf77ddfac7cc9d9cef96f22a6a095364","blockNumber":3,"result":{"gasUsed":"0x54ac","output":"0x"},"subtraces":0,"traceAddress":[],"transactionHash":"0x4845366f3ccc487743b759a1d23f430b405e5e56cd50e1a77ce6c2124dcfe842","transactionPosition":0,"type":"call"},{"action":{"callType":"call","from":"0x7435ed30a8b4aeb0877cef0c6e8cffe834eb865f","gas":"0x11ba0","input":"0x3f446a7c4145b1f0656d6974","to":"0x7dcd17433742f4c0ca53122ab541d0ba67fc27df","value":"0x2"},"blockHash":"0x01ba2f0e16a94e375a460eb303af615daf77ddfac7cc9d9cef96f22a6a095364","blockNumber":3,"result":{"gasUsed":"0x5f9c","output":"0x"},"subtraces":0,"traceAddress":[],"transactionHash":"0xbc02888b29321d89ffec6d3796f1e0d5b182999c26cd6a8e49ccad72db305ae7","transactionPosition":1,"type":"call"},{"action":{"callType":"call","from":"0x7435ed30a8b4aeb0877cef0c6e8cffe834eb865f","gas":"0x11ba0","input":"0x96fd14b8fdcbd4a9656d6974","to":"0x7dcd17433742f4c0ca53122ab541d0ba67fc27df","value":"0x3"},"blockHash":"0x01ba2f0e16a94e375a460eb303af615daf77ddfac7cc9d9cef96f22a6a095364","blockNumber":3,"result":{"gasUsed":"0x5f9c","output":"0x"},"subtraces":0,"traceAddress":[],"transactionHash":"0xf02ed84381c81d780bc5a5198252284fe9e1cbd6b108573049a35957cc32bf2d","transactionPosition":2,"type":"call"},{"action":{"author":"0x0000000000000000000000000000000000000000","rewardType":"block","value":"0x0"},"blockHash":"0x01ba2f0e16a94e375a460eb303af615daf77ddfac7cc9d9cef96f22a6a095364","blockNumber":3,"result":null,"subtraces":0,"traceAddress":[],"transactionHash":null,"transactionPosition":null,"type":"reward"}]}
response differs from expected (-- client, ++ test):
{
  "id": 1,
  "jsonrpc": "2.0",
  "result": -- [] ++ {}
}


-- interop/filter-both-null (besu_release)
>>  {"jsonrpc": "2.0", "id": 1, "method": "trace_filter", "params": [{"fromBlock": "0x2", "toBlock": "0x2", "fromAddress": null, "toAddress": null}]}
<<  {"jsonrpc":"2.0","id":1,"result":[{"action":{"callType":"call","from":"0x7435ed30a8b4aeb0877cef0c6e8cffe834eb865f","gas":"0x13488","input":"0x01","to":"0x9dcd17433742f4c0ca53122ab541d0ba67fc27d3","value":"0x0"},"blockHash":"0xf5de2a84c954882baa45ac90c79baa2a966ddf7d8ea14d8a87e1e17c449d123e","blockNumber":2,"error":"Reverted","revertReason":"0x08c379a00000000000000000000000000000000000000000000000000000000000000020000000000000000000000000000000000000000000000000000000000000000a75736572206572726f72","subtraces":0,"traceAddress":[],"transactionHash":"0x827f578f78815feb24e5d992addb5d6d184958aad72d02c213271f4b4ac780ae","transactionPosition":0,"type":"call"},{"action":{"callType":"call","from":"0x7435ed30a8b4aeb0877cef0c6e8cffe834eb865f","gas":"0x8d5b8","input":"0x","to":"0x9dcd17433742f4c0ca53122ab541d0ba67fc27d0","value":"0x0"},"blockHash":"0xf5de2a84c954882baa45ac90c79baa2a966ddf7d8ea14d8a87e1e17c449d123e","blockNumber":2,"result":{"gasUsed":"0x2343f","output":"0xffee"},"subtraces":7,"traceAddress":[],"transactionHash":"0x55d219e322321525fb6d15c388d730e0f6d0ae119e68163ffcea6d3ee50fa738","transactionPosition":1,"type":"call"},{"action":{"callType":"call","from":"0x9dcd17433742f4c0ca53122ab541d0ba67fc27d0","gas":"0xf35c","input":"0xff01","to":"0x9dcd17433742f4c0ca53122ab541d0ba67fc27d1","value":"0x1"},"blockHash":"0xf5de2a84c954882baa45ac90c79baa2a966ddf7d8ea14d8a87e1e17c449d123e","blockNumber":2,"result":{"gasUsed":"0x48","output":"0xffee"},"subtraces":0,"traceAddress":[0],"transactionHash":"0x55d219e322321525fb6d15c388d730e0f6d0ae119e68163ffcea6d3ee50fa738","transactionPosition":1,"type":"call"},{"action":{"callType":"call","from":"0x9dcd17433742f4c0ca53122ab541d0ba67fc27d0","gas":"0xea60","input":"0x0000000000000000000000000000000000000000000000000000000000000001","to":"0x9dcd17433742f4c0ca53122ab541d0ba67fc27d3","value":"0x0"},"blockHash":"0xf5de2a84c954882baa45ac90c79baa2a966ddf7d8ea14d8a87e1e17c449d123e","blockNumber":2,"error":"Reverted","subtraces":0,"traceAddress":[1],"transactionHash":"0x55d219e322321525fb6d15c388d730e0f6d0ae119e68163ffcea6d3ee50fa738","transactionPosition":1,"type":"call"},{"action":{"callType":"staticcall","from":"0x9dcd17433742f4c0ca53122ab541d0ba67fc27d0","gas":"0xea60","input":"0x","to":"0x9dcd17433742f4c0ca53122ab541d0ba67fc27d2","value":"0x0"},"blockHash":"0xf5de2a84c954882baa45ac90c79baa2a966ddf7d8ea14d8a87e1e17c449d123e","blockNumber":2,"result":{"gasUsed":"0x7d","output":"0x0000000000000000000000000000000000000000000000000000000000000002000000000000000000000000000000000000000000000000000c72dd9d5e883e0000000000000000000000000000000000000000000000000000000000000000000000000000000000000000000000000000000000000000000000002da9cd6d00000000000000000000000000000000000000000000000000000000000000000000000000000000000000007435ed30a8b4aeb0877cef0c6e8cffe834eb865f0000000000000000000000000000000000000000000000000000000000000000"},"subtraces":0,"traceAddress":[2],"transactionHash":"0x55d219e322321525fb6d15c388d730e0f6d0ae119e68163ffcea6d3ee50fa738","transactionPosition":1,"type":"call"},{"action":{"callType":"staticcall","from":"0x9dcd17433742f4c0ca53122ab541d0ba67fc27d0","gas":"0xea60","input":"0x","to":"0x7dcd17433742f4c0ca53122ab541d0ba67fc27df","value":"0x0"},"blockHash":"0xf5de2a84c954882baa45ac90c79baa2a966ddf7d8ea14d8a87e1e17c449d123e","blockNumber":2,"error":"Illegal state change","subtraces":0,"traceAddress":[3],"transactionHash":"0x55d219e322321525fb6d15c388d730e0f6d0ae119e68163ffcea6d3ee50fa738","transactionPosition":1,"type":"call"},{"action":{"callType":"delegatecall","from":"0x9dcd17433742f4c0ca53122ab541d0ba67fc27d0","gas":"0xea60","input":"0x00000000","to":"0x7dcd17433742f4c0ca53122ab541d0ba67fc27df","value":"0x0"},"blockHash":"0xf5de2a84c954882baa45ac90c79baa2a966ddf7d8ea14d8a87e1e17c449d123e","blockNumber":2,"result":{"gasUsed":"0x64b0","output":"0x"},"subtraces":0,"traceAddress":[4],"transactionHash":"0x55d219e322321525fb6d15c388d730e0f6d0ae119e68163ffcea6d3ee50fa738","transactionPosition":1,"type":"call"},{"action":{"callType":"callcode","from":"0x9dcd17433742f4c0ca53122ab541d0ba67fc27d0","gas":"0xea60","input":"0xff01","to":"0x9dcd17433742f4c0ca53122ab541d0ba67fc27d1","value":"0x0"},"blockHash":"0xf5de2a84c954882baa45ac90c79baa2a966ddf7d8ea14d8a87e1e17c449d123e","blockNumber":2,"result":{"gasUsed":"0x48","output":"0xffee"},"subtraces":0,"traceAddress":[5],"transactionHash":"0x55d219e322321525fb6d15c388d730e0f6d0ae119e68163ffcea6d3ee50fa738","transactionPosition":1,"type":"call"},{"action":{"creationMethod":"create","from":"0x9dcd17433742f4c0ca53122ab541d0ba67fc27d0","gas":"0x6a00f","init":"0x5b646368696c6460006000a133ff","value":"0x0"},"blockHash":"0xf5de2a84c954882baa45ac90c79baa2a966ddf7d8ea14d8a87e1e17c449d123e","blockNumber":2,"result":{"address":"0x2d303c5b7911d87d594bf1b31fbb9aa187888893","gasUsed":"0x1682","output":"0x"},"subtraces":1,"traceAddress":[6],"transactionHash":"0x55d219e322321525fb6d15c388d730e0f6d0ae119e68163ffcea6d3ee50fa738","transactionPosition":1,"type":"create"},{"action":{"address":"0x2d303c5b7911d87d594bf1b31fbb9aa187888893","balance":"0x0","refundAddress":"0x9dcd17433742f4c0ca53122ab541d0ba67fc27d0"},"blockHash":"0xf5de2a84c954882baa45ac90c79baa2a966ddf7d8ea14d8a87e1e17c449d123e","blockNumber":2,"result":null,"subtraces":0,"traceAddress":[6,0],"transactionHash":"0x55d219e322321525fb6d15c388d730e0f6d0ae119e68163ffcea6d3ee50fa738","transactionPosition":1,"type":"suicide"},{"action":{"creationMethod":"create","from":"0x7435ed30a8b4aeb0877cef0c6e8cffe834eb865f","gas":"0x4b0e","init":"0x600d380380600d6000396000f336156009575f355f555b305f525f5460205260405ff3","value":"0x0"},"blockHash":"0xf5de2a84c954882baa45ac90c79baa2a966ddf7d8ea14d8a87e1e17c449d123e","blockNumber":2,"result":{"address":"0x4055cae5c7d838cda10d40f9d07106c7f5f3be1c","code":"0x36156009575f355f555b305f525f5460205260405ff3","gasUsed":"0x114d"},"subtraces":0,"traceAddress":[],"transactionHash":"0x512b5deddff16d21ebba7b730d935b4287dbb839e77eb05b37b34ce5eb229933","transactionPosition":2,"type":"create"},{"action":{"callType":"call","from":"0x7435ed30a8b4aeb0877cef0c6e8cffe834eb865f","gas":"0x0","input":"0x","to":"0x0000000000000000000000000000000000000000","value":"0x0"},"blockHash":"0xf5de2a84c954882baa45ac90c79baa2a966ddf7d8ea14d8a87e1e17c449d123e","blockNumber":2,"result":{"gasUsed":"0x0","output":"0x"},"subtraces":0,"traceAddress":[],"transactionHash":"0xb54bc1221b206db9ee0449a716ddde73c1e2d0f72d2e789fcb51230fe851cc8a","transactionPosition":3,"type":"call"},{"action":{"callType":"call","from":"0x7435ed30a8b4aeb0877cef0c6e8cffe834eb865f","gas":"0xbef8","input":"0x696e766f6b6564","to":"0xeda8645ba6948855e3b3cd596bbb07596d59c603","value":"0x0"},"blockHash":"0xf5de2a84c954882baa45ac90c79baa2a966ddf7d8ea14d8a87e1e17c449d123e","blockNumber":2,"result":{"gasUsed":"0x56ec","output":"0x000000000000000000000000eda8645ba6948855e3b3cd596bbb07596d59c603696e766f6b656400000000000000000000000000000000000000000000000000"},"subtraces":0,"traceAddress":[],"transactionHash":"0x4e0240fe2995f7a21013fbe4af0ad9330daac8c29008e22b7d71b4672357f014","transactionPosition":4,"type":"call"},{"action":{"author":"0x0000000000000000000000000000000000000000","rewardType":"block","value":"0x0"},"blockHash":"0xf5de2a84c954882baa45ac90c79baa2a966ddf7d8ea14d8a87e1e17c449d123e","blockNumber":2,"result":null,"subtraces":0,"traceAddress":[],"transactionHash":null,"transactionPosition":null,"type":"reward"}]}
response differs from expected (-- client, ++ test):
{
  "id": 1,
  "jsonrpc": "2.0",
  "result": -- [] ++ {}
}


-- interop/filter-both-unknown-mode (besu_release)
>>  {"jsonrpc": "2.0", "id": 1, "method": "trace_filter", "params": [{"fromBlock": "0x2", "toBlock": "0x2", "fromAddress": ["0x7435ed30a8b4aeb0877cef0c6e8cffe834eb865f"], "toAddress": ["0x9dcd17433742f4c0ca53122ab541d0ba67fc27d0"], "mode": "garbage"}]}
<<  {"jsonrpc":"2.0","id":1,"error":{"code":-32602,"message":"Invalid filter params"}}
response differs from expected (-- client, ++ test):
{
  -- "error": {
    -- "code": -32602,
    -- "message": "Invalid filter params"
  -- },
  "id": 1,
  "jsonrpc": "2.0",
  ++ "result": {
    ++ "capture_only": true
  ++ }
}


-- interop/filter-from-null (besu_release)
>>  {"jsonrpc": "2.0", "id": 1, "method": "trace_filter", "params": [{"fromBlock": "0x2", "toBlock": "0x2", "fromAddress": null}]}
<<  {"jsonrpc":"2.0","id":1,"result":[{"action":{"callType":"call","from":"0x7435ed30a8b4aeb0877cef0c6e8cffe834eb865f","gas":"0x13488","input":"0x01","to":"0x9dcd17433742f4c0ca53122ab541d0ba67fc27d3","value":"0x0"},"blockHash":"0xf5de2a84c954882baa45ac90c79baa2a966ddf7d8ea14d8a87e1e17c449d123e","blockNumber":2,"error":"Reverted","revertReason":"0x08c379a00000000000000000000000000000000000000000000000000000000000000020000000000000000000000000000000000000000000000000000000000000000a75736572206572726f72","subtraces":0,"traceAddress":[],"transactionHash":"0x827f578f78815feb24e5d992addb5d6d184958aad72d02c213271f4b4ac780ae","transactionPosition":0,"type":"call"},{"action":{"callType":"call","from":"0x7435ed30a8b4aeb0877cef0c6e8cffe834eb865f","gas":"0x8d5b8","input":"0x","to":"0x9dcd17433742f4c0ca53122ab541d0ba67fc27d0","value":"0x0"},"blockHash":"0xf5de2a84c954882baa45ac90c79baa2a966ddf7d8ea14d8a87e1e17c449d123e","blockNumber":2,"result":{"gasUsed":"0x2343f","output":"0xffee"},"subtraces":7,"traceAddress":[],"transactionHash":"0x55d219e322321525fb6d15c388d730e0f6d0ae119e68163ffcea6d3ee50fa738","transactionPosition":1,"type":"call"},{"action":{"callType":"call","from":"0x9dcd17433742f4c0ca53122ab541d0ba67fc27d0","gas":"0xf35c","input":"0xff01","to":"0x9dcd17433742f4c0ca53122ab541d0ba67fc27d1","value":"0x1"},"blockHash":"0xf5de2a84c954882baa45ac90c79baa2a966ddf7d8ea14d8a87e1e17c449d123e","blockNumber":2,"result":{"gasUsed":"0x48","output":"0xffee"},"subtraces":0,"traceAddress":[0],"transactionHash":"0x55d219e322321525fb6d15c388d730e0f6d0ae119e68163ffcea6d3ee50fa738","transactionPosition":1,"type":"call"},{"action":{"callType":"call","from":"0x9dcd17433742f4c0ca53122ab541d0ba67fc27d0","gas":"0xea60","input":"0x0000000000000000000000000000000000000000000000000000000000000001","to":"0x9dcd17433742f4c0ca53122ab541d0ba67fc27d3","value":"0x0"},"blockHash":"0xf5de2a84c954882baa45ac90c79baa2a966ddf7d8ea14d8a87e1e17c449d123e","blockNumber":2,"error":"Reverted","subtraces":0,"traceAddress":[1],"transactionHash":"0x55d219e322321525fb6d15c388d730e0f6d0ae119e68163ffcea6d3ee50fa738","transactionPosition":1,"type":"call"},{"action":{"callType":"staticcall","from":"0x9dcd17433742f4c0ca53122ab541d0ba67fc27d0","gas":"0xea60","input":"0x","to":"0x9dcd17433742f4c0ca53122ab541d0ba67fc27d2","value":"0x0"},"blockHash":"0xf5de2a84c954882baa45ac90c79baa2a966ddf7d8ea14d8a87e1e17c449d123e","blockNumber":2,"result":{"gasUsed":"0x7d","output":"0x0000000000000000000000000000000000000000000000000000000000000002000000000000000000000000000000000000000000000000000c72dd9d5e883e0000000000000000000000000000000000000000000000000000000000000000000000000000000000000000000000000000000000000000000000002da9cd6d00000000000000000000000000000000000000000000000000000000000000000000000000000000000000007435ed30a8b4aeb0877cef0c6e8cffe834eb865f0000000000000000000000000000000000000000000000000000000000000000"},"subtraces":0,"traceAddress":[2],"transactionHash":"0x55d219e322321525fb6d15c388d730e0f6d0ae119e68163ffcea6d3ee50fa738","transactionPosition":1,"type":"call"},{"action":{"callType":"staticcall","from":"0x9dcd17433742f4c0ca53122ab541d0ba67fc27d0","gas":"0xea60","input":"0x","to":"0x7dcd17433742f4c0ca53122ab541d0ba67fc27df","value":"0x0"},"blockHash":"0xf5de2a84c954882baa45ac90c79baa2a966ddf7d8ea14d8a87e1e17c449d123e","blockNumber":2,"error":"Illegal state change","subtraces":0,"traceAddress":[3],"transactionHash":"0x55d219e322321525fb6d15c388d730e0f6d0ae119e68163ffcea6d3ee50fa738","transactionPosition":1,"type":"call"},{"action":{"callType":"delegatecall","from":"0x9dcd17433742f4c0ca53122ab541d0ba67fc27d0","gas":"0xea60","input":"0x00000000","to":"0x7dcd17433742f4c0ca53122ab541d0ba67fc27df","value":"0x0"},"blockHash":"0xf5de2a84c954882baa45ac90c79baa2a966ddf7d8ea14d8a87e1e17c449d123e","blockNumber":2,"result":{"gasUsed":"0x64b0","output":"0x"},"subtraces":0,"traceAddress":[4],"transactionHash":"0x55d219e322321525fb6d15c388d730e0f6d0ae119e68163ffcea6d3ee50fa738","transactionPosition":1,"type":"call"},{"action":{"callType":"callcode","from":"0x9dcd17433742f4c0ca53122ab541d0ba67fc27d0","gas":"0xea60","input":"0xff01","to":"0x9dcd17433742f4c0ca53122ab541d0ba67fc27d1","value":"0x0"},"blockHash":"0xf5de2a84c954882baa45ac90c79baa2a966ddf7d8ea14d8a87e1e17c449d123e","blockNumber":2,"result":{"gasUsed":"0x48","output":"0xffee"},"subtraces":0,"traceAddress":[5],"transactionHash":"0x55d219e322321525fb6d15c388d730e0f6d0ae119e68163ffcea6d3ee50fa738","transactionPosition":1,"type":"call"},{"action":{"creationMethod":"create","from":"0x9dcd17433742f4c0ca53122ab541d0ba67fc27d0","gas":"0x6a00f","init":"0x5b646368696c6460006000a133ff","value":"0x0"},"blockHash":"0xf5de2a84c954882baa45ac90c79baa2a966ddf7d8ea14d8a87e1e17c449d123e","blockNumber":2,"result":{"address":"0x2d303c5b7911d87d594bf1b31fbb9aa187888893","gasUsed":"0x1682","output":"0x"},"subtraces":1,"traceAddress":[6],"transactionHash":"0x55d219e322321525fb6d15c388d730e0f6d0ae119e68163ffcea6d3ee50fa738","transactionPosition":1,"type":"create"},{"action":{"address":"0x2d303c5b7911d87d594bf1b31fbb9aa187888893","balance":"0x0","refundAddress":"0x9dcd17433742f4c0ca53122ab541d0ba67fc27d0"},"blockHash":"0xf5de2a84c954882baa45ac90c79baa2a966ddf7d8ea14d8a87e1e17c449d123e","blockNumber":2,"result":null,"subtraces":0,"traceAddress":[6,0],"transactionHash":"0x55d219e322321525fb6d15c388d730e0f6d0ae119e68163ffcea6d3ee50fa738","transactionPosition":1,"type":"suicide"},{"action":{"creationMethod":"create","from":"0x7435ed30a8b4aeb0877cef0c6e8cffe834eb865f","gas":"0x4b0e","init":"0x600d380380600d6000396000f336156009575f355f555b305f525f5460205260405ff3","value":"0x0"},"blockHash":"0xf5de2a84c954882baa45ac90c79baa2a966ddf7d8ea14d8a87e1e17c449d123e","blockNumber":2,"result":{"address":"0x4055cae5c7d838cda10d40f9d07106c7f5f3be1c","code":"0x36156009575f355f555b305f525f5460205260405ff3","gasUsed":"0x114d"},"subtraces":0,"traceAddress":[],"transactionHash":"0x512b5deddff16d21ebba7b730d935b4287dbb839e77eb05b37b34ce5eb229933","transactionPosition":2,"type":"create"},{"action":{"callType":"call","from":"0x7435ed30a8b4aeb0877cef0c6e8cffe834eb865f","gas":"0x0","input":"0x","to":"0x0000000000000000000000000000000000000000","value":"0x0"},"blockHash":"0xf5de2a84c954882baa45ac90c79baa2a966ddf7d8ea14d8a87e1e17c449d123e","blockNumber":2,"result":{"gasUsed":"0x0","output":"0x"},"subtraces":0,"traceAddress":[],"transactionHash":"0xb54bc1221b206db9ee0449a716ddde73c1e2d0f72d2e789fcb51230fe851cc8a","transactionPosition":3,"type":"call"},{"action":{"callType":"call","from":"0x7435ed30a8b4aeb0877cef0c6e8cffe834eb865f","gas":"0xbef8","input":"0x696e766f6b6564","to":"0xeda8645ba6948855e3b3cd596bbb07596d59c603","value":"0x0"},"blockHash":"0xf5de2a84c954882baa45ac90c79baa2a966ddf7d8ea14d8a87e1e17c449d123e","blockNumber":2,"result":{"gasUsed":"0x56ec","output":"0x000000000000000000000000eda8645ba6948855e3b3cd596bbb07596d59c603696e766f6b656400000000000000000000000000000000000000000000000000"},"subtraces":0,"traceAddress":[],"transactionHash":"0x4e0240fe2995f7a21013fbe4af0ad9330daac8c29008e22b7d71b4672357f014","transactionPosition":4,"type":"call"},{"action":{"author":"0x0000000000000000000000000000000000000000","rewardType":"block","value":"0x0"},"blockHash":"0xf5de2a84c954882baa45ac90c79baa2a966ddf7d8ea14d8a87e1e17c449d123e","blockNumber":2,"result":null,"subtraces":0,"traceAddress":[],"transactionHash":null,"transactionPosition":null,"type":"reward"}]}
response differs from expected (-- client, ++ test):
{
  "id": 1,
  "jsonrpc": "2.0",
  "result": -- [] ++ {}
}


-- interop/filter-from-only-intersection (besu_release)
>>  {"jsonrpc": "2.0", "id": 1, "method": "trace_filter", "params": [{"fromBlock": "0x2", "toBlock": "0x2", "fromAddress": ["0x7435ed30a8b4aeb0877cef0c6e8cffe834eb865f"], "mode": "intersection"}]}
<<  {"jsonrpc":"2.0","id":1,"error":{"code":-32602,"message":"Invalid filter params"}}
response differs from expected (-- client, ++ test):
{
  -- "error": {
    -- "code": -32602,
    -- "message": "Invalid filter params"
  -- },
  "id": 1,
  "jsonrpc": "2.0",
  ++ "result": {
    ++ "capture_only": true
  ++ }
}


-- interop/filter-from-only-union (besu_release)
>>  {"jsonrpc": "2.0", "id": 1, "method": "trace_filter", "params": [{"fromBlock": "0x2", "toBlock": "0x2", "fromAddress": ["0x7435ed30a8b4aeb0877cef0c6e8cffe834eb865f"], "mode": "union"}]}
<<  {"jsonrpc":"2.0","id":1,"error":{"code":-32602,"message":"Invalid filter params"}}
response differs from expected (-- client, ++ test):
{
  -- "error": {
    -- "code": -32602,
    -- "message": "Invalid filter params"
  -- },
  "id": 1,
  "jsonrpc": "2.0",
  ++ "result": {
    ++ "capture_only": true
  ++ }
}


-- interop/filter-to-null (besu_release)
>>  {"jsonrpc": "2.0", "id": 1, "method": "trace_filter", "params": [{"fromBlock": "0x2", "toBlock": "0x2", "toAddress": null}]}
<<  {"jsonrpc":"2.0","id":1,"result":[{"action":{"callType":"call","from":"0x7435ed30a8b4aeb0877cef0c6e8cffe834eb865f","gas":"0x13488","input":"0x01","to":"0x9dcd17433742f4c0ca53122ab541d0ba67fc27d3","value":"0x0"},"blockHash":"0xf5de2a84c954882baa45ac90c79baa2a966ddf7d8ea14d8a87e1e17c449d123e","blockNumber":2,"error":"Reverted","revertReason":"0x08c379a00000000000000000000000000000000000000000000000000000000000000020000000000000000000000000000000000000000000000000000000000000000a75736572206572726f72","subtraces":0,"traceAddress":[],"transactionHash":"0x827f578f78815feb24e5d992addb5d6d184958aad72d02c213271f4b4ac780ae","transactionPosition":0,"type":"call"},{"action":{"callType":"call","from":"0x7435ed30a8b4aeb0877cef0c6e8cffe834eb865f","gas":"0x8d5b8","input":"0x","to":"0x9dcd17433742f4c0ca53122ab541d0ba67fc27d0","value":"0x0"},"blockHash":"0xf5de2a84c954882baa45ac90c79baa2a966ddf7d8ea14d8a87e1e17c449d123e","blockNumber":2,"result":{"gasUsed":"0x2343f","output":"0xffee"},"subtraces":7,"traceAddress":[],"transactionHash":"0x55d219e322321525fb6d15c388d730e0f6d0ae119e68163ffcea6d3ee50fa738","transactionPosition":1,"type":"call"},{"action":{"callType":"call","from":"0x9dcd17433742f4c0ca53122ab541d0ba67fc27d0","gas":"0xf35c","input":"0xff01","to":"0x9dcd17433742f4c0ca53122ab541d0ba67fc27d1","value":"0x1"},"blockHash":"0xf5de2a84c954882baa45ac90c79baa2a966ddf7d8ea14d8a87e1e17c449d123e","blockNumber":2,"result":{"gasUsed":"0x48","output":"0xffee"},"subtraces":0,"traceAddress":[0],"transactionHash":"0x55d219e322321525fb6d15c388d730e0f6d0ae119e68163ffcea6d3ee50fa738","transactionPosition":1,"type":"call"},{"action":{"callType":"call","from":"0x9dcd17433742f4c0ca53122ab541d0ba67fc27d0","gas":"0xea60","input":"0x0000000000000000000000000000000000000000000000000000000000000001","to":"0x9dcd17433742f4c0ca53122ab541d0ba67fc27d3","value":"0x0"},"blockHash":"0xf5de2a84c954882baa45ac90c79baa2a966ddf7d8ea14d8a87e1e17c449d123e","blockNumber":2,"error":"Reverted","subtraces":0,"traceAddress":[1],"transactionHash":"0x55d219e322321525fb6d15c388d730e0f6d0ae119e68163ffcea6d3ee50fa738","transactionPosition":1,"type":"call"},{"action":{"callType":"staticcall","from":"0x9dcd17433742f4c0ca53122ab541d0ba67fc27d0","gas":"0xea60","input":"0x","to":"0x9dcd17433742f4c0ca53122ab541d0ba67fc27d2","value":"0x0"},"blockHash":"0xf5de2a84c954882baa45ac90c79baa2a966ddf7d8ea14d8a87e1e17c449d123e","blockNumber":2,"result":{"gasUsed":"0x7d","output":"0x0000000000000000000000000000000000000000000000000000000000000002000000000000000000000000000000000000000000000000000c72dd9d5e883e0000000000000000000000000000000000000000000000000000000000000000000000000000000000000000000000000000000000000000000000002da9cd6d00000000000000000000000000000000000000000000000000000000000000000000000000000000000000007435ed30a8b4aeb0877cef0c6e8cffe834eb865f0000000000000000000000000000000000000000000000000000000000000000"},"subtraces":0,"traceAddress":[2],"transactionHash":"0x55d219e322321525fb6d15c388d730e0f6d0ae119e68163ffcea6d3ee50fa738","transactionPosition":1,"type":"call"},{"action":{"callType":"staticcall","from":"0x9dcd17433742f4c0ca53122ab541d0ba67fc27d0","gas":"0xea60","input":"0x","to":"0x7dcd17433742f4c0ca53122ab541d0ba67fc27df","value":"0x0"},"blockHash":"0xf5de2a84c954882baa45ac90c79baa2a966ddf7d8ea14d8a87e1e17c449d123e","blockNumber":2,"error":"Illegal state change","subtraces":0,"traceAddress":[3],"transactionHash":"0x55d219e322321525fb6d15c388d730e0f6d0ae119e68163ffcea6d3ee50fa738","transactionPosition":1,"type":"call"},{"action":{"callType":"delegatecall","from":"0x9dcd17433742f4c0ca53122ab541d0ba67fc27d0","gas":"0xea60","input":"0x00000000","to":"0x7dcd17433742f4c0ca53122ab541d0ba67fc27df","value":"0x0"},"blockHash":"0xf5de2a84c954882baa45ac90c79baa2a966ddf7d8ea14d8a87e1e17c449d123e","blockNumber":2,"result":{"gasUsed":"0x64b0","output":"0x"},"subtraces":0,"traceAddress":[4],"transactionHash":"0x55d219e322321525fb6d15c388d730e0f6d0ae119e68163ffcea6d3ee50fa738","transactionPosition":1,"type":"call"},{"action":{"callType":"callcode","from":"0x9dcd17433742f4c0ca53122ab541d0ba67fc27d0","gas":"0xea60","input":"0xff01","to":"0x9dcd17433742f4c0ca53122ab541d0ba67fc27d1","value":"0x0"},"blockHash":"0xf5de2a84c954882baa45ac90c79baa2a966ddf7d8ea14d8a87e1e17c449d123e","blockNumber":2,"result":{"gasUsed":"0x48","output":"0xffee"},"subtraces":0,"traceAddress":[5],"transactionHash":"0x55d219e322321525fb6d15c388d730e0f6d0ae119e68163ffcea6d3ee50fa738","transactionPosition":1,"type":"call"},{"action":{"creationMethod":"create","from":"0x9dcd17433742f4c0ca53122ab541d0ba67fc27d0","gas":"0x6a00f","init":"0x5b646368696c6460006000a133ff","value":"0x0"},"blockHash":"0xf5de2a84c954882baa45ac90c79baa2a966ddf7d8ea14d8a87e1e17c449d123e","blockNumber":2,"result":{"address":"0x2d303c5b7911d87d594bf1b31fbb9aa187888893","gasUsed":"0x1682","output":"0x"},"subtraces":1,"traceAddress":[6],"transactionHash":"0x55d219e322321525fb6d15c388d730e0f6d0ae119e68163ffcea6d3ee50fa738","transactionPosition":1,"type":"create"},{"action":{"address":"0x2d303c5b7911d87d594bf1b31fbb9aa187888893","balance":"0x0","refundAddress":"0x9dcd17433742f4c0ca53122ab541d0ba67fc27d0"},"blockHash":"0xf5de2a84c954882baa45ac90c79baa2a966ddf7d8ea14d8a87e1e17c449d123e","blockNumber":2,"result":null,"subtraces":0,"traceAddress":[6,0],"transactionHash":"0x55d219e322321525fb6d15c388d730e0f6d0ae119e68163ffcea6d3ee50fa738","transactionPosition":1,"type":"suicide"},{"action":{"creationMethod":"create","from":"0x7435ed30a8b4aeb0877cef0c6e8cffe834eb865f","gas":"0x4b0e","init":"0x600d380380600d6000396000f336156009575f355f555b305f525f5460205260405ff3","value":"0x0"},"blockHash":"0xf5de2a84c954882baa45ac90c79baa2a966ddf7d8ea14d8a87e1e17c449d123e","blockNumber":2,"result":{"address":"0x4055cae5c7d838cda10d40f9d07106c7f5f3be1c","code":"0x36156009575f355f555b305f525f5460205260405ff3","gasUsed":"0x114d"},"subtraces":0,"traceAddress":[],"transactionHash":"0x512b5deddff16d21ebba7b730d935b4287dbb839e77eb05b37b34ce5eb229933","transactionPosition":2,"type":"create"},{"action":{"callType":"call","from":"0x7435ed30a8b4aeb0877cef0c6e8cffe834eb865f","gas":"0x0","input":"0x","to":"0x0000000000000000000000000000000000000000","value":"0x0"},"blockHash":"0xf5de2a84c954882baa45ac90c79baa2a966ddf7d8ea14d8a87e1e17c449d123e","blockNumber":2,"result":{"gasUsed":"0x0","output":"0x"},"subtraces":0,"traceAddress":[],"transactionHash":"0xb54bc1221b206db9ee0449a716ddde73c1e2d0f72d2e789fcb51230fe851cc8a","transactionPosition":3,"type":"call"},{"action":{"callType":"call","from":"0x7435ed30a8b4aeb0877cef0c6e8cffe834eb865f","gas":"0xbef8","input":"0x696e766f6b6564","to":"0xeda8645ba6948855e3b3cd596bbb07596d59c603","value":"0x0"},"blockHash":"0xf5de2a84c954882baa45ac90c79baa2a966ddf7d8ea14d8a87e1e17c449d123e","blockNumber":2,"result":{"gasUsed":"0x56ec","output":"0x000000000000000000000000eda8645ba6948855e3b3cd596bbb07596d59c603696e766f6b656400000000000000000000000000000000000000000000000000"},"subtraces":0,"traceAddress":[],"transactionHash":"0x4e0240fe2995f7a21013fbe4af0ad9330daac8c29008e22b7d71b4672357f014","transactionPosition":4,"type":"call"},{"action":{"author":"0x0000000000000000000000000000000000000000","rewardType":"block","value":"0x0"},"blockHash":"0xf5de2a84c954882baa45ac90c79baa2a966ddf7d8ea14d8a87e1e17c449d123e","blockNumber":2,"result":null,"subtraces":0,"traceAddress":[],"transactionHash":null,"transactionPosition":null,"type":"reward"}]}
response differs from expected (-- client, ++ test):
{
  "id": 1,
  "jsonrpc": "2.0",
  "result": -- [] ++ {}
}


-- interop/filter-to-only-intersection (besu_release)
>>  {"jsonrpc": "2.0", "id": 1, "method": "trace_filter", "params": [{"fromBlock": "0x2", "toBlock": "0x2", "toAddress": ["0x9dcd17433742f4c0ca53122ab541d0ba67fc27d0"], "mode": "intersection"}]}
<<  {"jsonrpc":"2.0","id":1,"error":{"code":-32602,"message":"Invalid filter params"}}
response differs from expected (-- client, ++ test):
{
  -- "error": {
    -- "code": -32602,
    -- "message": "Invalid filter params"
  -- },
  "id": 1,
  "jsonrpc": "2.0",
  ++ "result": {
    ++ "capture_only": true
  ++ }
}


-- interop/filter-to-only-union (besu_release)
>>  {"jsonrpc": "2.0", "id": 1, "method": "trace_filter", "params": [{"fromBlock": "0x2", "toBlock": "0x2", "toAddress": ["0x9dcd17433742f4c0ca53122ab541d0ba67fc27d0"], "mode": "union"}]}
<<  {"jsonrpc":"2.0","id":1,"error":{"code":-32602,"message":"Invalid filter params"}}
response differs from expected (-- client, ++ test):
{
  -- "error": {
    -- "code": -32602,
    -- "message": "Invalid filter params"
  -- },
  "id": 1,
  "jsonrpc": "2.0",
  ++ "result": {
    ++ "capture_only": true
  ++ }
}


-- interop/transaction-tree (besu_release)
>>  {"jsonrpc": "2.0", "id": 1, "method": "trace_transaction", "params": ["0x55d219e322321525fb6d15c388d730e0f6d0ae119e68163ffcea6d3ee50fa738"]}
<<  {"jsonrpc":"2.0","id":1,"result":[{"action":{"callType":"call","from":"0x7435ed30a8b4aeb0877cef0c6e8cffe834eb865f","gas":"0x8d5b8","input":"0x","to":"0x9dcd17433742f4c0ca53122ab541d0ba67fc27d0","value":"0x0"},"blockHash":"0xf5de2a84c954882baa45ac90c79baa2a966ddf7d8ea14d8a87e1e17c449d123e","blockNumber":2,"result":{"gasUsed":"0x2343f","output":"0xffee"},"subtraces":7,"traceAddress":[],"transactionHash":"0x55d219e322321525fb6d15c388d730e0f6d0ae119e68163ffcea6d3ee50fa738","transactionPosition":1,"type":"call"},{"action":{"callType":"call","from":"0x9dcd17433742f4c0ca53122ab541d0ba67fc27d0","gas":"0xf35c","input":"0xff01","to":"0x9dcd17433742f4c0ca53122ab541d0ba67fc27d1","value":"0x1"},"blockHash":"0xf5de2a84c954882baa45ac90c79baa2a966ddf7d8ea14d8a87e1e17c449d123e","blockNumber":2,"result":{"gasUsed":"0x48","output":"0xffee"},"subtraces":0,"traceAddress":[0],"transactionHash":"0x55d219e322321525fb6d15c388d730e0f6d0ae119e68163ffcea6d3ee50fa738","transactionPosition":1,"type":"call"},{"action":{"callType":"call","from":"0x9dcd17433742f4c0ca53122ab541d0ba67fc27d0","gas":"0xea60","input":"0x0000000000000000000000000000000000000000000000000000000000000001","to":"0x9dcd17433742f4c0ca53122ab541d0ba67fc27d3","value":"0x0"},"blockHash":"0xf5de2a84c954882baa45ac90c79baa2a966ddf7d8ea14d8a87e1e17c449d123e","blockNumber":2,"error":"Reverted","subtraces":0,"traceAddress":[1],"transactionHash":"0x55d219e322321525fb6d15c388d730e0f6d0ae119e68163ffcea6d3ee50fa738","transactionPosition":1,"type":"call"},{"action":{"callType":"staticcall","from":"0x9dcd17433742f4c0ca53122ab541d0ba67fc27d0","gas":"0xea60","input":"0x","to":"0x9dcd17433742f4c0ca53122ab541d0ba67fc27d2","value":"0x0"},"blockHash":"0xf5de2a84c954882baa45ac90c79baa2a966ddf7d8ea14d8a87e1e17c449d123e","blockNumber":2,"result":{"gasUsed":"0x7d","output":"0x0000000000000000000000000000000000000000000000000000000000000002000000000000000000000000000000000000000000000000000c72dd9d5e883e0000000000000000000000000000000000000000000000000000000000000000000000000000000000000000000000000000000000000000000000002da9cd6d00000000000000000000000000000000000000000000000000000000000000000000000000000000000000007435ed30a8b4aeb0877cef0c6e8cffe834eb865f0000000000000000000000000000000000000000000000000000000000000000"},"subtraces":0,"traceAddress":[2],"transactionHash":"0x55d219e322321525fb6d15c388d730e0f6d0ae119e68163ffcea6d3ee50fa738","transactionPosition":1,"type":"call"},{"action":{"callType":"staticcall","from":"0x9dcd17433742f4c0ca53122ab541d0ba67fc27d0","gas":"0xea60","input":"0x","to":"0x7dcd17433742f4c0ca53122ab541d0ba67fc27df","value":"0x0"},"blockHash":"0xf5de2a84c954882baa45ac90c79baa2a966ddf7d8ea14d8a87e1e17c449d123e","blockNumber":2,"error":"Illegal state change","subtraces":0,"traceAddress":[3],"transactionHash":"0x55d219e322321525fb6d15c388d730e0f6d0ae119e68163ffcea6d3ee50fa738","transactionPosition":1,"type":"call"},{"action":{"callType":"delegatecall","from":"0x9dcd17433742f4c0ca53122ab541d0ba67fc27d0","gas":"0xea60","input":"0x00000000","to":"0x7dcd17433742f4c0ca53122ab541d0ba67fc27df","value":"0x0"},"blockHash":"0xf5de2a84c954882baa45ac90c79baa2a966ddf7d8ea14d8a87e1e17c449d123e","blockNumber":2,"result":{"gasUsed":"0x64b0","output":"0x"},"subtraces":0,"traceAddress":[4],"transactionHash":"0x55d219e322321525fb6d15c388d730e0f6d0ae119e68163ffcea6d3ee50fa738","transactionPosition":1,"type":"call"},{"action":{"callType":"callcode","from":"0x9dcd17433742f4c0ca53122ab541d0ba67fc27d0","gas":"0xea60","input":"0xff01","to":"0x9dcd17433742f4c0ca53122ab541d0ba67fc27d1","value":"0x0"},"blockHash":"0xf5de2a84c954882baa45ac90c79baa2a966ddf7d8ea14d8a87e1e17c449d123e","blockNumber":2,"result":{"gasUsed":"0x48","output":"0xffee"},"subtraces":0,"traceAddress":[5],"transactionHash":"0x55d219e322321525fb6d15c388d730e0f6d0ae119e68163ffcea6d3ee50fa738","transactionPosition":1,"type":"call"},{"action":{"creationMethod":"create","from":"0x9dcd17433742f4c0ca53122ab541d0ba67fc27d0","gas":"0x6a00f","init":"0x5b646368696c6460006000a133ff","value":"0x0"},"blockHash":"0xf5de2a84c954882baa45ac90c79baa2a966ddf7d8ea14d8a87e1e17c449d123e","blockNumber":2,"result":{"address":"0x2d303c5b7911d87d594bf1b31fbb9aa187888893","gasUsed":"0x1682","output":"0x"},"subtraces":1,"traceAddress":[6],"transactionHash":"0x55d219e322321525fb6d15c388d730e0f6d0ae119e68163ffcea6d3ee50fa738","transactionPosition":1,"type":"create"},{"action":{"address":"0x2d303c5b7911d87d594bf1b31fbb9aa187888893","balance":"0x0","refundAddress":"0x9dcd17433742f4c0ca53122ab541d0ba67fc27d0"},"blockHash":"0xf5de2a84c954882baa45ac90c79baa2a966ddf7d8ea14d8a87e1e17c449d123e","blockNumber":2,"result":null,"subtraces":0,"traceAddress":[6,0],"transactionHash":"0x55d219e322321525fb6d15c388d730e0f6d0ae119e68163ffcea6d3ee50fa738","transactionPosition":1,"type":"suicide"}]}
response differs from expected (-- client, ++ test):
{
  "id": 1,
  "jsonrpc": "2.0",
  "result": -- [] ++ {}
}


-- client launch (besu_release)
sending engine_forkchoiceUpdatedV3: [map[finalizedBlockHash:0x9901db3a31e7004c45911fca4480b7dce86a4baeab819eb4959d7316f687d54c headBlockHash:0xf0b1510b2a9c8d4c4bd1ff2c578ddbffc04741aa06b3cc8680a343741ef15e84 safeBlockHash:0xf0b1510b2a9c8d4c4bd1ff2c578ddbffc04741aa06b3cc8680a343741ef15e84] <nil>]
response: map[payloadId:<nil> payloadStatus:map[latestValidHash:0xf0b1510b2a9c8d4c4bd1ff2c578ddbffc04741aa06b3cc8680a343741ef15e84 status:VALID validationError:<nil>]]


-- interop/_control/head (erigon_development)
>>  {"jsonrpc": "2.0", "id": 1, "method": "eth_getBlockByNumber", "params": ["0x30", false]}
<<  {"jsonrpc":"2.0","id":1,"result":{"number":"0x30","hash":"0xf0b1510b2a9c8d4c4bd1ff2c578ddbffc04741aa06b3cc8680a343741ef15e84","parentHash":"0xaede89efdac80ce5f55b93ee934eddc67b5c8a4282b18a86ca635d69234301f3","nonce":"0x0000000000000000","mixHash":"0x0000000000000000000000000000000000000000000000000000000000000000","sha3Uncles":"0x1dcc4de8dec75d7aab85b567b6ccd41ad312451b948a7413f0a142fd40d49347","logsBloom":"0x00000000000000000000000000000000000000000000000000000000000000000000000000000000000000000000000000000000000000000000000000000000000000000000000000000000000000000000000000000000000000000000000000000000000000000000000000000000000000000000000000000000000000000000000000000000000000000000000000000000000000000000000000000000000000000000000000000000000000000000000000000000000000000000000000000000000000000000000000000000000000000000000000000000000000000000000000000000000000000000000000000000000000000000000000000000","stateRoot":"0xbce840ac9806ecb3d791bf55bfcfa9460ff3275996aff265fc75e2a2f3efdb26","miner":"0x0000000000000000000000000000000000000000","difficulty":"0x0","extraData":"0x","gasLimit":"0x5f5e100","gasUsed":"0xf618","timestamp":"0x1e0","transactionsRoot":"0x3d96f46f0efae36059fcba93396d90ed19260e009e9dac0057a1d87e66dc17d0","receiptsRoot":"0x4b7fefa97a453e0ee0cea1d51ca4ab3729f3a2a6a8388a5a3b13765eec3720b7","baseFeePerGas":"0x199876","withdrawalsRoot":"0x56e81f171bcc55a6ff8345e692c0f86e5b48e01b996cadc001622fb5e363b421","blobGasUsed":"0x0","excessBlobGas":"0x0","parentBeaconBlockRoot":"0x5b5b49487967b3b60bd859ba2fb13290c6eaf67e97e9f9f9dda935c08564b5f6","requestsHash":"0xe3b0c44298fc1c149afbf4c8996fb92427ae41e4649b934ca495991b7852b855","size":"0x3b8","transactions":["0x8e96b39ab5e268215283ab40d65139edc6f281f4d79444b6b0a87861c5f8a1d5","0x7045e365111563c3f68594c54d9c4d7e3445f0cfc9671f68e8a0122f849f3f18","0xbe7d79a54b361c1515802fdf8e3843694b3a93350a9097b84c5582686c77163c"],"uncles":[],"withdrawals":[]}}
response differs from expected (-- client, ++ test):
{
  "id": 1,
  "jsonrpc": "2.0",
  "result": {
    -- "baseFeePerGas": "0x199876",
    -- "blobGasUsed": "0x0",
    ++ "capture_only": true,
    -- "difficulty": "0x0",
    -- "excessBlobGas": "0x0",
    -- "extraData": "0x",
    -- "gasLimit": "0x5f5e100",
    -- "gasUsed": "0xf618",
    -- "hash": "0xf0b1510b2a9c8d4c4bd1ff2c578ddbffc04741aa06b3cc8680a343741ef15e84",
    -- "logsBloom": "0x00000000000000000000000000000000000000000000000000000000000000000000000000000000000000000000000000000000000000000000000000000000000000000000000000000000000000000000000000000000000000000000000000000000000000000000000000000000000000000000000000000000000000000000000000000000000000000000000000000000000000000000000000000000000000000000000000000000000000000000000000000000000000000000000000000000000000000000000000000000000000000000000000000000000000000000000000000000000000000000000000000000000000000000000000000000",
    -- "miner": "0x0000000000000000000000000000000000000000",
    -- "mixHash": "0x0000000000000000000000000000000000000000000000000000000000000000",
    -- "nonce": "0x0000000000000000",
    -- "number": "0x30",
    -- "parentBeaconBlockRoot": "0x5b5b49487967b3b60bd859ba2fb13290c6eaf67e97e9f9f9dda935c08564b5f6",
    -- "parentHash": "0xaede89efdac80ce5f55b93ee934eddc67b5c8a4282b18a86ca635d69234301f3",
    -- "receiptsRoot": "0x4b7fefa97a453e0ee0cea1d51ca4ab3729f3a2a6a8388a5a3b13765eec3720b7",
    -- "requestsHash": "0xe3b0c44298fc1c149afbf4c8996fb92427ae41e4649b934ca495991b7852b855",
    -- "sha3Uncles": "0x1dcc4de8dec75d7aab85b567b6ccd41ad312451b948a7413f0a142fd40d49347",
    -- "size": "0x3b8",
    -- "stateRoot": "0xbce840ac9806ecb3d791bf55bfcfa9460ff3275996aff265fc75e2a2f3efdb26",
    -- "timestamp": "0x1e0",
    -- "transactions": [
      -- "0x8e96b39ab5e268215283ab40d65139edc6f281f4d79444b6b0a87861c5f8a1d5",
      -- "0x7045e365111563c3f68594c54d9c4d7e3445f0cfc9671f68e8a0122f849f3f18",
      -- "0xbe7d79a54b361c1515802fdf8e3843694b3a93350a9097b84c5582686c77163c"
    -- ],
    -- "transactionsRoot": "0x3d96f46f0efae36059fcba93396d90ed19260e009e9dac0057a1d87e66dc17d0",
    -- "uncles": [],
    -- "withdrawals": [],
    -- "withdrawalsRoot": "0x56e81f171bcc55a6ff8345e692c0f86e5b48e01b996cadc001622fb5e363b421"
  }
}


-- interop/_control/version (erigon_development)
>>  {"jsonrpc": "2.0", "id": 1, "method": "web3_clientVersion", "params": []}
<<  {"jsonrpc":"2.0","id":1,"result":"erigon/3.8.0/linux-amd64/go1.27.1"}
response differs from expected (-- client, ++ test):
{
  "id": 1,
  "jsonrpc": "2.0",
  "result": -- "erigon/3.8.0/linux-amd64/go1.27.1" ++ {}
}


-- interop/block-2 (erigon_development)
>>  {"jsonrpc": "2.0", "id": 1, "method": "trace_block", "params": ["0x2"]}
<<  {"jsonrpc":"2.0","id":1,"result":[{"action":{"from":"0x7435ed30a8b4aeb0877cef0c6e8cffe834eb865f","callType":"call","gas":"0x13488","input":"0x01","to":"0x9dcd17433742f4c0ca53122ab541d0ba67fc27d3","value":"0x0"},"blockHash":"0xf5de2a84c954882baa45ac90c79baa2a966ddf7d8ea14d8a87e1e17c449d123e","blockNumber":2,"error":"Reverted","result":{"gasUsed":"0x889","output":"0x08c379a00000000000000000000000000000000000000000000000000000000000000020000000000000000000000000000000000000000000000000000000000000000a75736572206572726f72"},"subtraces":0,"traceAddress":[],"transactionHash":"0x827f578f78815feb24e5d992addb5d6d184958aad72d02c213271f4b4ac780ae","transactionPosition":0,"type":"call"},{"action":{"from":"0x7435ed30a8b4aeb0877cef0c6e8cffe834eb865f","callType":"call","gas":"0x8d5b8","input":"0x","to":"0x9dcd17433742f4c0ca53122ab541d0ba67fc27d0","value":"0x0"},"blockHash":"0xf5de2a84c954882baa45ac90c79baa2a966ddf7d8ea14d8a87e1e17c449d123e","blockNumber":2,"result":{"gasUsed":"0x2343f","output":"0xffee"},"subtraces":7,"traceAddress":[],"transactionHash":"0x55d219e322321525fb6d15c388d730e0f6d0ae119e68163ffcea6d3ee50fa738","transactionPosition":1,"type":"call"},{"action":{"from":"0x9dcd17433742f4c0ca53122ab541d0ba67fc27d0","callType":"call","gas":"0xf35c","input":"0xff01","to":"0x9dcd17433742f4c0ca53122ab541d0ba67fc27d1","value":"0x1"},"blockHash":"0xf5de2a84c954882baa45ac90c79baa2a966ddf7d8ea14d8a87e1e17c449d123e","blockNumber":2,"result":{"gasUsed":"0x48","output":"0xffee"},"subtraces":0,"traceAddress":[0],"transactionHash":"0x55d219e322321525fb6d15c388d730e0f6d0ae119e68163ffcea6d3ee50fa738","transactionPosition":1,"type":"call"},{"action":{"from":"0x9dcd17433742f4c0ca53122ab541d0ba67fc27d0","callType":"call","gas":"0xea60","input":"0x0000000000000000000000000000000000000000000000000000000000000001","to":"0x9dcd17433742f4c0ca53122ab541d0ba67fc27d3","value":"0x0"},"blockHash":"0xf5de2a84c954882baa45ac90c79baa2a966ddf7d8ea14d8a87e1e17c449d123e","blockNumber":2,"error":"Reverted","result":{"gasUsed":"0x889","output":"0x08c379a00000000000000000000000000000000000000000000000000000000000000020000000000000000000000000000000000000000000000000000000000000000a75736572206572726f72"},"subtraces":0,"traceAddress":[1],"transactionHash":"0x55d219e322321525fb6d15c388d730e0f6d0ae119e68163ffcea6d3ee50fa738","transactionPosition":1,"type":"call"},{"action":{"from":"0x9dcd17433742f4c0ca53122ab541d0ba67fc27d0","callType":"staticcall","gas":"0xea60","input":"0x","to":"0x9dcd17433742f4c0ca53122ab541d0ba67fc27d2","value":"0x0"},"blockHash":"0xf5de2a84c954882baa45ac90c79baa2a966ddf7d8ea14d8a87e1e17c449d123e","blockNumber":2,"result":{"gasUsed":"0x7d","output":"0x0000000000000000000000000000000000000000000000000000000000000002000000000000000000000000000000000000000000000000000c72dd9d5e883e0000000000000000000000000000000000000000000000000000000000000000000000000000000000000000000000000000000000000000000000002da9cd6d00000000000000000000000000000000000000000000000000000000000000000000000000000000000000007435ed30a8b4aeb0877cef0c6e8cffe834eb865f0000000000000000000000000000000000000000000000000000000000000000"},"subtraces":0,"traceAddress":[2],"transactionHash":"0x55d219e322321525fb6d15c388d730e0f6d0ae119e68163ffcea6d3ee50fa738","transactionPosition":1,"type":"call"},{"action":{"from":"0x9dcd17433742f4c0ca53122ab541d0ba67fc27d0","callType":"staticcall","gas":"0xea60","input":"0x","to":"0x7dcd17433742f4c0ca53122ab541d0ba67fc27df","value":"0x0"},"blockHash":"0xf5de2a84c954882baa45ac90c79baa2a966ddf7d8ea14d8a87e1e17c449d123e","blockNumber":2,"error":"out of gas: write protection","result":null,"subtraces":0,"traceAddress":[3],"transactionHash":"0x55d219e322321525fb6d15c388d730e0f6d0ae119e68163ffcea6d3ee50fa738","transactionPosition":1,"type":"call"},{"action":{"from":"0x9dcd17433742f4c0ca53122ab541d0ba67fc27d0","callType":"delegatecall","gas":"0xea60","input":"0x00000000","to":"0x7dcd17433742f4c0ca53122ab541d0ba67fc27df","value":"0x0"},"blockHash":"0xf5de2a84c954882baa45ac90c79baa2a966ddf7d8ea14d8a87e1e17c449d123e","blockNumber":2,"result":{"gasUsed":"0x64b0","output":"0x"},"subtraces":0,"traceAddress":[4],"transactionHash":"0x55d219e322321525fb6d15c388d730e0f6d0ae119e68163ffcea6d3ee50fa738","transactionPosition":1,"type":"call"},{"action":{"from":"0x9dcd17433742f4c0ca53122ab541d0ba67fc27d0","callType":"callcode","gas":"0xea60","input":"0xff01","to":"0x9dcd17433742f4c0ca53122ab541d0ba67fc27d1","value":"0x0"},"blockHash":"0xf5de2a84c954882baa45ac90c79baa2a966ddf7d8ea14d8a87e1e17c449d123e","blockNumber":2,"result":{"gasUsed":"0x48","output":"0xffee"},"subtraces":0,"traceAddress":[5],"transactionHash":"0x55d219e322321525fb6d15c388d730e0f6d0ae119e68163ffcea6d3ee50fa738","transactionPosition":1,"type":"call"},{"action":{"from":"0x9dcd17433742f4c0ca53122ab541d0ba67fc27d0","creationMethod":"create","gas":"0x6a00f","init":"0x5b646368696c6460006000a133ff","value":"0x0"},"blockHash":"0xf5de2a84c954882baa45ac90c79baa2a966ddf7d8ea14d8a87e1e17c449d123e","blockNumber":2,"result":{"address":"0x2d303c5b7911d87d594bf1b31fbb9aa187888893","code":"0x","gasUsed":"0x1682"},"subtraces":1,"traceAddress":[6],"transactionHash":"0x55d219e322321525fb6d15c388d730e0f6d0ae119e68163ffcea6d3ee50fa738","transactionPosition":1,"type":"create"},{"action":{"address":"0x2d303c5b7911d87d594bf1b31fbb9aa187888893","refundAddress":"0x9dcd17433742f4c0ca53122ab541d0ba67fc27d0","balance":"0x0"},"blockHash":"0xf5de2a84c954882baa45ac90c79baa2a966ddf7d8ea14d8a87e1e17c449d123e","blockNumber":2,"result":null,"subtraces":0,"traceAddress":[6,0],"transactionHash":"0x55d219e322321525fb6d15c388d730e0f6d0ae119e68163ffcea6d3ee50fa738","transactionPosition":1,"type":"suicide"},{"action":{"from":"0x7435ed30a8b4aeb0877cef0c6e8cffe834eb865f","creationMethod":"create","gas":"0x4b0e","init":"0x600d380380600d6000396000f336156009575f355f555b305f525f5460205260405ff3","value":"0x0"},"blockHash":"0xf5de2a84c954882baa45ac90c79baa2a966ddf7d8ea14d8a87e1e17c449d123e","blockNumber":2,"result":{"address":"0x4055cae5c7d838cda10d40f9d07106c7f5f3be1c","code":"0x36156009575f355f555b305f525f5460205260405ff3","gasUsed":"0x114d"},"subtraces":0,"traceAddress":[],"transactionHash":"0x512b5deddff16d21ebba7b730d935b4287dbb839e77eb05b37b34ce5eb229933","transactionPosition":2,"type":"create"},{"action":{"from":"0x7435ed30a8b4aeb0877cef0c6e8cffe834eb865f","callType":"call","gas":"0x0","input":"0x","to":"0x0000000000000000000000000000000000000000","value":"0x0"},"blockHash":"0xf5de2a84c954882baa45ac90c79baa2a966ddf7d8ea14d8a87e1e17c449d123e","blockNumber":2,"result":{"gasUsed":"0x0","output":"0x"},"subtraces":0,"traceAddress":[],"transactionHash":"0xb54bc1221b206db9ee0449a716ddde73c1e2d0f72d2e789fcb51230fe851cc8a","transactionPosition":3,"type":"call"},{"action":{"from":"0x7435ed30a8b4aeb0877cef0c6e8cffe834eb865f","callType":"call","gas":"0xbef8","input":"0x696e766f6b6564","to":"0xeda8645ba6948855e3b3cd596bbb07596d59c603","value":"0x0"},"blockHash":"0xf5de2a84c954882baa45ac90c79baa2a966ddf7d8ea14d8a87e1e17c449d123e","blockNumber":2,"result":{"gasUsed":"0x56ec","output":"0x000000000000000000000000eda8645ba6948855e3b3cd596bbb07596d59c603696e766f6b656400000000000000000000000000000000000000000000000000"},"subtraces":0,"traceAddress":[],"transactionHash":"0x4e0240fe2995f7a21013fbe4af0ad9330daac8c29008e22b7d71b4672357f014","transactionPosition":4,"type":"call"}]}
response differs from expected (-- client, ++ test):
{
  "id": 1,
  "jsonrpc": "2.0",
  "result": -- [] ++ {}
}


-- interop/block-3 (erigon_development)
>>  {"jsonrpc": "2.0", "id": 1, "method": "trace_block", "params": ["0x3"]}
<<  {"jsonrpc":"2.0","id":1,"result":[{"action":{"from":"0x7435ed30a8b4aeb0877cef0c6e8cffe834eb865f","callType":"call","gas":"0x11ba0","input":"0xdc4c8669df128318656d6974","to":"0x7dcd17433742f4c0ca53122ab541d0ba67fc27df","value":"0x2"},"blockHash":"0x01ba2f0e16a94e375a460eb303af615daf77ddfac7cc9d9cef96f22a6a095364","blockNumber":3,"result":{"gasUsed":"0x54ac","output":"0x"},"subtraces":0,"traceAddress":[],"transactionHash":"0x4845366f3ccc487743b759a1d23f430b405e5e56cd50e1a77ce6c2124dcfe842","transactionPosition":0,"type":"call"},{"action":{"from":"0x7435ed30a8b4aeb0877cef0c6e8cffe834eb865f","callType":"call","gas":"0x11ba0","input":"0x3f446a7c4145b1f0656d6974","to":"0x7dcd17433742f4c0ca53122ab541d0ba67fc27df","value":"0x2"},"blockHash":"0x01ba2f0e16a94e375a460eb303af615daf77ddfac7cc9d9cef96f22a6a095364","blockNumber":3,"result":{"gasUsed":"0x5f9c","output":"0x"},"subtraces":0,"traceAddress":[],"transactionHash":"0xbc02888b29321d89ffec6d3796f1e0d5b182999c26cd6a8e49ccad72db305ae7","transactionPosition":1,"type":"call"},{"action":{"from":"0x7435ed30a8b4aeb0877cef0c6e8cffe834eb865f","callType":"call","gas":"0x11ba0","input":"0x96fd14b8fdcbd4a9656d6974","to":"0x7dcd17433742f4c0ca53122ab541d0ba67fc27df","value":"0x3"},"blockHash":"0x01ba2f0e16a94e375a460eb303af615daf77ddfac7cc9d9cef96f22a6a095364","blockNumber":3,"result":{"gasUsed":"0x5f9c","output":"0x"},"subtraces":0,"traceAddress":[],"transactionHash":"0xf02ed84381c81d780bc5a5198252284fe9e1cbd6b108573049a35957cc32bf2d","transactionPosition":2,"type":"call"}]}
response differs from expected (-- client, ++ test):
{
  "id": 1,
  "jsonrpc": "2.0",
  "result": -- [] ++ {}
}


-- interop/filter-both-null (erigon_development)
>>  {"jsonrpc": "2.0", "id": 1, "method": "trace_filter", "params": [{"fromBlock": "0x2", "toBlock": "0x2", "fromAddress": null, "toAddress": null}]}
<<  {"jsonrpc":"2.0","id":1,"result":[{"action":{"from":"0x7435ed30a8b4aeb0877cef0c6e8cffe834eb865f","callType":"call","gas":"0x13488","input":"0x01","to":"0x9dcd17433742f4c0ca53122ab541d0ba67fc27d3","value":"0x0"},"blockHash":"0xf5de2a84c954882baa45ac90c79baa2a966ddf7d8ea14d8a87e1e17c449d123e","blockNumber":2,"error":"Reverted","result":{"gasUsed":"0x889","output":"0x08c379a00000000000000000000000000000000000000000000000000000000000000020000000000000000000000000000000000000000000000000000000000000000a75736572206572726f72"},"subtraces":0,"traceAddress":[],"transactionHash":"0x827f578f78815feb24e5d992addb5d6d184958aad72d02c213271f4b4ac780ae","transactionPosition":0,"type":"call"},{"action":{"from":"0x7435ed30a8b4aeb0877cef0c6e8cffe834eb865f","callType":"call","gas":"0x8d5b8","input":"0x","to":"0x9dcd17433742f4c0ca53122ab541d0ba67fc27d0","value":"0x0"},"blockHash":"0xf5de2a84c954882baa45ac90c79baa2a966ddf7d8ea14d8a87e1e17c449d123e","blockNumber":2,"result":{"gasUsed":"0x2343f","output":"0xffee"},"subtraces":7,"traceAddress":[],"transactionHash":"0x55d219e322321525fb6d15c388d730e0f6d0ae119e68163ffcea6d3ee50fa738","transactionPosition":1,"type":"call"},{"action":{"from":"0x9dcd17433742f4c0ca53122ab541d0ba67fc27d0","callType":"call","gas":"0xf35c","input":"0xff01","to":"0x9dcd17433742f4c0ca53122ab541d0ba67fc27d1","value":"0x1"},"blockHash":"0xf5de2a84c954882baa45ac90c79baa2a966ddf7d8ea14d8a87e1e17c449d123e","blockNumber":2,"result":{"gasUsed":"0x48","output":"0xffee"},"subtraces":0,"traceAddress":[0],"transactionHash":"0x55d219e322321525fb6d15c388d730e0f6d0ae119e68163ffcea6d3ee50fa738","transactionPosition":1,"type":"call"},{"action":{"from":"0x9dcd17433742f4c0ca53122ab541d0ba67fc27d0","callType":"call","gas":"0xea60","input":"0x0000000000000000000000000000000000000000000000000000000000000001","to":"0x9dcd17433742f4c0ca53122ab541d0ba67fc27d3","value":"0x0"},"blockHash":"0xf5de2a84c954882baa45ac90c79baa2a966ddf7d8ea14d8a87e1e17c449d123e","blockNumber":2,"error":"Reverted","result":{"gasUsed":"0x889","output":"0x08c379a00000000000000000000000000000000000000000000000000000000000000020000000000000000000000000000000000000000000000000000000000000000a75736572206572726f72"},"subtraces":0,"traceAddress":[1],"transactionHash":"0x55d219e322321525fb6d15c388d730e0f6d0ae119e68163ffcea6d3ee50fa738","transactionPosition":1,"type":"call"},{"action":{"from":"0x9dcd17433742f4c0ca53122ab541d0ba67fc27d0","callType":"staticcall","gas":"0xea60","input":"0x","to":"0x9dcd17433742f4c0ca53122ab541d0ba67fc27d2","value":"0x0"},"blockHash":"0xf5de2a84c954882baa45ac90c79baa2a966ddf7d8ea14d8a87e1e17c449d123e","blockNumber":2,"result":{"gasUsed":"0x7d","output":"0x0000000000000000000000000000000000000000000000000000000000000002000000000000000000000000000000000000000000000000000c72dd9d5e883e0000000000000000000000000000000000000000000000000000000000000000000000000000000000000000000000000000000000000000000000002da9cd6d00000000000000000000000000000000000000000000000000000000000000000000000000000000000000007435ed30a8b4aeb0877cef0c6e8cffe834eb865f0000000000000000000000000000000000000000000000000000000000000000"},"subtraces":0,"traceAddress":[2],"transactionHash":"0x55d219e322321525fb6d15c388d730e0f6d0ae119e68163ffcea6d3ee50fa738","transactionPosition":1,"type":"call"},{"action":{"from":"0x9dcd17433742f4c0ca53122ab541d0ba67fc27d0","callType":"staticcall","gas":"0xea60","input":"0x","to":"0x7dcd17433742f4c0ca53122ab541d0ba67fc27df","value":"0x0"},"blockHash":"0xf5de2a84c954882baa45ac90c79baa2a966ddf7d8ea14d8a87e1e17c449d123e","blockNumber":2,"error":"out of gas: write protection","result":null,"subtraces":0,"traceAddress":[3],"transactionHash":"0x55d219e322321525fb6d15c388d730e0f6d0ae119e68163ffcea6d3ee50fa738","transactionPosition":1,"type":"call"},{"action":{"from":"0x9dcd17433742f4c0ca53122ab541d0ba67fc27d0","callType":"delegatecall","gas":"0xea60","input":"0x00000000","to":"0x7dcd17433742f4c0ca53122ab541d0ba67fc27df","value":"0x0"},"blockHash":"0xf5de2a84c954882baa45ac90c79baa2a966ddf7d8ea14d8a87e1e17c449d123e","blockNumber":2,"result":{"gasUsed":"0x64b0","output":"0x"},"subtraces":0,"traceAddress":[4],"transactionHash":"0x55d219e322321525fb6d15c388d730e0f6d0ae119e68163ffcea6d3ee50fa738","transactionPosition":1,"type":"call"},{"action":{"from":"0x9dcd17433742f4c0ca53122ab541d0ba67fc27d0","callType":"callcode","gas":"0xea60","input":"0xff01","to":"0x9dcd17433742f4c0ca53122ab541d0ba67fc27d1","value":"0x0"},"blockHash":"0xf5de2a84c954882baa45ac90c79baa2a966ddf7d8ea14d8a87e1e17c449d123e","blockNumber":2,"result":{"gasUsed":"0x48","output":"0xffee"},"subtraces":0,"traceAddress":[5],"transactionHash":"0x55d219e322321525fb6d15c388d730e0f6d0ae119e68163ffcea6d3ee50fa738","transactionPosition":1,"type":"call"},{"action":{"from":"0x9dcd17433742f4c0ca53122ab541d0ba67fc27d0","creationMethod":"create","gas":"0x6a00f","init":"0x5b646368696c6460006000a133ff","value":"0x0"},"blockHash":"0xf5de2a84c954882baa45ac90c79baa2a966ddf7d8ea14d8a87e1e17c449d123e","blockNumber":2,"result":{"address":"0x2d303c5b7911d87d594bf1b31fbb9aa187888893","code":"0x","gasUsed":"0x1682"},"subtraces":1,"traceAddress":[6],"transactionHash":"0x55d219e322321525fb6d15c388d730e0f6d0ae119e68163ffcea6d3ee50fa738","transactionPosition":1,"type":"create"},{"action":{"address":"0x2d303c5b7911d87d594bf1b31fbb9aa187888893","refundAddress":"0x9dcd17433742f4c0ca53122ab541d0ba67fc27d0","balance":"0x0"},"blockHash":"0xf5de2a84c954882baa45ac90c79baa2a966ddf7d8ea14d8a87e1e17c449d123e","blockNumber":2,"result":null,"subtraces":0,"traceAddress":[6,0],"transactionHash":"0x55d219e322321525fb6d15c388d730e0f6d0ae119e68163ffcea6d3ee50fa738","transactionPosition":1,"type":"suicide"},{"action":{"from":"0x7435ed30a8b4aeb0877cef0c6e8cffe834eb865f","creationMethod":"create","gas":"0x4b0e","init":"0x600d380380600d6000396000f336156009575f355f555b305f525f5460205260405ff3","value":"0x0"},"blockHash":"0xf5de2a84c954882baa45ac90c79baa2a966ddf7d8ea14d8a87e1e17c449d123e","blockNumber":2,"result":{"address":"0x4055cae5c7d838cda10d40f9d07106c7f5f3be1c","code":"0x36156009575f355f555b305f525f5460205260405ff3","gasUsed":"0x114d"},"subtraces":0,"traceAddress":[],"transactionHash":"0x512b5deddff16d21ebba7b730d935b4287dbb839e77eb05b37b34ce5eb229933","transactionPosition":2,"type":"create"},{"action":{"from":"0x7435ed30a8b4aeb0877cef0c6e8cffe834eb865f","callType":"call","gas":"0x0","input":"0x","to":"0x0000000000000000000000000000000000000000","value":"0x0"},"blockHash":"0xf5de2a84c954882baa45ac90c79baa2a966ddf7d8ea14d8a87e1e17c449d123e","blockNumber":2,"result":{"gasUsed":"0x0","output":"0x"},"subtraces":0,"traceAddress":[],"transactionHash":"0xb54bc1221b206db9ee0449a716ddde73c1e2d0f72d2e789fcb51230fe851cc8a","transactionPosition":3,"type":"call"},{"action":{"from":"0x7435ed30a8b4aeb0877cef0c6e8cffe834eb865f","callType":"call","gas":"0xbef8","input":"0x696e766f6b6564","to":"0xeda8645ba6948855e3b3cd596bbb07596d59c603","value":"0x0"},"blockHash":"0xf5de2a84c954882baa45ac90c79baa2a966ddf7d8ea14d8a87e1e17c449d123e","blockNumber":2,"result":{"gasUsed":"0x56ec","output":"0x000000000000000000000000eda8645ba6948855e3b3cd596bbb07596d59c603696e766f6b656400000000000000000000000000000000000000000000000000"},"subtraces":0,"traceAddress":[],"transactionHash":"0x4e0240fe2995f7a21013fbe4af0ad9330daac8c29008e22b7d71b4672357f014","transactionPosition":4,"type":"call"}]}
response differs from expected (-- client, ++ test):
{
  "id": 1,
  "jsonrpc": "2.0",
  "result": -- [] ++ {}
}


-- interop/filter-both-unknown-mode (erigon_development)
>>  {"jsonrpc": "2.0", "id": 1, "method": "trace_filter", "params": [{"fromBlock": "0x2", "toBlock": "0x2", "fromAddress": ["0x7435ed30a8b4aeb0877cef0c6e8cffe834eb865f"], "toAddress": ["0x9dcd17433742f4c0ca53122ab541d0ba67fc27d0"], "mode": "garbage"}]}
<<  {"jsonrpc":"2.0","id":1,"result":[{"action":{"from":"0x7435ed30a8b4aeb0877cef0c6e8cffe834eb865f","callType":"call","gas":"0x13488","input":"0x01","to":"0x9dcd17433742f4c0ca53122ab541d0ba67fc27d3","value":"0x0"},"blockHash":"0xf5de2a84c954882baa45ac90c79baa2a966ddf7d8ea14d8a87e1e17c449d123e","blockNumber":2,"error":"Reverted","result":{"gasUsed":"0x889","output":"0x08c379a00000000000000000000000000000000000000000000000000000000000000020000000000000000000000000000000000000000000000000000000000000000a75736572206572726f72"},"subtraces":0,"traceAddress":[],"transactionHash":"0x827f578f78815feb24e5d992addb5d6d184958aad72d02c213271f4b4ac780ae","transactionPosition":0,"type":"call"},{"action":{"from":"0x7435ed30a8b4aeb0877cef0c6e8cffe834eb865f","callType":"call","gas":"0x8d5b8","input":"0x","to":"0x9dcd17433742f4c0ca53122ab541d0ba67fc27d0","value":"0x0"},"blockHash":"0xf5de2a84c954882baa45ac90c79baa2a966ddf7d8ea14d8a87e1e17c449d123e","blockNumber":2,"result":{"gasUsed":"0x2343f","output":"0xffee"},"subtraces":7,"traceAddress":[],"transactionHash":"0x55d219e322321525fb6d15c388d730e0f6d0ae119e68163ffcea6d3ee50fa738","transactionPosition":1,"type":"call"},{"action":{"address":"0x2d303c5b7911d87d594bf1b31fbb9aa187888893","refundAddress":"0x9dcd17433742f4c0ca53122ab541d0ba67fc27d0","balance":"0x0"},"blockHash":"0xf5de2a84c954882baa45ac90c79baa2a966ddf7d8ea14d8a87e1e17c449d123e","blockNumber":2,"result":null,"subtraces":0,"traceAddress":[6,0],"transactionHash":"0x55d219e322321525fb6d15c388d730e0f6d0ae119e68163ffcea6d3ee50fa738","transactionPosition":1,"type":"suicide"},{"action":{"from":"0x7435ed30a8b4aeb0877cef0c6e8cffe834eb865f","creationMethod":"create","gas":"0x4b0e","init":"0x600d380380600d6000396000f336156009575f355f555b305f525f5460205260405ff3","value":"0x0"},"blockHash":"0xf5de2a84c954882baa45ac90c79baa2a966ddf7d8ea14d8a87e1e17c449d123e","blockNumber":2,"result":{"address":"0x4055cae5c7d838cda10d40f9d07106c7f5f3be1c","code":"0x36156009575f355f555b305f525f5460205260405ff3","gasUsed":"0x114d"},"subtraces":0,"traceAddress":[],"transactionHash":"0x512b5deddff16d21ebba7b730d935b4287dbb839e77eb05b37b34ce5eb229933","transactionPosition":2,"type":"create"},{"action":{"from":"0x7435ed30a8b4aeb0877cef0c6e8cffe834eb865f","callType":"call","gas":"0x0","input":"0x","to":"0x0000000000000000000000000000000000000000","value":"0x0"},"blockHash":"0xf5de2a84c954882baa45ac90c79baa2a966ddf7d8ea14d8a87e1e17c449d123e","blockNumber":2,"result":{"gasUsed":"0x0","output":"0x"},"subtraces":0,"traceAddress":[],"transactionHash":"0xb54bc1221b206db9ee0449a716ddde73c1e2d0f72d2e789fcb51230fe851cc8a","transactionPosition":3,"type":"call"},{"action":{"from":"0x7435ed30a8b4aeb0877cef0c6e8cffe834eb865f","callType":"call","gas":"0xbef8","input":"0x696e766f6b6564","to":"0xeda8645ba6948855e3b3cd596bbb07596d59c603","value":"0x0"},"blockHash":"0xf5de2a84c954882baa45ac90c79baa2a966ddf7d8ea14d8a87e1e17c449d123e","blockNumber":2,"result":{"gasUsed":"0x56ec","output":"0x000000000000000000000000eda8645ba6948855e3b3cd596bbb07596d59c603696e766f6b656400000000000000000000000000000000000000000000000000"},"subtraces":0,"traceAddress":[],"transactionHash":"0x4e0240fe2995f7a21013fbe4af0ad9330daac8c29008e22b7d71b4672357f014","transactionPosition":4,"type":"call"}]}
response differs from expected (-- client, ++ test):
{
  "id": 1,
  "jsonrpc": "2.0",
  "result": -- [] ++ {}
}


-- interop/filter-from-null (erigon_development)
>>  {"jsonrpc": "2.0", "id": 1, "method": "trace_filter", "params": [{"fromBlock": "0x2", "toBlock": "0x2", "fromAddress": null}]}
<<  {"jsonrpc":"2.0","id":1,"result":[{"action":{"from":"0x7435ed30a8b4aeb0877cef0c6e8cffe834eb865f","callType":"call","gas":"0x13488","input":"0x01","to":"0x9dcd17433742f4c0ca53122ab541d0ba67fc27d3","value":"0x0"},"blockHash":"0xf5de2a84c954882baa45ac90c79baa2a966ddf7d8ea14d8a87e1e17c449d123e","blockNumber":2,"error":"Reverted","result":{"gasUsed":"0x889","output":"0x08c379a00000000000000000000000000000000000000000000000000000000000000020000000000000000000000000000000000000000000000000000000000000000a75736572206572726f72"},"subtraces":0,"traceAddress":[],"transactionHash":"0x827f578f78815feb24e5d992addb5d6d184958aad72d02c213271f4b4ac780ae","transactionPosition":0,"type":"call"},{"action":{"from":"0x7435ed30a8b4aeb0877cef0c6e8cffe834eb865f","callType":"call","gas":"0x8d5b8","input":"0x","to":"0x9dcd17433742f4c0ca53122ab541d0ba67fc27d0","value":"0x0"},"blockHash":"0xf5de2a84c954882baa45ac90c79baa2a966ddf7d8ea14d8a87e1e17c449d123e","blockNumber":2,"result":{"gasUsed":"0x2343f","output":"0xffee"},"subtraces":7,"traceAddress":[],"transactionHash":"0x55d219e322321525fb6d15c388d730e0f6d0ae119e68163ffcea6d3ee50fa738","transactionPosition":1,"type":"call"},{"action":{"from":"0x9dcd17433742f4c0ca53122ab541d0ba67fc27d0","callType":"call","gas":"0xf35c","input":"0xff01","to":"0x9dcd17433742f4c0ca53122ab541d0ba67fc27d1","value":"0x1"},"blockHash":"0xf5de2a84c954882baa45ac90c79baa2a966ddf7d8ea14d8a87e1e17c449d123e","blockNumber":2,"result":{"gasUsed":"0x48","output":"0xffee"},"subtraces":0,"traceAddress":[0],"transactionHash":"0x55d219e322321525fb6d15c388d730e0f6d0ae119e68163ffcea6d3ee50fa738","transactionPosition":1,"type":"call"},{"action":{"from":"0x9dcd17433742f4c0ca53122ab541d0ba67fc27d0","callType":"call","gas":"0xea60","input":"0x0000000000000000000000000000000000000000000000000000000000000001","to":"0x9dcd17433742f4c0ca53122ab541d0ba67fc27d3","value":"0x0"},"blockHash":"0xf5de2a84c954882baa45ac90c79baa2a966ddf7d8ea14d8a87e1e17c449d123e","blockNumber":2,"error":"Reverted","result":{"gasUsed":"0x889","output":"0x08c379a00000000000000000000000000000000000000000000000000000000000000020000000000000000000000000000000000000000000000000000000000000000a75736572206572726f72"},"subtraces":0,"traceAddress":[1],"transactionHash":"0x55d219e322321525fb6d15c388d730e0f6d0ae119e68163ffcea6d3ee50fa738","transactionPosition":1,"type":"call"},{"action":{"from":"0x9dcd17433742f4c0ca53122ab541d0ba67fc27d0","callType":"staticcall","gas":"0xea60","input":"0x","to":"0x9dcd17433742f4c0ca53122ab541d0ba67fc27d2","value":"0x0"},"blockHash":"0xf5de2a84c954882baa45ac90c79baa2a966ddf7d8ea14d8a87e1e17c449d123e","blockNumber":2,"result":{"gasUsed":"0x7d","output":"0x0000000000000000000000000000000000000000000000000000000000000002000000000000000000000000000000000000000000000000000c72dd9d5e883e0000000000000000000000000000000000000000000000000000000000000000000000000000000000000000000000000000000000000000000000002da9cd6d00000000000000000000000000000000000000000000000000000000000000000000000000000000000000007435ed30a8b4aeb0877cef0c6e8cffe834eb865f0000000000000000000000000000000000000000000000000000000000000000"},"subtraces":0,"traceAddress":[2],"transactionHash":"0x55d219e322321525fb6d15c388d730e0f6d0ae119e68163ffcea6d3ee50fa738","transactionPosition":1,"type":"call"},{"action":{"from":"0x9dcd17433742f4c0ca53122ab541d0ba67fc27d0","callType":"staticcall","gas":"0xea60","input":"0x","to":"0x7dcd17433742f4c0ca53122ab541d0ba67fc27df","value":"0x0"},"blockHash":"0xf5de2a84c954882baa45ac90c79baa2a966ddf7d8ea14d8a87e1e17c449d123e","blockNumber":2,"error":"out of gas: write protection","result":null,"subtraces":0,"traceAddress":[3],"transactionHash":"0x55d219e322321525fb6d15c388d730e0f6d0ae119e68163ffcea6d3ee50fa738","transactionPosition":1,"type":"call"},{"action":{"from":"0x9dcd17433742f4c0ca53122ab541d0ba67fc27d0","callType":"delegatecall","gas":"0xea60","input":"0x00000000","to":"0x7dcd17433742f4c0ca53122ab541d0ba67fc27df","value":"0x0"},"blockHash":"0xf5de2a84c954882baa45ac90c79baa2a966ddf7d8ea14d8a87e1e17c449d123e","blockNumber":2,"result":{"gasUsed":"0x64b0","output":"0x"},"subtraces":0,"traceAddress":[4],"transactionHash":"0x55d219e322321525fb6d15c388d730e0f6d0ae119e68163ffcea6d3ee50fa738","transactionPosition":1,"type":"call"},{"action":{"from":"0x9dcd17433742f4c0ca53122ab541d0ba67fc27d0","callType":"callcode","gas":"0xea60","input":"0xff01","to":"0x9dcd17433742f4c0ca53122ab541d0ba67fc27d1","value":"0x0"},"blockHash":"0xf5de2a84c954882baa45ac90c79baa2a966ddf7d8ea14d8a87e1e17c449d123e","blockNumber":2,"result":{"gasUsed":"0x48","output":"0xffee"},"subtraces":0,"traceAddress":[5],"transactionHash":"0x55d219e322321525fb6d15c388d730e0f6d0ae119e68163ffcea6d3ee50fa738","transactionPosition":1,"type":"call"},{"action":{"from":"0x9dcd17433742f4c0ca53122ab541d0ba67fc27d0","creationMethod":"create","gas":"0x6a00f","init":"0x5b646368696c6460006000a133ff","value":"0x0"},"blockHash":"0xf5de2a84c954882baa45ac90c79baa2a966ddf7d8ea14d8a87e1e17c449d123e","blockNumber":2,"result":{"address":"0x2d303c5b7911d87d594bf1b31fbb9aa187888893","code":"0x","gasUsed":"0x1682"},"subtraces":1,"traceAddress":[6],"transactionHash":"0x55d219e322321525fb6d15c388d730e0f6d0ae119e68163ffcea6d3ee50fa738","transactionPosition":1,"type":"create"},{"action":{"address":"0x2d303c5b7911d87d594bf1b31fbb9aa187888893","refundAddress":"0x9dcd17433742f4c0ca53122ab541d0ba67fc27d0","balance":"0x0"},"blockHash":"0xf5de2a84c954882baa45ac90c79baa2a966ddf7d8ea14d8a87e1e17c449d123e","blockNumber":2,"result":null,"subtraces":0,"traceAddress":[6,0],"transactionHash":"0x55d219e322321525fb6d15c388d730e0f6d0ae119e68163ffcea6d3ee50fa738","transactionPosition":1,"type":"suicide"},{"action":{"from":"0x7435ed30a8b4aeb0877cef0c6e8cffe834eb865f","creationMethod":"create","gas":"0x4b0e","init":"0x600d380380600d6000396000f336156009575f355f555b305f525f5460205260405ff3","value":"0x0"},"blockHash":"0xf5de2a84c954882baa45ac90c79baa2a966ddf7d8ea14d8a87e1e17c449d123e","blockNumber":2,"result":{"address":"0x4055cae5c7d838cda10d40f9d07106c7f5f3be1c","code":"0x36156009575f355f555b305f525f5460205260405ff3","gasUsed":"0x114d"},"subtraces":0,"traceAddress":[],"transactionHash":"0x512b5deddff16d21ebba7b730d935b4287dbb839e77eb05b37b34ce5eb229933","transactionPosition":2,"type":"create"},{"action":{"from":"0x7435ed30a8b4aeb0877cef0c6e8cffe834eb865f","callType":"call","gas":"0x0","input":"0x","to":"0x0000000000000000000000000000000000000000","value":"0x0"},"blockHash":"0xf5de2a84c954882baa45ac90c79baa2a966ddf7d8ea14d8a87e1e17c449d123e","blockNumber":2,"result":{"gasUsed":"0x0","output":"0x"},"subtraces":0,"traceAddress":[],"transactionHash":"0xb54bc1221b206db9ee0449a716ddde73c1e2d0f72d2e789fcb51230fe851cc8a","transactionPosition":3,"type":"call"},{"action":{"from":"0x7435ed30a8b4aeb0877cef0c6e8cffe834eb865f","callType":"call","gas":"0xbef8","input":"0x696e766f6b6564","to":"0xeda8645ba6948855e3b3cd596bbb07596d59c603","value":"0x0"},"blockHash":"0xf5de2a84c954882baa45ac90c79baa2a966ddf7d8ea14d8a87e1e17c449d123e","blockNumber":2,"result":{"gasUsed":"0x56ec","output":"0x000000000000000000000000eda8645ba6948855e3b3cd596bbb07596d59c603696e766f6b656400000000000000000000000000000000000000000000000000"},"subtraces":0,"traceAddress":[],"transactionHash":"0x4e0240fe2995f7a21013fbe4af0ad9330daac8c29008e22b7d71b4672357f014","transactionPosition":4,"type":"call"}]}
response differs from expected (-- client, ++ test):
{
  "id": 1,
  "jsonrpc": "2.0",
  "result": -- [] ++ {}
}


-- interop/filter-from-only-intersection (erigon_development)
>>  {"jsonrpc": "2.0", "id": 1, "method": "trace_filter", "params": [{"fromBlock": "0x2", "toBlock": "0x2", "fromAddress": ["0x7435ed30a8b4aeb0877cef0c6e8cffe834eb865f"], "mode": "intersection"}]}
<<  {"jsonrpc":"2.0","id":1,"result":[]}
response differs from expected (-- client, ++ test):
{
  "id": 1,
  "jsonrpc": "2.0",
  "result": -- [] ++ {}
}


-- interop/filter-from-only-union (erigon_development)
>>  {"jsonrpc": "2.0", "id": 1, "method": "trace_filter", "params": [{"fromBlock": "0x2", "toBlock": "0x2", "fromAddress": ["0x7435ed30a8b4aeb0877cef0c6e8cffe834eb865f"], "mode": "union"}]}
<<  {"jsonrpc":"2.0","id":1,"result":[{"action":{"from":"0x7435ed30a8b4aeb0877cef0c6e8cffe834eb865f","callType":"call","gas":"0x13488","input":"0x01","to":"0x9dcd17433742f4c0ca53122ab541d0ba67fc27d3","value":"0x0"},"blockHash":"0xf5de2a84c954882baa45ac90c79baa2a966ddf7d8ea14d8a87e1e17c449d123e","blockNumber":2,"error":"Reverted","result":{"gasUsed":"0x889","output":"0x08c379a00000000000000000000000000000000000000000000000000000000000000020000000000000000000000000000000000000000000000000000000000000000a75736572206572726f72"},"subtraces":0,"traceAddress":[],"transactionHash":"0x827f578f78815feb24e5d992addb5d6d184958aad72d02c213271f4b4ac780ae","transactionPosition":0,"type":"call"},{"action":{"from":"0x7435ed30a8b4aeb0877cef0c6e8cffe834eb865f","callType":"call","gas":"0x8d5b8","input":"0x","to":"0x9dcd17433742f4c0ca53122ab541d0ba67fc27d0","value":"0x0"},"blockHash":"0xf5de2a84c954882baa45ac90c79baa2a966ddf7d8ea14d8a87e1e17c449d123e","blockNumber":2,"result":{"gasUsed":"0x2343f","output":"0xffee"},"subtraces":7,"traceAddress":[],"transactionHash":"0x55d219e322321525fb6d15c388d730e0f6d0ae119e68163ffcea6d3ee50fa738","transactionPosition":1,"type":"call"},{"action":{"from":"0x7435ed30a8b4aeb0877cef0c6e8cffe834eb865f","creationMethod":"create","gas":"0x4b0e","init":"0x600d380380600d6000396000f336156009575f355f555b305f525f5460205260405ff3","value":"0x0"},"blockHash":"0xf5de2a84c954882baa45ac90c79baa2a966ddf7d8ea14d8a87e1e17c449d123e","blockNumber":2,"result":{"address":"0x4055cae5c7d838cda10d40f9d07106c7f5f3be1c","code":"0x36156009575f355f555b305f525f5460205260405ff3","gasUsed":"0x114d"},"subtraces":0,"traceAddress":[],"transactionHash":"0x512b5deddff16d21ebba7b730d935b4287dbb839e77eb05b37b34ce5eb229933","transactionPosition":2,"type":"create"},{"action":{"from":"0x7435ed30a8b4aeb0877cef0c6e8cffe834eb865f","callType":"call","gas":"0x0","input":"0x","to":"0x0000000000000000000000000000000000000000","value":"0x0"},"blockHash":"0xf5de2a84c954882baa45ac90c79baa2a966ddf7d8ea14d8a87e1e17c449d123e","blockNumber":2,"result":{"gasUsed":"0x0","output":"0x"},"subtraces":0,"traceAddress":[],"transactionHash":"0xb54bc1221b206db9ee0449a716ddde73c1e2d0f72d2e789fcb51230fe851cc8a","transactionPosition":3,"type":"call"},{"action":{"from":"0x7435ed30a8b4aeb0877cef0c6e8cffe834eb865f","callType":"call","gas":"0xbef8","input":"0x696e766f6b6564","to":"0xeda8645ba6948855e3b3cd596bbb07596d59c603","value":"0x0"},"blockHash":"0xf5de2a84c954882baa45ac90c79baa2a966ddf7d8ea14d8a87e1e17c449d123e","blockNumber":2,"result":{"gasUsed":"0x56ec","output":"0x000000000000000000000000eda8645ba6948855e3b3cd596bbb07596d59c603696e766f6b656400000000000000000000000000000000000000000000000000"},"subtraces":0,"traceAddress":[],"transactionHash":"0x4e0240fe2995f7a21013fbe4af0ad9330daac8c29008e22b7d71b4672357f014","transactionPosition":4,"type":"call"}]}
response differs from expected (-- client, ++ test):
{
  "id": 1,
  "jsonrpc": "2.0",
  "result": -- [] ++ {}
}


-- interop/filter-to-null (erigon_development)
>>  {"jsonrpc": "2.0", "id": 1, "method": "trace_filter", "params": [{"fromBlock": "0x2", "toBlock": "0x2", "toAddress": null}]}
<<  {"jsonrpc":"2.0","id":1,"result":[{"action":{"from":"0x7435ed30a8b4aeb0877cef0c6e8cffe834eb865f","callType":"call","gas":"0x13488","input":"0x01","to":"0x9dcd17433742f4c0ca53122ab541d0ba67fc27d3","value":"0x0"},"blockHash":"0xf5de2a84c954882baa45ac90c79baa2a966ddf7d8ea14d8a87e1e17c449d123e","blockNumber":2,"error":"Reverted","result":{"gasUsed":"0x889","output":"0x08c379a00000000000000000000000000000000000000000000000000000000000000020000000000000000000000000000000000000000000000000000000000000000a75736572206572726f72"},"subtraces":0,"traceAddress":[],"transactionHash":"0x827f578f78815feb24e5d992addb5d6d184958aad72d02c213271f4b4ac780ae","transactionPosition":0,"type":"call"},{"action":{"from":"0x7435ed30a8b4aeb0877cef0c6e8cffe834eb865f","callType":"call","gas":"0x8d5b8","input":"0x","to":"0x9dcd17433742f4c0ca53122ab541d0ba67fc27d0","value":"0x0"},"blockHash":"0xf5de2a84c954882baa45ac90c79baa2a966ddf7d8ea14d8a87e1e17c449d123e","blockNumber":2,"result":{"gasUsed":"0x2343f","output":"0xffee"},"subtraces":7,"traceAddress":[],"transactionHash":"0x55d219e322321525fb6d15c388d730e0f6d0ae119e68163ffcea6d3ee50fa738","transactionPosition":1,"type":"call"},{"action":{"from":"0x9dcd17433742f4c0ca53122ab541d0ba67fc27d0","callType":"call","gas":"0xf35c","input":"0xff01","to":"0x9dcd17433742f4c0ca53122ab541d0ba67fc27d1","value":"0x1"},"blockHash":"0xf5de2a84c954882baa45ac90c79baa2a966ddf7d8ea14d8a87e1e17c449d123e","blockNumber":2,"result":{"gasUsed":"0x48","output":"0xffee"},"subtraces":0,"traceAddress":[0],"transactionHash":"0x55d219e322321525fb6d15c388d730e0f6d0ae119e68163ffcea6d3ee50fa738","transactionPosition":1,"type":"call"},{"action":{"from":"0x9dcd17433742f4c0ca53122ab541d0ba67fc27d0","callType":"call","gas":"0xea60","input":"0x0000000000000000000000000000000000000000000000000000000000000001","to":"0x9dcd17433742f4c0ca53122ab541d0ba67fc27d3","value":"0x0"},"blockHash":"0xf5de2a84c954882baa45ac90c79baa2a966ddf7d8ea14d8a87e1e17c449d123e","blockNumber":2,"error":"Reverted","result":{"gasUsed":"0x889","output":"0x08c379a00000000000000000000000000000000000000000000000000000000000000020000000000000000000000000000000000000000000000000000000000000000a75736572206572726f72"},"subtraces":0,"traceAddress":[1],"transactionHash":"0x55d219e322321525fb6d15c388d730e0f6d0ae119e68163ffcea6d3ee50fa738","transactionPosition":1,"type":"call"},{"action":{"from":"0x9dcd17433742f4c0ca53122ab541d0ba67fc27d0","callType":"staticcall","gas":"0xea60","input":"0x","to":"0x9dcd17433742f4c0ca53122ab541d0ba67fc27d2","value":"0x0"},"blockHash":"0xf5de2a84c954882baa45ac90c79baa2a966ddf7d8ea14d8a87e1e17c449d123e","blockNumber":2,"result":{"gasUsed":"0x7d","output":"0x0000000000000000000000000000000000000000000000000000000000000002000000000000000000000000000000000000000000000000000c72dd9d5e883e0000000000000000000000000000000000000000000000000000000000000000000000000000000000000000000000000000000000000000000000002da9cd6d00000000000000000000000000000000000000000000000000000000000000000000000000000000000000007435ed30a8b4aeb0877cef0c6e8cffe834eb865f0000000000000000000000000000000000000000000000000000000000000000"},"subtraces":0,"traceAddress":[2],"transactionHash":"0x55d219e322321525fb6d15c388d730e0f6d0ae119e68163ffcea6d3ee50fa738","transactionPosition":1,"type":"call"},{"action":{"from":"0x9dcd17433742f4c0ca53122ab541d0ba67fc27d0","callType":"staticcall","gas":"0xea60","input":"0x","to":"0x7dcd17433742f4c0ca53122ab541d0ba67fc27df","value":"0x0"},"blockHash":"0xf5de2a84c954882baa45ac90c79baa2a966ddf7d8ea14d8a87e1e17c449d123e","blockNumber":2,"error":"out of gas: write protection","result":null,"subtraces":0,"traceAddress":[3],"transactionHash":"0x55d219e322321525fb6d15c388d730e0f6d0ae119e68163ffcea6d3ee50fa738","transactionPosition":1,"type":"call"},{"action":{"from":"0x9dcd17433742f4c0ca53122ab541d0ba67fc27d0","callType":"delegatecall","gas":"0xea60","input":"0x00000000","to":"0x7dcd17433742f4c0ca53122ab541d0ba67fc27df","value":"0x0"},"blockHash":"0xf5de2a84c954882baa45ac90c79baa2a966ddf7d8ea14d8a87e1e17c449d123e","blockNumber":2,"result":{"gasUsed":"0x64b0","output":"0x"},"subtraces":0,"traceAddress":[4],"transactionHash":"0x55d219e322321525fb6d15c388d730e0f6d0ae119e68163ffcea6d3ee50fa738","transactionPosition":1,"type":"call"},{"action":{"from":"0x9dcd17433742f4c0ca53122ab541d0ba67fc27d0","callType":"callcode","gas":"0xea60","input":"0xff01","to":"0x9dcd17433742f4c0ca53122ab541d0ba67fc27d1","value":"0x0"},"blockHash":"0xf5de2a84c954882baa45ac90c79baa2a966ddf7d8ea14d8a87e1e17c449d123e","blockNumber":2,"result":{"gasUsed":"0x48","output":"0xffee"},"subtraces":0,"traceAddress":[5],"transactionHash":"0x55d219e322321525fb6d15c388d730e0f6d0ae119e68163ffcea6d3ee50fa738","transactionPosition":1,"type":"call"},{"action":{"from":"0x9dcd17433742f4c0ca53122ab541d0ba67fc27d0","creationMethod":"create","gas":"0x6a00f","init":"0x5b646368696c6460006000a133ff","value":"0x0"},"blockHash":"0xf5de2a84c954882baa45ac90c79baa2a966ddf7d8ea14d8a87e1e17c449d123e","blockNumber":2,"result":{"address":"0x2d303c5b7911d87d594bf1b31fbb9aa187888893","code":"0x","gasUsed":"0x1682"},"subtraces":1,"traceAddress":[6],"transactionHash":"0x55d219e322321525fb6d15c388d730e0f6d0ae119e68163ffcea6d3ee50fa738","transactionPosition":1,"type":"create"},{"action":{"address":"0x2d303c5b7911d87d594bf1b31fbb9aa187888893","refundAddress":"0x9dcd17433742f4c0ca53122ab541d0ba67fc27d0","balance":"0x0"},"blockHash":"0xf5de2a84c954882baa45ac90c79baa2a966ddf7d8ea14d8a87e1e17c449d123e","blockNumber":2,"result":null,"subtraces":0,"traceAddress":[6,0],"transactionHash":"0x55d219e322321525fb6d15c388d730e0f6d0ae119e68163ffcea6d3ee50fa738","transactionPosition":1,"type":"suicide"},{"action":{"from":"0x7435ed30a8b4aeb0877cef0c6e8cffe834eb865f","creationMethod":"create","gas":"0x4b0e","init":"0x600d380380600d6000396000f336156009575f355f555b305f525f5460205260405ff3","value":"0x0"},"blockHash":"0xf5de2a84c954882baa45ac90c79baa2a966ddf7d8ea14d8a87e1e17c449d123e","blockNumber":2,"result":{"address":"0x4055cae5c7d838cda10d40f9d07106c7f5f3be1c","code":"0x36156009575f355f555b305f525f5460205260405ff3","gasUsed":"0x114d"},"subtraces":0,"traceAddress":[],"transactionHash":"0x512b5deddff16d21ebba7b730d935b4287dbb839e77eb05b37b34ce5eb229933","transactionPosition":2,"type":"create"},{"action":{"from":"0x7435ed30a8b4aeb0877cef0c6e8cffe834eb865f","callType":"call","gas":"0x0","input":"0x","to":"0x0000000000000000000000000000000000000000","value":"0x0"},"blockHash":"0xf5de2a84c954882baa45ac90c79baa2a966ddf7d8ea14d8a87e1e17c449d123e","blockNumber":2,"result":{"gasUsed":"0x0","output":"0x"},"subtraces":0,"traceAddress":[],"transactionHash":"0xb54bc1221b206db9ee0449a716ddde73c1e2d0f72d2e789fcb51230fe851cc8a","transactionPosition":3,"type":"call"},{"action":{"from":"0x7435ed30a8b4aeb0877cef0c6e8cffe834eb865f","callType":"call","gas":"0xbef8","input":"0x696e766f6b6564","to":"0xeda8645ba6948855e3b3cd596bbb07596d59c603","value":"0x0"},"blockHash":"0xf5de2a84c954882baa45ac90c79baa2a966ddf7d8ea14d8a87e1e17c449d123e","blockNumber":2,"result":{"gasUsed":"0x56ec","output":"0x000000000000000000000000eda8645ba6948855e3b3cd596bbb07596d59c603696e766f6b656400000000000000000000000000000000000000000000000000"},"subtraces":0,"traceAddress":[],"transactionHash":"0x4e0240fe2995f7a21013fbe4af0ad9330daac8c29008e22b7d71b4672357f014","transactionPosition":4,"type":"call"}]}
response differs from expected (-- client, ++ test):
{
  "id": 1,
  "jsonrpc": "2.0",
  "result": -- [] ++ {}
}


-- interop/filter-to-only-intersection (erigon_development)
>>  {"jsonrpc": "2.0", "id": 1, "method": "trace_filter", "params": [{"fromBlock": "0x2", "toBlock": "0x2", "toAddress": ["0x9dcd17433742f4c0ca53122ab541d0ba67fc27d0"], "mode": "intersection"}]}
<<  {"jsonrpc":"2.0","id":1,"result":[]}
response differs from expected (-- client, ++ test):
{
  "id": 1,
  "jsonrpc": "2.0",
  "result": -- [] ++ {}
}


-- interop/filter-to-only-union (erigon_development)
>>  {"jsonrpc": "2.0", "id": 1, "method": "trace_filter", "params": [{"fromBlock": "0x2", "toBlock": "0x2", "toAddress": ["0x9dcd17433742f4c0ca53122ab541d0ba67fc27d0"], "mode": "union"}]}
<<  {"jsonrpc":"2.0","id":1,"result":[{"action":{"from":"0x7435ed30a8b4aeb0877cef0c6e8cffe834eb865f","callType":"call","gas":"0x8d5b8","input":"0x","to":"0x9dcd17433742f4c0ca53122ab541d0ba67fc27d0","value":"0x0"},"blockHash":"0xf5de2a84c954882baa45ac90c79baa2a966ddf7d8ea14d8a87e1e17c449d123e","blockNumber":2,"result":{"gasUsed":"0x2343f","output":"0xffee"},"subtraces":7,"traceAddress":[],"transactionHash":"0x55d219e322321525fb6d15c388d730e0f6d0ae119e68163ffcea6d3ee50fa738","transactionPosition":1,"type":"call"},{"action":{"address":"0x2d303c5b7911d87d594bf1b31fbb9aa187888893","refundAddress":"0x9dcd17433742f4c0ca53122ab541d0ba67fc27d0","balance":"0x0"},"blockHash":"0xf5de2a84c954882baa45ac90c79baa2a966ddf7d8ea14d8a87e1e17c449d123e","blockNumber":2,"result":null,"subtraces":0,"traceAddress":[6,0],"transactionHash":"0x55d219e322321525fb6d15c388d730e0f6d0ae119e68163ffcea6d3ee50fa738","transactionPosition":1,"type":"suicide"}]}
response differs from expected (-- client, ++ test):
{
  "id": 1,
  "jsonrpc": "2.0",
  "result": -- [] ++ {}
}


-- interop/transaction-tree (erigon_development)
>>  {"jsonrpc": "2.0", "id": 1, "method": "trace_transaction", "params": ["0x55d219e322321525fb6d15c388d730e0f6d0ae119e68163ffcea6d3ee50fa738"]}
<<  {"jsonrpc":"2.0","id":1,"result":[{"action":{"from":"0x7435ed30a8b4aeb0877cef0c6e8cffe834eb865f","callType":"call","gas":"0x8d5b8","input":"0x","to":"0x9dcd17433742f4c0ca53122ab541d0ba67fc27d0","value":"0x0"},"blockHash":"0xf5de2a84c954882baa45ac90c79baa2a966ddf7d8ea14d8a87e1e17c449d123e","blockNumber":2,"result":{"gasUsed":"0x2343f","output":"0xffee"},"subtraces":7,"traceAddress":[],"transactionHash":"0x55d219e322321525fb6d15c388d730e0f6d0ae119e68163ffcea6d3ee50fa738","transactionPosition":1,"type":"call"},{"action":{"from":"0x9dcd17433742f4c0ca53122ab541d0ba67fc27d0","callType":"call","gas":"0xf35c","input":"0xff01","to":"0x9dcd17433742f4c0ca53122ab541d0ba67fc27d1","value":"0x1"},"blockHash":"0xf5de2a84c954882baa45ac90c79baa2a966ddf7d8ea14d8a87e1e17c449d123e","blockNumber":2,"result":{"gasUsed":"0x48","output":"0xffee"},"subtraces":0,"traceAddress":[0],"transactionHash":"0x55d219e322321525fb6d15c388d730e0f6d0ae119e68163ffcea6d3ee50fa738","transactionPosition":1,"type":"call"},{"action":{"from":"0x9dcd17433742f4c0ca53122ab541d0ba67fc27d0","callType":"call","gas":"0xea60","input":"0x0000000000000000000000000000000000000000000000000000000000000001","to":"0x9dcd17433742f4c0ca53122ab541d0ba67fc27d3","value":"0x0"},"blockHash":"0xf5de2a84c954882baa45ac90c79baa2a966ddf7d8ea14d8a87e1e17c449d123e","blockNumber":2,"error":"Reverted","result":{"gasUsed":"0x889","output":"0x08c379a00000000000000000000000000000000000000000000000000000000000000020000000000000000000000000000000000000000000000000000000000000000a75736572206572726f72"},"subtraces":0,"traceAddress":[1],"transactionHash":"0x55d219e322321525fb6d15c388d730e0f6d0ae119e68163ffcea6d3ee50fa738","transactionPosition":1,"type":"call"},{"action":{"from":"0x9dcd17433742f4c0ca53122ab541d0ba67fc27d0","callType":"staticcall","gas":"0xea60","input":"0x","to":"0x9dcd17433742f4c0ca53122ab541d0ba67fc27d2","value":"0x0"},"blockHash":"0xf5de2a84c954882baa45ac90c79baa2a966ddf7d8ea14d8a87e1e17c449d123e","blockNumber":2,"result":{"gasUsed":"0x7d","output":"0x0000000000000000000000000000000000000000000000000000000000000002000000000000000000000000000000000000000000000000000c72dd9d5e883e0000000000000000000000000000000000000000000000000000000000000000000000000000000000000000000000000000000000000000000000002da9cd6d00000000000000000000000000000000000000000000000000000000000000000000000000000000000000007435ed30a8b4aeb0877cef0c6e8cffe834eb865f0000000000000000000000000000000000000000000000000000000000000000"},"subtraces":0,"traceAddress":[2],"transactionHash":"0x55d219e322321525fb6d15c388d730e0f6d0ae119e68163ffcea6d3ee50fa738","transactionPosition":1,"type":"call"},{"action":{"from":"0x9dcd17433742f4c0ca53122ab541d0ba67fc27d0","callType":"staticcall","gas":"0xea60","input":"0x","to":"0x7dcd17433742f4c0ca53122ab541d0ba67fc27df","value":"0x0"},"blockHash":"0xf5de2a84c954882baa45ac90c79baa2a966ddf7d8ea14d8a87e1e17c449d123e","blockNumber":2,"error":"out of gas: write protection","result":null,"subtraces":0,"traceAddress":[3],"transactionHash":"0x55d219e322321525fb6d15c388d730e0f6d0ae119e68163ffcea6d3ee50fa738","transactionPosition":1,"type":"call"},{"action":{"from":"0x9dcd17433742f4c0ca53122ab541d0ba67fc27d0","callType":"delegatecall","gas":"0xea60","input":"0x00000000","to":"0x7dcd17433742f4c0ca53122ab541d0ba67fc27df","value":"0x0"},"blockHash":"0xf5de2a84c954882baa45ac90c79baa2a966ddf7d8ea14d8a87e1e17c449d123e","blockNumber":2,"result":{"gasUsed":"0x64b0","output":"0x"},"subtraces":0,"traceAddress":[4],"transactionHash":"0x55d219e322321525fb6d15c388d730e0f6d0ae119e68163ffcea6d3ee50fa738","transactionPosition":1,"type":"call"},{"action":{"from":"0x9dcd17433742f4c0ca53122ab541d0ba67fc27d0","callType":"callcode","gas":"0xea60","input":"0xff01","to":"0x9dcd17433742f4c0ca53122ab541d0ba67fc27d1","value":"0x0"},"blockHash":"0xf5de2a84c954882baa45ac90c79baa2a966ddf7d8ea14d8a87e1e17c449d123e","blockNumber":2,"result":{"gasUsed":"0x48","output":"0xffee"},"subtraces":0,"traceAddress":[5],"transactionHash":"0x55d219e322321525fb6d15c388d730e0f6d0ae119e68163ffcea6d3ee50fa738","transactionPosition":1,"type":"call"},{"action":{"from":"0x9dcd17433742f4c0ca53122ab541d0ba67fc27d0","creationMethod":"create","gas":"0x6a00f","init":"0x5b646368696c6460006000a133ff","value":"0x0"},"blockHash":"0xf5de2a84c954882baa45ac90c79baa2a966ddf7d8ea14d8a87e1e17c449d123e","blockNumber":2,"result":{"address":"0x2d303c5b7911d87d594bf1b31fbb9aa187888893","code":"0x","gasUsed":"0x1682"},"subtraces":1,"traceAddress":[6],"transactionHash":"0x55d219e322321525fb6d15c388d730e0f6d0ae119e68163ffcea6d3ee50fa738","transactionPosition":1,"type":"create"},{"action":{"address":"0x2d303c5b7911d87d594bf1b31fbb9aa187888893","refundAddress":"0x9dcd17433742f4c0ca53122ab541d0ba67fc27d0","balance":"0x0"},"blockHash":"0xf5de2a84c954882baa45ac90c79baa2a966ddf7d8ea14d8a87e1e17c449d123e","blockNumber":2,"result":null,"subtraces":0,"traceAddress":[6,0],"transactionHash":"0x55d219e322321525fb6d15c388d730e0f6d0ae119e68163ffcea6d3ee50fa738","transactionPosition":1,"type":"suicide"}]}
response differs from expected (-- client, ++ test):
{
  "id": 1,
  "jsonrpc": "2.0",
  "result": -- [] ++ {}
}


-- client launch (erigon_development)
sending engine_forkchoiceUpdatedV3: [map[finalizedBlockHash:0x9901db3a31e7004c45911fca4480b7dce86a4baeab819eb4959d7316f687d54c headBlockHash:0xf0b1510b2a9c8d4c4bd1ff2c578ddbffc04741aa06b3cc8680a343741ef15e84 safeBlockHash:0xf0b1510b2a9c8d4c4bd1ff2c578ddbffc04741aa06b3cc8680a343741ef15e84] <nil>]
response: map[payloadId:<nil> payloadStatus:map[latestValidHash:0xf0b1510b2a9c8d4c4bd1ff2c578ddbffc04741aa06b3cc8680a343741ef15e84 status:VALID validationError:<nil>]]


-- interop/_control/head (erigon_release)
>>  {"jsonrpc": "2.0", "id": 1, "method": "eth_getBlockByNumber", "params": ["0x30", false]}
<<  {"jsonrpc":"2.0","id":1,"result":{"baseFeePerGas":"0x199876","blobGasUsed":"0x0","difficulty":"0x0","excessBlobGas":"0x0","extraData":"0x","gasLimit":"0x5f5e100","gasUsed":"0xf618","hash":"0xf0b1510b2a9c8d4c4bd1ff2c578ddbffc04741aa06b3cc8680a343741ef15e84","logsBloom":"0x00000000000000000000000000000000000000000000000000000000000000000000000000000000000000000000000000000000000000000000000000000000000000000000000000000000000000000000000000000000000000000000000000000000000000000000000000000000000000000000000000000000000000000000000000000000000000000000000000000000000000000000000000000000000000000000000000000000000000000000000000000000000000000000000000000000000000000000000000000000000000000000000000000000000000000000000000000000000000000000000000000000000000000000000000000000","miner":"0x0000000000000000000000000000000000000000","mixHash":"0x0000000000000000000000000000000000000000000000000000000000000000","nonce":"0x0000000000000000","number":"0x30","parentBeaconBlockRoot":"0x5b5b49487967b3b60bd859ba2fb13290c6eaf67e97e9f9f9dda935c08564b5f6","parentHash":"0xaede89efdac80ce5f55b93ee934eddc67b5c8a4282b18a86ca635d69234301f3","receiptsRoot":"0x4b7fefa97a453e0ee0cea1d51ca4ab3729f3a2a6a8388a5a3b13765eec3720b7","requestsHash":"0xe3b0c44298fc1c149afbf4c8996fb92427ae41e4649b934ca495991b7852b855","sha3Uncles":"0x1dcc4de8dec75d7aab85b567b6ccd41ad312451b948a7413f0a142fd40d49347","size":"0x3b8","stateRoot":"0xbce840ac9806ecb3d791bf55bfcfa9460ff3275996aff265fc75e2a2f3efdb26","timestamp":"0x1e0","transactions":["0x8e96b39ab5e268215283ab40d65139edc6f281f4d79444b6b0a87861c5f8a1d5","0x7045e365111563c3f68594c54d9c4d7e3445f0cfc9671f68e8a0122f849f3f18","0xbe7d79a54b361c1515802fdf8e3843694b3a93350a9097b84c5582686c77163c"],"transactionsRoot":"0x3d96f46f0efae36059fcba93396d90ed19260e009e9dac0057a1d87e66dc17d0","uncles":[],"withdrawals":[],"withdrawalsRoot":"0x56e81f171bcc55a6ff8345e692c0f86e5b48e01b996cadc001622fb5e363b421"}}
response differs from expected (-- client, ++ test):
{
  "id": 1,
  "jsonrpc": "2.0",
  "result": {
    -- "baseFeePerGas": "0x199876",
    -- "blobGasUsed": "0x0",
    ++ "capture_only": true,
    -- "difficulty": "0x0",
    -- "excessBlobGas": "0x0",
    -- "extraData": "0x",
    -- "gasLimit": "0x5f5e100",
    -- "gasUsed": "0xf618",
    -- "hash": "0xf0b1510b2a9c8d4c4bd1ff2c578ddbffc04741aa06b3cc8680a343741ef15e84",
    -- "logsBloom": "0x00000000000000000000000000000000000000000000000000000000000000000000000000000000000000000000000000000000000000000000000000000000000000000000000000000000000000000000000000000000000000000000000000000000000000000000000000000000000000000000000000000000000000000000000000000000000000000000000000000000000000000000000000000000000000000000000000000000000000000000000000000000000000000000000000000000000000000000000000000000000000000000000000000000000000000000000000000000000000000000000000000000000000000000000000000000",
    -- "miner": "0x0000000000000000000000000000000000000000",
    -- "mixHash": "0x0000000000000000000000000000000000000000000000000000000000000000",
    -- "nonce": "0x0000000000000000",
    -- "number": "0x30",
    -- "parentBeaconBlockRoot": "0x5b5b49487967b3b60bd859ba2fb13290c6eaf67e97e9f9f9dda935c08564b5f6",
    -- "parentHash": "0xaede89efdac80ce5f55b93ee934eddc67b5c8a4282b18a86ca635d69234301f3",
    -- "receiptsRoot": "0x4b7fefa97a453e0ee0cea1d51ca4ab3729f3a2a6a8388a5a3b13765eec3720b7",
    -- "requestsHash": "0xe3b0c44298fc1c149afbf4c8996fb92427ae41e4649b934ca495991b7852b855",
    -- "sha3Uncles": "0x1dcc4de8dec75d7aab85b567b6ccd41ad312451b948a7413f0a142fd40d49347",
    -- "size": "0x3b8",
    -- "stateRoot": "0xbce840ac9806ecb3d791bf55bfcfa9460ff3275996aff265fc75e2a2f3efdb26",
    -- "timestamp": "0x1e0",
    -- "transactions": [
      -- "0x8e96b39ab5e268215283ab40d65139edc6f281f4d79444b6b0a87861c5f8a1d5",
      -- "0x7045e365111563c3f68594c54d9c4d7e3445f0cfc9671f68e8a0122f849f3f18",
      -- "0xbe7d79a54b361c1515802fdf8e3843694b3a93350a9097b84c5582686c77163c"
    -- ],
    -- "transactionsRoot": "0x3d96f46f0efae36059fcba93396d90ed19260e009e9dac0057a1d87e66dc17d0",
    -- "uncles": [],
    -- "withdrawals": [],
    -- "withdrawalsRoot": "0x56e81f171bcc55a6ff8345e692c0f86e5b48e01b996cadc001622fb5e363b421"
  }
}


-- interop/_control/version (erigon_release)
>>  {"jsonrpc": "2.0", "id": 1, "method": "web3_clientVersion", "params": []}
<<  {"jsonrpc":"2.0","id":1,"result":"erigon/3.6.1/linux-amd64/go1.26.8"}
response differs from expected (-- client, ++ test):
{
  "id": 1,
  "jsonrpc": "2.0",
  "result": -- "erigon/3.6.1/linux-amd64/go1.26.8" ++ {}
}


-- interop/block-2 (erigon_release)
>>  {"jsonrpc": "2.0", "id": 1, "method": "trace_block", "params": ["0x2"]}
<<  {"jsonrpc":"2.0","id":1,"result":[{"action":{"from":"0x7435ed30a8b4aeb0877cef0c6e8cffe834eb865f","callType":"call","gas":"0x13488","input":"0x01","to":"0x9dcd17433742f4c0ca53122ab541d0ba67fc27d3","value":"0x0"},"blockHash":"0xf5de2a84c954882baa45ac90c79baa2a966ddf7d8ea14d8a87e1e17c449d123e","blockNumber":2,"error":"Reverted","result":{"gasUsed":"0x889","output":"0x08c379a00000000000000000000000000000000000000000000000000000000000000020000000000000000000000000000000000000000000000000000000000000000a75736572206572726f72"},"subtraces":0,"traceAddress":[],"transactionHash":"0x827f578f78815feb24e5d992addb5d6d184958aad72d02c213271f4b4ac780ae","transactionPosition":0,"type":"call"},{"action":{"from":"0x7435ed30a8b4aeb0877cef0c6e8cffe834eb865f","callType":"call","gas":"0x8d5b8","input":"0x","to":"0x9dcd17433742f4c0ca53122ab541d0ba67fc27d0","value":"0x0"},"blockHash":"0xf5de2a84c954882baa45ac90c79baa2a966ddf7d8ea14d8a87e1e17c449d123e","blockNumber":2,"result":{"gasUsed":"0x2343f","output":"0xffee"},"subtraces":7,"traceAddress":[],"transactionHash":"0x55d219e322321525fb6d15c388d730e0f6d0ae119e68163ffcea6d3ee50fa738","transactionPosition":1,"type":"call"},{"action":{"from":"0x9dcd17433742f4c0ca53122ab541d0ba67fc27d0","callType":"call","gas":"0xf35c","input":"0xff01","to":"0x9dcd17433742f4c0ca53122ab541d0ba67fc27d1","value":"0x1"},"blockHash":"0xf5de2a84c954882baa45ac90c79baa2a966ddf7d8ea14d8a87e1e17c449d123e","blockNumber":2,"result":{"gasUsed":"0x48","output":"0xffee"},"subtraces":0,"traceAddress":[0],"transactionHash":"0x55d219e322321525fb6d15c388d730e0f6d0ae119e68163ffcea6d3ee50fa738","transactionPosition":1,"type":"call"},{"action":{"from":"0x9dcd17433742f4c0ca53122ab541d0ba67fc27d0","callType":"call","gas":"0xea60","input":"0x0000000000000000000000000000000000000000000000000000000000000001","to":"0x9dcd17433742f4c0ca53122ab541d0ba67fc27d3","value":"0x0"},"blockHash":"0xf5de2a84c954882baa45ac90c79baa2a966ddf7d8ea14d8a87e1e17c449d123e","blockNumber":2,"error":"Reverted","result":{"gasUsed":"0x889","output":"0x08c379a00000000000000000000000000000000000000000000000000000000000000020000000000000000000000000000000000000000000000000000000000000000a75736572206572726f72"},"subtraces":0,"traceAddress":[1],"transactionHash":"0x55d219e322321525fb6d15c388d730e0f6d0ae119e68163ffcea6d3ee50fa738","transactionPosition":1,"type":"call"},{"action":{"from":"0x9dcd17433742f4c0ca53122ab541d0ba67fc27d0","callType":"staticcall","gas":"0xea60","input":"0x","to":"0x9dcd17433742f4c0ca53122ab541d0ba67fc27d2","value":"0x0"},"blockHash":"0xf5de2a84c954882baa45ac90c79baa2a966ddf7d8ea14d8a87e1e17c449d123e","blockNumber":2,"result":{"gasUsed":"0x7d","output":"0x0000000000000000000000000000000000000000000000000000000000000002000000000000000000000000000000000000000000000000000c72dd9d5e883e0000000000000000000000000000000000000000000000000000000000000000000000000000000000000000000000000000000000000000000000002da9cd6d00000000000000000000000000000000000000000000000000000000000000000000000000000000000000007435ed30a8b4aeb0877cef0c6e8cffe834eb865f0000000000000000000000000000000000000000000000000000000000000000"},"subtraces":0,"traceAddress":[2],"transactionHash":"0x55d219e322321525fb6d15c388d730e0f6d0ae119e68163ffcea6d3ee50fa738","transactionPosition":1,"type":"call"},{"action":{"from":"0x9dcd17433742f4c0ca53122ab541d0ba67fc27d0","callType":"staticcall","gas":"0xea60","input":"0x","to":"0x7dcd17433742f4c0ca53122ab541d0ba67fc27df","value":"0x0"},"blockHash":"0xf5de2a84c954882baa45ac90c79baa2a966ddf7d8ea14d8a87e1e17c449d123e","blockNumber":2,"error":"out of gas: write protection","result":null,"subtraces":0,"traceAddress":[3],"transactionHash":"0x55d219e322321525fb6d15c388d730e0f6d0ae119e68163ffcea6d3ee50fa738","transactionPosition":1,"type":"call"},{"action":{"from":"0x9dcd17433742f4c0ca53122ab541d0ba67fc27d0","callType":"delegatecall","gas":"0xea60","input":"0x00000000","to":"0x7dcd17433742f4c0ca53122ab541d0ba67fc27df","value":"0x0"},"blockHash":"0xf5de2a84c954882baa45ac90c79baa2a966ddf7d8ea14d8a87e1e17c449d123e","blockNumber":2,"result":{"gasUsed":"0x64b0","output":"0x"},"subtraces":0,"traceAddress":[4],"transactionHash":"0x55d219e322321525fb6d15c388d730e0f6d0ae119e68163ffcea6d3ee50fa738","transactionPosition":1,"type":"call"},{"action":{"from":"0x9dcd17433742f4c0ca53122ab541d0ba67fc27d0","callType":"callcode","gas":"0xea60","input":"0xff01","to":"0x9dcd17433742f4c0ca53122ab541d0ba67fc27d1","value":"0x0"},"blockHash":"0xf5de2a84c954882baa45ac90c79baa2a966ddf7d8ea14d8a87e1e17c449d123e","blockNumber":2,"result":{"gasUsed":"0x48","output":"0xffee"},"subtraces":0,"traceAddress":[5],"transactionHash":"0x55d219e322321525fb6d15c388d730e0f6d0ae119e68163ffcea6d3ee50fa738","transactionPosition":1,"type":"call"},{"action":{"from":"0x9dcd17433742f4c0ca53122ab541d0ba67fc27d0","creationMethod":"create","gas":"0x6a00f","init":"0x5b646368696c6460006000a133ff","value":"0x0"},"blockHash":"0xf5de2a84c954882baa45ac90c79baa2a966ddf7d8ea14d8a87e1e17c449d123e","blockNumber":2,"result":{"address":"0x2d303c5b7911d87d594bf1b31fbb9aa187888893","code":"0x","gasUsed":"0x1682"},"subtraces":1,"traceAddress":[6],"transactionHash":"0x55d219e322321525fb6d15c388d730e0f6d0ae119e68163ffcea6d3ee50fa738","transactionPosition":1,"type":"create"},{"action":{"address":"0x2d303c5b7911d87d594bf1b31fbb9aa187888893","refundAddress":"0x9dcd17433742f4c0ca53122ab541d0ba67fc27d0","balance":"0x0"},"blockHash":"0xf5de2a84c954882baa45ac90c79baa2a966ddf7d8ea14d8a87e1e17c449d123e","blockNumber":2,"result":null,"subtraces":0,"traceAddress":[6,0],"transactionHash":"0x55d219e322321525fb6d15c388d730e0f6d0ae119e68163ffcea6d3ee50fa738","transactionPosition":1,"type":"suicide"},{"action":{"from":"0x7435ed30a8b4aeb0877cef0c6e8cffe834eb865f","creationMethod":"create","gas":"0x4b0e","init":"0x600d380380600d6000396000f336156009575f355f555b305f525f5460205260405ff3","value":"0x0"},"blockHash":"0xf5de2a84c954882baa45ac90c79baa2a966ddf7d8ea14d8a87e1e17c449d123e","blockNumber":2,"result":{"address":"0x4055cae5c7d838cda10d40f9d07106c7f5f3be1c","code":"0x36156009575f355f555b305f525f5460205260405ff3","gasUsed":"0x114d"},"subtraces":0,"traceAddress":[],"transactionHash":"0x512b5deddff16d21ebba7b730d935b4287dbb839e77eb05b37b34ce5eb229933","transactionPosition":2,"type":"create"},{"action":{"from":"0x7435ed30a8b4aeb0877cef0c6e8cffe834eb865f","callType":"call","gas":"0x0","input":"0x","to":"0x0000000000000000000000000000000000000000","value":"0x0"},"blockHash":"0xf5de2a84c954882baa45ac90c79baa2a966ddf7d8ea14d8a87e1e17c449d123e","blockNumber":2,"result":{"gasUsed":"0x0","output":"0x"},"subtraces":0,"traceAddress":[],"transactionHash":"0xb54bc1221b206db9ee0449a716ddde73c1e2d0f72d2e789fcb51230fe851cc8a","transactionPosition":3,"type":"call"},{"action":{"from":"0x7435ed30a8b4aeb0877cef0c6e8cffe834eb865f","callType":"call","gas":"0xbef8","input":"0x696e766f6b6564","to":"0xeda8645ba6948855e3b3cd596bbb07596d59c603","value":"0x0"},"blockHash":"0xf5de2a84c954882baa45ac90c79baa2a966ddf7d8ea14d8a87e1e17c449d123e","blockNumber":2,"result":{"gasUsed":"0x56ec","output":"0x000000000000000000000000eda8645ba6948855e3b3cd596bbb07596d59c603696e766f6b656400000000000000000000000000000000000000000000000000"},"subtraces":0,"traceAddress":[],"transactionHash":"0x4e0240fe2995f7a21013fbe4af0ad9330daac8c29008e22b7d71b4672357f014","transactionPosition":4,"type":"call"}]}
response differs from expected (-- client, ++ test):
{
  "id": 1,
  "jsonrpc": "2.0",
  "result": -- [] ++ {}
}


-- interop/block-3 (erigon_release)
>>  {"jsonrpc": "2.0", "id": 1, "method": "trace_block", "params": ["0x3"]}
<<  {"jsonrpc":"2.0","id":1,"result":[{"action":{"from":"0x7435ed30a8b4aeb0877cef0c6e8cffe834eb865f","callType":"call","gas":"0x11ba0","input":"0xdc4c8669df128318656d6974","to":"0x7dcd17433742f4c0ca53122ab541d0ba67fc27df","value":"0x2"},"blockHash":"0x01ba2f0e16a94e375a460eb303af615daf77ddfac7cc9d9cef96f22a6a095364","blockNumber":3,"result":{"gasUsed":"0x54ac","output":"0x"},"subtraces":0,"traceAddress":[],"transactionHash":"0x4845366f3ccc487743b759a1d23f430b405e5e56cd50e1a77ce6c2124dcfe842","transactionPosition":0,"type":"call"},{"action":{"from":"0x7435ed30a8b4aeb0877cef0c6e8cffe834eb865f","callType":"call","gas":"0x11ba0","input":"0x3f446a7c4145b1f0656d6974","to":"0x7dcd17433742f4c0ca53122ab541d0ba67fc27df","value":"0x2"},"blockHash":"0x01ba2f0e16a94e375a460eb303af615daf77ddfac7cc9d9cef96f22a6a095364","blockNumber":3,"result":{"gasUsed":"0x5f9c","output":"0x"},"subtraces":0,"traceAddress":[],"transactionHash":"0xbc02888b29321d89ffec6d3796f1e0d5b182999c26cd6a8e49ccad72db305ae7","transactionPosition":1,"type":"call"},{"action":{"from":"0x7435ed30a8b4aeb0877cef0c6e8cffe834eb865f","callType":"call","gas":"0x11ba0","input":"0x96fd14b8fdcbd4a9656d6974","to":"0x7dcd17433742f4c0ca53122ab541d0ba67fc27df","value":"0x3"},"blockHash":"0x01ba2f0e16a94e375a460eb303af615daf77ddfac7cc9d9cef96f22a6a095364","blockNumber":3,"result":{"gasUsed":"0x5f9c","output":"0x"},"subtraces":0,"traceAddress":[],"transactionHash":"0xf02ed84381c81d780bc5a5198252284fe9e1cbd6b108573049a35957cc32bf2d","transactionPosition":2,"type":"call"}]}
response differs from expected (-- client, ++ test):
{
  "id": 1,
  "jsonrpc": "2.0",
  "result": -- [] ++ {}
}


-- interop/filter-both-null (erigon_release)
>>  {"jsonrpc": "2.0", "id": 1, "method": "trace_filter", "params": [{"fromBlock": "0x2", "toBlock": "0x2", "fromAddress": null, "toAddress": null}]}
<<  {"jsonrpc":"2.0","id":1,"result":[{"action":{"from":"0x7435ed30a8b4aeb0877cef0c6e8cffe834eb865f","callType":"call","gas":"0x13488","input":"0x01","to":"0x9dcd17433742f4c0ca53122ab541d0ba67fc27d3","value":"0x0"},"blockHash":"0xf5de2a84c954882baa45ac90c79baa2a966ddf7d8ea14d8a87e1e17c449d123e","blockNumber":2,"error":"Reverted","result":{"gasUsed":"0x889","output":"0x08c379a00000000000000000000000000000000000000000000000000000000000000020000000000000000000000000000000000000000000000000000000000000000a75736572206572726f72"},"subtraces":0,"traceAddress":[],"transactionHash":"0x827f578f78815feb24e5d992addb5d6d184958aad72d02c213271f4b4ac780ae","transactionPosition":0,"type":"call"},{"action":{"from":"0x7435ed30a8b4aeb0877cef0c6e8cffe834eb865f","callType":"call","gas":"0x8d5b8","input":"0x","to":"0x9dcd17433742f4c0ca53122ab541d0ba67fc27d0","value":"0x0"},"blockHash":"0xf5de2a84c954882baa45ac90c79baa2a966ddf7d8ea14d8a87e1e17c449d123e","blockNumber":2,"result":{"gasUsed":"0x2343f","output":"0xffee"},"subtraces":7,"traceAddress":[],"transactionHash":"0x55d219e322321525fb6d15c388d730e0f6d0ae119e68163ffcea6d3ee50fa738","transactionPosition":1,"type":"call"},{"action":{"from":"0x9dcd17433742f4c0ca53122ab541d0ba67fc27d0","callType":"call","gas":"0xf35c","input":"0xff01","to":"0x9dcd17433742f4c0ca53122ab541d0ba67fc27d1","value":"0x1"},"blockHash":"0xf5de2a84c954882baa45ac90c79baa2a966ddf7d8ea14d8a87e1e17c449d123e","blockNumber":2,"result":{"gasUsed":"0x48","output":"0xffee"},"subtraces":0,"traceAddress":[0],"transactionHash":"0x55d219e322321525fb6d15c388d730e0f6d0ae119e68163ffcea6d3ee50fa738","transactionPosition":1,"type":"call"},{"action":{"from":"0x9dcd17433742f4c0ca53122ab541d0ba67fc27d0","callType":"call","gas":"0xea60","input":"0x0000000000000000000000000000000000000000000000000000000000000001","to":"0x9dcd17433742f4c0ca53122ab541d0ba67fc27d3","value":"0x0"},"blockHash":"0xf5de2a84c954882baa45ac90c79baa2a966ddf7d8ea14d8a87e1e17c449d123e","blockNumber":2,"error":"Reverted","result":{"gasUsed":"0x889","output":"0x08c379a00000000000000000000000000000000000000000000000000000000000000020000000000000000000000000000000000000000000000000000000000000000a75736572206572726f72"},"subtraces":0,"traceAddress":[1],"transactionHash":"0x55d219e322321525fb6d15c388d730e0f6d0ae119e68163ffcea6d3ee50fa738","transactionPosition":1,"type":"call"},{"action":{"from":"0x9dcd17433742f4c0ca53122ab541d0ba67fc27d0","callType":"staticcall","gas":"0xea60","input":"0x","to":"0x9dcd17433742f4c0ca53122ab541d0ba67fc27d2","value":"0x0"},"blockHash":"0xf5de2a84c954882baa45ac90c79baa2a966ddf7d8ea14d8a87e1e17c449d123e","blockNumber":2,"result":{"gasUsed":"0x7d","output":"0x0000000000000000000000000000000000000000000000000000000000000002000000000000000000000000000000000000000000000000000c72dd9d5e883e0000000000000000000000000000000000000000000000000000000000000000000000000000000000000000000000000000000000000000000000002da9cd6d00000000000000000000000000000000000000000000000000000000000000000000000000000000000000007435ed30a8b4aeb0877cef0c6e8cffe834eb865f0000000000000000000000000000000000000000000000000000000000000000"},"subtraces":0,"traceAddress":[2],"transactionHash":"0x55d219e322321525fb6d15c388d730e0f6d0ae119e68163ffcea6d3ee50fa738","transactionPosition":1,"type":"call"},{"action":{"from":"0x9dcd17433742f4c0ca53122ab541d0ba67fc27d0","callType":"staticcall","gas":"0xea60","input":"0x","to":"0x7dcd17433742f4c0ca53122ab541d0ba67fc27df","value":"0x0"},"blockHash":"0xf5de2a84c954882baa45ac90c79baa2a966ddf7d8ea14d8a87e1e17c449d123e","blockNumber":2,"error":"out of gas: write protection","result":null,"subtraces":0,"traceAddress":[3],"transactionHash":"0x55d219e322321525fb6d15c388d730e0f6d0ae119e68163ffcea6d3ee50fa738","transactionPosition":1,"type":"call"},{"action":{"from":"0x9dcd17433742f4c0ca53122ab541d0ba67fc27d0","callType":"delegatecall","gas":"0xea60","input":"0x00000000","to":"0x7dcd17433742f4c0ca53122ab541d0ba67fc27df","value":"0x0"},"blockHash":"0xf5de2a84c954882baa45ac90c79baa2a966ddf7d8ea14d8a87e1e17c449d123e","blockNumber":2,"result":{"gasUsed":"0x64b0","output":"0x"},"subtraces":0,"traceAddress":[4],"transactionHash":"0x55d219e322321525fb6d15c388d730e0f6d0ae119e68163ffcea6d3ee50fa738","transactionPosition":1,"type":"call"},{"action":{"from":"0x9dcd17433742f4c0ca53122ab541d0ba67fc27d0","callType":"callcode","gas":"0xea60","input":"0xff01","to":"0x9dcd17433742f4c0ca53122ab541d0ba67fc27d1","value":"0x0"},"blockHash":"0xf5de2a84c954882baa45ac90c79baa2a966ddf7d8ea14d8a87e1e17c449d123e","blockNumber":2,"result":{"gasUsed":"0x48","output":"0xffee"},"subtraces":0,"traceAddress":[5],"transactionHash":"0x55d219e322321525fb6d15c388d730e0f6d0ae119e68163ffcea6d3ee50fa738","transactionPosition":1,"type":"call"},{"action":{"from":"0x9dcd17433742f4c0ca53122ab541d0ba67fc27d0","creationMethod":"create","gas":"0x6a00f","init":"0x5b646368696c6460006000a133ff","value":"0x0"},"blockHash":"0xf5de2a84c954882baa45ac90c79baa2a966ddf7d8ea14d8a87e1e17c449d123e","blockNumber":2,"result":{"address":"0x2d303c5b7911d87d594bf1b31fbb9aa187888893","code":"0x","gasUsed":"0x1682"},"subtraces":1,"traceAddress":[6],"transactionHash":"0x55d219e322321525fb6d15c388d730e0f6d0ae119e68163ffcea6d3ee50fa738","transactionPosition":1,"type":"create"},{"action":{"address":"0x2d303c5b7911d87d594bf1b31fbb9aa187888893","refundAddress":"0x9dcd17433742f4c0ca53122ab541d0ba67fc27d0","balance":"0x0"},"blockHash":"0xf5de2a84c954882baa45ac90c79baa2a966ddf7d8ea14d8a87e1e17c449d123e","blockNumber":2,"result":null,"subtraces":0,"traceAddress":[6,0],"transactionHash":"0x55d219e322321525fb6d15c388d730e0f6d0ae119e68163ffcea6d3ee50fa738","transactionPosition":1,"type":"suicide"},{"action":{"from":"0x7435ed30a8b4aeb0877cef0c6e8cffe834eb865f","creationMethod":"create","gas":"0x4b0e","init":"0x600d380380600d6000396000f336156009575f355f555b305f525f5460205260405ff3","value":"0x0"},"blockHash":"0xf5de2a84c954882baa45ac90c79baa2a966ddf7d8ea14d8a87e1e17c449d123e","blockNumber":2,"result":{"address":"0x4055cae5c7d838cda10d40f9d07106c7f5f3be1c","code":"0x36156009575f355f555b305f525f5460205260405ff3","gasUsed":"0x114d"},"subtraces":0,"traceAddress":[],"transactionHash":"0x512b5deddff16d21ebba7b730d935b4287dbb839e77eb05b37b34ce5eb229933","transactionPosition":2,"type":"create"},{"action":{"from":"0x7435ed30a8b4aeb0877cef0c6e8cffe834eb865f","callType":"call","gas":"0x0","input":"0x","to":"0x0000000000000000000000000000000000000000","value":"0x0"},"blockHash":"0xf5de2a84c954882baa45ac90c79baa2a966ddf7d8ea14d8a87e1e17c449d123e","blockNumber":2,"result":{"gasUsed":"0x0","output":"0x"},"subtraces":0,"traceAddress":[],"transactionHash":"0xb54bc1221b206db9ee0449a716ddde73c1e2d0f72d2e789fcb51230fe851cc8a","transactionPosition":3,"type":"call"},{"action":{"from":"0x7435ed30a8b4aeb0877cef0c6e8cffe834eb865f","callType":"call","gas":"0xbef8","input":"0x696e766f6b6564","to":"0xeda8645ba6948855e3b3cd596bbb07596d59c603","value":"0x0"},"blockHash":"0xf5de2a84c954882baa45ac90c79baa2a966ddf7d8ea14d8a87e1e17c449d123e","blockNumber":2,"result":{"gasUsed":"0x56ec","output":"0x000000000000000000000000eda8645ba6948855e3b3cd596bbb07596d59c603696e766f6b656400000000000000000000000000000000000000000000000000"},"subtraces":0,"traceAddress":[],"transactionHash":"0x4e0240fe2995f7a21013fbe4af0ad9330daac8c29008e22b7d71b4672357f014","transactionPosition":4,"type":"call"}]}
response differs from expected (-- client, ++ test):
{
  "id": 1,
  "jsonrpc": "2.0",
  "result": -- [] ++ {}
}


-- interop/filter-both-unknown-mode (erigon_release)
>>  {"jsonrpc": "2.0", "id": 1, "method": "trace_filter", "params": [{"fromBlock": "0x2", "toBlock": "0x2", "fromAddress": ["0x7435ed30a8b4aeb0877cef0c6e8cffe834eb865f"], "toAddress": ["0x9dcd17433742f4c0ca53122ab541d0ba67fc27d0"], "mode": "garbage"}]}
<<  {"jsonrpc":"2.0","id":1,"result":[{"action":{"from":"0x7435ed30a8b4aeb0877cef0c6e8cffe834eb865f","callType":"call","gas":"0x13488","input":"0x01","to":"0x9dcd17433742f4c0ca53122ab541d0ba67fc27d3","value":"0x0"},"blockHash":"0xf5de2a84c954882baa45ac90c79baa2a966ddf7d8ea14d8a87e1e17c449d123e","blockNumber":2,"error":"Reverted","result":{"gasUsed":"0x889","output":"0x08c379a00000000000000000000000000000000000000000000000000000000000000020000000000000000000000000000000000000000000000000000000000000000a75736572206572726f72"},"subtraces":0,"traceAddress":[],"transactionHash":"0x827f578f78815feb24e5d992addb5d6d184958aad72d02c213271f4b4ac780ae","transactionPosition":0,"type":"call"},{"action":{"from":"0x7435ed30a8b4aeb0877cef0c6e8cffe834eb865f","callType":"call","gas":"0x8d5b8","input":"0x","to":"0x9dcd17433742f4c0ca53122ab541d0ba67fc27d0","value":"0x0"},"blockHash":"0xf5de2a84c954882baa45ac90c79baa2a966ddf7d8ea14d8a87e1e17c449d123e","blockNumber":2,"result":{"gasUsed":"0x2343f","output":"0xffee"},"subtraces":7,"traceAddress":[],"transactionHash":"0x55d219e322321525fb6d15c388d730e0f6d0ae119e68163ffcea6d3ee50fa738","transactionPosition":1,"type":"call"},{"action":{"address":"0x2d303c5b7911d87d594bf1b31fbb9aa187888893","refundAddress":"0x9dcd17433742f4c0ca53122ab541d0ba67fc27d0","balance":"0x0"},"blockHash":"0xf5de2a84c954882baa45ac90c79baa2a966ddf7d8ea14d8a87e1e17c449d123e","blockNumber":2,"result":null,"subtraces":0,"traceAddress":[6,0],"transactionHash":"0x55d219e322321525fb6d15c388d730e0f6d0ae119e68163ffcea6d3ee50fa738","transactionPosition":1,"type":"suicide"},{"action":{"from":"0x7435ed30a8b4aeb0877cef0c6e8cffe834eb865f","creationMethod":"create","gas":"0x4b0e","init":"0x600d380380600d6000396000f336156009575f355f555b305f525f5460205260405ff3","value":"0x0"},"blockHash":"0xf5de2a84c954882baa45ac90c79baa2a966ddf7d8ea14d8a87e1e17c449d123e","blockNumber":2,"result":{"address":"0x4055cae5c7d838cda10d40f9d07106c7f5f3be1c","code":"0x36156009575f355f555b305f525f5460205260405ff3","gasUsed":"0x114d"},"subtraces":0,"traceAddress":[],"transactionHash":"0x512b5deddff16d21ebba7b730d935b4287dbb839e77eb05b37b34ce5eb229933","transactionPosition":2,"type":"create"},{"action":{"from":"0x7435ed30a8b4aeb0877cef0c6e8cffe834eb865f","callType":"call","gas":"0x0","input":"0x","to":"0x0000000000000000000000000000000000000000","value":"0x0"},"blockHash":"0xf5de2a84c954882baa45ac90c79baa2a966ddf7d8ea14d8a87e1e17c449d123e","blockNumber":2,"result":{"gasUsed":"0x0","output":"0x"},"subtraces":0,"traceAddress":[],"transactionHash":"0xb54bc1221b206db9ee0449a716ddde73c1e2d0f72d2e789fcb51230fe851cc8a","transactionPosition":3,"type":"call"},{"action":{"from":"0x7435ed30a8b4aeb0877cef0c6e8cffe834eb865f","callType":"call","gas":"0xbef8","input":"0x696e766f6b6564","to":"0xeda8645ba6948855e3b3cd596bbb07596d59c603","value":"0x0"},"blockHash":"0xf5de2a84c954882baa45ac90c79baa2a966ddf7d8ea14d8a87e1e17c449d123e","blockNumber":2,"result":{"gasUsed":"0x56ec","output":"0x000000000000000000000000eda8645ba6948855e3b3cd596bbb07596d59c603696e766f6b656400000000000000000000000000000000000000000000000000"},"subtraces":0,"traceAddress":[],"transactionHash":"0x4e0240fe2995f7a21013fbe4af0ad9330daac8c29008e22b7d71b4672357f014","transactionPosition":4,"type":"call"}]}
response differs from expected (-- client, ++ test):
{
  "id": 1,
  "jsonrpc": "2.0",
  "result": -- [] ++ {}
}


-- interop/filter-from-null (erigon_release)
>>  {"jsonrpc": "2.0", "id": 1, "method": "trace_filter", "params": [{"fromBlock": "0x2", "toBlock": "0x2", "fromAddress": null}]}
<<  {"jsonrpc":"2.0","id":1,"result":[{"action":{"from":"0x7435ed30a8b4aeb0877cef0c6e8cffe834eb865f","callType":"call","gas":"0x13488","input":"0x01","to":"0x9dcd17433742f4c0ca53122ab541d0ba67fc27d3","value":"0x0"},"blockHash":"0xf5de2a84c954882baa45ac90c79baa2a966ddf7d8ea14d8a87e1e17c449d123e","blockNumber":2,"error":"Reverted","result":{"gasUsed":"0x889","output":"0x08c379a00000000000000000000000000000000000000000000000000000000000000020000000000000000000000000000000000000000000000000000000000000000a75736572206572726f72"},"subtraces":0,"traceAddress":[],"transactionHash":"0x827f578f78815feb24e5d992addb5d6d184958aad72d02c213271f4b4ac780ae","transactionPosition":0,"type":"call"},{"action":{"from":"0x7435ed30a8b4aeb0877cef0c6e8cffe834eb865f","callType":"call","gas":"0x8d5b8","input":"0x","to":"0x9dcd17433742f4c0ca53122ab541d0ba67fc27d0","value":"0x0"},"blockHash":"0xf5de2a84c954882baa45ac90c79baa2a966ddf7d8ea14d8a87e1e17c449d123e","blockNumber":2,"result":{"gasUsed":"0x2343f","output":"0xffee"},"subtraces":7,"traceAddress":[],"transactionHash":"0x55d219e322321525fb6d15c388d730e0f6d0ae119e68163ffcea6d3ee50fa738","transactionPosition":1,"type":"call"},{"action":{"from":"0x9dcd17433742f4c0ca53122ab541d0ba67fc27d0","callType":"call","gas":"0xf35c","input":"0xff01","to":"0x9dcd17433742f4c0ca53122ab541d0ba67fc27d1","value":"0x1"},"blockHash":"0xf5de2a84c954882baa45ac90c79baa2a966ddf7d8ea14d8a87e1e17c449d123e","blockNumber":2,"result":{"gasUsed":"0x48","output":"0xffee"},"subtraces":0,"traceAddress":[0],"transactionHash":"0x55d219e322321525fb6d15c388d730e0f6d0ae119e68163ffcea6d3ee50fa738","transactionPosition":1,"type":"call"},{"action":{"from":"0x9dcd17433742f4c0ca53122ab541d0ba67fc27d0","callType":"call","gas":"0xea60","input":"0x0000000000000000000000000000000000000000000000000000000000000001","to":"0x9dcd17433742f4c0ca53122ab541d0ba67fc27d3","value":"0x0"},"blockHash":"0xf5de2a84c954882baa45ac90c79baa2a966ddf7d8ea14d8a87e1e17c449d123e","blockNumber":2,"error":"Reverted","result":{"gasUsed":"0x889","output":"0x08c379a00000000000000000000000000000000000000000000000000000000000000020000000000000000000000000000000000000000000000000000000000000000a75736572206572726f72"},"subtraces":0,"traceAddress":[1],"transactionHash":"0x55d219e322321525fb6d15c388d730e0f6d0ae119e68163ffcea6d3ee50fa738","transactionPosition":1,"type":"call"},{"action":{"from":"0x9dcd17433742f4c0ca53122ab541d0ba67fc27d0","callType":"staticcall","gas":"0xea60","input":"0x","to":"0x9dcd17433742f4c0ca53122ab541d0ba67fc27d2","value":"0x0"},"blockHash":"0xf5de2a84c954882baa45ac90c79baa2a966ddf7d8ea14d8a87e1e17c449d123e","blockNumber":2,"result":{"gasUsed":"0x7d","output":"0x0000000000000000000000000000000000000000000000000000000000000002000000000000000000000000000000000000000000000000000c72dd9d5e883e0000000000000000000000000000000000000000000000000000000000000000000000000000000000000000000000000000000000000000000000002da9cd6d00000000000000000000000000000000000000000000000000000000000000000000000000000000000000007435ed30a8b4aeb0877cef0c6e8cffe834eb865f0000000000000000000000000000000000000000000000000000000000000000"},"subtraces":0,"traceAddress":[2],"transactionHash":"0x55d219e322321525fb6d15c388d730e0f6d0ae119e68163ffcea6d3ee50fa738","transactionPosition":1,"type":"call"},{"action":{"from":"0x9dcd17433742f4c0ca53122ab541d0ba67fc27d0","callType":"staticcall","gas":"0xea60","input":"0x","to":"0x7dcd17433742f4c0ca53122ab541d0ba67fc27df","value":"0x0"},"blockHash":"0xf5de2a84c954882baa45ac90c79baa2a966ddf7d8ea14d8a87e1e17c449d123e","blockNumber":2,"error":"out of gas: write protection","result":null,"subtraces":0,"traceAddress":[3],"transactionHash":"0x55d219e322321525fb6d15c388d730e0f6d0ae119e68163ffcea6d3ee50fa738","transactionPosition":1,"type":"call"},{"action":{"from":"0x9dcd17433742f4c0ca53122ab541d0ba67fc27d0","callType":"delegatecall","gas":"0xea60","input":"0x00000000","to":"0x7dcd17433742f4c0ca53122ab541d0ba67fc27df","value":"0x0"},"blockHash":"0xf5de2a84c954882baa45ac90c79baa2a966ddf7d8ea14d8a87e1e17c449d123e","blockNumber":2,"result":{"gasUsed":"0x64b0","output":"0x"},"subtraces":0,"traceAddress":[4],"transactionHash":"0x55d219e322321525fb6d15c388d730e0f6d0ae119e68163ffcea6d3ee50fa738","transactionPosition":1,"type":"call"},{"action":{"from":"0x9dcd17433742f4c0ca53122ab541d0ba67fc27d0","callType":"callcode","gas":"0xea60","input":"0xff01","to":"0x9dcd17433742f4c0ca53122ab541d0ba67fc27d1","value":"0x0"},"blockHash":"0xf5de2a84c954882baa45ac90c79baa2a966ddf7d8ea14d8a87e1e17c449d123e","blockNumber":2,"result":{"gasUsed":"0x48","output":"0xffee"},"subtraces":0,"traceAddress":[5],"transactionHash":"0x55d219e322321525fb6d15c388d730e0f6d0ae119e68163ffcea6d3ee50fa738","transactionPosition":1,"type":"call"},{"action":{"from":"0x9dcd17433742f4c0ca53122ab541d0ba67fc27d0","creationMethod":"create","gas":"0x6a00f","init":"0x5b646368696c6460006000a133ff","value":"0x0"},"blockHash":"0xf5de2a84c954882baa45ac90c79baa2a966ddf7d8ea14d8a87e1e17c449d123e","blockNumber":2,"result":{"address":"0x2d303c5b7911d87d594bf1b31fbb9aa187888893","code":"0x","gasUsed":"0x1682"},"subtraces":1,"traceAddress":[6],"transactionHash":"0x55d219e322321525fb6d15c388d730e0f6d0ae119e68163ffcea6d3ee50fa738","transactionPosition":1,"type":"create"},{"action":{"address":"0x2d303c5b7911d87d594bf1b31fbb9aa187888893","refundAddress":"0x9dcd17433742f4c0ca53122ab541d0ba67fc27d0","balance":"0x0"},"blockHash":"0xf5de2a84c954882baa45ac90c79baa2a966ddf7d8ea14d8a87e1e17c449d123e","blockNumber":2,"result":null,"subtraces":0,"traceAddress":[6,0],"transactionHash":"0x55d219e322321525fb6d15c388d730e0f6d0ae119e68163ffcea6d3ee50fa738","transactionPosition":1,"type":"suicide"},{"action":{"from":"0x7435ed30a8b4aeb0877cef0c6e8cffe834eb865f","creationMethod":"create","gas":"0x4b0e","init":"0x600d380380600d6000396000f336156009575f355f555b305f525f5460205260405ff3","value":"0x0"},"blockHash":"0xf5de2a84c954882baa45ac90c79baa2a966ddf7d8ea14d8a87e1e17c449d123e","blockNumber":2,"result":{"address":"0x4055cae5c7d838cda10d40f9d07106c7f5f3be1c","code":"0x36156009575f355f555b305f525f5460205260405ff3","gasUsed":"0x114d"},"subtraces":0,"traceAddress":[],"transactionHash":"0x512b5deddff16d21ebba7b730d935b4287dbb839e77eb05b37b34ce5eb229933","transactionPosition":2,"type":"create"},{"action":{"from":"0x7435ed30a8b4aeb0877cef0c6e8cffe834eb865f","callType":"call","gas":"0x0","input":"0x","to":"0x0000000000000000000000000000000000000000","value":"0x0"},"blockHash":"0xf5de2a84c954882baa45ac90c79baa2a966ddf7d8ea14d8a87e1e17c449d123e","blockNumber":2,"result":{"gasUsed":"0x0","output":"0x"},"subtraces":0,"traceAddress":[],"transactionHash":"0xb54bc1221b206db9ee0449a716ddde73c1e2d0f72d2e789fcb51230fe851cc8a","transactionPosition":3,"type":"call"},{"action":{"from":"0x7435ed30a8b4aeb0877cef0c6e8cffe834eb865f","callType":"call","gas":"0xbef8","input":"0x696e766f6b6564","to":"0xeda8645ba6948855e3b3cd596bbb07596d59c603","value":"0x0"},"blockHash":"0xf5de2a84c954882baa45ac90c79baa2a966ddf7d8ea14d8a87e1e17c449d123e","blockNumber":2,"result":{"gasUsed":"0x56ec","output":"0x000000000000000000000000eda8645ba6948855e3b3cd596bbb07596d59c603696e766f6b656400000000000000000000000000000000000000000000000000"},"subtraces":0,"traceAddress":[],"transactionHash":"0x4e0240fe2995f7a21013fbe4af0ad9330daac8c29008e22b7d71b4672357f014","transactionPosition":4,"type":"call"}]}
response differs from expected (-- client, ++ test):
{
  "id": 1,
  "jsonrpc": "2.0",
  "result": -- [] ++ {}
}


-- interop/filter-from-only-intersection (erigon_release)
>>  {"jsonrpc": "2.0", "id": 1, "method": "trace_filter", "params": [{"fromBlock": "0x2", "toBlock": "0x2", "fromAddress": ["0x7435ed30a8b4aeb0877cef0c6e8cffe834eb865f"], "mode": "intersection"}]}
<<  {"jsonrpc":"2.0","id":1,"result":[]}
response differs from expected (-- client, ++ test):
{
  "id": 1,
  "jsonrpc": "2.0",
  "result": -- [] ++ {}
}


-- interop/filter-from-only-union (erigon_release)
>>  {"jsonrpc": "2.0", "id": 1, "method": "trace_filter", "params": [{"fromBlock": "0x2", "toBlock": "0x2", "fromAddress": ["0x7435ed30a8b4aeb0877cef0c6e8cffe834eb865f"], "mode": "union"}]}
<<  {"jsonrpc":"2.0","id":1,"result":[{"action":{"from":"0x7435ed30a8b4aeb0877cef0c6e8cffe834eb865f","callType":"call","gas":"0x13488","input":"0x01","to":"0x9dcd17433742f4c0ca53122ab541d0ba67fc27d3","value":"0x0"},"blockHash":"0xf5de2a84c954882baa45ac90c79baa2a966ddf7d8ea14d8a87e1e17c449d123e","blockNumber":2,"error":"Reverted","result":{"gasUsed":"0x889","output":"0x08c379a00000000000000000000000000000000000000000000000000000000000000020000000000000000000000000000000000000000000000000000000000000000a75736572206572726f72"},"subtraces":0,"traceAddress":[],"transactionHash":"0x827f578f78815feb24e5d992addb5d6d184958aad72d02c213271f4b4ac780ae","transactionPosition":0,"type":"call"},{"action":{"from":"0x7435ed30a8b4aeb0877cef0c6e8cffe834eb865f","callType":"call","gas":"0x8d5b8","input":"0x","to":"0x9dcd17433742f4c0ca53122ab541d0ba67fc27d0","value":"0x0"},"blockHash":"0xf5de2a84c954882baa45ac90c79baa2a966ddf7d8ea14d8a87e1e17c449d123e","blockNumber":2,"result":{"gasUsed":"0x2343f","output":"0xffee"},"subtraces":7,"traceAddress":[],"transactionHash":"0x55d219e322321525fb6d15c388d730e0f6d0ae119e68163ffcea6d3ee50fa738","transactionPosition":1,"type":"call"},{"action":{"from":"0x7435ed30a8b4aeb0877cef0c6e8cffe834eb865f","creationMethod":"create","gas":"0x4b0e","init":"0x600d380380600d6000396000f336156009575f355f555b305f525f5460205260405ff3","value":"0x0"},"blockHash":"0xf5de2a84c954882baa45ac90c79baa2a966ddf7d8ea14d8a87e1e17c449d123e","blockNumber":2,"result":{"address":"0x4055cae5c7d838cda10d40f9d07106c7f5f3be1c","code":"0x36156009575f355f555b305f525f5460205260405ff3","gasUsed":"0x114d"},"subtraces":0,"traceAddress":[],"transactionHash":"0x512b5deddff16d21ebba7b730d935b4287dbb839e77eb05b37b34ce5eb229933","transactionPosition":2,"type":"create"},{"action":{"from":"0x7435ed30a8b4aeb0877cef0c6e8cffe834eb865f","callType":"call","gas":"0x0","input":"0x","to":"0x0000000000000000000000000000000000000000","value":"0x0"},"blockHash":"0xf5de2a84c954882baa45ac90c79baa2a966ddf7d8ea14d8a87e1e17c449d123e","blockNumber":2,"result":{"gasUsed":"0x0","output":"0x"},"subtraces":0,"traceAddress":[],"transactionHash":"0xb54bc1221b206db9ee0449a716ddde73c1e2d0f72d2e789fcb51230fe851cc8a","transactionPosition":3,"type":"call"},{"action":{"from":"0x7435ed30a8b4aeb0877cef0c6e8cffe834eb865f","callType":"call","gas":"0xbef8","input":"0x696e766f6b6564","to":"0xeda8645ba6948855e3b3cd596bbb07596d59c603","value":"0x0"},"blockHash":"0xf5de2a84c954882baa45ac90c79baa2a966ddf7d8ea14d8a87e1e17c449d123e","blockNumber":2,"result":{"gasUsed":"0x56ec","output":"0x000000000000000000000000eda8645ba6948855e3b3cd596bbb07596d59c603696e766f6b656400000000000000000000000000000000000000000000000000"},"subtraces":0,"traceAddress":[],"transactionHash":"0x4e0240fe2995f7a21013fbe4af0ad9330daac8c29008e22b7d71b4672357f014","transactionPosition":4,"type":"call"}]}
response differs from expected (-- client, ++ test):
{
  "id": 1,
  "jsonrpc": "2.0",
  "result": -- [] ++ {}
}


-- interop/filter-to-null (erigon_release)
>>  {"jsonrpc": "2.0", "id": 1, "method": "trace_filter", "params": [{"fromBlock": "0x2", "toBlock": "0x2", "toAddress": null}]}
<<  {"jsonrpc":"2.0","id":1,"result":[{"action":{"from":"0x7435ed30a8b4aeb0877cef0c6e8cffe834eb865f","callType":"call","gas":"0x13488","input":"0x01","to":"0x9dcd17433742f4c0ca53122ab541d0ba67fc27d3","value":"0x0"},"blockHash":"0xf5de2a84c954882baa45ac90c79baa2a966ddf7d8ea14d8a87e1e17c449d123e","blockNumber":2,"error":"Reverted","result":{"gasUsed":"0x889","output":"0x08c379a00000000000000000000000000000000000000000000000000000000000000020000000000000000000000000000000000000000000000000000000000000000a75736572206572726f72"},"subtraces":0,"traceAddress":[],"transactionHash":"0x827f578f78815feb24e5d992addb5d6d184958aad72d02c213271f4b4ac780ae","transactionPosition":0,"type":"call"},{"action":{"from":"0x7435ed30a8b4aeb0877cef0c6e8cffe834eb865f","callType":"call","gas":"0x8d5b8","input":"0x","to":"0x9dcd17433742f4c0ca53122ab541d0ba67fc27d0","value":"0x0"},"blockHash":"0xf5de2a84c954882baa45ac90c79baa2a966ddf7d8ea14d8a87e1e17c449d123e","blockNumber":2,"result":{"gasUsed":"0x2343f","output":"0xffee"},"subtraces":7,"traceAddress":[],"transactionHash":"0x55d219e322321525fb6d15c388d730e0f6d0ae119e68163ffcea6d3ee50fa738","transactionPosition":1,"type":"call"},{"action":{"from":"0x9dcd17433742f4c0ca53122ab541d0ba67fc27d0","callType":"call","gas":"0xf35c","input":"0xff01","to":"0x9dcd17433742f4c0ca53122ab541d0ba67fc27d1","value":"0x1"},"blockHash":"0xf5de2a84c954882baa45ac90c79baa2a966ddf7d8ea14d8a87e1e17c449d123e","blockNumber":2,"result":{"gasUsed":"0x48","output":"0xffee"},"subtraces":0,"traceAddress":[0],"transactionHash":"0x55d219e322321525fb6d15c388d730e0f6d0ae119e68163ffcea6d3ee50fa738","transactionPosition":1,"type":"call"},{"action":{"from":"0x9dcd17433742f4c0ca53122ab541d0ba67fc27d0","callType":"call","gas":"0xea60","input":"0x0000000000000000000000000000000000000000000000000000000000000001","to":"0x9dcd17433742f4c0ca53122ab541d0ba67fc27d3","value":"0x0"},"blockHash":"0xf5de2a84c954882baa45ac90c79baa2a966ddf7d8ea14d8a87e1e17c449d123e","blockNumber":2,"error":"Reverted","result":{"gasUsed":"0x889","output":"0x08c379a00000000000000000000000000000000000000000000000000000000000000020000000000000000000000000000000000000000000000000000000000000000a75736572206572726f72"},"subtraces":0,"traceAddress":[1],"transactionHash":"0x55d219e322321525fb6d15c388d730e0f6d0ae119e68163ffcea6d3ee50fa738","transactionPosition":1,"type":"call"},{"action":{"from":"0x9dcd17433742f4c0ca53122ab541d0ba67fc27d0","callType":"staticcall","gas":"0xea60","input":"0x","to":"0x9dcd17433742f4c0ca53122ab541d0ba67fc27d2","value":"0x0"},"blockHash":"0xf5de2a84c954882baa45ac90c79baa2a966ddf7d8ea14d8a87e1e17c449d123e","blockNumber":2,"result":{"gasUsed":"0x7d","output":"0x0000000000000000000000000000000000000000000000000000000000000002000000000000000000000000000000000000000000000000000c72dd9d5e883e0000000000000000000000000000000000000000000000000000000000000000000000000000000000000000000000000000000000000000000000002da9cd6d00000000000000000000000000000000000000000000000000000000000000000000000000000000000000007435ed30a8b4aeb0877cef0c6e8cffe834eb865f0000000000000000000000000000000000000000000000000000000000000000"},"subtraces":0,"traceAddress":[2],"transactionHash":"0x55d219e322321525fb6d15c388d730e0f6d0ae119e68163ffcea6d3ee50fa738","transactionPosition":1,"type":"call"},{"action":{"from":"0x9dcd17433742f4c0ca53122ab541d0ba67fc27d0","callType":"staticcall","gas":"0xea60","input":"0x","to":"0x7dcd17433742f4c0ca53122ab541d0ba67fc27df","value":"0x0"},"blockHash":"0xf5de2a84c954882baa45ac90c79baa2a966ddf7d8ea14d8a87e1e17c449d123e","blockNumber":2,"error":"out of gas: write protection","result":null,"subtraces":0,"traceAddress":[3],"transactionHash":"0x55d219e322321525fb6d15c388d730e0f6d0ae119e68163ffcea6d3ee50fa738","transactionPosition":1,"type":"call"},{"action":{"from":"0x9dcd17433742f4c0ca53122ab541d0ba67fc27d0","callType":"delegatecall","gas":"0xea60","input":"0x00000000","to":"0x7dcd17433742f4c0ca53122ab541d0ba67fc27df","value":"0x0"},"blockHash":"0xf5de2a84c954882baa45ac90c79baa2a966ddf7d8ea14d8a87e1e17c449d123e","blockNumber":2,"result":{"gasUsed":"0x64b0","output":"0x"},"subtraces":0,"traceAddress":[4],"transactionHash":"0x55d219e322321525fb6d15c388d730e0f6d0ae119e68163ffcea6d3ee50fa738","transactionPosition":1,"type":"call"},{"action":{"from":"0x9dcd17433742f4c0ca53122ab541d0ba67fc27d0","callType":"callcode","gas":"0xea60","input":"0xff01","to":"0x9dcd17433742f4c0ca53122ab541d0ba67fc27d1","value":"0x0"},"blockHash":"0xf5de2a84c954882baa45ac90c79baa2a966ddf7d8ea14d8a87e1e17c449d123e","blockNumber":2,"result":{"gasUsed":"0x48","output":"0xffee"},"subtraces":0,"traceAddress":[5],"transactionHash":"0x55d219e322321525fb6d15c388d730e0f6d0ae119e68163ffcea6d3ee50fa738","transactionPosition":1,"type":"call"},{"action":{"from":"0x9dcd17433742f4c0ca53122ab541d0ba67fc27d0","creationMethod":"create","gas":"0x6a00f","init":"0x5b646368696c6460006000a133ff","value":"0x0"},"blockHash":"0xf5de2a84c954882baa45ac90c79baa2a966ddf7d8ea14d8a87e1e17c449d123e","blockNumber":2,"result":{"address":"0x2d303c5b7911d87d594bf1b31fbb9aa187888893","code":"0x","gasUsed":"0x1682"},"subtraces":1,"traceAddress":[6],"transactionHash":"0x55d219e322321525fb6d15c388d730e0f6d0ae119e68163ffcea6d3ee50fa738","transactionPosition":1,"type":"create"},{"action":{"address":"0x2d303c5b7911d87d594bf1b31fbb9aa187888893","refundAddress":"0x9dcd17433742f4c0ca53122ab541d0ba67fc27d0","balance":"0x0"},"blockHash":"0xf5de2a84c954882baa45ac90c79baa2a966ddf7d8ea14d8a87e1e17c449d123e","blockNumber":2,"result":null,"subtraces":0,"traceAddress":[6,0],"transactionHash":"0x55d219e322321525fb6d15c388d730e0f6d0ae119e68163ffcea6d3ee50fa738","transactionPosition":1,"type":"suicide"},{"action":{"from":"0x7435ed30a8b4aeb0877cef0c6e8cffe834eb865f","creationMethod":"create","gas":"0x4b0e","init":"0x600d380380600d6000396000f336156009575f355f555b305f525f5460205260405ff3","value":"0x0"},"blockHash":"0xf5de2a84c954882baa45ac90c79baa2a966ddf7d8ea14d8a87e1e17c449d123e","blockNumber":2,"result":{"address":"0x4055cae5c7d838cda10d40f9d07106c7f5f3be1c","code":"0x36156009575f355f555b305f525f5460205260405ff3","gasUsed":"0x114d"},"subtraces":0,"traceAddress":[],"transactionHash":"0x512b5deddff16d21ebba7b730d935b4287dbb839e77eb05b37b34ce5eb229933","transactionPosition":2,"type":"create"},{"action":{"from":"0x7435ed30a8b4aeb0877cef0c6e8cffe834eb865f","callType":"call","gas":"0x0","input":"0x","to":"0x0000000000000000000000000000000000000000","value":"0x0"},"blockHash":"0xf5de2a84c954882baa45ac90c79baa2a966ddf7d8ea14d8a87e1e17c449d123e","blockNumber":2,"result":{"gasUsed":"0x0","output":"0x"},"subtraces":0,"traceAddress":[],"transactionHash":"0xb54bc1221b206db9ee0449a716ddde73c1e2d0f72d2e789fcb51230fe851cc8a","transactionPosition":3,"type":"call"},{"action":{"from":"0x7435ed30a8b4aeb0877cef0c6e8cffe834eb865f","callType":"call","gas":"0xbef8","input":"0x696e766f6b6564","to":"0xeda8645ba6948855e3b3cd596bbb07596d59c603","value":"0x0"},"blockHash":"0xf5de2a84c954882baa45ac90c79baa2a966ddf7d8ea14d8a87e1e17c449d123e","blockNumber":2,"result":{"gasUsed":"0x56ec","output":"0x000000000000000000000000eda8645ba6948855e3b3cd596bbb07596d59c603696e766f6b656400000000000000000000000000000000000000000000000000"},"subtraces":0,"traceAddress":[],"transactionHash":"0x4e0240fe2995f7a21013fbe4af0ad9330daac8c29008e22b7d71b4672357f014","transactionPosition":4,"type":"call"}]}
response differs from expected (-- client, ++ test):
{
  "id": 1,
  "jsonrpc": "2.0",
  "result": -- [] ++ {}
}


-- interop/filter-to-only-intersection (erigon_release)
>>  {"jsonrpc": "2.0", "id": 1, "method": "trace_filter", "params": [{"fromBlock": "0x2", "toBlock": "0x2", "toAddress": ["0x9dcd17433742f4c0ca53122ab541d0ba67fc27d0"], "mode": "intersection"}]}
<<  {"jsonrpc":"2.0","id":1,"result":[]}
response differs from expected (-- client, ++ test):
{
  "id": 1,
  "jsonrpc": "2.0",
  "result": -- [] ++ {}
}


-- interop/filter-to-only-union (erigon_release)
>>  {"jsonrpc": "2.0", "id": 1, "method": "trace_filter", "params": [{"fromBlock": "0x2", "toBlock": "0x2", "toAddress": ["0x9dcd17433742f4c0ca53122ab541d0ba67fc27d0"], "mode": "union"}]}
<<  {"jsonrpc":"2.0","id":1,"result":[{"action":{"from":"0x7435ed30a8b4aeb0877cef0c6e8cffe834eb865f","callType":"call","gas":"0x8d5b8","input":"0x","to":"0x9dcd17433742f4c0ca53122ab541d0ba67fc27d0","value":"0x0"},"blockHash":"0xf5de2a84c954882baa45ac90c79baa2a966ddf7d8ea14d8a87e1e17c449d123e","blockNumber":2,"result":{"gasUsed":"0x2343f","output":"0xffee"},"subtraces":7,"traceAddress":[],"transactionHash":"0x55d219e322321525fb6d15c388d730e0f6d0ae119e68163ffcea6d3ee50fa738","transactionPosition":1,"type":"call"},{"action":{"address":"0x2d303c5b7911d87d594bf1b31fbb9aa187888893","refundAddress":"0x9dcd17433742f4c0ca53122ab541d0ba67fc27d0","balance":"0x0"},"blockHash":"0xf5de2a84c954882baa45ac90c79baa2a966ddf7d8ea14d8a87e1e17c449d123e","blockNumber":2,"result":null,"subtraces":0,"traceAddress":[6,0],"transactionHash":"0x55d219e322321525fb6d15c388d730e0f6d0ae119e68163ffcea6d3ee50fa738","transactionPosition":1,"type":"suicide"}]}
response differs from expected (-- client, ++ test):
{
  "id": 1,
  "jsonrpc": "2.0",
  "result": -- [] ++ {}
}


-- interop/transaction-tree (erigon_release)
>>  {"jsonrpc": "2.0", "id": 1, "method": "trace_transaction", "params": ["0x55d219e322321525fb6d15c388d730e0f6d0ae119e68163ffcea6d3ee50fa738"]}
<<  {"jsonrpc":"2.0","id":1,"result":[{"action":{"from":"0x7435ed30a8b4aeb0877cef0c6e8cffe834eb865f","callType":"call","gas":"0x8d5b8","input":"0x","to":"0x9dcd17433742f4c0ca53122ab541d0ba67fc27d0","value":"0x0"},"blockHash":"0xf5de2a84c954882baa45ac90c79baa2a966ddf7d8ea14d8a87e1e17c449d123e","blockNumber":2,"result":{"gasUsed":"0x2343f","output":"0xffee"},"subtraces":7,"traceAddress":[],"transactionHash":"0x55d219e322321525fb6d15c388d730e0f6d0ae119e68163ffcea6d3ee50fa738","transactionPosition":1,"type":"call"},{"action":{"from":"0x9dcd17433742f4c0ca53122ab541d0ba67fc27d0","callType":"call","gas":"0xf35c","input":"0xff01","to":"0x9dcd17433742f4c0ca53122ab541d0ba67fc27d1","value":"0x1"},"blockHash":"0xf5de2a84c954882baa45ac90c79baa2a966ddf7d8ea14d8a87e1e17c449d123e","blockNumber":2,"result":{"gasUsed":"0x48","output":"0xffee"},"subtraces":0,"traceAddress":[0],"transactionHash":"0x55d219e322321525fb6d15c388d730e0f6d0ae119e68163ffcea6d3ee50fa738","transactionPosition":1,"type":"call"},{"action":{"from":"0x9dcd17433742f4c0ca53122ab541d0ba67fc27d0","callType":"call","gas":"0xea60","input":"0x0000000000000000000000000000000000000000000000000000000000000001","to":"0x9dcd17433742f4c0ca53122ab541d0ba67fc27d3","value":"0x0"},"blockHash":"0xf5de2a84c954882baa45ac90c79baa2a966ddf7d8ea14d8a87e1e17c449d123e","blockNumber":2,"error":"Reverted","result":{"gasUsed":"0x889","output":"0x08c379a00000000000000000000000000000000000000000000000000000000000000020000000000000000000000000000000000000000000000000000000000000000a75736572206572726f72"},"subtraces":0,"traceAddress":[1],"transactionHash":"0x55d219e322321525fb6d15c388d730e0f6d0ae119e68163ffcea6d3ee50fa738","transactionPosition":1,"type":"call"},{"action":{"from":"0x9dcd17433742f4c0ca53122ab541d0ba67fc27d0","callType":"staticcall","gas":"0xea60","input":"0x","to":"0x9dcd17433742f4c0ca53122ab541d0ba67fc27d2","value":"0x0"},"blockHash":"0xf5de2a84c954882baa45ac90c79baa2a966ddf7d8ea14d8a87e1e17c449d123e","blockNumber":2,"result":{"gasUsed":"0x7d","output":"0x0000000000000000000000000000000000000000000000000000000000000002000000000000000000000000000000000000000000000000000c72dd9d5e883e0000000000000000000000000000000000000000000000000000000000000000000000000000000000000000000000000000000000000000000000002da9cd6d00000000000000000000000000000000000000000000000000000000000000000000000000000000000000007435ed30a8b4aeb0877cef0c6e8cffe834eb865f0000000000000000000000000000000000000000000000000000000000000000"},"subtraces":0,"traceAddress":[2],"transactionHash":"0x55d219e322321525fb6d15c388d730e0f6d0ae119e68163ffcea6d3ee50fa738","transactionPosition":1,"type":"call"},{"action":{"from":"0x9dcd17433742f4c0ca53122ab541d0ba67fc27d0","callType":"staticcall","gas":"0xea60","input":"0x","to":"0x7dcd17433742f4c0ca53122ab541d0ba67fc27df","value":"0x0"},"blockHash":"0xf5de2a84c954882baa45ac90c79baa2a966ddf7d8ea14d8a87e1e17c449d123e","blockNumber":2,"error":"out of gas: write protection","result":null,"subtraces":0,"traceAddress":[3],"transactionHash":"0x55d219e322321525fb6d15c388d730e0f6d0ae119e68163ffcea6d3ee50fa738","transactionPosition":1,"type":"call"},{"action":{"from":"0x9dcd17433742f4c0ca53122ab541d0ba67fc27d0","callType":"delegatecall","gas":"0xea60","input":"0x00000000","to":"0x7dcd17433742f4c0ca53122ab541d0ba67fc27df","value":"0x0"},"blockHash":"0xf5de2a84c954882baa45ac90c79baa2a966ddf7d8ea14d8a87e1e17c449d123e","blockNumber":2,"result":{"gasUsed":"0x64b0","output":"0x"},"subtraces":0,"traceAddress":[4],"transactionHash":"0x55d219e322321525fb6d15c388d730e0f6d0ae119e68163ffcea6d3ee50fa738","transactionPosition":1,"type":"call"},{"action":{"from":"0x9dcd17433742f4c0ca53122ab541d0ba67fc27d0","callType":"callcode","gas":"0xea60","input":"0xff01","to":"0x9dcd17433742f4c0ca53122ab541d0ba67fc27d1","value":"0x0"},"blockHash":"0xf5de2a84c954882baa45ac90c79baa2a966ddf7d8ea14d8a87e1e17c449d123e","blockNumber":2,"result":{"gasUsed":"0x48","output":"0xffee"},"subtraces":0,"traceAddress":[5],"transactionHash":"0x55d219e322321525fb6d15c388d730e0f6d0ae119e68163ffcea6d3ee50fa738","transactionPosition":1,"type":"call"},{"action":{"from":"0x9dcd17433742f4c0ca53122ab541d0ba67fc27d0","creationMethod":"create","gas":"0x6a00f","init":"0x5b646368696c6460006000a133ff","value":"0x0"},"blockHash":"0xf5de2a84c954882baa45ac90c79baa2a966ddf7d8ea14d8a87e1e17c449d123e","blockNumber":2,"result":{"address":"0x2d303c5b7911d87d594bf1b31fbb9aa187888893","code":"0x","gasUsed":"0x1682"},"subtraces":1,"traceAddress":[6],"transactionHash":"0x55d219e322321525fb6d15c388d730e0f6d0ae119e68163ffcea6d3ee50fa738","transactionPosition":1,"type":"create"},{"action":{"address":"0x2d303c5b7911d87d594bf1b31fbb9aa187888893","refundAddress":"0x9dcd17433742f4c0ca53122ab541d0ba67fc27d0","balance":"0x0"},"blockHash":"0xf5de2a84c954882baa45ac90c79baa2a966ddf7d8ea14d8a87e1e17c449d123e","blockNumber":2,"result":null,"subtraces":0,"traceAddress":[6,0],"transactionHash":"0x55d219e322321525fb6d15c388d730e0f6d0ae119e68163ffcea6d3ee50fa738","transactionPosition":1,"type":"suicide"}]}
response differs from expected (-- client, ++ test):
{
  "id": 1,
  "jsonrpc": "2.0",
  "result": -- [] ++ {}
}


-- client launch (erigon_release)
sending engine_forkchoiceUpdatedV3: [map[finalizedBlockHash:0x9901db3a31e7004c45911fca4480b7dce86a4baeab819eb4959d7316f687d54c headBlockHash:0xf0b1510b2a9c8d4c4bd1ff2c578ddbffc04741aa06b3cc8680a343741ef15e84 safeBlockHash:0xf0b1510b2a9c8d4c4bd1ff2c578ddbffc04741aa06b3cc8680a343741ef15e84] <nil>]
response: map[payloadId:<nil> payloadStatus:map[latestValidHash:0xf0b1510b2a9c8d4c4bd1ff2c578ddbffc04741aa06b3cc8680a343741ef15e84 status:VALID validationError:<nil>]]


-- interop/_control/head (nethermind_development)
>>  {"jsonrpc": "2.0", "id": 1, "method": "eth_getBlockByNumber", "params": ["0x30", false]}
<<  {"jsonrpc":"2.0","result":{"difficulty":"0x0","extraData":"0x","gasLimit":"0x5f5e100","gasUsed":"0xf618","hash":"0xf0b1510b2a9c8d4c4bd1ff2c578ddbffc04741aa06b3cc8680a343741ef15e84","logsBloom":"0x00000000000000000000000000000000000000000000000000000000000000000000000000000000000000000000000000000000000000000000000000000000000000000000000000000000000000000000000000000000000000000000000000000000000000000000000000000000000000000000000000000000000000000000000000000000000000000000000000000000000000000000000000000000000000000000000000000000000000000000000000000000000000000000000000000000000000000000000000000000000000000000000000000000000000000000000000000000000000000000000000000000000000000000000000000000","miner":"0x0000000000000000000000000000000000000000","mixHash":"0x0000000000000000000000000000000000000000000000000000000000000000","nonce":"0x0000000000000000","number":"0x30","parentHash":"0xaede89efdac80ce5f55b93ee934eddc67b5c8a4282b18a86ca635d69234301f3","receiptsRoot":"0x4b7fefa97a453e0ee0cea1d51ca4ab3729f3a2a6a8388a5a3b13765eec3720b7","sha3Uncles":"0x1dcc4de8dec75d7aab85b567b6ccd41ad312451b948a7413f0a142fd40d49347","size":"0x3b8","stateRoot":"0xbce840ac9806ecb3d791bf55bfcfa9460ff3275996aff265fc75e2a2f3efdb26","timestamp":"0x1e0","baseFeePerGas":"0x199876","transactions":["0x8e96b39ab5e268215283ab40d65139edc6f281f4d79444b6b0a87861c5f8a1d5","0x7045e365111563c3f68594c54d9c4d7e3445f0cfc9671f68e8a0122f849f3f18","0xbe7d79a54b361c1515802fdf8e3843694b3a93350a9097b84c5582686c77163c"],"transactionsRoot":"0x3d96f46f0efae36059fcba93396d90ed19260e009e9dac0057a1d87e66dc17d0","uncles":[],"withdrawals":[],"withdrawalsRoot":"0x56e81f171bcc55a6ff8345e692c0f86e5b48e01b996cadc001622fb5e363b421","blobGasUsed":"0x0","excessBlobGas":"0x0","parentBeaconBlockRoot":"0x5b5b49487967b3b60bd859ba2fb13290c6eaf67e97e9f9f9dda935c08564b5f6","requestsHash":"0xe3b0c44298fc1c149afbf4c8996fb92427ae41e4649b934ca495991b7852b855"},"id":1}
response differs from expected (-- client, ++ test):
{
  "id": 1,
  "jsonrpc": "2.0",
  "result": {
    -- "baseFeePerGas": "0x199876",
    -- "blobGasUsed": "0x0",
    ++ "capture_only": true,
    -- "difficulty": "0x0",
    -- "excessBlobGas": "0x0",
    -- "extraData": "0x",
    -- "gasLimit": "0x5f5e100",
    -- "gasUsed": "0xf618",
    -- "hash": "0xf0b1510b2a9c8d4c4bd1ff2c578ddbffc04741aa06b3cc8680a343741ef15e84",
    -- "logsBloom": "0x00000000000000000000000000000000000000000000000000000000000000000000000000000000000000000000000000000000000000000000000000000000000000000000000000000000000000000000000000000000000000000000000000000000000000000000000000000000000000000000000000000000000000000000000000000000000000000000000000000000000000000000000000000000000000000000000000000000000000000000000000000000000000000000000000000000000000000000000000000000000000000000000000000000000000000000000000000000000000000000000000000000000000000000000000000000",
    -- "miner": "0x0000000000000000000000000000000000000000",
    -- "mixHash": "0x0000000000000000000000000000000000000000000000000000000000000000",
    -- "nonce": "0x0000000000000000",
    -- "number": "0x30",
    -- "parentBeaconBlockRoot": "0x5b5b49487967b3b60bd859ba2fb13290c6eaf67e97e9f9f9dda935c08564b5f6",
    -- "parentHash": "0xaede89efdac80ce5f55b93ee934eddc67b5c8a4282b18a86ca635d69234301f3",
    -- "receiptsRoot": "0x4b7fefa97a453e0ee0cea1d51ca4ab3729f3a2a6a8388a5a3b13765eec3720b7",
    -- "requestsHash": "0xe3b0c44298fc1c149afbf4c8996fb92427ae41e4649b934ca495991b7852b855",
    -- "sha3Uncles": "0x1dcc4de8dec75d7aab85b567b6ccd41ad312451b948a7413f0a142fd40d49347",
    -- "size": "0x3b8",
    -- "stateRoot": "0xbce840ac9806ecb3d791bf55bfcfa9460ff3275996aff265fc75e2a2f3efdb26",
    -- "timestamp": "0x1e0",
    -- "transactions": [
      -- "0x8e96b39ab5e268215283ab40d65139edc6f281f4d79444b6b0a87861c5f8a1d5",
      -- "0x7045e365111563c3f68594c54d9c4d7e3445f0cfc9671f68e8a0122f849f3f18",
      -- "0xbe7d79a54b361c1515802fdf8e3843694b3a93350a9097b84c5582686c77163c"
    -- ],
    -- "transactionsRoot": "0x3d96f46f0efae36059fcba93396d90ed19260e009e9dac0057a1d87e66dc17d0",
    -- "uncles": [],
    -- "withdrawals": [],
    -- "withdrawalsRoot": "0x56e81f171bcc55a6ff8345e692c0f86e5b48e01b996cadc001622fb5e363b421"
  }
}


-- interop/_control/version (nethermind_development)
>>  {"jsonrpc": "2.0", "id": 1, "method": "web3_clientVersion", "params": []}
<<  {"jsonrpc":"2.0","result":"Nethermind/v2.1.0-unstable+a404c4f0-f/linux-x64/dotnet10.0.12","id":1}
response differs from expected (-- client, ++ test):
{
  "id": 1,
  "jsonrpc": "2.0",
  "result": -- "Nethermind/v2.1.0-unstable+a404c4f0-f/linux-x64/dotnet10.0.12" ++ {}
}


-- interop/block-2 (nethermind_development)
>>  {"jsonrpc": "2.0", "id": 1, "method": "trace_block", "params": ["0x2"]}
<<  {"jsonrpc":"2.0","result":[{"action":{"callType":"call","from":"0x7435ed30a8b4aeb0877cef0c6e8cffe834eb865f","gas":"0x13488","input":"0x01","to":"0x9dcd17433742f4c0ca53122ab541d0ba67fc27d3","value":"0x0"},"blockHash":"0xf5de2a84c954882baa45ac90c79baa2a966ddf7d8ea14d8a87e1e17c449d123e","blockNumber":2,"subtraces":0,"traceAddress":[],"transactionHash":"0x827f578f78815feb24e5d992addb5d6d184958aad72d02c213271f4b4ac780ae","transactionPosition":0,"type":"call","error":"Reverted"},{"action":{"callType":"call","from":"0x7435ed30a8b4aeb0877cef0c6e8cffe834eb865f","gas":"0x8d5b8","input":"0x","to":"0x9dcd17433742f4c0ca53122ab541d0ba67fc27d0","value":"0x0"},"blockHash":"0xf5de2a84c954882baa45ac90c79baa2a966ddf7d8ea14d8a87e1e17c449d123e","blockNumber":2,"result":{"gasUsed":"0x2343f","output":"0xffee"},"subtraces":7,"traceAddress":[],"transactionHash":"0x55d219e322321525fb6d15c388d730e0f6d0ae119e68163ffcea6d3ee50fa738","transactionPosition":1,"type":"call"},{"action":{"callType":"call","from":"0x9dcd17433742f4c0ca53122ab541d0ba67fc27d0","gas":"0xf35c","input":"0xff01","to":"0x9dcd17433742f4c0ca53122ab541d0ba67fc27d1","value":"0x1"},"blockHash":"0xf5de2a84c954882baa45ac90c79baa2a966ddf7d8ea14d8a87e1e17c449d123e","blockNumber":2,"result":{"gasUsed":"0x48","output":"0xffee"},"subtraces":0,"traceAddress":[0],"transactionHash":"0x55d219e322321525fb6d15c388d730e0f6d0ae119e68163ffcea6d3ee50fa738","transactionPosition":1,"type":"call"},{"action":{"callType":"call","from":"0x9dcd17433742f4c0ca53122ab541d0ba67fc27d0","gas":"0xea60","input":"0x0000000000000000000000000000000000000000000000000000000000000001","to":"0x9dcd17433742f4c0ca53122ab541d0ba67fc27d3","value":"0x0"},"blockHash":"0xf5de2a84c954882baa45ac90c79baa2a966ddf7d8ea14d8a87e1e17c449d123e","blockNumber":2,"subtraces":0,"traceAddress":[1],"transactionHash":"0x55d219e322321525fb6d15c388d730e0f6d0ae119e68163ffcea6d3ee50fa738","transactionPosition":1,"type":"call","error":"Reverted"},{"action":{"callType":"staticcall","from":"0x9dcd17433742f4c0ca53122ab541d0ba67fc27d0","gas":"0xea60","input":"0x","to":"0x9dcd17433742f4c0ca53122ab541d0ba67fc27d2","value":"0x0"},"blockHash":"0xf5de2a84c954882baa45ac90c79baa2a966ddf7d8ea14d8a87e1e17c449d123e","blockNumber":2,"result":{"gasUsed":"0x7d","output":"0x0000000000000000000000000000000000000000000000000000000000000002000000000000000000000000000000000000000000000000000c72dd9d5e883e0000000000000000000000000000000000000000000000000000000000000000000000000000000000000000000000000000000000000000000000002da9cd6d00000000000000000000000000000000000000000000000000000000000000000000000000000000000000007435ed30a8b4aeb0877cef0c6e8cffe834eb865f0000000000000000000000000000000000000000000000000000000000000000"},"subtraces":0,"traceAddress":[2],"transactionHash":"0x55d219e322321525fb6d15c388d730e0f6d0ae119e68163ffcea6d3ee50fa738","transactionPosition":1,"type":"call"},{"action":{"callType":"staticcall","from":"0x9dcd17433742f4c0ca53122ab541d0ba67fc27d0","gas":"0xea60","input":"0x","to":"0x7dcd17433742f4c0ca53122ab541d0ba67fc27df","value":"0x0"},"blockHash":"0xf5de2a84c954882baa45ac90c79baa2a966ddf7d8ea14d8a87e1e17c449d123e","blockNumber":2,"subtraces":0,"traceAddress":[3],"transactionHash":"0x55d219e322321525fb6d15c388d730e0f6d0ae119e68163ffcea6d3ee50fa738","transactionPosition":1,"type":"call","error":"Static call violation"},{"action":{"callType":"delegatecall","from":"0x9dcd17433742f4c0ca53122ab541d0ba67fc27d0","gas":"0xea60","input":"0x00000000","to":"0x7dcd17433742f4c0ca53122ab541d0ba67fc27df","value":"0x0"},"blockHash":"0xf5de2a84c954882baa45ac90c79baa2a966ddf7d8ea14d8a87e1e17c449d123e","blockNumber":2,"result":{"gasUsed":"0x64b0","output":"0x"},"subtraces":0,"traceAddress":[4],"transactionHash":"0x55d219e322321525fb6d15c388d730e0f6d0ae119e68163ffcea6d3ee50fa738","transactionPosition":1,"type":"call"},{"action":{"callType":"callcode","from":"0x9dcd17433742f4c0ca53122ab541d0ba67fc27d0","gas":"0xea60","input":"0xff01","to":"0x9dcd17433742f4c0ca53122ab541d0ba67fc27d1","value":"0x0"},"blockHash":"0xf5de2a84c954882baa45ac90c79baa2a966ddf7d8ea14d8a87e1e17c449d123e","blockNumber":2,"result":{"gasUsed":"0x48","output":"0xffee"},"subtraces":0,"traceAddress":[5],"transactionHash":"0x55d219e322321525fb6d15c388d730e0f6d0ae119e68163ffcea6d3ee50fa738","transactionPosition":1,"type":"call"},{"action":{"creationMethod":"create","from":"0x9dcd17433742f4c0ca53122ab541d0ba67fc27d0","gas":"0x6a00f","init":"0x5b646368696c6460006000a133ff","value":"0x0"},"blockHash":"0xf5de2a84c954882baa45ac90c79baa2a966ddf7d8ea14d8a87e1e17c449d123e","blockNumber":2,"result":{"address":"0x2d303c5b7911d87d594bf1b31fbb9aa187888893","code":"0x","gasUsed":"0x1682"},"subtraces":1,"traceAddress":[6],"transactionHash":"0x55d219e322321525fb6d15c388d730e0f6d0ae119e68163ffcea6d3ee50fa738","transactionPosition":1,"type":"create"},{"action":{"address":"0x2d303c5b7911d87d594bf1b31fbb9aa187888893","balance":"0x0","refundAddress":"0x9dcd17433742f4c0ca53122ab541d0ba67fc27d0"},"blockHash":"0xf5de2a84c954882baa45ac90c79baa2a966ddf7d8ea14d8a87e1e17c449d123e","blockNumber":2,"subtraces":0,"traceAddress":[6,0],"transactionHash":"0x55d219e322321525fb6d15c388d730e0f6d0ae119e68163ffcea6d3ee50fa738","transactionPosition":1,"type":"suicide"},{"action":{"creationMethod":"create","from":"0x7435ed30a8b4aeb0877cef0c6e8cffe834eb865f","gas":"0x4b0e","init":"0x600d380380600d6000396000f336156009575f355f555b305f525f5460205260405ff3","value":"0x0"},"blockHash":"0xf5de2a84c954882baa45ac90c79baa2a966ddf7d8ea14d8a87e1e17c449d123e","blockNumber":2,"result":{"address":"0x4055cae5c7d838cda10d40f9d07106c7f5f3be1c","code":"0x36156009575f355f555b305f525f5460205260405ff3","gasUsed":"0x114d"},"subtraces":0,"traceAddress":[],"transactionHash":"0x512b5deddff16d21ebba7b730d935b4287dbb839e77eb05b37b34ce5eb229933","transactionPosition":2,"type":"create"},{"action":{"callType":"call","from":"0x7435ed30a8b4aeb0877cef0c6e8cffe834eb865f","gas":"0x0","input":"0x","to":"0x0000000000000000000000000000000000000000","value":"0x0"},"blockHash":"0xf5de2a84c954882baa45ac90c79baa2a966ddf7d8ea14d8a87e1e17c449d123e","blockNumber":2,"result":{"gasUsed":"0x0","output":"0x"},"subtraces":0,"traceAddress":[],"transactionHash":"0xb54bc1221b206db9ee0449a716ddde73c1e2d0f72d2e789fcb51230fe851cc8a","transactionPosition":3,"type":"call"},{"action":{"callType":"call","from":"0x7435ed30a8b4aeb0877cef0c6e8cffe834eb865f","gas":"0xbef8","input":"0x696e766f6b6564","to":"0xeda8645ba6948855e3b3cd596bbb07596d59c603","value":"0x0"},"blockHash":"0xf5de2a84c954882baa45ac90c79baa2a966ddf7d8ea14d8a87e1e17c449d123e","blockNumber":2,"result":{"gasUsed":"0x56ec","output":"0x000000000000000000000000eda8645ba6948855e3b3cd596bbb07596d59c603696e766f6b656400000000000000000000000000000000000000000000000000"},"subtraces":0,"traceAddress":[],"transactionHash":"0x4e0240fe2995f7a21013fbe4af0ad9330daac8c29008e22b7d71b4672357f014","transactionPosition":4,"type":"call"},{"action":{"author":"0x0000000000000000000000000000000000000000","rewardType":"block","value":"0x0"},"blockHash":"0xf5de2a84c954882baa45ac90c79baa2a966ddf7d8ea14d8a87e1e17c449d123e","blockNumber":2,"subtraces":0,"traceAddress":[],"type":"reward"}],"id":1}
response differs from expected (-- client, ++ test):
{
  "id": 1,
  "jsonrpc": "2.0",
  "result": -- [] ++ {}
}


-- interop/block-3 (nethermind_development)
>>  {"jsonrpc": "2.0", "id": 1, "method": "trace_block", "params": ["0x3"]}
<<  {"jsonrpc":"2.0","result":[{"action":{"callType":"call","from":"0x7435ed30a8b4aeb0877cef0c6e8cffe834eb865f","gas":"0x11ba0","input":"0xdc4c8669df128318656d6974","to":"0x7dcd17433742f4c0ca53122ab541d0ba67fc27df","value":"0x2"},"blockHash":"0x01ba2f0e16a94e375a460eb303af615daf77ddfac7cc9d9cef96f22a6a095364","blockNumber":3,"result":{"gasUsed":"0x54ac","output":"0x"},"subtraces":0,"traceAddress":[],"transactionHash":"0x4845366f3ccc487743b759a1d23f430b405e5e56cd50e1a77ce6c2124dcfe842","transactionPosition":0,"type":"call"},{"action":{"callType":"call","from":"0x7435ed30a8b4aeb0877cef0c6e8cffe834eb865f","gas":"0x11ba0","input":"0x3f446a7c4145b1f0656d6974","to":"0x7dcd17433742f4c0ca53122ab541d0ba67fc27df","value":"0x2"},"blockHash":"0x01ba2f0e16a94e375a460eb303af615daf77ddfac7cc9d9cef96f22a6a095364","blockNumber":3,"result":{"gasUsed":"0x5f9c","output":"0x"},"subtraces":0,"traceAddress":[],"transactionHash":"0xbc02888b29321d89ffec6d3796f1e0d5b182999c26cd6a8e49ccad72db305ae7","transactionPosition":1,"type":"call"},{"action":{"callType":"call","from":"0x7435ed30a8b4aeb0877cef0c6e8cffe834eb865f","gas":"0x11ba0","input":"0x96fd14b8fdcbd4a9656d6974","to":"0x7dcd17433742f4c0ca53122ab541d0ba67fc27df","value":"0x3"},"blockHash":"0x01ba2f0e16a94e375a460eb303af615daf77ddfac7cc9d9cef96f22a6a095364","blockNumber":3,"result":{"gasUsed":"0x5f9c","output":"0x"},"subtraces":0,"traceAddress":[],"transactionHash":"0xf02ed84381c81d780bc5a5198252284fe9e1cbd6b108573049a35957cc32bf2d","transactionPosition":2,"type":"call"},{"action":{"author":"0x0000000000000000000000000000000000000000","rewardType":"block","value":"0x0"},"blockHash":"0x01ba2f0e16a94e375a460eb303af615daf77ddfac7cc9d9cef96f22a6a095364","blockNumber":3,"subtraces":0,"traceAddress":[],"type":"reward"}],"id":1}
response differs from expected (-- client, ++ test):
{
  "id": 1,
  "jsonrpc": "2.0",
  "result": -- [] ++ {}
}


-- interop/filter-both-null (nethermind_development)
>>  {"jsonrpc": "2.0", "id": 1, "method": "trace_filter", "params": [{"fromBlock": "0x2", "toBlock": "0x2", "fromAddress": null, "toAddress": null}]}
<<  {"jsonrpc":"2.0","result":[{"action":{"callType":"call","from":"0x7435ed30a8b4aeb0877cef0c6e8cffe834eb865f","gas":"0x13488","input":"0x01","to":"0x9dcd17433742f4c0ca53122ab541d0ba67fc27d3","value":"0x0"},"blockHash":"0xf5de2a84c954882baa45ac90c79baa2a966ddf7d8ea14d8a87e1e17c449d123e","blockNumber":2,"subtraces":0,"traceAddress":[],"transactionHash":"0x827f578f78815feb24e5d992addb5d6d184958aad72d02c213271f4b4ac780ae","transactionPosition":0,"type":"call","error":"Reverted"},{"action":{"callType":"call","from":"0x7435ed30a8b4aeb0877cef0c6e8cffe834eb865f","gas":"0x8d5b8","input":"0x","to":"0x9dcd17433742f4c0ca53122ab541d0ba67fc27d0","value":"0x0"},"blockHash":"0xf5de2a84c954882baa45ac90c79baa2a966ddf7d8ea14d8a87e1e17c449d123e","blockNumber":2,"result":{"gasUsed":"0x2343f","output":"0xffee"},"subtraces":7,"traceAddress":[],"transactionHash":"0x55d219e322321525fb6d15c388d730e0f6d0ae119e68163ffcea6d3ee50fa738","transactionPosition":1,"type":"call"},{"action":{"callType":"call","from":"0x9dcd17433742f4c0ca53122ab541d0ba67fc27d0","gas":"0xf35c","input":"0xff01","to":"0x9dcd17433742f4c0ca53122ab541d0ba67fc27d1","value":"0x1"},"blockHash":"0xf5de2a84c954882baa45ac90c79baa2a966ddf7d8ea14d8a87e1e17c449d123e","blockNumber":2,"result":{"gasUsed":"0x48","output":"0xffee"},"subtraces":0,"traceAddress":[0],"transactionHash":"0x55d219e322321525fb6d15c388d730e0f6d0ae119e68163ffcea6d3ee50fa738","transactionPosition":1,"type":"call"},{"action":{"callType":"call","from":"0x9dcd17433742f4c0ca53122ab541d0ba67fc27d0","gas":"0xea60","input":"0x0000000000000000000000000000000000000000000000000000000000000001","to":"0x9dcd17433742f4c0ca53122ab541d0ba67fc27d3","value":"0x0"},"blockHash":"0xf5de2a84c954882baa45ac90c79baa2a966ddf7d8ea14d8a87e1e17c449d123e","blockNumber":2,"subtraces":0,"traceAddress":[1],"transactionHash":"0x55d219e322321525fb6d15c388d730e0f6d0ae119e68163ffcea6d3ee50fa738","transactionPosition":1,"type":"call","error":"Reverted"},{"action":{"callType":"staticcall","from":"0x9dcd17433742f4c0ca53122ab541d0ba67fc27d0","gas":"0xea60","input":"0x","to":"0x9dcd17433742f4c0ca53122ab541d0ba67fc27d2","value":"0x0"},"blockHash":"0xf5de2a84c954882baa45ac90c79baa2a966ddf7d8ea14d8a87e1e17c449d123e","blockNumber":2,"result":{"gasUsed":"0x7d","output":"0x0000000000000000000000000000000000000000000000000000000000000002000000000000000000000000000000000000000000000000000c72dd9d5e883e0000000000000000000000000000000000000000000000000000000000000000000000000000000000000000000000000000000000000000000000002da9cd6d00000000000000000000000000000000000000000000000000000000000000000000000000000000000000007435ed30a8b4aeb0877cef0c6e8cffe834eb865f0000000000000000000000000000000000000000000000000000000000000000"},"subtraces":0,"traceAddress":[2],"transactionHash":"0x55d219e322321525fb6d15c388d730e0f6d0ae119e68163ffcea6d3ee50fa738","transactionPosition":1,"type":"call"},{"action":{"callType":"staticcall","from":"0x9dcd17433742f4c0ca53122ab541d0ba67fc27d0","gas":"0xea60","input":"0x","to":"0x7dcd17433742f4c0ca53122ab541d0ba67fc27df","value":"0x0"},"blockHash":"0xf5de2a84c954882baa45ac90c79baa2a966ddf7d8ea14d8a87e1e17c449d123e","blockNumber":2,"subtraces":0,"traceAddress":[3],"transactionHash":"0x55d219e322321525fb6d15c388d730e0f6d0ae119e68163ffcea6d3ee50fa738","transactionPosition":1,"type":"call","error":"Static call violation"},{"action":{"callType":"delegatecall","from":"0x9dcd17433742f4c0ca53122ab541d0ba67fc27d0","gas":"0xea60","input":"0x00000000","to":"0x7dcd17433742f4c0ca53122ab541d0ba67fc27df","value":"0x0"},"blockHash":"0xf5de2a84c954882baa45ac90c79baa2a966ddf7d8ea14d8a87e1e17c449d123e","blockNumber":2,"result":{"gasUsed":"0x64b0","output":"0x"},"subtraces":0,"traceAddress":[4],"transactionHash":"0x55d219e322321525fb6d15c388d730e0f6d0ae119e68163ffcea6d3ee50fa738","transactionPosition":1,"type":"call"},{"action":{"callType":"callcode","from":"0x9dcd17433742f4c0ca53122ab541d0ba67fc27d0","gas":"0xea60","input":"0xff01","to":"0x9dcd17433742f4c0ca53122ab541d0ba67fc27d1","value":"0x0"},"blockHash":"0xf5de2a84c954882baa45ac90c79baa2a966ddf7d8ea14d8a87e1e17c449d123e","blockNumber":2,"result":{"gasUsed":"0x48","output":"0xffee"},"subtraces":0,"traceAddress":[5],"transactionHash":"0x55d219e322321525fb6d15c388d730e0f6d0ae119e68163ffcea6d3ee50fa738","transactionPosition":1,"type":"call"},{"action":{"creationMethod":"create","from":"0x9dcd17433742f4c0ca53122ab541d0ba67fc27d0","gas":"0x6a00f","init":"0x5b646368696c6460006000a133ff","value":"0x0"},"blockHash":"0xf5de2a84c954882baa45ac90c79baa2a966ddf7d8ea14d8a87e1e17c449d123e","blockNumber":2,"result":{"address":"0x2d303c5b7911d87d594bf1b31fbb9aa187888893","code":"0x","gasUsed":"0x1682"},"subtraces":1,"traceAddress":[6],"transactionHash":"0x55d219e322321525fb6d15c388d730e0f6d0ae119e68163ffcea6d3ee50fa738","transactionPosition":1,"type":"create"},{"action":{"address":"0x2d303c5b7911d87d594bf1b31fbb9aa187888893","balance":"0x0","refundAddress":"0x9dcd17433742f4c0ca53122ab541d0ba67fc27d0"},"blockHash":"0xf5de2a84c954882baa45ac90c79baa2a966ddf7d8ea14d8a87e1e17c449d123e","blockNumber":2,"subtraces":0,"traceAddress":[6,0],"transactionHash":"0x55d219e322321525fb6d15c388d730e0f6d0ae119e68163ffcea6d3ee50fa738","transactionPosition":1,"type":"suicide"},{"action":{"creationMethod":"create","from":"0x7435ed30a8b4aeb0877cef0c6e8cffe834eb865f","gas":"0x4b0e","init":"0x600d380380600d6000396000f336156009575f355f555b305f525f5460205260405ff3","value":"0x0"},"blockHash":"0xf5de2a84c954882baa45ac90c79baa2a966ddf7d8ea14d8a87e1e17c449d123e","blockNumber":2,"result":{"address":"0x4055cae5c7d838cda10d40f9d07106c7f5f3be1c","code":"0x36156009575f355f555b305f525f5460205260405ff3","gasUsed":"0x114d"},"subtraces":0,"traceAddress":[],"transactionHash":"0x512b5deddff16d21ebba7b730d935b4287dbb839e77eb05b37b34ce5eb229933","transactionPosition":2,"type":"create"},{"action":{"callType":"call","from":"0x7435ed30a8b4aeb0877cef0c6e8cffe834eb865f","gas":"0x0","input":"0x","to":"0x0000000000000000000000000000000000000000","value":"0x0"},"blockHash":"0xf5de2a84c954882baa45ac90c79baa2a966ddf7d8ea14d8a87e1e17c449d123e","blockNumber":2,"result":{"gasUsed":"0x0","output":"0x"},"subtraces":0,"traceAddress":[],"transactionHash":"0xb54bc1221b206db9ee0449a716ddde73c1e2d0f72d2e789fcb51230fe851cc8a","transactionPosition":3,"type":"call"},{"action":{"callType":"call","from":"0x7435ed30a8b4aeb0877cef0c6e8cffe834eb865f","gas":"0xbef8","input":"0x696e766f6b6564","to":"0xeda8645ba6948855e3b3cd596bbb07596d59c603","value":"0x0"},"blockHash":"0xf5de2a84c954882baa45ac90c79baa2a966ddf7d8ea14d8a87e1e17c449d123e","blockNumber":2,"result":{"gasUsed":"0x56ec","output":"0x000000000000000000000000eda8645ba6948855e3b3cd596bbb07596d59c603696e766f6b656400000000000000000000000000000000000000000000000000"},"subtraces":0,"traceAddress":[],"transactionHash":"0x4e0240fe2995f7a21013fbe4af0ad9330daac8c29008e22b7d71b4672357f014","transactionPosition":4,"type":"call"},{"action":{"author":"0x0000000000000000000000000000000000000000","rewardType":"block","value":"0x0"},"blockHash":"0xf5de2a84c954882baa45ac90c79baa2a966ddf7d8ea14d8a87e1e17c449d123e","blockNumber":2,"subtraces":0,"traceAddress":[],"type":"reward"}],"id":1}
response differs from expected (-- client, ++ test):
{
  "id": 1,
  "jsonrpc": "2.0",
  "result": -- [] ++ {}
}


-- interop/filter-both-unknown-mode (nethermind_development)
>>  {"jsonrpc": "2.0", "id": 1, "method": "trace_filter", "params": [{"fromBlock": "0x2", "toBlock": "0x2", "fromAddress": ["0x7435ed30a8b4aeb0877cef0c6e8cffe834eb865f"], "toAddress": ["0x9dcd17433742f4c0ca53122ab541d0ba67fc27d0"], "mode": "garbage"}]}
<<  {"jsonrpc":"2.0","result":[{"action":{"callType":"call","from":"0x7435ed30a8b4aeb0877cef0c6e8cffe834eb865f","gas":"0x8d5b8","input":"0x","to":"0x9dcd17433742f4c0ca53122ab541d0ba67fc27d0","value":"0x0"},"blockHash":"0xf5de2a84c954882baa45ac90c79baa2a966ddf7d8ea14d8a87e1e17c449d123e","blockNumber":2,"result":{"gasUsed":"0x2343f","output":"0xffee"},"subtraces":7,"traceAddress":[],"transactionHash":"0x55d219e322321525fb6d15c388d730e0f6d0ae119e68163ffcea6d3ee50fa738","transactionPosition":1,"type":"call"}],"id":1}
response differs from expected (-- client, ++ test):
{
  "id": 1,
  "jsonrpc": "2.0",
  "result": -- [] ++ {}
}


-- interop/filter-from-null (nethermind_development)
>>  {"jsonrpc": "2.0", "id": 1, "method": "trace_filter", "params": [{"fromBlock": "0x2", "toBlock": "0x2", "fromAddress": null}]}
<<  {"jsonrpc":"2.0","result":[{"action":{"callType":"call","from":"0x7435ed30a8b4aeb0877cef0c6e8cffe834eb865f","gas":"0x13488","input":"0x01","to":"0x9dcd17433742f4c0ca53122ab541d0ba67fc27d3","value":"0x0"},"blockHash":"0xf5de2a84c954882baa45ac90c79baa2a966ddf7d8ea14d8a87e1e17c449d123e","blockNumber":2,"subtraces":0,"traceAddress":[],"transactionHash":"0x827f578f78815feb24e5d992addb5d6d184958aad72d02c213271f4b4ac780ae","transactionPosition":0,"type":"call","error":"Reverted"},{"action":{"callType":"call","from":"0x7435ed30a8b4aeb0877cef0c6e8cffe834eb865f","gas":"0x8d5b8","input":"0x","to":"0x9dcd17433742f4c0ca53122ab541d0ba67fc27d0","value":"0x0"},"blockHash":"0xf5de2a84c954882baa45ac90c79baa2a966ddf7d8ea14d8a87e1e17c449d123e","blockNumber":2,"result":{"gasUsed":"0x2343f","output":"0xffee"},"subtraces":7,"traceAddress":[],"transactionHash":"0x55d219e322321525fb6d15c388d730e0f6d0ae119e68163ffcea6d3ee50fa738","transactionPosition":1,"type":"call"},{"action":{"callType":"call","from":"0x9dcd17433742f4c0ca53122ab541d0ba67fc27d0","gas":"0xf35c","input":"0xff01","to":"0x9dcd17433742f4c0ca53122ab541d0ba67fc27d1","value":"0x1"},"blockHash":"0xf5de2a84c954882baa45ac90c79baa2a966ddf7d8ea14d8a87e1e17c449d123e","blockNumber":2,"result":{"gasUsed":"0x48","output":"0xffee"},"subtraces":0,"traceAddress":[0],"transactionHash":"0x55d219e322321525fb6d15c388d730e0f6d0ae119e68163ffcea6d3ee50fa738","transactionPosition":1,"type":"call"},{"action":{"callType":"call","from":"0x9dcd17433742f4c0ca53122ab541d0ba67fc27d0","gas":"0xea60","input":"0x0000000000000000000000000000000000000000000000000000000000000001","to":"0x9dcd17433742f4c0ca53122ab541d0ba67fc27d3","value":"0x0"},"blockHash":"0xf5de2a84c954882baa45ac90c79baa2a966ddf7d8ea14d8a87e1e17c449d123e","blockNumber":2,"subtraces":0,"traceAddress":[1],"transactionHash":"0x55d219e322321525fb6d15c388d730e0f6d0ae119e68163ffcea6d3ee50fa738","transactionPosition":1,"type":"call","error":"Reverted"},{"action":{"callType":"staticcall","from":"0x9dcd17433742f4c0ca53122ab541d0ba67fc27d0","gas":"0xea60","input":"0x","to":"0x9dcd17433742f4c0ca53122ab541d0ba67fc27d2","value":"0x0"},"blockHash":"0xf5de2a84c954882baa45ac90c79baa2a966ddf7d8ea14d8a87e1e17c449d123e","blockNumber":2,"result":{"gasUsed":"0x7d","output":"0x0000000000000000000000000000000000000000000000000000000000000002000000000000000000000000000000000000000000000000000c72dd9d5e883e0000000000000000000000000000000000000000000000000000000000000000000000000000000000000000000000000000000000000000000000002da9cd6d00000000000000000000000000000000000000000000000000000000000000000000000000000000000000007435ed30a8b4aeb0877cef0c6e8cffe834eb865f0000000000000000000000000000000000000000000000000000000000000000"},"subtraces":0,"traceAddress":[2],"transactionHash":"0x55d219e322321525fb6d15c388d730e0f6d0ae119e68163ffcea6d3ee50fa738","transactionPosition":1,"type":"call"},{"action":{"callType":"staticcall","from":"0x9dcd17433742f4c0ca53122ab541d0ba67fc27d0","gas":"0xea60","input":"0x","to":"0x7dcd17433742f4c0ca53122ab541d0ba67fc27df","value":"0x0"},"blockHash":"0xf5de2a84c954882baa45ac90c79baa2a966ddf7d8ea14d8a87e1e17c449d123e","blockNumber":2,"subtraces":0,"traceAddress":[3],"transactionHash":"0x55d219e322321525fb6d15c388d730e0f6d0ae119e68163ffcea6d3ee50fa738","transactionPosition":1,"type":"call","error":"Static call violation"},{"action":{"callType":"delegatecall","from":"0x9dcd17433742f4c0ca53122ab541d0ba67fc27d0","gas":"0xea60","input":"0x00000000","to":"0x7dcd17433742f4c0ca53122ab541d0ba67fc27df","value":"0x0"},"blockHash":"0xf5de2a84c954882baa45ac90c79baa2a966ddf7d8ea14d8a87e1e17c449d123e","blockNumber":2,"result":{"gasUsed":"0x64b0","output":"0x"},"subtraces":0,"traceAddress":[4],"transactionHash":"0x55d219e322321525fb6d15c388d730e0f6d0ae119e68163ffcea6d3ee50fa738","transactionPosition":1,"type":"call"},{"action":{"callType":"callcode","from":"0x9dcd17433742f4c0ca53122ab541d0ba67fc27d0","gas":"0xea60","input":"0xff01","to":"0x9dcd17433742f4c0ca53122ab541d0ba67fc27d1","value":"0x0"},"blockHash":"0xf5de2a84c954882baa45ac90c79baa2a966ddf7d8ea14d8a87e1e17c449d123e","blockNumber":2,"result":{"gasUsed":"0x48","output":"0xffee"},"subtraces":0,"traceAddress":[5],"transactionHash":"0x55d219e322321525fb6d15c388d730e0f6d0ae119e68163ffcea6d3ee50fa738","transactionPosition":1,"type":"call"},{"action":{"creationMethod":"create","from":"0x9dcd17433742f4c0ca53122ab541d0ba67fc27d0","gas":"0x6a00f","init":"0x5b646368696c6460006000a133ff","value":"0x0"},"blockHash":"0xf5de2a84c954882baa45ac90c79baa2a966ddf7d8ea14d8a87e1e17c449d123e","blockNumber":2,"result":{"address":"0x2d303c5b7911d87d594bf1b31fbb9aa187888893","code":"0x","gasUsed":"0x1682"},"subtraces":1,"traceAddress":[6],"transactionHash":"0x55d219e322321525fb6d15c388d730e0f6d0ae119e68163ffcea6d3ee50fa738","transactionPosition":1,"type":"create"},{"action":{"address":"0x2d303c5b7911d87d594bf1b31fbb9aa187888893","balance":"0x0","refundAddress":"0x9dcd17433742f4c0ca53122ab541d0ba67fc27d0"},"blockHash":"0xf5de2a84c954882baa45ac90c79baa2a966ddf7d8ea14d8a87e1e17c449d123e","blockNumber":2,"subtraces":0,"traceAddress":[6,0],"transactionHash":"0x55d219e322321525fb6d15c388d730e0f6d0ae119e68163ffcea6d3ee50fa738","transactionPosition":1,"type":"suicide"},{"action":{"creationMethod":"create","from":"0x7435ed30a8b4aeb0877cef0c6e8cffe834eb865f","gas":"0x4b0e","init":"0x600d380380600d6000396000f336156009575f355f555b305f525f5460205260405ff3","value":"0x0"},"blockHash":"0xf5de2a84c954882baa45ac90c79baa2a966ddf7d8ea14d8a87e1e17c449d123e","blockNumber":2,"result":{"address":"0x4055cae5c7d838cda10d40f9d07106c7f5f3be1c","code":"0x36156009575f355f555b305f525f5460205260405ff3","gasUsed":"0x114d"},"subtraces":0,"traceAddress":[],"transactionHash":"0x512b5deddff16d21ebba7b730d935b4287dbb839e77eb05b37b34ce5eb229933","transactionPosition":2,"type":"create"},{"action":{"callType":"call","from":"0x7435ed30a8b4aeb0877cef0c6e8cffe834eb865f","gas":"0x0","input":"0x","to":"0x0000000000000000000000000000000000000000","value":"0x0"},"blockHash":"0xf5de2a84c954882baa45ac90c79baa2a966ddf7d8ea14d8a87e1e17c449d123e","blockNumber":2,"result":{"gasUsed":"0x0","output":"0x"},"subtraces":0,"traceAddress":[],"transactionHash":"0xb54bc1221b206db9ee0449a716ddde73c1e2d0f72d2e789fcb51230fe851cc8a","transactionPosition":3,"type":"call"},{"action":{"callType":"call","from":"0x7435ed30a8b4aeb0877cef0c6e8cffe834eb865f","gas":"0xbef8","input":"0x696e766f6b6564","to":"0xeda8645ba6948855e3b3cd596bbb07596d59c603","value":"0x0"},"blockHash":"0xf5de2a84c954882baa45ac90c79baa2a966ddf7d8ea14d8a87e1e17c449d123e","blockNumber":2,"result":{"gasUsed":"0x56ec","output":"0x000000000000000000000000eda8645ba6948855e3b3cd596bbb07596d59c603696e766f6b656400000000000000000000000000000000000000000000000000"},"subtraces":0,"traceAddress":[],"transactionHash":"0x4e0240fe2995f7a21013fbe4af0ad9330daac8c29008e22b7d71b4672357f014","transactionPosition":4,"type":"call"},{"action":{"author":"0x0000000000000000000000000000000000000000","rewardType":"block","value":"0x0"},"blockHash":"0xf5de2a84c954882baa45ac90c79baa2a966ddf7d8ea14d8a87e1e17c449d123e","blockNumber":2,"subtraces":0,"traceAddress":[],"type":"reward"}],"id":1}
response differs from expected (-- client, ++ test):
{
  "id": 1,
  "jsonrpc": "2.0",
  "result": -- [] ++ {}
}


-- interop/filter-from-only-intersection (nethermind_development)
>>  {"jsonrpc": "2.0", "id": 1, "method": "trace_filter", "params": [{"fromBlock": "0x2", "toBlock": "0x2", "fromAddress": ["0x7435ed30a8b4aeb0877cef0c6e8cffe834eb865f"], "mode": "intersection"}]}
<<  {"jsonrpc":"2.0","result":[{"action":{"callType":"call","from":"0x7435ed30a8b4aeb0877cef0c6e8cffe834eb865f","gas":"0x13488","input":"0x01","to":"0x9dcd17433742f4c0ca53122ab541d0ba67fc27d3","value":"0x0"},"blockHash":"0xf5de2a84c954882baa45ac90c79baa2a966ddf7d8ea14d8a87e1e17c449d123e","blockNumber":2,"subtraces":0,"traceAddress":[],"transactionHash":"0x827f578f78815feb24e5d992addb5d6d184958aad72d02c213271f4b4ac780ae","transactionPosition":0,"type":"call","error":"Reverted"},{"action":{"callType":"call","from":"0x7435ed30a8b4aeb0877cef0c6e8cffe834eb865f","gas":"0x8d5b8","input":"0x","to":"0x9dcd17433742f4c0ca53122ab541d0ba67fc27d0","value":"0x0"},"blockHash":"0xf5de2a84c954882baa45ac90c79baa2a966ddf7d8ea14d8a87e1e17c449d123e","blockNumber":2,"result":{"gasUsed":"0x2343f","output":"0xffee"},"subtraces":7,"traceAddress":[],"transactionHash":"0x55d219e322321525fb6d15c388d730e0f6d0ae119e68163ffcea6d3ee50fa738","transactionPosition":1,"type":"call"},{"action":{"creationMethod":"create","from":"0x7435ed30a8b4aeb0877cef0c6e8cffe834eb865f","gas":"0x4b0e","init":"0x600d380380600d6000396000f336156009575f355f555b305f525f5460205260405ff3","value":"0x0"},"blockHash":"0xf5de2a84c954882baa45ac90c79baa2a966ddf7d8ea14d8a87e1e17c449d123e","blockNumber":2,"result":{"address":"0x4055cae5c7d838cda10d40f9d07106c7f5f3be1c","code":"0x36156009575f355f555b305f525f5460205260405ff3","gasUsed":"0x114d"},"subtraces":0,"traceAddress":[],"transactionHash":"0x512b5deddff16d21ebba7b730d935b4287dbb839e77eb05b37b34ce5eb229933","transactionPosition":2,"type":"create"},{"action":{"callType":"call","from":"0x7435ed30a8b4aeb0877cef0c6e8cffe834eb865f","gas":"0x0","input":"0x","to":"0x0000000000000000000000000000000000000000","value":"0x0"},"blockHash":"0xf5de2a84c954882baa45ac90c79baa2a966ddf7d8ea14d8a87e1e17c449d123e","blockNumber":2,"result":{"gasUsed":"0x0","output":"0x"},"subtraces":0,"traceAddress":[],"transactionHash":"0xb54bc1221b206db9ee0449a716ddde73c1e2d0f72d2e789fcb51230fe851cc8a","transactionPosition":3,"type":"call"},{"action":{"callType":"call","from":"0x7435ed30a8b4aeb0877cef0c6e8cffe834eb865f","gas":"0xbef8","input":"0x696e766f6b6564","to":"0xeda8645ba6948855e3b3cd596bbb07596d59c603","value":"0x0"},"blockHash":"0xf5de2a84c954882baa45ac90c79baa2a966ddf7d8ea14d8a87e1e17c449d123e","blockNumber":2,"result":{"gasUsed":"0x56ec","output":"0x000000000000000000000000eda8645ba6948855e3b3cd596bbb07596d59c603696e766f6b656400000000000000000000000000000000000000000000000000"},"subtraces":0,"traceAddress":[],"transactionHash":"0x4e0240fe2995f7a21013fbe4af0ad9330daac8c29008e22b7d71b4672357f014","transactionPosition":4,"type":"call"}],"id":1}
response differs from expected (-- client, ++ test):
{
  "id": 1,
  "jsonrpc": "2.0",
  "result": -- [] ++ {}
}


-- interop/filter-from-only-union (nethermind_development)
>>  {"jsonrpc": "2.0", "id": 1, "method": "trace_filter", "params": [{"fromBlock": "0x2", "toBlock": "0x2", "fromAddress": ["0x7435ed30a8b4aeb0877cef0c6e8cffe834eb865f"], "mode": "union"}]}
<<  {"jsonrpc":"2.0","result":[{"action":{"callType":"call","from":"0x7435ed30a8b4aeb0877cef0c6e8cffe834eb865f","gas":"0x13488","input":"0x01","to":"0x9dcd17433742f4c0ca53122ab541d0ba67fc27d3","value":"0x0"},"blockHash":"0xf5de2a84c954882baa45ac90c79baa2a966ddf7d8ea14d8a87e1e17c449d123e","blockNumber":2,"subtraces":0,"traceAddress":[],"transactionHash":"0x827f578f78815feb24e5d992addb5d6d184958aad72d02c213271f4b4ac780ae","transactionPosition":0,"type":"call","error":"Reverted"},{"action":{"callType":"call","from":"0x7435ed30a8b4aeb0877cef0c6e8cffe834eb865f","gas":"0x8d5b8","input":"0x","to":"0x9dcd17433742f4c0ca53122ab541d0ba67fc27d0","value":"0x0"},"blockHash":"0xf5de2a84c954882baa45ac90c79baa2a966ddf7d8ea14d8a87e1e17c449d123e","blockNumber":2,"result":{"gasUsed":"0x2343f","output":"0xffee"},"subtraces":7,"traceAddress":[],"transactionHash":"0x55d219e322321525fb6d15c388d730e0f6d0ae119e68163ffcea6d3ee50fa738","transactionPosition":1,"type":"call"},{"action":{"creationMethod":"create","from":"0x7435ed30a8b4aeb0877cef0c6e8cffe834eb865f","gas":"0x4b0e","init":"0x600d380380600d6000396000f336156009575f355f555b305f525f5460205260405ff3","value":"0x0"},"blockHash":"0xf5de2a84c954882baa45ac90c79baa2a966ddf7d8ea14d8a87e1e17c449d123e","blockNumber":2,"result":{"address":"0x4055cae5c7d838cda10d40f9d07106c7f5f3be1c","code":"0x36156009575f355f555b305f525f5460205260405ff3","gasUsed":"0x114d"},"subtraces":0,"traceAddress":[],"transactionHash":"0x512b5deddff16d21ebba7b730d935b4287dbb839e77eb05b37b34ce5eb229933","transactionPosition":2,"type":"create"},{"action":{"callType":"call","from":"0x7435ed30a8b4aeb0877cef0c6e8cffe834eb865f","gas":"0x0","input":"0x","to":"0x0000000000000000000000000000000000000000","value":"0x0"},"blockHash":"0xf5de2a84c954882baa45ac90c79baa2a966ddf7d8ea14d8a87e1e17c449d123e","blockNumber":2,"result":{"gasUsed":"0x0","output":"0x"},"subtraces":0,"traceAddress":[],"transactionHash":"0xb54bc1221b206db9ee0449a716ddde73c1e2d0f72d2e789fcb51230fe851cc8a","transactionPosition":3,"type":"call"},{"action":{"callType":"call","from":"0x7435ed30a8b4aeb0877cef0c6e8cffe834eb865f","gas":"0xbef8","input":"0x696e766f6b6564","to":"0xeda8645ba6948855e3b3cd596bbb07596d59c603","value":"0x0"},"blockHash":"0xf5de2a84c954882baa45ac90c79baa2a966ddf7d8ea14d8a87e1e17c449d123e","blockNumber":2,"result":{"gasUsed":"0x56ec","output":"0x000000000000000000000000eda8645ba6948855e3b3cd596bbb07596d59c603696e766f6b656400000000000000000000000000000000000000000000000000"},"subtraces":0,"traceAddress":[],"transactionHash":"0x4e0240fe2995f7a21013fbe4af0ad9330daac8c29008e22b7d71b4672357f014","transactionPosition":4,"type":"call"}],"id":1}
response differs from expected (-- client, ++ test):
{
  "id": 1,
  "jsonrpc": "2.0",
  "result": -- [] ++ {}
}


-- interop/filter-to-null (nethermind_development)
>>  {"jsonrpc": "2.0", "id": 1, "method": "trace_filter", "params": [{"fromBlock": "0x2", "toBlock": "0x2", "toAddress": null}]}
<<  {"jsonrpc":"2.0","result":[{"action":{"callType":"call","from":"0x7435ed30a8b4aeb0877cef0c6e8cffe834eb865f","gas":"0x13488","input":"0x01","to":"0x9dcd17433742f4c0ca53122ab541d0ba67fc27d3","value":"0x0"},"blockHash":"0xf5de2a84c954882baa45ac90c79baa2a966ddf7d8ea14d8a87e1e17c449d123e","blockNumber":2,"subtraces":0,"traceAddress":[],"transactionHash":"0x827f578f78815feb24e5d992addb5d6d184958aad72d02c213271f4b4ac780ae","transactionPosition":0,"type":"call","error":"Reverted"},{"action":{"callType":"call","from":"0x7435ed30a8b4aeb0877cef0c6e8cffe834eb865f","gas":"0x8d5b8","input":"0x","to":"0x9dcd17433742f4c0ca53122ab541d0ba67fc27d0","value":"0x0"},"blockHash":"0xf5de2a84c954882baa45ac90c79baa2a966ddf7d8ea14d8a87e1e17c449d123e","blockNumber":2,"result":{"gasUsed":"0x2343f","output":"0xffee"},"subtraces":7,"traceAddress":[],"transactionHash":"0x55d219e322321525fb6d15c388d730e0f6d0ae119e68163ffcea6d3ee50fa738","transactionPosition":1,"type":"call"},{"action":{"callType":"call","from":"0x9dcd17433742f4c0ca53122ab541d0ba67fc27d0","gas":"0xf35c","input":"0xff01","to":"0x9dcd17433742f4c0ca53122ab541d0ba67fc27d1","value":"0x1"},"blockHash":"0xf5de2a84c954882baa45ac90c79baa2a966ddf7d8ea14d8a87e1e17c449d123e","blockNumber":2,"result":{"gasUsed":"0x48","output":"0xffee"},"subtraces":0,"traceAddress":[0],"transactionHash":"0x55d219e322321525fb6d15c388d730e0f6d0ae119e68163ffcea6d3ee50fa738","transactionPosition":1,"type":"call"},{"action":{"callType":"call","from":"0x9dcd17433742f4c0ca53122ab541d0ba67fc27d0","gas":"0xea60","input":"0x0000000000000000000000000000000000000000000000000000000000000001","to":"0x9dcd17433742f4c0ca53122ab541d0ba67fc27d3","value":"0x0"},"blockHash":"0xf5de2a84c954882baa45ac90c79baa2a966ddf7d8ea14d8a87e1e17c449d123e","blockNumber":2,"subtraces":0,"traceAddress":[1],"transactionHash":"0x55d219e322321525fb6d15c388d730e0f6d0ae119e68163ffcea6d3ee50fa738","transactionPosition":1,"type":"call","error":"Reverted"},{"action":{"callType":"staticcall","from":"0x9dcd17433742f4c0ca53122ab541d0ba67fc27d0","gas":"0xea60","input":"0x","to":"0x9dcd17433742f4c0ca53122ab541d0ba67fc27d2","value":"0x0"},"blockHash":"0xf5de2a84c954882baa45ac90c79baa2a966ddf7d8ea14d8a87e1e17c449d123e","blockNumber":2,"result":{"gasUsed":"0x7d","output":"0x0000000000000000000000000000000000000000000000000000000000000002000000000000000000000000000000000000000000000000000c72dd9d5e883e0000000000000000000000000000000000000000000000000000000000000000000000000000000000000000000000000000000000000000000000002da9cd6d00000000000000000000000000000000000000000000000000000000000000000000000000000000000000007435ed30a8b4aeb0877cef0c6e8cffe834eb865f0000000000000000000000000000000000000000000000000000000000000000"},"subtraces":0,"traceAddress":[2],"transactionHash":"0x55d219e322321525fb6d15c388d730e0f6d0ae119e68163ffcea6d3ee50fa738","transactionPosition":1,"type":"call"},{"action":{"callType":"staticcall","from":"0x9dcd17433742f4c0ca53122ab541d0ba67fc27d0","gas":"0xea60","input":"0x","to":"0x7dcd17433742f4c0ca53122ab541d0ba67fc27df","value":"0x0"},"blockHash":"0xf5de2a84c954882baa45ac90c79baa2a966ddf7d8ea14d8a87e1e17c449d123e","blockNumber":2,"subtraces":0,"traceAddress":[3],"transactionHash":"0x55d219e322321525fb6d15c388d730e0f6d0ae119e68163ffcea6d3ee50fa738","transactionPosition":1,"type":"call","error":"Static call violation"},{"action":{"callType":"delegatecall","from":"0x9dcd17433742f4c0ca53122ab541d0ba67fc27d0","gas":"0xea60","input":"0x00000000","to":"0x7dcd17433742f4c0ca53122ab541d0ba67fc27df","value":"0x0"},"blockHash":"0xf5de2a84c954882baa45ac90c79baa2a966ddf7d8ea14d8a87e1e17c449d123e","blockNumber":2,"result":{"gasUsed":"0x64b0","output":"0x"},"subtraces":0,"traceAddress":[4],"transactionHash":"0x55d219e322321525fb6d15c388d730e0f6d0ae119e68163ffcea6d3ee50fa738","transactionPosition":1,"type":"call"},{"action":{"callType":"callcode","from":"0x9dcd17433742f4c0ca53122ab541d0ba67fc27d0","gas":"0xea60","input":"0xff01","to":"0x9dcd17433742f4c0ca53122ab541d0ba67fc27d1","value":"0x0"},"blockHash":"0xf5de2a84c954882baa45ac90c79baa2a966ddf7d8ea14d8a87e1e17c449d123e","blockNumber":2,"result":{"gasUsed":"0x48","output":"0xffee"},"subtraces":0,"traceAddress":[5],"transactionHash":"0x55d219e322321525fb6d15c388d730e0f6d0ae119e68163ffcea6d3ee50fa738","transactionPosition":1,"type":"call"},{"action":{"creationMethod":"create","from":"0x9dcd17433742f4c0ca53122ab541d0ba67fc27d0","gas":"0x6a00f","init":"0x5b646368696c6460006000a133ff","value":"0x0"},"blockHash":"0xf5de2a84c954882baa45ac90c79baa2a966ddf7d8ea14d8a87e1e17c449d123e","blockNumber":2,"result":{"address":"0x2d303c5b7911d87d594bf1b31fbb9aa187888893","code":"0x","gasUsed":"0x1682"},"subtraces":1,"traceAddress":[6],"transactionHash":"0x55d219e322321525fb6d15c388d730e0f6d0ae119e68163ffcea6d3ee50fa738","transactionPosition":1,"type":"create"},{"action":{"address":"0x2d303c5b7911d87d594bf1b31fbb9aa187888893","balance":"0x0","refundAddress":"0x9dcd17433742f4c0ca53122ab541d0ba67fc27d0"},"blockHash":"0xf5de2a84c954882baa45ac90c79baa2a966ddf7d8ea14d8a87e1e17c449d123e","blockNumber":2,"subtraces":0,"traceAddress":[6,0],"transactionHash":"0x55d219e322321525fb6d15c388d730e0f6d0ae119e68163ffcea6d3ee50fa738","transactionPosition":1,"type":"suicide"},{"action":{"creationMethod":"create","from":"0x7435ed30a8b4aeb0877cef0c6e8cffe834eb865f","gas":"0x4b0e","init":"0x600d380380600d6000396000f336156009575f355f555b305f525f5460205260405ff3","value":"0x0"},"blockHash":"0xf5de2a84c954882baa45ac90c79baa2a966ddf7d8ea14d8a87e1e17c449d123e","blockNumber":2,"result":{"address":"0x4055cae5c7d838cda10d40f9d07106c7f5f3be1c","code":"0x36156009575f355f555b305f525f5460205260405ff3","gasUsed":"0x114d"},"subtraces":0,"traceAddress":[],"transactionHash":"0x512b5deddff16d21ebba7b730d935b4287dbb839e77eb05b37b34ce5eb229933","transactionPosition":2,"type":"create"},{"action":{"callType":"call","from":"0x7435ed30a8b4aeb0877cef0c6e8cffe834eb865f","gas":"0x0","input":"0x","to":"0x0000000000000000000000000000000000000000","value":"0x0"},"blockHash":"0xf5de2a84c954882baa45ac90c79baa2a966ddf7d8ea14d8a87e1e17c449d123e","blockNumber":2,"result":{"gasUsed":"0x0","output":"0x"},"subtraces":0,"traceAddress":[],"transactionHash":"0xb54bc1221b206db9ee0449a716ddde73c1e2d0f72d2e789fcb51230fe851cc8a","transactionPosition":3,"type":"call"},{"action":{"callType":"call","from":"0x7435ed30a8b4aeb0877cef0c6e8cffe834eb865f","gas":"0xbef8","input":"0x696e766f6b6564","to":"0xeda8645ba6948855e3b3cd596bbb07596d59c603","value":"0x0"},"blockHash":"0xf5de2a84c954882baa45ac90c79baa2a966ddf7d8ea14d8a87e1e17c449d123e","blockNumber":2,"result":{"gasUsed":"0x56ec","output":"0x000000000000000000000000eda8645ba6948855e3b3cd596bbb07596d59c603696e766f6b656400000000000000000000000000000000000000000000000000"},"subtraces":0,"traceAddress":[],"transactionHash":"0x4e0240fe2995f7a21013fbe4af0ad9330daac8c29008e22b7d71b4672357f014","transactionPosition":4,"type":"call"},{"action":{"author":"0x0000000000000000000000000000000000000000","rewardType":"block","value":"0x0"},"blockHash":"0xf5de2a84c954882baa45ac90c79baa2a966ddf7d8ea14d8a87e1e17c449d123e","blockNumber":2,"subtraces":0,"traceAddress":[],"type":"reward"}],"id":1}
response differs from expected (-- client, ++ test):
{
  "id": 1,
  "jsonrpc": "2.0",
  "result": -- [] ++ {}
}


-- interop/filter-to-only-intersection (nethermind_development)
>>  {"jsonrpc": "2.0", "id": 1, "method": "trace_filter", "params": [{"fromBlock": "0x2", "toBlock": "0x2", "toAddress": ["0x9dcd17433742f4c0ca53122ab541d0ba67fc27d0"], "mode": "intersection"}]}
<<  {"jsonrpc":"2.0","result":[{"action":{"callType":"call","from":"0x7435ed30a8b4aeb0877cef0c6e8cffe834eb865f","gas":"0x8d5b8","input":"0x","to":"0x9dcd17433742f4c0ca53122ab541d0ba67fc27d0","value":"0x0"},"blockHash":"0xf5de2a84c954882baa45ac90c79baa2a966ddf7d8ea14d8a87e1e17c449d123e","blockNumber":2,"result":{"gasUsed":"0x2343f","output":"0xffee"},"subtraces":7,"traceAddress":[],"transactionHash":"0x55d219e322321525fb6d15c388d730e0f6d0ae119e68163ffcea6d3ee50fa738","transactionPosition":1,"type":"call"},{"action":{"address":"0x2d303c5b7911d87d594bf1b31fbb9aa187888893","balance":"0x0","refundAddress":"0x9dcd17433742f4c0ca53122ab541d0ba67fc27d0"},"blockHash":"0xf5de2a84c954882baa45ac90c79baa2a966ddf7d8ea14d8a87e1e17c449d123e","blockNumber":2,"subtraces":0,"traceAddress":[6,0],"transactionHash":"0x55d219e322321525fb6d15c388d730e0f6d0ae119e68163ffcea6d3ee50fa738","transactionPosition":1,"type":"suicide"}],"id":1}
response differs from expected (-- client, ++ test):
{
  "id": 1,
  "jsonrpc": "2.0",
  "result": -- [] ++ {}
}


-- interop/filter-to-only-union (nethermind_development)
>>  {"jsonrpc": "2.0", "id": 1, "method": "trace_filter", "params": [{"fromBlock": "0x2", "toBlock": "0x2", "toAddress": ["0x9dcd17433742f4c0ca53122ab541d0ba67fc27d0"], "mode": "union"}]}
<<  {"jsonrpc":"2.0","result":[{"action":{"callType":"call","from":"0x7435ed30a8b4aeb0877cef0c6e8cffe834eb865f","gas":"0x8d5b8","input":"0x","to":"0x9dcd17433742f4c0ca53122ab541d0ba67fc27d0","value":"0x0"},"blockHash":"0xf5de2a84c954882baa45ac90c79baa2a966ddf7d8ea14d8a87e1e17c449d123e","blockNumber":2,"result":{"gasUsed":"0x2343f","output":"0xffee"},"subtraces":7,"traceAddress":[],"transactionHash":"0x55d219e322321525fb6d15c388d730e0f6d0ae119e68163ffcea6d3ee50fa738","transactionPosition":1,"type":"call"},{"action":{"address":"0x2d303c5b7911d87d594bf1b31fbb9aa187888893","balance":"0x0","refundAddress":"0x9dcd17433742f4c0ca53122ab541d0ba67fc27d0"},"blockHash":"0xf5de2a84c954882baa45ac90c79baa2a966ddf7d8ea14d8a87e1e17c449d123e","blockNumber":2,"subtraces":0,"traceAddress":[6,0],"transactionHash":"0x55d219e322321525fb6d15c388d730e0f6d0ae119e68163ffcea6d3ee50fa738","transactionPosition":1,"type":"suicide"}],"id":1}
response differs from expected (-- client, ++ test):
{
  "id": 1,
  "jsonrpc": "2.0",
  "result": -- [] ++ {}
}


-- interop/transaction-tree (nethermind_development)
>>  {"jsonrpc": "2.0", "id": 1, "method": "trace_transaction", "params": ["0x55d219e322321525fb6d15c388d730e0f6d0ae119e68163ffcea6d3ee50fa738"]}
<<  {"jsonrpc":"2.0","result":[{"action":{"callType":"call","from":"0x7435ed30a8b4aeb0877cef0c6e8cffe834eb865f","gas":"0x8d5b8","input":"0x","to":"0x9dcd17433742f4c0ca53122ab541d0ba67fc27d0","value":"0x0"},"blockHash":"0xf5de2a84c954882baa45ac90c79baa2a966ddf7d8ea14d8a87e1e17c449d123e","blockNumber":2,"result":{"gasUsed":"0x2343f","output":"0xffee"},"subtraces":7,"traceAddress":[],"transactionHash":"0x55d219e322321525fb6d15c388d730e0f6d0ae119e68163ffcea6d3ee50fa738","transactionPosition":1,"type":"call"},{"action":{"callType":"call","from":"0x9dcd17433742f4c0ca53122ab541d0ba67fc27d0","gas":"0xf35c","input":"0xff01","to":"0x9dcd17433742f4c0ca53122ab541d0ba67fc27d1","value":"0x1"},"blockHash":"0xf5de2a84c954882baa45ac90c79baa2a966ddf7d8ea14d8a87e1e17c449d123e","blockNumber":2,"result":{"gasUsed":"0x48","output":"0xffee"},"subtraces":0,"traceAddress":[0],"transactionHash":"0x55d219e322321525fb6d15c388d730e0f6d0ae119e68163ffcea6d3ee50fa738","transactionPosition":1,"type":"call"},{"action":{"callType":"call","from":"0x9dcd17433742f4c0ca53122ab541d0ba67fc27d0","gas":"0xea60","input":"0x0000000000000000000000000000000000000000000000000000000000000001","to":"0x9dcd17433742f4c0ca53122ab541d0ba67fc27d3","value":"0x0"},"blockHash":"0xf5de2a84c954882baa45ac90c79baa2a966ddf7d8ea14d8a87e1e17c449d123e","blockNumber":2,"subtraces":0,"traceAddress":[1],"transactionHash":"0x55d219e322321525fb6d15c388d730e0f6d0ae119e68163ffcea6d3ee50fa738","transactionPosition":1,"type":"call","error":"Reverted"},{"action":{"callType":"staticcall","from":"0x9dcd17433742f4c0ca53122ab541d0ba67fc27d0","gas":"0xea60","input":"0x","to":"0x9dcd17433742f4c0ca53122ab541d0ba67fc27d2","value":"0x0"},"blockHash":"0xf5de2a84c954882baa45ac90c79baa2a966ddf7d8ea14d8a87e1e17c449d123e","blockNumber":2,"result":{"gasUsed":"0x7d","output":"0x0000000000000000000000000000000000000000000000000000000000000002000000000000000000000000000000000000000000000000000c72dd9d5e883e0000000000000000000000000000000000000000000000000000000000000000000000000000000000000000000000000000000000000000000000002da9cd6d00000000000000000000000000000000000000000000000000000000000000000000000000000000000000007435ed30a8b4aeb0877cef0c6e8cffe834eb865f0000000000000000000000000000000000000000000000000000000000000000"},"subtraces":0,"traceAddress":[2],"transactionHash":"0x55d219e322321525fb6d15c388d730e0f6d0ae119e68163ffcea6d3ee50fa738","transactionPosition":1,"type":"call"},{"action":{"callType":"staticcall","from":"0x9dcd17433742f4c0ca53122ab541d0ba67fc27d0","gas":"0xea60","input":"0x","to":"0x7dcd17433742f4c0ca53122ab541d0ba67fc27df","value":"0x0"},"blockHash":"0xf5de2a84c954882baa45ac90c79baa2a966ddf7d8ea14d8a87e1e17c449d123e","blockNumber":2,"subtraces":0,"traceAddress":[3],"transactionHash":"0x55d219e322321525fb6d15c388d730e0f6d0ae119e68163ffcea6d3ee50fa738","transactionPosition":1,"type":"call","error":"Static call violation"},{"action":{"callType":"delegatecall","from":"0x9dcd17433742f4c0ca53122ab541d0ba67fc27d0","gas":"0xea60","input":"0x00000000","to":"0x7dcd17433742f4c0ca53122ab541d0ba67fc27df","value":"0x0"},"blockHash":"0xf5de2a84c954882baa45ac90c79baa2a966ddf7d8ea14d8a87e1e17c449d123e","blockNumber":2,"result":{"gasUsed":"0x64b0","output":"0x"},"subtraces":0,"traceAddress":[4],"transactionHash":"0x55d219e322321525fb6d15c388d730e0f6d0ae119e68163ffcea6d3ee50fa738","transactionPosition":1,"type":"call"},{"action":{"callType":"callcode","from":"0x9dcd17433742f4c0ca53122ab541d0ba67fc27d0","gas":"0xea60","input":"0xff01","to":"0x9dcd17433742f4c0ca53122ab541d0ba67fc27d1","value":"0x0"},"blockHash":"0xf5de2a84c954882baa45ac90c79baa2a966ddf7d8ea14d8a87e1e17c449d123e","blockNumber":2,"result":{"gasUsed":"0x48","output":"0xffee"},"subtraces":0,"traceAddress":[5],"transactionHash":"0x55d219e322321525fb6d15c388d730e0f6d0ae119e68163ffcea6d3ee50fa738","transactionPosition":1,"type":"call"},{"action":{"creationMethod":"create","from":"0x9dcd17433742f4c0ca53122ab541d0ba67fc27d0","gas":"0x6a00f","init":"0x5b646368696c6460006000a133ff","value":"0x0"},"blockHash":"0xf5de2a84c954882baa45ac90c79baa2a966ddf7d8ea14d8a87e1e17c449d123e","blockNumber":2,"result":{"address":"0x2d303c5b7911d87d594bf1b31fbb9aa187888893","code":"0x","gasUsed":"0x1682"},"subtraces":1,"traceAddress":[6],"transactionHash":"0x55d219e322321525fb6d15c388d730e0f6d0ae119e68163ffcea6d3ee50fa738","transactionPosition":1,"type":"create"},{"action":{"address":"0x2d303c5b7911d87d594bf1b31fbb9aa187888893","balance":"0x0","refundAddress":"0x9dcd17433742f4c0ca53122ab541d0ba67fc27d0"},"blockHash":"0xf5de2a84c954882baa45ac90c79baa2a966ddf7d8ea14d8a87e1e17c449d123e","blockNumber":2,"subtraces":0,"traceAddress":[6,0],"transactionHash":"0x55d219e322321525fb6d15c388d730e0f6d0ae119e68163ffcea6d3ee50fa738","transactionPosition":1,"type":"suicide"}],"id":1}
response differs from expected (-- client, ++ test):
{
  "id": 1,
  "jsonrpc": "2.0",
  "result": -- [] ++ {}
}


-- client launch (nethermind_development)
sending engine_forkchoiceUpdatedV3: [map[finalizedBlockHash:0x9901db3a31e7004c45911fca4480b7dce86a4baeab819eb4959d7316f687d54c headBlockHash:0xf0b1510b2a9c8d4c4bd1ff2c578ddbffc04741aa06b3cc8680a343741ef15e84 safeBlockHash:0xf0b1510b2a9c8d4c4bd1ff2c578ddbffc04741aa06b3cc8680a343741ef15e84] <nil>]
response: map[payloadId:<nil> payloadStatus:map[latestValidHash:0xf0b1510b2a9c8d4c4bd1ff2c578ddbffc04741aa06b3cc8680a343741ef15e84 status:VALID validationError:<nil>]]


-- interop/_control/head (nethermind_release)
>>  {"jsonrpc": "2.0", "id": 1, "method": "eth_getBlockByNumber", "params": ["0x30", false]}
<<  {"jsonrpc":"2.0","result":{"difficulty":"0x0","extraData":"0x","gasLimit":"0x5f5e100","gasUsed":"0xf618","hash":"0xf0b1510b2a9c8d4c4bd1ff2c578ddbffc04741aa06b3cc8680a343741ef15e84","logsBloom":"0x00000000000000000000000000000000000000000000000000000000000000000000000000000000000000000000000000000000000000000000000000000000000000000000000000000000000000000000000000000000000000000000000000000000000000000000000000000000000000000000000000000000000000000000000000000000000000000000000000000000000000000000000000000000000000000000000000000000000000000000000000000000000000000000000000000000000000000000000000000000000000000000000000000000000000000000000000000000000000000000000000000000000000000000000000000000","miner":"0x0000000000000000000000000000000000000000","mixHash":"0x0000000000000000000000000000000000000000000000000000000000000000","nonce":"0x0000000000000000","number":"0x30","parentHash":"0xaede89efdac80ce5f55b93ee934eddc67b5c8a4282b18a86ca635d69234301f3","receiptsRoot":"0x4b7fefa97a453e0ee0cea1d51ca4ab3729f3a2a6a8388a5a3b13765eec3720b7","sha3Uncles":"0x1dcc4de8dec75d7aab85b567b6ccd41ad312451b948a7413f0a142fd40d49347","size":"0x3b8","stateRoot":"0xbce840ac9806ecb3d791bf55bfcfa9460ff3275996aff265fc75e2a2f3efdb26","totalDifficulty":"0x20000","timestamp":"0x1e0","baseFeePerGas":"0x199876","transactions":["0x8e96b39ab5e268215283ab40d65139edc6f281f4d79444b6b0a87861c5f8a1d5","0x7045e365111563c3f68594c54d9c4d7e3445f0cfc9671f68e8a0122f849f3f18","0xbe7d79a54b361c1515802fdf8e3843694b3a93350a9097b84c5582686c77163c"],"transactionsRoot":"0x3d96f46f0efae36059fcba93396d90ed19260e009e9dac0057a1d87e66dc17d0","uncles":[],"withdrawals":[],"withdrawalsRoot":"0x56e81f171bcc55a6ff8345e692c0f86e5b48e01b996cadc001622fb5e363b421","blobGasUsed":"0x0","excessBlobGas":"0x0","parentBeaconBlockRoot":"0x5b5b49487967b3b60bd859ba2fb13290c6eaf67e97e9f9f9dda935c08564b5f6","requestsHash":"0xe3b0c44298fc1c149afbf4c8996fb92427ae41e4649b934ca495991b7852b855"},"id":1}
response differs from expected (-- client, ++ test):
{
  "id": 1,
  "jsonrpc": "2.0",
  "result": {
    -- "baseFeePerGas": "0x199876",
    -- "blobGasUsed": "0x0",
    ++ "capture_only": true,
    -- "difficulty": "0x0",
    -- "excessBlobGas": "0x0",
    -- "extraData": "0x",
    -- "gasLimit": "0x5f5e100",
    -- "gasUsed": "0xf618",
    -- "hash": "0xf0b1510b2a9c8d4c4bd1ff2c578ddbffc04741aa06b3cc8680a343741ef15e84",
    -- "logsBloom": "0x00000000000000000000000000000000000000000000000000000000000000000000000000000000000000000000000000000000000000000000000000000000000000000000000000000000000000000000000000000000000000000000000000000000000000000000000000000000000000000000000000000000000000000000000000000000000000000000000000000000000000000000000000000000000000000000000000000000000000000000000000000000000000000000000000000000000000000000000000000000000000000000000000000000000000000000000000000000000000000000000000000000000000000000000000000000",
    -- "miner": "0x0000000000000000000000000000000000000000",
    -- "mixHash": "0x0000000000000000000000000000000000000000000000000000000000000000",
    -- "nonce": "0x0000000000000000",
    -- "number": "0x30",
    -- "parentBeaconBlockRoot": "0x5b5b49487967b3b60bd859ba2fb13290c6eaf67e97e9f9f9dda935c08564b5f6",
    -- "parentHash": "0xaede89efdac80ce5f55b93ee934eddc67b5c8a4282b18a86ca635d69234301f3",
    -- "receiptsRoot": "0x4b7fefa97a453e0ee0cea1d51ca4ab3729f3a2a6a8388a5a3b13765eec3720b7",
    -- "requestsHash": "0xe3b0c44298fc1c149afbf4c8996fb92427ae41e4649b934ca495991b7852b855",
    -- "sha3Uncles": "0x1dcc4de8dec75d7aab85b567b6ccd41ad312451b948a7413f0a142fd40d49347",
    -- "size": "0x3b8",
    -- "stateRoot": "0xbce840ac9806ecb3d791bf55bfcfa9460ff3275996aff265fc75e2a2f3efdb26",
    -- "timestamp": "0x1e0",
    -- "totalDifficulty": "0x20000",
    -- "transactions": [
      -- "0x8e96b39ab5e268215283ab40d65139edc6f281f4d79444b6b0a87861c5f8a1d5",
      -- "0x7045e365111563c3f68594c54d9c4d7e3445f0cfc9671f68e8a0122f849f3f18",
      -- "0xbe7d79a54b361c1515802fdf8e3843694b3a93350a9097b84c5582686c77163c"
    -- ],
    -- "transactionsRoot": "0x3d96f46f0efae36059fcba93396d90ed19260e009e9dac0057a1d87e66dc17d0",
    -- "uncles": [],
    -- "withdrawals": [],
    -- "withdrawalsRoot": "0x56e81f171bcc55a6ff8345e692c0f86e5b48e01b996cadc001622fb5e363b421"
  }
}


-- interop/_control/version (nethermind_release)
>>  {"jsonrpc": "2.0", "id": 1, "method": "web3_clientVersion", "params": []}
<<  {"jsonrpc":"2.0","result":"Nethermind/v1.39.3+28cbe2a0/linux-x64/dotnet10.0.10","id":1}
response differs from expected (-- client, ++ test):
{
  "id": 1,
  "jsonrpc": "2.0",
  "result": -- "Nethermind/v1.39.3+28cbe2a0/linux-x64/dotnet10.0.10" ++ {}
}


-- interop/block-2 (nethermind_release)
>>  {"jsonrpc": "2.0", "id": 1, "method": "trace_block", "params": ["0x2"]}
<<  {"jsonrpc":"2.0","result":[{"action":{"callType":"call","from":"0x7435ed30a8b4aeb0877cef0c6e8cffe834eb865f","gas":"0x13488","input":"0x01","to":"0x9dcd17433742f4c0ca53122ab541d0ba67fc27d3","value":"0x0"},"blockHash":"0xf5de2a84c954882baa45ac90c79baa2a966ddf7d8ea14d8a87e1e17c449d123e","blockNumber":2,"subtraces":0,"traceAddress":[],"transactionHash":"0x827f578f78815feb24e5d992addb5d6d184958aad72d02c213271f4b4ac780ae","transactionPosition":0,"type":"call","error":"Reverted"},{"action":{"callType":"call","from":"0x7435ed30a8b4aeb0877cef0c6e8cffe834eb865f","gas":"0x8d5b8","input":"0x","to":"0x9dcd17433742f4c0ca53122ab541d0ba67fc27d0","value":"0x0"},"blockHash":"0xf5de2a84c954882baa45ac90c79baa2a966ddf7d8ea14d8a87e1e17c449d123e","blockNumber":2,"result":{"gasUsed":"0x2343f","output":"0xffee"},"subtraces":7,"traceAddress":[],"transactionHash":"0x55d219e322321525fb6d15c388d730e0f6d0ae119e68163ffcea6d3ee50fa738","transactionPosition":1,"type":"call"},{"action":{"callType":"call","from":"0x9dcd17433742f4c0ca53122ab541d0ba67fc27d0","gas":"0xf35c","input":"0xff01","to":"0x9dcd17433742f4c0ca53122ab541d0ba67fc27d1","value":"0x1"},"blockHash":"0xf5de2a84c954882baa45ac90c79baa2a966ddf7d8ea14d8a87e1e17c449d123e","blockNumber":2,"result":{"gasUsed":"0x48","output":"0xffee"},"subtraces":0,"traceAddress":[0],"transactionHash":"0x55d219e322321525fb6d15c388d730e0f6d0ae119e68163ffcea6d3ee50fa738","transactionPosition":1,"type":"call"},{"action":{"callType":"call","from":"0x9dcd17433742f4c0ca53122ab541d0ba67fc27d0","gas":"0xea60","input":"0x0000000000000000000000000000000000000000000000000000000000000001","to":"0x9dcd17433742f4c0ca53122ab541d0ba67fc27d3","value":"0x0"},"blockHash":"0xf5de2a84c954882baa45ac90c79baa2a966ddf7d8ea14d8a87e1e17c449d123e","blockNumber":2,"subtraces":0,"traceAddress":[1],"transactionHash":"0x55d219e322321525fb6d15c388d730e0f6d0ae119e68163ffcea6d3ee50fa738","transactionPosition":1,"type":"call","error":"Reverted"},{"action":{"callType":"staticcall","from":"0x9dcd17433742f4c0ca53122ab541d0ba67fc27d0","gas":"0xea60","input":"0x","to":"0x9dcd17433742f4c0ca53122ab541d0ba67fc27d2","value":"0x0"},"blockHash":"0xf5de2a84c954882baa45ac90c79baa2a966ddf7d8ea14d8a87e1e17c449d123e","blockNumber":2,"result":{"gasUsed":"0x7d","output":"0x0000000000000000000000000000000000000000000000000000000000000002000000000000000000000000000000000000000000000000000c72dd9d5e883e0000000000000000000000000000000000000000000000000000000000000000000000000000000000000000000000000000000000000000000000002da9cd6d00000000000000000000000000000000000000000000000000000000000000000000000000000000000000007435ed30a8b4aeb0877cef0c6e8cffe834eb865f0000000000000000000000000000000000000000000000000000000000000000"},"subtraces":0,"traceAddress":[2],"transactionHash":"0x55d219e322321525fb6d15c388d730e0f6d0ae119e68163ffcea6d3ee50fa738","transactionPosition":1,"type":"call"},{"action":{"callType":"staticcall","from":"0x9dcd17433742f4c0ca53122ab541d0ba67fc27d0","gas":"0xea60","input":"0x","to":"0x7dcd17433742f4c0ca53122ab541d0ba67fc27df","value":"0x0"},"blockHash":"0xf5de2a84c954882baa45ac90c79baa2a966ddf7d8ea14d8a87e1e17c449d123e","blockNumber":2,"subtraces":0,"traceAddress":[3],"transactionHash":"0x55d219e322321525fb6d15c388d730e0f6d0ae119e68163ffcea6d3ee50fa738","transactionPosition":1,"type":"call","error":"Static call violation"},{"action":{"callType":"delegatecall","from":"0x9dcd17433742f4c0ca53122ab541d0ba67fc27d0","gas":"0xea60","input":"0x00000000","to":"0x7dcd17433742f4c0ca53122ab541d0ba67fc27df","value":"0x0"},"blockHash":"0xf5de2a84c954882baa45ac90c79baa2a966ddf7d8ea14d8a87e1e17c449d123e","blockNumber":2,"result":{"gasUsed":"0x64b0","output":"0x"},"subtraces":0,"traceAddress":[4],"transactionHash":"0x55d219e322321525fb6d15c388d730e0f6d0ae119e68163ffcea6d3ee50fa738","transactionPosition":1,"type":"call"},{"action":{"callType":"callcode","from":"0x9dcd17433742f4c0ca53122ab541d0ba67fc27d0","gas":"0xea60","input":"0xff01","to":"0x9dcd17433742f4c0ca53122ab541d0ba67fc27d1","value":"0x0"},"blockHash":"0xf5de2a84c954882baa45ac90c79baa2a966ddf7d8ea14d8a87e1e17c449d123e","blockNumber":2,"result":{"gasUsed":"0x48","output":"0xffee"},"subtraces":0,"traceAddress":[5],"transactionHash":"0x55d219e322321525fb6d15c388d730e0f6d0ae119e68163ffcea6d3ee50fa738","transactionPosition":1,"type":"call"},{"action":{"creationMethod":"create","from":"0x9dcd17433742f4c0ca53122ab541d0ba67fc27d0","gas":"0x6a00f","init":"0x5b646368696c6460006000a133ff","value":"0x0"},"blockHash":"0xf5de2a84c954882baa45ac90c79baa2a966ddf7d8ea14d8a87e1e17c449d123e","blockNumber":2,"result":{"address":"0x2d303c5b7911d87d594bf1b31fbb9aa187888893","code":"0x","gasUsed":"0x1682"},"subtraces":1,"traceAddress":[6],"transactionHash":"0x55d219e322321525fb6d15c388d730e0f6d0ae119e68163ffcea6d3ee50fa738","transactionPosition":1,"type":"create"},{"action":{"address":"0x2d303c5b7911d87d594bf1b31fbb9aa187888893","balance":"0x0","refundAddress":"0x9dcd17433742f4c0ca53122ab541d0ba67fc27d0"},"blockHash":"0xf5de2a84c954882baa45ac90c79baa2a966ddf7d8ea14d8a87e1e17c449d123e","blockNumber":2,"subtraces":0,"traceAddress":[6,0],"transactionHash":"0x55d219e322321525fb6d15c388d730e0f6d0ae119e68163ffcea6d3ee50fa738","transactionPosition":1,"type":"suicide"},{"action":{"creationMethod":"create","from":"0x7435ed30a8b4aeb0877cef0c6e8cffe834eb865f","gas":"0x4b0e","init":"0x600d380380600d6000396000f336156009575f355f555b305f525f5460205260405ff3","value":"0x0"},"blockHash":"0xf5de2a84c954882baa45ac90c79baa2a966ddf7d8ea14d8a87e1e17c449d123e","blockNumber":2,"result":{"address":"0x4055cae5c7d838cda10d40f9d07106c7f5f3be1c","code":"0x36156009575f355f555b305f525f5460205260405ff3","gasUsed":"0x114d"},"subtraces":0,"traceAddress":[],"transactionHash":"0x512b5deddff16d21ebba7b730d935b4287dbb839e77eb05b37b34ce5eb229933","transactionPosition":2,"type":"create"},{"action":{"callType":"call","from":"0x7435ed30a8b4aeb0877cef0c6e8cffe834eb865f","gas":"0x0","input":"0x","to":"0x0000000000000000000000000000000000000000","value":"0x0"},"blockHash":"0xf5de2a84c954882baa45ac90c79baa2a966ddf7d8ea14d8a87e1e17c449d123e","blockNumber":2,"result":{"gasUsed":"0x0","output":"0x"},"subtraces":0,"traceAddress":[],"transactionHash":"0xb54bc1221b206db9ee0449a716ddde73c1e2d0f72d2e789fcb51230fe851cc8a","transactionPosition":3,"type":"call"},{"action":{"callType":"call","from":"0x7435ed30a8b4aeb0877cef0c6e8cffe834eb865f","gas":"0xbef8","input":"0x696e766f6b6564","to":"0xeda8645ba6948855e3b3cd596bbb07596d59c603","value":"0x0"},"blockHash":"0xf5de2a84c954882baa45ac90c79baa2a966ddf7d8ea14d8a87e1e17c449d123e","blockNumber":2,"result":{"gasUsed":"0x56ec","output":"0x000000000000000000000000eda8645ba6948855e3b3cd596bbb07596d59c603696e766f6b656400000000000000000000000000000000000000000000000000"},"subtraces":0,"traceAddress":[],"transactionHash":"0x4e0240fe2995f7a21013fbe4af0ad9330daac8c29008e22b7d71b4672357f014","transactionPosition":4,"type":"call"},{"action":{"author":"0x0000000000000000000000000000000000000000","rewardType":"block","value":"0x0"},"blockHash":"0xf5de2a84c954882baa45ac90c79baa2a966ddf7d8ea14d8a87e1e17c449d123e","blockNumber":2,"subtraces":0,"traceAddress":[],"type":"reward"}],"id":1}
response differs from expected (-- client, ++ test):
{
  "id": 1,
  "jsonrpc": "2.0",
  "result": -- [] ++ {}
}


-- interop/block-3 (nethermind_release)
>>  {"jsonrpc": "2.0", "id": 1, "method": "trace_block", "params": ["0x3"]}
<<  {"jsonrpc":"2.0","result":[{"action":{"callType":"call","from":"0x7435ed30a8b4aeb0877cef0c6e8cffe834eb865f","gas":"0x11ba0","input":"0xdc4c8669df128318656d6974","to":"0x7dcd17433742f4c0ca53122ab541d0ba67fc27df","value":"0x2"},"blockHash":"0x01ba2f0e16a94e375a460eb303af615daf77ddfac7cc9d9cef96f22a6a095364","blockNumber":3,"result":{"gasUsed":"0x54ac","output":"0x"},"subtraces":0,"traceAddress":[],"transactionHash":"0x4845366f3ccc487743b759a1d23f430b405e5e56cd50e1a77ce6c2124dcfe842","transactionPosition":0,"type":"call"},{"action":{"callType":"call","from":"0x7435ed30a8b4aeb0877cef0c6e8cffe834eb865f","gas":"0x11ba0","input":"0x3f446a7c4145b1f0656d6974","to":"0x7dcd17433742f4c0ca53122ab541d0ba67fc27df","value":"0x2"},"blockHash":"0x01ba2f0e16a94e375a460eb303af615daf77ddfac7cc9d9cef96f22a6a095364","blockNumber":3,"result":{"gasUsed":"0x5f9c","output":"0x"},"subtraces":0,"traceAddress":[],"transactionHash":"0xbc02888b29321d89ffec6d3796f1e0d5b182999c26cd6a8e49ccad72db305ae7","transactionPosition":1,"type":"call"},{"action":{"callType":"call","from":"0x7435ed30a8b4aeb0877cef0c6e8cffe834eb865f","gas":"0x11ba0","input":"0x96fd14b8fdcbd4a9656d6974","to":"0x7dcd17433742f4c0ca53122ab541d0ba67fc27df","value":"0x3"},"blockHash":"0x01ba2f0e16a94e375a460eb303af615daf77ddfac7cc9d9cef96f22a6a095364","blockNumber":3,"result":{"gasUsed":"0x5f9c","output":"0x"},"subtraces":0,"traceAddress":[],"transactionHash":"0xf02ed84381c81d780bc5a5198252284fe9e1cbd6b108573049a35957cc32bf2d","transactionPosition":2,"type":"call"},{"action":{"author":"0x0000000000000000000000000000000000000000","rewardType":"block","value":"0x0"},"blockHash":"0x01ba2f0e16a94e375a460eb303af615daf77ddfac7cc9d9cef96f22a6a095364","blockNumber":3,"subtraces":0,"traceAddress":[],"type":"reward"}],"id":1}
response differs from expected (-- client, ++ test):
{
  "id": 1,
  "jsonrpc": "2.0",
  "result": -- [] ++ {}
}


-- interop/filter-both-null (nethermind_release)
>>  {"jsonrpc": "2.0", "id": 1, "method": "trace_filter", "params": [{"fromBlock": "0x2", "toBlock": "0x2", "fromAddress": null, "toAddress": null}]}
<<  {"jsonrpc":"2.0","result":[{"action":{"callType":"call","from":"0x7435ed30a8b4aeb0877cef0c6e8cffe834eb865f","gas":"0x13488","input":"0x01","to":"0x9dcd17433742f4c0ca53122ab541d0ba67fc27d3","value":"0x0"},"blockHash":"0xf5de2a84c954882baa45ac90c79baa2a966ddf7d8ea14d8a87e1e17c449d123e","blockNumber":2,"subtraces":0,"traceAddress":[],"transactionHash":"0x827f578f78815feb24e5d992addb5d6d184958aad72d02c213271f4b4ac780ae","transactionPosition":0,"type":"call","error":"Reverted"},{"action":{"callType":"call","from":"0x7435ed30a8b4aeb0877cef0c6e8cffe834eb865f","gas":"0x8d5b8","input":"0x","to":"0x9dcd17433742f4c0ca53122ab541d0ba67fc27d0","value":"0x0"},"blockHash":"0xf5de2a84c954882baa45ac90c79baa2a966ddf7d8ea14d8a87e1e17c449d123e","blockNumber":2,"result":{"gasUsed":"0x2343f","output":"0xffee"},"subtraces":7,"traceAddress":[],"transactionHash":"0x55d219e322321525fb6d15c388d730e0f6d0ae119e68163ffcea6d3ee50fa738","transactionPosition":1,"type":"call"},{"action":{"callType":"call","from":"0x9dcd17433742f4c0ca53122ab541d0ba67fc27d0","gas":"0xf35c","input":"0xff01","to":"0x9dcd17433742f4c0ca53122ab541d0ba67fc27d1","value":"0x1"},"blockHash":"0xf5de2a84c954882baa45ac90c79baa2a966ddf7d8ea14d8a87e1e17c449d123e","blockNumber":2,"result":{"gasUsed":"0x48","output":"0xffee"},"subtraces":0,"traceAddress":[0],"transactionHash":"0x55d219e322321525fb6d15c388d730e0f6d0ae119e68163ffcea6d3ee50fa738","transactionPosition":1,"type":"call"},{"action":{"callType":"call","from":"0x9dcd17433742f4c0ca53122ab541d0ba67fc27d0","gas":"0xea60","input":"0x0000000000000000000000000000000000000000000000000000000000000001","to":"0x9dcd17433742f4c0ca53122ab541d0ba67fc27d3","value":"0x0"},"blockHash":"0xf5de2a84c954882baa45ac90c79baa2a966ddf7d8ea14d8a87e1e17c449d123e","blockNumber":2,"subtraces":0,"traceAddress":[1],"transactionHash":"0x55d219e322321525fb6d15c388d730e0f6d0ae119e68163ffcea6d3ee50fa738","transactionPosition":1,"type":"call","error":"Reverted"},{"action":{"callType":"staticcall","from":"0x9dcd17433742f4c0ca53122ab541d0ba67fc27d0","gas":"0xea60","input":"0x","to":"0x9dcd17433742f4c0ca53122ab541d0ba67fc27d2","value":"0x0"},"blockHash":"0xf5de2a84c954882baa45ac90c79baa2a966ddf7d8ea14d8a87e1e17c449d123e","blockNumber":2,"result":{"gasUsed":"0x7d","output":"0x0000000000000000000000000000000000000000000000000000000000000002000000000000000000000000000000000000000000000000000c72dd9d5e883e0000000000000000000000000000000000000000000000000000000000000000000000000000000000000000000000000000000000000000000000002da9cd6d00000000000000000000000000000000000000000000000000000000000000000000000000000000000000007435ed30a8b4aeb0877cef0c6e8cffe834eb865f0000000000000000000000000000000000000000000000000000000000000000"},"subtraces":0,"traceAddress":[2],"transactionHash":"0x55d219e322321525fb6d15c388d730e0f6d0ae119e68163ffcea6d3ee50fa738","transactionPosition":1,"type":"call"},{"action":{"callType":"staticcall","from":"0x9dcd17433742f4c0ca53122ab541d0ba67fc27d0","gas":"0xea60","input":"0x","to":"0x7dcd17433742f4c0ca53122ab541d0ba67fc27df","value":"0x0"},"blockHash":"0xf5de2a84c954882baa45ac90c79baa2a966ddf7d8ea14d8a87e1e17c449d123e","blockNumber":2,"subtraces":0,"traceAddress":[3],"transactionHash":"0x55d219e322321525fb6d15c388d730e0f6d0ae119e68163ffcea6d3ee50fa738","transactionPosition":1,"type":"call","error":"Static call violation"},{"action":{"callType":"delegatecall","from":"0x9dcd17433742f4c0ca53122ab541d0ba67fc27d0","gas":"0xea60","input":"0x00000000","to":"0x7dcd17433742f4c0ca53122ab541d0ba67fc27df","value":"0x0"},"blockHash":"0xf5de2a84c954882baa45ac90c79baa2a966ddf7d8ea14d8a87e1e17c449d123e","blockNumber":2,"result":{"gasUsed":"0x64b0","output":"0x"},"subtraces":0,"traceAddress":[4],"transactionHash":"0x55d219e322321525fb6d15c388d730e0f6d0ae119e68163ffcea6d3ee50fa738","transactionPosition":1,"type":"call"},{"action":{"callType":"callcode","from":"0x9dcd17433742f4c0ca53122ab541d0ba67fc27d0","gas":"0xea60","input":"0xff01","to":"0x9dcd17433742f4c0ca53122ab541d0ba67fc27d1","value":"0x0"},"blockHash":"0xf5de2a84c954882baa45ac90c79baa2a966ddf7d8ea14d8a87e1e17c449d123e","blockNumber":2,"result":{"gasUsed":"0x48","output":"0xffee"},"subtraces":0,"traceAddress":[5],"transactionHash":"0x55d219e322321525fb6d15c388d730e0f6d0ae119e68163ffcea6d3ee50fa738","transactionPosition":1,"type":"call"},{"action":{"creationMethod":"create","from":"0x9dcd17433742f4c0ca53122ab541d0ba67fc27d0","gas":"0x6a00f","init":"0x5b646368696c6460006000a133ff","value":"0x0"},"blockHash":"0xf5de2a84c954882baa45ac90c79baa2a966ddf7d8ea14d8a87e1e17c449d123e","blockNumber":2,"result":{"address":"0x2d303c5b7911d87d594bf1b31fbb9aa187888893","code":"0x","gasUsed":"0x1682"},"subtraces":1,"traceAddress":[6],"transactionHash":"0x55d219e322321525fb6d15c388d730e0f6d0ae119e68163ffcea6d3ee50fa738","transactionPosition":1,"type":"create"},{"action":{"address":"0x2d303c5b7911d87d594bf1b31fbb9aa187888893","balance":"0x0","refundAddress":"0x9dcd17433742f4c0ca53122ab541d0ba67fc27d0"},"blockHash":"0xf5de2a84c954882baa45ac90c79baa2a966ddf7d8ea14d8a87e1e17c449d123e","blockNumber":2,"subtraces":0,"traceAddress":[6,0],"transactionHash":"0x55d219e322321525fb6d15c388d730e0f6d0ae119e68163ffcea6d3ee50fa738","transactionPosition":1,"type":"suicide"},{"action":{"creationMethod":"create","from":"0x7435ed30a8b4aeb0877cef0c6e8cffe834eb865f","gas":"0x4b0e","init":"0x600d380380600d6000396000f336156009575f355f555b305f525f5460205260405ff3","value":"0x0"},"blockHash":"0xf5de2a84c954882baa45ac90c79baa2a966ddf7d8ea14d8a87e1e17c449d123e","blockNumber":2,"result":{"address":"0x4055cae5c7d838cda10d40f9d07106c7f5f3be1c","code":"0x36156009575f355f555b305f525f5460205260405ff3","gasUsed":"0x114d"},"subtraces":0,"traceAddress":[],"transactionHash":"0x512b5deddff16d21ebba7b730d935b4287dbb839e77eb05b37b34ce5eb229933","transactionPosition":2,"type":"create"},{"action":{"callType":"call","from":"0x7435ed30a8b4aeb0877cef0c6e8cffe834eb865f","gas":"0x0","input":"0x","to":"0x0000000000000000000000000000000000000000","value":"0x0"},"blockHash":"0xf5de2a84c954882baa45ac90c79baa2a966ddf7d8ea14d8a87e1e17c449d123e","blockNumber":2,"result":{"gasUsed":"0x0","output":"0x"},"subtraces":0,"traceAddress":[],"transactionHash":"0xb54bc1221b206db9ee0449a716ddde73c1e2d0f72d2e789fcb51230fe851cc8a","transactionPosition":3,"type":"call"},{"action":{"callType":"call","from":"0x7435ed30a8b4aeb0877cef0c6e8cffe834eb865f","gas":"0xbef8","input":"0x696e766f6b6564","to":"0xeda8645ba6948855e3b3cd596bbb07596d59c603","value":"0x0"},"blockHash":"0xf5de2a84c954882baa45ac90c79baa2a966ddf7d8ea14d8a87e1e17c449d123e","blockNumber":2,"result":{"gasUsed":"0x56ec","output":"0x000000000000000000000000eda8645ba6948855e3b3cd596bbb07596d59c603696e766f6b656400000000000000000000000000000000000000000000000000"},"subtraces":0,"traceAddress":[],"transactionHash":"0x4e0240fe2995f7a21013fbe4af0ad9330daac8c29008e22b7d71b4672357f014","transactionPosition":4,"type":"call"},{"action":{"author":"0x0000000000000000000000000000000000000000","rewardType":"block","value":"0x0"},"blockHash":"0xf5de2a84c954882baa45ac90c79baa2a966ddf7d8ea14d8a87e1e17c449d123e","blockNumber":2,"subtraces":0,"traceAddress":[],"type":"reward"}],"id":1}
response differs from expected (-- client, ++ test):
{
  "id": 1,
  "jsonrpc": "2.0",
  "result": -- [] ++ {}
}


-- interop/filter-both-unknown-mode (nethermind_release)
>>  {"jsonrpc": "2.0", "id": 1, "method": "trace_filter", "params": [{"fromBlock": "0x2", "toBlock": "0x2", "fromAddress": ["0x7435ed30a8b4aeb0877cef0c6e8cffe834eb865f"], "toAddress": ["0x9dcd17433742f4c0ca53122ab541d0ba67fc27d0"], "mode": "garbage"}]}
<<  {"jsonrpc":"2.0","result":[{"action":{"callType":"call","from":"0x7435ed30a8b4aeb0877cef0c6e8cffe834eb865f","gas":"0x8d5b8","input":"0x","to":"0x9dcd17433742f4c0ca53122ab541d0ba67fc27d0","value":"0x0"},"blockHash":"0xf5de2a84c954882baa45ac90c79baa2a966ddf7d8ea14d8a87e1e17c449d123e","blockNumber":2,"result":{"gasUsed":"0x2343f","output":"0xffee"},"subtraces":7,"traceAddress":[],"transactionHash":"0x55d219e322321525fb6d15c388d730e0f6d0ae119e68163ffcea6d3ee50fa738","transactionPosition":1,"type":"call"}],"id":1}
response differs from expected (-- client, ++ test):
{
  "id": 1,
  "jsonrpc": "2.0",
  "result": -- [] ++ {}
}


-- interop/filter-from-null (nethermind_release)
>>  {"jsonrpc": "2.0", "id": 1, "method": "trace_filter", "params": [{"fromBlock": "0x2", "toBlock": "0x2", "fromAddress": null}]}
<<  {"jsonrpc":"2.0","result":[{"action":{"callType":"call","from":"0x7435ed30a8b4aeb0877cef0c6e8cffe834eb865f","gas":"0x13488","input":"0x01","to":"0x9dcd17433742f4c0ca53122ab541d0ba67fc27d3","value":"0x0"},"blockHash":"0xf5de2a84c954882baa45ac90c79baa2a966ddf7d8ea14d8a87e1e17c449d123e","blockNumber":2,"subtraces":0,"traceAddress":[],"transactionHash":"0x827f578f78815feb24e5d992addb5d6d184958aad72d02c213271f4b4ac780ae","transactionPosition":0,"type":"call","error":"Reverted"},{"action":{"callType":"call","from":"0x7435ed30a8b4aeb0877cef0c6e8cffe834eb865f","gas":"0x8d5b8","input":"0x","to":"0x9dcd17433742f4c0ca53122ab541d0ba67fc27d0","value":"0x0"},"blockHash":"0xf5de2a84c954882baa45ac90c79baa2a966ddf7d8ea14d8a87e1e17c449d123e","blockNumber":2,"result":{"gasUsed":"0x2343f","output":"0xffee"},"subtraces":7,"traceAddress":[],"transactionHash":"0x55d219e322321525fb6d15c388d730e0f6d0ae119e68163ffcea6d3ee50fa738","transactionPosition":1,"type":"call"},{"action":{"callType":"call","from":"0x9dcd17433742f4c0ca53122ab541d0ba67fc27d0","gas":"0xf35c","input":"0xff01","to":"0x9dcd17433742f4c0ca53122ab541d0ba67fc27d1","value":"0x1"},"blockHash":"0xf5de2a84c954882baa45ac90c79baa2a966ddf7d8ea14d8a87e1e17c449d123e","blockNumber":2,"result":{"gasUsed":"0x48","output":"0xffee"},"subtraces":0,"traceAddress":[0],"transactionHash":"0x55d219e322321525fb6d15c388d730e0f6d0ae119e68163ffcea6d3ee50fa738","transactionPosition":1,"type":"call"},{"action":{"callType":"call","from":"0x9dcd17433742f4c0ca53122ab541d0ba67fc27d0","gas":"0xea60","input":"0x0000000000000000000000000000000000000000000000000000000000000001","to":"0x9dcd17433742f4c0ca53122ab541d0ba67fc27d3","value":"0x0"},"blockHash":"0xf5de2a84c954882baa45ac90c79baa2a966ddf7d8ea14d8a87e1e17c449d123e","blockNumber":2,"subtraces":0,"traceAddress":[1],"transactionHash":"0x55d219e322321525fb6d15c388d730e0f6d0ae119e68163ffcea6d3ee50fa738","transactionPosition":1,"type":"call","error":"Reverted"},{"action":{"callType":"staticcall","from":"0x9dcd17433742f4c0ca53122ab541d0ba67fc27d0","gas":"0xea60","input":"0x","to":"0x9dcd17433742f4c0ca53122ab541d0ba67fc27d2","value":"0x0"},"blockHash":"0xf5de2a84c954882baa45ac90c79baa2a966ddf7d8ea14d8a87e1e17c449d123e","blockNumber":2,"result":{"gasUsed":"0x7d","output":"0x0000000000000000000000000000000000000000000000000000000000000002000000000000000000000000000000000000000000000000000c72dd9d5e883e0000000000000000000000000000000000000000000000000000000000000000000000000000000000000000000000000000000000000000000000002da9cd6d00000000000000000000000000000000000000000000000000000000000000000000000000000000000000007435ed30a8b4aeb0877cef0c6e8cffe834eb865f0000000000000000000000000000000000000000000000000000000000000000"},"subtraces":0,"traceAddress":[2],"transactionHash":"0x55d219e322321525fb6d15c388d730e0f6d0ae119e68163ffcea6d3ee50fa738","transactionPosition":1,"type":"call"},{"action":{"callType":"staticcall","from":"0x9dcd17433742f4c0ca53122ab541d0ba67fc27d0","gas":"0xea60","input":"0x","to":"0x7dcd17433742f4c0ca53122ab541d0ba67fc27df","value":"0x0"},"blockHash":"0xf5de2a84c954882baa45ac90c79baa2a966ddf7d8ea14d8a87e1e17c449d123e","blockNumber":2,"subtraces":0,"traceAddress":[3],"transactionHash":"0x55d219e322321525fb6d15c388d730e0f6d0ae119e68163ffcea6d3ee50fa738","transactionPosition":1,"type":"call","error":"Static call violation"},{"action":{"callType":"delegatecall","from":"0x9dcd17433742f4c0ca53122ab541d0ba67fc27d0","gas":"0xea60","input":"0x00000000","to":"0x7dcd17433742f4c0ca53122ab541d0ba67fc27df","value":"0x0"},"blockHash":"0xf5de2a84c954882baa45ac90c79baa2a966ddf7d8ea14d8a87e1e17c449d123e","blockNumber":2,"result":{"gasUsed":"0x64b0","output":"0x"},"subtraces":0,"traceAddress":[4],"transactionHash":"0x55d219e322321525fb6d15c388d730e0f6d0ae119e68163ffcea6d3ee50fa738","transactionPosition":1,"type":"call"},{"action":{"callType":"callcode","from":"0x9dcd17433742f4c0ca53122ab541d0ba67fc27d0","gas":"0xea60","input":"0xff01","to":"0x9dcd17433742f4c0ca53122ab541d0ba67fc27d1","value":"0x0"},"blockHash":"0xf5de2a84c954882baa45ac90c79baa2a966ddf7d8ea14d8a87e1e17c449d123e","blockNumber":2,"result":{"gasUsed":"0x48","output":"0xffee"},"subtraces":0,"traceAddress":[5],"transactionHash":"0x55d219e322321525fb6d15c388d730e0f6d0ae119e68163ffcea6d3ee50fa738","transactionPosition":1,"type":"call"},{"action":{"creationMethod":"create","from":"0x9dcd17433742f4c0ca53122ab541d0ba67fc27d0","gas":"0x6a00f","init":"0x5b646368696c6460006000a133ff","value":"0x0"},"blockHash":"0xf5de2a84c954882baa45ac90c79baa2a966ddf7d8ea14d8a87e1e17c449d123e","blockNumber":2,"result":{"address":"0x2d303c5b7911d87d594bf1b31fbb9aa187888893","code":"0x","gasUsed":"0x1682"},"subtraces":1,"traceAddress":[6],"transactionHash":"0x55d219e322321525fb6d15c388d730e0f6d0ae119e68163ffcea6d3ee50fa738","transactionPosition":1,"type":"create"},{"action":{"address":"0x2d303c5b7911d87d594bf1b31fbb9aa187888893","balance":"0x0","refundAddress":"0x9dcd17433742f4c0ca53122ab541d0ba67fc27d0"},"blockHash":"0xf5de2a84c954882baa45ac90c79baa2a966ddf7d8ea14d8a87e1e17c449d123e","blockNumber":2,"subtraces":0,"traceAddress":[6,0],"transactionHash":"0x55d219e322321525fb6d15c388d730e0f6d0ae119e68163ffcea6d3ee50fa738","transactionPosition":1,"type":"suicide"},{"action":{"creationMethod":"create","from":"0x7435ed30a8b4aeb0877cef0c6e8cffe834eb865f","gas":"0x4b0e","init":"0x600d380380600d6000396000f336156009575f355f555b305f525f5460205260405ff3","value":"0x0"},"blockHash":"0xf5de2a84c954882baa45ac90c79baa2a966ddf7d8ea14d8a87e1e17c449d123e","blockNumber":2,"result":{"address":"0x4055cae5c7d838cda10d40f9d07106c7f5f3be1c","code":"0x36156009575f355f555b305f525f5460205260405ff3","gasUsed":"0x114d"},"subtraces":0,"traceAddress":[],"transactionHash":"0x512b5deddff16d21ebba7b730d935b4287dbb839e77eb05b37b34ce5eb229933","transactionPosition":2,"type":"create"},{"action":{"callType":"call","from":"0x7435ed30a8b4aeb0877cef0c6e8cffe834eb865f","gas":"0x0","input":"0x","to":"0x0000000000000000000000000000000000000000","value":"0x0"},"blockHash":"0xf5de2a84c954882baa45ac90c79baa2a966ddf7d8ea14d8a87e1e17c449d123e","blockNumber":2,"result":{"gasUsed":"0x0","output":"0x"},"subtraces":0,"traceAddress":[],"transactionHash":"0xb54bc1221b206db9ee0449a716ddde73c1e2d0f72d2e789fcb51230fe851cc8a","transactionPosition":3,"type":"call"},{"action":{"callType":"call","from":"0x7435ed30a8b4aeb0877cef0c6e8cffe834eb865f","gas":"0xbef8","input":"0x696e766f6b6564","to":"0xeda8645ba6948855e3b3cd596bbb07596d59c603","value":"0x0"},"blockHash":"0xf5de2a84c954882baa45ac90c79baa2a966ddf7d8ea14d8a87e1e17c449d123e","blockNumber":2,"result":{"gasUsed":"0x56ec","output":"0x000000000000000000000000eda8645ba6948855e3b3cd596bbb07596d59c603696e766f6b656400000000000000000000000000000000000000000000000000"},"subtraces":0,"traceAddress":[],"transactionHash":"0x4e0240fe2995f7a21013fbe4af0ad9330daac8c29008e22b7d71b4672357f014","transactionPosition":4,"type":"call"},{"action":{"author":"0x0000000000000000000000000000000000000000","rewardType":"block","value":"0x0"},"blockHash":"0xf5de2a84c954882baa45ac90c79baa2a966ddf7d8ea14d8a87e1e17c449d123e","blockNumber":2,"subtraces":0,"traceAddress":[],"type":"reward"}],"id":1}
response differs from expected (-- client, ++ test):
{
  "id": 1,
  "jsonrpc": "2.0",
  "result": -- [] ++ {}
}


-- interop/filter-from-only-intersection (nethermind_release)
>>  {"jsonrpc": "2.0", "id": 1, "method": "trace_filter", "params": [{"fromBlock": "0x2", "toBlock": "0x2", "fromAddress": ["0x7435ed30a8b4aeb0877cef0c6e8cffe834eb865f"], "mode": "intersection"}]}
<<  {"jsonrpc":"2.0","result":[{"action":{"callType":"call","from":"0x7435ed30a8b4aeb0877cef0c6e8cffe834eb865f","gas":"0x13488","input":"0x01","to":"0x9dcd17433742f4c0ca53122ab541d0ba67fc27d3","value":"0x0"},"blockHash":"0xf5de2a84c954882baa45ac90c79baa2a966ddf7d8ea14d8a87e1e17c449d123e","blockNumber":2,"subtraces":0,"traceAddress":[],"transactionHash":"0x827f578f78815feb24e5d992addb5d6d184958aad72d02c213271f4b4ac780ae","transactionPosition":0,"type":"call","error":"Reverted"},{"action":{"callType":"call","from":"0x7435ed30a8b4aeb0877cef0c6e8cffe834eb865f","gas":"0x8d5b8","input":"0x","to":"0x9dcd17433742f4c0ca53122ab541d0ba67fc27d0","value":"0x0"},"blockHash":"0xf5de2a84c954882baa45ac90c79baa2a966ddf7d8ea14d8a87e1e17c449d123e","blockNumber":2,"result":{"gasUsed":"0x2343f","output":"0xffee"},"subtraces":7,"traceAddress":[],"transactionHash":"0x55d219e322321525fb6d15c388d730e0f6d0ae119e68163ffcea6d3ee50fa738","transactionPosition":1,"type":"call"},{"action":{"creationMethod":"create","from":"0x7435ed30a8b4aeb0877cef0c6e8cffe834eb865f","gas":"0x4b0e","init":"0x600d380380600d6000396000f336156009575f355f555b305f525f5460205260405ff3","value":"0x0"},"blockHash":"0xf5de2a84c954882baa45ac90c79baa2a966ddf7d8ea14d8a87e1e17c449d123e","blockNumber":2,"result":{"address":"0x4055cae5c7d838cda10d40f9d07106c7f5f3be1c","code":"0x36156009575f355f555b305f525f5460205260405ff3","gasUsed":"0x114d"},"subtraces":0,"traceAddress":[],"transactionHash":"0x512b5deddff16d21ebba7b730d935b4287dbb839e77eb05b37b34ce5eb229933","transactionPosition":2,"type":"create"},{"action":{"callType":"call","from":"0x7435ed30a8b4aeb0877cef0c6e8cffe834eb865f","gas":"0x0","input":"0x","to":"0x0000000000000000000000000000000000000000","value":"0x0"},"blockHash":"0xf5de2a84c954882baa45ac90c79baa2a966ddf7d8ea14d8a87e1e17c449d123e","blockNumber":2,"result":{"gasUsed":"0x0","output":"0x"},"subtraces":0,"traceAddress":[],"transactionHash":"0xb54bc1221b206db9ee0449a716ddde73c1e2d0f72d2e789fcb51230fe851cc8a","transactionPosition":3,"type":"call"},{"action":{"callType":"call","from":"0x7435ed30a8b4aeb0877cef0c6e8cffe834eb865f","gas":"0xbef8","input":"0x696e766f6b6564","to":"0xeda8645ba6948855e3b3cd596bbb07596d59c603","value":"0x0"},"blockHash":"0xf5de2a84c954882baa45ac90c79baa2a966ddf7d8ea14d8a87e1e17c449d123e","blockNumber":2,"result":{"gasUsed":"0x56ec","output":"0x000000000000000000000000eda8645ba6948855e3b3cd596bbb07596d59c603696e766f6b656400000000000000000000000000000000000000000000000000"},"subtraces":0,"traceAddress":[],"transactionHash":"0x4e0240fe2995f7a21013fbe4af0ad9330daac8c29008e22b7d71b4672357f014","transactionPosition":4,"type":"call"}],"id":1}
response differs from expected (-- client, ++ test):
{
  "id": 1,
  "jsonrpc": "2.0",
  "result": -- [] ++ {}
}


-- interop/filter-from-only-union (nethermind_release)
>>  {"jsonrpc": "2.0", "id": 1, "method": "trace_filter", "params": [{"fromBlock": "0x2", "toBlock": "0x2", "fromAddress": ["0x7435ed30a8b4aeb0877cef0c6e8cffe834eb865f"], "mode": "union"}]}
<<  {"jsonrpc":"2.0","result":[{"action":{"callType":"call","from":"0x7435ed30a8b4aeb0877cef0c6e8cffe834eb865f","gas":"0x13488","input":"0x01","to":"0x9dcd17433742f4c0ca53122ab541d0ba67fc27d3","value":"0x0"},"blockHash":"0xf5de2a84c954882baa45ac90c79baa2a966ddf7d8ea14d8a87e1e17c449d123e","blockNumber":2,"subtraces":0,"traceAddress":[],"transactionHash":"0x827f578f78815feb24e5d992addb5d6d184958aad72d02c213271f4b4ac780ae","transactionPosition":0,"type":"call","error":"Reverted"},{"action":{"callType":"call","from":"0x7435ed30a8b4aeb0877cef0c6e8cffe834eb865f","gas":"0x8d5b8","input":"0x","to":"0x9dcd17433742f4c0ca53122ab541d0ba67fc27d0","value":"0x0"},"blockHash":"0xf5de2a84c954882baa45ac90c79baa2a966ddf7d8ea14d8a87e1e17c449d123e","blockNumber":2,"result":{"gasUsed":"0x2343f","output":"0xffee"},"subtraces":7,"traceAddress":[],"transactionHash":"0x55d219e322321525fb6d15c388d730e0f6d0ae119e68163ffcea6d3ee50fa738","transactionPosition":1,"type":"call"},{"action":{"creationMethod":"create","from":"0x7435ed30a8b4aeb0877cef0c6e8cffe834eb865f","gas":"0x4b0e","init":"0x600d380380600d6000396000f336156009575f355f555b305f525f5460205260405ff3","value":"0x0"},"blockHash":"0xf5de2a84c954882baa45ac90c79baa2a966ddf7d8ea14d8a87e1e17c449d123e","blockNumber":2,"result":{"address":"0x4055cae5c7d838cda10d40f9d07106c7f5f3be1c","code":"0x36156009575f355f555b305f525f5460205260405ff3","gasUsed":"0x114d"},"subtraces":0,"traceAddress":[],"transactionHash":"0x512b5deddff16d21ebba7b730d935b4287dbb839e77eb05b37b34ce5eb229933","transactionPosition":2,"type":"create"},{"action":{"callType":"call","from":"0x7435ed30a8b4aeb0877cef0c6e8cffe834eb865f","gas":"0x0","input":"0x","to":"0x0000000000000000000000000000000000000000","value":"0x0"},"blockHash":"0xf5de2a84c954882baa45ac90c79baa2a966ddf7d8ea14d8a87e1e17c449d123e","blockNumber":2,"result":{"gasUsed":"0x0","output":"0x"},"subtraces":0,"traceAddress":[],"transactionHash":"0xb54bc1221b206db9ee0449a716ddde73c1e2d0f72d2e789fcb51230fe851cc8a","transactionPosition":3,"type":"call"},{"action":{"callType":"call","from":"0x7435ed30a8b4aeb0877cef0c6e8cffe834eb865f","gas":"0xbef8","input":"0x696e766f6b6564","to":"0xeda8645ba6948855e3b3cd596bbb07596d59c603","value":"0x0"},"blockHash":"0xf5de2a84c954882baa45ac90c79baa2a966ddf7d8ea14d8a87e1e17c449d123e","blockNumber":2,"result":{"gasUsed":"0x56ec","output":"0x000000000000000000000000eda8645ba6948855e3b3cd596bbb07596d59c603696e766f6b656400000000000000000000000000000000000000000000000000"},"subtraces":0,"traceAddress":[],"transactionHash":"0x4e0240fe2995f7a21013fbe4af0ad9330daac8c29008e22b7d71b4672357f014","transactionPosition":4,"type":"call"}],"id":1}
response differs from expected (-- client, ++ test):
{
  "id": 1,
  "jsonrpc": "2.0",
  "result": -- [] ++ {}
}


-- interop/filter-to-null (nethermind_release)
>>  {"jsonrpc": "2.0", "id": 1, "method": "trace_filter", "params": [{"fromBlock": "0x2", "toBlock": "0x2", "toAddress": null}]}
<<  {"jsonrpc":"2.0","result":[{"action":{"callType":"call","from":"0x7435ed30a8b4aeb0877cef0c6e8cffe834eb865f","gas":"0x13488","input":"0x01","to":"0x9dcd17433742f4c0ca53122ab541d0ba67fc27d3","value":"0x0"},"blockHash":"0xf5de2a84c954882baa45ac90c79baa2a966ddf7d8ea14d8a87e1e17c449d123e","blockNumber":2,"subtraces":0,"traceAddress":[],"transactionHash":"0x827f578f78815feb24e5d992addb5d6d184958aad72d02c213271f4b4ac780ae","transactionPosition":0,"type":"call","error":"Reverted"},{"action":{"callType":"call","from":"0x7435ed30a8b4aeb0877cef0c6e8cffe834eb865f","gas":"0x8d5b8","input":"0x","to":"0x9dcd17433742f4c0ca53122ab541d0ba67fc27d0","value":"0x0"},"blockHash":"0xf5de2a84c954882baa45ac90c79baa2a966ddf7d8ea14d8a87e1e17c449d123e","blockNumber":2,"result":{"gasUsed":"0x2343f","output":"0xffee"},"subtraces":7,"traceAddress":[],"transactionHash":"0x55d219e322321525fb6d15c388d730e0f6d0ae119e68163ffcea6d3ee50fa738","transactionPosition":1,"type":"call"},{"action":{"callType":"call","from":"0x9dcd17433742f4c0ca53122ab541d0ba67fc27d0","gas":"0xf35c","input":"0xff01","to":"0x9dcd17433742f4c0ca53122ab541d0ba67fc27d1","value":"0x1"},"blockHash":"0xf5de2a84c954882baa45ac90c79baa2a966ddf7d8ea14d8a87e1e17c449d123e","blockNumber":2,"result":{"gasUsed":"0x48","output":"0xffee"},"subtraces":0,"traceAddress":[0],"transactionHash":"0x55d219e322321525fb6d15c388d730e0f6d0ae119e68163ffcea6d3ee50fa738","transactionPosition":1,"type":"call"},{"action":{"callType":"call","from":"0x9dcd17433742f4c0ca53122ab541d0ba67fc27d0","gas":"0xea60","input":"0x0000000000000000000000000000000000000000000000000000000000000001","to":"0x9dcd17433742f4c0ca53122ab541d0ba67fc27d3","value":"0x0"},"blockHash":"0xf5de2a84c954882baa45ac90c79baa2a966ddf7d8ea14d8a87e1e17c449d123e","blockNumber":2,"subtraces":0,"traceAddress":[1],"transactionHash":"0x55d219e322321525fb6d15c388d730e0f6d0ae119e68163ffcea6d3ee50fa738","transactionPosition":1,"type":"call","error":"Reverted"},{"action":{"callType":"staticcall","from":"0x9dcd17433742f4c0ca53122ab541d0ba67fc27d0","gas":"0xea60","input":"0x","to":"0x9dcd17433742f4c0ca53122ab541d0ba67fc27d2","value":"0x0"},"blockHash":"0xf5de2a84c954882baa45ac90c79baa2a966ddf7d8ea14d8a87e1e17c449d123e","blockNumber":2,"result":{"gasUsed":"0x7d","output":"0x0000000000000000000000000000000000000000000000000000000000000002000000000000000000000000000000000000000000000000000c72dd9d5e883e0000000000000000000000000000000000000000000000000000000000000000000000000000000000000000000000000000000000000000000000002da9cd6d00000000000000000000000000000000000000000000000000000000000000000000000000000000000000007435ed30a8b4aeb0877cef0c6e8cffe834eb865f0000000000000000000000000000000000000000000000000000000000000000"},"subtraces":0,"traceAddress":[2],"transactionHash":"0x55d219e322321525fb6d15c388d730e0f6d0ae119e68163ffcea6d3ee50fa738","transactionPosition":1,"type":"call"},{"action":{"callType":"staticcall","from":"0x9dcd17433742f4c0ca53122ab541d0ba67fc27d0","gas":"0xea60","input":"0x","to":"0x7dcd17433742f4c0ca53122ab541d0ba67fc27df","value":"0x0"},"blockHash":"0xf5de2a84c954882baa45ac90c79baa2a966ddf7d8ea14d8a87e1e17c449d123e","blockNumber":2,"subtraces":0,"traceAddress":[3],"transactionHash":"0x55d219e322321525fb6d15c388d730e0f6d0ae119e68163ffcea6d3ee50fa738","transactionPosition":1,"type":"call","error":"Static call violation"},{"action":{"callType":"delegatecall","from":"0x9dcd17433742f4c0ca53122ab541d0ba67fc27d0","gas":"0xea60","input":"0x00000000","to":"0x7dcd17433742f4c0ca53122ab541d0ba67fc27df","value":"0x0"},"blockHash":"0xf5de2a84c954882baa45ac90c79baa2a966ddf7d8ea14d8a87e1e17c449d123e","blockNumber":2,"result":{"gasUsed":"0x64b0","output":"0x"},"subtraces":0,"traceAddress":[4],"transactionHash":"0x55d219e322321525fb6d15c388d730e0f6d0ae119e68163ffcea6d3ee50fa738","transactionPosition":1,"type":"call"},{"action":{"callType":"callcode","from":"0x9dcd17433742f4c0ca53122ab541d0ba67fc27d0","gas":"0xea60","input":"0xff01","to":"0x9dcd17433742f4c0ca53122ab541d0ba67fc27d1","value":"0x0"},"blockHash":"0xf5de2a84c954882baa45ac90c79baa2a966ddf7d8ea14d8a87e1e17c449d123e","blockNumber":2,"result":{"gasUsed":"0x48","output":"0xffee"},"subtraces":0,"traceAddress":[5],"transactionHash":"0x55d219e322321525fb6d15c388d730e0f6d0ae119e68163ffcea6d3ee50fa738","transactionPosition":1,"type":"call"},{"action":{"creationMethod":"create","from":"0x9dcd17433742f4c0ca53122ab541d0ba67fc27d0","gas":"0x6a00f","init":"0x5b646368696c6460006000a133ff","value":"0x0"},"blockHash":"0xf5de2a84c954882baa45ac90c79baa2a966ddf7d8ea14d8a87e1e17c449d123e","blockNumber":2,"result":{"address":"0x2d303c5b7911d87d594bf1b31fbb9aa187888893","code":"0x","gasUsed":"0x1682"},"subtraces":1,"traceAddress":[6],"transactionHash":"0x55d219e322321525fb6d15c388d730e0f6d0ae119e68163ffcea6d3ee50fa738","transactionPosition":1,"type":"create"},{"action":{"address":"0x2d303c5b7911d87d594bf1b31fbb9aa187888893","balance":"0x0","refundAddress":"0x9dcd17433742f4c0ca53122ab541d0ba67fc27d0"},"blockHash":"0xf5de2a84c954882baa45ac90c79baa2a966ddf7d8ea14d8a87e1e17c449d123e","blockNumber":2,"subtraces":0,"traceAddress":[6,0],"transactionHash":"0x55d219e322321525fb6d15c388d730e0f6d0ae119e68163ffcea6d3ee50fa738","transactionPosition":1,"type":"suicide"},{"action":{"creationMethod":"create","from":"0x7435ed30a8b4aeb0877cef0c6e8cffe834eb865f","gas":"0x4b0e","init":"0x600d380380600d6000396000f336156009575f355f555b305f525f5460205260405ff3","value":"0x0"},"blockHash":"0xf5de2a84c954882baa45ac90c79baa2a966ddf7d8ea14d8a87e1e17c449d123e","blockNumber":2,"result":{"address":"0x4055cae5c7d838cda10d40f9d07106c7f5f3be1c","code":"0x36156009575f355f555b305f525f5460205260405ff3","gasUsed":"0x114d"},"subtraces":0,"traceAddress":[],"transactionHash":"0x512b5deddff16d21ebba7b730d935b4287dbb839e77eb05b37b34ce5eb229933","transactionPosition":2,"type":"create"},{"action":{"callType":"call","from":"0x7435ed30a8b4aeb0877cef0c6e8cffe834eb865f","gas":"0x0","input":"0x","to":"0x0000000000000000000000000000000000000000","value":"0x0"},"blockHash":"0xf5de2a84c954882baa45ac90c79baa2a966ddf7d8ea14d8a87e1e17c449d123e","blockNumber":2,"result":{"gasUsed":"0x0","output":"0x"},"subtraces":0,"traceAddress":[],"transactionHash":"0xb54bc1221b206db9ee0449a716ddde73c1e2d0f72d2e789fcb51230fe851cc8a","transactionPosition":3,"type":"call"},{"action":{"callType":"call","from":"0x7435ed30a8b4aeb0877cef0c6e8cffe834eb865f","gas":"0xbef8","input":"0x696e766f6b6564","to":"0xeda8645ba6948855e3b3cd596bbb07596d59c603","value":"0x0"},"blockHash":"0xf5de2a84c954882baa45ac90c79baa2a966ddf7d8ea14d8a87e1e17c449d123e","blockNumber":2,"result":{"gasUsed":"0x56ec","output":"0x000000000000000000000000eda8645ba6948855e3b3cd596bbb07596d59c603696e766f6b656400000000000000000000000000000000000000000000000000"},"subtraces":0,"traceAddress":[],"transactionHash":"0x4e0240fe2995f7a21013fbe4af0ad9330daac8c29008e22b7d71b4672357f014","transactionPosition":4,"type":"call"},{"action":{"author":"0x0000000000000000000000000000000000000000","rewardType":"block","value":"0x0"},"blockHash":"0xf5de2a84c954882baa45ac90c79baa2a966ddf7d8ea14d8a87e1e17c449d123e","blockNumber":2,"subtraces":0,"traceAddress":[],"type":"reward"}],"id":1}
response differs from expected (-- client, ++ test):
{
  "id": 1,
  "jsonrpc": "2.0",
  "result": -- [] ++ {}
}


-- interop/filter-to-only-intersection (nethermind_release)
>>  {"jsonrpc": "2.0", "id": 1, "method": "trace_filter", "params": [{"fromBlock": "0x2", "toBlock": "0x2", "toAddress": ["0x9dcd17433742f4c0ca53122ab541d0ba67fc27d0"], "mode": "intersection"}]}
<<  {"jsonrpc":"2.0","result":[{"action":{"callType":"call","from":"0x7435ed30a8b4aeb0877cef0c6e8cffe834eb865f","gas":"0x8d5b8","input":"0x","to":"0x9dcd17433742f4c0ca53122ab541d0ba67fc27d0","value":"0x0"},"blockHash":"0xf5de2a84c954882baa45ac90c79baa2a966ddf7d8ea14d8a87e1e17c449d123e","blockNumber":2,"result":{"gasUsed":"0x2343f","output":"0xffee"},"subtraces":7,"traceAddress":[],"transactionHash":"0x55d219e322321525fb6d15c388d730e0f6d0ae119e68163ffcea6d3ee50fa738","transactionPosition":1,"type":"call"},{"action":{"address":"0x2d303c5b7911d87d594bf1b31fbb9aa187888893","balance":"0x0","refundAddress":"0x9dcd17433742f4c0ca53122ab541d0ba67fc27d0"},"blockHash":"0xf5de2a84c954882baa45ac90c79baa2a966ddf7d8ea14d8a87e1e17c449d123e","blockNumber":2,"subtraces":0,"traceAddress":[6,0],"transactionHash":"0x55d219e322321525fb6d15c388d730e0f6d0ae119e68163ffcea6d3ee50fa738","transactionPosition":1,"type":"suicide"}],"id":1}
response differs from expected (-- client, ++ test):
{
  "id": 1,
  "jsonrpc": "2.0",
  "result": -- [] ++ {}
}


-- interop/filter-to-only-union (nethermind_release)
>>  {"jsonrpc": "2.0", "id": 1, "method": "trace_filter", "params": [{"fromBlock": "0x2", "toBlock": "0x2", "toAddress": ["0x9dcd17433742f4c0ca53122ab541d0ba67fc27d0"], "mode": "union"}]}
<<  {"jsonrpc":"2.0","result":[{"action":{"callType":"call","from":"0x7435ed30a8b4aeb0877cef0c6e8cffe834eb865f","gas":"0x8d5b8","input":"0x","to":"0x9dcd17433742f4c0ca53122ab541d0ba67fc27d0","value":"0x0"},"blockHash":"0xf5de2a84c954882baa45ac90c79baa2a966ddf7d8ea14d8a87e1e17c449d123e","blockNumber":2,"result":{"gasUsed":"0x2343f","output":"0xffee"},"subtraces":7,"traceAddress":[],"transactionHash":"0x55d219e322321525fb6d15c388d730e0f6d0ae119e68163ffcea6d3ee50fa738","transactionPosition":1,"type":"call"},{"action":{"address":"0x2d303c5b7911d87d594bf1b31fbb9aa187888893","balance":"0x0","refundAddress":"0x9dcd17433742f4c0ca53122ab541d0ba67fc27d0"},"blockHash":"0xf5de2a84c954882baa45ac90c79baa2a966ddf7d8ea14d8a87e1e17c449d123e","blockNumber":2,"subtraces":0,"traceAddress":[6,0],"transactionHash":"0x55d219e322321525fb6d15c388d730e0f6d0ae119e68163ffcea6d3ee50fa738","transactionPosition":1,"type":"suicide"}],"id":1}
response differs from expected (-- client, ++ test):
{
  "id": 1,
  "jsonrpc": "2.0",
  "result": -- [] ++ {}
}


-- interop/transaction-tree (nethermind_release)
>>  {"jsonrpc": "2.0", "id": 1, "method": "trace_transaction", "params": ["0x55d219e322321525fb6d15c388d730e0f6d0ae119e68163ffcea6d3ee50fa738"]}
<<  {"jsonrpc":"2.0","result":[{"action":{"callType":"call","from":"0x7435ed30a8b4aeb0877cef0c6e8cffe834eb865f","gas":"0x8d5b8","input":"0x","to":"0x9dcd17433742f4c0ca53122ab541d0ba67fc27d0","value":"0x0"},"blockHash":"0xf5de2a84c954882baa45ac90c79baa2a966ddf7d8ea14d8a87e1e17c449d123e","blockNumber":2,"result":{"gasUsed":"0x2343f","output":"0xffee"},"subtraces":7,"traceAddress":[],"transactionHash":"0x55d219e322321525fb6d15c388d730e0f6d0ae119e68163ffcea6d3ee50fa738","transactionPosition":1,"type":"call"},{"action":{"callType":"call","from":"0x9dcd17433742f4c0ca53122ab541d0ba67fc27d0","gas":"0xf35c","input":"0xff01","to":"0x9dcd17433742f4c0ca53122ab541d0ba67fc27d1","value":"0x1"},"blockHash":"0xf5de2a84c954882baa45ac90c79baa2a966ddf7d8ea14d8a87e1e17c449d123e","blockNumber":2,"result":{"gasUsed":"0x48","output":"0xffee"},"subtraces":0,"traceAddress":[0],"transactionHash":"0x55d219e322321525fb6d15c388d730e0f6d0ae119e68163ffcea6d3ee50fa738","transactionPosition":1,"type":"call"},{"action":{"callType":"call","from":"0x9dcd17433742f4c0ca53122ab541d0ba67fc27d0","gas":"0xea60","input":"0x0000000000000000000000000000000000000000000000000000000000000001","to":"0x9dcd17433742f4c0ca53122ab541d0ba67fc27d3","value":"0x0"},"blockHash":"0xf5de2a84c954882baa45ac90c79baa2a966ddf7d8ea14d8a87e1e17c449d123e","blockNumber":2,"subtraces":0,"traceAddress":[1],"transactionHash":"0x55d219e322321525fb6d15c388d730e0f6d0ae119e68163ffcea6d3ee50fa738","transactionPosition":1,"type":"call","error":"Reverted"},{"action":{"callType":"staticcall","from":"0x9dcd17433742f4c0ca53122ab541d0ba67fc27d0","gas":"0xea60","input":"0x","to":"0x9dcd17433742f4c0ca53122ab541d0ba67fc27d2","value":"0x0"},"blockHash":"0xf5de2a84c954882baa45ac90c79baa2a966ddf7d8ea14d8a87e1e17c449d123e","blockNumber":2,"result":{"gasUsed":"0x7d","output":"0x0000000000000000000000000000000000000000000000000000000000000002000000000000000000000000000000000000000000000000000c72dd9d5e883e0000000000000000000000000000000000000000000000000000000000000000000000000000000000000000000000000000000000000000000000002da9cd6d00000000000000000000000000000000000000000000000000000000000000000000000000000000000000007435ed30a8b4aeb0877cef0c6e8cffe834eb865f0000000000000000000000000000000000000000000000000000000000000000"},"subtraces":0,"traceAddress":[2],"transactionHash":"0x55d219e322321525fb6d15c388d730e0f6d0ae119e68163ffcea6d3ee50fa738","transactionPosition":1,"type":"call"},{"action":{"callType":"staticcall","from":"0x9dcd17433742f4c0ca53122ab541d0ba67fc27d0","gas":"0xea60","input":"0x","to":"0x7dcd17433742f4c0ca53122ab541d0ba67fc27df","value":"0x0"},"blockHash":"0xf5de2a84c954882baa45ac90c79baa2a966ddf7d8ea14d8a87e1e17c449d123e","blockNumber":2,"subtraces":0,"traceAddress":[3],"transactionHash":"0x55d219e322321525fb6d15c388d730e0f6d0ae119e68163ffcea6d3ee50fa738","transactionPosition":1,"type":"call","error":"Static call violation"},{"action":{"callType":"delegatecall","from":"0x9dcd17433742f4c0ca53122ab541d0ba67fc27d0","gas":"0xea60","input":"0x00000000","to":"0x7dcd17433742f4c0ca53122ab541d0ba67fc27df","value":"0x0"},"blockHash":"0xf5de2a84c954882baa45ac90c79baa2a966ddf7d8ea14d8a87e1e17c449d123e","blockNumber":2,"result":{"gasUsed":"0x64b0","output":"0x"},"subtraces":0,"traceAddress":[4],"transactionHash":"0x55d219e322321525fb6d15c388d730e0f6d0ae119e68163ffcea6d3ee50fa738","transactionPosition":1,"type":"call"},{"action":{"callType":"callcode","from":"0x9dcd17433742f4c0ca53122ab541d0ba67fc27d0","gas":"0xea60","input":"0xff01","to":"0x9dcd17433742f4c0ca53122ab541d0ba67fc27d1","value":"0x0"},"blockHash":"0xf5de2a84c954882baa45ac90c79baa2a966ddf7d8ea14d8a87e1e17c449d123e","blockNumber":2,"result":{"gasUsed":"0x48","output":"0xffee"},"subtraces":0,"traceAddress":[5],"transactionHash":"0x55d219e322321525fb6d15c388d730e0f6d0ae119e68163ffcea6d3ee50fa738","transactionPosition":1,"type":"call"},{"action":{"creationMethod":"create","from":"0x9dcd17433742f4c0ca53122ab541d0ba67fc27d0","gas":"0x6a00f","init":"0x5b646368696c6460006000a133ff","value":"0x0"},"blockHash":"0xf5de2a84c954882baa45ac90c79baa2a966ddf7d8ea14d8a87e1e17c449d123e","blockNumber":2,"result":{"address":"0x2d303c5b7911d87d594bf1b31fbb9aa187888893","code":"0x","gasUsed":"0x1682"},"subtraces":1,"traceAddress":[6],"transactionHash":"0x55d219e322321525fb6d15c388d730e0f6d0ae119e68163ffcea6d3ee50fa738","transactionPosition":1,"type":"create"},{"action":{"address":"0x2d303c5b7911d87d594bf1b31fbb9aa187888893","balance":"0x0","refundAddress":"0x9dcd17433742f4c0ca53122ab541d0ba67fc27d0"},"blockHash":"0xf5de2a84c954882baa45ac90c79baa2a966ddf7d8ea14d8a87e1e17c449d123e","blockNumber":2,"subtraces":0,"traceAddress":[6,0],"transactionHash":"0x55d219e322321525fb6d15c388d730e0f6d0ae119e68163ffcea6d3ee50fa738","transactionPosition":1,"type":"suicide"}],"id":1}
response differs from expected (-- client, ++ test):
{
  "id": 1,
  "jsonrpc": "2.0",
  "result": -- [] ++ {}
}


-- client launch (nethermind_release)
sending engine_forkchoiceUpdatedV3: [map[finalizedBlockHash:0x9901db3a31e7004c45911fca4480b7dce86a4baeab819eb4959d7316f687d54c headBlockHash:0xf0b1510b2a9c8d4c4bd1ff2c578ddbffc04741aa06b3cc8680a343741ef15e84 safeBlockHash:0xf0b1510b2a9c8d4c4bd1ff2c578ddbffc04741aa06b3cc8680a343741ef15e84] <nil>]
response: map[payloadId:<nil> payloadStatus:map[latestValidHash:0xf0b1510b2a9c8d4c4bd1ff2c578ddbffc04741aa06b3cc8680a343741ef15e84 status:VALID validationError:<nil>]]


-- interop/_control/head (reth_development)
>>  {"jsonrpc": "2.0", "id": 1, "method": "eth_getBlockByNumber", "params": ["0x30", false]}
<<  {"jsonrpc":"2.0","id":1,"result":{"hash":"0xf0b1510b2a9c8d4c4bd1ff2c578ddbffc04741aa06b3cc8680a343741ef15e84","parentHash":"0xaede89efdac80ce5f55b93ee934eddc67b5c8a4282b18a86ca635d69234301f3","sha3Uncles":"0x1dcc4de8dec75d7aab85b567b6ccd41ad312451b948a7413f0a142fd40d49347","miner":"0x0000000000000000000000000000000000000000","stateRoot":"0xbce840ac9806ecb3d791bf55bfcfa9460ff3275996aff265fc75e2a2f3efdb26","transactionsRoot":"0x3d96f46f0efae36059fcba93396d90ed19260e009e9dac0057a1d87e66dc17d0","receiptsRoot":"0x4b7fefa97a453e0ee0cea1d51ca4ab3729f3a2a6a8388a5a3b13765eec3720b7","logsBloom":"0x00000000000000000000000000000000000000000000000000000000000000000000000000000000000000000000000000000000000000000000000000000000000000000000000000000000000000000000000000000000000000000000000000000000000000000000000000000000000000000000000000000000000000000000000000000000000000000000000000000000000000000000000000000000000000000000000000000000000000000000000000000000000000000000000000000000000000000000000000000000000000000000000000000000000000000000000000000000000000000000000000000000000000000000000000000000","difficulty":"0x0","number":"0x30","gasLimit":"0x5f5e100","gasUsed":"0xf618","timestamp":"0x1e0","extraData":"0x","mixHash":"0x0000000000000000000000000000000000000000000000000000000000000000","nonce":"0x0000000000000000","baseFeePerGas":"0x199876","withdrawalsRoot":"0x56e81f171bcc55a6ff8345e692c0f86e5b48e01b996cadc001622fb5e363b421","blobGasUsed":"0x0","excessBlobGas":"0x0","parentBeaconBlockRoot":"0x5b5b49487967b3b60bd859ba2fb13290c6eaf67e97e9f9f9dda935c08564b5f6","requestsHash":"0xe3b0c44298fc1c149afbf4c8996fb92427ae41e4649b934ca495991b7852b855","size":"0x3b8","uncles":[],"transactions":["0x8e96b39ab5e268215283ab40d65139edc6f281f4d79444b6b0a87861c5f8a1d5","0x7045e365111563c3f68594c54d9c4d7e3445f0cfc9671f68e8a0122f849f3f18","0xbe7d79a54b361c1515802fdf8e3843694b3a93350a9097b84c5582686c77163c"],"withdrawals":[]}}
response differs from expected (-- client, ++ test):
{
  "id": 1,
  "jsonrpc": "2.0",
  "result": {
    -- "baseFeePerGas": "0x199876",
    -- "blobGasUsed": "0x0",
    ++ "capture_only": true,
    -- "difficulty": "0x0",
    -- "excessBlobGas": "0x0",
    -- "extraData": "0x",
    -- "gasLimit": "0x5f5e100",
    -- "gasUsed": "0xf618",
    -- "hash": "0xf0b1510b2a9c8d4c4bd1ff2c578ddbffc04741aa06b3cc8680a343741ef15e84",
    -- "logsBloom": "0x00000000000000000000000000000000000000000000000000000000000000000000000000000000000000000000000000000000000000000000000000000000000000000000000000000000000000000000000000000000000000000000000000000000000000000000000000000000000000000000000000000000000000000000000000000000000000000000000000000000000000000000000000000000000000000000000000000000000000000000000000000000000000000000000000000000000000000000000000000000000000000000000000000000000000000000000000000000000000000000000000000000000000000000000000000000",
    -- "miner": "0x0000000000000000000000000000000000000000",
    -- "mixHash": "0x0000000000000000000000000000000000000000000000000000000000000000",
    -- "nonce": "0x0000000000000000",
    -- "number": "0x30",
    -- "parentBeaconBlockRoot": "0x5b5b49487967b3b60bd859ba2fb13290c6eaf67e97e9f9f9dda935c08564b5f6",
    -- "parentHash": "0xaede89efdac80ce5f55b93ee934eddc67b5c8a4282b18a86ca635d69234301f3",
    -- "receiptsRoot": "0x4b7fefa97a453e0ee0cea1d51ca4ab3729f3a2a6a8388a5a3b13765eec3720b7",
    -- "requestsHash": "0xe3b0c44298fc1c149afbf4c8996fb92427ae41e4649b934ca495991b7852b855",
    -- "sha3Uncles": "0x1dcc4de8dec75d7aab85b567b6ccd41ad312451b948a7413f0a142fd40d49347",
    -- "size": "0x3b8",
    -- "stateRoot": "0xbce840ac9806ecb3d791bf55bfcfa9460ff3275996aff265fc75e2a2f3efdb26",
    -- "timestamp": "0x1e0",
    -- "transactions": [
      -- "0x8e96b39ab5e268215283ab40d65139edc6f281f4d79444b6b0a87861c5f8a1d5",
      -- "0x7045e365111563c3f68594c54d9c4d7e3445f0cfc9671f68e8a0122f849f3f18",
      -- "0xbe7d79a54b361c1515802fdf8e3843694b3a93350a9097b84c5582686c77163c"
    -- ],
    -- "transactionsRoot": "0x3d96f46f0efae36059fcba93396d90ed19260e009e9dac0057a1d87e66dc17d0",
    -- "uncles": [],
    -- "withdrawals": [],
    -- "withdrawalsRoot": "0x56e81f171bcc55a6ff8345e692c0f86e5b48e01b996cadc001622fb5e363b421"
  }
}


-- interop/_control/version (reth_development)
>>  {"jsonrpc": "2.0", "id": 1, "method": "web3_clientVersion", "params": []}
<<  {"jsonrpc":"2.0","id":1,"result":"reth/v2.5.2-03cb186/x86_64-unknown-linux-gnu"}
response differs from expected (-- client, ++ test):
{
  "id": 1,
  "jsonrpc": "2.0",
  "result": -- "reth/v2.5.2-03cb186/x86_64-unknown-linux-gnu" ++ {}
}


-- interop/block-2 (reth_development)
>>  {"jsonrpc": "2.0", "id": 1, "method": "trace_block", "params": ["0x2"]}
<<  {"jsonrpc":"2.0","id":1,"result":[{"action":{"from":"0x7435ed30a8b4aeb0877cef0c6e8cffe834eb865f","callType":"call","gas":"0x13488","input":"0x01","to":"0x9dcd17433742f4c0ca53122ab541d0ba67fc27d3","value":"0x0"},"blockHash":"0xf5de2a84c954882baa45ac90c79baa2a966ddf7d8ea14d8a87e1e17c449d123e","blockNumber":2,"error":"Reverted","result":{"gasUsed":"0x889","output":"0x08c379a00000000000000000000000000000000000000000000000000000000000000020000000000000000000000000000000000000000000000000000000000000000a75736572206572726f72"},"subtraces":0,"traceAddress":[],"transactionHash":"0x827f578f78815feb24e5d992addb5d6d184958aad72d02c213271f4b4ac780ae","transactionPosition":0,"type":"call"},{"action":{"from":"0x7435ed30a8b4aeb0877cef0c6e8cffe834eb865f","callType":"call","gas":"0x8d5b8","input":"0x","to":"0x9dcd17433742f4c0ca53122ab541d0ba67fc27d0","value":"0x0"},"blockHash":"0xf5de2a84c954882baa45ac90c79baa2a966ddf7d8ea14d8a87e1e17c449d123e","blockNumber":2,"result":{"gasUsed":"0x2343f","output":"0xffee"},"subtraces":7,"traceAddress":[],"transactionHash":"0x55d219e322321525fb6d15c388d730e0f6d0ae119e68163ffcea6d3ee50fa738","transactionPosition":1,"type":"call"},{"action":{"from":"0x9dcd17433742f4c0ca53122ab541d0ba67fc27d0","callType":"call","gas":"0xf35c","input":"0xff01","to":"0x9dcd17433742f4c0ca53122ab541d0ba67fc27d1","value":"0x1"},"blockHash":"0xf5de2a84c954882baa45ac90c79baa2a966ddf7d8ea14d8a87e1e17c449d123e","blockNumber":2,"result":{"gasUsed":"0x48","output":"0xffee"},"subtraces":0,"traceAddress":[0],"transactionHash":"0x55d219e322321525fb6d15c388d730e0f6d0ae119e68163ffcea6d3ee50fa738","transactionPosition":1,"type":"call"},{"action":{"from":"0x9dcd17433742f4c0ca53122ab541d0ba67fc27d0","callType":"call","gas":"0xea60","input":"0x0000000000000000000000000000000000000000000000000000000000000001","to":"0x9dcd17433742f4c0ca53122ab541d0ba67fc27d3","value":"0x0"},"blockHash":"0xf5de2a84c954882baa45ac90c79baa2a966ddf7d8ea14d8a87e1e17c449d123e","blockNumber":2,"error":"Reverted","result":{"gasUsed":"0x889","output":"0x08c379a00000000000000000000000000000000000000000000000000000000000000020000000000000000000000000000000000000000000000000000000000000000a75736572206572726f72"},"subtraces":0,"traceAddress":[1],"transactionHash":"0x55d219e322321525fb6d15c388d730e0f6d0ae119e68163ffcea6d3ee50fa738","transactionPosition":1,"type":"call"},{"action":{"from":"0x9dcd17433742f4c0ca53122ab541d0ba67fc27d0","callType":"staticcall","gas":"0xea60","input":"0x","to":"0x9dcd17433742f4c0ca53122ab541d0ba67fc27d2","value":"0x0"},"blockHash":"0xf5de2a84c954882baa45ac90c79baa2a966ddf7d8ea14d8a87e1e17c449d123e","blockNumber":2,"result":{"gasUsed":"0x7d","output":"0x0000000000000000000000000000000000000000000000000000000000000002000000000000000000000000000000000000000000000000000c72dd9d5e883e0000000000000000000000000000000000000000000000000000000000000000000000000000000000000000000000000000000000000000000000002da9cd6d00000000000000000000000000000000000000000000000000000000000000000000000000000000000000007435ed30a8b4aeb0877cef0c6e8cffe834eb865f0000000000000000000000000000000000000000000000000000000000000000"},"subtraces":0,"traceAddress":[2],"transactionHash":"0x55d219e322321525fb6d15c388d730e0f6d0ae119e68163ffcea6d3ee50fa738","transactionPosition":1,"type":"call"},{"action":{"from":"0x9dcd17433742f4c0ca53122ab541d0ba67fc27d0","callType":"staticcall","gas":"0xea60","input":"0x","to":"0x7dcd17433742f4c0ca53122ab541d0ba67fc27df","value":"0x0"},"blockHash":"0xf5de2a84c954882baa45ac90c79baa2a966ddf7d8ea14d8a87e1e17c449d123e","blockNumber":2,"error":"StateChangeDuringStaticCall","result":null,"subtraces":0,"traceAddress":[3],"transactionHash":"0x55d219e322321525fb6d15c388d730e0f6d0ae119e68163ffcea6d3ee50fa738","transactionPosition":1,"type":"call"},{"action":{"from":"0x9dcd17433742f4c0ca53122ab541d0ba67fc27d0","callType":"delegatecall","gas":"0xea60","input":"0x00000000","to":"0x7dcd17433742f4c0ca53122ab541d0ba67fc27df","value":"0x0"},"blockHash":"0xf5de2a84c954882baa45ac90c79baa2a966ddf7d8ea14d8a87e1e17c449d123e","blockNumber":2,"result":{"gasUsed":"0x64b0","output":"0x"},"subtraces":0,"traceAddress":[4],"transactionHash":"0x55d219e322321525fb6d15c388d730e0f6d0ae119e68163ffcea6d3ee50fa738","transactionPosition":1,"type":"call"},{"action":{"from":"0x9dcd17433742f4c0ca53122ab541d0ba67fc27d0","callType":"callcode","gas":"0xea60","input":"0xff01","to":"0x9dcd17433742f4c0ca53122ab541d0ba67fc27d1","value":"0x0"},"blockHash":"0xf5de2a84c954882baa45ac90c79baa2a966ddf7d8ea14d8a87e1e17c449d123e","blockNumber":2,"result":{"gasUsed":"0x48","output":"0xffee"},"subtraces":0,"traceAddress":[5],"transactionHash":"0x55d219e322321525fb6d15c388d730e0f6d0ae119e68163ffcea6d3ee50fa738","transactionPosition":1,"type":"call"},{"action":{"from":"0x9dcd17433742f4c0ca53122ab541d0ba67fc27d0","gas":"0x6a00f","init":"0x5b646368696c6460006000a133ff","value":"0x0","creationMethod":"create"},"blockHash":"0xf5de2a84c954882baa45ac90c79baa2a966ddf7d8ea14d8a87e1e17c449d123e","blockNumber":2,"result":{"address":"0x2d303c5b7911d87d594bf1b31fbb9aa187888893","code":"0x","gasUsed":"0x1682"},"subtraces":1,"traceAddress":[6],"transactionHash":"0x55d219e322321525fb6d15c388d730e0f6d0ae119e68163ffcea6d3ee50fa738","transactionPosition":1,"type":"create"},{"action":{"address":"0x2d303c5b7911d87d594bf1b31fbb9aa187888893","balance":"0x0","refundAddress":"0x9dcd17433742f4c0ca53122ab541d0ba67fc27d0"},"blockHash":"0xf5de2a84c954882baa45ac90c79baa2a966ddf7d8ea14d8a87e1e17c449d123e","blockNumber":2,"result":null,"subtraces":0,"traceAddress":[6,0],"transactionHash":"0x55d219e322321525fb6d15c388d730e0f6d0ae119e68163ffcea6d3ee50fa738","transactionPosition":1,"type":"suicide"},{"action":{"from":"0x7435ed30a8b4aeb0877cef0c6e8cffe834eb865f","gas":"0x4b0e","init":"0x600d380380600d6000396000f336156009575f355f555b305f525f5460205260405ff3","value":"0x0","creationMethod":"create"},"blockHash":"0xf5de2a84c954882baa45ac90c79baa2a966ddf7d8ea14d8a87e1e17c449d123e","blockNumber":2,"result":{"address":"0x4055cae5c7d838cda10d40f9d07106c7f5f3be1c","code":"0x36156009575f355f555b305f525f5460205260405ff3","gasUsed":"0x114d"},"subtraces":0,"traceAddress":[],"transactionHash":"0x512b5deddff16d21ebba7b730d935b4287dbb839e77eb05b37b34ce5eb229933","transactionPosition":2,"type":"create"},{"action":{"from":"0x7435ed30a8b4aeb0877cef0c6e8cffe834eb865f","callType":"call","gas":"0x0","input":"0x","to":"0x0000000000000000000000000000000000000000","value":"0x0"},"blockHash":"0xf5de2a84c954882baa45ac90c79baa2a966ddf7d8ea14d8a87e1e17c449d123e","blockNumber":2,"result":{"gasUsed":"0x0","output":"0x"},"subtraces":0,"traceAddress":[],"transactionHash":"0xb54bc1221b206db9ee0449a716ddde73c1e2d0f72d2e789fcb51230fe851cc8a","transactionPosition":3,"type":"call"},{"action":{"from":"0x7435ed30a8b4aeb0877cef0c6e8cffe834eb865f","callType":"call","gas":"0xbef8","input":"0x696e766f6b6564","to":"0xeda8645ba6948855e3b3cd596bbb07596d59c603","value":"0x0"},"blockHash":"0xf5de2a84c954882baa45ac90c79baa2a966ddf7d8ea14d8a87e1e17c449d123e","blockNumber":2,"result":{"gasUsed":"0x56ec","output":"0x000000000000000000000000eda8645ba6948855e3b3cd596bbb07596d59c603696e766f6b656400000000000000000000000000000000000000000000000000"},"subtraces":0,"traceAddress":[],"transactionHash":"0x4e0240fe2995f7a21013fbe4af0ad9330daac8c29008e22b7d71b4672357f014","transactionPosition":4,"type":"call"}]}
response differs from expected (-- client, ++ test):
{
  "id": 1,
  "jsonrpc": "2.0",
  "result": -- [] ++ {}
}


-- interop/block-3 (reth_development)
>>  {"jsonrpc": "2.0", "id": 1, "method": "trace_block", "params": ["0x3"]}
<<  {"jsonrpc":"2.0","id":1,"result":[{"action":{"from":"0x7435ed30a8b4aeb0877cef0c6e8cffe834eb865f","callType":"call","gas":"0x11ba0","input":"0xdc4c8669df128318656d6974","to":"0x7dcd17433742f4c0ca53122ab541d0ba67fc27df","value":"0x2"},"blockHash":"0x01ba2f0e16a94e375a460eb303af615daf77ddfac7cc9d9cef96f22a6a095364","blockNumber":3,"result":{"gasUsed":"0x54ac","output":"0x"},"subtraces":0,"traceAddress":[],"transactionHash":"0x4845366f3ccc487743b759a1d23f430b405e5e56cd50e1a77ce6c2124dcfe842","transactionPosition":0,"type":"call"},{"action":{"from":"0x7435ed30a8b4aeb0877cef0c6e8cffe834eb865f","callType":"call","gas":"0x11ba0","input":"0x3f446a7c4145b1f0656d6974","to":"0x7dcd17433742f4c0ca53122ab541d0ba67fc27df","value":"0x2"},"blockHash":"0x01ba2f0e16a94e375a460eb303af615daf77ddfac7cc9d9cef96f22a6a095364","blockNumber":3,"result":{"gasUsed":"0x5f9c","output":"0x"},"subtraces":0,"traceAddress":[],"transactionHash":"0xbc02888b29321d89ffec6d3796f1e0d5b182999c26cd6a8e49ccad72db305ae7","transactionPosition":1,"type":"call"},{"action":{"from":"0x7435ed30a8b4aeb0877cef0c6e8cffe834eb865f","callType":"call","gas":"0x11ba0","input":"0x96fd14b8fdcbd4a9656d6974","to":"0x7dcd17433742f4c0ca53122ab541d0ba67fc27df","value":"0x3"},"blockHash":"0x01ba2f0e16a94e375a460eb303af615daf77ddfac7cc9d9cef96f22a6a095364","blockNumber":3,"result":{"gasUsed":"0x5f9c","output":"0x"},"subtraces":0,"traceAddress":[],"transactionHash":"0xf02ed84381c81d780bc5a5198252284fe9e1cbd6b108573049a35957cc32bf2d","transactionPosition":2,"type":"call"}]}
response differs from expected (-- client, ++ test):
{
  "id": 1,
  "jsonrpc": "2.0",
  "result": -- [] ++ {}
}


-- interop/filter-both-null (reth_development)
>>  {"jsonrpc": "2.0", "id": 1, "method": "trace_filter", "params": [{"fromBlock": "0x2", "toBlock": "0x2", "fromAddress": null, "toAddress": null}]}
<<  {"jsonrpc":"2.0","id":1,"error":{"code":-32602,"message":"Invalid params","data":"invalid type: null, expected a sequence at line 1 column 58"}}
response differs from expected (-- client, ++ test):
{
  -- "error": {
    -- "code": -32602,
    -- "data": "invalid type: null, expected a sequence at line 1 column 58",
    -- "message": "Invalid params"
  -- },
  "id": 1,
  "jsonrpc": "2.0",
  ++ "result": {
    ++ "capture_only": true
  ++ }
}


-- interop/filter-both-unknown-mode (reth_development)
>>  {"jsonrpc": "2.0", "id": 1, "method": "trace_filter", "params": [{"fromBlock": "0x2", "toBlock": "0x2", "fromAddress": ["0x7435ed30a8b4aeb0877cef0c6e8cffe834eb865f"], "toAddress": ["0x9dcd17433742f4c0ca53122ab541d0ba67fc27d0"], "mode": "garbage"}]}
<<  {"jsonrpc":"2.0","id":1,"error":{"code":-32602,"message":"Invalid params","data":"unknown variant `garbage`, expected `union` or `intersection` at line 1 column 180"}}
response differs from expected (-- client, ++ test):
{
  -- "error": {
    -- "code": -32602,
    -- "data": "unknown variant `garbage`, expected `union` or `intersection` at line 1 column 180",
    -- "message": "Invalid params"
  -- },
  "id": 1,
  "jsonrpc": "2.0",
  ++ "result": {
    ++ "capture_only": true
  ++ }
}


-- interop/filter-from-null (reth_development)
>>  {"jsonrpc": "2.0", "id": 1, "method": "trace_filter", "params": [{"fromBlock": "0x2", "toBlock": "0x2", "fromAddress": null}]}
<<  {"jsonrpc":"2.0","id":1,"error":{"code":-32602,"message":"Invalid params","data":"invalid type: null, expected a sequence at line 1 column 58"}}
response differs from expected (-- client, ++ test):
{
  -- "error": {
    -- "code": -32602,
    -- "data": "invalid type: null, expected a sequence at line 1 column 58",
    -- "message": "Invalid params"
  -- },
  "id": 1,
  "jsonrpc": "2.0",
  ++ "result": {
    ++ "capture_only": true
  ++ }
}


-- interop/filter-from-only-intersection (reth_development)
>>  {"jsonrpc": "2.0", "id": 1, "method": "trace_filter", "params": [{"fromBlock": "0x2", "toBlock": "0x2", "fromAddress": ["0x7435ed30a8b4aeb0877cef0c6e8cffe834eb865f"], "mode": "intersection"}]}
<<  {"jsonrpc":"2.0","id":1,"result":[{"action":{"from":"0x7435ed30a8b4aeb0877cef0c6e8cffe834eb865f","callType":"call","gas":"0x13488","input":"0x01","to":"0x9dcd17433742f4c0ca53122ab541d0ba67fc27d3","value":"0x0"},"blockHash":"0xf5de2a84c954882baa45ac90c79baa2a966ddf7d8ea14d8a87e1e17c449d123e","blockNumber":2,"error":"Reverted","result":{"gasUsed":"0x889","output":"0x08c379a00000000000000000000000000000000000000000000000000000000000000020000000000000000000000000000000000000000000000000000000000000000a75736572206572726f72"},"subtraces":0,"traceAddress":[],"transactionHash":"0x827f578f78815feb24e5d992addb5d6d184958aad72d02c213271f4b4ac780ae","transactionPosition":0,"type":"call"},{"action":{"from":"0x7435ed30a8b4aeb0877cef0c6e8cffe834eb865f","callType":"call","gas":"0x8d5b8","input":"0x","to":"0x9dcd17433742f4c0ca53122ab541d0ba67fc27d0","value":"0x0"},"blockHash":"0xf5de2a84c954882baa45ac90c79baa2a966ddf7d8ea14d8a87e1e17c449d123e","blockNumber":2,"result":{"gasUsed":"0x2343f","output":"0xffee"},"subtraces":7,"traceAddress":[],"transactionHash":"0x55d219e322321525fb6d15c388d730e0f6d0ae119e68163ffcea6d3ee50fa738","transactionPosition":1,"type":"call"},{"action":{"from":"0x7435ed30a8b4aeb0877cef0c6e8cffe834eb865f","gas":"0x4b0e","init":"0x600d380380600d6000396000f336156009575f355f555b305f525f5460205260405ff3","value":"0x0","creationMethod":"create"},"blockHash":"0xf5de2a84c954882baa45ac90c79baa2a966ddf7d8ea14d8a87e1e17c449d123e","blockNumber":2,"result":{"address":"0x4055cae5c7d838cda10d40f9d07106c7f5f3be1c","code":"0x36156009575f355f555b305f525f5460205260405ff3","gasUsed":"0x114d"},"subtraces":0,"traceAddress":[],"transactionHash":"0x512b5deddff16d21ebba7b730d935b4287dbb839e77eb05b37b34ce5eb229933","transactionPosition":2,"type":"create"},{"action":{"from":"0x7435ed30a8b4aeb0877cef0c6e8cffe834eb865f","callType":"call","gas":"0x0","input":"0x","to":"0x0000000000000000000000000000000000000000","value":"0x0"},"blockHash":"0xf5de2a84c954882baa45ac90c79baa2a966ddf7d8ea14d8a87e1e17c449d123e","blockNumber":2,"result":{"gasUsed":"0x0","output":"0x"},"subtraces":0,"traceAddress":[],"transactionHash":"0xb54bc1221b206db9ee0449a716ddde73c1e2d0f72d2e789fcb51230fe851cc8a","transactionPosition":3,"type":"call"},{"action":{"from":"0x7435ed30a8b4aeb0877cef0c6e8cffe834eb865f","callType":"call","gas":"0xbef8","input":"0x696e766f6b6564","to":"0xeda8645ba6948855e3b3cd596bbb07596d59c603","value":"0x0"},"blockHash":"0xf5de2a84c954882baa45ac90c79baa2a966ddf7d8ea14d8a87e1e17c449d123e","blockNumber":2,"result":{"gasUsed":"0x56ec","output":"0x000000000000000000000000eda8645ba6948855e3b3cd596bbb07596d59c603696e766f6b656400000000000000000000000000000000000000000000000000"},"subtraces":0,"traceAddress":[],"transactionHash":"0x4e0240fe2995f7a21013fbe4af0ad9330daac8c29008e22b7d71b4672357f014","transactionPosition":4,"type":"call"}]}
response differs from expected (-- client, ++ test):
{
  "id": 1,
  "jsonrpc": "2.0",
  "result": -- [] ++ {}
}


-- interop/filter-from-only-union (reth_development)
>>  {"jsonrpc": "2.0", "id": 1, "method": "trace_filter", "params": [{"fromBlock": "0x2", "toBlock": "0x2", "fromAddress": ["0x7435ed30a8b4aeb0877cef0c6e8cffe834eb865f"], "mode": "union"}]}
<<  {"jsonrpc":"2.0","id":1,"result":[{"action":{"from":"0x7435ed30a8b4aeb0877cef0c6e8cffe834eb865f","callType":"call","gas":"0x13488","input":"0x01","to":"0x9dcd17433742f4c0ca53122ab541d0ba67fc27d3","value":"0x0"},"blockHash":"0xf5de2a84c954882baa45ac90c79baa2a966ddf7d8ea14d8a87e1e17c449d123e","blockNumber":2,"error":"Reverted","result":{"gasUsed":"0x889","output":"0x08c379a00000000000000000000000000000000000000000000000000000000000000020000000000000000000000000000000000000000000000000000000000000000a75736572206572726f72"},"subtraces":0,"traceAddress":[],"transactionHash":"0x827f578f78815feb24e5d992addb5d6d184958aad72d02c213271f4b4ac780ae","transactionPosition":0,"type":"call"},{"action":{"from":"0x7435ed30a8b4aeb0877cef0c6e8cffe834eb865f","callType":"call","gas":"0x8d5b8","input":"0x","to":"0x9dcd17433742f4c0ca53122ab541d0ba67fc27d0","value":"0x0"},"blockHash":"0xf5de2a84c954882baa45ac90c79baa2a966ddf7d8ea14d8a87e1e17c449d123e","blockNumber":2,"result":{"gasUsed":"0x2343f","output":"0xffee"},"subtraces":7,"traceAddress":[],"transactionHash":"0x55d219e322321525fb6d15c388d730e0f6d0ae119e68163ffcea6d3ee50fa738","transactionPosition":1,"type":"call"},{"action":{"from":"0x7435ed30a8b4aeb0877cef0c6e8cffe834eb865f","gas":"0x4b0e","init":"0x600d380380600d6000396000f336156009575f355f555b305f525f5460205260405ff3","value":"0x0","creationMethod":"create"},"blockHash":"0xf5de2a84c954882baa45ac90c79baa2a966ddf7d8ea14d8a87e1e17c449d123e","blockNumber":2,"result":{"address":"0x4055cae5c7d838cda10d40f9d07106c7f5f3be1c","code":"0x36156009575f355f555b305f525f5460205260405ff3","gasUsed":"0x114d"},"subtraces":0,"traceAddress":[],"transactionHash":"0x512b5deddff16d21ebba7b730d935b4287dbb839e77eb05b37b34ce5eb229933","transactionPosition":2,"type":"create"},{"action":{"from":"0x7435ed30a8b4aeb0877cef0c6e8cffe834eb865f","callType":"call","gas":"0x0","input":"0x","to":"0x0000000000000000000000000000000000000000","value":"0x0"},"blockHash":"0xf5de2a84c954882baa45ac90c79baa2a966ddf7d8ea14d8a87e1e17c449d123e","blockNumber":2,"result":{"gasUsed":"0x0","output":"0x"},"subtraces":0,"traceAddress":[],"transactionHash":"0xb54bc1221b206db9ee0449a716ddde73c1e2d0f72d2e789fcb51230fe851cc8a","transactionPosition":3,"type":"call"},{"action":{"from":"0x7435ed30a8b4aeb0877cef0c6e8cffe834eb865f","callType":"call","gas":"0xbef8","input":"0x696e766f6b6564","to":"0xeda8645ba6948855e3b3cd596bbb07596d59c603","value":"0x0"},"blockHash":"0xf5de2a84c954882baa45ac90c79baa2a966ddf7d8ea14d8a87e1e17c449d123e","blockNumber":2,"result":{"gasUsed":"0x56ec","output":"0x000000000000000000000000eda8645ba6948855e3b3cd596bbb07596d59c603696e766f6b656400000000000000000000000000000000000000000000000000"},"subtraces":0,"traceAddress":[],"transactionHash":"0x4e0240fe2995f7a21013fbe4af0ad9330daac8c29008e22b7d71b4672357f014","transactionPosition":4,"type":"call"}]}
response differs from expected (-- client, ++ test):
{
  "id": 1,
  "jsonrpc": "2.0",
  "result": -- [] ++ {}
}


-- interop/filter-to-null (reth_development)
>>  {"jsonrpc": "2.0", "id": 1, "method": "trace_filter", "params": [{"fromBlock": "0x2", "toBlock": "0x2", "toAddress": null}]}
<<  {"jsonrpc":"2.0","id":1,"error":{"code":-32602,"message":"Invalid params","data":"invalid type: null, expected a sequence at line 1 column 56"}}
response differs from expected (-- client, ++ test):
{
  -- "error": {
    -- "code": -32602,
    -- "data": "invalid type: null, expected a sequence at line 1 column 56",
    -- "message": "Invalid params"
  -- },
  "id": 1,
  "jsonrpc": "2.0",
  ++ "result": {
    ++ "capture_only": true
  ++ }
}


-- interop/filter-to-only-intersection (reth_development)
>>  {"jsonrpc": "2.0", "id": 1, "method": "trace_filter", "params": [{"fromBlock": "0x2", "toBlock": "0x2", "toAddress": ["0x9dcd17433742f4c0ca53122ab541d0ba67fc27d0"], "mode": "intersection"}]}
<<  {"jsonrpc":"2.0","id":1,"result":[{"action":{"from":"0x7435ed30a8b4aeb0877cef0c6e8cffe834eb865f","callType":"call","gas":"0x8d5b8","input":"0x","to":"0x9dcd17433742f4c0ca53122ab541d0ba67fc27d0","value":"0x0"},"blockHash":"0xf5de2a84c954882baa45ac90c79baa2a966ddf7d8ea14d8a87e1e17c449d123e","blockNumber":2,"result":{"gasUsed":"0x2343f","output":"0xffee"},"subtraces":7,"traceAddress":[],"transactionHash":"0x55d219e322321525fb6d15c388d730e0f6d0ae119e68163ffcea6d3ee50fa738","transactionPosition":1,"type":"call"},{"action":{"address":"0x2d303c5b7911d87d594bf1b31fbb9aa187888893","balance":"0x0","refundAddress":"0x9dcd17433742f4c0ca53122ab541d0ba67fc27d0"},"blockHash":"0xf5de2a84c954882baa45ac90c79baa2a966ddf7d8ea14d8a87e1e17c449d123e","blockNumber":2,"result":null,"subtraces":0,"traceAddress":[6,0],"transactionHash":"0x55d219e322321525fb6d15c388d730e0f6d0ae119e68163ffcea6d3ee50fa738","transactionPosition":1,"type":"suicide"}]}
response differs from expected (-- client, ++ test):
{
  "id": 1,
  "jsonrpc": "2.0",
  "result": -- [] ++ {}
}


-- interop/filter-to-only-union (reth_development)
>>  {"jsonrpc": "2.0", "id": 1, "method": "trace_filter", "params": [{"fromBlock": "0x2", "toBlock": "0x2", "toAddress": ["0x9dcd17433742f4c0ca53122ab541d0ba67fc27d0"], "mode": "union"}]}
<<  {"jsonrpc":"2.0","id":1,"result":[{"action":{"from":"0x7435ed30a8b4aeb0877cef0c6e8cffe834eb865f","callType":"call","gas":"0x8d5b8","input":"0x","to":"0x9dcd17433742f4c0ca53122ab541d0ba67fc27d0","value":"0x0"},"blockHash":"0xf5de2a84c954882baa45ac90c79baa2a966ddf7d8ea14d8a87e1e17c449d123e","blockNumber":2,"result":{"gasUsed":"0x2343f","output":"0xffee"},"subtraces":7,"traceAddress":[],"transactionHash":"0x55d219e322321525fb6d15c388d730e0f6d0ae119e68163ffcea6d3ee50fa738","transactionPosition":1,"type":"call"},{"action":{"address":"0x2d303c5b7911d87d594bf1b31fbb9aa187888893","balance":"0x0","refundAddress":"0x9dcd17433742f4c0ca53122ab541d0ba67fc27d0"},"blockHash":"0xf5de2a84c954882baa45ac90c79baa2a966ddf7d8ea14d8a87e1e17c449d123e","blockNumber":2,"result":null,"subtraces":0,"traceAddress":[6,0],"transactionHash":"0x55d219e322321525fb6d15c388d730e0f6d0ae119e68163ffcea6d3ee50fa738","transactionPosition":1,"type":"suicide"}]}
response differs from expected (-- client, ++ test):
{
  "id": 1,
  "jsonrpc": "2.0",
  "result": -- [] ++ {}
}


-- interop/transaction-tree (reth_development)
>>  {"jsonrpc": "2.0", "id": 1, "method": "trace_transaction", "params": ["0x55d219e322321525fb6d15c388d730e0f6d0ae119e68163ffcea6d3ee50fa738"]}
<<  {"jsonrpc":"2.0","id":1,"result":[{"action":{"from":"0x7435ed30a8b4aeb0877cef0c6e8cffe834eb865f","callType":"call","gas":"0x8d5b8","input":"0x","to":"0x9dcd17433742f4c0ca53122ab541d0ba67fc27d0","value":"0x0"},"blockHash":"0xf5de2a84c954882baa45ac90c79baa2a966ddf7d8ea14d8a87e1e17c449d123e","blockNumber":2,"result":{"gasUsed":"0x2343f","output":"0xffee"},"subtraces":7,"traceAddress":[],"transactionHash":"0x55d219e322321525fb6d15c388d730e0f6d0ae119e68163ffcea6d3ee50fa738","transactionPosition":1,"type":"call"},{"action":{"from":"0x9dcd17433742f4c0ca53122ab541d0ba67fc27d0","callType":"call","gas":"0xf35c","input":"0xff01","to":"0x9dcd17433742f4c0ca53122ab541d0ba67fc27d1","value":"0x1"},"blockHash":"0xf5de2a84c954882baa45ac90c79baa2a966ddf7d8ea14d8a87e1e17c449d123e","blockNumber":2,"result":{"gasUsed":"0x48","output":"0xffee"},"subtraces":0,"traceAddress":[0],"transactionHash":"0x55d219e322321525fb6d15c388d730e0f6d0ae119e68163ffcea6d3ee50fa738","transactionPosition":1,"type":"call"},{"action":{"from":"0x9dcd17433742f4c0ca53122ab541d0ba67fc27d0","callType":"call","gas":"0xea60","input":"0x0000000000000000000000000000000000000000000000000000000000000001","to":"0x9dcd17433742f4c0ca53122ab541d0ba67fc27d3","value":"0x0"},"blockHash":"0xf5de2a84c954882baa45ac90c79baa2a966ddf7d8ea14d8a87e1e17c449d123e","blockNumber":2,"error":"Reverted","result":{"gasUsed":"0x889","output":"0x08c379a00000000000000000000000000000000000000000000000000000000000000020000000000000000000000000000000000000000000000000000000000000000a75736572206572726f72"},"subtraces":0,"traceAddress":[1],"transactionHash":"0x55d219e322321525fb6d15c388d730e0f6d0ae119e68163ffcea6d3ee50fa738","transactionPosition":1,"type":"call"},{"action":{"from":"0x9dcd17433742f4c0ca53122ab541d0ba67fc27d0","callType":"staticcall","gas":"0xea60","input":"0x","to":"0x9dcd17433742f4c0ca53122ab541d0ba67fc27d2","value":"0x0"},"blockHash":"0xf5de2a84c954882baa45ac90c79baa2a966ddf7d8ea14d8a87e1e17c449d123e","blockNumber":2,"result":{"gasUsed":"0x7d","output":"0x0000000000000000000000000000000000000000000000000000000000000002000000000000000000000000000000000000000000000000000c72dd9d5e883e0000000000000000000000000000000000000000000000000000000000000000000000000000000000000000000000000000000000000000000000002da9cd6d00000000000000000000000000000000000000000000000000000000000000000000000000000000000000007435ed30a8b4aeb0877cef0c6e8cffe834eb865f0000000000000000000000000000000000000000000000000000000000000000"},"subtraces":0,"traceAddress":[2],"transactionHash":"0x55d219e322321525fb6d15c388d730e0f6d0ae119e68163ffcea6d3ee50fa738","transactionPosition":1,"type":"call"},{"action":{"from":"0x9dcd17433742f4c0ca53122ab541d0ba67fc27d0","callType":"staticcall","gas":"0xea60","input":"0x","to":"0x7dcd17433742f4c0ca53122ab541d0ba67fc27df","value":"0x0"},"blockHash":"0xf5de2a84c954882baa45ac90c79baa2a966ddf7d8ea14d8a87e1e17c449d123e","blockNumber":2,"error":"StateChangeDuringStaticCall","result":null,"subtraces":0,"traceAddress":[3],"transactionHash":"0x55d219e322321525fb6d15c388d730e0f6d0ae119e68163ffcea6d3ee50fa738","transactionPosition":1,"type":"call"},{"action":{"from":"0x9dcd17433742f4c0ca53122ab541d0ba67fc27d0","callType":"delegatecall","gas":"0xea60","input":"0x00000000","to":"0x7dcd17433742f4c0ca53122ab541d0ba67fc27df","value":"0x0"},"blockHash":"0xf5de2a84c954882baa45ac90c79baa2a966ddf7d8ea14d8a87e1e17c449d123e","blockNumber":2,"result":{"gasUsed":"0x64b0","output":"0x"},"subtraces":0,"traceAddress":[4],"transactionHash":"0x55d219e322321525fb6d15c388d730e0f6d0ae119e68163ffcea6d3ee50fa738","transactionPosition":1,"type":"call"},{"action":{"from":"0x9dcd17433742f4c0ca53122ab541d0ba67fc27d0","callType":"callcode","gas":"0xea60","input":"0xff01","to":"0x9dcd17433742f4c0ca53122ab541d0ba67fc27d1","value":"0x0"},"blockHash":"0xf5de2a84c954882baa45ac90c79baa2a966ddf7d8ea14d8a87e1e17c449d123e","blockNumber":2,"result":{"gasUsed":"0x48","output":"0xffee"},"subtraces":0,"traceAddress":[5],"transactionHash":"0x55d219e322321525fb6d15c388d730e0f6d0ae119e68163ffcea6d3ee50fa738","transactionPosition":1,"type":"call"},{"action":{"from":"0x9dcd17433742f4c0ca53122ab541d0ba67fc27d0","gas":"0x6a00f","init":"0x5b646368696c6460006000a133ff","value":"0x0","creationMethod":"create"},"blockHash":"0xf5de2a84c954882baa45ac90c79baa2a966ddf7d8ea14d8a87e1e17c449d123e","blockNumber":2,"result":{"address":"0x2d303c5b7911d87d594bf1b31fbb9aa187888893","code":"0x","gasUsed":"0x1682"},"subtraces":1,"traceAddress":[6],"transactionHash":"0x55d219e322321525fb6d15c388d730e0f6d0ae119e68163ffcea6d3ee50fa738","transactionPosition":1,"type":"create"},{"action":{"address":"0x2d303c5b7911d87d594bf1b31fbb9aa187888893","balance":"0x0","refundAddress":"0x9dcd17433742f4c0ca53122ab541d0ba67fc27d0"},"blockHash":"0xf5de2a84c954882baa45ac90c79baa2a966ddf7d8ea14d8a87e1e17c449d123e","blockNumber":2,"result":null,"subtraces":0,"traceAddress":[6,0],"transactionHash":"0x55d219e322321525fb6d15c388d730e0f6d0ae119e68163ffcea6d3ee50fa738","transactionPosition":1,"type":"suicide"}]}
response differs from expected (-- client, ++ test):
{
  "id": 1,
  "jsonrpc": "2.0",
  "result": -- [] ++ {}
}


-- client launch (reth_development)
sending engine_forkchoiceUpdatedV3: [map[finalizedBlockHash:0x9901db3a31e7004c45911fca4480b7dce86a4baeab819eb4959d7316f687d54c headBlockHash:0xf0b1510b2a9c8d4c4bd1ff2c578ddbffc04741aa06b3cc8680a343741ef15e84 safeBlockHash:0xf0b1510b2a9c8d4c4bd1ff2c578ddbffc04741aa06b3cc8680a343741ef15e84] <nil>]
response: map[payloadId:<nil> payloadStatus:map[latestValidHash:0xf0b1510b2a9c8d4c4bd1ff2c578ddbffc04741aa06b3cc8680a343741ef15e84 status:VALID validationError:<nil>]]


-- interop/_control/head (reth_release)
>>  {"jsonrpc": "2.0", "id": 1, "method": "eth_getBlockByNumber", "params": ["0x30", false]}
<<  {"jsonrpc":"2.0","id":1,"result":{"hash":"0xf0b1510b2a9c8d4c4bd1ff2c578ddbffc04741aa06b3cc8680a343741ef15e84","parentHash":"0xaede89efdac80ce5f55b93ee934eddc67b5c8a4282b18a86ca635d69234301f3","sha3Uncles":"0x1dcc4de8dec75d7aab85b567b6ccd41ad312451b948a7413f0a142fd40d49347","miner":"0x0000000000000000000000000000000000000000","stateRoot":"0xbce840ac9806ecb3d791bf55bfcfa9460ff3275996aff265fc75e2a2f3efdb26","transactionsRoot":"0x3d96f46f0efae36059fcba93396d90ed19260e009e9dac0057a1d87e66dc17d0","receiptsRoot":"0x4b7fefa97a453e0ee0cea1d51ca4ab3729f3a2a6a8388a5a3b13765eec3720b7","logsBloom":"0x00000000000000000000000000000000000000000000000000000000000000000000000000000000000000000000000000000000000000000000000000000000000000000000000000000000000000000000000000000000000000000000000000000000000000000000000000000000000000000000000000000000000000000000000000000000000000000000000000000000000000000000000000000000000000000000000000000000000000000000000000000000000000000000000000000000000000000000000000000000000000000000000000000000000000000000000000000000000000000000000000000000000000000000000000000000","difficulty":"0x0","number":"0x30","gasLimit":"0x5f5e100","gasUsed":"0xf618","timestamp":"0x1e0","extraData":"0x","mixHash":"0x0000000000000000000000000000000000000000000000000000000000000000","nonce":"0x0000000000000000","baseFeePerGas":"0x199876","withdrawalsRoot":"0x56e81f171bcc55a6ff8345e692c0f86e5b48e01b996cadc001622fb5e363b421","blobGasUsed":"0x0","excessBlobGas":"0x0","parentBeaconBlockRoot":"0x5b5b49487967b3b60bd859ba2fb13290c6eaf67e97e9f9f9dda935c08564b5f6","requestsHash":"0xe3b0c44298fc1c149afbf4c8996fb92427ae41e4649b934ca495991b7852b855","size":"0x3b8","uncles":[],"transactions":["0x8e96b39ab5e268215283ab40d65139edc6f281f4d79444b6b0a87861c5f8a1d5","0x7045e365111563c3f68594c54d9c4d7e3445f0cfc9671f68e8a0122f849f3f18","0xbe7d79a54b361c1515802fdf8e3843694b3a93350a9097b84c5582686c77163c"],"withdrawals":[]}}
response differs from expected (-- client, ++ test):
{
  "id": 1,
  "jsonrpc": "2.0",
  "result": {
    -- "baseFeePerGas": "0x199876",
    -- "blobGasUsed": "0x0",
    ++ "capture_only": true,
    -- "difficulty": "0x0",
    -- "excessBlobGas": "0x0",
    -- "extraData": "0x",
    -- "gasLimit": "0x5f5e100",
    -- "gasUsed": "0xf618",
    -- "hash": "0xf0b1510b2a9c8d4c4bd1ff2c578ddbffc04741aa06b3cc8680a343741ef15e84",
    -- "logsBloom": "0x00000000000000000000000000000000000000000000000000000000000000000000000000000000000000000000000000000000000000000000000000000000000000000000000000000000000000000000000000000000000000000000000000000000000000000000000000000000000000000000000000000000000000000000000000000000000000000000000000000000000000000000000000000000000000000000000000000000000000000000000000000000000000000000000000000000000000000000000000000000000000000000000000000000000000000000000000000000000000000000000000000000000000000000000000000000",
    -- "miner": "0x0000000000000000000000000000000000000000",
    -- "mixHash": "0x0000000000000000000000000000000000000000000000000000000000000000",
    -- "nonce": "0x0000000000000000",
    -- "number": "0x30",
    -- "parentBeaconBlockRoot": "0x5b5b49487967b3b60bd859ba2fb13290c6eaf67e97e9f9f9dda935c08564b5f6",
    -- "parentHash": "0xaede89efdac80ce5f55b93ee934eddc67b5c8a4282b18a86ca635d69234301f3",
    -- "receiptsRoot": "0x4b7fefa97a453e0ee0cea1d51ca4ab3729f3a2a6a8388a5a3b13765eec3720b7",
    -- "requestsHash": "0xe3b0c44298fc1c149afbf4c8996fb92427ae41e4649b934ca495991b7852b855",
    -- "sha3Uncles": "0x1dcc4de8dec75d7aab85b567b6ccd41ad312451b948a7413f0a142fd40d49347",
    -- "size": "0x3b8",
    -- "stateRoot": "0xbce840ac9806ecb3d791bf55bfcfa9460ff3275996aff265fc75e2a2f3efdb26",
    -- "timestamp": "0x1e0",
    -- "transactions": [
      -- "0x8e96b39ab5e268215283ab40d65139edc6f281f4d79444b6b0a87861c5f8a1d5",
      -- "0x7045e365111563c3f68594c54d9c4d7e3445f0cfc9671f68e8a0122f849f3f18",
      -- "0xbe7d79a54b361c1515802fdf8e3843694b3a93350a9097b84c5582686c77163c"
    -- ],
    -- "transactionsRoot": "0x3d96f46f0efae36059fcba93396d90ed19260e009e9dac0057a1d87e66dc17d0",
    -- "uncles": [],
    -- "withdrawals": [],
    -- "withdrawalsRoot": "0x56e81f171bcc55a6ff8345e692c0f86e5b48e01b996cadc001622fb5e363b421"
  }
}


-- interop/_control/version (reth_release)
>>  {"jsonrpc": "2.0", "id": 1, "method": "web3_clientVersion", "params": []}
<<  {"jsonrpc":"2.0","id":1,"result":"reth/v2.6.0-73a3a00/x86_64-unknown-linux-gnu"}
response differs from expected (-- client, ++ test):
{
  "id": 1,
  "jsonrpc": "2.0",
  "result": -- "reth/v2.6.0-73a3a00/x86_64-unknown-linux-gnu" ++ {}
}


-- interop/block-2 (reth_release)
>>  {"jsonrpc": "2.0", "id": 1, "method": "trace_block", "params": ["0x2"]}
<<  {"jsonrpc":"2.0","id":1,"result":[{"action":{"from":"0x7435ed30a8b4aeb0877cef0c6e8cffe834eb865f","callType":"call","gas":"0x13488","input":"0x01","to":"0x9dcd17433742f4c0ca53122ab541d0ba67fc27d3","value":"0x0"},"blockHash":"0xf5de2a84c954882baa45ac90c79baa2a966ddf7d8ea14d8a87e1e17c449d123e","blockNumber":2,"error":"Reverted","result":{"gasUsed":"0x889","output":"0x08c379a00000000000000000000000000000000000000000000000000000000000000020000000000000000000000000000000000000000000000000000000000000000a75736572206572726f72"},"subtraces":0,"traceAddress":[],"transactionHash":"0x827f578f78815feb24e5d992addb5d6d184958aad72d02c213271f4b4ac780ae","transactionPosition":0,"type":"call"},{"action":{"from":"0x7435ed30a8b4aeb0877cef0c6e8cffe834eb865f","callType":"call","gas":"0x8d5b8","input":"0x","to":"0x9dcd17433742f4c0ca53122ab541d0ba67fc27d0","value":"0x0"},"blockHash":"0xf5de2a84c954882baa45ac90c79baa2a966ddf7d8ea14d8a87e1e17c449d123e","blockNumber":2,"result":{"gasUsed":"0x2343f","output":"0xffee"},"subtraces":7,"traceAddress":[],"transactionHash":"0x55d219e322321525fb6d15c388d730e0f6d0ae119e68163ffcea6d3ee50fa738","transactionPosition":1,"type":"call"},{"action":{"from":"0x9dcd17433742f4c0ca53122ab541d0ba67fc27d0","callType":"call","gas":"0xf35c","input":"0xff01","to":"0x9dcd17433742f4c0ca53122ab541d0ba67fc27d1","value":"0x1"},"blockHash":"0xf5de2a84c954882baa45ac90c79baa2a966ddf7d8ea14d8a87e1e17c449d123e","blockNumber":2,"result":{"gasUsed":"0x48","output":"0xffee"},"subtraces":0,"traceAddress":[0],"transactionHash":"0x55d219e322321525fb6d15c388d730e0f6d0ae119e68163ffcea6d3ee50fa738","transactionPosition":1,"type":"call"},{"action":{"from":"0x9dcd17433742f4c0ca53122ab541d0ba67fc27d0","callType":"call","gas":"0xea60","input":"0x0000000000000000000000000000000000000000000000000000000000000001","to":"0x9dcd17433742f4c0ca53122ab541d0ba67fc27d3","value":"0x0"},"blockHash":"0xf5de2a84c954882baa45ac90c79baa2a966ddf7d8ea14d8a87e1e17c449d123e","blockNumber":2,"error":"Reverted","result":{"gasUsed":"0x889","output":"0x08c379a00000000000000000000000000000000000000000000000000000000000000020000000000000000000000000000000000000000000000000000000000000000a75736572206572726f72"},"subtraces":0,"traceAddress":[1],"transactionHash":"0x55d219e322321525fb6d15c388d730e0f6d0ae119e68163ffcea6d3ee50fa738","transactionPosition":1,"type":"call"},{"action":{"from":"0x9dcd17433742f4c0ca53122ab541d0ba67fc27d0","callType":"staticcall","gas":"0xea60","input":"0x","to":"0x9dcd17433742f4c0ca53122ab541d0ba67fc27d2","value":"0x0"},"blockHash":"0xf5de2a84c954882baa45ac90c79baa2a966ddf7d8ea14d8a87e1e17c449d123e","blockNumber":2,"result":{"gasUsed":"0x7d","output":"0x0000000000000000000000000000000000000000000000000000000000000002000000000000000000000000000000000000000000000000000c72dd9d5e883e0000000000000000000000000000000000000000000000000000000000000000000000000000000000000000000000000000000000000000000000002da9cd6d00000000000000000000000000000000000000000000000000000000000000000000000000000000000000007435ed30a8b4aeb0877cef0c6e8cffe834eb865f0000000000000000000000000000000000000000000000000000000000000000"},"subtraces":0,"traceAddress":[2],"transactionHash":"0x55d219e322321525fb6d15c388d730e0f6d0ae119e68163ffcea6d3ee50fa738","transactionPosition":1,"type":"call"},{"action":{"from":"0x9dcd17433742f4c0ca53122ab541d0ba67fc27d0","callType":"staticcall","gas":"0xea60","input":"0x","to":"0x7dcd17433742f4c0ca53122ab541d0ba67fc27df","value":"0x0"},"blockHash":"0xf5de2a84c954882baa45ac90c79baa2a966ddf7d8ea14d8a87e1e17c449d123e","blockNumber":2,"error":"StateChangeDuringStaticCall","result":null,"subtraces":0,"traceAddress":[3],"transactionHash":"0x55d219e322321525fb6d15c388d730e0f6d0ae119e68163ffcea6d3ee50fa738","transactionPosition":1,"type":"call"},{"action":{"from":"0x9dcd17433742f4c0ca53122ab541d0ba67fc27d0","callType":"delegatecall","gas":"0xea60","input":"0x00000000","to":"0x7dcd17433742f4c0ca53122ab541d0ba67fc27df","value":"0x0"},"blockHash":"0xf5de2a84c954882baa45ac90c79baa2a966ddf7d8ea14d8a87e1e17c449d123e","blockNumber":2,"result":{"gasUsed":"0x64b0","output":"0x"},"subtraces":0,"traceAddress":[4],"transactionHash":"0x55d219e322321525fb6d15c388d730e0f6d0ae119e68163ffcea6d3ee50fa738","transactionPosition":1,"type":"call"},{"action":{"from":"0x9dcd17433742f4c0ca53122ab541d0ba67fc27d0","callType":"callcode","gas":"0xea60","input":"0xff01","to":"0x9dcd17433742f4c0ca53122ab541d0ba67fc27d1","value":"0x0"},"blockHash":"0xf5de2a84c954882baa45ac90c79baa2a966ddf7d8ea14d8a87e1e17c449d123e","blockNumber":2,"result":{"gasUsed":"0x48","output":"0xffee"},"subtraces":0,"traceAddress":[5],"transactionHash":"0x55d219e322321525fb6d15c388d730e0f6d0ae119e68163ffcea6d3ee50fa738","transactionPosition":1,"type":"call"},{"action":{"from":"0x9dcd17433742f4c0ca53122ab541d0ba67fc27d0","gas":"0x6a00f","init":"0x5b646368696c6460006000a133ff","value":"0x0","creationMethod":"create"},"blockHash":"0xf5de2a84c954882baa45ac90c79baa2a966ddf7d8ea14d8a87e1e17c449d123e","blockNumber":2,"result":{"address":"0x2d303c5b7911d87d594bf1b31fbb9aa187888893","code":"0x","gasUsed":"0x1682"},"subtraces":1,"traceAddress":[6],"transactionHash":"0x55d219e322321525fb6d15c388d730e0f6d0ae119e68163ffcea6d3ee50fa738","transactionPosition":1,"type":"create"},{"action":{"address":"0x2d303c5b7911d87d594bf1b31fbb9aa187888893","balance":"0x0","refundAddress":"0x9dcd17433742f4c0ca53122ab541d0ba67fc27d0"},"blockHash":"0xf5de2a84c954882baa45ac90c79baa2a966ddf7d8ea14d8a87e1e17c449d123e","blockNumber":2,"result":null,"subtraces":0,"traceAddress":[6,0],"transactionHash":"0x55d219e322321525fb6d15c388d730e0f6d0ae119e68163ffcea6d3ee50fa738","transactionPosition":1,"type":"suicide"},{"action":{"from":"0x7435ed30a8b4aeb0877cef0c6e8cffe834eb865f","gas":"0x4b0e","init":"0x600d380380600d6000396000f336156009575f355f555b305f525f5460205260405ff3","value":"0x0","creationMethod":"create"},"blockHash":"0xf5de2a84c954882baa45ac90c79baa2a966ddf7d8ea14d8a87e1e17c449d123e","blockNumber":2,"result":{"address":"0x4055cae5c7d838cda10d40f9d07106c7f5f3be1c","code":"0x36156009575f355f555b305f525f5460205260405ff3","gasUsed":"0x114d"},"subtraces":0,"traceAddress":[],"transactionHash":"0x512b5deddff16d21ebba7b730d935b4287dbb839e77eb05b37b34ce5eb229933","transactionPosition":2,"type":"create"},{"action":{"from":"0x7435ed30a8b4aeb0877cef0c6e8cffe834eb865f","callType":"call","gas":"0x0","input":"0x","to":"0x0000000000000000000000000000000000000000","value":"0x0"},"blockHash":"0xf5de2a84c954882baa45ac90c79baa2a966ddf7d8ea14d8a87e1e17c449d123e","blockNumber":2,"result":{"gasUsed":"0x0","output":"0x"},"subtraces":0,"traceAddress":[],"transactionHash":"0xb54bc1221b206db9ee0449a716ddde73c1e2d0f72d2e789fcb51230fe851cc8a","transactionPosition":3,"type":"call"},{"action":{"from":"0x7435ed30a8b4aeb0877cef0c6e8cffe834eb865f","callType":"call","gas":"0xbef8","input":"0x696e766f6b6564","to":"0xeda8645ba6948855e3b3cd596bbb07596d59c603","value":"0x0"},"blockHash":"0xf5de2a84c954882baa45ac90c79baa2a966ddf7d8ea14d8a87e1e17c449d123e","blockNumber":2,"result":{"gasUsed":"0x56ec","output":"0x000000000000000000000000eda8645ba6948855e3b3cd596bbb07596d59c603696e766f6b656400000000000000000000000000000000000000000000000000"},"subtraces":0,"traceAddress":[],"transactionHash":"0x4e0240fe2995f7a21013fbe4af0ad9330daac8c29008e22b7d71b4672357f014","transactionPosition":4,"type":"call"}]}
response differs from expected (-- client, ++ test):
{
  "id": 1,
  "jsonrpc": "2.0",
  "result": -- [] ++ {}
}


-- interop/block-3 (reth_release)
>>  {"jsonrpc": "2.0", "id": 1, "method": "trace_block", "params": ["0x3"]}
<<  {"jsonrpc":"2.0","id":1,"result":[{"action":{"from":"0x7435ed30a8b4aeb0877cef0c6e8cffe834eb865f","callType":"call","gas":"0x11ba0","input":"0xdc4c8669df128318656d6974","to":"0x7dcd17433742f4c0ca53122ab541d0ba67fc27df","value":"0x2"},"blockHash":"0x01ba2f0e16a94e375a460eb303af615daf77ddfac7cc9d9cef96f22a6a095364","blockNumber":3,"result":{"gasUsed":"0x54ac","output":"0x"},"subtraces":0,"traceAddress":[],"transactionHash":"0x4845366f3ccc487743b759a1d23f430b405e5e56cd50e1a77ce6c2124dcfe842","transactionPosition":0,"type":"call"},{"action":{"from":"0x7435ed30a8b4aeb0877cef0c6e8cffe834eb865f","callType":"call","gas":"0x11ba0","input":"0x3f446a7c4145b1f0656d6974","to":"0x7dcd17433742f4c0ca53122ab541d0ba67fc27df","value":"0x2"},"blockHash":"0x01ba2f0e16a94e375a460eb303af615daf77ddfac7cc9d9cef96f22a6a095364","blockNumber":3,"result":{"gasUsed":"0x5f9c","output":"0x"},"subtraces":0,"traceAddress":[],"transactionHash":"0xbc02888b29321d89ffec6d3796f1e0d5b182999c26cd6a8e49ccad72db305ae7","transactionPosition":1,"type":"call"},{"action":{"from":"0x7435ed30a8b4aeb0877cef0c6e8cffe834eb865f","callType":"call","gas":"0x11ba0","input":"0x96fd14b8fdcbd4a9656d6974","to":"0x7dcd17433742f4c0ca53122ab541d0ba67fc27df","value":"0x3"},"blockHash":"0x01ba2f0e16a94e375a460eb303af615daf77ddfac7cc9d9cef96f22a6a095364","blockNumber":3,"result":{"gasUsed":"0x5f9c","output":"0x"},"subtraces":0,"traceAddress":[],"transactionHash":"0xf02ed84381c81d780bc5a5198252284fe9e1cbd6b108573049a35957cc32bf2d","transactionPosition":2,"type":"call"}]}
response differs from expected (-- client, ++ test):
{
  "id": 1,
  "jsonrpc": "2.0",
  "result": -- [] ++ {}
}


-- interop/filter-both-null (reth_release)
>>  {"jsonrpc": "2.0", "id": 1, "method": "trace_filter", "params": [{"fromBlock": "0x2", "toBlock": "0x2", "fromAddress": null, "toAddress": null}]}
<<  {"jsonrpc":"2.0","id":1,"error":{"code":-32602,"message":"Invalid params","data":"invalid type: null, expected a sequence at line 1 column 58"}}
response differs from expected (-- client, ++ test):
{
  -- "error": {
    -- "code": -32602,
    -- "data": "invalid type: null, expected a sequence at line 1 column 58",
    -- "message": "Invalid params"
  -- },
  "id": 1,
  "jsonrpc": "2.0",
  ++ "result": {
    ++ "capture_only": true
  ++ }
}


-- interop/filter-both-unknown-mode (reth_release)
>>  {"jsonrpc": "2.0", "id": 1, "method": "trace_filter", "params": [{"fromBlock": "0x2", "toBlock": "0x2", "fromAddress": ["0x7435ed30a8b4aeb0877cef0c6e8cffe834eb865f"], "toAddress": ["0x9dcd17433742f4c0ca53122ab541d0ba67fc27d0"], "mode": "garbage"}]}
<<  {"jsonrpc":"2.0","id":1,"error":{"code":-32602,"message":"Invalid params","data":"unknown variant `garbage`, expected `union` or `intersection` at line 1 column 180"}}
response differs from expected (-- client, ++ test):
{
  -- "error": {
    -- "code": -32602,
    -- "data": "unknown variant `garbage`, expected `union` or `intersection` at line 1 column 180",
    -- "message": "Invalid params"
  -- },
  "id": 1,
  "jsonrpc": "2.0",
  ++ "result": {
    ++ "capture_only": true
  ++ }
}


-- interop/filter-from-null (reth_release)
>>  {"jsonrpc": "2.0", "id": 1, "method": "trace_filter", "params": [{"fromBlock": "0x2", "toBlock": "0x2", "fromAddress": null}]}
<<  {"jsonrpc":"2.0","id":1,"error":{"code":-32602,"message":"Invalid params","data":"invalid type: null, expected a sequence at line 1 column 58"}}
response differs from expected (-- client, ++ test):
{
  -- "error": {
    -- "code": -32602,
    -- "data": "invalid type: null, expected a sequence at line 1 column 58",
    -- "message": "Invalid params"
  -- },
  "id": 1,
  "jsonrpc": "2.0",
  ++ "result": {
    ++ "capture_only": true
  ++ }
}


-- interop/filter-from-only-intersection (reth_release)
>>  {"jsonrpc": "2.0", "id": 1, "method": "trace_filter", "params": [{"fromBlock": "0x2", "toBlock": "0x2", "fromAddress": ["0x7435ed30a8b4aeb0877cef0c6e8cffe834eb865f"], "mode": "intersection"}]}
<<  {"jsonrpc":"2.0","id":1,"result":[{"action":{"from":"0x7435ed30a8b4aeb0877cef0c6e8cffe834eb865f","callType":"call","gas":"0x13488","input":"0x01","to":"0x9dcd17433742f4c0ca53122ab541d0ba67fc27d3","value":"0x0"},"blockHash":"0xf5de2a84c954882baa45ac90c79baa2a966ddf7d8ea14d8a87e1e17c449d123e","blockNumber":2,"error":"Reverted","result":{"gasUsed":"0x889","output":"0x08c379a00000000000000000000000000000000000000000000000000000000000000020000000000000000000000000000000000000000000000000000000000000000a75736572206572726f72"},"subtraces":0,"traceAddress":[],"transactionHash":"0x827f578f78815feb24e5d992addb5d6d184958aad72d02c213271f4b4ac780ae","transactionPosition":0,"type":"call"},{"action":{"from":"0x7435ed30a8b4aeb0877cef0c6e8cffe834eb865f","callType":"call","gas":"0x8d5b8","input":"0x","to":"0x9dcd17433742f4c0ca53122ab541d0ba67fc27d0","value":"0x0"},"blockHash":"0xf5de2a84c954882baa45ac90c79baa2a966ddf7d8ea14d8a87e1e17c449d123e","blockNumber":2,"result":{"gasUsed":"0x2343f","output":"0xffee"},"subtraces":7,"traceAddress":[],"transactionHash":"0x55d219e322321525fb6d15c388d730e0f6d0ae119e68163ffcea6d3ee50fa738","transactionPosition":1,"type":"call"},{"action":{"from":"0x7435ed30a8b4aeb0877cef0c6e8cffe834eb865f","gas":"0x4b0e","init":"0x600d380380600d6000396000f336156009575f355f555b305f525f5460205260405ff3","value":"0x0","creationMethod":"create"},"blockHash":"0xf5de2a84c954882baa45ac90c79baa2a966ddf7d8ea14d8a87e1e17c449d123e","blockNumber":2,"result":{"address":"0x4055cae5c7d838cda10d40f9d07106c7f5f3be1c","code":"0x36156009575f355f555b305f525f5460205260405ff3","gasUsed":"0x114d"},"subtraces":0,"traceAddress":[],"transactionHash":"0x512b5deddff16d21ebba7b730d935b4287dbb839e77eb05b37b34ce5eb229933","transactionPosition":2,"type":"create"},{"action":{"from":"0x7435ed30a8b4aeb0877cef0c6e8cffe834eb865f","callType":"call","gas":"0x0","input":"0x","to":"0x0000000000000000000000000000000000000000","value":"0x0"},"blockHash":"0xf5de2a84c954882baa45ac90c79baa2a966ddf7d8ea14d8a87e1e17c449d123e","blockNumber":2,"result":{"gasUsed":"0x0","output":"0x"},"subtraces":0,"traceAddress":[],"transactionHash":"0xb54bc1221b206db9ee0449a716ddde73c1e2d0f72d2e789fcb51230fe851cc8a","transactionPosition":3,"type":"call"},{"action":{"from":"0x7435ed30a8b4aeb0877cef0c6e8cffe834eb865f","callType":"call","gas":"0xbef8","input":"0x696e766f6b6564","to":"0xeda8645ba6948855e3b3cd596bbb07596d59c603","value":"0x0"},"blockHash":"0xf5de2a84c954882baa45ac90c79baa2a966ddf7d8ea14d8a87e1e17c449d123e","blockNumber":2,"result":{"gasUsed":"0x56ec","output":"0x000000000000000000000000eda8645ba6948855e3b3cd596bbb07596d59c603696e766f6b656400000000000000000000000000000000000000000000000000"},"subtraces":0,"traceAddress":[],"transactionHash":"0x4e0240fe2995f7a21013fbe4af0ad9330daac8c29008e22b7d71b4672357f014","transactionPosition":4,"type":"call"}]}
response differs from expected (-- client, ++ test):
{
  "id": 1,
  "jsonrpc": "2.0",
  "result": -- [] ++ {}
}


-- interop/filter-from-only-union (reth_release)
>>  {"jsonrpc": "2.0", "id": 1, "method": "trace_filter", "params": [{"fromBlock": "0x2", "toBlock": "0x2", "fromAddress": ["0x7435ed30a8b4aeb0877cef0c6e8cffe834eb865f"], "mode": "union"}]}
<<  {"jsonrpc":"2.0","id":1,"result":[{"action":{"from":"0x7435ed30a8b4aeb0877cef0c6e8cffe834eb865f","callType":"call","gas":"0x13488","input":"0x01","to":"0x9dcd17433742f4c0ca53122ab541d0ba67fc27d3","value":"0x0"},"blockHash":"0xf5de2a84c954882baa45ac90c79baa2a966ddf7d8ea14d8a87e1e17c449d123e","blockNumber":2,"error":"Reverted","result":{"gasUsed":"0x889","output":"0x08c379a00000000000000000000000000000000000000000000000000000000000000020000000000000000000000000000000000000000000000000000000000000000a75736572206572726f72"},"subtraces":0,"traceAddress":[],"transactionHash":"0x827f578f78815feb24e5d992addb5d6d184958aad72d02c213271f4b4ac780ae","transactionPosition":0,"type":"call"},{"action":{"from":"0x7435ed30a8b4aeb0877cef0c6e8cffe834eb865f","callType":"call","gas":"0x8d5b8","input":"0x","to":"0x9dcd17433742f4c0ca53122ab541d0ba67fc27d0","value":"0x0"},"blockHash":"0xf5de2a84c954882baa45ac90c79baa2a966ddf7d8ea14d8a87e1e17c449d123e","blockNumber":2,"result":{"gasUsed":"0x2343f","output":"0xffee"},"subtraces":7,"traceAddress":[],"transactionHash":"0x55d219e322321525fb6d15c388d730e0f6d0ae119e68163ffcea6d3ee50fa738","transactionPosition":1,"type":"call"},{"action":{"from":"0x7435ed30a8b4aeb0877cef0c6e8cffe834eb865f","gas":"0x4b0e","init":"0x600d380380600d6000396000f336156009575f355f555b305f525f5460205260405ff3","value":"0x0","creationMethod":"create"},"blockHash":"0xf5de2a84c954882baa45ac90c79baa2a966ddf7d8ea14d8a87e1e17c449d123e","blockNumber":2,"result":{"address":"0x4055cae5c7d838cda10d40f9d07106c7f5f3be1c","code":"0x36156009575f355f555b305f525f5460205260405ff3","gasUsed":"0x114d"},"subtraces":0,"traceAddress":[],"transactionHash":"0x512b5deddff16d21ebba7b730d935b4287dbb839e77eb05b37b34ce5eb229933","transactionPosition":2,"type":"create"},{"action":{"from":"0x7435ed30a8b4aeb0877cef0c6e8cffe834eb865f","callType":"call","gas":"0x0","input":"0x","to":"0x0000000000000000000000000000000000000000","value":"0x0"},"blockHash":"0xf5de2a84c954882baa45ac90c79baa2a966ddf7d8ea14d8a87e1e17c449d123e","blockNumber":2,"result":{"gasUsed":"0x0","output":"0x"},"subtraces":0,"traceAddress":[],"transactionHash":"0xb54bc1221b206db9ee0449a716ddde73c1e2d0f72d2e789fcb51230fe851cc8a","transactionPosition":3,"type":"call"},{"action":{"from":"0x7435ed30a8b4aeb0877cef0c6e8cffe834eb865f","callType":"call","gas":"0xbef8","input":"0x696e766f6b6564","to":"0xeda8645ba6948855e3b3cd596bbb07596d59c603","value":"0x0"},"blockHash":"0xf5de2a84c954882baa45ac90c79baa2a966ddf7d8ea14d8a87e1e17c449d123e","blockNumber":2,"result":{"gasUsed":"0x56ec","output":"0x000000000000000000000000eda8645ba6948855e3b3cd596bbb07596d59c603696e766f6b656400000000000000000000000000000000000000000000000000"},"subtraces":0,"traceAddress":[],"transactionHash":"0x4e0240fe2995f7a21013fbe4af0ad9330daac8c29008e22b7d71b4672357f014","transactionPosition":4,"type":"call"}]}
response differs from expected (-- client, ++ test):
{
  "id": 1,
  "jsonrpc": "2.0",
  "result": -- [] ++ {}
}


-- interop/filter-to-null (reth_release)
>>  {"jsonrpc": "2.0", "id": 1, "method": "trace_filter", "params": [{"fromBlock": "0x2", "toBlock": "0x2", "toAddress": null}]}
<<  {"jsonrpc":"2.0","id":1,"error":{"code":-32602,"message":"Invalid params","data":"invalid type: null, expected a sequence at line 1 column 56"}}
response differs from expected (-- client, ++ test):
{
  -- "error": {
    -- "code": -32602,
    -- "data": "invalid type: null, expected a sequence at line 1 column 56",
    -- "message": "Invalid params"
  -- },
  "id": 1,
  "jsonrpc": "2.0",
  ++ "result": {
    ++ "capture_only": true
  ++ }
}


-- interop/filter-to-only-intersection (reth_release)
>>  {"jsonrpc": "2.0", "id": 1, "method": "trace_filter", "params": [{"fromBlock": "0x2", "toBlock": "0x2", "toAddress": ["0x9dcd17433742f4c0ca53122ab541d0ba67fc27d0"], "mode": "intersection"}]}
<<  {"jsonrpc":"2.0","id":1,"result":[{"action":{"from":"0x7435ed30a8b4aeb0877cef0c6e8cffe834eb865f","callType":"call","gas":"0x8d5b8","input":"0x","to":"0x9dcd17433742f4c0ca53122ab541d0ba67fc27d0","value":"0x0"},"blockHash":"0xf5de2a84c954882baa45ac90c79baa2a966ddf7d8ea14d8a87e1e17c449d123e","blockNumber":2,"result":{"gasUsed":"0x2343f","output":"0xffee"},"subtraces":7,"traceAddress":[],"transactionHash":"0x55d219e322321525fb6d15c388d730e0f6d0ae119e68163ffcea6d3ee50fa738","transactionPosition":1,"type":"call"},{"action":{"address":"0x2d303c5b7911d87d594bf1b31fbb9aa187888893","balance":"0x0","refundAddress":"0x9dcd17433742f4c0ca53122ab541d0ba67fc27d0"},"blockHash":"0xf5de2a84c954882baa45ac90c79baa2a966ddf7d8ea14d8a87e1e17c449d123e","blockNumber":2,"result":null,"subtraces":0,"traceAddress":[6,0],"transactionHash":"0x55d219e322321525fb6d15c388d730e0f6d0ae119e68163ffcea6d3ee50fa738","transactionPosition":1,"type":"suicide"}]}
response differs from expected (-- client, ++ test):
{
  "id": 1,
  "jsonrpc": "2.0",
  "result": -- [] ++ {}
}


-- interop/filter-to-only-union (reth_release)
>>  {"jsonrpc": "2.0", "id": 1, "method": "trace_filter", "params": [{"fromBlock": "0x2", "toBlock": "0x2", "toAddress": ["0x9dcd17433742f4c0ca53122ab541d0ba67fc27d0"], "mode": "union"}]}
<<  {"jsonrpc":"2.0","id":1,"result":[{"action":{"from":"0x7435ed30a8b4aeb0877cef0c6e8cffe834eb865f","callType":"call","gas":"0x8d5b8","input":"0x","to":"0x9dcd17433742f4c0ca53122ab541d0ba67fc27d0","value":"0x0"},"blockHash":"0xf5de2a84c954882baa45ac90c79baa2a966ddf7d8ea14d8a87e1e17c449d123e","blockNumber":2,"result":{"gasUsed":"0x2343f","output":"0xffee"},"subtraces":7,"traceAddress":[],"transactionHash":"0x55d219e322321525fb6d15c388d730e0f6d0ae119e68163ffcea6d3ee50fa738","transactionPosition":1,"type":"call"},{"action":{"address":"0x2d303c5b7911d87d594bf1b31fbb9aa187888893","balance":"0x0","refundAddress":"0x9dcd17433742f4c0ca53122ab541d0ba67fc27d0"},"blockHash":"0xf5de2a84c954882baa45ac90c79baa2a966ddf7d8ea14d8a87e1e17c449d123e","blockNumber":2,"result":null,"subtraces":0,"traceAddress":[6,0],"transactionHash":"0x55d219e322321525fb6d15c388d730e0f6d0ae119e68163ffcea6d3ee50fa738","transactionPosition":1,"type":"suicide"}]}
response differs from expected (-- client, ++ test):
{
  "id": 1,
  "jsonrpc": "2.0",
  "result": -- [] ++ {}
}


-- interop/transaction-tree (reth_release)
>>  {"jsonrpc": "2.0", "id": 1, "method": "trace_transaction", "params": ["0x55d219e322321525fb6d15c388d730e0f6d0ae119e68163ffcea6d3ee50fa738"]}
<<  {"jsonrpc":"2.0","id":1,"result":[{"action":{"from":"0x7435ed30a8b4aeb0877cef0c6e8cffe834eb865f","callType":"call","gas":"0x8d5b8","input":"0x","to":"0x9dcd17433742f4c0ca53122ab541d0ba67fc27d0","value":"0x0"},"blockHash":"0xf5de2a84c954882baa45ac90c79baa2a966ddf7d8ea14d8a87e1e17c449d123e","blockNumber":2,"result":{"gasUsed":"0x2343f","output":"0xffee"},"subtraces":7,"traceAddress":[],"transactionHash":"0x55d219e322321525fb6d15c388d730e0f6d0ae119e68163ffcea6d3ee50fa738","transactionPosition":1,"type":"call"},{"action":{"from":"0x9dcd17433742f4c0ca53122ab541d0ba67fc27d0","callType":"call","gas":"0xf35c","input":"0xff01","to":"0x9dcd17433742f4c0ca53122ab541d0ba67fc27d1","value":"0x1"},"blockHash":"0xf5de2a84c954882baa45ac90c79baa2a966ddf7d8ea14d8a87e1e17c449d123e","blockNumber":2,"result":{"gasUsed":"0x48","output":"0xffee"},"subtraces":0,"traceAddress":[0],"transactionHash":"0x55d219e322321525fb6d15c388d730e0f6d0ae119e68163ffcea6d3ee50fa738","transactionPosition":1,"type":"call"},{"action":{"from":"0x9dcd17433742f4c0ca53122ab541d0ba67fc27d0","callType":"call","gas":"0xea60","input":"0x0000000000000000000000000000000000000000000000000000000000000001","to":"0x9dcd17433742f4c0ca53122ab541d0ba67fc27d3","value":"0x0"},"blockHash":"0xf5de2a84c954882baa45ac90c79baa2a966ddf7d8ea14d8a87e1e17c449d123e","blockNumber":2,"error":"Reverted","result":{"gasUsed":"0x889","output":"0x08c379a00000000000000000000000000000000000000000000000000000000000000020000000000000000000000000000000000000000000000000000000000000000a75736572206572726f72"},"subtraces":0,"traceAddress":[1],"transactionHash":"0x55d219e322321525fb6d15c388d730e0f6d0ae119e68163ffcea6d3ee50fa738","transactionPosition":1,"type":"call"},{"action":{"from":"0x9dcd17433742f4c0ca53122ab541d0ba67fc27d0","callType":"staticcall","gas":"0xea60","input":"0x","to":"0x9dcd17433742f4c0ca53122ab541d0ba67fc27d2","value":"0x0"},"blockHash":"0xf5de2a84c954882baa45ac90c79baa2a966ddf7d8ea14d8a87e1e17c449d123e","blockNumber":2,"result":{"gasUsed":"0x7d","output":"0x0000000000000000000000000000000000000000000000000000000000000002000000000000000000000000000000000000000000000000000c72dd9d5e883e0000000000000000000000000000000000000000000000000000000000000000000000000000000000000000000000000000000000000000000000002da9cd6d00000000000000000000000000000000000000000000000000000000000000000000000000000000000000007435ed30a8b4aeb0877cef0c6e8cffe834eb865f0000000000000000000000000000000000000000000000000000000000000000"},"subtraces":0,"traceAddress":[2],"transactionHash":"0x55d219e322321525fb6d15c388d730e0f6d0ae119e68163ffcea6d3ee50fa738","transactionPosition":1,"type":"call"},{"action":{"from":"0x9dcd17433742f4c0ca53122ab541d0ba67fc27d0","callType":"staticcall","gas":"0xea60","input":"0x","to":"0x7dcd17433742f4c0ca53122ab541d0ba67fc27df","value":"0x0"},"blockHash":"0xf5de2a84c954882baa45ac90c79baa2a966ddf7d8ea14d8a87e1e17c449d123e","blockNumber":2,"error":"StateChangeDuringStaticCall","result":null,"subtraces":0,"traceAddress":[3],"transactionHash":"0x55d219e322321525fb6d15c388d730e0f6d0ae119e68163ffcea6d3ee50fa738","transactionPosition":1,"type":"call"},{"action":{"from":"0x9dcd17433742f4c0ca53122ab541d0ba67fc27d0","callType":"delegatecall","gas":"0xea60","input":"0x00000000","to":"0x7dcd17433742f4c0ca53122ab541d0ba67fc27df","value":"0x0"},"blockHash":"0xf5de2a84c954882baa45ac90c79baa2a966ddf7d8ea14d8a87e1e17c449d123e","blockNumber":2,"result":{"gasUsed":"0x64b0","output":"0x"},"subtraces":0,"traceAddress":[4],"transactionHash":"0x55d219e322321525fb6d15c388d730e0f6d0ae119e68163ffcea6d3ee50fa738","transactionPosition":1,"type":"call"},{"action":{"from":"0x9dcd17433742f4c0ca53122ab541d0ba67fc27d0","callType":"callcode","gas":"0xea60","input":"0xff01","to":"0x9dcd17433742f4c0ca53122ab541d0ba67fc27d1","value":"0x0"},"blockHash":"0xf5de2a84c954882baa45ac90c79baa2a966ddf7d8ea14d8a87e1e17c449d123e","blockNumber":2,"result":{"gasUsed":"0x48","output":"0xffee"},"subtraces":0,"traceAddress":[5],"transactionHash":"0x55d219e322321525fb6d15c388d730e0f6d0ae119e68163ffcea6d3ee50fa738","transactionPosition":1,"type":"call"},{"action":{"from":"0x9dcd17433742f4c0ca53122ab541d0ba67fc27d0","gas":"0x6a00f","init":"0x5b646368696c6460006000a133ff","value":"0x0","creationMethod":"create"},"blockHash":"0xf5de2a84c954882baa45ac90c79baa2a966ddf7d8ea14d8a87e1e17c449d123e","blockNumber":2,"result":{"address":"0x2d303c5b7911d87d594bf1b31fbb9aa187888893","code":"0x","gasUsed":"0x1682"},"subtraces":1,"traceAddress":[6],"transactionHash":"0x55d219e322321525fb6d15c388d730e0f6d0ae119e68163ffcea6d3ee50fa738","transactionPosition":1,"type":"create"},{"action":{"address":"0x2d303c5b7911d87d594bf1b31fbb9aa187888893","balance":"0x0","refundAddress":"0x9dcd17433742f4c0ca53122ab541d0ba67fc27d0"},"blockHash":"0xf5de2a84c954882baa45ac90c79baa2a966ddf7d8ea14d8a87e1e17c449d123e","blockNumber":2,"result":null,"subtraces":0,"traceAddress":[6,0],"transactionHash":"0x55d219e322321525fb6d15c388d730e0f6d0ae119e68163ffcea6d3ee50fa738","transactionPosition":1,"type":"suicide"}]}
response differs from expected (-- client, ++ test):
{
  "id": 1,
  "jsonrpc": "2.0",
  "result": -- [] ++ {}
}


-- client launch (reth_release)
sending engine_forkchoiceUpdatedV3: [map[finalizedBlockHash:0x9901db3a31e7004c45911fca4480b7dce86a4baeab819eb4959d7316f687d54c headBlockHash:0xf0b1510b2a9c8d4c4bd1ff2c578ddbffc04741aa06b3cc8680a343741ef15e84 safeBlockHash:0xf0b1510b2a9c8d4c4bd1ff2c578ddbffc04741aa06b3cc8680a343741ef15e84] <nil>]
response: map[payloadId:<nil> payloadStatus:map[latestValidHash:0xf0b1510b2a9c8d4c4bd1ff2c578ddbffc04741aa06b3cc8680a343741ef15e84 status:VALID validationError:<nil>]]


