sending engine_forkchoiceUpdatedV3: [map[finalizedBlockHash:0x9901db3a31e7004c45911fca4480b7dce86a4baeab819eb4959d7316f687d54c headBlockHash:0xf0b1510b2a9c8d4c4bd1ff2c578ddbffc04741aa06b3cc8680a343741ef15e84 safeBlockHash:0x9901db3a31e7004c45911fca4480b7dce86a4baeab819eb4959d7316f687d54c] <nil>]
response: map[payloadId:<nil> payloadStatus:map[latestValidHash:0xf0b1510b2a9c8d4c4bd1ff2c578ddbffc04741aa06b3cc8680a343741ef15e84 status:VALID validationError:<nil>]]
>>  {"jsonrpc": "2.0", "id": 1, "method": "eth_getBlockByNumber", "params": ["0x30", false]}
<<  {"jsonrpc":"2.0","id":1,"result":{"number":"0x30","hash":"0xf0b1510b2a9c8d4c4bd1ff2c578ddbffc04741aa06b3cc8680a343741ef15e84","mixHash":"0x0000000000000000000000000000000000000000000000000000000000000000","parentHash":"0xaede89efdac80ce5f55b93ee934eddc67b5c8a4282b18a86ca635d69234301f3","nonce":"0x0000000000000000","sha3Uncles":"0x1dcc4de8dec75d7aab85b567b6ccd41ad312451b948a7413f0a142fd40d49347","logsBloom":"0x00000000000000000000000000000000000000000000000000000000000000000000000000000000000000000000000000000000000000000000000000000000000000000000000000000000000000000000000000000000000000000000000000000000000000000000000000000000000000000000000000000000000000000000000000000000000000000000000000000000000000000000000000000000000000000000000000000000000000000000000000000000000000000000000000000000000000000000000000000000000000000000000000000000000000000000000000000000000000000000000000000000000000000000000000000000","transactionsRoot":"0x3d96f46f0efae36059fcba93396d90ed19260e009e9dac0057a1d87e66dc17d0","stateRoot":"0xbce840ac9806ecb3d791bf55bfcfa9460ff3275996aff265fc75e2a2f3efdb26","receiptsRoot":"0x4b7fefa97a453e0ee0cea1d51ca4ab3729f3a2a6a8388a5a3b13765eec3720b7","miner":"0x0000000000000000000000000000000000000000","difficulty":"0x0","extraData":"0x","baseFeePerGas":"0x199876","size":"0x3b8","gasLimit":"0x5f5e100","gasUsed":"0xf618","timestamp":"0x1e0","uncles":[],"transactions":["0x8e96b39ab5e268215283ab40d65139edc6f281f4d79444b6b0a87861c5f8a1d5","0x7045e365111563c3f68594c54d9c4d7e3445f0cfc9671f68e8a0122f849f3f18","0xbe7d79a54b361c1515802fdf8e3843694b3a93350a9097b84c5582686c77163c"],"withdrawalsRoot":"0x56e81f171bcc55a6ff8345e692c0f86e5b48e01b996cadc001622fb5e363b421","withdrawals":[],"requestsHash":"0xe3b0c44298fc1c149afbf4c8996fb92427ae41e4649b934ca495991b7852b855","blobGasUsed":"0x0","excessBlobGas":"0x0","parentBeaconBlockRoot":"0x5b5b49487967b3b60bd859ba2fb13290c6eaf67e97e9f9f9dda935c08564b5f6"}}
response differs from expected (-- client, ++ test):
{
  "id": 1,
  "jsonrpc": "2.0",
  "result": {
    -- "baseFeePerGas": "0x199876",
    -- "blobGasUsed": "0x0",
    ++ "capture_only": true,
    -- "difficulty": "0x0",
    -- "excessBlobGas": "0x0",
    -- "extraData": "0x",
    -- "gasLimit": "0x5f5e100",
    -- "gasUsed": "0xf618",
    -- "hash": "0xf0b1510b2a9c8d4c4bd1ff2c578ddbffc04741aa06b3cc8680a343741ef15e84",
    -- "logsBloom": "0x00000000000000000000000000000000000000000000000000000000000000000000000000000000000000000000000000000000000000000000000000000000000000000000000000000000000000000000000000000000000000000000000000000000000000000000000000000000000000000000000000000000000000000000000000000000000000000000000000000000000000000000000000000000000000000000000000000000000000000000000000000000000000000000000000000000000000000000000000000000000000000000000000000000000000000000000000000000000000000000000000000000000000000000000000000000",
    -- "miner": "0x0000000000000000000000000000000000000000",
    -- "mixHash": "0x0000000000000000000000000000000000000000000000000000000000000000",
    -- "nonce": "0x0000000000000000",
    -- "number": "0x30",
    -- "parentBeaconBlockRoot": "0x5b5b49487967b3b60bd859ba2fb13290c6eaf67e97e9f9f9dda935c08564b5f6",
    -- "parentHash": "0xaede89efdac80ce5f55b93ee934eddc67b5c8a4282b18a86ca635d69234301f3",
    -- "receiptsRoot": "0x4b7fefa97a453e0ee0cea1d51ca4ab3729f3a2a6a8388a5a3b13765eec3720b7",
    -- "requestsHash": "0xe3b0c44298fc1c149afbf4c8996fb92427ae41e4649b934ca495991b7852b855",
    -- "sha3Uncles": "0x1dcc4de8dec75d7aab85b567b6ccd41ad312451b948a7413f0a142fd40d49347",
    -- "size": "0x3b8",
    -- "stateRoot": "0xbce840ac9806ecb3d791bf55bfcfa9460ff3275996aff265fc75e2a2f3efdb26",
    -- "timestamp": "0x1e0",
    -- "transactions": [
      -- "0x8e96b39ab5e268215283ab40d65139edc6f281f4d79444b6b0a87861c5f8a1d5",
      -- "0x7045e365111563c3f68594c54d9c4d7e3445f0cfc9671f68e8a0122f849f3f18",
      -- "0xbe7d79a54b361c1515802fdf8e3843694b3a93350a9097b84c5582686c77163c"
    -- ],
    -- "transactionsRoot": "0x3d96f46f0efae36059fcba93396d90ed19260e009e9dac0057a1d87e66dc17d0",
    -- "uncles": [],
    -- "withdrawals": [],
    -- "withdrawalsRoot": "0x56e81f171bcc55a6ff8345e692c0f86e5b48e01b996cadc001622fb5e363b421"
  }
}
>>  {"jsonrpc": "2.0", "id": 1, "method": "eth_getBlockByNumber", "params": ["latest", false]}
<<  {"jsonrpc":"2.0","id":1,"result":{"number":"0x30","hash":"0xf0b1510b2a9c8d4c4bd1ff2c578ddbffc04741aa06b3cc8680a343741ef15e84","mixHash":"0x0000000000000000000000000000000000000000000000000000000000000000","parentHash":"0xaede89efdac80ce5f55b93ee934eddc67b5c8a4282b18a86ca635d69234301f3","nonce":"0x0000000000000000","sha3Uncles":"0x1dcc4de8dec75d7aab85b567b6ccd41ad312451b948a7413f0a142fd40d49347","logsBloom":"0x00000000000000000000000000000000000000000000000000000000000000000000000000000000000000000000000000000000000000000000000000000000000000000000000000000000000000000000000000000000000000000000000000000000000000000000000000000000000000000000000000000000000000000000000000000000000000000000000000000000000000000000000000000000000000000000000000000000000000000000000000000000000000000000000000000000000000000000000000000000000000000000000000000000000000000000000000000000000000000000000000000000000000000000000000000000","transactionsRoot":"0x3d96f46f0efae36059fcba93396d90ed19260e009e9dac0057a1d87e66dc17d0","stateRoot":"0xbce840ac9806ecb3d791bf55bfcfa9460ff3275996aff265fc75e2a2f3efdb26","receiptsRoot":"0x4b7fefa97a453e0ee0cea1d51ca4ab3729f3a2a6a8388a5a3b13765eec3720b7","miner":"0x0000000000000000000000000000000000000000","difficulty":"0x0","extraData":"0x","baseFeePerGas":"0x199876","size":"0x3b8","gasLimit":"0x5f5e100","gasUsed":"0xf618","timestamp":"0x1e0","uncles":[],"transactions":["0x8e96b39ab5e268215283ab40d65139edc6f281f4d79444b6b0a87861c5f8a1d5","0x7045e365111563c3f68594c54d9c4d7e3445f0cfc9671f68e8a0122f849f3f18","0xbe7d79a54b361c1515802fdf8e3843694b3a93350a9097b84c5582686c77163c"],"withdrawalsRoot":"0x56e81f171bcc55a6ff8345e692c0f86e5b48e01b996cadc001622fb5e363b421","withdrawals":[],"requestsHash":"0xe3b0c44298fc1c149afbf4c8996fb92427ae41e4649b934ca495991b7852b855","blobGasUsed":"0x0","excessBlobGas":"0x0","parentBeaconBlockRoot":"0x5b5b49487967b3b60bd859ba2fb13290c6eaf67e97e9f9f9dda935c08564b5f6"}}
response differs from expected (-- client, ++ test):
{
  "id": 1,
  "jsonrpc": "2.0",
  "result": {
    -- "baseFeePerGas": "0x199876",
    -- "blobGasUsed": "0x0",
    ++ "capture_only": true,
    -- "difficulty": "0x0",
    -- "excessBlobGas": "0x0",
    -- "extraData": "0x",
    -- "gasLimit": "0x5f5e100",
    -- "gasUsed": "0xf618",
    -- "hash": "0xf0b1510b2a9c8d4c4bd1ff2c578ddbffc04741aa06b3cc8680a343741ef15e84",
    -- "logsBloom": "0x00000000000000000000000000000000000000000000000000000000000000000000000000000000000000000000000000000000000000000000000000000000000000000000000000000000000000000000000000000000000000000000000000000000000000000000000000000000000000000000000000000000000000000000000000000000000000000000000000000000000000000000000000000000000000000000000000000000000000000000000000000000000000000000000000000000000000000000000000000000000000000000000000000000000000000000000000000000000000000000000000000000000000000000000000000000",
    -- "miner": "0x0000000000000000000000000000000000000000",
    -- "mixHash": "0x0000000000000000000000000000000000000000000000000000000000000000",
    -- "nonce": "0x0000000000000000",
    -- "number": "0x30",
    -- "parentBeaconBlockRoot": "0x5b5b49487967b3b60bd859ba2fb13290c6eaf67e97e9f9f9dda935c08564b5f6",
    -- "parentHash": "0xaede89efdac80ce5f55b93ee934eddc67b5c8a4282b18a86ca635d69234301f3",
    -- "receiptsRoot": "0x4b7fefa97a453e0ee0cea1d51ca4ab3729f3a2a6a8388a5a3b13765eec3720b7",
    -- "requestsHash": "0xe3b0c44298fc1c149afbf4c8996fb92427ae41e4649b934ca495991b7852b855",
    -- "sha3Uncles": "0x1dcc4de8dec75d7aab85b567b6ccd41ad312451b948a7413f0a142fd40d49347",
    -- "size": "0x3b8",
    -- "stateRoot": "0xbce840ac9806ecb3d791bf55bfcfa9460ff3275996aff265fc75e2a2f3efdb26",
    -- "timestamp": "0x1e0",
    -- "transactions": [
      -- "0x8e96b39ab5e268215283ab40d65139edc6f281f4d79444b6b0a87861c5f8a1d5",
      -- "0x7045e365111563c3f68594c54d9c4d7e3445f0cfc9671f68e8a0122f849f3f18",
      -- "0xbe7d79a54b361c1515802fdf8e3843694b3a93350a9097b84c5582686c77163c"
    -- ],
    -- "transactionsRoot": "0x3d96f46f0efae36059fcba93396d90ed19260e009e9dac0057a1d87e66dc17d0",
    -- "uncles": [],
    -- "withdrawals": [],
    -- "withdrawalsRoot": "0x56e81f171bcc55a6ff8345e692c0f86e5b48e01b996cadc001622fb5e363b421"
  }
}
>>  {"jsonrpc": "2.0", "id": 1, "method": "web3_clientVersion", "params": []}
<<  {"jsonrpc":"2.0","id":1,"result":"besu/v26.9-develop-f9572aa/linux-x86_64/openjdk-java-25"}
response differs from expected (-- client, ++ test):
{
  "id": 1,
  "jsonrpc": "2.0",
  "result": -- "besu/v26.9-develop-f9572aa/linux-x86_64/openjdk-java-25" ++ {}
}
>>  {"jsonrpc": "2.0", "id": 1, "method": "trace_block", "params": ["0x2d"]}
<<  {"jsonrpc":"2.0","id":1,"result":[{"action":{"callType":"call","from":"0x7435ed30a8b4aeb0877cef0c6e8cffe834eb865f","gas":"0x0","input":"0x","to":"0x16c57edf7fa9d9525378b0b81bf8a3ced0620c1c","value":"0x1"},"blockHash":"0xe6d9078b4964bc1b329fb12242254e21cf88ffa9a88058e515d6e79f7d8fce0d","blockNumber":45,"result":{"gasUsed":"0x0","output":"0x"},"subtraces":0,"traceAddress":[],"transactionHash":"0x8d872ca87b7f1343eab260d3f69260e8efde5dcf5532a23c18e1c25cadaa2df7","transactionPosition":0,"type":"call"},{"action":{"callType":"call","from":"0x7435ed30a8b4aeb0877cef0c6e8cffe834eb865f","gas":"0x0","input":"0x","to":"0x14e46043e63d0e3cdcf2530519f4cfaf35058cb2","value":"0x1"},"blockHash":"0xe6d9078b4964bc1b329fb12242254e21cf88ffa9a88058e515d6e79f7d8fce0d","blockNumber":45,"result":{"gasUsed":"0x0","output":"0x"},"subtraces":0,"traceAddress":[],"transactionHash":"0x07782b90d866d9c854fc70a3609e69f378a7d392a61f7cd712136d79e3f98a6f","transactionPosition":1,"type":"call"},{"action":{"author":"0x0000000000000000000000000000000000000000","rewardType":"block","value":"0x0"},"blockHash":"0xe6d9078b4964bc1b329fb12242254e21cf88ffa9a88058e515d6e79f7d8fce0d","blockNumber":45,"result":null,"subtraces":0,"traceAddress":[],"transactionHash":null,"transactionPosition":null,"type":"reward"}]}
response differs from expected (-- client, ++ test):
{
  "id": 1,
  "jsonrpc": "2.0",
  "result": -- [] ++ {}
}
>>  {"jsonrpc": "2.0", "id": 1, "method": "trace_filter", "params": [{"fromBlock": "0x28", "toBlock": "0x30"}]}
<<  {"jsonrpc":"2.0","id":1,"result":[{"action":{"callType":"call","from":"0x7435ed30a8b4aeb0877cef0c6e8cffe834eb865f","gas":"0x11ba0","input":"0x036464a71961a53a656d6974","to":"0x7dcd17433742f4c0ca53122ab541d0ba67fc27df","value":"0x2"},"blockHash":"0xfc2b688f6d286950eff2cf6f1b10a6bf63e92a20fcdf8db7377ef647b154eb52","blockNumber":40,"result":{"gasUsed":"0x5f9c","output":"0x"},"subtraces":0,"traceAddress":[],"transactionHash":"0x0efc1e4671e41e768fa107ecf72ab35e03d5a8b7e3f5bbe29cb28dc1eea265a2","transactionPosition":0,"type":"call"},{"action":{"callType":"call","from":"0x7435ed30a8b4aeb0877cef0c6e8cffe834eb865f","gas":"0x11ba0","input":"0x9ec58f808778768f656d6974","to":"0x7dcd17433742f4c0ca53122ab541d0ba67fc27df","value":"0x2"},"blockHash":"0xfc2b688f6d286950eff2cf6f1b10a6bf63e92a20fcdf8db7377ef647b154eb52","blockNumber":40,"result":{"gasUsed":"0x5f9c","output":"0x"},"subtraces":0,"traceAddress":[],"transactionHash":"0x1942a6223310f991ab036dccb28259dd634e39e08152d383afc422481e5ab2c2","transactionPosition":1,"type":"call"},{"action":{"callType":"call","from":"0x7435ed30a8b4aeb0877cef0c6e8cffe834eb865f","gas":"0x11ba0","input":"0xcd417355d4039279656d6974","to":"0x7dcd17433742f4c0ca53122ab541d0ba67fc27df","value":"0x3"},"blockHash":"0xfc2b688f6d286950eff2cf6f1b10a6bf63e92a20fcdf8db7377ef647b154eb52","blockNumber":40,"result":{"gasUsed":"0x5f9c","output":"0x"},"subtraces":0,"traceAddress":[],"transactionHash":"0xbc3230ca851b7baad39753405e55d96f2124d1e5e8ab9cd76c638bba601423ac","transactionPosition":2,"type":"call"},{"action":{"author":"0x0000000000000000000000000000000000000000","rewardType":"block","value":"0x0"},"blockHash":"0xfc2b688f6d286950eff2cf6f1b10a6bf63e92a20fcdf8db7377ef647b154eb52","blockNumber":40,"result":null,"subtraces":0,"traceAddress":[],"transactionHash":null,"transactionPosition":null,"type":"reward"},{"action":{"callType":"call","from":"0x7435ed30a8b4aeb0877cef0c6e8cffe834eb865f","gas":"0x133d8","input":"0x3186f4d423ee1407656d6974","to":"0x7dcd17433742f4c0ca53122ab541d0ba67fc27df","value":"0x2"},"blockHash":"0x9bc6bd9fb238298cb6a4260fc4306ab426b3e2d41607e719dde8c4ca41817da7","blockNumber":41,"result":{"gasUsed":"0x6fa0","output":"0x"},"subtraces":0,"traceAddress":[],"transactionHash":"0x6a2b2c1d5d3bae710fa3c9f79035e0b6b98d65df9cb05e425087c93ce9bf08ed","transactionPosition":0,"type":"call"},{"action":{"callType":"call","from":"0x7435ed30a8b4aeb0877cef0c6e8cffe834eb865f","gas":"0x0","input":"0x","to":"0x717f8aa2b982bee0e29f573d31df288663e1ce16","value":"0x1"},"blockHash":"0x9bc6bd9fb238298cb6a4260fc4306ab426b3e2d41607e719dde8c4ca41817da7","blockNumber":41,"result":{"gasUsed":"0x0","output":"0x"},"subtraces":0,"traceAddress":[],"transactionHash":"0x9249eb130af4bcf26d420f09df8a51f4947e387f9e325e8b223237c9602208a1","transactionPosition":1,"type":"call"},{"action":{"callType":"call","from":"0x7435ed30a8b4aeb0877cef0c6e8cffe834eb865f","gas":"0x0","input":"0x","to":"0x4a0f1452281bcec5bd90c3dce6162a5995bfe9df","value":"0x1"},"blockHash":"0x9bc6bd9fb238298cb6a4260fc4306ab426b3e2d41607e719dde8c4ca41817da7","blockNumber":41,"result":{"gasUsed":"0x0","output":"0x"},"subtraces":0,"traceAddress":[],"transactionHash":"0xbdda348fd5169ff5cc8c761147a64b34ceb2e913d7bf5e8ddf8e497ca3e3460f","transactionPosition":2,"type":"call"},{"action":{"author":"0x0000000000000000000000000000000000000000","rewardType":"block","value":"0x0"},"blockHash":"0x9bc6bd9fb238298cb6a4260fc4306ab426b3e2d41607e719dde8c4ca41817da7","blockNumber":41,"result":null,"subtraces":0,"traceAddress":[],"transactionHash":null,"transactionPosition":null,"type":"reward"},{"action":{"callType":"call","from":"0x7435ed30a8b4aeb0877cef0c6e8cffe834eb865f","gas":"0x0","input":"0x","to":"0x1f5bde34b4afc686f136c7a3cb6ec376f7357759","value":"0x1"},"blockHash":"0x6cb3089f8b5ff993ed24ed9ccbfa8bae322848d722842e6453576f30029b1434","blockNumber":42,"result":{"gasUsed":"0x0","output":"0x"},"subtraces":0,"traceAddress":[],"transactionHash":"0xe4a4bd6a4fad4df86c1222128b9d79a1dd0686cf4a0e1d506731482b7266d483","transactionPosition":0,"type":"call"},{"action":{"callType":"call","from":"0x7435ed30a8b4aeb0877cef0c6e8cffe834eb865f","gas":"0x13488","input":"0x01","to":"0x9dcd17433742f4c0ca53122ab541d0ba67fc27d3","value":"0x0"},"blockHash":"0x6cb3089f8b5ff993ed24ed9ccbfa8bae322848d722842e6453576f30029b1434","blockNumber":42,"error":"Reverted","revertReason":"0x08c379a00000000000000000000000000000000000000000000000000000000000000020000000000000000000000000000000000000000000000000000000000000000a75736572206572726f72","subtraces":0,"traceAddress":[],"transactionHash":"0x7a15f2b6b479009c2d8f167dfc8490654348e85aa4968583bab1d4c3c17284bb","transactionPosition":1,"type":"call"},{"action":{"author":"0x0000000000000000000000000000000000000000","rewardType":"block","value":"0x0"},"blockHash":"0x6cb3089f8b5ff993ed24ed9ccbfa8bae322848d722842e6453576f30029b1434","blockNumber":42,"result":null,"subtraces":0,"traceAddress":[],"transactionHash":null,"transactionPosition":null,"type":"reward"},{"action":{"callType":"call","from":"0x7435ed30a8b4aeb0877cef0c6e8cffe834eb865f","gas":"0x8d5b8","input":"0x","to":"0x9dcd17433742f4c0ca53122ab541d0ba67fc27d0","value":"0x0"},"blockHash":"0x22e8e9edaefc674ba389450dc41088e521fb2d33330a72c8b7aa2bf1b2281ffe","blockNumber":43,"result":{"gasUsed":"0x1fc63","output":"0xffee"},"subtraces":7,"traceAddress":[],"transactionHash":"0x651d033b62050d4a32ffb16281c8685790d1233922a4ec2dcd5c6c1a66461226","transactionPosition":0,"type":"call"},{"action":{"callType":"call","from":"0x9dcd17433742f4c0ca53122ab541d0ba67fc27d0","gas":"0xf35c","input":"0xff01","to":"0x9dcd17433742f4c0ca53122ab541d0ba67fc27d1","value":"0x1"},"blockHash":"0x22e8e9edaefc674ba389450dc41088e521fb2d33330a72c8b7aa2bf1b2281ffe","blockNumber":43,"result":{"gasUsed":"0x48","output":"0xffee"},"subtraces":0,"traceAddress":[0],"transactionHash":"0x651d033b62050d4a32ffb16281c8685790d1233922a4ec2dcd5c6c1a66461226","transactionPosition":0,"type":"call"},{"action":{"callType":"call","from":"0x9dcd17433742f4c0ca53122ab541d0ba67fc27d0","gas":"0xea60","input":"0x0000000000000000000000000000000000000000000000000000000000000001","to":"0x9dcd17433742f4c0ca53122ab541d0ba67fc27d3","value":"0x0"},"blockHash":"0x22e8e9edaefc674ba389450dc41088e521fb2d33330a72c8b7aa2bf1b2281ffe","blockNumber":43,"error":"Reverted","subtraces":0,"traceAddress":[1],"transactionHash":"0x651d033b62050d4a32ffb16281c8685790d1233922a4ec2dcd5c6c1a66461226","transactionPosition":0,"type":"call"},{"action":{"callType":"staticcall","from":"0x9dcd17433742f4c0ca53122ab541d0ba67fc27d0","gas":"0xea60","input":"0x","to":"0x9dcd17433742f4c0ca53122ab541d0ba67fc27d2","value":"0x0"},"blockHash":"0x22e8e9edaefc674ba389450dc41088e521fb2d33330a72c8b7aa2bf1b2281ffe","blockNumber":43,"result":{"gasUsed":"0x7d","output":"0x000000000000000000000000000000000000000000000000000000000000002b000000000000000000000000000000000000000000000000000c72dd9d5e883e0000000000000000000000000000000000000000000000000000000000000000000000000000000000000000000000000000000000000000000000000031c9f400000000000000000000000000000000000000000000000000000000000000000000000000000000000000007435ed30a8b4aeb0877cef0c6e8cffe834eb865f0000000000000000000000000000000000000000000000000000000000000000"},"subtraces":0,"traceAddress":[2],"transactionHash":"0x651d033b62050d4a32ffb16281c8685790d1233922a4ec2dcd5c6c1a66461226","transactionPosition":0,"type":"call"},{"action":{"callType":"staticcall","from":"0x9dcd17433742f4c0ca53122ab541d0ba67fc27d0","gas":"0xea60","input":"0x","to":"0x7dcd17433742f4c0ca53122ab541d0ba67fc27df","value":"0x0"},"blockHash":"0x22e8e9edaefc674ba389450dc41088e521fb2d33330a72c8b7aa2bf1b2281ffe","blockNumber":43,"error":"Illegal state change","subtraces":0,"traceAddress":[3],"transactionHash":"0x651d033b62050d4a32ffb16281c8685790d1233922a4ec2dcd5c6c1a66461226","transactionPosition":0,"type":"call"},{"action":{"callType":"delegatecall","from":"0x9dcd17433742f4c0ca53122ab541d0ba67fc27d0","gas":"0xea60","input":"0x00000000","to":"0x7dcd17433742f4c0ca53122ab541d0ba67fc27df","value":"0x0"},"blockHash":"0x22e8e9edaefc674ba389450dc41088e521fb2d33330a72c8b7aa2bf1b2281ffe","blockNumber":43,"result":{"gasUsed":"0x2cd4","output":"0x"},"subtraces":0,"traceAddress":[4],"transactionHash":"0x651d033b62050d4a32ffb16281c8685790d1233922a4ec2dcd5c6c1a66461226","transactionPosition":0,"type":"call"},{"action":{"callType":"callcode","from":"0x9dcd17433742f4c0ca53122ab541d0ba67fc27d0","gas":"0xea60","input":"0xff01","to":"0x9dcd17433742f4c0ca53122ab541d0ba67fc27d1","value":"0x0"},"blockHash":"0x22e8e9edaefc674ba389450dc41088e521fb2d33330a72c8b7aa2bf1b2281ffe","blockNumber":43,"result":{"gasUsed":"0x48","output":"0xffee"},"subtraces":0,"traceAddress":[5],"transactionHash":"0x651d033b62050d4a32ffb16281c8685790d1233922a4ec2dcd5c6c1a66461226","transactionPosition":0,"type":"call"},{"action":{"creationMethod":"create","from":"0x9dcd17433742f4c0ca53122ab541d0ba67fc27d0","gas":"0x6d70b","init":"0x5b646368696c6460006000a133ff","value":"0x0"},"blockHash":"0x22e8e9edaefc674ba389450dc41088e521fb2d33330a72c8b7aa2bf1b2281ffe","blockNumber":43,"result":{"address":"0x05032e03adbca6d5d04236000a2bbb6b4fec87f5","gasUsed":"0x1682","output":"0x"},"subtraces":1,"traceAddress":[6],"transactionHash":"0x651d033b62050d4a32ffb16281c8685790d1233922a4ec2dcd5c6c1a66461226","transactionPosition":0,"type":"create"},{"action":{"address":"0x05032e03adbca6d5d04236000a2bbb6b4fec87f5","balance":"0x0","refundAddress":"0x9dcd17433742f4c0ca53122ab541d0ba67fc27d0"},"blockHash":"0x22e8e9edaefc674ba389450dc41088e521fb2d33330a72c8b7aa2bf1b2281ffe","blockNumber":43,"result":null,"subtraces":0,"traceAddress":[6,0],"transactionHash":"0x651d033b62050d4a32ffb16281c8685790d1233922a4ec2dcd5c6c1a66461226","transactionPosition":0,"type":"suicide"},{"action":{"callType":"call","from":"0x7435ed30a8b4aeb0877cef0c6e8cffe834eb865f","gas":"0x11ba0","input":"0xebe7a54f122c1cf1656d6974","to":"0x7dcd17433742f4c0ca53122ab541d0ba67fc27df","value":"0x2"},"blockHash":"0x22e8e9edaefc674ba389450dc41088e521fb2d33330a72c8b7aa2bf1b2281ffe","blockNumber":43,"result":{"gasUsed":"0x5f9c","output":"0x"},"subtraces":0,"traceAddress":[],"transactionHash":"0xfa7de1862f93f2da0e1450d833da95e5e04ea7381a471f7388c1e9c92e551deb","transactionPosition":1,"type":"call"},{"action":{"callType":"call","from":"0x7435ed30a8b4aeb0877cef0c6e8cffe834eb865f","gas":"0x11ba0","input":"0xcef26346bf2d1331656d6974","to":"0x7dcd17433742f4c0ca53122ab541d0ba67fc27df","value":"0x2"},"blockHash":"0x22e8e9edaefc674ba389450dc41088e521fb2d33330a72c8b7aa2bf1b2281ffe","blockNumber":43,"result":{"gasUsed":"0x5f9c","output":"0x"},"subtraces":0,"traceAddress":[],"transactionHash":"0x321a8dba67e9c086a4877a6c33c1564471683da311f72005650d102ba847522c","transactionPosition":2,"type":"call"},{"action":{"author":"0x0000000000000000000000000000000000000000","rewardType":"block","value":"0x0"},"blockHash":"0x22e8e9edaefc674ba389450dc41088e521fb2d33330a72c8b7aa2bf1b2281ffe","blockNumber":43,"result":null,"subtraces":0,"traceAddress":[],"transactionHash":null,"transactionPosition":null,"type":"reward"},{"action":{"callType":"call","from":"0x7435ed30a8b4aeb0877cef0c6e8cffe834eb865f","gas":"0x11ba0","input":"0x2276cc05d723a1e7656d6974","to":"0x7dcd17433742f4c0ca53122ab541d0ba67fc27df","value":"0x3"},"blockHash":"0x8ee9c89c042749060aa7225c9568cfbeb4ae658041f42cf5cfa90ef3cbc8c250","blockNumber":44,"result":{"gasUsed":"0x5f9c","output":"0x"},"subtraces":0,"traceAddress":[],"transactionHash":"0x04fd4668ef5f466780ea8c866659e563d8659a626e5de911ea4a687cda38e4b5","transactionPosition":0,"type":"call"},{"action":{"callType":"call","from":"0x7435ed30a8b4aeb0877cef0c6e8cffe834eb865f","gas":"0x133d8","input":"0x7656ae13bace34c5656d6974","to":"0x7dcd17433742f4c0ca53122ab541d0ba67fc27df","value":"0x2"},"blockHash":"0x8ee9c89c042749060aa7225c9568cfbeb4ae658041f42cf5cfa90ef3cbc8c250","blockNumber":44,"result":{"gasUsed":"0x6fa0","output":"0x"},"subtraces":0,"traceAddress":[],"transactionHash":"0x213aa25f0673a954b12f125f001fdfdfc9c4e5ce3f8a5aeb8292f04f5feb15b4","transactionPosition":1,"type":"call"},{"action":{"callType":"call","from":"0x7435ed30a8b4aeb0877cef0c6e8cffe834eb865f","gas":"0x0","input":"0x","to":"0xd803681e487e6ac18053afc5a6cd813c86ec3e4d","value":"0x1"},"blockHash":"0x8ee9c89c042749060aa7225c9568cfbeb4ae658041f42cf5cfa90ef3cbc8c250","blockNumber":44,"result":{"gasUsed":"0x0","output":"0x"},"subtraces":0,"traceAddress":[],"transactionHash":"0x894b329288125359a28bb1e9c07bf6147ed1e1982b0e487a51a0c724d7fa7486","transactionPosition":2,"type":"call"},{"action":{"author":"0x0000000000000000000000000000000000000000","rewardType":"block","value":"0x0"},"blockHash":"0x8ee9c89c042749060aa7225c9568cfbeb4ae658041f42cf5cfa90ef3cbc8c250","blockNumber":44,"result":null,"subtraces":0,"traceAddress":[],"transactionHash":null,"transactionPosition":null,"type":"reward"},{"action":{"callType":"call","from":"0x7435ed30a8b4aeb0877cef0c6e8cffe834eb865f","gas":"0x0","input":"0x","to":"0x16c57edf7fa9d9525378b0b81bf8a3ced0620c1c","value":"0x1"},"blockHash":"0xe6d9078b4964bc1b329fb12242254e21cf88ffa9a88058e515d6e79f7d8fce0d","blockNumber":45,"result":{"gasUsed":"0x0","output":"0x"},"subtraces":0,"traceAddress":[],"transactionHash":"0x8d872ca87b7f1343eab260d3f69260e8efde5dcf5532a23c18e1c25cadaa2df7","transactionPosition":0,"type":"call"},{"action":{"callType":"call","from":"0x7435ed30a8b4aeb0877cef0c6e8cffe834eb865f","gas":"0x0","input":"0x","to":"0x14e46043e63d0e3cdcf2530519f4cfaf35058cb2","value":"0x1"},"blockHash":"0xe6d9078b4964bc1b329fb12242254e21cf88ffa9a88058e515d6e79f7d8fce0d","blockNumber":45,"result":{"gasUsed":"0x0","output":"0x"},"subtraces":0,"traceAddress":[],"transactionHash":"0x07782b90d866d9c854fc70a3609e69f378a7d392a61f7cd712136d79e3f98a6f","transactionPosition":1,"type":"call"},{"action":{"author":"0x0000000000000000000000000000000000000000","rewardType":"block","value":"0x0"},"blockHash":"0xe6d9078b4964bc1b329fb12242254e21cf88ffa9a88058e515d6e79f7d8fce0d","blockNumber":45,"result":null,"subtraces":0,"traceAddress":[],"transactionHash":null,"transactionPosition":null,"type":"reward"},{"action":{"callType":"call","from":"0x7435ed30a8b4aeb0877cef0c6e8cffe834eb865f","gas":"0x13488","input":"0x01","to":"0x9dcd17433742f4c0ca53122ab541d0ba67fc27d3","value":"0x0"},"blockHash":"0x5b3627e612c821267b54826693cfde431298fd7cdb8f8ec6ea90d952c494e7e8","blockNumber":46,"error":"Reverted","revertReason":"0x08c379a00000000000000000000000000000000000000000000000000000000000000020000000000000000000000000000000000000000000000000000000000000000a75736572206572726f72","subtraces":0,"traceAddress":[],"transactionHash":"0x6992fed2b2fc6c77cb7ffc2a1351d8e5dadf08cf2736fb6d1a0ed5786f3d5206","transactionPosition":0,"type":"call"},{"action":{"callType":"call","from":"0x7435ed30a8b4aeb0877cef0c6e8cffe834eb865f","gas":"0x8d5b8","input":"0x","to":"0x9dcd17433742f4c0ca53122ab541d0ba67fc27d0","value":"0x0"},"blockHash":"0x5b3627e612c821267b54826693cfde431298fd7cdb8f8ec6ea90d952c494e7e8","blockNumber":46,"result":{"gasUsed":"0x1fc63","output":"0xffee"},"subtraces":7,"traceAddress":[],"transactionHash":"0x64b5f6ae3b44a9623caeecbb78c9cf65f9a23781c585d75642e8f52b71bc1599","transactionPosition":1,"type":"call"},{"action":{"callType":"call","from":"0x9dcd17433742f4c0ca53122ab541d0ba67fc27d0","gas":"0xf35c","input":"0xff01","to":"0x9dcd17433742f4c0ca53122ab541d0ba67fc27d1","value":"0x1"},"blockHash":"0x5b3627e612c821267b54826693cfde431298fd7cdb8f8ec6ea90d952c494e7e8","blockNumber":46,"result":{"gasUsed":"0x48","output":"0xffee"},"subtraces":0,"traceAddress":[0],"transactionHash":"0x64b5f6ae3b44a9623caeecbb78c9cf65f9a23781c585d75642e8f52b71bc1599","transactionPosition":1,"type":"call"},{"action":{"callType":"call","from":"0x9dcd17433742f4c0ca53122ab541d0ba67fc27d0","gas":"0xea60","input":"0x0000000000000000000000000000000000000000000000000000000000000001","to":"0x9dcd17433742f4c0ca53122ab541d0ba67fc27d3","value":"0x0"},"blockHash":"0x5b3627e612c821267b54826693cfde431298fd7cdb8f8ec6ea90d952c494e7e8","blockNumber":46,"error":"Reverted","subtraces":0,"traceAddress":[1],"transactionHash":"0x64b5f6ae3b44a9623caeecbb78c9cf65f9a23781c585d75642e8f52b71bc1599","transactionPosition":1,"type":"call"},{"action":{"callType":"staticcall","from":"0x9dcd17433742f4c0ca53122ab541d0ba67fc27d0","gas":"0xea60","input":"0x","to":"0x9dcd17433742f4c0ca53122ab541d0ba67fc27d2","value":"0x0"},"blockHash":"0x5b3627e612c821267b54826693cfde431298fd7cdb8f8ec6ea90d952c494e7e8","blockNumber":46,"result":{"gasUsed":"0x7d","output":"0x000000000000000000000000000000000000000000000000000000000000002e000000000000000000000000000000000000000000000000000c72dd9d5e883e0000000000000000000000000000000000000000000000000000000000000000000000000000000000000000000000000000000000000000000000000021650900000000000000000000000000000000000000000000000000000000000000000000000000000000000000007435ed30a8b4aeb0877cef0c6e8cffe834eb865f0000000000000000000000000000000000000000000000000000000000000000"},"subtraces":0,"traceAddress":[2],"transactionHash":"0x64b5f6ae3b44a9623caeecbb78c9cf65f9a23781c585d75642e8f52b71bc1599","transactionPosition":1,"type":"call"},{"action":{"callType":"staticcall","from":"0x9dcd17433742f4c0ca53122ab541d0ba67fc27d0","gas":"0xea60","input":"0x","to":"0x7dcd17433742f4c0ca53122ab541d0ba67fc27df","value":"0x0"},"blockHash":"0x5b3627e612c821267b54826693cfde431298fd7cdb8f8ec6ea90d952c494e7e8","blockNumber":46,"error":"Illegal state change","subtraces":0,"traceAddress":[3],"transactionHash":"0x64b5f6ae3b44a9623caeecbb78c9cf65f9a23781c585d75642e8f52b71bc1599","transactionPosition":1,"type":"call"},{"action":{"callType":"delegatecall","from":"0x9dcd17433742f4c0ca53122ab541d0ba67fc27d0","gas":"0xea60","input":"0x00000000","to":"0x7dcd17433742f4c0ca53122ab541d0ba67fc27df","value":"0x0"},"blockHash":"0x5b3627e612c821267b54826693cfde431298fd7cdb8f8ec6ea90d952c494e7e8","blockNumber":46,"result":{"gasUsed":"0x2cd4","output":"0x"},"subtraces":0,"traceAddress":[4],"transactionHash":"0x64b5f6ae3b44a9623caeecbb78c9cf65f9a23781c585d75642e8f52b71bc1599","transactionPosition":1,"type":"call"},{"action":{"callType":"callcode","from":"0x9dcd17433742f4c0ca53122ab541d0ba67fc27d0","gas":"0xea60","input":"0xff01","to":"0x9dcd17433742f4c0ca53122ab541d0ba67fc27d1","value":"0x0"},"blockHash":"0x5b3627e612c821267b54826693cfde431298fd7cdb8f8ec6ea90d952c494e7e8","blockNumber":46,"result":{"gasUsed":"0x48","output":"0xffee"},"subtraces":0,"traceAddress":[5],"transactionHash":"0x64b5f6ae3b44a9623caeecbb78c9cf65f9a23781c585d75642e8f52b71bc1599","transactionPosition":1,"type":"call"},{"action":{"creationMethod":"create","from":"0x9dcd17433742f4c0ca53122ab541d0ba67fc27d0","gas":"0x6d70b","init":"0x5b646368696c6460006000a133ff","value":"0x0"},"blockHash":"0x5b3627e612c821267b54826693cfde431298fd7cdb8f8ec6ea90d952c494e7e8","blockNumber":46,"result":{"address":"0x9ee5c90ad0a83dd07800c64adb87c584092f8e37","gasUsed":"0x1682","output":"0x"},"subtraces":1,"traceAddress":[6],"transactionHash":"0x64b5f6ae3b44a9623caeecbb78c9cf65f9a23781c585d75642e8f52b71bc1599","transactionPosition":1,"type":"create"},{"action":{"address":"0x9ee5c90ad0a83dd07800c64adb87c584092f8e37","balance":"0x0","refundAddress":"0x9dcd17433742f4c0ca53122ab541d0ba67fc27d0"},"blockHash":"0x5b3627e612c821267b54826693cfde431298fd7cdb8f8ec6ea90d952c494e7e8","blockNumber":46,"result":null,"subtraces":0,"traceAddress":[6,0],"transactionHash":"0x64b5f6ae3b44a9623caeecbb78c9cf65f9a23781c585d75642e8f52b71bc1599","transactionPosition":1,"type":"suicide"},{"action":{"callType":"call","from":"0x7435ed30a8b4aeb0877cef0c6e8cffe834eb865f","gas":"0x11ba0","input":"0x515a531d2825dec2656d6974","to":"0x7dcd17433742f4c0ca53122ab541d0ba67fc27df","value":"0x2"},"blockHash":"0x5b3627e612c821267b54826693cfde431298fd7cdb8f8ec6ea90d952c494e7e8","blockNumber":46,"result":{"gasUsed":"0x5f9c","output":"0x"},"subtraces":0,"traceAddress":[],"transactionHash":"0x2cd66c5f92f7f966a3ae2e79fa501284a5da51a3d9d233159854d17c427b1441","transactionPosition":2,"type":"call"},{"action":{"author":"0x0000000000000000000000000000000000000000","rewardType":"block","value":"0x0"},"blockHash":"0x5b3627e612c821267b54826693cfde431298fd7cdb8f8ec6ea90d952c494e7e8","blockNumber":46,"result":null,"subtraces":0,"traceAddress":[],"transactionHash":null,"transactionPosition":null,"type":"reward"},{"action":{"callType":"call","from":"0x7435ed30a8b4aeb0877cef0c6e8cffe834eb865f","gas":"0x11ba0","input":"0xea41c6626bd2d71a656d6974","to":"0x7dcd17433742f4c0ca53122ab541d0ba67fc27df","value":"0x2"},"blockHash":"0xaede89efdac80ce5f55b93ee934eddc67b5c8a4282b18a86ca635d69234301f3","blockNumber":47,"result":{"gasUsed":"0x5f9c","output":"0x"},"subtraces":0,"traceAddress":[],"transactionHash":"0xc81daa5f275b0b347590ec8558e530da183a7ff86c377221a59c96faf5bea12c","transactionPosition":0,"type":"call"},{"action":{"callType":"call","from":"0x7435ed30a8b4aeb0877cef0c6e8cffe834eb865f","gas":"0x11ba0","input":"0x65682bc386966217656d6974","to":"0x7dcd17433742f4c0ca53122ab541d0ba67fc27df","value":"0x3"},"blockHash":"0xaede89efdac80ce5f55b93ee934eddc67b5c8a4282b18a86ca635d69234301f3","blockNumber":47,"result":{"gasUsed":"0x5f9c","output":"0x"},"subtraces":0,"traceAddress":[],"transactionHash":"0x1d37878b27d1e686d15b99cb406684e3c50be2fb0cadce5daee795b48c2003bb","transactionPosition":1,"type":"call"},{"action":{"callType":"call","from":"0x7435ed30a8b4aeb0877cef0c6e8cffe834eb865f","gas":"0x133d8","input":"0x156e2b9e3a273c7b656d6974","to":"0x7dcd17433742f4c0ca53122ab541d0ba67fc27df","value":"0x2"},"blockHash":"0xaede89efdac80ce5f55b93ee934eddc67b5c8a4282b18a86ca635d69234301f3","blockNumber":47,"result":{"gasUsed":"0x6fa0","output":"0x"},"subtraces":0,"traceAddress":[],"transactionHash":"0x62f97493d38267cf7b80fd4e9a048bb77cceed36ac0ddd1072736cff48915821","transactionPosition":2,"type":"call"},{"action":{"author":"0x0000000000000000000000000000000000000000","rewardType":"block","value":"0x0"},"blockHash":"0xaede89efdac80ce5f55b93ee934eddc67b5c8a4282b18a86ca635d69234301f3","blockNumber":47,"result":null,"subtraces":0,"traceAddress":[],"transactionHash":null,"transactionPosition":null,"type":"reward"},{"action":{"callType":"call","from":"0x7435ed30a8b4aeb0877cef0c6e8cffe834eb865f","gas":"0x0","input":"0x","to":"0x83c7e323d189f18725ac510004fdc2941f8c4a78","value":"0x1"},"blockHash":"0xf0b1510b2a9c8d4c4bd1ff2c578ddbffc04741aa06b3cc8680a343741ef15e84","blockNumber":48,"result":{"gasUsed":"0x0","output":"0x"},"subtraces":0,"traceAddress":[],"transactionHash":"0x8e96b39ab5e268215283ab40d65139edc6f281f4d79444b6b0a87861c5f8a1d5","transactionPosition":0,"type":"call"},{"action":{"callType":"call","from":"0x7435ed30a8b4aeb0877cef0c6e8cffe834eb865f","gas":"0x0","input":"0x","to":"0x2d389075be5be9f2246ad654ce152cf05990b209","value":"0x1"},"blockHash":"0xf0b1510b2a9c8d4c4bd1ff2c578ddbffc04741aa06b3cc8680a343741ef15e84","blockNumber":48,"result":{"gasUsed":"0x0","output":"0x"},"subtraces":0,"traceAddress":[],"transactionHash":"0x7045e365111563c3f68594c54d9c4d7e3445f0cfc9671f68e8a0122f849f3f18","transactionPosition":1,"type":"call"},{"action":{"callType":"call","from":"0x7435ed30a8b4aeb0877cef0c6e8cffe834eb865f","gas":"0x0","input":"0x","to":"0x3ae75c08b4c907eb63a8960c45b86e1e9ab6123c","value":"0x1"},"blockHash":"0xf0b1510b2a9c8d4c4bd1ff2c578ddbffc04741aa06b3cc8680a343741ef15e84","blockNumber":48,"result":{"gasUsed":"0x0","output":"0x"},"subtraces":0,"traceAddress":[],"transactionHash":"0xbe7d79a54b361c1515802fdf8e3843694b3a93350a9097b84c5582686c77163c","transactionPosition":2,"type":"call"},{"action":{"author":"0x0000000000000000000000000000000000000000","rewardType":"block","value":"0x0"},"blockHash":"0xf0b1510b2a9c8d4c4bd1ff2c578ddbffc04741aa06b3cc8680a343741ef15e84","blockNumber":48,"result":null,"subtraces":0,"traceAddress":[],"transactionHash":null,"transactionPosition":null,"type":"reward"}]}
response differs from expected (-- client, ++ test):
{
  "id": 1,
  "jsonrpc": "2.0",
  "result": -- [] ++ {}
}
>>  {"jsonrpc": "2.0", "id": 1, "method": "eth_getBlockByNumber", "params": ["0x30", false]}
<<  {"jsonrpc":"2.0","id":1,"result":{"number":"0x30","hash":"0xf0b1510b2a9c8d4c4bd1ff2c578ddbffc04741aa06b3cc8680a343741ef15e84","mixHash":"0x0000000000000000000000000000000000000000000000000000000000000000","parentHash":"0xaede89efdac80ce5f55b93ee934eddc67b5c8a4282b18a86ca635d69234301f3","nonce":"0x0000000000000000","sha3Uncles":"0x1dcc4de8dec75d7aab85b567b6ccd41ad312451b948a7413f0a142fd40d49347","logsBloom":"0x00000000000000000000000000000000000000000000000000000000000000000000000000000000000000000000000000000000000000000000000000000000000000000000000000000000000000000000000000000000000000000000000000000000000000000000000000000000000000000000000000000000000000000000000000000000000000000000000000000000000000000000000000000000000000000000000000000000000000000000000000000000000000000000000000000000000000000000000000000000000000000000000000000000000000000000000000000000000000000000000000000000000000000000000000000000","transactionsRoot":"0x3d96f46f0efae36059fcba93396d90ed19260e009e9dac0057a1d87e66dc17d0","stateRoot":"0xbce840ac9806ecb3d791bf55bfcfa9460ff3275996aff265fc75e2a2f3efdb26","receiptsRoot":"0x4b7fefa97a453e0ee0cea1d51ca4ab3729f3a2a6a8388a5a3b13765eec3720b7","miner":"0x0000000000000000000000000000000000000000","difficulty":"0x0","extraData":"0x","baseFeePerGas":"0x199876","size":"0x3b8","gasLimit":"0x5f5e100","gasUsed":"0xf618","timestamp":"0x1e0","uncles":[],"transactions":["0x8e96b39ab5e268215283ab40d65139edc6f281f4d79444b6b0a87861c5f8a1d5","0x7045e365111563c3f68594c54d9c4d7e3445f0cfc9671f68e8a0122f849f3f18","0xbe7d79a54b361c1515802fdf8e3843694b3a93350a9097b84c5582686c77163c"],"withdrawalsRoot":"0x56e81f171bcc55a6ff8345e692c0f86e5b48e01b996cadc001622fb5e363b421","withdrawals":[],"requestsHash":"0xe3b0c44298fc1c149afbf4c8996fb92427ae41e4649b934ca495991b7852b855","blobGasUsed":"0x0","excessBlobGas":"0x0","parentBeaconBlockRoot":"0x5b5b49487967b3b60bd859ba2fb13290c6eaf67e97e9f9f9dda935c08564b5f6"}}
response differs from expected (-- client, ++ test):
{
  "id": 1,
  "jsonrpc": "2.0",
  "result": {
    -- "baseFeePerGas": "0x199876",
    -- "blobGasUsed": "0x0",
    ++ "capture_only": true,
    -- "difficulty": "0x0",
    -- "excessBlobGas": "0x0",
    -- "extraData": "0x",
    -- "gasLimit": "0x5f5e100",
    -- "gasUsed": "0xf618",
    -- "hash": "0xf0b1510b2a9c8d4c4bd1ff2c578ddbffc04741aa06b3cc8680a343741ef15e84",
    -- "logsBloom": "0x00000000000000000000000000000000000000000000000000000000000000000000000000000000000000000000000000000000000000000000000000000000000000000000000000000000000000000000000000000000000000000000000000000000000000000000000000000000000000000000000000000000000000000000000000000000000000000000000000000000000000000000000000000000000000000000000000000000000000000000000000000000000000000000000000000000000000000000000000000000000000000000000000000000000000000000000000000000000000000000000000000000000000000000000000000000",
    -- "miner": "0x0000000000000000000000000000000000000000",
    -- "mixHash": "0x0000000000000000000000000000000000000000000000000000000000000000",
    -- "nonce": "0x0000000000000000",
    -- "number": "0x30",
    -- "parentBeaconBlockRoot": "0x5b5b49487967b3b60bd859ba2fb13290c6eaf67e97e9f9f9dda935c08564b5f6",
    -- "parentHash": "0xaede89efdac80ce5f55b93ee934eddc67b5c8a4282b18a86ca635d69234301f3",
    -- "receiptsRoot": "0x4b7fefa97a453e0ee0cea1d51ca4ab3729f3a2a6a8388a5a3b13765eec3720b7",
    -- "requestsHash": "0xe3b0c44298fc1c149afbf4c8996fb92427ae41e4649b934ca495991b7852b855",
    -- "sha3Uncles": "0x1dcc4de8dec75d7aab85b567b6ccd41ad312451b948a7413f0a142fd40d49347",
    -- "size": "0x3b8",
    -- "stateRoot": "0xbce840ac9806ecb3d791bf55bfcfa9460ff3275996aff265fc75e2a2f3efdb26",
    -- "timestamp": "0x1e0",
    -- "transactions": [
      -- "0x8e96b39ab5e268215283ab40d65139edc6f281f4d79444b6b0a87861c5f8a1d5",
      -- "0x7045e365111563c3f68594c54d9c4d7e3445f0cfc9671f68e8a0122f849f3f18",
      -- "0xbe7d79a54b361c1515802fdf8e3843694b3a93350a9097b84c5582686c77163c"
    -- ],
    -- "transactionsRoot": "0x3d96f46f0efae36059fcba93396d90ed19260e009e9dac0057a1d87e66dc17d0",
    -- "uncles": [],
    -- "withdrawals": [],
    -- "withdrawalsRoot": "0x56e81f171bcc55a6ff8345e692c0f86e5b48e01b996cadc001622fb5e363b421"
  }
}
>>  {"jsonrpc": "2.0", "id": 1, "method": "eth_blockNumber", "params": []}
<<  {"jsonrpc":"2.0","id":1,"result":"0x30"}
response differs from expected (-- client, ++ test):
{
  "id": 1,
  "jsonrpc": "2.0",
  "result": -- "0x30" ++ {}
}
>>  {"jsonrpc": "2.0", "id": 1, "method": "eth_getTransactionReceipt", "params": ["0xe4a4bd6a4fad4df86c1222128b9d79a1dd0686cf4a0e1d506731482b7266d483"]}
<<  {"jsonrpc":"2.0","id":1,"result":{"blockHash":"0x6cb3089f8b5ff993ed24ed9ccbfa8bae322848d722842e6453576f30029b1434","blockNumber":"0x2a","contractAddress":null,"cumulativeGasUsed":"0x5208","from":"0x7435ed30a8b4aeb0877cef0c6e8cffe834eb865f","gasUsed":"0x5208","effectiveGasPrice":"0x38e4f7","logs":[],"logsBloom":"0x00000000000000000000000000000000000000000000000000000000000000000000000000000000000000000000000000000000000000000000000000000000000000000000000000000000000000000000000000000000000000000000000000000000000000000000000000000000000000000000000000000000000000000000000000000000000000000000000000000000000000000000000000000000000000000000000000000000000000000000000000000000000000000000000000000000000000000000000000000000000000000000000000000000000000000000000000000000000000000000000000000000000000000000000000000000","status":"0x1","to":"0x1f5bde34b4afc686f136c7a3cb6ec376f7357759","transactionHash":"0xe4a4bd6a4fad4df86c1222128b9d79a1dd0686cf4a0e1d506731482b7266d483","transactionIndex":"0x0","type":"0x0"}}
response differs from expected (-- client, ++ test):
{
  "id": 1,
  "jsonrpc": "2.0",
  "result": {
    -- "blockHash": "0x6cb3089f8b5ff993ed24ed9ccbfa8bae322848d722842e6453576f30029b1434",
    -- "blockNumber": "0x2a",
    ++ "capture_only": true,
    -- "contractAddress": null,
    -- "cumulativeGasUsed": "0x5208",
    -- "effectiveGasPrice": "0x38e4f7",
    -- "from": "0x7435ed30a8b4aeb0877cef0c6e8cffe834eb865f",
    -- "gasUsed": "0x5208",
    -- "logs": [],
    -- "logsBloom": "0x00000000000000000000000000000000000000000000000000000000000000000000000000000000000000000000000000000000000000000000000000000000000000000000000000000000000000000000000000000000000000000000000000000000000000000000000000000000000000000000000000000000000000000000000000000000000000000000000000000000000000000000000000000000000000000000000000000000000000000000000000000000000000000000000000000000000000000000000000000000000000000000000000000000000000000000000000000000000000000000000000000000000000000000000000000000",
    -- "status": "0x1",
    -- "to": "0x1f5bde34b4afc686f136c7a3cb6ec376f7357759",
    -- "transactionHash": "0xe4a4bd6a4fad4df86c1222128b9d79a1dd0686cf4a0e1d506731482b7266d483",
    -- "transactionIndex": "0x0",
    -- "type": "0x0"
  }
}
interop Engine engine_newPayloadV4: reply=map[latestValidHash:0x23a229f69acd6ffb1d98dbae859e4fde6bcb6db51786ec54d07085d74bf473d4 status:VALID validationError:<nil>] error=<nil>
interop Engine engine_newPayloadV4: reply=map[latestValidHash:0xb643aaad7876814b2319a5ac15e3efd4c5a928f711683d4d3abee5b525fc349d status:VALID validationError:<nil>] error=<nil>
interop Engine engine_newPayloadV4: reply=map[latestValidHash:0x59c52ea8dd1dfdb037aec4a2f28907fb1cf4ca5401b48590182eaa5415e8e6f3 status:VALID validationError:<nil>] error=<nil>
interop Engine engine_newPayloadV4: reply=map[latestValidHash:0x3ae39139cb5ef4492f48c7ed41f861621a0f7af2c15ee458b09914e7fc97dfe9 status:VALID validationError:<nil>] error=<nil>
interop Engine engine_newPayloadV4: reply=map[latestValidHash:0x008d1333b89a6507babffba8a8605f2426aa21a829ad0c20131d40dc72300628 status:VALID validationError:<nil>] error=<nil>
interop Engine engine_newPayloadV4: reply=map[latestValidHash:0xb75975dcf8dc29c9d8f63272511a20eb5c16c8466634e83f6b840d3baaa54110 status:VALID validationError:<nil>] error=<nil>
interop Engine engine_newPayloadV4: reply=map[latestValidHash:0xced04ae80b11fac8e3619bba83e9f8a3490159e045f1ac504955e69a783dbbcd status:VALID validationError:<nil>] error=<nil>
interop Engine engine_newPayloadV4: reply=map[latestValidHash:0xa3b4b86837197906688c55979962fcf57fc43f7d1796cdacce350f2a4590ef8e status:VALID validationError:<nil>] error=<nil>
interop Engine engine_newPayloadV4: reply=map[latestValidHash:0x89760635a073492746414d5e8ea50ceaaaf035f603e37543a36328af11d6de32 status:VALID validationError:<nil>] error=<nil>
interop forkchoice accepted: [map[finalizedBlockHash:0x9901db3a31e7004c45911fca4480b7dce86a4baeab819eb4959d7316f687d54c headBlockHash:0x89760635a073492746414d5e8ea50ceaaaf035f603e37543a36328af11d6de32 safeBlockHash:0x9901db3a31e7004c45911fca4480b7dce86a4baeab819eb4959d7316f687d54c] <nil>]
>>  {"jsonrpc": "2.0", "id": 1, "method": "trace_block", "params": ["0x2d"]}
<<  {"jsonrpc":"2.0","id":1,"result":[{"action":{"author":"0x0000000000000000000000000000000000000000","rewardType":"block","value":"0x0"},"blockHash":"0xb75975dcf8dc29c9d8f63272511a20eb5c16c8466634e83f6b840d3baaa54110","blockNumber":45,"result":null,"subtraces":0,"traceAddress":[],"transactionHash":null,"transactionPosition":null,"type":"reward"}]}
response differs from expected (-- client, ++ test):
{
  "id": 1,
  "jsonrpc": "2.0",
  "result": -- [] ++ {}
}
>>  {"jsonrpc": "2.0", "id": 1, "method": "trace_filter", "params": [{"fromBlock": "0x28", "toBlock": "0x30"}]}
<<  {"jsonrpc":"2.0","id":1,"result":[{"action":{"author":"0x0000000000000000000000000000000000000000","rewardType":"block","value":"0x0"},"blockHash":"0x23a229f69acd6ffb1d98dbae859e4fde6bcb6db51786ec54d07085d74bf473d4","blockNumber":40,"result":null,"subtraces":0,"traceAddress":[],"transactionHash":null,"transactionPosition":null,"type":"reward"},{"action":{"author":"0x0000000000000000000000000000000000000000","rewardType":"block","value":"0x0"},"blockHash":"0xb643aaad7876814b2319a5ac15e3efd4c5a928f711683d4d3abee5b525fc349d","blockNumber":41,"result":null,"subtraces":0,"traceAddress":[],"transactionHash":null,"transactionPosition":null,"type":"reward"},{"action":{"author":"0x0000000000000000000000000000000000000000","rewardType":"block","value":"0x0"},"blockHash":"0x59c52ea8dd1dfdb037aec4a2f28907fb1cf4ca5401b48590182eaa5415e8e6f3","blockNumber":42,"result":null,"subtraces":0,"traceAddress":[],"transactionHash":null,"transactionPosition":null,"type":"reward"},{"action":{"author":"0x0000000000000000000000000000000000000000","rewardType":"block","value":"0x0"},"blockHash":"0x3ae39139cb5ef4492f48c7ed41f861621a0f7af2c15ee458b09914e7fc97dfe9","blockNumber":43,"result":null,"subtraces":0,"traceAddress":[],"transactionHash":null,"transactionPosition":null,"type":"reward"},{"action":{"author":"0x0000000000000000000000000000000000000000","rewardType":"block","value":"0x0"},"blockHash":"0x008d1333b89a6507babffba8a8605f2426aa21a829ad0c20131d40dc72300628","blockNumber":44,"result":null,"subtraces":0,"traceAddress":[],"transactionHash":null,"transactionPosition":null,"type":"reward"},{"action":{"author":"0x0000000000000000000000000000000000000000","rewardType":"block","value":"0x0"},"blockHash":"0xb75975dcf8dc29c9d8f63272511a20eb5c16c8466634e83f6b840d3baaa54110","blockNumber":45,"result":null,"subtraces":0,"traceAddress":[],"transactionHash":null,"transactionPosition":null,"type":"reward"},{"action":{"author":"0x0000000000000000000000000000000000000000","rewardType":"block","value":"0x0"},"blockHash":"0xced04ae80b11fac8e3619bba83e9f8a3490159e045f1ac504955e69a783dbbcd","blockNumber":46,"result":null,"subtraces":0,"traceAddress":[],"transactionHash":null,"transactionPosition":null,"type":"reward"},{"action":{"author":"0x0000000000000000000000000000000000000000","rewardType":"block","value":"0x0"},"blockHash":"0xa3b4b86837197906688c55979962fcf57fc43f7d1796cdacce350f2a4590ef8e","blockNumber":47,"result":null,"subtraces":0,"traceAddress":[],"transactionHash":null,"transactionPosition":null,"type":"reward"},{"action":{"author":"0x0000000000000000000000000000000000000000","rewardType":"block","value":"0x0"},"blockHash":"0x89760635a073492746414d5e8ea50ceaaaf035f603e37543a36328af11d6de32","blockNumber":48,"result":null,"subtraces":0,"traceAddress":[],"transactionHash":null,"transactionPosition":null,"type":"reward"}]}
response differs from expected (-- client, ++ test):
{
  "id": 1,
  "jsonrpc": "2.0",
  "result": -- [] ++ {}
}
>>  {"jsonrpc": "2.0", "id": 1, "method": "eth_getBlockByNumber", "params": ["0x30", false]}
<<  {"jsonrpc":"2.0","id":1,"result":{"number":"0x30","hash":"0x89760635a073492746414d5e8ea50ceaaaf035f603e37543a36328af11d6de32","mixHash":"0x0000000000000000000000000000000000000000000000000000000000000000","parentHash":"0xa3b4b86837197906688c55979962fcf57fc43f7d1796cdacce350f2a4590ef8e","nonce":"0x0000000000000000","sha3Uncles":"0x1dcc4de8dec75d7aab85b567b6ccd41ad312451b948a7413f0a142fd40d49347","logsBloom":"0x00000000000000000000000000000000000000000000000000000000000000000000000000000000000000000000000000000000000000000000000000000000000000000000000000000000000000000000000000000000000000000000000000000000000000000000000000000000000000000000000000000000000000000000000000000000000000000000000000000000000000000000000000000000000000000000000000000000000000000000000000000000000000000000000000000000000000000000000000000000000000000000000000000000000000000000000000000000000000000000000000000000000000000000000000000000","transactionsRoot":"0x56e81f171bcc55a6ff8345e692c0f86e5b48e01b996cadc001622fb5e363b421","stateRoot":"0xe679c81a19539811969c8d19a159ade831d70b65332e61695bf8ff5084c2a975","receiptsRoot":"0x56e81f171bcc55a6ff8345e692c0f86e5b48e01b996cadc001622fb5e363b421","miner":"0x0000000000000000000000000000000000000000","difficulty":"0x0","extraData":"0x","baseFeePerGas":"0x198413","size":"0x265","gasLimit":"0x5f5e100","gasUsed":"0x0","timestamp":"0x1e0","uncles":[],"transactions":[],"withdrawalsRoot":"0x56e81f171bcc55a6ff8345e692c0f86e5b48e01b996cadc001622fb5e363b421","withdrawals":[],"requestsHash":"0xe3b0c44298fc1c149afbf4c8996fb92427ae41e4649b934ca495991b7852b855","blobGasUsed":"0x0","excessBlobGas":"0x0","parentBeaconBlockRoot":"0x5b5b49487967b3b60bd859ba2fb13290c6eaf67e97e9f9f9dda935c08564b5f6"}}
response differs from expected (-- client, ++ test):
{
  "id": 1,
  "jsonrpc": "2.0",
  "result": {
    -- "baseFeePerGas": "0x198413",
    -- "blobGasUsed": "0x0",
    ++ "capture_only": true,
    -- "difficulty": "0x0",
    -- "excessBlobGas": "0x0",
    -- "extraData": "0x",
    -- "gasLimit": "0x5f5e100",
    -- "gasUsed": "0x0",
    -- "hash": "0x89760635a073492746414d5e8ea50ceaaaf035f603e37543a36328af11d6de32",
    -- "logsBloom": "0x00000000000000000000000000000000000000000000000000000000000000000000000000000000000000000000000000000000000000000000000000000000000000000000000000000000000000000000000000000000000000000000000000000000000000000000000000000000000000000000000000000000000000000000000000000000000000000000000000000000000000000000000000000000000000000000000000000000000000000000000000000000000000000000000000000000000000000000000000000000000000000000000000000000000000000000000000000000000000000000000000000000000000000000000000000000",
    -- "miner": "0x0000000000000000000000000000000000000000",
    -- "mixHash": "0x0000000000000000000000000000000000000000000000000000000000000000",
    -- "nonce": "0x0000000000000000",
    -- "number": "0x30",
    -- "parentBeaconBlockRoot": "0x5b5b49487967b3b60bd859ba2fb13290c6eaf67e97e9f9f9dda935c08564b5f6",
    -- "parentHash": "0xa3b4b86837197906688c55979962fcf57fc43f7d1796cdacce350f2a4590ef8e",
    -- "receiptsRoot": "0x56e81f171bcc55a6ff8345e692c0f86e5b48e01b996cadc001622fb5e363b421",
    -- "requestsHash": "0xe3b0c44298fc1c149afbf4c8996fb92427ae41e4649b934ca495991b7852b855",
    -- "sha3Uncles": "0x1dcc4de8dec75d7aab85b567b6ccd41ad312451b948a7413f0a142fd40d49347",
    -- "size": "0x265",
    -- "stateRoot": "0xe679c81a19539811969c8d19a159ade831d70b65332e61695bf8ff5084c2a975",
    -- "timestamp": "0x1e0",
    -- "transactions": [],
    -- "transactionsRoot": "0x56e81f171bcc55a6ff8345e692c0f86e5b48e01b996cadc001622fb5e363b421",
    -- "uncles": [],
    -- "withdrawals": [],
    -- "withdrawalsRoot": "0x56e81f171bcc55a6ff8345e692c0f86e5b48e01b996cadc001622fb5e363b421"
  }
}
>>  {"jsonrpc": "2.0", "id": 1, "method": "eth_blockNumber", "params": []}
<<  {"jsonrpc":"2.0","id":1,"result":"0x30"}
response differs from expected (-- client, ++ test):
{
  "id": 1,
  "jsonrpc": "2.0",
  "result": -- "0x30" ++ {}
}
>>  {"jsonrpc": "2.0", "id": 1, "method": "eth_getTransactionReceipt", "params": ["0xe4a4bd6a4fad4df86c1222128b9d79a1dd0686cf4a0e1d506731482b7266d483"]}
<<  {"jsonrpc":"2.0","id":1,"result":null}
response differs from expected (-- client, ++ test):
{
  "id": 1,
  "jsonrpc": "2.0",
  "result": -- null ++ {}
}
interop forkchoice accepted: [map[finalizedBlockHash:0x9901db3a31e7004c45911fca4480b7dce86a4baeab819eb4959d7316f687d54c headBlockHash:0xf0b1510b2a9c8d4c4bd1ff2c578ddbffc04741aa06b3cc8680a343741ef15e84 safeBlockHash:0x9901db3a31e7004c45911fca4480b7dce86a4baeab819eb4959d7316f687d54c] <nil>]
>>  {"jsonrpc": "2.0", "id": 1, "method": "trace_block", "params": ["0x2d"]}
<<  {"jsonrpc":"2.0","id":1,"result":[{"action":{"callType":"call","from":"0x7435ed30a8b4aeb0877cef0c6e8cffe834eb865f","gas":"0x0","input":"0x","to":"0x16c57edf7fa9d9525378b0b81bf8a3ced0620c1c","value":"0x1"},"blockHash":"0xe6d9078b4964bc1b329fb12242254e21cf88ffa9a88058e515d6e79f7d8fce0d","blockNumber":45,"result":{"gasUsed":"0x0","output":"0x"},"subtraces":0,"traceAddress":[],"transactionHash":"0x8d872ca87b7f1343eab260d3f69260e8efde5dcf5532a23c18e1c25cadaa2df7","transactionPosition":0,"type":"call"},{"action":{"callType":"call","from":"0x7435ed30a8b4aeb0877cef0c6e8cffe834eb865f","gas":"0x0","input":"0x","to":"0x14e46043e63d0e3cdcf2530519f4cfaf35058cb2","value":"0x1"},"blockHash":"0xe6d9078b4964bc1b329fb12242254e21cf88ffa9a88058e515d6e79f7d8fce0d","blockNumber":45,"result":{"gasUsed":"0x0","output":"0x"},"subtraces":0,"traceAddress":[],"transactionHash":"0x07782b90d866d9c854fc70a3609e69f378a7d392a61f7cd712136d79e3f98a6f","transactionPosition":1,"type":"call"},{"action":{"author":"0x0000000000000000000000000000000000000000","rewardType":"block","value":"0x0"},"blockHash":"0xe6d9078b4964bc1b329fb12242254e21cf88ffa9a88058e515d6e79f7d8fce0d","blockNumber":45,"result":null,"subtraces":0,"traceAddress":[],"transactionHash":null,"transactionPosition":null,"type":"reward"}]}
response differs from expected (-- client, ++ test):
{
  "id": 1,
  "jsonrpc": "2.0",
  "result": -- [] ++ {}
}
>>  {"jsonrpc": "2.0", "id": 1, "method": "trace_filter", "params": [{"fromBlock": "0x28", "toBlock": "0x30"}]}
<<  {"jsonrpc":"2.0","id":1,"result":[{"action":{"callType":"call","from":"0x7435ed30a8b4aeb0877cef0c6e8cffe834eb865f","gas":"0x11ba0","input":"0x036464a71961a53a656d6974","to":"0x7dcd17433742f4c0ca53122ab541d0ba67fc27df","value":"0x2"},"blockHash":"0xfc2b688f6d286950eff2cf6f1b10a6bf63e92a20fcdf8db7377ef647b154eb52","blockNumber":40,"result":{"gasUsed":"0x5f9c","output":"0x"},"subtraces":0,"traceAddress":[],"transactionHash":"0x0efc1e4671e41e768fa107ecf72ab35e03d5a8b7e3f5bbe29cb28dc1eea265a2","transactionPosition":0,"type":"call"},{"action":{"callType":"call","from":"0x7435ed30a8b4aeb0877cef0c6e8cffe834eb865f","gas":"0x11ba0","input":"0x9ec58f808778768f656d6974","to":"0x7dcd17433742f4c0ca53122ab541d0ba67fc27df","value":"0x2"},"blockHash":"0xfc2b688f6d286950eff2cf6f1b10a6bf63e92a20fcdf8db7377ef647b154eb52","blockNumber":40,"result":{"gasUsed":"0x5f9c","output":"0x"},"subtraces":0,"traceAddress":[],"transactionHash":"0x1942a6223310f991ab036dccb28259dd634e39e08152d383afc422481e5ab2c2","transactionPosition":1,"type":"call"},{"action":{"callType":"call","from":"0x7435ed30a8b4aeb0877cef0c6e8cffe834eb865f","gas":"0x11ba0","input":"0xcd417355d4039279656d6974","to":"0x7dcd17433742f4c0ca53122ab541d0ba67fc27df","value":"0x3"},"blockHash":"0xfc2b688f6d286950eff2cf6f1b10a6bf63e92a20fcdf8db7377ef647b154eb52","blockNumber":40,"result":{"gasUsed":"0x5f9c","output":"0x"},"subtraces":0,"traceAddress":[],"transactionHash":"0xbc3230ca851b7baad39753405e55d96f2124d1e5e8ab9cd76c638bba601423ac","transactionPosition":2,"type":"call"},{"action":{"author":"0x0000000000000000000000000000000000000000","rewardType":"block","value":"0x0"},"blockHash":"0xfc2b688f6d286950eff2cf6f1b10a6bf63e92a20fcdf8db7377ef647b154eb52","blockNumber":40,"result":null,"subtraces":0,"traceAddress":[],"transactionHash":null,"transactionPosition":null,"type":"reward"},{"action":{"callType":"call","from":"0x7435ed30a8b4aeb0877cef0c6e8cffe834eb865f","gas":"0x133d8","input":"0x3186f4d423ee1407656d6974","to":"0x7dcd17433742f4c0ca53122ab541d0ba67fc27df","value":"0x2"},"blockHash":"0x9bc6bd9fb238298cb6a4260fc4306ab426b3e2d41607e719dde8c4ca41817da7","blockNumber":41,"result":{"gasUsed":"0x6fa0","output":"0x"},"subtraces":0,"traceAddress":[],"transactionHash":"0x6a2b2c1d5d3bae710fa3c9f79035e0b6b98d65df9cb05e425087c93ce9bf08ed","transactionPosition":0,"type":"call"},{"action":{"callType":"call","from":"0x7435ed30a8b4aeb0877cef0c6e8cffe834eb865f","gas":"0x0","input":"0x","to":"0x717f8aa2b982bee0e29f573d31df288663e1ce16","value":"0x1"},"blockHash":"0x9bc6bd9fb238298cb6a4260fc4306ab426b3e2d41607e719dde8c4ca41817da7","blockNumber":41,"result":{"gasUsed":"0x0","output":"0x"},"subtraces":0,"traceAddress":[],"transactionHash":"0x9249eb130af4bcf26d420f09df8a51f4947e387f9e325e8b223237c9602208a1","transactionPosition":1,"type":"call"},{"action":{"callType":"call","from":"0x7435ed30a8b4aeb0877cef0c6e8cffe834eb865f","gas":"0x0","input":"0x","to":"0x4a0f1452281bcec5bd90c3dce6162a5995bfe9df","value":"0x1"},"blockHash":"0x9bc6bd9fb238298cb6a4260fc4306ab426b3e2d41607e719dde8c4ca41817da7","blockNumber":41,"result":{"gasUsed":"0x0","output":"0x"},"subtraces":0,"traceAddress":[],"transactionHash":"0xbdda348fd5169ff5cc8c761147a64b34ceb2e913d7bf5e8ddf8e497ca3e3460f","transactionPosition":2,"type":"call"},{"action":{"author":"0x0000000000000000000000000000000000000000","rewardType":"block","value":"0x0"},"blockHash":"0x9bc6bd9fb238298cb6a4260fc4306ab426b3e2d41607e719dde8c4ca41817da7","blockNumber":41,"result":null,"subtraces":0,"traceAddress":[],"transactionHash":null,"transactionPosition":null,"type":"reward"},{"action":{"callType":"call","from":"0x7435ed30a8b4aeb0877cef0c6e8cffe834eb865f","gas":"0x0","input":"0x","to":"0x1f5bde34b4afc686f136c7a3cb6ec376f7357759","value":"0x1"},"blockHash":"0x6cb3089f8b5ff993ed24ed9ccbfa8bae322848d722842e6453576f30029b1434","blockNumber":42,"result":{"gasUsed":"0x0","output":"0x"},"subtraces":0,"traceAddress":[],"transactionHash":"0xe4a4bd6a4fad4df86c1222128b9d79a1dd0686cf4a0e1d506731482b7266d483","transactionPosition":0,"type":"call"},{"action":{"callType":"call","from":"0x7435ed30a8b4aeb0877cef0c6e8cffe834eb865f","gas":"0x13488","input":"0x01","to":"0x9dcd17433742f4c0ca53122ab541d0ba67fc27d3","value":"0x0"},"blockHash":"0x6cb3089f8b5ff993ed24ed9ccbfa8bae322848d722842e6453576f30029b1434","blockNumber":42,"error":"Reverted","revertReason":"0x08c379a00000000000000000000000000000000000000000000000000000000000000020000000000000000000000000000000000000000000000000000000000000000a75736572206572726f72","subtraces":0,"traceAddress":[],"transactionHash":"0x7a15f2b6b479009c2d8f167dfc8490654348e85aa4968583bab1d4c3c17284bb","transactionPosition":1,"type":"call"},{"action":{"author":"0x0000000000000000000000000000000000000000","rewardType":"block","value":"0x0"},"blockHash":"0x6cb3089f8b5ff993ed24ed9ccbfa8bae322848d722842e6453576f30029b1434","blockNumber":42,"result":null,"subtraces":0,"traceAddress":[],"transactionHash":null,"transactionPosition":null,"type":"reward"},{"action":{"callType":"call","from":"0x7435ed30a8b4aeb0877cef0c6e8cffe834eb865f","gas":"0x8d5b8","input":"0x","to":"0x9dcd17433742f4c0ca53122ab541d0ba67fc27d0","value":"0x0"},"blockHash":"0x22e8e9edaefc674ba389450dc41088e521fb2d33330a72c8b7aa2bf1b2281ffe","blockNumber":43,"result":{"gasUsed":"0x1fc63","output":"0xffee"},"subtraces":7,"traceAddress":[],"transactionHash":"0x651d033b62050d4a32ffb16281c8685790d1233922a4ec2dcd5c6c1a66461226","transactionPosition":0,"type":"call"},{"action":{"callType":"call","from":"0x9dcd17433742f4c0ca53122ab541d0ba67fc27d0","gas":"0xf35c","input":"0xff01","to":"0x9dcd17433742f4c0ca53122ab541d0ba67fc27d1","value":"0x1"},"blockHash":"0x22e8e9edaefc674ba389450dc41088e521fb2d33330a72c8b7aa2bf1b2281ffe","blockNumber":43,"result":{"gasUsed":"0x48","output":"0xffee"},"subtraces":0,"traceAddress":[0],"transactionHash":"0x651d033b62050d4a32ffb16281c8685790d1233922a4ec2dcd5c6c1a66461226","transactionPosition":0,"type":"call"},{"action":{"callType":"call","from":"0x9dcd17433742f4c0ca53122ab541d0ba67fc27d0","gas":"0xea60","input":"0x0000000000000000000000000000000000000000000000000000000000000001","to":"0x9dcd17433742f4c0ca53122ab541d0ba67fc27d3","value":"0x0"},"blockHash":"0x22e8e9edaefc674ba389450dc41088e521fb2d33330a72c8b7aa2bf1b2281ffe","blockNumber":43,"error":"Reverted","subtraces":0,"traceAddress":[1],"transactionHash":"0x651d033b62050d4a32ffb16281c8685790d1233922a4ec2dcd5c6c1a66461226","transactionPosition":0,"type":"call"},{"action":{"callType":"staticcall","from":"0x9dcd17433742f4c0ca53122ab541d0ba67fc27d0","gas":"0xea60","input":"0x","to":"0x9dcd17433742f4c0ca53122ab541d0ba67fc27d2","value":"0x0"},"blockHash":"0x22e8e9edaefc674ba389450dc41088e521fb2d33330a72c8b7aa2bf1b2281ffe","blockNumber":43,"result":{"gasUsed":"0x7d","output":"0x000000000000000000000000000000000000000000000000000000000000002b000000000000000000000000000000000000000000000000000c72dd9d5e883e0000000000000000000000000000000000000000000000000000000000000000000000000000000000000000000000000000000000000000000000000031c9f400000000000000000000000000000000000000000000000000000000000000000000000000000000000000007435ed30a8b4aeb0877cef0c6e8cffe834eb865f0000000000000000000000000000000000000000000000000000000000000000"},"subtraces":0,"traceAddress":[2],"transactionHash":"0x651d033b62050d4a32ffb16281c8685790d1233922a4ec2dcd5c6c1a66461226","transactionPosition":0,"type":"call"},{"action":{"callType":"staticcall","from":"0x9dcd17433742f4c0ca53122ab541d0ba67fc27d0","gas":"0xea60","input":"0x","to":"0x7dcd17433742f4c0ca53122ab541d0ba67fc27df","value":"0x0"},"blockHash":"0x22e8e9edaefc674ba389450dc41088e521fb2d33330a72c8b7aa2bf1b2281ffe","blockNumber":43,"error":"Illegal state change","subtraces":0,"traceAddress":[3],"transactionHash":"0x651d033b62050d4a32ffb16281c8685790d1233922a4ec2dcd5c6c1a66461226","transactionPosition":0,"type":"call"},{"action":{"callType":"delegatecall","from":"0x9dcd17433742f4c0ca53122ab541d0ba67fc27d0","gas":"0xea60","input":"0x00000000","to":"0x7dcd17433742f4c0ca53122ab541d0ba67fc27df","value":"0x0"},"blockHash":"0x22e8e9edaefc674ba389450dc41088e521fb2d33330a72c8b7aa2bf1b2281ffe","blockNumber":43,"result":{"gasUsed":"0x2cd4","output":"0x"},"subtraces":0,"traceAddress":[4],"transactionHash":"0x651d033b62050d4a32ffb16281c8685790d1233922a4ec2dcd5c6c1a66461226","transactionPosition":0,"type":"call"},{"action":{"callType":"callcode","from":"0x9dcd17433742f4c0ca53122ab541d0ba67fc27d0","gas":"0xea60","input":"0xff01","to":"0x9dcd17433742f4c0ca53122ab541d0ba67fc27d1","value":"0x0"},"blockHash":"0x22e8e9edaefc674ba389450dc41088e521fb2d33330a72c8b7aa2bf1b2281ffe","blockNumber":43,"result":{"gasUsed":"0x48","output":"0xffee"},"subtraces":0,"traceAddress":[5],"transactionHash":"0x651d033b62050d4a32ffb16281c8685790d1233922a4ec2dcd5c6c1a66461226","transactionPosition":0,"type":"call"},{"action":{"creationMethod":"create","from":"0x9dcd17433742f4c0ca53122ab541d0ba67fc27d0","gas":"0x6d70b","init":"0x5b646368696c6460006000a133ff","value":"0x0"},"blockHash":"0x22e8e9edaefc674ba389450dc41088e521fb2d33330a72c8b7aa2bf1b2281ffe","blockNumber":43,"result":{"address":"0x05032e03adbca6d5d04236000a2bbb6b4fec87f5","gasUsed":"0x1682","output":"0x"},"subtraces":1,"traceAddress":[6],"transactionHash":"0x651d033b62050d4a32ffb16281c8685790d1233922a4ec2dcd5c6c1a66461226","transactionPosition":0,"type":"create"},{"action":{"address":"0x05032e03adbca6d5d04236000a2bbb6b4fec87f5","balance":"0x0","refundAddress":"0x9dcd17433742f4c0ca53122ab541d0ba67fc27d0"},"blockHash":"0x22e8e9edaefc674ba389450dc41088e521fb2d33330a72c8b7aa2bf1b2281ffe","blockNumber":43,"result":null,"subtraces":0,"traceAddress":[6,0],"transactionHash":"0x651d033b62050d4a32ffb16281c8685790d1233922a4ec2dcd5c6c1a66461226","transactionPosition":0,"type":"suicide"},{"action":{"callType":"call","from":"0x7435ed30a8b4aeb0877cef0c6e8cffe834eb865f","gas":"0x11ba0","input":"0xebe7a54f122c1cf1656d6974","to":"0x7dcd17433742f4c0ca53122ab541d0ba67fc27df","value":"0x2"},"blockHash":"0x22e8e9edaefc674ba389450dc41088e521fb2d33330a72c8b7aa2bf1b2281ffe","blockNumber":43,"result":{"gasUsed":"0x5f9c","output":"0x"},"subtraces":0,"traceAddress":[],"transactionHash":"0xfa7de1862f93f2da0e1450d833da95e5e04ea7381a471f7388c1e9c92e551deb","transactionPosition":1,"type":"call"},{"action":{"callType":"call","from":"0x7435ed30a8b4aeb0877cef0c6e8cffe834eb865f","gas":"0x11ba0","input":"0xcef26346bf2d1331656d6974","to":"0x7dcd17433742f4c0ca53122ab541d0ba67fc27df","value":"0x2"},"blockHash":"0x22e8e9edaefc674ba389450dc41088e521fb2d33330a72c8b7aa2bf1b2281ffe","blockNumber":43,"result":{"gasUsed":"0x5f9c","output":"0x"},"subtraces":0,"traceAddress":[],"transactionHash":"0x321a8dba67e9c086a4877a6c33c1564471683da311f72005650d102ba847522c","transactionPosition":2,"type":"call"},{"action":{"author":"0x0000000000000000000000000000000000000000","rewardType":"block","value":"0x0"},"blockHash":"0x22e8e9edaefc674ba389450dc41088e521fb2d33330a72c8b7aa2bf1b2281ffe","blockNumber":43,"result":null,"subtraces":0,"traceAddress":[],"transactionHash":null,"transactionPosition":null,"type":"reward"},{"action":{"callType":"call","from":"0x7435ed30a8b4aeb0877cef0c6e8cffe834eb865f","gas":"0x11ba0","input":"0x2276cc05d723a1e7656d6974","to":"0x7dcd17433742f4c0ca53122ab541d0ba67fc27df","value":"0x3"},"blockHash":"0x8ee9c89c042749060aa7225c9568cfbeb4ae658041f42cf5cfa90ef3cbc8c250","blockNumber":44,"result":{"gasUsed":"0x5f9c","output":"0x"},"subtraces":0,"traceAddress":[],"transactionHash":"0x04fd4668ef5f466780ea8c866659e563d8659a626e5de911ea4a687cda38e4b5","transactionPosition":0,"type":"call"},{"action":{"callType":"call","from":"0x7435ed30a8b4aeb0877cef0c6e8cffe834eb865f","gas":"0x133d8","input":"0x7656ae13bace34c5656d6974","to":"0x7dcd17433742f4c0ca53122ab541d0ba67fc27df","value":"0x2"},"blockHash":"0x8ee9c89c042749060aa7225c9568cfbeb4ae658041f42cf5cfa90ef3cbc8c250","blockNumber":44,"result":{"gasUsed":"0x6fa0","output":"0x"},"subtraces":0,"traceAddress":[],"transactionHash":"0x213aa25f0673a954b12f125f001fdfdfc9c4e5ce3f8a5aeb8292f04f5feb15b4","transactionPosition":1,"type":"call"},{"action":{"callType":"call","from":"0x7435ed30a8b4aeb0877cef0c6e8cffe834eb865f","gas":"0x0","input":"0x","to":"0xd803681e487e6ac18053afc5a6cd813c86ec3e4d","value":"0x1"},"blockHash":"0x8ee9c89c042749060aa7225c9568cfbeb4ae658041f42cf5cfa90ef3cbc8c250","blockNumber":44,"result":{"gasUsed":"0x0","output":"0x"},"subtraces":0,"traceAddress":[],"transactionHash":"0x894b329288125359a28bb1e9c07bf6147ed1e1982b0e487a51a0c724d7fa7486","transactionPosition":2,"type":"call"},{"action":{"author":"0x0000000000000000000000000000000000000000","rewardType":"block","value":"0x0"},"blockHash":"0x8ee9c89c042749060aa7225c9568cfbeb4ae658041f42cf5cfa90ef3cbc8c250","blockNumber":44,"result":null,"subtraces":0,"traceAddress":[],"transactionHash":null,"transactionPosition":null,"type":"reward"},{"action":{"callType":"call","from":"0x7435ed30a8b4aeb0877cef0c6e8cffe834eb865f","gas":"0x0","input":"0x","to":"0x16c57edf7fa9d9525378b0b81bf8a3ced0620c1c","value":"0x1"},"blockHash":"0xe6d9078b4964bc1b329fb12242254e21cf88ffa9a88058e515d6e79f7d8fce0d","blockNumber":45,"result":{"gasUsed":"0x0","output":"0x"},"subtraces":0,"traceAddress":[],"transactionHash":"0x8d872ca87b7f1343eab260d3f69260e8efde5dcf5532a23c18e1c25cadaa2df7","transactionPosition":0,"type":"call"},{"action":{"callType":"call","from":"0x7435ed30a8b4aeb0877cef0c6e8cffe834eb865f","gas":"0x0","input":"0x","to":"0x14e46043e63d0e3cdcf2530519f4cfaf35058cb2","value":"0x1"},"blockHash":"0xe6d9078b4964bc1b329fb12242254e21cf88ffa9a88058e515d6e79f7d8fce0d","blockNumber":45,"result":{"gasUsed":"0x0","output":"0x"},"subtraces":0,"traceAddress":[],"transactionHash":"0x07782b90d866d9c854fc70a3609e69f378a7d392a61f7cd712136d79e3f98a6f","transactionPosition":1,"type":"call"},{"action":{"author":"0x0000000000000000000000000000000000000000","rewardType":"block","value":"0x0"},"blockHash":"0xe6d9078b4964bc1b329fb12242254e21cf88ffa9a88058e515d6e79f7d8fce0d","blockNumber":45,"result":null,"subtraces":0,"traceAddress":[],"transactionHash":null,"transactionPosition":null,"type":"reward"},{"action":{"callType":"call","from":"0x7435ed30a8b4aeb0877cef0c6e8cffe834eb865f","gas":"0x13488","input":"0x01","to":"0x9dcd17433742f4c0ca53122ab541d0ba67fc27d3","value":"0x0"},"blockHash":"0x5b3627e612c821267b54826693cfde431298fd7cdb8f8ec6ea90d952c494e7e8","blockNumber":46,"error":"Reverted","revertReason":"0x08c379a00000000000000000000000000000000000000000000000000000000000000020000000000000000000000000000000000000000000000000000000000000000a75736572206572726f72","subtraces":0,"traceAddress":[],"transactionHash":"0x6992fed2b2fc6c77cb7ffc2a1351d8e5dadf08cf2736fb6d1a0ed5786f3d5206","transactionPosition":0,"type":"call"},{"action":{"callType":"call","from":"0x7435ed30a8b4aeb0877cef0c6e8cffe834eb865f","gas":"0x8d5b8","input":"0x","to":"0x9dcd17433742f4c0ca53122ab541d0ba67fc27d0","value":"0x0"},"blockHash":"0x5b3627e612c821267b54826693cfde431298fd7cdb8f8ec6ea90d952c494e7e8","blockNumber":46,"result":{"gasUsed":"0x1fc63","output":"0xffee"},"subtraces":7,"traceAddress":[],"transactionHash":"0x64b5f6ae3b44a9623caeecbb78c9cf65f9a23781c585d75642e8f52b71bc1599","transactionPosition":1,"type":"call"},{"action":{"callType":"call","from":"0x9dcd17433742f4c0ca53122ab541d0ba67fc27d0","gas":"0xf35c","input":"0xff01","to":"0x9dcd17433742f4c0ca53122ab541d0ba67fc27d1","value":"0x1"},"blockHash":"0x5b3627e612c821267b54826693cfde431298fd7cdb8f8ec6ea90d952c494e7e8","blockNumber":46,"result":{"gasUsed":"0x48","output":"0xffee"},"subtraces":0,"traceAddress":[0],"transactionHash":"0x64b5f6ae3b44a9623caeecbb78c9cf65f9a23781c585d75642e8f52b71bc1599","transactionPosition":1,"type":"call"},{"action":{"callType":"call","from":"0x9dcd17433742f4c0ca53122ab541d0ba67fc27d0","gas":"0xea60","input":"0x0000000000000000000000000000000000000000000000000000000000000001","to":"0x9dcd17433742f4c0ca53122ab541d0ba67fc27d3","value":"0x0"},"blockHash":"0x5b3627e612c821267b54826693cfde431298fd7cdb8f8ec6ea90d952c494e7e8","blockNumber":46,"error":"Reverted","subtraces":0,"traceAddress":[1],"transactionHash":"0x64b5f6ae3b44a9623caeecbb78c9cf65f9a23781c585d75642e8f52b71bc1599","transactionPosition":1,"type":"call"},{"action":{"callType":"staticcall","from":"0x9dcd17433742f4c0ca53122ab541d0ba67fc27d0","gas":"0xea60","input":"0x","to":"0x9dcd17433742f4c0ca53122ab541d0ba67fc27d2","value":"0x0"},"blockHash":"0x5b3627e612c821267b54826693cfde431298fd7cdb8f8ec6ea90d952c494e7e8","blockNumber":46,"result":{"gasUsed":"0x7d","output":"0x000000000000000000000000000000000000000000000000000000000000002e000000000000000000000000000000000000000000000000000c72dd9d5e883e0000000000000000000000000000000000000000000000000000000000000000000000000000000000000000000000000000000000000000000000000021650900000000000000000000000000000000000000000000000000000000000000000000000000000000000000007435ed30a8b4aeb0877cef0c6e8cffe834eb865f0000000000000000000000000000000000000000000000000000000000000000"},"subtraces":0,"traceAddress":[2],"transactionHash":"0x64b5f6ae3b44a9623caeecbb78c9cf65f9a23781c585d75642e8f52b71bc1599","transactionPosition":1,"type":"call"},{"action":{"callType":"staticcall","from":"0x9dcd17433742f4c0ca53122ab541d0ba67fc27d0","gas":"0xea60","input":"0x","to":"0x7dcd17433742f4c0ca53122ab541d0ba67fc27df","value":"0x0"},"blockHash":"0x5b3627e612c821267b54826693cfde431298fd7cdb8f8ec6ea90d952c494e7e8","blockNumber":46,"error":"Illegal state change","subtraces":0,"traceAddress":[3],"transactionHash":"0x64b5f6ae3b44a9623caeecbb78c9cf65f9a23781c585d75642e8f52b71bc1599","transactionPosition":1,"type":"call"},{"action":{"callType":"delegatecall","from":"0x9dcd17433742f4c0ca53122ab541d0ba67fc27d0","gas":"0xea60","input":"0x00000000","to":"0x7dcd17433742f4c0ca53122ab541d0ba67fc27df","value":"0x0"},"blockHash":"0x5b3627e612c821267b54826693cfde431298fd7cdb8f8ec6ea90d952c494e7e8","blockNumber":46,"result":{"gasUsed":"0x2cd4","output":"0x"},"subtraces":0,"traceAddress":[4],"transactionHash":"0x64b5f6ae3b44a9623caeecbb78c9cf65f9a23781c585d75642e8f52b71bc1599","transactionPosition":1,"type":"call"},{"action":{"callType":"callcode","from":"0x9dcd17433742f4c0ca53122ab541d0ba67fc27d0","gas":"0xea60","input":"0xff01","to":"0x9dcd17433742f4c0ca53122ab541d0ba67fc27d1","value":"0x0"},"blockHash":"0x5b3627e612c821267b54826693cfde431298fd7cdb8f8ec6ea90d952c494e7e8","blockNumber":46,"result":{"gasUsed":"0x48","output":"0xffee"},"subtraces":0,"traceAddress":[5],"transactionHash":"0x64b5f6ae3b44a9623caeecbb78c9cf65f9a23781c585d75642e8f52b71bc1599","transactionPosition":1,"type":"call"},{"action":{"creationMethod":"create","from":"0x9dcd17433742f4c0ca53122ab541d0ba67fc27d0","gas":"0x6d70b","init":"0x5b646368696c6460006000a133ff","value":"0x0"},"blockHash":"0x5b3627e612c821267b54826693cfde431298fd7cdb8f8ec6ea90d952c494e7e8","blockNumber":46,"result":{"address":"0x9ee5c90ad0a83dd07800c64adb87c584092f8e37","gasUsed":"0x1682","output":"0x"},"subtraces":1,"traceAddress":[6],"transactionHash":"0x64b5f6ae3b44a9623caeecbb78c9cf65f9a23781c585d75642e8f52b71bc1599","transactionPosition":1,"type":"create"},{"action":{"address":"0x9ee5c90ad0a83dd07800c64adb87c584092f8e37","balance":"0x0","refundAddress":"0x9dcd17433742f4c0ca53122ab541d0ba67fc27d0"},"blockHash":"0x5b3627e612c821267b54826693cfde431298fd7cdb8f8ec6ea90d952c494e7e8","blockNumber":46,"result":null,"subtraces":0,"traceAddress":[6,0],"transactionHash":"0x64b5f6ae3b44a9623caeecbb78c9cf65f9a23781c585d75642e8f52b71bc1599","transactionPosition":1,"type":"suicide"},{"action":{"callType":"call","from":"0x7435ed30a8b4aeb0877cef0c6e8cffe834eb865f","gas":"0x11ba0","input":"0x515a531d2825dec2656d6974","to":"0x7dcd17433742f4c0ca53122ab541d0ba67fc27df","value":"0x2"},"blockHash":"0x5b3627e612c821267b54826693cfde431298fd7cdb8f8ec6ea90d952c494e7e8","blockNumber":46,"result":{"gasUsed":"0x5f9c","output":"0x"},"subtraces":0,"traceAddress":[],"transactionHash":"0x2cd66c5f92f7f966a3ae2e79fa501284a5da51a3d9d233159854d17c427b1441","transactionPosition":2,"type":"call"},{"action":{"author":"0x0000000000000000000000000000000000000000","rewardType":"block","value":"0x0"},"blockHash":"0x5b3627e612c821267b54826693cfde431298fd7cdb8f8ec6ea90d952c494e7e8","blockNumber":46,"result":null,"subtraces":0,"traceAddress":[],"transactionHash":null,"transactionPosition":null,"type":"reward"},{"action":{"callType":"call","from":"0x7435ed30a8b4aeb0877cef0c6e8cffe834eb865f","gas":"0x11ba0","input":"0xea41c6626bd2d71a656d6974","to":"0x7dcd17433742f4c0ca53122ab541d0ba67fc27df","value":"0x2"},"blockHash":"0xaede89efdac80ce5f55b93ee934eddc67b5c8a4282b18a86ca635d69234301f3","blockNumber":47,"result":{"gasUsed":"0x5f9c","output":"0x"},"subtraces":0,"traceAddress":[],"transactionHash":"0xc81daa5f275b0b347590ec8558e530da183a7ff86c377221a59c96faf5bea12c","transactionPosition":0,"type":"call"},{"action":{"callType":"call","from":"0x7435ed30a8b4aeb0877cef0c6e8cffe834eb865f","gas":"0x11ba0","input":"0x65682bc386966217656d6974","to":"0x7dcd17433742f4c0ca53122ab541d0ba67fc27df","value":"0x3"},"blockHash":"0xaede89efdac80ce5f55b93ee934eddc67b5c8a4282b18a86ca635d69234301f3","blockNumber":47,"result":{"gasUsed":"0x5f9c","output":"0x"},"subtraces":0,"traceAddress":[],"transactionHash":"0x1d37878b27d1e686d15b99cb406684e3c50be2fb0cadce5daee795b48c2003bb","transactionPosition":1,"type":"call"},{"action":{"callType":"call","from":"0x7435ed30a8b4aeb0877cef0c6e8cffe834eb865f","gas":"0x133d8","input":"0x156e2b9e3a273c7b656d6974","to":"0x7dcd17433742f4c0ca53122ab541d0ba67fc27df","value":"0x2"},"blockHash":"0xaede89efdac80ce5f55b93ee934eddc67b5c8a4282b18a86ca635d69234301f3","blockNumber":47,"result":{"gasUsed":"0x6fa0","output":"0x"},"subtraces":0,"traceAddress":[],"transactionHash":"0x62f97493d38267cf7b80fd4e9a048bb77cceed36ac0ddd1072736cff48915821","transactionPosition":2,"type":"call"},{"action":{"author":"0x0000000000000000000000000000000000000000","rewardType":"block","value":"0x0"},"blockHash":"0xaede89efdac80ce5f55b93ee934eddc67b5c8a4282b18a86ca635d69234301f3","blockNumber":47,"result":null,"subtraces":0,"traceAddress":[],"transactionHash":null,"transactionPosition":null,"type":"reward"},{"action":{"callType":"call","from":"0x7435ed30a8b4aeb0877cef0c6e8cffe834eb865f","gas":"0x0","input":"0x","to":"0x83c7e323d189f18725ac510004fdc2941f8c4a78","value":"0x1"},"blockHash":"0xf0b1510b2a9c8d4c4bd1ff2c578ddbffc04741aa06b3cc8680a343741ef15e84","blockNumber":48,"result":{"gasUsed":"0x0","output":"0x"},"subtraces":0,"traceAddress":[],"transactionHash":"0x8e96b39ab5e268215283ab40d65139edc6f281f4d79444b6b0a87861c5f8a1d5","transactionPosition":0,"type":"call"},{"action":{"callType":"call","from":"0x7435ed30a8b4aeb0877cef0c6e8cffe834eb865f","gas":"0x0","input":"0x","to":"0x2d389075be5be9f2246ad654ce152cf05990b209","value":"0x1"},"blockHash":"0xf0b1510b2a9c8d4c4bd1ff2c578ddbffc04741aa06b3cc8680a343741ef15e84","blockNumber":48,"result":{"gasUsed":"0x0","output":"0x"},"subtraces":0,"traceAddress":[],"transactionHash":"0x7045e365111563c3f68594c54d9c4d7e3445f0cfc9671f68e8a0122f849f3f18","transactionPosition":1,"type":"call"},{"action":{"callType":"call","from":"0x7435ed30a8b4aeb0877cef0c6e8cffe834eb865f","gas":"0x0","input":"0x","to":"0x3ae75c08b4c907eb63a8960c45b86e1e9ab6123c","value":"0x1"},"blockHash":"0xf0b1510b2a9c8d4c4bd1ff2c578ddbffc04741aa06b3cc8680a343741ef15e84","blockNumber":48,"result":{"gasUsed":"0x0","output":"0x"},"subtraces":0,"traceAddress":[],"transactionHash":"0xbe7d79a54b361c1515802fdf8e3843694b3a93350a9097b84c5582686c77163c","transactionPosition":2,"type":"call"},{"action":{"author":"0x0000000000000000000000000000000000000000","rewardType":"block","value":"0x0"},"blockHash":"0xf0b1510b2a9c8d4c4bd1ff2c578ddbffc04741aa06b3cc8680a343741ef15e84","blockNumber":48,"result":null,"subtraces":0,"traceAddress":[],"transactionHash":null,"transactionPosition":null,"type":"reward"}]}
response differs from expected (-- client, ++ test):
{
  "id": 1,
  "jsonrpc": "2.0",
  "result": -- [] ++ {}
}
>>  {"jsonrpc": "2.0", "id": 1, "method": "eth_getBlockByNumber", "params": ["0x30", false]}
<<  {"jsonrpc":"2.0","id":1,"result":{"number":"0x30","hash":"0xf0b1510b2a9c8d4c4bd1ff2c578ddbffc04741aa06b3cc8680a343741ef15e84","mixHash":"0x0000000000000000000000000000000000000000000000000000000000000000","parentHash":"0xaede89efdac80ce5f55b93ee934eddc67b5c8a4282b18a86ca635d69234301f3","nonce":"0x0000000000000000","sha3Uncles":"0x1dcc4de8dec75d7aab85b567b6ccd41ad312451b948a7413f0a142fd40d49347","logsBloom":"0x00000000000000000000000000000000000000000000000000000000000000000000000000000000000000000000000000000000000000000000000000000000000000000000000000000000000000000000000000000000000000000000000000000000000000000000000000000000000000000000000000000000000000000000000000000000000000000000000000000000000000000000000000000000000000000000000000000000000000000000000000000000000000000000000000000000000000000000000000000000000000000000000000000000000000000000000000000000000000000000000000000000000000000000000000000000","transactionsRoot":"0x3d96f46f0efae36059fcba93396d90ed19260e009e9dac0057a1d87e66dc17d0","stateRoot":"0xbce840ac9806ecb3d791bf55bfcfa9460ff3275996aff265fc75e2a2f3efdb26","receiptsRoot":"0x4b7fefa97a453e0ee0cea1d51ca4ab3729f3a2a6a8388a5a3b13765eec3720b7","miner":"0x0000000000000000000000000000000000000000","difficulty":"0x0","extraData":"0x","baseFeePerGas":"0x199876","size":"0x3b8","gasLimit":"0x5f5e100","gasUsed":"0xf618","timestamp":"0x1e0","uncles":[],"transactions":["0x8e96b39ab5e268215283ab40d65139edc6f281f4d79444b6b0a87861c5f8a1d5","0x7045e365111563c3f68594c54d9c4d7e3445f0cfc9671f68e8a0122f849f3f18","0xbe7d79a54b361c1515802fdf8e3843694b3a93350a9097b84c5582686c77163c"],"withdrawalsRoot":"0x56e81f171bcc55a6ff8345e692c0f86e5b48e01b996cadc001622fb5e363b421","withdrawals":[],"requestsHash":"0xe3b0c44298fc1c149afbf4c8996fb92427ae41e4649b934ca495991b7852b855","blobGasUsed":"0x0","excessBlobGas":"0x0","parentBeaconBlockRoot":"0x5b5b49487967b3b60bd859ba2fb13290c6eaf67e97e9f9f9dda935c08564b5f6"}}
response differs from expected (-- client, ++ test):
{
  "id": 1,
  "jsonrpc": "2.0",
  "result": {
    -- "baseFeePerGas": "0x199876",
    -- "blobGasUsed": "0x0",
    ++ "capture_only": true,
    -- "difficulty": "0x0",
    -- "excessBlobGas": "0x0",
    -- "extraData": "0x",
    -- "gasLimit": "0x5f5e100",
    -- "gasUsed": "0xf618",
    -- "hash": "0xf0b1510b2a9c8d4c4bd1ff2c578ddbffc04741aa06b3cc8680a343741ef15e84",
    -- "logsBloom": "0x00000000000000000000000000000000000000000000000000000000000000000000000000000000000000000000000000000000000000000000000000000000000000000000000000000000000000000000000000000000000000000000000000000000000000000000000000000000000000000000000000000000000000000000000000000000000000000000000000000000000000000000000000000000000000000000000000000000000000000000000000000000000000000000000000000000000000000000000000000000000000000000000000000000000000000000000000000000000000000000000000000000000000000000000000000000",
    -- "miner": "0x0000000000000000000000000000000000000000",
    -- "mixHash": "0x0000000000000000000000000000000000000000000000000000000000000000",
    -- "nonce": "0x0000000000000000",
    -- "number": "0x30",
    -- "parentBeaconBlockRoot": "0x5b5b49487967b3b60bd859ba2fb13290c6eaf67e97e9f9f9dda935c08564b5f6",
    -- "parentHash": "0xaede89efdac80ce5f55b93ee934eddc67b5c8a4282b18a86ca635d69234301f3",
    -- "receiptsRoot": "0x4b7fefa97a453e0ee0cea1d51ca4ab3729f3a2a6a8388a5a3b13765eec3720b7",
    -- "requestsHash": "0xe3b0c44298fc1c149afbf4c8996fb92427ae41e4649b934ca495991b7852b855",
    -- "sha3Uncles": "0x1dcc4de8dec75d7aab85b567b6ccd41ad312451b948a7413f0a142fd40d49347",
    -- "size": "0x3b8",
    -- "stateRoot": "0xbce840ac9806ecb3d791bf55bfcfa9460ff3275996aff265fc75e2a2f3efdb26",
    -- "timestamp": "0x1e0",
    -- "transactions": [
      -- "0x8e96b39ab5e268215283ab40d65139edc6f281f4d79444b6b0a87861c5f8a1d5",
      -- "0x7045e365111563c3f68594c54d9c4d7e3445f0cfc9671f68e8a0122f849f3f18",
      -- "0xbe7d79a54b361c1515802fdf8e3843694b3a93350a9097b84c5582686c77163c"
    -- ],
    -- "transactionsRoot": "0x3d96f46f0efae36059fcba93396d90ed19260e009e9dac0057a1d87e66dc17d0",
    -- "uncles": [],
    -- "withdrawals": [],
    -- "withdrawalsRoot": "0x56e81f171bcc55a6ff8345e692c0f86e5b48e01b996cadc001622fb5e363b421"
  }
}
>>  {"jsonrpc": "2.0", "id": 1, "method": "eth_blockNumber", "params": []}
<<  {"jsonrpc":"2.0","id":1,"result":"0x30"}
response differs from expected (-- client, ++ test):
{
  "id": 1,
  "jsonrpc": "2.0",
  "result": -- "0x30" ++ {}
}
>>  {"jsonrpc": "2.0", "id": 1, "method": "eth_getTransactionReceipt", "params": ["0xe4a4bd6a4fad4df86c1222128b9d79a1dd0686cf4a0e1d506731482b7266d483"]}
<<  {"jsonrpc":"2.0","id":1,"result":{"blockHash":"0x6cb3089f8b5ff993ed24ed9ccbfa8bae322848d722842e6453576f30029b1434","blockNumber":"0x2a","contractAddress":null,"cumulativeGasUsed":"0x5208","from":"0x7435ed30a8b4aeb0877cef0c6e8cffe834eb865f","gasUsed":"0x5208","effectiveGasPrice":"0x38e4f7","logs":[],"logsBloom":"0x00000000000000000000000000000000000000000000000000000000000000000000000000000000000000000000000000000000000000000000000000000000000000000000000000000000000000000000000000000000000000000000000000000000000000000000000000000000000000000000000000000000000000000000000000000000000000000000000000000000000000000000000000000000000000000000000000000000000000000000000000000000000000000000000000000000000000000000000000000000000000000000000000000000000000000000000000000000000000000000000000000000000000000000000000000000","status":"0x1","to":"0x1f5bde34b4afc686f136c7a3cb6ec376f7357759","transactionHash":"0xe4a4bd6a4fad4df86c1222128b9d79a1dd0686cf4a0e1d506731482b7266d483","transactionIndex":"0x0","type":"0x0"}}
response differs from expected (-- client, ++ test):
{
  "id": 1,
  "jsonrpc": "2.0",
  "result": {
    -- "blockHash": "0x6cb3089f8b5ff993ed24ed9ccbfa8bae322848d722842e6453576f30029b1434",
    -- "blockNumber": "0x2a",
    ++ "capture_only": true,
    -- "contractAddress": null,
    -- "cumulativeGasUsed": "0x5208",
    -- "effectiveGasPrice": "0x38e4f7",
    -- "from": "0x7435ed30a8b4aeb0877cef0c6e8cffe834eb865f",
    -- "gasUsed": "0x5208",
    -- "logs": [],
    -- "logsBloom": "0x00000000000000000000000000000000000000000000000000000000000000000000000000000000000000000000000000000000000000000000000000000000000000000000000000000000000000000000000000000000000000000000000000000000000000000000000000000000000000000000000000000000000000000000000000000000000000000000000000000000000000000000000000000000000000000000000000000000000000000000000000000000000000000000000000000000000000000000000000000000000000000000000000000000000000000000000000000000000000000000000000000000000000000000000000000000",
    -- "status": "0x1",
    -- "to": "0x1f5bde34b4afc686f136c7a3cb6ec376f7357759",
    -- "transactionHash": "0xe4a4bd6a4fad4df86c1222128b9d79a1dd0686cf4a0e1d506731482b7266d483",
    -- "transactionIndex": "0x0",
    -- "type": "0x0"
  }
}
sending engine_forkchoiceUpdatedV3: [map[finalizedBlockHash:0x9901db3a31e7004c45911fca4480b7dce86a4baeab819eb4959d7316f687d54c headBlockHash:0xf0b1510b2a9c8d4c4bd1ff2c578ddbffc04741aa06b3cc8680a343741ef15e84 safeBlockHash:0x9901db3a31e7004c45911fca4480b7dce86a4baeab819eb4959d7316f687d54c] <nil>]
response: map[payloadId:<nil> payloadStatus:map[latestValidHash:0xf0b1510b2a9c8d4c4bd1ff2c578ddbffc04741aa06b3cc8680a343741ef15e84 status:VALID validationError:<nil>]]
>>  {"jsonrpc": "2.0", "id": 1, "method": "eth_getBlockByNumber", "params": ["0x30", false]}
<<  {"jsonrpc":"2.0","id":1,"result":{"number":"0x30","hash":"0xf0b1510b2a9c8d4c4bd1ff2c578ddbffc04741aa06b3cc8680a343741ef15e84","mixHash":"0x0000000000000000000000000000000000000000000000000000000000000000","parentHash":"0xaede89efdac80ce5f55b93ee934eddc67b5c8a4282b18a86ca635d69234301f3","nonce":"0x0000000000000000","sha3Uncles":"0x1dcc4de8dec75d7aab85b567b6ccd41ad312451b948a7413f0a142fd40d49347","logsBloom":"0x00000000000000000000000000000000000000000000000000000000000000000000000000000000000000000000000000000000000000000000000000000000000000000000000000000000000000000000000000000000000000000000000000000000000000000000000000000000000000000000000000000000000000000000000000000000000000000000000000000000000000000000000000000000000000000000000000000000000000000000000000000000000000000000000000000000000000000000000000000000000000000000000000000000000000000000000000000000000000000000000000000000000000000000000000000000","transactionsRoot":"0x3d96f46f0efae36059fcba93396d90ed19260e009e9dac0057a1d87e66dc17d0","stateRoot":"0xbce840ac9806ecb3d791bf55bfcfa9460ff3275996aff265fc75e2a2f3efdb26","receiptsRoot":"0x4b7fefa97a453e0ee0cea1d51ca4ab3729f3a2a6a8388a5a3b13765eec3720b7","miner":"0x0000000000000000000000000000000000000000","difficulty":"0x0","extraData":"0x","baseFeePerGas":"0x199876","size":"0x3b8","gasLimit":"0x5f5e100","gasUsed":"0xf618","timestamp":"0x1e0","uncles":[],"transactions":["0x8e96b39ab5e268215283ab40d65139edc6f281f4d79444b6b0a87861c5f8a1d5","0x7045e365111563c3f68594c54d9c4d7e3445f0cfc9671f68e8a0122f849f3f18","0xbe7d79a54b361c1515802fdf8e3843694b3a93350a9097b84c5582686c77163c"],"withdrawalsRoot":"0x56e81f171bcc55a6ff8345e692c0f86e5b48e01b996cadc001622fb5e363b421","withdrawals":[],"requestsHash":"0xe3b0c44298fc1c149afbf4c8996fb92427ae41e4649b934ca495991b7852b855","blobGasUsed":"0x0","excessBlobGas":"0x0","parentBeaconBlockRoot":"0x5b5b49487967b3b60bd859ba2fb13290c6eaf67e97e9f9f9dda935c08564b5f6"}}
response differs from expected (-- client, ++ test):
{
  "id": 1,
  "jsonrpc": "2.0",
  "result": {
    -- "baseFeePerGas": "0x199876",
    -- "blobGasUsed": "0x0",
    ++ "capture_only": true,
    -- "difficulty": "0x0",
    -- "excessBlobGas": "0x0",
    -- "extraData": "0x",
    -- "gasLimit": "0x5f5e100",
    -- "gasUsed": "0xf618",
    -- "hash": "0xf0b1510b2a9c8d4c4bd1ff2c578ddbffc04741aa06b3cc8680a343741ef15e84",
    -- "logsBloom": "0x00000000000000000000000000000000000000000000000000000000000000000000000000000000000000000000000000000000000000000000000000000000000000000000000000000000000000000000000000000000000000000000000000000000000000000000000000000000000000000000000000000000000000000000000000000000000000000000000000000000000000000000000000000000000000000000000000000000000000000000000000000000000000000000000000000000000000000000000000000000000000000000000000000000000000000000000000000000000000000000000000000000000000000000000000000000",
    -- "miner": "0x0000000000000000000000000000000000000000",
    -- "mixHash": "0x0000000000000000000000000000000000000000000000000000000000000000",
    -- "nonce": "0x0000000000000000",
    -- "number": "0x30",
    -- "parentBeaconBlockRoot": "0x5b5b49487967b3b60bd859ba2fb13290c6eaf67e97e9f9f9dda935c08564b5f6",
    -- "parentHash": "0xaede89efdac80ce5f55b93ee934eddc67b5c8a4282b18a86ca635d69234301f3",
    -- "receiptsRoot": "0x4b7fefa97a453e0ee0cea1d51ca4ab3729f3a2a6a8388a5a3b13765eec3720b7",
    -- "requestsHash": "0xe3b0c44298fc1c149afbf4c8996fb92427ae41e4649b934ca495991b7852b855",
    -- "sha3Uncles": "0x1dcc4de8dec75d7aab85b567b6ccd41ad312451b948a7413f0a142fd40d49347",
    -- "size": "0x3b8",
    -- "stateRoot": "0xbce840ac9806ecb3d791bf55bfcfa9460ff3275996aff265fc75e2a2f3efdb26",
    -- "timestamp": "0x1e0",
    -- "transactions": [
      -- "0x8e96b39ab5e268215283ab40d65139edc6f281f4d79444b6b0a87861c5f8a1d5",
      -- "0x7045e365111563c3f68594c54d9c4d7e3445f0cfc9671f68e8a0122f849f3f18",
      -- "0xbe7d79a54b361c1515802fdf8e3843694b3a93350a9097b84c5582686c77163c"
    -- ],
    -- "transactionsRoot": "0x3d96f46f0efae36059fcba93396d90ed19260e009e9dac0057a1d87e66dc17d0",
    -- "uncles": [],
    -- "withdrawals": [],
    -- "withdrawalsRoot": "0x56e81f171bcc55a6ff8345e692c0f86e5b48e01b996cadc001622fb5e363b421"
  }
}
>>  {"jsonrpc": "2.0", "id": 1, "method": "eth_getBlockByNumber", "params": ["latest", false]}
<<  {"jsonrpc":"2.0","id":1,"result":{"number":"0x30","hash":"0xf0b1510b2a9c8d4c4bd1ff2c578ddbffc04741aa06b3cc8680a343741ef15e84","mixHash":"0x0000000000000000000000000000000000000000000000000000000000000000","parentHash":"0xaede89efdac80ce5f55b93ee934eddc67b5c8a4282b18a86ca635d69234301f3","nonce":"0x0000000000000000","sha3Uncles":"0x1dcc4de8dec75d7aab85b567b6ccd41ad312451b948a7413f0a142fd40d49347","logsBloom":"0x00000000000000000000000000000000000000000000000000000000000000000000000000000000000000000000000000000000000000000000000000000000000000000000000000000000000000000000000000000000000000000000000000000000000000000000000000000000000000000000000000000000000000000000000000000000000000000000000000000000000000000000000000000000000000000000000000000000000000000000000000000000000000000000000000000000000000000000000000000000000000000000000000000000000000000000000000000000000000000000000000000000000000000000000000000000","transactionsRoot":"0x3d96f46f0efae36059fcba93396d90ed19260e009e9dac0057a1d87e66dc17d0","stateRoot":"0xbce840ac9806ecb3d791bf55bfcfa9460ff3275996aff265fc75e2a2f3efdb26","receiptsRoot":"0x4b7fefa97a453e0ee0cea1d51ca4ab3729f3a2a6a8388a5a3b13765eec3720b7","miner":"0x0000000000000000000000000000000000000000","difficulty":"0x0","extraData":"0x","baseFeePerGas":"0x199876","size":"0x3b8","gasLimit":"0x5f5e100","gasUsed":"0xf618","timestamp":"0x1e0","uncles":[],"transactions":["0x8e96b39ab5e268215283ab40d65139edc6f281f4d79444b6b0a87861c5f8a1d5","0x7045e365111563c3f68594c54d9c4d7e3445f0cfc9671f68e8a0122f849f3f18","0xbe7d79a54b361c1515802fdf8e3843694b3a93350a9097b84c5582686c77163c"],"withdrawalsRoot":"0x56e81f171bcc55a6ff8345e692c0f86e5b48e01b996cadc001622fb5e363b421","withdrawals":[],"requestsHash":"0xe3b0c44298fc1c149afbf4c8996fb92427ae41e4649b934ca495991b7852b855","blobGasUsed":"0x0","excessBlobGas":"0x0","parentBeaconBlockRoot":"0x5b5b49487967b3b60bd859ba2fb13290c6eaf67e97e9f9f9dda935c08564b5f6"}}
response differs from expected (-- client, ++ test):
{
  "id": 1,
  "jsonrpc": "2.0",
  "result": {
    -- "baseFeePerGas": "0x199876",
    -- "blobGasUsed": "0x0",
    ++ "capture_only": true,
    -- "difficulty": "0x0",
    -- "excessBlobGas": "0x0",
    -- "extraData": "0x",
    -- "gasLimit": "0x5f5e100",
    -- "gasUsed": "0xf618",
    -- "hash": "0xf0b1510b2a9c8d4c4bd1ff2c578ddbffc04741aa06b3cc8680a343741ef15e84",
    -- "logsBloom": "0x00000000000000000000000000000000000000000000000000000000000000000000000000000000000000000000000000000000000000000000000000000000000000000000000000000000000000000000000000000000000000000000000000000000000000000000000000000000000000000000000000000000000000000000000000000000000000000000000000000000000000000000000000000000000000000000000000000000000000000000000000000000000000000000000000000000000000000000000000000000000000000000000000000000000000000000000000000000000000000000000000000000000000000000000000000000",
    -- "miner": "0x0000000000000000000000000000000000000000",
    -- "mixHash": "0x0000000000000000000000000000000000000000000000000000000000000000",
    -- "nonce": "0x0000000000000000",
    -- "number": "0x30",
    -- "parentBeaconBlockRoot": "0x5b5b49487967b3b60bd859ba2fb13290c6eaf67e97e9f9f9dda935c08564b5f6",
    -- "parentHash": "0xaede89efdac80ce5f55b93ee934eddc67b5c8a4282b18a86ca635d69234301f3",
    -- "receiptsRoot": "0x4b7fefa97a453e0ee0cea1d51ca4ab3729f3a2a6a8388a5a3b13765eec3720b7",
    -- "requestsHash": "0xe3b0c44298fc1c149afbf4c8996fb92427ae41e4649b934ca495991b7852b855",
    -- "sha3Uncles": "0x1dcc4de8dec75d7aab85b567b6ccd41ad312451b948a7413f0a142fd40d49347",
    -- "size": "0x3b8",
    -- "stateRoot": "0xbce840ac9806ecb3d791bf55bfcfa9460ff3275996aff265fc75e2a2f3efdb26",
    -- "timestamp": "0x1e0",
    -- "transactions": [
      -- "0x8e96b39ab5e268215283ab40d65139edc6f281f4d79444b6b0a87861c5f8a1d5",
      -- "0x7045e365111563c3f68594c54d9c4d7e3445f0cfc9671f68e8a0122f849f3f18",
      -- "0xbe7d79a54b361c1515802fdf8e3843694b3a93350a9097b84c5582686c77163c"
    -- ],
    -- "transactionsRoot": "0x3d96f46f0efae36059fcba93396d90ed19260e009e9dac0057a1d87e66dc17d0",
    -- "uncles": [],
    -- "withdrawals": [],
    -- "withdrawalsRoot": "0x56e81f171bcc55a6ff8345e692c0f86e5b48e01b996cadc001622fb5e363b421"
  }
}
>>  {"jsonrpc": "2.0", "id": 1, "method": "web3_clientVersion", "params": []}
<<  {"jsonrpc":"2.0","id":1,"result":"besu/v26.8.1/linux-x86_64/openjdk-java-25"}
response differs from expected (-- client, ++ test):
{
  "id": 1,
  "jsonrpc": "2.0",
  "result": -- "besu/v26.8.1/linux-x86_64/openjdk-java-25" ++ {}
}
>>  {"jsonrpc": "2.0", "id": 1, "method": "trace_block", "params": ["0x2d"]}
<<  {"jsonrpc":"2.0","id":1,"result":[{"action":{"callType":"call","from":"0x7435ed30a8b4aeb0877cef0c6e8cffe834eb865f","gas":"0x0","input":"0x","to":"0x16c57edf7fa9d9525378b0b81bf8a3ced0620c1c","value":"0x1"},"blockHash":"0xe6d9078b4964bc1b329fb12242254e21cf88ffa9a88058e515d6e79f7d8fce0d","blockNumber":45,"result":{"gasUsed":"0x0","output":"0x"},"subtraces":0,"traceAddress":[],"transactionHash":"0x8d872ca87b7f1343eab260d3f69260e8efde5dcf5532a23c18e1c25cadaa2df7","transactionPosition":0,"type":"call"},{"action":{"callType":"call","from":"0x7435ed30a8b4aeb0877cef0c6e8cffe834eb865f","gas":"0x0","input":"0x","to":"0x14e46043e63d0e3cdcf2530519f4cfaf35058cb2","value":"0x1"},"blockHash":"0xe6d9078b4964bc1b329fb12242254e21cf88ffa9a88058e515d6e79f7d8fce0d","blockNumber":45,"result":{"gasUsed":"0x0","output":"0x"},"subtraces":0,"traceAddress":[],"transactionHash":"0x07782b90d866d9c854fc70a3609e69f378a7d392a61f7cd712136d79e3f98a6f","transactionPosition":1,"type":"call"},{"action":{"author":"0x0000000000000000000000000000000000000000","rewardType":"block","value":"0x0"},"blockHash":"0xe6d9078b4964bc1b329fb12242254e21cf88ffa9a88058e515d6e79f7d8fce0d","blockNumber":45,"result":null,"subtraces":0,"traceAddress":[],"transactionHash":null,"transactionPosition":null,"type":"reward"}]}
response differs from expected (-- client, ++ test):
{
  "id": 1,
  "jsonrpc": "2.0",
  "result": -- [] ++ {}
}
>>  {"jsonrpc": "2.0", "id": 1, "method": "trace_filter", "params": [{"fromBlock": "0x28", "toBlock": "0x30"}]}
<<  {"jsonrpc":"2.0","id":1,"result":[{"action":{"callType":"call","from":"0x7435ed30a8b4aeb0877cef0c6e8cffe834eb865f","gas":"0x11ba0","input":"0x036464a71961a53a656d6974","to":"0x7dcd17433742f4c0ca53122ab541d0ba67fc27df","value":"0x2"},"blockHash":"0xfc2b688f6d286950eff2cf6f1b10a6bf63e92a20fcdf8db7377ef647b154eb52","blockNumber":40,"result":{"gasUsed":"0x5f9c","output":"0x"},"subtraces":0,"traceAddress":[],"transactionHash":"0x0efc1e4671e41e768fa107ecf72ab35e03d5a8b7e3f5bbe29cb28dc1eea265a2","transactionPosition":0,"type":"call"},{"action":{"callType":"call","from":"0x7435ed30a8b4aeb0877cef0c6e8cffe834eb865f","gas":"0x11ba0","input":"0x9ec58f808778768f656d6974","to":"0x7dcd17433742f4c0ca53122ab541d0ba67fc27df","value":"0x2"},"blockHash":"0xfc2b688f6d286950eff2cf6f1b10a6bf63e92a20fcdf8db7377ef647b154eb52","blockNumber":40,"result":{"gasUsed":"0x5f9c","output":"0x"},"subtraces":0,"traceAddress":[],"transactionHash":"0x1942a6223310f991ab036dccb28259dd634e39e08152d383afc422481e5ab2c2","transactionPosition":1,"type":"call"},{"action":{"callType":"call","from":"0x7435ed30a8b4aeb0877cef0c6e8cffe834eb865f","gas":"0x11ba0","input":"0xcd417355d4039279656d6974","to":"0x7dcd17433742f4c0ca53122ab541d0ba67fc27df","value":"0x3"},"blockHash":"0xfc2b688f6d286950eff2cf6f1b10a6bf63e92a20fcdf8db7377ef647b154eb52","blockNumber":40,"result":{"gasUsed":"0x5f9c","output":"0x"},"subtraces":0,"traceAddress":[],"transactionHash":"0xbc3230ca851b7baad39753405e55d96f2124d1e5e8ab9cd76c638bba601423ac","transactionPosition":2,"type":"call"},{"action":{"author":"0x0000000000000000000000000000000000000000","rewardType":"block","value":"0x0"},"blockHash":"0xfc2b688f6d286950eff2cf6f1b10a6bf63e92a20fcdf8db7377ef647b154eb52","blockNumber":40,"result":null,"subtraces":0,"traceAddress":[],"transactionHash":null,"transactionPosition":null,"type":"reward"},{"action":{"callType":"call","from":"0x7435ed30a8b4aeb0877cef0c6e8cffe834eb865f","gas":"0x133d8","input":"0x3186f4d423ee1407656d6974","to":"0x7dcd17433742f4c0ca53122ab541d0ba67fc27df","value":"0x2"},"blockHash":"0x9bc6bd9fb238298cb6a4260fc4306ab426b3e2d41607e719dde8c4ca41817da7","blockNumber":41,"result":{"gasUsed":"0x6fa0","output":"0x"},"subtraces":0,"traceAddress":[],"transactionHash":"0x6a2b2c1d5d3bae710fa3c9f79035e0b6b98d65df9cb05e425087c93ce9bf08ed","transactionPosition":0,"type":"call"},{"action":{"callType":"call","from":"0x7435ed30a8b4aeb0877cef0c6e8cffe834eb865f","gas":"0x0","input":"0x","to":"0x717f8aa2b982bee0e29f573d31df288663e1ce16","value":"0x1"},"blockHash":"0x9bc6bd9fb238298cb6a4260fc4306ab426b3e2d41607e719dde8c4ca41817da7","blockNumber":41,"result":{"gasUsed":"0x0","output":"0x"},"subtraces":0,"traceAddress":[],"transactionHash":"0x9249eb130af4bcf26d420f09df8a51f4947e387f9e325e8b223237c9602208a1","transactionPosition":1,"type":"call"},{"action":{"callType":"call","from":"0x7435ed30a8b4aeb0877cef0c6e8cffe834eb865f","gas":"0x0","input":"0x","to":"0x4a0f1452281bcec5bd90c3dce6162a5995bfe9df","value":"0x1"},"blockHash":"0x9bc6bd9fb238298cb6a4260fc4306ab426b3e2d41607e719dde8c4ca41817da7","blockNumber":41,"result":{"gasUsed":"0x0","output":"0x"},"subtraces":0,"traceAddress":[],"transactionHash":"0xbdda348fd5169ff5cc8c761147a64b34ceb2e913d7bf5e8ddf8e497ca3e3460f","transactionPosition":2,"type":"call"},{"action":{"author":"0x0000000000000000000000000000000000000000","rewardType":"block","value":"0x0"},"blockHash":"0x9bc6bd9fb238298cb6a4260fc4306ab426b3e2d41607e719dde8c4ca41817da7","blockNumber":41,"result":null,"subtraces":0,"traceAddress":[],"transactionHash":null,"transactionPosition":null,"type":"reward"},{"action":{"callType":"call","from":"0x7435ed30a8b4aeb0877cef0c6e8cffe834eb865f","gas":"0x0","input":"0x","to":"0x1f5bde34b4afc686f136c7a3cb6ec376f7357759","value":"0x1"},"blockHash":"0x6cb3089f8b5ff993ed24ed9ccbfa8bae322848d722842e6453576f30029b1434","blockNumber":42,"result":{"gasUsed":"0x0","output":"0x"},"subtraces":0,"traceAddress":[],"transactionHash":"0xe4a4bd6a4fad4df86c1222128b9d79a1dd0686cf4a0e1d506731482b7266d483","transactionPosition":0,"type":"call"},{"action":{"callType":"call","from":"0x7435ed30a8b4aeb0877cef0c6e8cffe834eb865f","gas":"0x13488","input":"0x01","to":"0x9dcd17433742f4c0ca53122ab541d0ba67fc27d3","value":"0x0"},"blockHash":"0x6cb3089f8b5ff993ed24ed9ccbfa8bae322848d722842e6453576f30029b1434","blockNumber":42,"error":"Reverted","revertReason":"0x08c379a00000000000000000000000000000000000000000000000000000000000000020000000000000000000000000000000000000000000000000000000000000000a75736572206572726f72","subtraces":0,"traceAddress":[],"transactionHash":"0x7a15f2b6b479009c2d8f167dfc8490654348e85aa4968583bab1d4c3c17284bb","transactionPosition":1,"type":"call"},{"action":{"author":"0x0000000000000000000000000000000000000000","rewardType":"block","value":"0x0"},"blockHash":"0x6cb3089f8b5ff993ed24ed9ccbfa8bae322848d722842e6453576f30029b1434","blockNumber":42,"result":null,"subtraces":0,"traceAddress":[],"transactionHash":null,"transactionPosition":null,"type":"reward"},{"action":{"callType":"call","from":"0x7435ed30a8b4aeb0877cef0c6e8cffe834eb865f","gas":"0x8d5b8","input":"0x","to":"0x9dcd17433742f4c0ca53122ab541d0ba67fc27d0","value":"0x0"},"blockHash":"0x22e8e9edaefc674ba389450dc41088e521fb2d33330a72c8b7aa2bf1b2281ffe","blockNumber":43,"result":{"gasUsed":"0x1fc63","output":"0xffee"},"subtraces":7,"traceAddress":[],"transactionHash":"0x651d033b62050d4a32ffb16281c8685790d1233922a4ec2dcd5c6c1a66461226","transactionPosition":0,"type":"call"},{"action":{"callType":"call","from":"0x9dcd17433742f4c0ca53122ab541d0ba67fc27d0","gas":"0xf35c","input":"0xff01","to":"0x9dcd17433742f4c0ca53122ab541d0ba67fc27d1","value":"0x1"},"blockHash":"0x22e8e9edaefc674ba389450dc41088e521fb2d33330a72c8b7aa2bf1b2281ffe","blockNumber":43,"result":{"gasUsed":"0x48","output":"0xffee"},"subtraces":0,"traceAddress":[0],"transactionHash":"0x651d033b62050d4a32ffb16281c8685790d1233922a4ec2dcd5c6c1a66461226","transactionPosition":0,"type":"call"},{"action":{"callType":"call","from":"0x9dcd17433742f4c0ca53122ab541d0ba67fc27d0","gas":"0xea60","input":"0x0000000000000000000000000000000000000000000000000000000000000001","to":"0x9dcd17433742f4c0ca53122ab541d0ba67fc27d3","value":"0x0"},"blockHash":"0x22e8e9edaefc674ba389450dc41088e521fb2d33330a72c8b7aa2bf1b2281ffe","blockNumber":43,"error":"Reverted","subtraces":0,"traceAddress":[1],"transactionHash":"0x651d033b62050d4a32ffb16281c8685790d1233922a4ec2dcd5c6c1a66461226","transactionPosition":0,"type":"call"},{"action":{"callType":"staticcall","from":"0x9dcd17433742f4c0ca53122ab541d0ba67fc27d0","gas":"0xea60","input":"0x","to":"0x9dcd17433742f4c0ca53122ab541d0ba67fc27d2","value":"0x0"},"blockHash":"0x22e8e9edaefc674ba389450dc41088e521fb2d33330a72c8b7aa2bf1b2281ffe","blockNumber":43,"result":{"gasUsed":"0x7d","output":"0x000000000000000000000000000000000000000000000000000000000000002b000000000000000000000000000000000000000000000000000c72dd9d5e883e0000000000000000000000000000000000000000000000000000000000000000000000000000000000000000000000000000000000000000000000000031c9f400000000000000000000000000000000000000000000000000000000000000000000000000000000000000007435ed30a8b4aeb0877cef0c6e8cffe834eb865f0000000000000000000000000000000000000000000000000000000000000000"},"subtraces":0,"traceAddress":[2],"transactionHash":"0x651d033b62050d4a32ffb16281c8685790d1233922a4ec2dcd5c6c1a66461226","transactionPosition":0,"type":"call"},{"action":{"callType":"staticcall","from":"0x9dcd17433742f4c0ca53122ab541d0ba67fc27d0","gas":"0xea60","input":"0x","to":"0x7dcd17433742f4c0ca53122ab541d0ba67fc27df","value":"0x0"},"blockHash":"0x22e8e9edaefc674ba389450dc41088e521fb2d33330a72c8b7aa2bf1b2281ffe","blockNumber":43,"error":"Illegal state change","subtraces":0,"traceAddress":[3],"transactionHash":"0x651d033b62050d4a32ffb16281c8685790d1233922a4ec2dcd5c6c1a66461226","transactionPosition":0,"type":"call"},{"action":{"callType":"delegatecall","from":"0x9dcd17433742f4c0ca53122ab541d0ba67fc27d0","gas":"0xea60","input":"0x00000000","to":"0x7dcd17433742f4c0ca53122ab541d0ba67fc27df","value":"0x0"},"blockHash":"0x22e8e9edaefc674ba389450dc41088e521fb2d33330a72c8b7aa2bf1b2281ffe","blockNumber":43,"result":{"gasUsed":"0x2cd4","output":"0x"},"subtraces":0,"traceAddress":[4],"transactionHash":"0x651d033b62050d4a32ffb16281c8685790d1233922a4ec2dcd5c6c1a66461226","transactionPosition":0,"type":"call"},{"action":{"callType":"callcode","from":"0x9dcd17433742f4c0ca53122ab541d0ba67fc27d0","gas":"0xea60","input":"0xff01","to":"0x9dcd17433742f4c0ca53122ab541d0ba67fc27d1","value":"0x0"},"blockHash":"0x22e8e9edaefc674ba389450dc41088e521fb2d33330a72c8b7aa2bf1b2281ffe","blockNumber":43,"result":{"gasUsed":"0x48","output":"0xffee"},"subtraces":0,"traceAddress":[5],"transactionHash":"0x651d033b62050d4a32ffb16281c8685790d1233922a4ec2dcd5c6c1a66461226","transactionPosition":0,"type":"call"},{"action":{"creationMethod":"create","from":"0x9dcd17433742f4c0ca53122ab541d0ba67fc27d0","gas":"0x6d70b","init":"0x5b646368696c6460006000a133ff","value":"0x0"},"blockHash":"0x22e8e9edaefc674ba389450dc41088e521fb2d33330a72c8b7aa2bf1b2281ffe","blockNumber":43,"result":{"address":"0x05032e03adbca6d5d04236000a2bbb6b4fec87f5","gasUsed":"0x1682","output":"0x"},"subtraces":1,"traceAddress":[6],"transactionHash":"0x651d033b62050d4a32ffb16281c8685790d1233922a4ec2dcd5c6c1a66461226","transactionPosition":0,"type":"create"},{"action":{"address":"0x05032e03adbca6d5d04236000a2bbb6b4fec87f5","balance":"0x0","refundAddress":"0x9dcd17433742f4c0ca53122ab541d0ba67fc27d0"},"blockHash":"0x22e8e9edaefc674ba389450dc41088e521fb2d33330a72c8b7aa2bf1b2281ffe","blockNumber":43,"result":null,"subtraces":0,"traceAddress":[6,0],"transactionHash":"0x651d033b62050d4a32ffb16281c8685790d1233922a4ec2dcd5c6c1a66461226","transactionPosition":0,"type":"suicide"},{"action":{"callType":"call","from":"0x7435ed30a8b4aeb0877cef0c6e8cffe834eb865f","gas":"0x11ba0","input":"0xebe7a54f122c1cf1656d6974","to":"0x7dcd17433742f4c0ca53122ab541d0ba67fc27df","value":"0x2"},"blockHash":"0x22e8e9edaefc674ba389450dc41088e521fb2d33330a72c8b7aa2bf1b2281ffe","blockNumber":43,"result":{"gasUsed":"0x5f9c","output":"0x"},"subtraces":0,"traceAddress":[],"transactionHash":"0xfa7de1862f93f2da0e1450d833da95e5e04ea7381a471f7388c1e9c92e551deb","transactionPosition":1,"type":"call"},{"action":{"callType":"call","from":"0x7435ed30a8b4aeb0877cef0c6e8cffe834eb865f","gas":"0x11ba0","input":"0xcef26346bf2d1331656d6974","to":"0x7dcd17433742f4c0ca53122ab541d0ba67fc27df","value":"0x2"},"blockHash":"0x22e8e9edaefc674ba389450dc41088e521fb2d33330a72c8b7aa2bf1b2281ffe","blockNumber":43,"result":{"gasUsed":"0x5f9c","output":"0x"},"subtraces":0,"traceAddress":[],"transactionHash":"0x321a8dba67e9c086a4877a6c33c1564471683da311f72005650d102ba847522c","transactionPosition":2,"type":"call"},{"action":{"author":"0x0000000000000000000000000000000000000000","rewardType":"block","value":"0x0"},"blockHash":"0x22e8e9edaefc674ba389450dc41088e521fb2d33330a72c8b7aa2bf1b2281ffe","blockNumber":43,"result":null,"subtraces":0,"traceAddress":[],"transactionHash":null,"transactionPosition":null,"type":"reward"},{"action":{"callType":"call","from":"0x7435ed30a8b4aeb0877cef0c6e8cffe834eb865f","gas":"0x11ba0","input":"0x2276cc05d723a1e7656d6974","to":"0x7dcd17433742f4c0ca53122ab541d0ba67fc27df","value":"0x3"},"blockHash":"0x8ee9c89c042749060aa7225c9568cfbeb4ae658041f42cf5cfa90ef3cbc8c250","blockNumber":44,"result":{"gasUsed":"0x5f9c","output":"0x"},"subtraces":0,"traceAddress":[],"transactionHash":"0x04fd4668ef5f466780ea8c866659e563d8659a626e5de911ea4a687cda38e4b5","transactionPosition":0,"type":"call"},{"action":{"callType":"call","from":"0x7435ed30a8b4aeb0877cef0c6e8cffe834eb865f","gas":"0x133d8","input":"0x7656ae13bace34c5656d6974","to":"0x7dcd17433742f4c0ca53122ab541d0ba67fc27df","value":"0x2"},"blockHash":"0x8ee9c89c042749060aa7225c9568cfbeb4ae658041f42cf5cfa90ef3cbc8c250","blockNumber":44,"result":{"gasUsed":"0x6fa0","output":"0x"},"subtraces":0,"traceAddress":[],"transactionHash":"0x213aa25f0673a954b12f125f001fdfdfc9c4e5ce3f8a5aeb8292f04f5feb15b4","transactionPosition":1,"type":"call"},{"action":{"callType":"call","from":"0x7435ed30a8b4aeb0877cef0c6e8cffe834eb865f","gas":"0x0","input":"0x","to":"0xd803681e487e6ac18053afc5a6cd813c86ec3e4d","value":"0x1"},"blockHash":"0x8ee9c89c042749060aa7225c9568cfbeb4ae658041f42cf5cfa90ef3cbc8c250","blockNumber":44,"result":{"gasUsed":"0x0","output":"0x"},"subtraces":0,"traceAddress":[],"transactionHash":"0x894b329288125359a28bb1e9c07bf6147ed1e1982b0e487a51a0c724d7fa7486","transactionPosition":2,"type":"call"},{"action":{"author":"0x0000000000000000000000000000000000000000","rewardType":"block","value":"0x0"},"blockHash":"0x8ee9c89c042749060aa7225c9568cfbeb4ae658041f42cf5cfa90ef3cbc8c250","blockNumber":44,"result":null,"subtraces":0,"traceAddress":[],"transactionHash":null,"transactionPosition":null,"type":"reward"},{"action":{"callType":"call","from":"0x7435ed30a8b4aeb0877cef0c6e8cffe834eb865f","gas":"0x0","input":"0x","to":"0x16c57edf7fa9d9525378b0b81bf8a3ced0620c1c","value":"0x1"},"blockHash":"0xe6d9078b4964bc1b329fb12242254e21cf88ffa9a88058e515d6e79f7d8fce0d","blockNumber":45,"result":{"gasUsed":"0x0","output":"0x"},"subtraces":0,"traceAddress":[],"transactionHash":"0x8d872ca87b7f1343eab260d3f69260e8efde5dcf5532a23c18e1c25cadaa2df7","transactionPosition":0,"type":"call"},{"action":{"callType":"call","from":"0x7435ed30a8b4aeb0877cef0c6e8cffe834eb865f","gas":"0x0","input":"0x","to":"0x14e46043e63d0e3cdcf2530519f4cfaf35058cb2","value":"0x1"},"blockHash":"0xe6d9078b4964bc1b329fb12242254e21cf88ffa9a88058e515d6e79f7d8fce0d","blockNumber":45,"result":{"gasUsed":"0x0","output":"0x"},"subtraces":0,"traceAddress":[],"transactionHash":"0x07782b90d866d9c854fc70a3609e69f378a7d392a61f7cd712136d79e3f98a6f","transactionPosition":1,"type":"call"},{"action":{"author":"0x0000000000000000000000000000000000000000","rewardType":"block","value":"0x0"},"blockHash":"0xe6d9078b4964bc1b329fb12242254e21cf88ffa9a88058e515d6e79f7d8fce0d","blockNumber":45,"result":null,"subtraces":0,"traceAddress":[],"transactionHash":null,"transactionPosition":null,"type":"reward"},{"action":{"callType":"call","from":"0x7435ed30a8b4aeb0877cef0c6e8cffe834eb865f","gas":"0x13488","input":"0x01","to":"0x9dcd17433742f4c0ca53122ab541d0ba67fc27d3","value":"0x0"},"blockHash":"0x5b3627e612c821267b54826693cfde431298fd7cdb8f8ec6ea90d952c494e7e8","blockNumber":46,"error":"Reverted","revertReason":"0x08c379a00000000000000000000000000000000000000000000000000000000000000020000000000000000000000000000000000000000000000000000000000000000a75736572206572726f72","subtraces":0,"traceAddress":[],"transactionHash":"0x6992fed2b2fc6c77cb7ffc2a1351d8e5dadf08cf2736fb6d1a0ed5786f3d5206","transactionPosition":0,"type":"call"},{"action":{"callType":"call","from":"0x7435ed30a8b4aeb0877cef0c6e8cffe834eb865f","gas":"0x8d5b8","input":"0x","to":"0x9dcd17433742f4c0ca53122ab541d0ba67fc27d0","value":"0x0"},"blockHash":"0x5b3627e612c821267b54826693cfde431298fd7cdb8f8ec6ea90d952c494e7e8","blockNumber":46,"result":{"gasUsed":"0x1fc63","output":"0xffee"},"subtraces":7,"traceAddress":[],"transactionHash":"0x64b5f6ae3b44a9623caeecbb78c9cf65f9a23781c585d75642e8f52b71bc1599","transactionPosition":1,"type":"call"},{"action":{"callType":"call","from":"0x9dcd17433742f4c0ca53122ab541d0ba67fc27d0","gas":"0xf35c","input":"0xff01","to":"0x9dcd17433742f4c0ca53122ab541d0ba67fc27d1","value":"0x1"},"blockHash":"0x5b3627e612c821267b54826693cfde431298fd7cdb8f8ec6ea90d952c494e7e8","blockNumber":46,"result":{"gasUsed":"0x48","output":"0xffee"},"subtraces":0,"traceAddress":[0],"transactionHash":"0x64b5f6ae3b44a9623caeecbb78c9cf65f9a23781c585d75642e8f52b71bc1599","transactionPosition":1,"type":"call"},{"action":{"callType":"call","from":"0x9dcd17433742f4c0ca53122ab541d0ba67fc27d0","gas":"0xea60","input":"0x0000000000000000000000000000000000000000000000000000000000000001","to":"0x9dcd17433742f4c0ca53122ab541d0ba67fc27d3","value":"0x0"},"blockHash":"0x5b3627e612c821267b54826693cfde431298fd7cdb8f8ec6ea90d952c494e7e8","blockNumber":46,"error":"Reverted","subtraces":0,"traceAddress":[1],"transactionHash":"0x64b5f6ae3b44a9623caeecbb78c9cf65f9a23781c585d75642e8f52b71bc1599","transactionPosition":1,"type":"call"},{"action":{"callType":"staticcall","from":"0x9dcd17433742f4c0ca53122ab541d0ba67fc27d0","gas":"0xea60","input":"0x","to":"0x9dcd17433742f4c0ca53122ab541d0ba67fc27d2","value":"0x0"},"blockHash":"0x5b3627e612c821267b54826693cfde431298fd7cdb8f8ec6ea90d952c494e7e8","blockNumber":46,"result":{"gasUsed":"0x7d","output":"0x000000000000000000000000000000000000000000000000000000000000002e000000000000000000000000000000000000000000000000000c72dd9d5e883e0000000000000000000000000000000000000000000000000000000000000000000000000000000000000000000000000000000000000000000000000021650900000000000000000000000000000000000000000000000000000000000000000000000000000000000000007435ed30a8b4aeb0877cef0c6e8cffe834eb865f0000000000000000000000000000000000000000000000000000000000000000"},"subtraces":0,"traceAddress":[2],"transactionHash":"0x64b5f6ae3b44a9623caeecbb78c9cf65f9a23781c585d75642e8f52b71bc1599","transactionPosition":1,"type":"call"},{"action":{"callType":"staticcall","from":"0x9dcd17433742f4c0ca53122ab541d0ba67fc27d0","gas":"0xea60","input":"0x","to":"0x7dcd17433742f4c0ca53122ab541d0ba67fc27df","value":"0x0"},"blockHash":"0x5b3627e612c821267b54826693cfde431298fd7cdb8f8ec6ea90d952c494e7e8","blockNumber":46,"error":"Illegal state change","subtraces":0,"traceAddress":[3],"transactionHash":"0x64b5f6ae3b44a9623caeecbb78c9cf65f9a23781c585d75642e8f52b71bc1599","transactionPosition":1,"type":"call"},{"action":{"callType":"delegatecall","from":"0x9dcd17433742f4c0ca53122ab541d0ba67fc27d0","gas":"0xea60","input":"0x00000000","to":"0x7dcd17433742f4c0ca53122ab541d0ba67fc27df","value":"0x0"},"blockHash":"0x5b3627e612c821267b54826693cfde431298fd7cdb8f8ec6ea90d952c494e7e8","blockNumber":46,"result":{"gasUsed":"0x2cd4","output":"0x"},"subtraces":0,"traceAddress":[4],"transactionHash":"0x64b5f6ae3b44a9623caeecbb78c9cf65f9a23781c585d75642e8f52b71bc1599","transactionPosition":1,"type":"call"},{"action":{"callType":"callcode","from":"0x9dcd17433742f4c0ca53122ab541d0ba67fc27d0","gas":"0xea60","input":"0xff01","to":"0x9dcd17433742f4c0ca53122ab541d0ba67fc27d1","value":"0x0"},"blockHash":"0x5b3627e612c821267b54826693cfde431298fd7cdb8f8ec6ea90d952c494e7e8","blockNumber":46,"result":{"gasUsed":"0x48","output":"0xffee"},"subtraces":0,"traceAddress":[5],"transactionHash":"0x64b5f6ae3b44a9623caeecbb78c9cf65f9a23781c585d75642e8f52b71bc1599","transactionPosition":1,"type":"call"},{"action":{"creationMethod":"create","from":"0x9dcd17433742f4c0ca53122ab541d0ba67fc27d0","gas":"0x6d70b","init":"0x5b646368696c6460006000a133ff","value":"0x0"},"blockHash":"0x5b3627e612c821267b54826693cfde431298fd7cdb8f8ec6ea90d952c494e7e8","blockNumber":46,"result":{"address":"0x9ee5c90ad0a83dd07800c64adb87c584092f8e37","gasUsed":"0x1682","output":"0x"},"subtraces":1,"traceAddress":[6],"transactionHash":"0x64b5f6ae3b44a9623caeecbb78c9cf65f9a23781c585d75642e8f52b71bc1599","transactionPosition":1,"type":"create"},{"action":{"address":"0x9ee5c90ad0a83dd07800c64adb87c584092f8e37","balance":"0x0","refundAddress":"0x9dcd17433742f4c0ca53122ab541d0ba67fc27d0"},"blockHash":"0x5b3627e612c821267b54826693cfde431298fd7cdb8f8ec6ea90d952c494e7e8","blockNumber":46,"result":null,"subtraces":0,"traceAddress":[6,0],"transactionHash":"0x64b5f6ae3b44a9623caeecbb78c9cf65f9a23781c585d75642e8f52b71bc1599","transactionPosition":1,"type":"suicide"},{"action":{"callType":"call","from":"0x7435ed30a8b4aeb0877cef0c6e8cffe834eb865f","gas":"0x11ba0","input":"0x515a531d2825dec2656d6974","to":"0x7dcd17433742f4c0ca53122ab541d0ba67fc27df","value":"0x2"},"blockHash":"0x5b3627e612c821267b54826693cfde431298fd7cdb8f8ec6ea90d952c494e7e8","blockNumber":46,"result":{"gasUsed":"0x5f9c","output":"0x"},"subtraces":0,"traceAddress":[],"transactionHash":"0x2cd66c5f92f7f966a3ae2e79fa501284a5da51a3d9d233159854d17c427b1441","transactionPosition":2,"type":"call"},{"action":{"author":"0x0000000000000000000000000000000000000000","rewardType":"block","value":"0x0"},"blockHash":"0x5b3627e612c821267b54826693cfde431298fd7cdb8f8ec6ea90d952c494e7e8","blockNumber":46,"result":null,"subtraces":0,"traceAddress":[],"transactionHash":null,"transactionPosition":null,"type":"reward"},{"action":{"callType":"call","from":"0x7435ed30a8b4aeb0877cef0c6e8cffe834eb865f","gas":"0x11ba0","input":"0xea41c6626bd2d71a656d6974","to":"0x7dcd17433742f4c0ca53122ab541d0ba67fc27df","value":"0x2"},"blockHash":"0xaede89efdac80ce5f55b93ee934eddc67b5c8a4282b18a86ca635d69234301f3","blockNumber":47,"result":{"gasUsed":"0x5f9c","output":"0x"},"subtraces":0,"traceAddress":[],"transactionHash":"0xc81daa5f275b0b347590ec8558e530da183a7ff86c377221a59c96faf5bea12c","transactionPosition":0,"type":"call"},{"action":{"callType":"call","from":"0x7435ed30a8b4aeb0877cef0c6e8cffe834eb865f","gas":"0x11ba0","input":"0x65682bc386966217656d6974","to":"0x7dcd17433742f4c0ca53122ab541d0ba67fc27df","value":"0x3"},"blockHash":"0xaede89efdac80ce5f55b93ee934eddc67b5c8a4282b18a86ca635d69234301f3","blockNumber":47,"result":{"gasUsed":"0x5f9c","output":"0x"},"subtraces":0,"traceAddress":[],"transactionHash":"0x1d37878b27d1e686d15b99cb406684e3c50be2fb0cadce5daee795b48c2003bb","transactionPosition":1,"type":"call"},{"action":{"callType":"call","from":"0x7435ed30a8b4aeb0877cef0c6e8cffe834eb865f","gas":"0x133d8","input":"0x156e2b9e3a273c7b656d6974","to":"0x7dcd17433742f4c0ca53122ab541d0ba67fc27df","value":"0x2"},"blockHash":"0xaede89efdac80ce5f55b93ee934eddc67b5c8a4282b18a86ca635d69234301f3","blockNumber":47,"result":{"gasUsed":"0x6fa0","output":"0x"},"subtraces":0,"traceAddress":[],"transactionHash":"0x62f97493d38267cf7b80fd4e9a048bb77cceed36ac0ddd1072736cff48915821","transactionPosition":2,"type":"call"},{"action":{"author":"0x0000000000000000000000000000000000000000","rewardType":"block","value":"0x0"},"blockHash":"0xaede89efdac80ce5f55b93ee934eddc67b5c8a4282b18a86ca635d69234301f3","blockNumber":47,"result":null,"subtraces":0,"traceAddress":[],"transactionHash":null,"transactionPosition":null,"type":"reward"},{"action":{"callType":"call","from":"0x7435ed30a8b4aeb0877cef0c6e8cffe834eb865f","gas":"0x0","input":"0x","to":"0x83c7e323d189f18725ac510004fdc2941f8c4a78","value":"0x1"},"blockHash":"0xf0b1510b2a9c8d4c4bd1ff2c578ddbffc04741aa06b3cc8680a343741ef15e84","blockNumber":48,"result":{"gasUsed":"0x0","output":"0x"},"subtraces":0,"traceAddress":[],"transactionHash":"0x8e96b39ab5e268215283ab40d65139edc6f281f4d79444b6b0a87861c5f8a1d5","transactionPosition":0,"type":"call"},{"action":{"callType":"call","from":"0x7435ed30a8b4aeb0877cef0c6e8cffe834eb865f","gas":"0x0","input":"0x","to":"0x2d389075be5be9f2246ad654ce152cf05990b209","value":"0x1"},"blockHash":"0xf0b1510b2a9c8d4c4bd1ff2c578ddbffc04741aa06b3cc8680a343741ef15e84","blockNumber":48,"result":{"gasUsed":"0x0","output":"0x"},"subtraces":0,"traceAddress":[],"transactionHash":"0x7045e365111563c3f68594c54d9c4d7e3445f0cfc9671f68e8a0122f849f3f18","transactionPosition":1,"type":"call"},{"action":{"callType":"call","from":"0x7435ed30a8b4aeb0877cef0c6e8cffe834eb865f","gas":"0x0","input":"0x","to":"0x3ae75c08b4c907eb63a8960c45b86e1e9ab6123c","value":"0x1"},"blockHash":"0xf0b1510b2a9c8d4c4bd1ff2c578ddbffc04741aa06b3cc8680a343741ef15e84","blockNumber":48,"result":{"gasUsed":"0x0","output":"0x"},"subtraces":0,"traceAddress":[],"transactionHash":"0xbe7d79a54b361c1515802fdf8e3843694b3a93350a9097b84c5582686c77163c","transactionPosition":2,"type":"call"},{"action":{"author":"0x0000000000000000000000000000000000000000","rewardType":"block","value":"0x0"},"blockHash":"0xf0b1510b2a9c8d4c4bd1ff2c578ddbffc04741aa06b3cc8680a343741ef15e84","blockNumber":48,"result":null,"subtraces":0,"traceAddress":[],"transactionHash":null,"transactionPosition":null,"type":"reward"}]}
response differs from expected (-- client, ++ test):
{
  "id": 1,
  "jsonrpc": "2.0",
  "result": -- [] ++ {}
}
>>  {"jsonrpc": "2.0", "id": 1, "method": "eth_getBlockByNumber", "params": ["0x30", false]}
<<  {"jsonrpc":"2.0","id":1,"result":{"number":"0x30","hash":"0xf0b1510b2a9c8d4c4bd1ff2c578ddbffc04741aa06b3cc8680a343741ef15e84","mixHash":"0x0000000000000000000000000000000000000000000000000000000000000000","parentHash":"0xaede89efdac80ce5f55b93ee934eddc67b5c8a4282b18a86ca635d69234301f3","nonce":"0x0000000000000000","sha3Uncles":"0x1dcc4de8dec75d7aab85b567b6ccd41ad312451b948a7413f0a142fd40d49347","logsBloom":"0x00000000000000000000000000000000000000000000000000000000000000000000000000000000000000000000000000000000000000000000000000000000000000000000000000000000000000000000000000000000000000000000000000000000000000000000000000000000000000000000000000000000000000000000000000000000000000000000000000000000000000000000000000000000000000000000000000000000000000000000000000000000000000000000000000000000000000000000000000000000000000000000000000000000000000000000000000000000000000000000000000000000000000000000000000000000","transactionsRoot":"0x3d96f46f0efae36059fcba93396d90ed19260e009e9dac0057a1d87e66dc17d0","stateRoot":"0xbce840ac9806ecb3d791bf55bfcfa9460ff3275996aff265fc75e2a2f3efdb26","receiptsRoot":"0x4b7fefa97a453e0ee0cea1d51ca4ab3729f3a2a6a8388a5a3b13765eec3720b7","miner":"0x0000000000000000000000000000000000000000","difficulty":"0x0","extraData":"0x","baseFeePerGas":"0x199876","size":"0x3b8","gasLimit":"0x5f5e100","gasUsed":"0xf618","timestamp":"0x1e0","uncles":[],"transactions":["0x8e96b39ab5e268215283ab40d65139edc6f281f4d79444b6b0a87861c5f8a1d5","0x7045e365111563c3f68594c54d9c4d7e3445f0cfc9671f68e8a0122f849f3f18","0xbe7d79a54b361c1515802fdf8e3843694b3a93350a9097b84c5582686c77163c"],"withdrawalsRoot":"0x56e81f171bcc55a6ff8345e692c0f86e5b48e01b996cadc001622fb5e363b421","withdrawals":[],"requestsHash":"0xe3b0c44298fc1c149afbf4c8996fb92427ae41e4649b934ca495991b7852b855","blobGasUsed":"0x0","excessBlobGas":"0x0","parentBeaconBlockRoot":"0x5b5b49487967b3b60bd859ba2fb13290c6eaf67e97e9f9f9dda935c08564b5f6"}}
response differs from expected (-- client, ++ test):
{
  "id": 1,
  "jsonrpc": "2.0",
  "result": {
    -- "baseFeePerGas": "0x199876",
    -- "blobGasUsed": "0x0",
    ++ "capture_only": true,
    -- "difficulty": "0x0",
    -- "excessBlobGas": "0x0",
    -- "extraData": "0x",
    -- "gasLimit": "0x5f5e100",
    -- "gasUsed": "0xf618",
    -- "hash": "0xf0b1510b2a9c8d4c4bd1ff2c578ddbffc04741aa06b3cc8680a343741ef15e84",
    -- "logsBloom": "0x00000000000000000000000000000000000000000000000000000000000000000000000000000000000000000000000000000000000000000000000000000000000000000000000000000000000000000000000000000000000000000000000000000000000000000000000000000000000000000000000000000000000000000000000000000000000000000000000000000000000000000000000000000000000000000000000000000000000000000000000000000000000000000000000000000000000000000000000000000000000000000000000000000000000000000000000000000000000000000000000000000000000000000000000000000000",
    -- "miner": "0x0000000000000000000000000000000000000000",
    -- "mixHash": "0x0000000000000000000000000000000000000000000000000000000000000000",
    -- "nonce": "0x0000000000000000",
    -- "number": "0x30",
    -- "parentBeaconBlockRoot": "0x5b5b49487967b3b60bd859ba2fb13290c6eaf67e97e9f9f9dda935c08564b5f6",
    -- "parentHash": "0xaede89efdac80ce5f55b93ee934eddc67b5c8a4282b18a86ca635d69234301f3",
    -- "receiptsRoot": "0x4b7fefa97a453e0ee0cea1d51ca4ab3729f3a2a6a8388a5a3b13765eec3720b7",
    -- "requestsHash": "0xe3b0c44298fc1c149afbf4c8996fb92427ae41e4649b934ca495991b7852b855",
    -- "sha3Uncles": "0x1dcc4de8dec75d7aab85b567b6ccd41ad312451b948a7413f0a142fd40d49347",
    -- "size": "0x3b8",
    -- "stateRoot": "0xbce840ac9806ecb3d791bf55bfcfa9460ff3275996aff265fc75e2a2f3efdb26",
    -- "timestamp": "0x1e0",
    -- "transactions": [
      -- "0x8e96b39ab5e268215283ab40d65139edc6f281f4d79444b6b0a87861c5f8a1d5",
      -- "0x7045e365111563c3f68594c54d9c4d7e3445f0cfc9671f68e8a0122f849f3f18",
      -- "0xbe7d79a54b361c1515802fdf8e3843694b3a93350a9097b84c5582686c77163c"
    -- ],
    -- "transactionsRoot": "0x3d96f46f0efae36059fcba93396d90ed19260e009e9dac0057a1d87e66dc17d0",
    -- "uncles": [],
    -- "withdrawals": [],
    -- "withdrawalsRoot": "0x56e81f171bcc55a6ff8345e692c0f86e5b48e01b996cadc001622fb5e363b421"
  }
}
>>  {"jsonrpc": "2.0", "id": 1, "method": "eth_blockNumber", "params": []}
<<  {"jsonrpc":"2.0","id":1,"result":"0x30"}
response differs from expected (-- client, ++ test):
{
  "id": 1,
  "jsonrpc": "2.0",
  "result": -- "0x30" ++ {}
}
>>  {"jsonrpc": "2.0", "id": 1, "method": "eth_getTransactionReceipt", "params": ["0xe4a4bd6a4fad4df86c1222128b9d79a1dd0686cf4a0e1d506731482b7266d483"]}
<<  {"jsonrpc":"2.0","id":1,"result":{"blockHash":"0x6cb3089f8b5ff993ed24ed9ccbfa8bae322848d722842e6453576f30029b1434","blockNumber":"0x2a","contractAddress":null,"cumulativeGasUsed":"0x5208","from":"0x7435ed30a8b4aeb0877cef0c6e8cffe834eb865f","gasUsed":"0x5208","effectiveGasPrice":"0x38e4f7","logs":[],"logsBloom":"0x00000000000000000000000000000000000000000000000000000000000000000000000000000000000000000000000000000000000000000000000000000000000000000000000000000000000000000000000000000000000000000000000000000000000000000000000000000000000000000000000000000000000000000000000000000000000000000000000000000000000000000000000000000000000000000000000000000000000000000000000000000000000000000000000000000000000000000000000000000000000000000000000000000000000000000000000000000000000000000000000000000000000000000000000000000000","status":"0x1","to":"0x1f5bde34b4afc686f136c7a3cb6ec376f7357759","transactionHash":"0xe4a4bd6a4fad4df86c1222128b9d79a1dd0686cf4a0e1d506731482b7266d483","transactionIndex":"0x0","type":"0x0"}}
response differs from expected (-- client, ++ test):
{
  "id": 1,
  "jsonrpc": "2.0",
  "result": {
    -- "blockHash": "0x6cb3089f8b5ff993ed24ed9ccbfa8bae322848d722842e6453576f30029b1434",
    -- "blockNumber": "0x2a",
    ++ "capture_only": true,
    -- "contractAddress": null,
    -- "cumulativeGasUsed": "0x5208",
    -- "effectiveGasPrice": "0x38e4f7",
    -- "from": "0x7435ed30a8b4aeb0877cef0c6e8cffe834eb865f",
    -- "gasUsed": "0x5208",
    -- "logs": [],
    -- "logsBloom": "0x00000000000000000000000000000000000000000000000000000000000000000000000000000000000000000000000000000000000000000000000000000000000000000000000000000000000000000000000000000000000000000000000000000000000000000000000000000000000000000000000000000000000000000000000000000000000000000000000000000000000000000000000000000000000000000000000000000000000000000000000000000000000000000000000000000000000000000000000000000000000000000000000000000000000000000000000000000000000000000000000000000000000000000000000000000000",
    -- "status": "0x1",
    -- "to": "0x1f5bde34b4afc686f136c7a3cb6ec376f7357759",
    -- "transactionHash": "0xe4a4bd6a4fad4df86c1222128b9d79a1dd0686cf4a0e1d506731482b7266d483",
    -- "transactionIndex": "0x0",
    -- "type": "0x0"
  }
}
interop Engine engine_newPayloadV4: reply=map[latestValidHash:0x23a229f69acd6ffb1d98dbae859e4fde6bcb6db51786ec54d07085d74bf473d4 status:VALID validationError:<nil>] error=<nil>
interop Engine engine_newPayloadV4: reply=map[latestValidHash:0xb643aaad7876814b2319a5ac15e3efd4c5a928f711683d4d3abee5b525fc349d status:VALID validationError:<nil>] error=<nil>
interop Engine engine_newPayloadV4: reply=map[latestValidHash:0x59c52ea8dd1dfdb037aec4a2f28907fb1cf4ca5401b48590182eaa5415e8e6f3 status:VALID validationError:<nil>] error=<nil>
interop Engine engine_newPayloadV4: reply=map[latestValidHash:0x3ae39139cb5ef4492f48c7ed41f861621a0f7af2c15ee458b09914e7fc97dfe9 status:VALID validationError:<nil>] error=<nil>
interop Engine engine_newPayloadV4: reply=map[latestValidHash:0x008d1333b89a6507babffba8a8605f2426aa21a829ad0c20131d40dc72300628 status:VALID validationError:<nil>] error=<nil>
interop Engine engine_newPayloadV4: reply=map[latestValidHash:0xb75975dcf8dc29c9d8f63272511a20eb5c16c8466634e83f6b840d3baaa54110 status:VALID validationError:<nil>] error=<nil>
interop Engine engine_newPayloadV4: reply=map[latestValidHash:0xced04ae80b11fac8e3619bba83e9f8a3490159e045f1ac504955e69a783dbbcd status:VALID validationError:<nil>] error=<nil>
interop Engine engine_newPayloadV4: reply=map[latestValidHash:0xa3b4b86837197906688c55979962fcf57fc43f7d1796cdacce350f2a4590ef8e status:VALID validationError:<nil>] error=<nil>
interop Engine engine_newPayloadV4: reply=map[latestValidHash:0x89760635a073492746414d5e8ea50ceaaaf035f603e37543a36328af11d6de32 status:VALID validationError:<nil>] error=<nil>
interop forkchoice accepted: [map[finalizedBlockHash:0x9901db3a31e7004c45911fca4480b7dce86a4baeab819eb4959d7316f687d54c headBlockHash:0x89760635a073492746414d5e8ea50ceaaaf035f603e37543a36328af11d6de32 safeBlockHash:0x9901db3a31e7004c45911fca4480b7dce86a4baeab819eb4959d7316f687d54c] <nil>]
>>  {"jsonrpc": "2.0", "id": 1, "method": "trace_block", "params": ["0x2d"]}
<<  {"jsonrpc":"2.0","id":1,"result":[{"action":{"author":"0x0000000000000000000000000000000000000000","rewardType":"block","value":"0x0"},"blockHash":"0xb75975dcf8dc29c9d8f63272511a20eb5c16c8466634e83f6b840d3baaa54110","blockNumber":45,"result":null,"subtraces":0,"traceAddress":[],"transactionHash":null,"transactionPosition":null,"type":"reward"}]}
response differs from expected (-- client, ++ test):
{
  "id": 1,
  "jsonrpc": "2.0",
  "result": -- [] ++ {}
}
>>  {"jsonrpc": "2.0", "id": 1, "method": "trace_filter", "params": [{"fromBlock": "0x28", "toBlock": "0x30"}]}
<<  {"jsonrpc":"2.0","id":1,"result":[{"action":{"author":"0x0000000000000000000000000000000000000000","rewardType":"block","value":"0x0"},"blockHash":"0x23a229f69acd6ffb1d98dbae859e4fde6bcb6db51786ec54d07085d74bf473d4","blockNumber":40,"result":null,"subtraces":0,"traceAddress":[],"transactionHash":null,"transactionPosition":null,"type":"reward"},{"action":{"author":"0x0000000000000000000000000000000000000000","rewardType":"block","value":"0x0"},"blockHash":"0xb643aaad7876814b2319a5ac15e3efd4c5a928f711683d4d3abee5b525fc349d","blockNumber":41,"result":null,"subtraces":0,"traceAddress":[],"transactionHash":null,"transactionPosition":null,"type":"reward"},{"action":{"author":"0x0000000000000000000000000000000000000000","rewardType":"block","value":"0x0"},"blockHash":"0x59c52ea8dd1dfdb037aec4a2f28907fb1cf4ca5401b48590182eaa5415e8e6f3","blockNumber":42,"result":null,"subtraces":0,"traceAddress":[],"transactionHash":null,"transactionPosition":null,"type":"reward"},{"action":{"author":"0x0000000000000000000000000000000000000000","rewardType":"block","value":"0x0"},"blockHash":"0x3ae39139cb5ef4492f48c7ed41f861621a0f7af2c15ee458b09914e7fc97dfe9","blockNumber":43,"result":null,"subtraces":0,"traceAddress":[],"transactionHash":null,"transactionPosition":null,"type":"reward"},{"action":{"author":"0x0000000000000000000000000000000000000000","rewardType":"block","value":"0x0"},"blockHash":"0x008d1333b89a6507babffba8a8605f2426aa21a829ad0c20131d40dc72300628","blockNumber":44,"result":null,"subtraces":0,"traceAddress":[],"transactionHash":null,"transactionPosition":null,"type":"reward"},{"action":{"author":"0x0000000000000000000000000000000000000000","rewardType":"block","value":"0x0"},"blockHash":"0xb75975dcf8dc29c9d8f63272511a20eb5c16c8466634e83f6b840d3baaa54110","blockNumber":45,"result":null,"subtraces":0,"traceAddress":[],"transactionHash":null,"transactionPosition":null,"type":"reward"},{"action":{"author":"0x0000000000000000000000000000000000000000","rewardType":"block","value":"0x0"},"blockHash":"0xced04ae80b11fac8e3619bba83e9f8a3490159e045f1ac504955e69a783dbbcd","blockNumber":46,"result":null,"subtraces":0,"traceAddress":[],"transactionHash":null,"transactionPosition":null,"type":"reward"},{"action":{"author":"0x0000000000000000000000000000000000000000","rewardType":"block","value":"0x0"},"blockHash":"0xa3b4b86837197906688c55979962fcf57fc43f7d1796cdacce350f2a4590ef8e","blockNumber":47,"result":null,"subtraces":0,"traceAddress":[],"transactionHash":null,"transactionPosition":null,"type":"reward"},{"action":{"author":"0x0000000000000000000000000000000000000000","rewardType":"block","value":"0x0"},"blockHash":"0x89760635a073492746414d5e8ea50ceaaaf035f603e37543a36328af11d6de32","blockNumber":48,"result":null,"subtraces":0,"traceAddress":[],"transactionHash":null,"transactionPosition":null,"type":"reward"}]}
response differs from expected (-- client, ++ test):
{
  "id": 1,
  "jsonrpc": "2.0",
  "result": -- [] ++ {}
}
>>  {"jsonrpc": "2.0", "id": 1, "method": "eth_getBlockByNumber", "params": ["0x30", false]}
<<  {"jsonrpc":"2.0","id":1,"result":{"number":"0x30","hash":"0x89760635a073492746414d5e8ea50ceaaaf035f603e37543a36328af11d6de32","mixHash":"0x0000000000000000000000000000000000000000000000000000000000000000","parentHash":"0xa3b4b86837197906688c55979962fcf57fc43f7d1796cdacce350f2a4590ef8e","nonce":"0x0000000000000000","sha3Uncles":"0x1dcc4de8dec75d7aab85b567b6ccd41ad312451b948a7413f0a142fd40d49347","logsBloom":"0x00000000000000000000000000000000000000000000000000000000000000000000000000000000000000000000000000000000000000000000000000000000000000000000000000000000000000000000000000000000000000000000000000000000000000000000000000000000000000000000000000000000000000000000000000000000000000000000000000000000000000000000000000000000000000000000000000000000000000000000000000000000000000000000000000000000000000000000000000000000000000000000000000000000000000000000000000000000000000000000000000000000000000000000000000000000","transactionsRoot":"0x56e81f171bcc55a6ff8345e692c0f86e5b48e01b996cadc001622fb5e363b421","stateRoot":"0xe679c81a19539811969c8d19a159ade831d70b65332e61695bf8ff5084c2a975","receiptsRoot":"0x56e81f171bcc55a6ff8345e692c0f86e5b48e01b996cadc001622fb5e363b421","miner":"0x0000000000000000000000000000000000000000","difficulty":"0x0","extraData":"0x","baseFeePerGas":"0x198413","size":"0x265","gasLimit":"0x5f5e100","gasUsed":"0x0","timestamp":"0x1e0","uncles":[],"transactions":[],"withdrawalsRoot":"0x56e81f171bcc55a6ff8345e692c0f86e5b48e01b996cadc001622fb5e363b421","withdrawals":[],"requestsHash":"0xe3b0c44298fc1c149afbf4c8996fb92427ae41e4649b934ca495991b7852b855","blobGasUsed":"0x0","excessBlobGas":"0x0","parentBeaconBlockRoot":"0x5b5b49487967b3b60bd859ba2fb13290c6eaf67e97e9f9f9dda935c08564b5f6"}}
response differs from expected (-- client, ++ test):
{
  "id": 1,
  "jsonrpc": "2.0",
  "result": {
    -- "baseFeePerGas": "0x198413",
    -- "blobGasUsed": "0x0",
    ++ "capture_only": true,
    -- "difficulty": "0x0",
    -- "excessBlobGas": "0x0",
    -- "extraData": "0x",
    -- "gasLimit": "0x5f5e100",
    -- "gasUsed": "0x0",
    -- "hash": "0x89760635a073492746414d5e8ea50ceaaaf035f603e37543a36328af11d6de32",
    -- "logsBloom": "0x00000000000000000000000000000000000000000000000000000000000000000000000000000000000000000000000000000000000000000000000000000000000000000000000000000000000000000000000000000000000000000000000000000000000000000000000000000000000000000000000000000000000000000000000000000000000000000000000000000000000000000000000000000000000000000000000000000000000000000000000000000000000000000000000000000000000000000000000000000000000000000000000000000000000000000000000000000000000000000000000000000000000000000000000000000000",
    -- "miner": "0x0000000000000000000000000000000000000000",
    -- "mixHash": "0x0000000000000000000000000000000000000000000000000000000000000000",
    -- "nonce": "0x0000000000000000",
    -- "number": "0x30",
    -- "parentBeaconBlockRoot": "0x5b5b49487967b3b60bd859ba2fb13290c6eaf67e97e9f9f9dda935c08564b5f6",
    -- "parentHash": "0xa3b4b86837197906688c55979962fcf57fc43f7d1796cdacce350f2a4590ef8e",
    -- "receiptsRoot": "0x56e81f171bcc55a6ff8345e692c0f86e5b48e01b996cadc001622fb5e363b421",
    -- "requestsHash": "0xe3b0c44298fc1c149afbf4c8996fb92427ae41e4649b934ca495991b7852b855",
    -- "sha3Uncles": "0x1dcc4de8dec75d7aab85b567b6ccd41ad312451b948a7413f0a142fd40d49347",
    -- "size": "0x265",
    -- "stateRoot": "0xe679c81a19539811969c8d19a159ade831d70b65332e61695bf8ff5084c2a975",
    -- "timestamp": "0x1e0",
    -- "transactions": [],
    -- "transactionsRoot": "0x56e81f171bcc55a6ff8345e692c0f86e5b48e01b996cadc001622fb5e363b421",
    -- "uncles": [],
    -- "withdrawals": [],
    -- "withdrawalsRoot": "0x56e81f171bcc55a6ff8345e692c0f86e5b48e01b996cadc001622fb5e363b421"
  }
}
>>  {"jsonrpc": "2.0", "id": 1, "method": "eth_blockNumber", "params": []}
<<  {"jsonrpc":"2.0","id":1,"result":"0x30"}
response differs from expected (-- client, ++ test):
{
  "id": 1,
  "jsonrpc": "2.0",
  "result": -- "0x30" ++ {}
}
>>  {"jsonrpc": "2.0", "id": 1, "method": "eth_getTransactionReceipt", "params": ["0xe4a4bd6a4fad4df86c1222128b9d79a1dd0686cf4a0e1d506731482b7266d483"]}
<<  {"jsonrpc":"2.0","id":1,"result":null}
response differs from expected (-- client, ++ test):
{
  "id": 1,
  "jsonrpc": "2.0",
  "result": -- null ++ {}
}
interop forkchoice accepted: [map[finalizedBlockHash:0x9901db3a31e7004c45911fca4480b7dce86a4baeab819eb4959d7316f687d54c headBlockHash:0xf0b1510b2a9c8d4c4bd1ff2c578ddbffc04741aa06b3cc8680a343741ef15e84 safeBlockHash:0x9901db3a31e7004c45911fca4480b7dce86a4baeab819eb4959d7316f687d54c] <nil>]
>>  {"jsonrpc": "2.0", "id": 1, "method": "trace_block", "params": ["0x2d"]}
<<  {"jsonrpc":"2.0","id":1,"result":[{"action":{"callType":"call","from":"0x7435ed30a8b4aeb0877cef0c6e8cffe834eb865f","gas":"0x0","input":"0x","to":"0x16c57edf7fa9d9525378b0b81bf8a3ced0620c1c","value":"0x1"},"blockHash":"0xe6d9078b4964bc1b329fb12242254e21cf88ffa9a88058e515d6e79f7d8fce0d","blockNumber":45,"result":{"gasUsed":"0x0","output":"0x"},"subtraces":0,"traceAddress":[],"transactionHash":"0x8d872ca87b7f1343eab260d3f69260e8efde5dcf5532a23c18e1c25cadaa2df7","transactionPosition":0,"type":"call"},{"action":{"callType":"call","from":"0x7435ed30a8b4aeb0877cef0c6e8cffe834eb865f","gas":"0x0","input":"0x","to":"0x14e46043e63d0e3cdcf2530519f4cfaf35058cb2","value":"0x1"},"blockHash":"0xe6d9078b4964bc1b329fb12242254e21cf88ffa9a88058e515d6e79f7d8fce0d","blockNumber":45,"result":{"gasUsed":"0x0","output":"0x"},"subtraces":0,"traceAddress":[],"transactionHash":"0x07782b90d866d9c854fc70a3609e69f378a7d392a61f7cd712136d79e3f98a6f","transactionPosition":1,"type":"call"},{"action":{"author":"0x0000000000000000000000000000000000000000","rewardType":"block","value":"0x0"},"blockHash":"0xe6d9078b4964bc1b329fb12242254e21cf88ffa9a88058e515d6e79f7d8fce0d","blockNumber":45,"result":null,"subtraces":0,"traceAddress":[],"transactionHash":null,"transactionPosition":null,"type":"reward"}]}
response differs from expected (-- client, ++ test):
{
  "id": 1,
  "jsonrpc": "2.0",
  "result": -- [] ++ {}
}
>>  {"jsonrpc": "2.0", "id": 1, "method": "trace_filter", "params": [{"fromBlock": "0x28", "toBlock": "0x30"}]}
<<  {"jsonrpc":"2.0","id":1,"result":[{"action":{"callType":"call","from":"0x7435ed30a8b4aeb0877cef0c6e8cffe834eb865f","gas":"0x11ba0","input":"0x036464a71961a53a656d6974","to":"0x7dcd17433742f4c0ca53122ab541d0ba67fc27df","value":"0x2"},"blockHash":"0xfc2b688f6d286950eff2cf6f1b10a6bf63e92a20fcdf8db7377ef647b154eb52","blockNumber":40,"result":{"gasUsed":"0x5f9c","output":"0x"},"subtraces":0,"traceAddress":[],"transactionHash":"0x0efc1e4671e41e768fa107ecf72ab35e03d5a8b7e3f5bbe29cb28dc1eea265a2","transactionPosition":0,"type":"call"},{"action":{"callType":"call","from":"0x7435ed30a8b4aeb0877cef0c6e8cffe834eb865f","gas":"0x11ba0","input":"0x9ec58f808778768f656d6974","to":"0x7dcd17433742f4c0ca53122ab541d0ba67fc27df","value":"0x2"},"blockHash":"0xfc2b688f6d286950eff2cf6f1b10a6bf63e92a20fcdf8db7377ef647b154eb52","blockNumber":40,"result":{"gasUsed":"0x5f9c","output":"0x"},"subtraces":0,"traceAddress":[],"transactionHash":"0x1942a6223310f991ab036dccb28259dd634e39e08152d383afc422481e5ab2c2","transactionPosition":1,"type":"call"},{"action":{"callType":"call","from":"0x7435ed30a8b4aeb0877cef0c6e8cffe834eb865f","gas":"0x11ba0","input":"0xcd417355d4039279656d6974","to":"0x7dcd17433742f4c0ca53122ab541d0ba67fc27df","value":"0x3"},"blockHash":"0xfc2b688f6d286950eff2cf6f1b10a6bf63e92a20fcdf8db7377ef647b154eb52","blockNumber":40,"result":{"gasUsed":"0x5f9c","output":"0x"},"subtraces":0,"traceAddress":[],"transactionHash":"0xbc3230ca851b7baad39753405e55d96f2124d1e5e8ab9cd76c638bba601423ac","transactionPosition":2,"type":"call"},{"action":{"author":"0x0000000000000000000000000000000000000000","rewardType":"block","value":"0x0"},"blockHash":"0xfc2b688f6d286950eff2cf6f1b10a6bf63e92a20fcdf8db7377ef647b154eb52","blockNumber":40,"result":null,"subtraces":0,"traceAddress":[],"transactionHash":null,"transactionPosition":null,"type":"reward"},{"action":{"callType":"call","from":"0x7435ed30a8b4aeb0877cef0c6e8cffe834eb865f","gas":"0x133d8","input":"0x3186f4d423ee1407656d6974","to":"0x7dcd17433742f4c0ca53122ab541d0ba67fc27df","value":"0x2"},"blockHash":"0x9bc6bd9fb238298cb6a4260fc4306ab426b3e2d41607e719dde8c4ca41817da7","blockNumber":41,"result":{"gasUsed":"0x6fa0","output":"0x"},"subtraces":0,"traceAddress":[],"transactionHash":"0x6a2b2c1d5d3bae710fa3c9f79035e0b6b98d65df9cb05e425087c93ce9bf08ed","transactionPosition":0,"type":"call"},{"action":{"callType":"call","from":"0x7435ed30a8b4aeb0877cef0c6e8cffe834eb865f","gas":"0x0","input":"0x","to":"0x717f8aa2b982bee0e29f573d31df288663e1ce16","value":"0x1"},"blockHash":"0x9bc6bd9fb238298cb6a4260fc4306ab426b3e2d41607e719dde8c4ca41817da7","blockNumber":41,"result":{"gasUsed":"0x0","output":"0x"},"subtraces":0,"traceAddress":[],"transactionHash":"0x9249eb130af4bcf26d420f09df8a51f4947e387f9e325e8b223237c9602208a1","transactionPosition":1,"type":"call"},{"action":{"callType":"call","from":"0x7435ed30a8b4aeb0877cef0c6e8cffe834eb865f","gas":"0x0","input":"0x","to":"0x4a0f1452281bcec5bd90c3dce6162a5995bfe9df","value":"0x1"},"blockHash":"0x9bc6bd9fb238298cb6a4260fc4306ab426b3e2d41607e719dde8c4ca41817da7","blockNumber":41,"result":{"gasUsed":"0x0","output":"0x"},"subtraces":0,"traceAddress":[],"transactionHash":"0xbdda348fd5169ff5cc8c761147a64b34ceb2e913d7bf5e8ddf8e497ca3e3460f","transactionPosition":2,"type":"call"},{"action":{"author":"0x0000000000000000000000000000000000000000","rewardType":"block","value":"0x0"},"blockHash":"0x9bc6bd9fb238298cb6a4260fc4306ab426b3e2d41607e719dde8c4ca41817da7","blockNumber":41,"result":null,"subtraces":0,"traceAddress":[],"transactionHash":null,"transactionPosition":null,"type":"reward"},{"action":{"callType":"call","from":"0x7435ed30a8b4aeb0877cef0c6e8cffe834eb865f","gas":"0x0","input":"0x","to":"0x1f5bde34b4afc686f136c7a3cb6ec376f7357759","value":"0x1"},"blockHash":"0x6cb3089f8b5ff993ed24ed9ccbfa8bae322848d722842e6453576f30029b1434","blockNumber":42,"result":{"gasUsed":"0x0","output":"0x"},"subtraces":0,"traceAddress":[],"transactionHash":"0xe4a4bd6a4fad4df86c1222128b9d79a1dd0686cf4a0e1d506731482b7266d483","transactionPosition":0,"type":"call"},{"action":{"callType":"call","from":"0x7435ed30a8b4aeb0877cef0c6e8cffe834eb865f","gas":"0x13488","input":"0x01","to":"0x9dcd17433742f4c0ca53122ab541d0ba67fc27d3","value":"0x0"},"blockHash":"0x6cb3089f8b5ff993ed24ed9ccbfa8bae322848d722842e6453576f30029b1434","blockNumber":42,"error":"Reverted","revertReason":"0x08c379a00000000000000000000000000000000000000000000000000000000000000020000000000000000000000000000000000000000000000000000000000000000a75736572206572726f72","subtraces":0,"traceAddress":[],"transactionHash":"0x7a15f2b6b479009c2d8f167dfc8490654348e85aa4968583bab1d4c3c17284bb","transactionPosition":1,"type":"call"},{"action":{"author":"0x0000000000000000000000000000000000000000","rewardType":"block","value":"0x0"},"blockHash":"0x6cb3089f8b5ff993ed24ed9ccbfa8bae322848d722842e6453576f30029b1434","blockNumber":42,"result":null,"subtraces":0,"traceAddress":[],"transactionHash":null,"transactionPosition":null,"type":"reward"},{"action":{"callType":"call","from":"0x7435ed30a8b4aeb0877cef0c6e8cffe834eb865f","gas":"0x8d5b8","input":"0x","to":"0x9dcd17433742f4c0ca53122ab541d0ba67fc27d0","value":"0x0"},"blockHash":"0x22e8e9edaefc674ba389450dc41088e521fb2d33330a72c8b7aa2bf1b2281ffe","blockNumber":43,"result":{"gasUsed":"0x1fc63","output":"0xffee"},"subtraces":7,"traceAddress":[],"transactionHash":"0x651d033b62050d4a32ffb16281c8685790d1233922a4ec2dcd5c6c1a66461226","transactionPosition":0,"type":"call"},{"action":{"callType":"call","from":"0x9dcd17433742f4c0ca53122ab541d0ba67fc27d0","gas":"0xf35c","input":"0xff01","to":"0x9dcd17433742f4c0ca53122ab541d0ba67fc27d1","value":"0x1"},"blockHash":"0x22e8e9edaefc674ba389450dc41088e521fb2d33330a72c8b7aa2bf1b2281ffe","blockNumber":43,"result":{"gasUsed":"0x48","output":"0xffee"},"subtraces":0,"traceAddress":[0],"transactionHash":"0x651d033b62050d4a32ffb16281c8685790d1233922a4ec2dcd5c6c1a66461226","transactionPosition":0,"type":"call"},{"action":{"callType":"call","from":"0x9dcd17433742f4c0ca53122ab541d0ba67fc27d0","gas":"0xea60","input":"0x0000000000000000000000000000000000000000000000000000000000000001","to":"0x9dcd17433742f4c0ca53122ab541d0ba67fc27d3","value":"0x0"},"blockHash":"0x22e8e9edaefc674ba389450dc41088e521fb2d33330a72c8b7aa2bf1b2281ffe","blockNumber":43,"error":"Reverted","subtraces":0,"traceAddress":[1],"transactionHash":"0x651d033b62050d4a32ffb16281c8685790d1233922a4ec2dcd5c6c1a66461226","transactionPosition":0,"type":"call"},{"action":{"callType":"staticcall","from":"0x9dcd17433742f4c0ca53122ab541d0ba67fc27d0","gas":"0xea60","input":"0x","to":"0x9dcd17433742f4c0ca53122ab541d0ba67fc27d2","value":"0x0"},"blockHash":"0x22e8e9edaefc674ba389450dc41088e521fb2d33330a72c8b7aa2bf1b2281ffe","blockNumber":43,"result":{"gasUsed":"0x7d","output":"0x000000000000000000000000000000000000000000000000000000000000002b000000000000000000000000000000000000000000000000000c72dd9d5e883e0000000000000000000000000000000000000000000000000000000000000000000000000000000000000000000000000000000000000000000000000031c9f400000000000000000000000000000000000000000000000000000000000000000000000000000000000000007435ed30a8b4aeb0877cef0c6e8cffe834eb865f0000000000000000000000000000000000000000000000000000000000000000"},"subtraces":0,"traceAddress":[2],"transactionHash":"0x651d033b62050d4a32ffb16281c8685790d1233922a4ec2dcd5c6c1a66461226","transactionPosition":0,"type":"call"},{"action":{"callType":"staticcall","from":"0x9dcd17433742f4c0ca53122ab541d0ba67fc27d0","gas":"0xea60","input":"0x","to":"0x7dcd17433742f4c0ca53122ab541d0ba67fc27df","value":"0x0"},"blockHash":"0x22e8e9edaefc674ba389450dc41088e521fb2d33330a72c8b7aa2bf1b2281ffe","blockNumber":43,"error":"Illegal state change","subtraces":0,"traceAddress":[3],"transactionHash":"0x651d033b62050d4a32ffb16281c8685790d1233922a4ec2dcd5c6c1a66461226","transactionPosition":0,"type":"call"},{"action":{"callType":"delegatecall","from":"0x9dcd17433742f4c0ca53122ab541d0ba67fc27d0","gas":"0xea60","input":"0x00000000","to":"0x7dcd17433742f4c0ca53122ab541d0ba67fc27df","value":"0x0"},"blockHash":"0x22e8e9edaefc674ba389450dc41088e521fb2d33330a72c8b7aa2bf1b2281ffe","blockNumber":43,"result":{"gasUsed":"0x2cd4","output":"0x"},"subtraces":0,"traceAddress":[4],"transactionHash":"0x651d033b62050d4a32ffb16281c8685790d1233922a4ec2dcd5c6c1a66461226","transactionPosition":0,"type":"call"},{"action":{"callType":"callcode","from":"0x9dcd17433742f4c0ca53122ab541d0ba67fc27d0","gas":"0xea60","input":"0xff01","to":"0x9dcd17433742f4c0ca53122ab541d0ba67fc27d1","value":"0x0"},"blockHash":"0x22e8e9edaefc674ba389450dc41088e521fb2d33330a72c8b7aa2bf1b2281ffe","blockNumber":43,"result":{"gasUsed":"0x48","output":"0xffee"},"subtraces":0,"traceAddress":[5],"transactionHash":"0x651d033b62050d4a32ffb16281c8685790d1233922a4ec2dcd5c6c1a66461226","transactionPosition":0,"type":"call"},{"action":{"creationMethod":"create","from":"0x9dcd17433742f4c0ca53122ab541d0ba67fc27d0","gas":"0x6d70b","init":"0x5b646368696c6460006000a133ff","value":"0x0"},"blockHash":"0x22e8e9edaefc674ba389450dc41088e521fb2d33330a72c8b7aa2bf1b2281ffe","blockNumber":43,"result":{"address":"0x05032e03adbca6d5d04236000a2bbb6b4fec87f5","gasUsed":"0x1682","output":"0x"},"subtraces":1,"traceAddress":[6],"transactionHash":"0x651d033b62050d4a32ffb16281c8685790d1233922a4ec2dcd5c6c1a66461226","transactionPosition":0,"type":"create"},{"action":{"address":"0x05032e03adbca6d5d04236000a2bbb6b4fec87f5","balance":"0x0","refundAddress":"0x9dcd17433742f4c0ca53122ab541d0ba67fc27d0"},"blockHash":"0x22e8e9edaefc674ba389450dc41088e521fb2d33330a72c8b7aa2bf1b2281ffe","blockNumber":43,"result":null,"subtraces":0,"traceAddress":[6,0],"transactionHash":"0x651d033b62050d4a32ffb16281c8685790d1233922a4ec2dcd5c6c1a66461226","transactionPosition":0,"type":"suicide"},{"action":{"callType":"call","from":"0x7435ed30a8b4aeb0877cef0c6e8cffe834eb865f","gas":"0x11ba0","input":"0xebe7a54f122c1cf1656d6974","to":"0x7dcd17433742f4c0ca53122ab541d0ba67fc27df","value":"0x2"},"blockHash":"0x22e8e9edaefc674ba389450dc41088e521fb2d33330a72c8b7aa2bf1b2281ffe","blockNumber":43,"result":{"gasUsed":"0x5f9c","output":"0x"},"subtraces":0,"traceAddress":[],"transactionHash":"0xfa7de1862f93f2da0e1450d833da95e5e04ea7381a471f7388c1e9c92e551deb","transactionPosition":1,"type":"call"},{"action":{"callType":"call","from":"0x7435ed30a8b4aeb0877cef0c6e8cffe834eb865f","gas":"0x11ba0","input":"0xcef26346bf2d1331656d6974","to":"0x7dcd17433742f4c0ca53122ab541d0ba67fc27df","value":"0x2"},"blockHash":"0x22e8e9edaefc674ba389450dc41088e521fb2d33330a72c8b7aa2bf1b2281ffe","blockNumber":43,"result":{"gasUsed":"0x5f9c","output":"0x"},"subtraces":0,"traceAddress":[],"transactionHash":"0x321a8dba67e9c086a4877a6c33c1564471683da311f72005650d102ba847522c","transactionPosition":2,"type":"call"},{"action":{"author":"0x0000000000000000000000000000000000000000","rewardType":"block","value":"0x0"},"blockHash":"0x22e8e9edaefc674ba389450dc41088e521fb2d33330a72c8b7aa2bf1b2281ffe","blockNumber":43,"result":null,"subtraces":0,"traceAddress":[],"transactionHash":null,"transactionPosition":null,"type":"reward"},{"action":{"callType":"call","from":"0x7435ed30a8b4aeb0877cef0c6e8cffe834eb865f","gas":"0x11ba0","input":"0x2276cc05d723a1e7656d6974","to":"0x7dcd17433742f4c0ca53122ab541d0ba67fc27df","value":"0x3"},"blockHash":"0x8ee9c89c042749060aa7225c9568cfbeb4ae658041f42cf5cfa90ef3cbc8c250","blockNumber":44,"result":{"gasUsed":"0x5f9c","output":"0x"},"subtraces":0,"traceAddress":[],"transactionHash":"0x04fd4668ef5f466780ea8c866659e563d8659a626e5de911ea4a687cda38e4b5","transactionPosition":0,"type":"call"},{"action":{"callType":"call","from":"0x7435ed30a8b4aeb0877cef0c6e8cffe834eb865f","gas":"0x133d8","input":"0x7656ae13bace34c5656d6974","to":"0x7dcd17433742f4c0ca53122ab541d0ba67fc27df","value":"0x2"},"blockHash":"0x8ee9c89c042749060aa7225c9568cfbeb4ae658041f42cf5cfa90ef3cbc8c250","blockNumber":44,"result":{"gasUsed":"0x6fa0","output":"0x"},"subtraces":0,"traceAddress":[],"transactionHash":"0x213aa25f0673a954b12f125f001fdfdfc9c4e5ce3f8a5aeb8292f04f5feb15b4","transactionPosition":1,"type":"call"},{"action":{"callType":"call","from":"0x7435ed30a8b4aeb0877cef0c6e8cffe834eb865f","gas":"0x0","input":"0x","to":"0xd803681e487e6ac18053afc5a6cd813c86ec3e4d","value":"0x1"},"blockHash":"0x8ee9c89c042749060aa7225c9568cfbeb4ae658041f42cf5cfa90ef3cbc8c250","blockNumber":44,"result":{"gasUsed":"0x0","output":"0x"},"subtraces":0,"traceAddress":[],"transactionHash":"0x894b329288125359a28bb1e9c07bf6147ed1e1982b0e487a51a0c724d7fa7486","transactionPosition":2,"type":"call"},{"action":{"author":"0x0000000000000000000000000000000000000000","rewardType":"block","value":"0x0"},"blockHash":"0x8ee9c89c042749060aa7225c9568cfbeb4ae658041f42cf5cfa90ef3cbc8c250","blockNumber":44,"result":null,"subtraces":0,"traceAddress":[],"transactionHash":null,"transactionPosition":null,"type":"reward"},{"action":{"callType":"call","from":"0x7435ed30a8b4aeb0877cef0c6e8cffe834eb865f","gas":"0x0","input":"0x","to":"0x16c57edf7fa9d9525378b0b81bf8a3ced0620c1c","value":"0x1"},"blockHash":"0xe6d9078b4964bc1b329fb12242254e21cf88ffa9a88058e515d6e79f7d8fce0d","blockNumber":45,"result":{"gasUsed":"0x0","output":"0x"},"subtraces":0,"traceAddress":[],"transactionHash":"0x8d872ca87b7f1343eab260d3f69260e8efde5dcf5532a23c18e1c25cadaa2df7","transactionPosition":0,"type":"call"},{"action":{"callType":"call","from":"0x7435ed30a8b4aeb0877cef0c6e8cffe834eb865f","gas":"0x0","input":"0x","to":"0x14e46043e63d0e3cdcf2530519f4cfaf35058cb2","value":"0x1"},"blockHash":"0xe6d9078b4964bc1b329fb12242254e21cf88ffa9a88058e515d6e79f7d8fce0d","blockNumber":45,"result":{"gasUsed":"0x0","output":"0x"},"subtraces":0,"traceAddress":[],"transactionHash":"0x07782b90d866d9c854fc70a3609e69f378a7d392a61f7cd712136d79e3f98a6f","transactionPosition":1,"type":"call"},{"action":{"author":"0x0000000000000000000000000000000000000000","rewardType":"block","value":"0x0"},"blockHash":"0xe6d9078b4964bc1b329fb12242254e21cf88ffa9a88058e515d6e79f7d8fce0d","blockNumber":45,"result":null,"subtraces":0,"traceAddress":[],"transactionHash":null,"transactionPosition":null,"type":"reward"},{"action":{"callType":"call","from":"0x7435ed30a8b4aeb0877cef0c6e8cffe834eb865f","gas":"0x13488","input":"0x01","to":"0x9dcd17433742f4c0ca53122ab541d0ba67fc27d3","value":"0x0"},"blockHash":"0x5b3627e612c821267b54826693cfde431298fd7cdb8f8ec6ea90d952c494e7e8","blockNumber":46,"error":"Reverted","revertReason":"0x08c379a00000000000000000000000000000000000000000000000000000000000000020000000000000000000000000000000000000000000000000000000000000000a75736572206572726f72","subtraces":0,"traceAddress":[],"transactionHash":"0x6992fed2b2fc6c77cb7ffc2a1351d8e5dadf08cf2736fb6d1a0ed5786f3d5206","transactionPosition":0,"type":"call"},{"action":{"callType":"call","from":"0x7435ed30a8b4aeb0877cef0c6e8cffe834eb865f","gas":"0x8d5b8","input":"0x","to":"0x9dcd17433742f4c0ca53122ab541d0ba67fc27d0","value":"0x0"},"blockHash":"0x5b3627e612c821267b54826693cfde431298fd7cdb8f8ec6ea90d952c494e7e8","blockNumber":46,"result":{"gasUsed":"0x1fc63","output":"0xffee"},"subtraces":7,"traceAddress":[],"transactionHash":"0x64b5f6ae3b44a9623caeecbb78c9cf65f9a23781c585d75642e8f52b71bc1599","transactionPosition":1,"type":"call"},{"action":{"callType":"call","from":"0x9dcd17433742f4c0ca53122ab541d0ba67fc27d0","gas":"0xf35c","input":"0xff01","to":"0x9dcd17433742f4c0ca53122ab541d0ba67fc27d1","value":"0x1"},"blockHash":"0x5b3627e612c821267b54826693cfde431298fd7cdb8f8ec6ea90d952c494e7e8","blockNumber":46,"result":{"gasUsed":"0x48","output":"0xffee"},"subtraces":0,"traceAddress":[0],"transactionHash":"0x64b5f6ae3b44a9623caeecbb78c9cf65f9a23781c585d75642e8f52b71bc1599","transactionPosition":1,"type":"call"},{"action":{"callType":"call","from":"0x9dcd17433742f4c0ca53122ab541d0ba67fc27d0","gas":"0xea60","input":"0x0000000000000000000000000000000000000000000000000000000000000001","to":"0x9dcd17433742f4c0ca53122ab541d0ba67fc27d3","value":"0x0"},"blockHash":"0x5b3627e612c821267b54826693cfde431298fd7cdb8f8ec6ea90d952c494e7e8","blockNumber":46,"error":"Reverted","subtraces":0,"traceAddress":[1],"transactionHash":"0x64b5f6ae3b44a9623caeecbb78c9cf65f9a23781c585d75642e8f52b71bc1599","transactionPosition":1,"type":"call"},{"action":{"callType":"staticcall","from":"0x9dcd17433742f4c0ca53122ab541d0ba67fc27d0","gas":"0xea60","input":"0x","to":"0x9dcd17433742f4c0ca53122ab541d0ba67fc27d2","value":"0x0"},"blockHash":"0x5b3627e612c821267b54826693cfde431298fd7cdb8f8ec6ea90d952c494e7e8","blockNumber":46,"result":{"gasUsed":"0x7d","output":"0x000000000000000000000000000000000000000000000000000000000000002e000000000000000000000000000000000000000000000000000c72dd9d5e883e0000000000000000000000000000000000000000000000000000000000000000000000000000000000000000000000000000000000000000000000000021650900000000000000000000000000000000000000000000000000000000000000000000000000000000000000007435ed30a8b4aeb0877cef0c6e8cffe834eb865f0000000000000000000000000000000000000000000000000000000000000000"},"subtraces":0,"traceAddress":[2],"transactionHash":"0x64b5f6ae3b44a9623caeecbb78c9cf65f9a23781c585d75642e8f52b71bc1599","transactionPosition":1,"type":"call"},{"action":{"callType":"staticcall","from":"0x9dcd17433742f4c0ca53122ab541d0ba67fc27d0","gas":"0xea60","input":"0x","to":"0x7dcd17433742f4c0ca53122ab541d0ba67fc27df","value":"0x0"},"blockHash":"0x5b3627e612c821267b54826693cfde431298fd7cdb8f8ec6ea90d952c494e7e8","blockNumber":46,"error":"Illegal state change","subtraces":0,"traceAddress":[3],"transactionHash":"0x64b5f6ae3b44a9623caeecbb78c9cf65f9a23781c585d75642e8f52b71bc1599","transactionPosition":1,"type":"call"},{"action":{"callType":"delegatecall","from":"0x9dcd17433742f4c0ca53122ab541d0ba67fc27d0","gas":"0xea60","input":"0x00000000","to":"0x7dcd17433742f4c0ca53122ab541d0ba67fc27df","value":"0x0"},"blockHash":"0x5b3627e612c821267b54826693cfde431298fd7cdb8f8ec6ea90d952c494e7e8","blockNumber":46,"result":{"gasUsed":"0x2cd4","output":"0x"},"subtraces":0,"traceAddress":[4],"transactionHash":"0x64b5f6ae3b44a9623caeecbb78c9cf65f9a23781c585d75642e8f52b71bc1599","transactionPosition":1,"type":"call"},{"action":{"callType":"callcode","from":"0x9dcd17433742f4c0ca53122ab541d0ba67fc27d0","gas":"0xea60","input":"0xff01","to":"0x9dcd17433742f4c0ca53122ab541d0ba67fc27d1","value":"0x0"},"blockHash":"0x5b3627e612c821267b54826693cfde431298fd7cdb8f8ec6ea90d952c494e7e8","blockNumber":46,"result":{"gasUsed":"0x48","output":"0xffee"},"subtraces":0,"traceAddress":[5],"transactionHash":"0x64b5f6ae3b44a9623caeecbb78c9cf65f9a23781c585d75642e8f52b71bc1599","transactionPosition":1,"type":"call"},{"action":{"creationMethod":"create","from":"0x9dcd17433742f4c0ca53122ab541d0ba67fc27d0","gas":"0x6d70b","init":"0x5b646368696c6460006000a133ff","value":"0x0"},"blockHash":"0x5b3627e612c821267b54826693cfde431298fd7cdb8f8ec6ea90d952c494e7e8","blockNumber":46,"result":{"address":"0x9ee5c90ad0a83dd07800c64adb87c584092f8e37","gasUsed":"0x1682","output":"0x"},"subtraces":1,"traceAddress":[6],"transactionHash":"0x64b5f6ae3b44a9623caeecbb78c9cf65f9a23781c585d75642e8f52b71bc1599","transactionPosition":1,"type":"create"},{"action":{"address":"0x9ee5c90ad0a83dd07800c64adb87c584092f8e37","balance":"0x0","refundAddress":"0x9dcd17433742f4c0ca53122ab541d0ba67fc27d0"},"blockHash":"0x5b3627e612c821267b54826693cfde431298fd7cdb8f8ec6ea90d952c494e7e8","blockNumber":46,"result":null,"subtraces":0,"traceAddress":[6,0],"transactionHash":"0x64b5f6ae3b44a9623caeecbb78c9cf65f9a23781c585d75642e8f52b71bc1599","transactionPosition":1,"type":"suicide"},{"action":{"callType":"call","from":"0x7435ed30a8b4aeb0877cef0c6e8cffe834eb865f","gas":"0x11ba0","input":"0x515a531d2825dec2656d6974","to":"0x7dcd17433742f4c0ca53122ab541d0ba67fc27df","value":"0x2"},"blockHash":"0x5b3627e612c821267b54826693cfde431298fd7cdb8f8ec6ea90d952c494e7e8","blockNumber":46,"result":{"gasUsed":"0x5f9c","output":"0x"},"subtraces":0,"traceAddress":[],"transactionHash":"0x2cd66c5f92f7f966a3ae2e79fa501284a5da51a3d9d233159854d17c427b1441","transactionPosition":2,"type":"call"},{"action":{"author":"0x0000000000000000000000000000000000000000","rewardType":"block","value":"0x0"},"blockHash":"0x5b3627e612c821267b54826693cfde431298fd7cdb8f8ec6ea90d952c494e7e8","blockNumber":46,"result":null,"subtraces":0,"traceAddress":[],"transactionHash":null,"transactionPosition":null,"type":"reward"},{"action":{"callType":"call","from":"0x7435ed30a8b4aeb0877cef0c6e8cffe834eb865f","gas":"0x11ba0","input":"0xea41c6626bd2d71a656d6974","to":"0x7dcd17433742f4c0ca53122ab541d0ba67fc27df","value":"0x2"},"blockHash":"0xaede89efdac80ce5f55b93ee934eddc67b5c8a4282b18a86ca635d69234301f3","blockNumber":47,"result":{"gasUsed":"0x5f9c","output":"0x"},"subtraces":0,"traceAddress":[],"transactionHash":"0xc81daa5f275b0b347590ec8558e530da183a7ff86c377221a59c96faf5bea12c","transactionPosition":0,"type":"call"},{"action":{"callType":"call","from":"0x7435ed30a8b4aeb0877cef0c6e8cffe834eb865f","gas":"0x11ba0","input":"0x65682bc386966217656d6974","to":"0x7dcd17433742f4c0ca53122ab541d0ba67fc27df","value":"0x3"},"blockHash":"0xaede89efdac80ce5f55b93ee934eddc67b5c8a4282b18a86ca635d69234301f3","blockNumber":47,"result":{"gasUsed":"0x5f9c","output":"0x"},"subtraces":0,"traceAddress":[],"transactionHash":"0x1d37878b27d1e686d15b99cb406684e3c50be2fb0cadce5daee795b48c2003bb","transactionPosition":1,"type":"call"},{"action":{"callType":"call","from":"0x7435ed30a8b4aeb0877cef0c6e8cffe834eb865f","gas":"0x133d8","input":"0x156e2b9e3a273c7b656d6974","to":"0x7dcd17433742f4c0ca53122ab541d0ba67fc27df","value":"0x2"},"blockHash":"0xaede89efdac80ce5f55b93ee934eddc67b5c8a4282b18a86ca635d69234301f3","blockNumber":47,"result":{"gasUsed":"0x6fa0","output":"0x"},"subtraces":0,"traceAddress":[],"transactionHash":"0x62f97493d38267cf7b80fd4e9a048bb77cceed36ac0ddd1072736cff48915821","transactionPosition":2,"type":"call"},{"action":{"author":"0x0000000000000000000000000000000000000000","rewardType":"block","value":"0x0"},"blockHash":"0xaede89efdac80ce5f55b93ee934eddc67b5c8a4282b18a86ca635d69234301f3","blockNumber":47,"result":null,"subtraces":0,"traceAddress":[],"transactionHash":null,"transactionPosition":null,"type":"reward"},{"action":{"callType":"call","from":"0x7435ed30a8b4aeb0877cef0c6e8cffe834eb865f","gas":"0x0","input":"0x","to":"0x83c7e323d189f18725ac510004fdc2941f8c4a78","value":"0x1"},"blockHash":"0xf0b1510b2a9c8d4c4bd1ff2c578ddbffc04741aa06b3cc8680a343741ef15e84","blockNumber":48,"result":{"gasUsed":"0x0","output":"0x"},"subtraces":0,"traceAddress":[],"transactionHash":"0x8e96b39ab5e268215283ab40d65139edc6f281f4d79444b6b0a87861c5f8a1d5","transactionPosition":0,"type":"call"},{"action":{"callType":"call","from":"0x7435ed30a8b4aeb0877cef0c6e8cffe834eb865f","gas":"0x0","input":"0x","to":"0x2d389075be5be9f2246ad654ce152cf05990b209","value":"0x1"},"blockHash":"0xf0b1510b2a9c8d4c4bd1ff2c578ddbffc04741aa06b3cc8680a343741ef15e84","blockNumber":48,"result":{"gasUsed":"0x0","output":"0x"},"subtraces":0,"traceAddress":[],"transactionHash":"0x7045e365111563c3f68594c54d9c4d7e3445f0cfc9671f68e8a0122f849f3f18","transactionPosition":1,"type":"call"},{"action":{"callType":"call","from":"0x7435ed30a8b4aeb0877cef0c6e8cffe834eb865f","gas":"0x0","input":"0x","to":"0x3ae75c08b4c907eb63a8960c45b86e1e9ab6123c","value":"0x1"},"blockHash":"0xf0b1510b2a9c8d4c4bd1ff2c578ddbffc04741aa06b3cc8680a343741ef15e84","blockNumber":48,"result":{"gasUsed":"0x0","output":"0x"},"subtraces":0,"traceAddress":[],"transactionHash":"0xbe7d79a54b361c1515802fdf8e3843694b3a93350a9097b84c5582686c77163c","transactionPosition":2,"type":"call"},{"action":{"author":"0x0000000000000000000000000000000000000000","rewardType":"block","value":"0x0"},"blockHash":"0xf0b1510b2a9c8d4c4bd1ff2c578ddbffc04741aa06b3cc8680a343741ef15e84","blockNumber":48,"result":null,"subtraces":0,"traceAddress":[],"transactionHash":null,"transactionPosition":null,"type":"reward"}]}
response differs from expected (-- client, ++ test):
{
  "id": 1,
  "jsonrpc": "2.0",
  "result": -- [] ++ {}
}
>>  {"jsonrpc": "2.0", "id": 1, "method": "eth_getBlockByNumber", "params": ["0x30", false]}
<<  {"jsonrpc":"2.0","id":1,"result":{"number":"0x30","hash":"0xf0b1510b2a9c8d4c4bd1ff2c578ddbffc04741aa06b3cc8680a343741ef15e84","mixHash":"0x0000000000000000000000000000000000000000000000000000000000000000","parentHash":"0xaede89efdac80ce5f55b93ee934eddc67b5c8a4282b18a86ca635d69234301f3","nonce":"0x0000000000000000","sha3Uncles":"0x1dcc4de8dec75d7aab85b567b6ccd41ad312451b948a7413f0a142fd40d49347","logsBloom":"0x00000000000000000000000000000000000000000000000000000000000000000000000000000000000000000000000000000000000000000000000000000000000000000000000000000000000000000000000000000000000000000000000000000000000000000000000000000000000000000000000000000000000000000000000000000000000000000000000000000000000000000000000000000000000000000000000000000000000000000000000000000000000000000000000000000000000000000000000000000000000000000000000000000000000000000000000000000000000000000000000000000000000000000000000000000000","transactionsRoot":"0x3d96f46f0efae36059fcba93396d90ed19260e009e9dac0057a1d87e66dc17d0","stateRoot":"0xbce840ac9806ecb3d791bf55bfcfa9460ff3275996aff265fc75e2a2f3efdb26","receiptsRoot":"0x4b7fefa97a453e0ee0cea1d51ca4ab3729f3a2a6a8388a5a3b13765eec3720b7","miner":"0x0000000000000000000000000000000000000000","difficulty":"0x0","extraData":"0x","baseFeePerGas":"0x199876","size":"0x3b8","gasLimit":"0x5f5e100","gasUsed":"0xf618","timestamp":"0x1e0","uncles":[],"transactions":["0x8e96b39ab5e268215283ab40d65139edc6f281f4d79444b6b0a87861c5f8a1d5","0x7045e365111563c3f68594c54d9c4d7e3445f0cfc9671f68e8a0122f849f3f18","0xbe7d79a54b361c1515802fdf8e3843694b3a93350a9097b84c5582686c77163c"],"withdrawalsRoot":"0x56e81f171bcc55a6ff8345e692c0f86e5b48e01b996cadc001622fb5e363b421","withdrawals":[],"requestsHash":"0xe3b0c44298fc1c149afbf4c8996fb92427ae41e4649b934ca495991b7852b855","blobGasUsed":"0x0","excessBlobGas":"0x0","parentBeaconBlockRoot":"0x5b5b49487967b3b60bd859ba2fb13290c6eaf67e97e9f9f9dda935c08564b5f6"}}
response differs from expected (-- client, ++ test):
{
  "id": 1,
  "jsonrpc": "2.0",
  "result": {
    -- "baseFeePerGas": "0x199876",
    -- "blobGasUsed": "0x0",
    ++ "capture_only": true,
    -- "difficulty": "0x0",
    -- "excessBlobGas": "0x0",
    -- "extraData": "0x",
    -- "gasLimit": "0x5f5e100",
    -- "gasUsed": "0xf618",
    -- "hash": "0xf0b1510b2a9c8d4c4bd1ff2c578ddbffc04741aa06b3cc8680a343741ef15e84",
    -- "logsBloom": "0x00000000000000000000000000000000000000000000000000000000000000000000000000000000000000000000000000000000000000000000000000000000000000000000000000000000000000000000000000000000000000000000000000000000000000000000000000000000000000000000000000000000000000000000000000000000000000000000000000000000000000000000000000000000000000000000000000000000000000000000000000000000000000000000000000000000000000000000000000000000000000000000000000000000000000000000000000000000000000000000000000000000000000000000000000000000",
    -- "miner": "0x0000000000000000000000000000000000000000",
    -- "mixHash": "0x0000000000000000000000000000000000000000000000000000000000000000",
    -- "nonce": "0x0000000000000000",
    -- "number": "0x30",
    -- "parentBeaconBlockRoot": "0x5b5b49487967b3b60bd859ba2fb13290c6eaf67e97e9f9f9dda935c08564b5f6",
    -- "parentHash": "0xaede89efdac80ce5f55b93ee934eddc67b5c8a4282b18a86ca635d69234301f3",
    -- "receiptsRoot": "0x4b7fefa97a453e0ee0cea1d51ca4ab3729f3a2a6a8388a5a3b13765eec3720b7",
    -- "requestsHash": "0xe3b0c44298fc1c149afbf4c8996fb92427ae41e4649b934ca495991b7852b855",
    -- "sha3Uncles": "0x1dcc4de8dec75d7aab85b567b6ccd41ad312451b948a7413f0a142fd40d49347",
    -- "size": "0x3b8",
    -- "stateRoot": "0xbce840ac9806ecb3d791bf55bfcfa9460ff3275996aff265fc75e2a2f3efdb26",
    -- "timestamp": "0x1e0",
    -- "transactions": [
      -- "0x8e96b39ab5e268215283ab40d65139edc6f281f4d79444b6b0a87861c5f8a1d5",
      -- "0x7045e365111563c3f68594c54d9c4d7e3445f0cfc9671f68e8a0122f849f3f18",
      -- "0xbe7d79a54b361c1515802fdf8e3843694b3a93350a9097b84c5582686c77163c"
    -- ],
    -- "transactionsRoot": "0x3d96f46f0efae36059fcba93396d90ed19260e009e9dac0057a1d87e66dc17d0",
    -- "uncles": [],
    -- "withdrawals": [],
    -- "withdrawalsRoot": "0x56e81f171bcc55a6ff8345e692c0f86e5b48e01b996cadc001622fb5e363b421"
  }
}
>>  {"jsonrpc": "2.0", "id": 1, "method": "eth_blockNumber", "params": []}
<<  {"jsonrpc":"2.0","id":1,"result":"0x30"}
response differs from expected (-- client, ++ test):
{
  "id": 1,
  "jsonrpc": "2.0",
  "result": -- "0x30" ++ {}
}
>>  {"jsonrpc": "2.0", "id": 1, "method": "eth_getTransactionReceipt", "params": ["0xe4a4bd6a4fad4df86c1222128b9d79a1dd0686cf4a0e1d506731482b7266d483"]}
<<  {"jsonrpc":"2.0","id":1,"result":{"blockHash":"0x6cb3089f8b5ff993ed24ed9ccbfa8bae322848d722842e6453576f30029b1434","blockNumber":"0x2a","contractAddress":null,"cumulativeGasUsed":"0x5208","from":"0x7435ed30a8b4aeb0877cef0c6e8cffe834eb865f","gasUsed":"0x5208","effectiveGasPrice":"0x38e4f7","logs":[],"logsBloom":"0x00000000000000000000000000000000000000000000000000000000000000000000000000000000000000000000000000000000000000000000000000000000000000000000000000000000000000000000000000000000000000000000000000000000000000000000000000000000000000000000000000000000000000000000000000000000000000000000000000000000000000000000000000000000000000000000000000000000000000000000000000000000000000000000000000000000000000000000000000000000000000000000000000000000000000000000000000000000000000000000000000000000000000000000000000000000","status":"0x1","to":"0x1f5bde34b4afc686f136c7a3cb6ec376f7357759","transactionHash":"0xe4a4bd6a4fad4df86c1222128b9d79a1dd0686cf4a0e1d506731482b7266d483","transactionIndex":"0x0","type":"0x0"}}
response differs from expected (-- client, ++ test):
{
  "id": 1,
  "jsonrpc": "2.0",
  "result": {
    -- "blockHash": "0x6cb3089f8b5ff993ed24ed9ccbfa8bae322848d722842e6453576f30029b1434",
    -- "blockNumber": "0x2a",
    ++ "capture_only": true,
    -- "contractAddress": null,
    -- "cumulativeGasUsed": "0x5208",
    -- "effectiveGasPrice": "0x38e4f7",
    -- "from": "0x7435ed30a8b4aeb0877cef0c6e8cffe834eb865f",
    -- "gasUsed": "0x5208",
    -- "logs": [],
    -- "logsBloom": "0x00000000000000000000000000000000000000000000000000000000000000000000000000000000000000000000000000000000000000000000000000000000000000000000000000000000000000000000000000000000000000000000000000000000000000000000000000000000000000000000000000000000000000000000000000000000000000000000000000000000000000000000000000000000000000000000000000000000000000000000000000000000000000000000000000000000000000000000000000000000000000000000000000000000000000000000000000000000000000000000000000000000000000000000000000000000",
    -- "status": "0x1",
    -- "to": "0x1f5bde34b4afc686f136c7a3cb6ec376f7357759",
    -- "transactionHash": "0xe4a4bd6a4fad4df86c1222128b9d79a1dd0686cf4a0e1d506731482b7266d483",
    -- "transactionIndex": "0x0",
    -- "type": "0x0"
  }
}
sending engine_forkchoiceUpdatedV3: [map[finalizedBlockHash:0x9901db3a31e7004c45911fca4480b7dce86a4baeab819eb4959d7316f687d54c headBlockHash:0xf0b1510b2a9c8d4c4bd1ff2c578ddbffc04741aa06b3cc8680a343741ef15e84 safeBlockHash:0x9901db3a31e7004c45911fca4480b7dce86a4baeab819eb4959d7316f687d54c] <nil>]
response: map[payloadId:<nil> payloadStatus:map[latestValidHash:0xf0b1510b2a9c8d4c4bd1ff2c578ddbffc04741aa06b3cc8680a343741ef15e84 status:VALID validationError:<nil>]]
>>  {"jsonrpc": "2.0", "id": 1, "method": "eth_getBlockByNumber", "params": ["0x30", false]}
<<  {"jsonrpc":"2.0","id":1,"result":{"number":"0x30","hash":"0xf0b1510b2a9c8d4c4bd1ff2c578ddbffc04741aa06b3cc8680a343741ef15e84","parentHash":"0xaede89efdac80ce5f55b93ee934eddc67b5c8a4282b18a86ca635d69234301f3","nonce":"0x0000000000000000","mixHash":"0x0000000000000000000000000000000000000000000000000000000000000000","sha3Uncles":"0x1dcc4de8dec75d7aab85b567b6ccd41ad312451b948a7413f0a142fd40d49347","logsBloom":"0x00000000000000000000000000000000000000000000000000000000000000000000000000000000000000000000000000000000000000000000000000000000000000000000000000000000000000000000000000000000000000000000000000000000000000000000000000000000000000000000000000000000000000000000000000000000000000000000000000000000000000000000000000000000000000000000000000000000000000000000000000000000000000000000000000000000000000000000000000000000000000000000000000000000000000000000000000000000000000000000000000000000000000000000000000000000","stateRoot":"0xbce840ac9806ecb3d791bf55bfcfa9460ff3275996aff265fc75e2a2f3efdb26","miner":"0x0000000000000000000000000000000000000000","difficulty":"0x0","extraData":"0x","gasLimit":"0x5f5e100","gasUsed":"0xf618","timestamp":"0x1e0","transactionsRoot":"0x3d96f46f0efae36059fcba93396d90ed19260e009e9dac0057a1d87e66dc17d0","receiptsRoot":"0x4b7fefa97a453e0ee0cea1d51ca4ab3729f3a2a6a8388a5a3b13765eec3720b7","baseFeePerGas":"0x199876","withdrawalsRoot":"0x56e81f171bcc55a6ff8345e692c0f86e5b48e01b996cadc001622fb5e363b421","blobGasUsed":"0x0","excessBlobGas":"0x0","parentBeaconBlockRoot":"0x5b5b49487967b3b60bd859ba2fb13290c6eaf67e97e9f9f9dda935c08564b5f6","requestsHash":"0xe3b0c44298fc1c149afbf4c8996fb92427ae41e4649b934ca495991b7852b855","size":"0x3b8","transactions":["0x8e96b39ab5e268215283ab40d65139edc6f281f4d79444b6b0a87861c5f8a1d5","0x7045e365111563c3f68594c54d9c4d7e3445f0cfc9671f68e8a0122f849f3f18","0xbe7d79a54b361c1515802fdf8e3843694b3a93350a9097b84c5582686c77163c"],"uncles":[],"withdrawals":[]}}
response differs from expected (-- client, ++ test):
{
  "id": 1,
  "jsonrpc": "2.0",
  "result": {
    -- "baseFeePerGas": "0x199876",
    -- "blobGasUsed": "0x0",
    ++ "capture_only": true,
    -- "difficulty": "0x0",
    -- "excessBlobGas": "0x0",
    -- "extraData": "0x",
    -- "gasLimit": "0x5f5e100",
    -- "gasUsed": "0xf618",
    -- "hash": "0xf0b1510b2a9c8d4c4bd1ff2c578ddbffc04741aa06b3cc8680a343741ef15e84",
    -- "logsBloom": "0x00000000000000000000000000000000000000000000000000000000000000000000000000000000000000000000000000000000000000000000000000000000000000000000000000000000000000000000000000000000000000000000000000000000000000000000000000000000000000000000000000000000000000000000000000000000000000000000000000000000000000000000000000000000000000000000000000000000000000000000000000000000000000000000000000000000000000000000000000000000000000000000000000000000000000000000000000000000000000000000000000000000000000000000000000000000",
    -- "miner": "0x0000000000000000000000000000000000000000",
    -- "mixHash": "0x0000000000000000000000000000000000000000000000000000000000000000",
    -- "nonce": "0x0000000000000000",
    -- "number": "0x30",
    -- "parentBeaconBlockRoot": "0x5b5b49487967b3b60bd859ba2fb13290c6eaf67e97e9f9f9dda935c08564b5f6",
    -- "parentHash": "0xaede89efdac80ce5f55b93ee934eddc67b5c8a4282b18a86ca635d69234301f3",
    -- "receiptsRoot": "0x4b7fefa97a453e0ee0cea1d51ca4ab3729f3a2a6a8388a5a3b13765eec3720b7",
    -- "requestsHash": "0xe3b0c44298fc1c149afbf4c8996fb92427ae41e4649b934ca495991b7852b855",
    -- "sha3Uncles": "0x1dcc4de8dec75d7aab85b567b6ccd41ad312451b948a7413f0a142fd40d49347",
    -- "size": "0x3b8",
    -- "stateRoot": "0xbce840ac9806ecb3d791bf55bfcfa9460ff3275996aff265fc75e2a2f3efdb26",
    -- "timestamp": "0x1e0",
    -- "transactions": [
      -- "0x8e96b39ab5e268215283ab40d65139edc6f281f4d79444b6b0a87861c5f8a1d5",
      -- "0x7045e365111563c3f68594c54d9c4d7e3445f0cfc9671f68e8a0122f849f3f18",
      -- "0xbe7d79a54b361c1515802fdf8e3843694b3a93350a9097b84c5582686c77163c"
    -- ],
    -- "transactionsRoot": "0x3d96f46f0efae36059fcba93396d90ed19260e009e9dac0057a1d87e66dc17d0",
    -- "uncles": [],
    -- "withdrawals": [],
    -- "withdrawalsRoot": "0x56e81f171bcc55a6ff8345e692c0f86e5b48e01b996cadc001622fb5e363b421"
  }
}
>>  {"jsonrpc": "2.0", "id": 1, "method": "eth_getBlockByNumber", "params": ["latest", false]}
<<  {"jsonrpc":"2.0","id":1,"result":{"number":"0x30","hash":"0xf0b1510b2a9c8d4c4bd1ff2c578ddbffc04741aa06b3cc8680a343741ef15e84","parentHash":"0xaede89efdac80ce5f55b93ee934eddc67b5c8a4282b18a86ca635d69234301f3","nonce":"0x0000000000000000","mixHash":"0x0000000000000000000000000000000000000000000000000000000000000000","sha3Uncles":"0x1dcc4de8dec75d7aab85b567b6ccd41ad312451b948a7413f0a142fd40d49347","logsBloom":"0x00000000000000000000000000000000000000000000000000000000000000000000000000000000000000000000000000000000000000000000000000000000000000000000000000000000000000000000000000000000000000000000000000000000000000000000000000000000000000000000000000000000000000000000000000000000000000000000000000000000000000000000000000000000000000000000000000000000000000000000000000000000000000000000000000000000000000000000000000000000000000000000000000000000000000000000000000000000000000000000000000000000000000000000000000000000","stateRoot":"0xbce840ac9806ecb3d791bf55bfcfa9460ff3275996aff265fc75e2a2f3efdb26","miner":"0x0000000000000000000000000000000000000000","difficulty":"0x0","extraData":"0x","gasLimit":"0x5f5e100","gasUsed":"0xf618","timestamp":"0x1e0","transactionsRoot":"0x3d96f46f0efae36059fcba93396d90ed19260e009e9dac0057a1d87e66dc17d0","receiptsRoot":"0x4b7fefa97a453e0ee0cea1d51ca4ab3729f3a2a6a8388a5a3b13765eec3720b7","baseFeePerGas":"0x199876","withdrawalsRoot":"0x56e81f171bcc55a6ff8345e692c0f86e5b48e01b996cadc001622fb5e363b421","blobGasUsed":"0x0","excessBlobGas":"0x0","parentBeaconBlockRoot":"0x5b5b49487967b3b60bd859ba2fb13290c6eaf67e97e9f9f9dda935c08564b5f6","requestsHash":"0xe3b0c44298fc1c149afbf4c8996fb92427ae41e4649b934ca495991b7852b855","size":"0x3b8","transactions":["0x8e96b39ab5e268215283ab40d65139edc6f281f4d79444b6b0a87861c5f8a1d5","0x7045e365111563c3f68594c54d9c4d7e3445f0cfc9671f68e8a0122f849f3f18","0xbe7d79a54b361c1515802fdf8e3843694b3a93350a9097b84c5582686c77163c"],"uncles":[],"withdrawals":[]}}
response differs from expected (-- client, ++ test):
{
  "id": 1,
  "jsonrpc": "2.0",
  "result": {
    -- "baseFeePerGas": "0x199876",
    -- "blobGasUsed": "0x0",
    ++ "capture_only": true,
    -- "difficulty": "0x0",
    -- "excessBlobGas": "0x0",
    -- "extraData": "0x",
    -- "gasLimit": "0x5f5e100",
    -- "gasUsed": "0xf618",
    -- "hash": "0xf0b1510b2a9c8d4c4bd1ff2c578ddbffc04741aa06b3cc8680a343741ef15e84",
    -- "logsBloom": "0x00000000000000000000000000000000000000000000000000000000000000000000000000000000000000000000000000000000000000000000000000000000000000000000000000000000000000000000000000000000000000000000000000000000000000000000000000000000000000000000000000000000000000000000000000000000000000000000000000000000000000000000000000000000000000000000000000000000000000000000000000000000000000000000000000000000000000000000000000000000000000000000000000000000000000000000000000000000000000000000000000000000000000000000000000000000",
    -- "miner": "0x0000000000000000000000000000000000000000",
    -- "mixHash": "0x0000000000000000000000000000000000000000000000000000000000000000",
    -- "nonce": "0x0000000000000000",
    -- "number": "0x30",
    -- "parentBeaconBlockRoot": "0x5b5b49487967b3b60bd859ba2fb13290c6eaf67e97e9f9f9dda935c08564b5f6",
    -- "parentHash": "0xaede89efdac80ce5f55b93ee934eddc67b5c8a4282b18a86ca635d69234301f3",
    -- "receiptsRoot": "0x4b7fefa97a453e0ee0cea1d51ca4ab3729f3a2a6a8388a5a3b13765eec3720b7",
    -- "requestsHash": "0xe3b0c44298fc1c149afbf4c8996fb92427ae41e4649b934ca495991b7852b855",
    -- "sha3Uncles": "0x1dcc4de8dec75d7aab85b567b6ccd41ad312451b948a7413f0a142fd40d49347",
    -- "size": "0x3b8",
    -- "stateRoot": "0xbce840ac9806ecb3d791bf55bfcfa9460ff3275996aff265fc75e2a2f3efdb26",
    -- "timestamp": "0x1e0",
    -- "transactions": [
      -- "0x8e96b39ab5e268215283ab40d65139edc6f281f4d79444b6b0a87861c5f8a1d5",
      -- "0x7045e365111563c3f68594c54d9c4d7e3445f0cfc9671f68e8a0122f849f3f18",
      -- "0xbe7d79a54b361c1515802fdf8e3843694b3a93350a9097b84c5582686c77163c"
    -- ],
    -- "transactionsRoot": "0x3d96f46f0efae36059fcba93396d90ed19260e009e9dac0057a1d87e66dc17d0",
    -- "uncles": [],
    -- "withdrawals": [],
    -- "withdrawalsRoot": "0x56e81f171bcc55a6ff8345e692c0f86e5b48e01b996cadc001622fb5e363b421"
  }
}
>>  {"jsonrpc": "2.0", "id": 1, "method": "web3_clientVersion", "params": []}
<<  {"jsonrpc":"2.0","id":1,"result":"erigon/3.8.0/linux-amd64/go1.27.1"}
response differs from expected (-- client, ++ test):
{
  "id": 1,
  "jsonrpc": "2.0",
  "result": -- "erigon/3.8.0/linux-amd64/go1.27.1" ++ {}
}
>>  {"jsonrpc": "2.0", "id": 1, "method": "trace_block", "params": ["0x2d"]}
<<  {"jsonrpc":"2.0","id":1,"result":[{"action":{"from":"0x7435ed30a8b4aeb0877cef0c6e8cffe834eb865f","callType":"call","gas":"0x0","input":"0x","to":"0x16c57edf7fa9d9525378b0b81bf8a3ced0620c1c","value":"0x1"},"blockHash":"0xe6d9078b4964bc1b329fb12242254e21cf88ffa9a88058e515d6e79f7d8fce0d","blockNumber":45,"result":{"gasUsed":"0x0","output":"0x"},"subtraces":0,"traceAddress":[],"transactionHash":"0x8d872ca87b7f1343eab260d3f69260e8efde5dcf5532a23c18e1c25cadaa2df7","transactionPosition":0,"type":"call"},{"action":{"from":"0x7435ed30a8b4aeb0877cef0c6e8cffe834eb865f","callType":"call","gas":"0x0","input":"0x","to":"0x14e46043e63d0e3cdcf2530519f4cfaf35058cb2","value":"0x1"},"blockHash":"0xe6d9078b4964bc1b329fb12242254e21cf88ffa9a88058e515d6e79f7d8fce0d","blockNumber":45,"result":{"gasUsed":"0x0","output":"0x"},"subtraces":0,"traceAddress":[],"transactionHash":"0x07782b90d866d9c854fc70a3609e69f378a7d392a61f7cd712136d79e3f98a6f","transactionPosition":1,"type":"call"}]}
response differs from expected (-- client, ++ test):
{
  "id": 1,
  "jsonrpc": "2.0",
  "result": -- [] ++ {}
}
>>  {"jsonrpc": "2.0", "id": 1, "method": "trace_filter", "params": [{"fromBlock": "0x28", "toBlock": "0x30"}]}
<<  {"jsonrpc":"2.0","id":1,"result":[{"action":{"from":"0x7435ed30a8b4aeb0877cef0c6e8cffe834eb865f","callType":"call","gas":"0x11ba0","input":"0x036464a71961a53a656d6974","to":"0x7dcd17433742f4c0ca53122ab541d0ba67fc27df","value":"0x2"},"blockHash":"0xfc2b688f6d286950eff2cf6f1b10a6bf63e92a20fcdf8db7377ef647b154eb52","blockNumber":40,"result":{"gasUsed":"0x5f9c","output":"0x"},"subtraces":0,"traceAddress":[],"transactionHash":"0x0efc1e4671e41e768fa107ecf72ab35e03d5a8b7e3f5bbe29cb28dc1eea265a2","transactionPosition":0,"type":"call"},{"action":{"from":"0x7435ed30a8b4aeb0877cef0c6e8cffe834eb865f","callType":"call","gas":"0x11ba0","input":"0x9ec58f808778768f656d6974","to":"0x7dcd17433742f4c0ca53122ab541d0ba67fc27df","value":"0x2"},"blockHash":"0xfc2b688f6d286950eff2cf6f1b10a6bf63e92a20fcdf8db7377ef647b154eb52","blockNumber":40,"result":{"gasUsed":"0x5f9c","output":"0x"},"subtraces":0,"traceAddress":[],"transactionHash":"0x1942a6223310f991ab036dccb28259dd634e39e08152d383afc422481e5ab2c2","transactionPosition":1,"type":"call"},{"action":{"from":"0x7435ed30a8b4aeb0877cef0c6e8cffe834eb865f","callType":"call","gas":"0x11ba0","input":"0xcd417355d4039279656d6974","to":"0x7dcd17433742f4c0ca53122ab541d0ba67fc27df","value":"0x3"},"blockHash":"0xfc2b688f6d286950eff2cf6f1b10a6bf63e92a20fcdf8db7377ef647b154eb52","blockNumber":40,"result":{"gasUsed":"0x5f9c","output":"0x"},"subtraces":0,"traceAddress":[],"transactionHash":"0xbc3230ca851b7baad39753405e55d96f2124d1e5e8ab9cd76c638bba601423ac","transactionPosition":2,"type":"call"},{"action":{"from":"0x7435ed30a8b4aeb0877cef0c6e8cffe834eb865f","callType":"call","gas":"0x133d8","input":"0x3186f4d423ee1407656d6974","to":"0x7dcd17433742f4c0ca53122ab541d0ba67fc27df","value":"0x2"},"blockHash":"0x9bc6bd9fb238298cb6a4260fc4306ab426b3e2d41607e719dde8c4ca41817da7","blockNumber":41,"result":{"gasUsed":"0x6fa0","output":"0x"},"subtraces":0,"traceAddress":[],"transactionHash":"0x6a2b2c1d5d3bae710fa3c9f79035e0b6b98d65df9cb05e425087c93ce9bf08ed","transactionPosition":0,"type":"call"},{"action":{"from":"0x7435ed30a8b4aeb0877cef0c6e8cffe834eb865f","callType":"call","gas":"0x0","input":"0x","to":"0x717f8aa2b982bee0e29f573d31df288663e1ce16","value":"0x1"},"blockHash":"0x9bc6bd9fb238298cb6a4260fc4306ab426b3e2d41607e719dde8c4ca41817da7","blockNumber":41,"result":{"gasUsed":"0x0","output":"0x"},"subtraces":0,"traceAddress":[],"transactionHash":"0x9249eb130af4bcf26d420f09df8a51f4947e387f9e325e8b223237c9602208a1","transactionPosition":1,"type":"call"},{"action":{"from":"0x7435ed30a8b4aeb0877cef0c6e8cffe834eb865f","callType":"call","gas":"0x0","input":"0x","to":"0x4a0f1452281bcec5bd90c3dce6162a5995bfe9df","value":"0x1"},"blockHash":"0x9bc6bd9fb238298cb6a4260fc4306ab426b3e2d41607e719dde8c4ca41817da7","blockNumber":41,"result":{"gasUsed":"0x0","output":"0x"},"subtraces":0,"traceAddress":[],"transactionHash":"0xbdda348fd5169ff5cc8c761147a64b34ceb2e913d7bf5e8ddf8e497ca3e3460f","transactionPosition":2,"type":"call"},{"action":{"from":"0x7435ed30a8b4aeb0877cef0c6e8cffe834eb865f","callType":"call","gas":"0x0","input":"0x","to":"0x1f5bde34b4afc686f136c7a3cb6ec376f7357759","value":"0x1"},"blockHash":"0x6cb3089f8b5ff993ed24ed9ccbfa8bae322848d722842e6453576f30029b1434","blockNumber":42,"result":{"gasUsed":"0x0","output":"0x"},"subtraces":0,"traceAddress":[],"transactionHash":"0xe4a4bd6a4fad4df86c1222128b9d79a1dd0686cf4a0e1d506731482b7266d483","transactionPosition":0,"type":"call"},{"action":{"from":"0x7435ed30a8b4aeb0877cef0c6e8cffe834eb865f","callType":"call","gas":"0x13488","input":"0x01","to":"0x9dcd17433742f4c0ca53122ab541d0ba67fc27d3","value":"0x0"},"blockHash":"0x6cb3089f8b5ff993ed24ed9ccbfa8bae322848d722842e6453576f30029b1434","blockNumber":42,"error":"Reverted","result":{"gasUsed":"0x889","output":"0x08c379a00000000000000000000000000000000000000000000000000000000000000020000000000000000000000000000000000000000000000000000000000000000a75736572206572726f72"},"subtraces":0,"traceAddress":[],"transactionHash":"0x7a15f2b6b479009c2d8f167dfc8490654348e85aa4968583bab1d4c3c17284bb","transactionPosition":1,"type":"call"},{"action":{"from":"0x7435ed30a8b4aeb0877cef0c6e8cffe834eb865f","callType":"call","gas":"0x8d5b8","input":"0x","to":"0x9dcd17433742f4c0ca53122ab541d0ba67fc27d0","value":"0x0"},"blockHash":"0x22e8e9edaefc674ba389450dc41088e521fb2d33330a72c8b7aa2bf1b2281ffe","blockNumber":43,"result":{"gasUsed":"0x1fc63","output":"0xffee"},"subtraces":7,"traceAddress":[],"transactionHash":"0x651d033b62050d4a32ffb16281c8685790d1233922a4ec2dcd5c6c1a66461226","transactionPosition":0,"type":"call"},{"action":{"from":"0x9dcd17433742f4c0ca53122ab541d0ba67fc27d0","callType":"call","gas":"0xf35c","input":"0xff01","to":"0x9dcd17433742f4c0ca53122ab541d0ba67fc27d1","value":"0x1"},"blockHash":"0x22e8e9edaefc674ba389450dc41088e521fb2d33330a72c8b7aa2bf1b2281ffe","blockNumber":43,"result":{"gasUsed":"0x48","output":"0xffee"},"subtraces":0,"traceAddress":[0],"transactionHash":"0x651d033b62050d4a32ffb16281c8685790d1233922a4ec2dcd5c6c1a66461226","transactionPosition":0,"type":"call"},{"action":{"from":"0x9dcd17433742f4c0ca53122ab541d0ba67fc27d0","callType":"call","gas":"0xea60","input":"0x0000000000000000000000000000000000000000000000000000000000000001","to":"0x9dcd17433742f4c0ca53122ab541d0ba67fc27d3","value":"0x0"},"blockHash":"0x22e8e9edaefc674ba389450dc41088e521fb2d33330a72c8b7aa2bf1b2281ffe","blockNumber":43,"error":"Reverted","result":{"gasUsed":"0x889","output":"0x08c379a00000000000000000000000000000000000000000000000000000000000000020000000000000000000000000000000000000000000000000000000000000000a75736572206572726f72"},"subtraces":0,"traceAddress":[1],"transactionHash":"0x651d033b62050d4a32ffb16281c8685790d1233922a4ec2dcd5c6c1a66461226","transactionPosition":0,"type":"call"},{"action":{"from":"0x9dcd17433742f4c0ca53122ab541d0ba67fc27d0","callType":"staticcall","gas":"0xea60","input":"0x","to":"0x9dcd17433742f4c0ca53122ab541d0ba67fc27d2","value":"0x0"},"blockHash":"0x22e8e9edaefc674ba389450dc41088e521fb2d33330a72c8b7aa2bf1b2281ffe","blockNumber":43,"result":{"gasUsed":"0x7d","output":"0x000000000000000000000000000000000000000000000000000000000000002b000000000000000000000000000000000000000000000000000c72dd9d5e883e0000000000000000000000000000000000000000000000000000000000000000000000000000000000000000000000000000000000000000000000000031c9f400000000000000000000000000000000000000000000000000000000000000000000000000000000000000007435ed30a8b4aeb0877cef0c6e8cffe834eb865f0000000000000000000000000000000000000000000000000000000000000000"},"subtraces":0,"traceAddress":[2],"transactionHash":"0x651d033b62050d4a32ffb16281c8685790d1233922a4ec2dcd5c6c1a66461226","transactionPosition":0,"type":"call"},{"action":{"from":"0x9dcd17433742f4c0ca53122ab541d0ba67fc27d0","callType":"staticcall","gas":"0xea60","input":"0x","to":"0x7dcd17433742f4c0ca53122ab541d0ba67fc27df","value":"0x0"},"blockHash":"0x22e8e9edaefc674ba389450dc41088e521fb2d33330a72c8b7aa2bf1b2281ffe","blockNumber":43,"error":"out of gas: write protection","result":null,"subtraces":0,"traceAddress":[3],"transactionHash":"0x651d033b62050d4a32ffb16281c8685790d1233922a4ec2dcd5c6c1a66461226","transactionPosition":0,"type":"call"},{"action":{"from":"0x9dcd17433742f4c0ca53122ab541d0ba67fc27d0","callType":"delegatecall","gas":"0xea60","input":"0x00000000","to":"0x7dcd17433742f4c0ca53122ab541d0ba67fc27df","value":"0x0"},"blockHash":"0x22e8e9edaefc674ba389450dc41088e521fb2d33330a72c8b7aa2bf1b2281ffe","blockNumber":43,"result":{"gasUsed":"0x2cd4","output":"0x"},"subtraces":0,"traceAddress":[4],"transactionHash":"0x651d033b62050d4a32ffb16281c8685790d1233922a4ec2dcd5c6c1a66461226","transactionPosition":0,"type":"call"},{"action":{"from":"0x9dcd17433742f4c0ca53122ab541d0ba67fc27d0","callType":"callcode","gas":"0xea60","input":"0xff01","to":"0x9dcd17433742f4c0ca53122ab541d0ba67fc27d1","value":"0x0"},"blockHash":"0x22e8e9edaefc674ba389450dc41088e521fb2d33330a72c8b7aa2bf1b2281ffe","blockNumber":43,"result":{"gasUsed":"0x48","output":"0xffee"},"subtraces":0,"traceAddress":[5],"transactionHash":"0x651d033b62050d4a32ffb16281c8685790d1233922a4ec2dcd5c6c1a66461226","transactionPosition":0,"type":"call"},{"action":{"from":"0x9dcd17433742f4c0ca53122ab541d0ba67fc27d0","creationMethod":"create","gas":"0x6d70b","init":"0x5b646368696c6460006000a133ff","value":"0x0"},"blockHash":"0x22e8e9edaefc674ba389450dc41088e521fb2d33330a72c8b7aa2bf1b2281ffe","blockNumber":43,"result":{"address":"0x05032e03adbca6d5d04236000a2bbb6b4fec87f5","code":"0x","gasUsed":"0x1682"},"subtraces":1,"traceAddress":[6],"transactionHash":"0x651d033b62050d4a32ffb16281c8685790d1233922a4ec2dcd5c6c1a66461226","transactionPosition":0,"type":"create"},{"action":{"address":"0x05032e03adbca6d5d04236000a2bbb6b4fec87f5","refundAddress":"0x9dcd17433742f4c0ca53122ab541d0ba67fc27d0","balance":"0x0"},"blockHash":"0x22e8e9edaefc674ba389450dc41088e521fb2d33330a72c8b7aa2bf1b2281ffe","blockNumber":43,"result":null,"subtraces":0,"traceAddress":[6,0],"transactionHash":"0x651d033b62050d4a32ffb16281c8685790d1233922a4ec2dcd5c6c1a66461226","transactionPosition":0,"type":"suicide"},{"action":{"from":"0x7435ed30a8b4aeb0877cef0c6e8cffe834eb865f","callType":"call","gas":"0x11ba0","input":"0xebe7a54f122c1cf1656d6974","to":"0x7dcd17433742f4c0ca53122ab541d0ba67fc27df","value":"0x2"},"blockHash":"0x22e8e9edaefc674ba389450dc41088e521fb2d33330a72c8b7aa2bf1b2281ffe","blockNumber":43,"result":{"gasUsed":"0x5f9c","output":"0x"},"subtraces":0,"traceAddress":[],"transactionHash":"0xfa7de1862f93f2da0e1450d833da95e5e04ea7381a471f7388c1e9c92e551deb","transactionPosition":1,"type":"call"},{"action":{"from":"0x7435ed30a8b4aeb0877cef0c6e8cffe834eb865f","callType":"call","gas":"0x11ba0","input":"0xcef26346bf2d1331656d6974","to":"0x7dcd17433742f4c0ca53122ab541d0ba67fc27df","value":"0x2"},"blockHash":"0x22e8e9edaefc674ba389450dc41088e521fb2d33330a72c8b7aa2bf1b2281ffe","blockNumber":43,"result":{"gasUsed":"0x5f9c","output":"0x"},"subtraces":0,"traceAddress":[],"transactionHash":"0x321a8dba67e9c086a4877a6c33c1564471683da311f72005650d102ba847522c","transactionPosition":2,"type":"call"},{"action":{"from":"0x7435ed30a8b4aeb0877cef0c6e8cffe834eb865f","callType":"call","gas":"0x11ba0","input":"0x2276cc05d723a1e7656d6974","to":"0x7dcd17433742f4c0ca53122ab541d0ba67fc27df","value":"0x3"},"blockHash":"0x8ee9c89c042749060aa7225c9568cfbeb4ae658041f42cf5cfa90ef3cbc8c250","blockNumber":44,"result":{"gasUsed":"0x5f9c","output":"0x"},"subtraces":0,"traceAddress":[],"transactionHash":"0x04fd4668ef5f466780ea8c866659e563d8659a626e5de911ea4a687cda38e4b5","transactionPosition":0,"type":"call"},{"action":{"from":"0x7435ed30a8b4aeb0877cef0c6e8cffe834eb865f","callType":"call","gas":"0x133d8","input":"0x7656ae13bace34c5656d6974","to":"0x7dcd17433742f4c0ca53122ab541d0ba67fc27df","value":"0x2"},"blockHash":"0x8ee9c89c042749060aa7225c9568cfbeb4ae658041f42cf5cfa90ef3cbc8c250","blockNumber":44,"result":{"gasUsed":"0x6fa0","output":"0x"},"subtraces":0,"traceAddress":[],"transactionHash":"0x213aa25f0673a954b12f125f001fdfdfc9c4e5ce3f8a5aeb8292f04f5feb15b4","transactionPosition":1,"type":"call"},{"action":{"from":"0x7435ed30a8b4aeb0877cef0c6e8cffe834eb865f","callType":"call","gas":"0x0","input":"0x","to":"0xd803681e487e6ac18053afc5a6cd813c86ec3e4d","value":"0x1"},"blockHash":"0x8ee9c89c042749060aa7225c9568cfbeb4ae658041f42cf5cfa90ef3cbc8c250","blockNumber":44,"result":{"gasUsed":"0x0","output":"0x"},"subtraces":0,"traceAddress":[],"transactionHash":"0x894b329288125359a28bb1e9c07bf6147ed1e1982b0e487a51a0c724d7fa7486","transactionPosition":2,"type":"call"},{"action":{"from":"0x7435ed30a8b4aeb0877cef0c6e8cffe834eb865f","callType":"call","gas":"0x0","input":"0x","to":"0x16c57edf7fa9d9525378b0b81bf8a3ced0620c1c","value":"0x1"},"blockHash":"0xe6d9078b4964bc1b329fb12242254e21cf88ffa9a88058e515d6e79f7d8fce0d","blockNumber":45,"result":{"gasUsed":"0x0","output":"0x"},"subtraces":0,"traceAddress":[],"transactionHash":"0x8d872ca87b7f1343eab260d3f69260e8efde5dcf5532a23c18e1c25cadaa2df7","transactionPosition":0,"type":"call"},{"action":{"from":"0x7435ed30a8b4aeb0877cef0c6e8cffe834eb865f","callType":"call","gas":"0x0","input":"0x","to":"0x14e46043e63d0e3cdcf2530519f4cfaf35058cb2","value":"0x1"},"blockHash":"0xe6d9078b4964bc1b329fb12242254e21cf88ffa9a88058e515d6e79f7d8fce0d","blockNumber":45,"result":{"gasUsed":"0x0","output":"0x"},"subtraces":0,"traceAddress":[],"transactionHash":"0x07782b90d866d9c854fc70a3609e69f378a7d392a61f7cd712136d79e3f98a6f","transactionPosition":1,"type":"call"},{"action":{"from":"0x7435ed30a8b4aeb0877cef0c6e8cffe834eb865f","callType":"call","gas":"0x13488","input":"0x01","to":"0x9dcd17433742f4c0ca53122ab541d0ba67fc27d3","value":"0x0"},"blockHash":"0x5b3627e612c821267b54826693cfde431298fd7cdb8f8ec6ea90d952c494e7e8","blockNumber":46,"error":"Reverted","result":{"gasUsed":"0x889","output":"0x08c379a00000000000000000000000000000000000000000000000000000000000000020000000000000000000000000000000000000000000000000000000000000000a75736572206572726f72"},"subtraces":0,"traceAddress":[],"transactionHash":"0x6992fed2b2fc6c77cb7ffc2a1351d8e5dadf08cf2736fb6d1a0ed5786f3d5206","transactionPosition":0,"type":"call"},{"action":{"from":"0x7435ed30a8b4aeb0877cef0c6e8cffe834eb865f","callType":"call","gas":"0x8d5b8","input":"0x","to":"0x9dcd17433742f4c0ca53122ab541d0ba67fc27d0","value":"0x0"},"blockHash":"0x5b3627e612c821267b54826693cfde431298fd7cdb8f8ec6ea90d952c494e7e8","blockNumber":46,"result":{"gasUsed":"0x1fc63","output":"0xffee"},"subtraces":7,"traceAddress":[],"transactionHash":"0x64b5f6ae3b44a9623caeecbb78c9cf65f9a23781c585d75642e8f52b71bc1599","transactionPosition":1,"type":"call"},{"action":{"from":"0x9dcd17433742f4c0ca53122ab541d0ba67fc27d0","callType":"call","gas":"0xf35c","input":"0xff01","to":"0x9dcd17433742f4c0ca53122ab541d0ba67fc27d1","value":"0x1"},"blockHash":"0x5b3627e612c821267b54826693cfde431298fd7cdb8f8ec6ea90d952c494e7e8","blockNumber":46,"result":{"gasUsed":"0x48","output":"0xffee"},"subtraces":0,"traceAddress":[0],"transactionHash":"0x64b5f6ae3b44a9623caeecbb78c9cf65f9a23781c585d75642e8f52b71bc1599","transactionPosition":1,"type":"call"},{"action":{"from":"0x9dcd17433742f4c0ca53122ab541d0ba67fc27d0","callType":"call","gas":"0xea60","input":"0x0000000000000000000000000000000000000000000000000000000000000001","to":"0x9dcd17433742f4c0ca53122ab541d0ba67fc27d3","value":"0x0"},"blockHash":"0x5b3627e612c821267b54826693cfde431298fd7cdb8f8ec6ea90d952c494e7e8","blockNumber":46,"error":"Reverted","result":{"gasUsed":"0x889","output":"0x08c379a00000000000000000000000000000000000000000000000000000000000000020000000000000000000000000000000000000000000000000000000000000000a75736572206572726f72"},"subtraces":0,"traceAddress":[1],"transactionHash":"0x64b5f6ae3b44a9623caeecbb78c9cf65f9a23781c585d75642e8f52b71bc1599","transactionPosition":1,"type":"call"},{"action":{"from":"0x9dcd17433742f4c0ca53122ab541d0ba67fc27d0","callType":"staticcall","gas":"0xea60","input":"0x","to":"0x9dcd17433742f4c0ca53122ab541d0ba67fc27d2","value":"0x0"},"blockHash":"0x5b3627e612c821267b54826693cfde431298fd7cdb8f8ec6ea90d952c494e7e8","blockNumber":46,"result":{"gasUsed":"0x7d","output":"0x000000000000000000000000000000000000000000000000000000000000002e000000000000000000000000000000000000000000000000000c72dd9d5e883e0000000000000000000000000000000000000000000000000000000000000000000000000000000000000000000000000000000000000000000000000021650900000000000000000000000000000000000000000000000000000000000000000000000000000000000000007435ed30a8b4aeb0877cef0c6e8cffe834eb865f0000000000000000000000000000000000000000000000000000000000000000"},"subtraces":0,"traceAddress":[2],"transactionHash":"0x64b5f6ae3b44a9623caeecbb78c9cf65f9a23781c585d75642e8f52b71bc1599","transactionPosition":1,"type":"call"},{"action":{"from":"0x9dcd17433742f4c0ca53122ab541d0ba67fc27d0","callType":"staticcall","gas":"0xea60","input":"0x","to":"0x7dcd17433742f4c0ca53122ab541d0ba67fc27df","value":"0x0"},"blockHash":"0x5b3627e612c821267b54826693cfde431298fd7cdb8f8ec6ea90d952c494e7e8","blockNumber":46,"error":"out of gas: write protection","result":null,"subtraces":0,"traceAddress":[3],"transactionHash":"0x64b5f6ae3b44a9623caeecbb78c9cf65f9a23781c585d75642e8f52b71bc1599","transactionPosition":1,"type":"call"},{"action":{"from":"0x9dcd17433742f4c0ca53122ab541d0ba67fc27d0","callType":"delegatecall","gas":"0xea60","input":"0x00000000","to":"0x7dcd17433742f4c0ca53122ab541d0ba67fc27df","value":"0x0"},"blockHash":"0x5b3627e612c821267b54826693cfde431298fd7cdb8f8ec6ea90d952c494e7e8","blockNumber":46,"result":{"gasUsed":"0x2cd4","output":"0x"},"subtraces":0,"traceAddress":[4],"transactionHash":"0x64b5f6ae3b44a9623caeecbb78c9cf65f9a23781c585d75642e8f52b71bc1599","transactionPosition":1,"type":"call"},{"action":{"from":"0x9dcd17433742f4c0ca53122ab541d0ba67fc27d0","callType":"callcode","gas":"0xea60","input":"0xff01","to":"0x9dcd17433742f4c0ca53122ab541d0ba67fc27d1","value":"0x0"},"blockHash":"0x5b3627e612c821267b54826693cfde431298fd7cdb8f8ec6ea90d952c494e7e8","blockNumber":46,"result":{"gasUsed":"0x48","output":"0xffee"},"subtraces":0,"traceAddress":[5],"transactionHash":"0x64b5f6ae3b44a9623caeecbb78c9cf65f9a23781c585d75642e8f52b71bc1599","transactionPosition":1,"type":"call"},{"action":{"from":"0x9dcd17433742f4c0ca53122ab541d0ba67fc27d0","creationMethod":"create","gas":"0x6d70b","init":"0x5b646368696c6460006000a133ff","value":"0x0"},"blockHash":"0x5b3627e612c821267b54826693cfde431298fd7cdb8f8ec6ea90d952c494e7e8","blockNumber":46,"result":{"address":"0x9ee5c90ad0a83dd07800c64adb87c584092f8e37","code":"0x","gasUsed":"0x1682"},"subtraces":1,"traceAddress":[6],"transactionHash":"0x64b5f6ae3b44a9623caeecbb78c9cf65f9a23781c585d75642e8f52b71bc1599","transactionPosition":1,"type":"create"},{"action":{"address":"0x9ee5c90ad0a83dd07800c64adb87c584092f8e37","refundAddress":"0x9dcd17433742f4c0ca53122ab541d0ba67fc27d0","balance":"0x0"},"blockHash":"0x5b3627e612c821267b54826693cfde431298fd7cdb8f8ec6ea90d952c494e7e8","blockNumber":46,"result":null,"subtraces":0,"traceAddress":[6,0],"transactionHash":"0x64b5f6ae3b44a9623caeecbb78c9cf65f9a23781c585d75642e8f52b71bc1599","transactionPosition":1,"type":"suicide"},{"action":{"from":"0x7435ed30a8b4aeb0877cef0c6e8cffe834eb865f","callType":"call","gas":"0x11ba0","input":"0x515a531d2825dec2656d6974","to":"0x7dcd17433742f4c0ca53122ab541d0ba67fc27df","value":"0x2"},"blockHash":"0x5b3627e612c821267b54826693cfde431298fd7cdb8f8ec6ea90d952c494e7e8","blockNumber":46,"result":{"gasUsed":"0x5f9c","output":"0x"},"subtraces":0,"traceAddress":[],"transactionHash":"0x2cd66c5f92f7f966a3ae2e79fa501284a5da51a3d9d233159854d17c427b1441","transactionPosition":2,"type":"call"},{"action":{"from":"0x7435ed30a8b4aeb0877cef0c6e8cffe834eb865f","callType":"call","gas":"0x11ba0","input":"0xea41c6626bd2d71a656d6974","to":"0x7dcd17433742f4c0ca53122ab541d0ba67fc27df","value":"0x2"},"blockHash":"0xaede89efdac80ce5f55b93ee934eddc67b5c8a4282b18a86ca635d69234301f3","blockNumber":47,"result":{"gasUsed":"0x5f9c","output":"0x"},"subtraces":0,"traceAddress":[],"transactionHash":"0xc81daa5f275b0b347590ec8558e530da183a7ff86c377221a59c96faf5bea12c","transactionPosition":0,"type":"call"},{"action":{"from":"0x7435ed30a8b4aeb0877cef0c6e8cffe834eb865f","callType":"call","gas":"0x11ba0","input":"0x65682bc386966217656d6974","to":"0x7dcd17433742f4c0ca53122ab541d0ba67fc27df","value":"0x3"},"blockHash":"0xaede89efdac80ce5f55b93ee934eddc67b5c8a4282b18a86ca635d69234301f3","blockNumber":47,"result":{"gasUsed":"0x5f9c","output":"0x"},"subtraces":0,"traceAddress":[],"transactionHash":"0x1d37878b27d1e686d15b99cb406684e3c50be2fb0cadce5daee795b48c2003bb","transactionPosition":1,"type":"call"},{"action":{"from":"0x7435ed30a8b4aeb0877cef0c6e8cffe834eb865f","callType":"call","gas":"0x133d8","input":"0x156e2b9e3a273c7b656d6974","to":"0x7dcd17433742f4c0ca53122ab541d0ba67fc27df","value":"0x2"},"blockHash":"0xaede89efdac80ce5f55b93ee934eddc67b5c8a4282b18a86ca635d69234301f3","blockNumber":47,"result":{"gasUsed":"0x6fa0","output":"0x"},"subtraces":0,"traceAddress":[],"transactionHash":"0x62f97493d38267cf7b80fd4e9a048bb77cceed36ac0ddd1072736cff48915821","transactionPosition":2,"type":"call"},{"action":{"from":"0x7435ed30a8b4aeb0877cef0c6e8cffe834eb865f","callType":"call","gas":"0x0","input":"0x","to":"0x83c7e323d189f18725ac510004fdc2941f8c4a78","value":"0x1"},"blockHash":"0xf0b1510b2a9c8d4c4bd1ff2c578ddbffc04741aa06b3cc8680a343741ef15e84","blockNumber":48,"result":{"gasUsed":"0x0","output":"0x"},"subtraces":0,"traceAddress":[],"transactionHash":"0x8e96b39ab5e268215283ab40d65139edc6f281f4d79444b6b0a87861c5f8a1d5","transactionPosition":0,"type":"call"},{"action":{"from":"0x7435ed30a8b4aeb0877cef0c6e8cffe834eb865f","callType":"call","gas":"0x0","input":"0x","to":"0x2d389075be5be9f2246ad654ce152cf05990b209","value":"0x1"},"blockHash":"0xf0b1510b2a9c8d4c4bd1ff2c578ddbffc04741aa06b3cc8680a343741ef15e84","blockNumber":48,"result":{"gasUsed":"0x0","output":"0x"},"subtraces":0,"traceAddress":[],"transactionHash":"0x7045e365111563c3f68594c54d9c4d7e3445f0cfc9671f68e8a0122f849f3f18","transactionPosition":1,"type":"call"},{"action":{"from":"0x7435ed30a8b4aeb0877cef0c6e8cffe834eb865f","callType":"call","gas":"0x0","input":"0x","to":"0x3ae75c08b4c907eb63a8960c45b86e1e9ab6123c","value":"0x1"},"blockHash":"0xf0b1510b2a9c8d4c4bd1ff2c578ddbffc04741aa06b3cc8680a343741ef15e84","blockNumber":48,"result":{"gasUsed":"0x0","output":"0x"},"subtraces":0,"traceAddress":[],"transactionHash":"0xbe7d79a54b361c1515802fdf8e3843694b3a93350a9097b84c5582686c77163c","transactionPosition":2,"type":"call"}]}
response differs from expected (-- client, ++ test):
{
  "id": 1,
  "jsonrpc": "2.0",
  "result": -- [] ++ {}
}
>>  {"jsonrpc": "2.0", "id": 1, "method": "eth_getBlockByNumber", "params": ["0x30", false]}
<<  {"jsonrpc":"2.0","id":1,"result":{"number":"0x30","hash":"0xf0b1510b2a9c8d4c4bd1ff2c578ddbffc04741aa06b3cc8680a343741ef15e84","parentHash":"0xaede89efdac80ce5f55b93ee934eddc67b5c8a4282b18a86ca635d69234301f3","nonce":"0x0000000000000000","mixHash":"0x0000000000000000000000000000000000000000000000000000000000000000","sha3Uncles":"0x1dcc4de8dec75d7aab85b567b6ccd41ad312451b948a7413f0a142fd40d49347","logsBloom":"0x00000000000000000000000000000000000000000000000000000000000000000000000000000000000000000000000000000000000000000000000000000000000000000000000000000000000000000000000000000000000000000000000000000000000000000000000000000000000000000000000000000000000000000000000000000000000000000000000000000000000000000000000000000000000000000000000000000000000000000000000000000000000000000000000000000000000000000000000000000000000000000000000000000000000000000000000000000000000000000000000000000000000000000000000000000000","stateRoot":"0xbce840ac9806ecb3d791bf55bfcfa9460ff3275996aff265fc75e2a2f3efdb26","miner":"0x0000000000000000000000000000000000000000","difficulty":"0x0","extraData":"0x","gasLimit":"0x5f5e100","gasUsed":"0xf618","timestamp":"0x1e0","transactionsRoot":"0x3d96f46f0efae36059fcba93396d90ed19260e009e9dac0057a1d87e66dc17d0","receiptsRoot":"0x4b7fefa97a453e0ee0cea1d51ca4ab3729f3a2a6a8388a5a3b13765eec3720b7","baseFeePerGas":"0x199876","withdrawalsRoot":"0x56e81f171bcc55a6ff8345e692c0f86e5b48e01b996cadc001622fb5e363b421","blobGasUsed":"0x0","excessBlobGas":"0x0","parentBeaconBlockRoot":"0x5b5b49487967b3b60bd859ba2fb13290c6eaf67e97e9f9f9dda935c08564b5f6","requestsHash":"0xe3b0c44298fc1c149afbf4c8996fb92427ae41e4649b934ca495991b7852b855","size":"0x3b8","transactions":["0x8e96b39ab5e268215283ab40d65139edc6f281f4d79444b6b0a87861c5f8a1d5","0x7045e365111563c3f68594c54d9c4d7e3445f0cfc9671f68e8a0122f849f3f18","0xbe7d79a54b361c1515802fdf8e3843694b3a93350a9097b84c5582686c77163c"],"uncles":[],"withdrawals":[]}}
response differs from expected (-- client, ++ test):
{
  "id": 1,
  "jsonrpc": "2.0",
  "result": {
    -- "baseFeePerGas": "0x199876",
    -- "blobGasUsed": "0x0",
    ++ "capture_only": true,
    -- "difficulty": "0x0",
    -- "excessBlobGas": "0x0",
    -- "extraData": "0x",
    -- "gasLimit": "0x5f5e100",
    -- "gasUsed": "0xf618",
    -- "hash": "0xf0b1510b2a9c8d4c4bd1ff2c578ddbffc04741aa06b3cc8680a343741ef15e84",
    -- "logsBloom": "0x00000000000000000000000000000000000000000000000000000000000000000000000000000000000000000000000000000000000000000000000000000000000000000000000000000000000000000000000000000000000000000000000000000000000000000000000000000000000000000000000000000000000000000000000000000000000000000000000000000000000000000000000000000000000000000000000000000000000000000000000000000000000000000000000000000000000000000000000000000000000000000000000000000000000000000000000000000000000000000000000000000000000000000000000000000000",
    -- "miner": "0x0000000000000000000000000000000000000000",
    -- "mixHash": "0x0000000000000000000000000000000000000000000000000000000000000000",
    -- "nonce": "0x0000000000000000",
    -- "number": "0x30",
    -- "parentBeaconBlockRoot": "0x5b5b49487967b3b60bd859ba2fb13290c6eaf67e97e9f9f9dda935c08564b5f6",
    -- "parentHash": "0xaede89efdac80ce5f55b93ee934eddc67b5c8a4282b18a86ca635d69234301f3",
    -- "receiptsRoot": "0x4b7fefa97a453e0ee0cea1d51ca4ab3729f3a2a6a8388a5a3b13765eec3720b7",
    -- "requestsHash": "0xe3b0c44298fc1c149afbf4c8996fb92427ae41e4649b934ca495991b7852b855",
    -- "sha3Uncles": "0x1dcc4de8dec75d7aab85b567b6ccd41ad312451b948a7413f0a142fd40d49347",
    -- "size": "0x3b8",
    -- "stateRoot": "0xbce840ac9806ecb3d791bf55bfcfa9460ff3275996aff265fc75e2a2f3efdb26",
    -- "timestamp": "0x1e0",
    -- "transactions": [
      -- "0x8e96b39ab5e268215283ab40d65139edc6f281f4d79444b6b0a87861c5f8a1d5",
      -- "0x7045e365111563c3f68594c54d9c4d7e3445f0cfc9671f68e8a0122f849f3f18",
      -- "0xbe7d79a54b361c1515802fdf8e3843694b3a93350a9097b84c5582686c77163c"
    -- ],
    -- "transactionsRoot": "0x3d96f46f0efae36059fcba93396d90ed19260e009e9dac0057a1d87e66dc17d0",
    -- "uncles": [],
    -- "withdrawals": [],
    -- "withdrawalsRoot": "0x56e81f171bcc55a6ff8345e692c0f86e5b48e01b996cadc001622fb5e363b421"
  }
}
>>  {"jsonrpc": "2.0", "id": 1, "method": "eth_blockNumber", "params": []}
<<  {"jsonrpc":"2.0","id":1,"result":"0x30"}
response differs from expected (-- client, ++ test):
{
  "id": 1,
  "jsonrpc": "2.0",
  "result": -- "0x30" ++ {}
}
>>  {"jsonrpc": "2.0", "id": 1, "method": "eth_getTransactionReceipt", "params": ["0xe4a4bd6a4fad4df86c1222128b9d79a1dd0686cf4a0e1d506731482b7266d483"]}
<<  {"jsonrpc":"2.0","id":1,"result":{"blockHash":"0x6cb3089f8b5ff993ed24ed9ccbfa8bae322848d722842e6453576f30029b1434","blockNumber":"0x2a","transactionHash":"0xe4a4bd6a4fad4df86c1222128b9d79a1dd0686cf4a0e1d506731482b7266d483","transactionIndex":"0x0","from":"0x7435ed30a8b4aeb0877cef0c6e8cffe834eb865f","to":"0x1f5bde34b4afc686f136c7a3cb6ec376f7357759","type":"0x0","gasUsed":"0x5208","cumulativeGasUsed":"0x5208","contractAddress":null,"logs":[],"logsBloom":"0x00000000000000000000000000000000000000000000000000000000000000000000000000000000000000000000000000000000000000000000000000000000000000000000000000000000000000000000000000000000000000000000000000000000000000000000000000000000000000000000000000000000000000000000000000000000000000000000000000000000000000000000000000000000000000000000000000000000000000000000000000000000000000000000000000000000000000000000000000000000000000000000000000000000000000000000000000000000000000000000000000000000000000000000000000000000","effectiveGasPrice":"0x38e4f7","status":"0x1"}}
response differs from expected (-- client, ++ test):
{
  "id": 1,
  "jsonrpc": "2.0",
  "result": {
    -- "blockHash": "0x6cb3089f8b5ff993ed24ed9ccbfa8bae322848d722842e6453576f30029b1434",
    -- "blockNumber": "0x2a",
    ++ "capture_only": true,
    -- "contractAddress": null,
    -- "cumulativeGasUsed": "0x5208",
    -- "effectiveGasPrice": "0x38e4f7",
    -- "from": "0x7435ed30a8b4aeb0877cef0c6e8cffe834eb865f",
    -- "gasUsed": "0x5208",
    -- "logs": [],
    -- "logsBloom": "0x00000000000000000000000000000000000000000000000000000000000000000000000000000000000000000000000000000000000000000000000000000000000000000000000000000000000000000000000000000000000000000000000000000000000000000000000000000000000000000000000000000000000000000000000000000000000000000000000000000000000000000000000000000000000000000000000000000000000000000000000000000000000000000000000000000000000000000000000000000000000000000000000000000000000000000000000000000000000000000000000000000000000000000000000000000000",
    -- "status": "0x1",
    -- "to": "0x1f5bde34b4afc686f136c7a3cb6ec376f7357759",
    -- "transactionHash": "0xe4a4bd6a4fad4df86c1222128b9d79a1dd0686cf4a0e1d506731482b7266d483",
    -- "transactionIndex": "0x0",
    -- "type": "0x0"
  }
}
interop Engine engine_newPayloadV4: reply=map[latestValidHash:0x23a229f69acd6ffb1d98dbae859e4fde6bcb6db51786ec54d07085d74bf473d4 status:VALID validationError:<nil>] error=<nil>
interop Engine engine_newPayloadV4: reply=map[latestValidHash:0xb643aaad7876814b2319a5ac15e3efd4c5a928f711683d4d3abee5b525fc349d status:VALID validationError:<nil>] error=<nil>
interop Engine engine_newPayloadV4: reply=map[latestValidHash:0x59c52ea8dd1dfdb037aec4a2f28907fb1cf4ca5401b48590182eaa5415e8e6f3 status:VALID validationError:<nil>] error=<nil>
interop Engine engine_newPayloadV4: reply=map[latestValidHash:0x3ae39139cb5ef4492f48c7ed41f861621a0f7af2c15ee458b09914e7fc97dfe9 status:VALID validationError:<nil>] error=<nil>
interop Engine engine_newPayloadV4: reply=map[latestValidHash:0x008d1333b89a6507babffba8a8605f2426aa21a829ad0c20131d40dc72300628 status:VALID validationError:<nil>] error=<nil>
interop Engine engine_newPayloadV4: reply=map[latestValidHash:0xb75975dcf8dc29c9d8f63272511a20eb5c16c8466634e83f6b840d3baaa54110 status:VALID validationError:<nil>] error=<nil>
interop Engine engine_newPayloadV4: reply=map[latestValidHash:0xced04ae80b11fac8e3619bba83e9f8a3490159e045f1ac504955e69a783dbbcd status:VALID validationError:<nil>] error=<nil>
interop Engine engine_newPayloadV4: reply=map[latestValidHash:0xa3b4b86837197906688c55979962fcf57fc43f7d1796cdacce350f2a4590ef8e status:VALID validationError:<nil>] error=<nil>
interop Engine engine_newPayloadV4: reply=map[latestValidHash:0x89760635a073492746414d5e8ea50ceaaaf035f603e37543a36328af11d6de32 status:VALID validationError:<nil>] error=<nil>
Invalid forkchoice state
sending engine_forkchoiceUpdatedV3: [map[finalizedBlockHash:0x9901db3a31e7004c45911fca4480b7dce86a4baeab819eb4959d7316f687d54c headBlockHash:0xf0b1510b2a9c8d4c4bd1ff2c578ddbffc04741aa06b3cc8680a343741ef15e84 safeBlockHash:0x9901db3a31e7004c45911fca4480b7dce86a4baeab819eb4959d7316f687d54c] <nil>]
response: map[payloadId:<nil> payloadStatus:map[latestValidHash:0xf0b1510b2a9c8d4c4bd1ff2c578ddbffc04741aa06b3cc8680a343741ef15e84 status:VALID validationError:<nil>]]
>>  {"jsonrpc": "2.0", "id": 1, "method": "eth_getBlockByNumber", "params": ["0x30", false]}
<<  {"jsonrpc":"2.0","id":1,"result":{"baseFeePerGas":"0x199876","blobGasUsed":"0x0","difficulty":"0x0","excessBlobGas":"0x0","extraData":"0x","gasLimit":"0x5f5e100","gasUsed":"0xf618","hash":"0xf0b1510b2a9c8d4c4bd1ff2c578ddbffc04741aa06b3cc8680a343741ef15e84","logsBloom":"0x00000000000000000000000000000000000000000000000000000000000000000000000000000000000000000000000000000000000000000000000000000000000000000000000000000000000000000000000000000000000000000000000000000000000000000000000000000000000000000000000000000000000000000000000000000000000000000000000000000000000000000000000000000000000000000000000000000000000000000000000000000000000000000000000000000000000000000000000000000000000000000000000000000000000000000000000000000000000000000000000000000000000000000000000000000000","miner":"0x0000000000000000000000000000000000000000","mixHash":"0x0000000000000000000000000000000000000000000000000000000000000000","nonce":"0x0000000000000000","number":"0x30","parentBeaconBlockRoot":"0x5b5b49487967b3b60bd859ba2fb13290c6eaf67e97e9f9f9dda935c08564b5f6","parentHash":"0xaede89efdac80ce5f55b93ee934eddc67b5c8a4282b18a86ca635d69234301f3","receiptsRoot":"0x4b7fefa97a453e0ee0cea1d51ca4ab3729f3a2a6a8388a5a3b13765eec3720b7","requestsHash":"0xe3b0c44298fc1c149afbf4c8996fb92427ae41e4649b934ca495991b7852b855","sha3Uncles":"0x1dcc4de8dec75d7aab85b567b6ccd41ad312451b948a7413f0a142fd40d49347","size":"0x3b8","stateRoot":"0xbce840ac9806ecb3d791bf55bfcfa9460ff3275996aff265fc75e2a2f3efdb26","timestamp":"0x1e0","transactions":["0x8e96b39ab5e268215283ab40d65139edc6f281f4d79444b6b0a87861c5f8a1d5","0x7045e365111563c3f68594c54d9c4d7e3445f0cfc9671f68e8a0122f849f3f18","0xbe7d79a54b361c1515802fdf8e3843694b3a93350a9097b84c5582686c77163c"],"transactionsRoot":"0x3d96f46f0efae36059fcba93396d90ed19260e009e9dac0057a1d87e66dc17d0","uncles":[],"withdrawals":[],"withdrawalsRoot":"0x56e81f171bcc55a6ff8345e692c0f86e5b48e01b996cadc001622fb5e363b421"}}
response differs from expected (-- client, ++ test):
{
  "id": 1,
  "jsonrpc": "2.0",
  "result": {
    -- "baseFeePerGas": "0x199876",
    -- "blobGasUsed": "0x0",
    ++ "capture_only": true,
    -- "difficulty": "0x0",
    -- "excessBlobGas": "0x0",
    -- "extraData": "0x",
    -- "gasLimit": "0x5f5e100",
    -- "gasUsed": "0xf618",
    -- "hash": "0xf0b1510b2a9c8d4c4bd1ff2c578ddbffc04741aa06b3cc8680a343741ef15e84",
    -- "logsBloom": "0x00000000000000000000000000000000000000000000000000000000000000000000000000000000000000000000000000000000000000000000000000000000000000000000000000000000000000000000000000000000000000000000000000000000000000000000000000000000000000000000000000000000000000000000000000000000000000000000000000000000000000000000000000000000000000000000000000000000000000000000000000000000000000000000000000000000000000000000000000000000000000000000000000000000000000000000000000000000000000000000000000000000000000000000000000000000",
    -- "miner": "0x0000000000000000000000000000000000000000",
    -- "mixHash": "0x0000000000000000000000000000000000000000000000000000000000000000",
    -- "nonce": "0x0000000000000000",
    -- "number": "0x30",
    -- "parentBeaconBlockRoot": "0x5b5b49487967b3b60bd859ba2fb13290c6eaf67e97e9f9f9dda935c08564b5f6",
    -- "parentHash": "0xaede89efdac80ce5f55b93ee934eddc67b5c8a4282b18a86ca635d69234301f3",
    -- "receiptsRoot": "0x4b7fefa97a453e0ee0cea1d51ca4ab3729f3a2a6a8388a5a3b13765eec3720b7",
    -- "requestsHash": "0xe3b0c44298fc1c149afbf4c8996fb92427ae41e4649b934ca495991b7852b855",
    -- "sha3Uncles": "0x1dcc4de8dec75d7aab85b567b6ccd41ad312451b948a7413f0a142fd40d49347",
    -- "size": "0x3b8",
    -- "stateRoot": "0xbce840ac9806ecb3d791bf55bfcfa9460ff3275996aff265fc75e2a2f3efdb26",
    -- "timestamp": "0x1e0",
    -- "transactions": [
      -- "0x8e96b39ab5e268215283ab40d65139edc6f281f4d79444b6b0a87861c5f8a1d5",
      -- "0x7045e365111563c3f68594c54d9c4d7e3445f0cfc9671f68e8a0122f849f3f18",
      -- "0xbe7d79a54b361c1515802fdf8e3843694b3a93350a9097b84c5582686c77163c"
    -- ],
    -- "transactionsRoot": "0x3d96f46f0efae36059fcba93396d90ed19260e009e9dac0057a1d87e66dc17d0",
    -- "uncles": [],
    -- "withdrawals": [],
    -- "withdrawalsRoot": "0x56e81f171bcc55a6ff8345e692c0f86e5b48e01b996cadc001622fb5e363b421"
  }
}
>>  {"jsonrpc": "2.0", "id": 1, "method": "eth_getBlockByNumber", "params": ["latest", false]}
<<  {"jsonrpc":"2.0","id":1,"result":{"baseFeePerGas":"0x199876","blobGasUsed":"0x0","difficulty":"0x0","excessBlobGas":"0x0","extraData":"0x","gasLimit":"0x5f5e100","gasUsed":"0xf618","hash":"0xf0b1510b2a9c8d4c4bd1ff2c578ddbffc04741aa06b3cc8680a343741ef15e84","logsBloom":"0x00000000000000000000000000000000000000000000000000000000000000000000000000000000000000000000000000000000000000000000000000000000000000000000000000000000000000000000000000000000000000000000000000000000000000000000000000000000000000000000000000000000000000000000000000000000000000000000000000000000000000000000000000000000000000000000000000000000000000000000000000000000000000000000000000000000000000000000000000000000000000000000000000000000000000000000000000000000000000000000000000000000000000000000000000000000","miner":"0x0000000000000000000000000000000000000000","mixHash":"0x0000000000000000000000000000000000000000000000000000000000000000","nonce":"0x0000000000000000","number":"0x30","parentBeaconBlockRoot":"0x5b5b49487967b3b60bd859ba2fb13290c6eaf67e97e9f9f9dda935c08564b5f6","parentHash":"0xaede89efdac80ce5f55b93ee934eddc67b5c8a4282b18a86ca635d69234301f3","receiptsRoot":"0x4b7fefa97a453e0ee0cea1d51ca4ab3729f3a2a6a8388a5a3b13765eec3720b7","requestsHash":"0xe3b0c44298fc1c149afbf4c8996fb92427ae41e4649b934ca495991b7852b855","sha3Uncles":"0x1dcc4de8dec75d7aab85b567b6ccd41ad312451b948a7413f0a142fd40d49347","size":"0x3b8","stateRoot":"0xbce840ac9806ecb3d791bf55bfcfa9460ff3275996aff265fc75e2a2f3efdb26","timestamp":"0x1e0","transactions":["0x8e96b39ab5e268215283ab40d65139edc6f281f4d79444b6b0a87861c5f8a1d5","0x7045e365111563c3f68594c54d9c4d7e3445f0cfc9671f68e8a0122f849f3f18","0xbe7d79a54b361c1515802fdf8e3843694b3a93350a9097b84c5582686c77163c"],"transactionsRoot":"0x3d96f46f0efae36059fcba93396d90ed19260e009e9dac0057a1d87e66dc17d0","uncles":[],"withdrawals":[],"withdrawalsRoot":"0x56e81f171bcc55a6ff8345e692c0f86e5b48e01b996cadc001622fb5e363b421"}}
response differs from expected (-- client, ++ test):
{
  "id": 1,
  "jsonrpc": "2.0",
  "result": {
    -- "baseFeePerGas": "0x199876",
    -- "blobGasUsed": "0x0",
    ++ "capture_only": true,
    -- "difficulty": "0x0",
    -- "excessBlobGas": "0x0",
    -- "extraData": "0x",
    -- "gasLimit": "0x5f5e100",
    -- "gasUsed": "0xf618",
    -- "hash": "0xf0b1510b2a9c8d4c4bd1ff2c578ddbffc04741aa06b3cc8680a343741ef15e84",
    -- "logsBloom": "0x00000000000000000000000000000000000000000000000000000000000000000000000000000000000000000000000000000000000000000000000000000000000000000000000000000000000000000000000000000000000000000000000000000000000000000000000000000000000000000000000000000000000000000000000000000000000000000000000000000000000000000000000000000000000000000000000000000000000000000000000000000000000000000000000000000000000000000000000000000000000000000000000000000000000000000000000000000000000000000000000000000000000000000000000000000000",
    -- "miner": "0x0000000000000000000000000000000000000000",
    -- "mixHash": "0x0000000000000000000000000000000000000000000000000000000000000000",
    -- "nonce": "0x0000000000000000",
    -- "number": "0x30",
    -- "parentBeaconBlockRoot": "0x5b5b49487967b3b60bd859ba2fb13290c6eaf67e97e9f9f9dda935c08564b5f6",
    -- "parentHash": "0xaede89efdac80ce5f55b93ee934eddc67b5c8a4282b18a86ca635d69234301f3",
    -- "receiptsRoot": "0x4b7fefa97a453e0ee0cea1d51ca4ab3729f3a2a6a8388a5a3b13765eec3720b7",
    -- "requestsHash": "0xe3b0c44298fc1c149afbf4c8996fb92427ae41e4649b934ca495991b7852b855",
    -- "sha3Uncles": "0x1dcc4de8dec75d7aab85b567b6ccd41ad312451b948a7413f0a142fd40d49347",
    -- "size": "0x3b8",
    -- "stateRoot": "0xbce840ac9806ecb3d791bf55bfcfa9460ff3275996aff265fc75e2a2f3efdb26",
    -- "timestamp": "0x1e0",
    -- "transactions": [
      -- "0x8e96b39ab5e268215283ab40d65139edc6f281f4d79444b6b0a87861c5f8a1d5",
      -- "0x7045e365111563c3f68594c54d9c4d7e3445f0cfc9671f68e8a0122f849f3f18",
      -- "0xbe7d79a54b361c1515802fdf8e3843694b3a93350a9097b84c5582686c77163c"
    -- ],
    -- "transactionsRoot": "0x3d96f46f0efae36059fcba93396d90ed19260e009e9dac0057a1d87e66dc17d0",
    -- "uncles": [],
    -- "withdrawals": [],
    -- "withdrawalsRoot": "0x56e81f171bcc55a6ff8345e692c0f86e5b48e01b996cadc001622fb5e363b421"
  }
}
>>  {"jsonrpc": "2.0", "id": 1, "method": "web3_clientVersion", "params": []}
<<  {"jsonrpc":"2.0","id":1,"result":"erigon/3.6.1/linux-amd64/go1.26.8"}
response differs from expected (-- client, ++ test):
{
  "id": 1,
  "jsonrpc": "2.0",
  "result": -- "erigon/3.6.1/linux-amd64/go1.26.8" ++ {}
}
>>  {"jsonrpc": "2.0", "id": 1, "method": "trace_block", "params": ["0x2d"]}
<<  {"jsonrpc":"2.0","id":1,"result":[{"action":{"from":"0x7435ed30a8b4aeb0877cef0c6e8cffe834eb865f","callType":"call","gas":"0x0","input":"0x","to":"0x16c57edf7fa9d9525378b0b81bf8a3ced0620c1c","value":"0x1"},"blockHash":"0xe6d9078b4964bc1b329fb12242254e21cf88ffa9a88058e515d6e79f7d8fce0d","blockNumber":45,"result":{"gasUsed":"0x0","output":"0x"},"subtraces":0,"traceAddress":[],"transactionHash":"0x8d872ca87b7f1343eab260d3f69260e8efde5dcf5532a23c18e1c25cadaa2df7","transactionPosition":0,"type":"call"},{"action":{"from":"0x7435ed30a8b4aeb0877cef0c6e8cffe834eb865f","callType":"call","gas":"0x0","input":"0x","to":"0x14e46043e63d0e3cdcf2530519f4cfaf35058cb2","value":"0x1"},"blockHash":"0xe6d9078b4964bc1b329fb12242254e21cf88ffa9a88058e515d6e79f7d8fce0d","blockNumber":45,"result":{"gasUsed":"0x0","output":"0x"},"subtraces":0,"traceAddress":[],"transactionHash":"0x07782b90d866d9c854fc70a3609e69f378a7d392a61f7cd712136d79e3f98a6f","transactionPosition":1,"type":"call"}]}
response differs from expected (-- client, ++ test):
{
  "id": 1,
  "jsonrpc": "2.0",
  "result": -- [] ++ {}
}
>>  {"jsonrpc": "2.0", "id": 1, "method": "trace_filter", "params": [{"fromBlock": "0x28", "toBlock": "0x30"}]}
<<  {"jsonrpc":"2.0","id":1,"result":[{"action":{"from":"0x7435ed30a8b4aeb0877cef0c6e8cffe834eb865f","callType":"call","gas":"0x11ba0","input":"0x036464a71961a53a656d6974","to":"0x7dcd17433742f4c0ca53122ab541d0ba67fc27df","value":"0x2"},"blockHash":"0xfc2b688f6d286950eff2cf6f1b10a6bf63e92a20fcdf8db7377ef647b154eb52","blockNumber":40,"result":{"gasUsed":"0x5f9c","output":"0x"},"subtraces":0,"traceAddress":[],"transactionHash":"0x0efc1e4671e41e768fa107ecf72ab35e03d5a8b7e3f5bbe29cb28dc1eea265a2","transactionPosition":0,"type":"call"},{"action":{"from":"0x7435ed30a8b4aeb0877cef0c6e8cffe834eb865f","callType":"call","gas":"0x11ba0","input":"0x9ec58f808778768f656d6974","to":"0x7dcd17433742f4c0ca53122ab541d0ba67fc27df","value":"0x2"},"blockHash":"0xfc2b688f6d286950eff2cf6f1b10a6bf63e92a20fcdf8db7377ef647b154eb52","blockNumber":40,"result":{"gasUsed":"0x5f9c","output":"0x"},"subtraces":0,"traceAddress":[],"transactionHash":"0x1942a6223310f991ab036dccb28259dd634e39e08152d383afc422481e5ab2c2","transactionPosition":1,"type":"call"},{"action":{"from":"0x7435ed30a8b4aeb0877cef0c6e8cffe834eb865f","callType":"call","gas":"0x11ba0","input":"0xcd417355d4039279656d6974","to":"0x7dcd17433742f4c0ca53122ab541d0ba67fc27df","value":"0x3"},"blockHash":"0xfc2b688f6d286950eff2cf6f1b10a6bf63e92a20fcdf8db7377ef647b154eb52","blockNumber":40,"result":{"gasUsed":"0x5f9c","output":"0x"},"subtraces":0,"traceAddress":[],"transactionHash":"0xbc3230ca851b7baad39753405e55d96f2124d1e5e8ab9cd76c638bba601423ac","transactionPosition":2,"type":"call"},{"action":{"from":"0x7435ed30a8b4aeb0877cef0c6e8cffe834eb865f","callType":"call","gas":"0x133d8","input":"0x3186f4d423ee1407656d6974","to":"0x7dcd17433742f4c0ca53122ab541d0ba67fc27df","value":"0x2"},"blockHash":"0x9bc6bd9fb238298cb6a4260fc4306ab426b3e2d41607e719dde8c4ca41817da7","blockNumber":41,"result":{"gasUsed":"0x6fa0","output":"0x"},"subtraces":0,"traceAddress":[],"transactionHash":"0x6a2b2c1d5d3bae710fa3c9f79035e0b6b98d65df9cb05e425087c93ce9bf08ed","transactionPosition":0,"type":"call"},{"action":{"from":"0x7435ed30a8b4aeb0877cef0c6e8cffe834eb865f","callType":"call","gas":"0x0","input":"0x","to":"0x717f8aa2b982bee0e29f573d31df288663e1ce16","value":"0x1"},"blockHash":"0x9bc6bd9fb238298cb6a4260fc4306ab426b3e2d41607e719dde8c4ca41817da7","blockNumber":41,"result":{"gasUsed":"0x0","output":"0x"},"subtraces":0,"traceAddress":[],"transactionHash":"0x9249eb130af4bcf26d420f09df8a51f4947e387f9e325e8b223237c9602208a1","transactionPosition":1,"type":"call"},{"action":{"from":"0x7435ed30a8b4aeb0877cef0c6e8cffe834eb865f","callType":"call","gas":"0x0","input":"0x","to":"0x4a0f1452281bcec5bd90c3dce6162a5995bfe9df","value":"0x1"},"blockHash":"0x9bc6bd9fb238298cb6a4260fc4306ab426b3e2d41607e719dde8c4ca41817da7","blockNumber":41,"result":{"gasUsed":"0x0","output":"0x"},"subtraces":0,"traceAddress":[],"transactionHash":"0xbdda348fd5169ff5cc8c761147a64b34ceb2e913d7bf5e8ddf8e497ca3e3460f","transactionPosition":2,"type":"call"},{"action":{"from":"0x7435ed30a8b4aeb0877cef0c6e8cffe834eb865f","callType":"call","gas":"0x0","input":"0x","to":"0x1f5bde34b4afc686f136c7a3cb6ec376f7357759","value":"0x1"},"blockHash":"0x6cb3089f8b5ff993ed24ed9ccbfa8bae322848d722842e6453576f30029b1434","blockNumber":42,"result":{"gasUsed":"0x0","output":"0x"},"subtraces":0,"traceAddress":[],"transactionHash":"0xe4a4bd6a4fad4df86c1222128b9d79a1dd0686cf4a0e1d506731482b7266d483","transactionPosition":0,"type":"call"},{"action":{"from":"0x7435ed30a8b4aeb0877cef0c6e8cffe834eb865f","callType":"call","gas":"0x13488","input":"0x01","to":"0x9dcd17433742f4c0ca53122ab541d0ba67fc27d3","value":"0x0"},"blockHash":"0x6cb3089f8b5ff993ed24ed9ccbfa8bae322848d722842e6453576f30029b1434","blockNumber":42,"error":"Reverted","result":{"gasUsed":"0x889","output":"0x08c379a00000000000000000000000000000000000000000000000000000000000000020000000000000000000000000000000000000000000000000000000000000000a75736572206572726f72"},"subtraces":0,"traceAddress":[],"transactionHash":"0x7a15f2b6b479009c2d8f167dfc8490654348e85aa4968583bab1d4c3c17284bb","transactionPosition":1,"type":"call"},{"action":{"from":"0x7435ed30a8b4aeb0877cef0c6e8cffe834eb865f","callType":"call","gas":"0x8d5b8","input":"0x","to":"0x9dcd17433742f4c0ca53122ab541d0ba67fc27d0","value":"0x0"},"blockHash":"0x22e8e9edaefc674ba389450dc41088e521fb2d33330a72c8b7aa2bf1b2281ffe","blockNumber":43,"result":{"gasUsed":"0x1fc63","output":"0xffee"},"subtraces":7,"traceAddress":[],"transactionHash":"0x651d033b62050d4a32ffb16281c8685790d1233922a4ec2dcd5c6c1a66461226","transactionPosition":0,"type":"call"},{"action":{"from":"0x9dcd17433742f4c0ca53122ab541d0ba67fc27d0","callType":"call","gas":"0xf35c","input":"0xff01","to":"0x9dcd17433742f4c0ca53122ab541d0ba67fc27d1","value":"0x1"},"blockHash":"0x22e8e9edaefc674ba389450dc41088e521fb2d33330a72c8b7aa2bf1b2281ffe","blockNumber":43,"result":{"gasUsed":"0x48","output":"0xffee"},"subtraces":0,"traceAddress":[0],"transactionHash":"0x651d033b62050d4a32ffb16281c8685790d1233922a4ec2dcd5c6c1a66461226","transactionPosition":0,"type":"call"},{"action":{"from":"0x9dcd17433742f4c0ca53122ab541d0ba67fc27d0","callType":"call","gas":"0xea60","input":"0x0000000000000000000000000000000000000000000000000000000000000001","to":"0x9dcd17433742f4c0ca53122ab541d0ba67fc27d3","value":"0x0"},"blockHash":"0x22e8e9edaefc674ba389450dc41088e521fb2d33330a72c8b7aa2bf1b2281ffe","blockNumber":43,"error":"Reverted","result":{"gasUsed":"0x889","output":"0x08c379a00000000000000000000000000000000000000000000000000000000000000020000000000000000000000000000000000000000000000000000000000000000a75736572206572726f72"},"subtraces":0,"traceAddress":[1],"transactionHash":"0x651d033b62050d4a32ffb16281c8685790d1233922a4ec2dcd5c6c1a66461226","transactionPosition":0,"type":"call"},{"action":{"from":"0x9dcd17433742f4c0ca53122ab541d0ba67fc27d0","callType":"staticcall","gas":"0xea60","input":"0x","to":"0x9dcd17433742f4c0ca53122ab541d0ba67fc27d2","value":"0x0"},"blockHash":"0x22e8e9edaefc674ba389450dc41088e521fb2d33330a72c8b7aa2bf1b2281ffe","blockNumber":43,"result":{"gasUsed":"0x7d","output":"0x000000000000000000000000000000000000000000000000000000000000002b000000000000000000000000000000000000000000000000000c72dd9d5e883e0000000000000000000000000000000000000000000000000000000000000000000000000000000000000000000000000000000000000000000000000031c9f400000000000000000000000000000000000000000000000000000000000000000000000000000000000000007435ed30a8b4aeb0877cef0c6e8cffe834eb865f0000000000000000000000000000000000000000000000000000000000000000"},"subtraces":0,"traceAddress":[2],"transactionHash":"0x651d033b62050d4a32ffb16281c8685790d1233922a4ec2dcd5c6c1a66461226","transactionPosition":0,"type":"call"},{"action":{"from":"0x9dcd17433742f4c0ca53122ab541d0ba67fc27d0","callType":"staticcall","gas":"0xea60","input":"0x","to":"0x7dcd17433742f4c0ca53122ab541d0ba67fc27df","value":"0x0"},"blockHash":"0x22e8e9edaefc674ba389450dc41088e521fb2d33330a72c8b7aa2bf1b2281ffe","blockNumber":43,"error":"out of gas: write protection","result":null,"subtraces":0,"traceAddress":[3],"transactionHash":"0x651d033b62050d4a32ffb16281c8685790d1233922a4ec2dcd5c6c1a66461226","transactionPosition":0,"type":"call"},{"action":{"from":"0x9dcd17433742f4c0ca53122ab541d0ba67fc27d0","callType":"delegatecall","gas":"0xea60","input":"0x00000000","to":"0x7dcd17433742f4c0ca53122ab541d0ba67fc27df","value":"0x0"},"blockHash":"0x22e8e9edaefc674ba389450dc41088e521fb2d33330a72c8b7aa2bf1b2281ffe","blockNumber":43,"result":{"gasUsed":"0x2cd4","output":"0x"},"subtraces":0,"traceAddress":[4],"transactionHash":"0x651d033b62050d4a32ffb16281c8685790d1233922a4ec2dcd5c6c1a66461226","transactionPosition":0,"type":"call"},{"action":{"from":"0x9dcd17433742f4c0ca53122ab541d0ba67fc27d0","callType":"callcode","gas":"0xea60","input":"0xff01","to":"0x9dcd17433742f4c0ca53122ab541d0ba67fc27d1","value":"0x0"},"blockHash":"0x22e8e9edaefc674ba389450dc41088e521fb2d33330a72c8b7aa2bf1b2281ffe","blockNumber":43,"result":{"gasUsed":"0x48","output":"0xffee"},"subtraces":0,"traceAddress":[5],"transactionHash":"0x651d033b62050d4a32ffb16281c8685790d1233922a4ec2dcd5c6c1a66461226","transactionPosition":0,"type":"call"},{"action":{"from":"0x9dcd17433742f4c0ca53122ab541d0ba67fc27d0","creationMethod":"create","gas":"0x6d70b","init":"0x5b646368696c6460006000a133ff","value":"0x0"},"blockHash":"0x22e8e9edaefc674ba389450dc41088e521fb2d33330a72c8b7aa2bf1b2281ffe","blockNumber":43,"result":{"address":"0x05032e03adbca6d5d04236000a2bbb6b4fec87f5","code":"0x","gasUsed":"0x1682"},"subtraces":1,"traceAddress":[6],"transactionHash":"0x651d033b62050d4a32ffb16281c8685790d1233922a4ec2dcd5c6c1a66461226","transactionPosition":0,"type":"create"},{"action":{"address":"0x05032e03adbca6d5d04236000a2bbb6b4fec87f5","refundAddress":"0x9dcd17433742f4c0ca53122ab541d0ba67fc27d0","balance":"0x0"},"blockHash":"0x22e8e9edaefc674ba389450dc41088e521fb2d33330a72c8b7aa2bf1b2281ffe","blockNumber":43,"result":null,"subtraces":0,"traceAddress":[6,0],"transactionHash":"0x651d033b62050d4a32ffb16281c8685790d1233922a4ec2dcd5c6c1a66461226","transactionPosition":0,"type":"suicide"},{"action":{"from":"0x7435ed30a8b4aeb0877cef0c6e8cffe834eb865f","callType":"call","gas":"0x11ba0","input":"0xebe7a54f122c1cf1656d6974","to":"0x7dcd17433742f4c0ca53122ab541d0ba67fc27df","value":"0x2"},"blockHash":"0x22e8e9edaefc674ba389450dc41088e521fb2d33330a72c8b7aa2bf1b2281ffe","blockNumber":43,"result":{"gasUsed":"0x5f9c","output":"0x"},"subtraces":0,"traceAddress":[],"transactionHash":"0xfa7de1862f93f2da0e1450d833da95e5e04ea7381a471f7388c1e9c92e551deb","transactionPosition":1,"type":"call"},{"action":{"from":"0x7435ed30a8b4aeb0877cef0c6e8cffe834eb865f","callType":"call","gas":"0x11ba0","input":"0xcef26346bf2d1331656d6974","to":"0x7dcd17433742f4c0ca53122ab541d0ba67fc27df","value":"0x2"},"blockHash":"0x22e8e9edaefc674ba389450dc41088e521fb2d33330a72c8b7aa2bf1b2281ffe","blockNumber":43,"result":{"gasUsed":"0x5f9c","output":"0x"},"subtraces":0,"traceAddress":[],"transactionHash":"0x321a8dba67e9c086a4877a6c33c1564471683da311f72005650d102ba847522c","transactionPosition":2,"type":"call"},{"action":{"from":"0x7435ed30a8b4aeb0877cef0c6e8cffe834eb865f","callType":"call","gas":"0x11ba0","input":"0x2276cc05d723a1e7656d6974","to":"0x7dcd17433742f4c0ca53122ab541d0ba67fc27df","value":"0x3"},"blockHash":"0x8ee9c89c042749060aa7225c9568cfbeb4ae658041f42cf5cfa90ef3cbc8c250","blockNumber":44,"result":{"gasUsed":"0x5f9c","output":"0x"},"subtraces":0,"traceAddress":[],"transactionHash":"0x04fd4668ef5f466780ea8c866659e563d8659a626e5de911ea4a687cda38e4b5","transactionPosition":0,"type":"call"},{"action":{"from":"0x7435ed30a8b4aeb0877cef0c6e8cffe834eb865f","callType":"call","gas":"0x133d8","input":"0x7656ae13bace34c5656d6974","to":"0x7dcd17433742f4c0ca53122ab541d0ba67fc27df","value":"0x2"},"blockHash":"0x8ee9c89c042749060aa7225c9568cfbeb4ae658041f42cf5cfa90ef3cbc8c250","blockNumber":44,"result":{"gasUsed":"0x6fa0","output":"0x"},"subtraces":0,"traceAddress":[],"transactionHash":"0x213aa25f0673a954b12f125f001fdfdfc9c4e5ce3f8a5aeb8292f04f5feb15b4","transactionPosition":1,"type":"call"},{"action":{"from":"0x7435ed30a8b4aeb0877cef0c6e8cffe834eb865f","callType":"call","gas":"0x0","input":"0x","to":"0xd803681e487e6ac18053afc5a6cd813c86ec3e4d","value":"0x1"},"blockHash":"0x8ee9c89c042749060aa7225c9568cfbeb4ae658041f42cf5cfa90ef3cbc8c250","blockNumber":44,"result":{"gasUsed":"0x0","output":"0x"},"subtraces":0,"traceAddress":[],"transactionHash":"0x894b329288125359a28bb1e9c07bf6147ed1e1982b0e487a51a0c724d7fa7486","transactionPosition":2,"type":"call"},{"action":{"from":"0x7435ed30a8b4aeb0877cef0c6e8cffe834eb865f","callType":"call","gas":"0x0","input":"0x","to":"0x16c57edf7fa9d9525378b0b81bf8a3ced0620c1c","value":"0x1"},"blockHash":"0xe6d9078b4964bc1b329fb12242254e21cf88ffa9a88058e515d6e79f7d8fce0d","blockNumber":45,"result":{"gasUsed":"0x0","output":"0x"},"subtraces":0,"traceAddress":[],"transactionHash":"0x8d872ca87b7f1343eab260d3f69260e8efde5dcf5532a23c18e1c25cadaa2df7","transactionPosition":0,"type":"call"},{"action":{"from":"0x7435ed30a8b4aeb0877cef0c6e8cffe834eb865f","callType":"call","gas":"0x0","input":"0x","to":"0x14e46043e63d0e3cdcf2530519f4cfaf35058cb2","value":"0x1"},"blockHash":"0xe6d9078b4964bc1b329fb12242254e21cf88ffa9a88058e515d6e79f7d8fce0d","blockNumber":45,"result":{"gasUsed":"0x0","output":"0x"},"subtraces":0,"traceAddress":[],"transactionHash":"0x07782b90d866d9c854fc70a3609e69f378a7d392a61f7cd712136d79e3f98a6f","transactionPosition":1,"type":"call"},{"action":{"from":"0x7435ed30a8b4aeb0877cef0c6e8cffe834eb865f","callType":"call","gas":"0x13488","input":"0x01","to":"0x9dcd17433742f4c0ca53122ab541d0ba67fc27d3","value":"0x0"},"blockHash":"0x5b3627e612c821267b54826693cfde431298fd7cdb8f8ec6ea90d952c494e7e8","blockNumber":46,"error":"Reverted","result":{"gasUsed":"0x889","output":"0x08c379a00000000000000000000000000000000000000000000000000000000000000020000000000000000000000000000000000000000000000000000000000000000a75736572206572726f72"},"subtraces":0,"traceAddress":[],"transactionHash":"0x6992fed2b2fc6c77cb7ffc2a1351d8e5dadf08cf2736fb6d1a0ed5786f3d5206","transactionPosition":0,"type":"call"},{"action":{"from":"0x7435ed30a8b4aeb0877cef0c6e8cffe834eb865f","callType":"call","gas":"0x8d5b8","input":"0x","to":"0x9dcd17433742f4c0ca53122ab541d0ba67fc27d0","value":"0x0"},"blockHash":"0x5b3627e612c821267b54826693cfde431298fd7cdb8f8ec6ea90d952c494e7e8","blockNumber":46,"result":{"gasUsed":"0x1fc63","output":"0xffee"},"subtraces":7,"traceAddress":[],"transactionHash":"0x64b5f6ae3b44a9623caeecbb78c9cf65f9a23781c585d75642e8f52b71bc1599","transactionPosition":1,"type":"call"},{"action":{"from":"0x9dcd17433742f4c0ca53122ab541d0ba67fc27d0","callType":"call","gas":"0xf35c","input":"0xff01","to":"0x9dcd17433742f4c0ca53122ab541d0ba67fc27d1","value":"0x1"},"blockHash":"0x5b3627e612c821267b54826693cfde431298fd7cdb8f8ec6ea90d952c494e7e8","blockNumber":46,"result":{"gasUsed":"0x48","output":"0xffee"},"subtraces":0,"traceAddress":[0],"transactionHash":"0x64b5f6ae3b44a9623caeecbb78c9cf65f9a23781c585d75642e8f52b71bc1599","transactionPosition":1,"type":"call"},{"action":{"from":"0x9dcd17433742f4c0ca53122ab541d0ba67fc27d0","callType":"call","gas":"0xea60","input":"0x0000000000000000000000000000000000000000000000000000000000000001","to":"0x9dcd17433742f4c0ca53122ab541d0ba67fc27d3","value":"0x0"},"blockHash":"0x5b3627e612c821267b54826693cfde431298fd7cdb8f8ec6ea90d952c494e7e8","blockNumber":46,"error":"Reverted","result":{"gasUsed":"0x889","output":"0x08c379a00000000000000000000000000000000000000000000000000000000000000020000000000000000000000000000000000000000000000000000000000000000a75736572206572726f72"},"subtraces":0,"traceAddress":[1],"transactionHash":"0x64b5f6ae3b44a9623caeecbb78c9cf65f9a23781c585d75642e8f52b71bc1599","transactionPosition":1,"type":"call"},{"action":{"from":"0x9dcd17433742f4c0ca53122ab541d0ba67fc27d0","callType":"staticcall","gas":"0xea60","input":"0x","to":"0x9dcd17433742f4c0ca53122ab541d0ba67fc27d2","value":"0x0"},"blockHash":"0x5b3627e612c821267b54826693cfde431298fd7cdb8f8ec6ea90d952c494e7e8","blockNumber":46,"result":{"gasUsed":"0x7d","output":"0x000000000000000000000000000000000000000000000000000000000000002e000000000000000000000000000000000000000000000000000c72dd9d5e883e0000000000000000000000000000000000000000000000000000000000000000000000000000000000000000000000000000000000000000000000000021650900000000000000000000000000000000000000000000000000000000000000000000000000000000000000007435ed30a8b4aeb0877cef0c6e8cffe834eb865f0000000000000000000000000000000000000000000000000000000000000000"},"subtraces":0,"traceAddress":[2],"transactionHash":"0x64b5f6ae3b44a9623caeecbb78c9cf65f9a23781c585d75642e8f52b71bc1599","transactionPosition":1,"type":"call"},{"action":{"from":"0x9dcd17433742f4c0ca53122ab541d0ba67fc27d0","callType":"staticcall","gas":"0xea60","input":"0x","to":"0x7dcd17433742f4c0ca53122ab541d0ba67fc27df","value":"0x0"},"blockHash":"0x5b3627e612c821267b54826693cfde431298fd7cdb8f8ec6ea90d952c494e7e8","blockNumber":46,"error":"out of gas: write protection","result":null,"subtraces":0,"traceAddress":[3],"transactionHash":"0x64b5f6ae3b44a9623caeecbb78c9cf65f9a23781c585d75642e8f52b71bc1599","transactionPosition":1,"type":"call"},{"action":{"from":"0x9dcd17433742f4c0ca53122ab541d0ba67fc27d0","callType":"delegatecall","gas":"0xea60","input":"0x00000000","to":"0x7dcd17433742f4c0ca53122ab541d0ba67fc27df","value":"0x0"},"blockHash":"0x5b3627e612c821267b54826693cfde431298fd7cdb8f8ec6ea90d952c494e7e8","blockNumber":46,"result":{"gasUsed":"0x2cd4","output":"0x"},"subtraces":0,"traceAddress":[4],"transactionHash":"0x64b5f6ae3b44a9623caeecbb78c9cf65f9a23781c585d75642e8f52b71bc1599","transactionPosition":1,"type":"call"},{"action":{"from":"0x9dcd17433742f4c0ca53122ab541d0ba67fc27d0","callType":"callcode","gas":"0xea60","input":"0xff01","to":"0x9dcd17433742f4c0ca53122ab541d0ba67fc27d1","value":"0x0"},"blockHash":"0x5b3627e612c821267b54826693cfde431298fd7cdb8f8ec6ea90d952c494e7e8","blockNumber":46,"result":{"gasUsed":"0x48","output":"0xffee"},"subtraces":0,"traceAddress":[5],"transactionHash":"0x64b5f6ae3b44a9623caeecbb78c9cf65f9a23781c585d75642e8f52b71bc1599","transactionPosition":1,"type":"call"},{"action":{"from":"0x9dcd17433742f4c0ca53122ab541d0ba67fc27d0","creationMethod":"create","gas":"0x6d70b","init":"0x5b646368696c6460006000a133ff","value":"0x0"},"blockHash":"0x5b3627e612c821267b54826693cfde431298fd7cdb8f8ec6ea90d952c494e7e8","blockNumber":46,"result":{"address":"0x9ee5c90ad0a83dd07800c64adb87c584092f8e37","code":"0x","gasUsed":"0x1682"},"subtraces":1,"traceAddress":[6],"transactionHash":"0x64b5f6ae3b44a9623caeecbb78c9cf65f9a23781c585d75642e8f52b71bc1599","transactionPosition":1,"type":"create"},{"action":{"address":"0x9ee5c90ad0a83dd07800c64adb87c584092f8e37","refundAddress":"0x9dcd17433742f4c0ca53122ab541d0ba67fc27d0","balance":"0x0"},"blockHash":"0x5b3627e612c821267b54826693cfde431298fd7cdb8f8ec6ea90d952c494e7e8","blockNumber":46,"result":null,"subtraces":0,"traceAddress":[6,0],"transactionHash":"0x64b5f6ae3b44a9623caeecbb78c9cf65f9a23781c585d75642e8f52b71bc1599","transactionPosition":1,"type":"suicide"},{"action":{"from":"0x7435ed30a8b4aeb0877cef0c6e8cffe834eb865f","callType":"call","gas":"0x11ba0","input":"0x515a531d2825dec2656d6974","to":"0x7dcd17433742f4c0ca53122ab541d0ba67fc27df","value":"0x2"},"blockHash":"0x5b3627e612c821267b54826693cfde431298fd7cdb8f8ec6ea90d952c494e7e8","blockNumber":46,"result":{"gasUsed":"0x5f9c","output":"0x"},"subtraces":0,"traceAddress":[],"transactionHash":"0x2cd66c5f92f7f966a3ae2e79fa501284a5da51a3d9d233159854d17c427b1441","transactionPosition":2,"type":"call"},{"action":{"from":"0x7435ed30a8b4aeb0877cef0c6e8cffe834eb865f","callType":"call","gas":"0x11ba0","input":"0xea41c6626bd2d71a656d6974","to":"0x7dcd17433742f4c0ca53122ab541d0ba67fc27df","value":"0x2"},"blockHash":"0xaede89efdac80ce5f55b93ee934eddc67b5c8a4282b18a86ca635d69234301f3","blockNumber":47,"result":{"gasUsed":"0x5f9c","output":"0x"},"subtraces":0,"traceAddress":[],"transactionHash":"0xc81daa5f275b0b347590ec8558e530da183a7ff86c377221a59c96faf5bea12c","transactionPosition":0,"type":"call"},{"action":{"from":"0x7435ed30a8b4aeb0877cef0c6e8cffe834eb865f","callType":"call","gas":"0x11ba0","input":"0x65682bc386966217656d6974","to":"0x7dcd17433742f4c0ca53122ab541d0ba67fc27df","value":"0x3"},"blockHash":"0xaede89efdac80ce5f55b93ee934eddc67b5c8a4282b18a86ca635d69234301f3","blockNumber":47,"result":{"gasUsed":"0x5f9c","output":"0x"},"subtraces":0,"traceAddress":[],"transactionHash":"0x1d37878b27d1e686d15b99cb406684e3c50be2fb0cadce5daee795b48c2003bb","transactionPosition":1,"type":"call"},{"action":{"from":"0x7435ed30a8b4aeb0877cef0c6e8cffe834eb865f","callType":"call","gas":"0x133d8","input":"0x156e2b9e3a273c7b656d6974","to":"0x7dcd17433742f4c0ca53122ab541d0ba67fc27df","value":"0x2"},"blockHash":"0xaede89efdac80ce5f55b93ee934eddc67b5c8a4282b18a86ca635d69234301f3","blockNumber":47,"result":{"gasUsed":"0x6fa0","output":"0x"},"subtraces":0,"traceAddress":[],"transactionHash":"0x62f97493d38267cf7b80fd4e9a048bb77cceed36ac0ddd1072736cff48915821","transactionPosition":2,"type":"call"},{"action":{"from":"0x7435ed30a8b4aeb0877cef0c6e8cffe834eb865f","callType":"call","gas":"0x0","input":"0x","to":"0x83c7e323d189f18725ac510004fdc2941f8c4a78","value":"0x1"},"blockHash":"0xf0b1510b2a9c8d4c4bd1ff2c578ddbffc04741aa06b3cc8680a343741ef15e84","blockNumber":48,"result":{"gasUsed":"0x0","output":"0x"},"subtraces":0,"traceAddress":[],"transactionHash":"0x8e96b39ab5e268215283ab40d65139edc6f281f4d79444b6b0a87861c5f8a1d5","transactionPosition":0,"type":"call"},{"action":{"from":"0x7435ed30a8b4aeb0877cef0c6e8cffe834eb865f","callType":"call","gas":"0x0","input":"0x","to":"0x2d389075be5be9f2246ad654ce152cf05990b209","value":"0x1"},"blockHash":"0xf0b1510b2a9c8d4c4bd1ff2c578ddbffc04741aa06b3cc8680a343741ef15e84","blockNumber":48,"result":{"gasUsed":"0x0","output":"0x"},"subtraces":0,"traceAddress":[],"transactionHash":"0x7045e365111563c3f68594c54d9c4d7e3445f0cfc9671f68e8a0122f849f3f18","transactionPosition":1,"type":"call"},{"action":{"from":"0x7435ed30a8b4aeb0877cef0c6e8cffe834eb865f","callType":"call","gas":"0x0","input":"0x","to":"0x3ae75c08b4c907eb63a8960c45b86e1e9ab6123c","value":"0x1"},"blockHash":"0xf0b1510b2a9c8d4c4bd1ff2c578ddbffc04741aa06b3cc8680a343741ef15e84","blockNumber":48,"result":{"gasUsed":"0x0","output":"0x"},"subtraces":0,"traceAddress":[],"transactionHash":"0xbe7d79a54b361c1515802fdf8e3843694b3a93350a9097b84c5582686c77163c","transactionPosition":2,"type":"call"}]}
response differs from expected (-- client, ++ test):
{
  "id": 1,
  "jsonrpc": "2.0",
  "result": -- [] ++ {}
}
>>  {"jsonrpc": "2.0", "id": 1, "method": "eth_getBlockByNumber", "params": ["0x30", false]}
<<  {"jsonrpc":"2.0","id":1,"result":{"baseFeePerGas":"0x199876","blobGasUsed":"0x0","difficulty":"0x0","excessBlobGas":"0x0","extraData":"0x","gasLimit":"0x5f5e100","gasUsed":"0xf618","hash":"0xf0b1510b2a9c8d4c4bd1ff2c578ddbffc04741aa06b3cc8680a343741ef15e84","logsBloom":"0x00000000000000000000000000000000000000000000000000000000000000000000000000000000000000000000000000000000000000000000000000000000000000000000000000000000000000000000000000000000000000000000000000000000000000000000000000000000000000000000000000000000000000000000000000000000000000000000000000000000000000000000000000000000000000000000000000000000000000000000000000000000000000000000000000000000000000000000000000000000000000000000000000000000000000000000000000000000000000000000000000000000000000000000000000000000","miner":"0x0000000000000000000000000000000000000000","mixHash":"0x0000000000000000000000000000000000000000000000000000000000000000","nonce":"0x0000000000000000","number":"0x30","parentBeaconBlockRoot":"0x5b5b49487967b3b60bd859ba2fb13290c6eaf67e97e9f9f9dda935c08564b5f6","parentHash":"0xaede89efdac80ce5f55b93ee934eddc67b5c8a4282b18a86ca635d69234301f3","receiptsRoot":"0x4b7fefa97a453e0ee0cea1d51ca4ab3729f3a2a6a8388a5a3b13765eec3720b7","requestsHash":"0xe3b0c44298fc1c149afbf4c8996fb92427ae41e4649b934ca495991b7852b855","sha3Uncles":"0x1dcc4de8dec75d7aab85b567b6ccd41ad312451b948a7413f0a142fd40d49347","size":"0x3b8","stateRoot":"0xbce840ac9806ecb3d791bf55bfcfa9460ff3275996aff265fc75e2a2f3efdb26","timestamp":"0x1e0","transactions":["0x8e96b39ab5e268215283ab40d65139edc6f281f4d79444b6b0a87861c5f8a1d5","0x7045e365111563c3f68594c54d9c4d7e3445f0cfc9671f68e8a0122f849f3f18","0xbe7d79a54b361c1515802fdf8e3843694b3a93350a9097b84c5582686c77163c"],"transactionsRoot":"0x3d96f46f0efae36059fcba93396d90ed19260e009e9dac0057a1d87e66dc17d0","uncles":[],"withdrawals":[],"withdrawalsRoot":"0x56e81f171bcc55a6ff8345e692c0f86e5b48e01b996cadc001622fb5e363b421"}}
response differs from expected (-- client, ++ test):
{
  "id": 1,
  "jsonrpc": "2.0",
  "result": {
    -- "baseFeePerGas": "0x199876",
    -- "blobGasUsed": "0x0",
    ++ "capture_only": true,
    -- "difficulty": "0x0",
    -- "excessBlobGas": "0x0",
    -- "extraData": "0x",
    -- "gasLimit": "0x5f5e100",
    -- "gasUsed": "0xf618",
    -- "hash": "0xf0b1510b2a9c8d4c4bd1ff2c578ddbffc04741aa06b3cc8680a343741ef15e84",
    -- "logsBloom": "0x00000000000000000000000000000000000000000000000000000000000000000000000000000000000000000000000000000000000000000000000000000000000000000000000000000000000000000000000000000000000000000000000000000000000000000000000000000000000000000000000000000000000000000000000000000000000000000000000000000000000000000000000000000000000000000000000000000000000000000000000000000000000000000000000000000000000000000000000000000000000000000000000000000000000000000000000000000000000000000000000000000000000000000000000000000000",
    -- "miner": "0x0000000000000000000000000000000000000000",
    -- "mixHash": "0x0000000000000000000000000000000000000000000000000000000000000000",
    -- "nonce": "0x0000000000000000",
    -- "number": "0x30",
    -- "parentBeaconBlockRoot": "0x5b5b49487967b3b60bd859ba2fb13290c6eaf67e97e9f9f9dda935c08564b5f6",
    -- "parentHash": "0xaede89efdac80ce5f55b93ee934eddc67b5c8a4282b18a86ca635d69234301f3",
    -- "receiptsRoot": "0x4b7fefa97a453e0ee0cea1d51ca4ab3729f3a2a6a8388a5a3b13765eec3720b7",
    -- "requestsHash": "0xe3b0c44298fc1c149afbf4c8996fb92427ae41e4649b934ca495991b7852b855",
    -- "sha3Uncles": "0x1dcc4de8dec75d7aab85b567b6ccd41ad312451b948a7413f0a142fd40d49347",
    -- "size": "0x3b8",
    -- "stateRoot": "0xbce840ac9806ecb3d791bf55bfcfa9460ff3275996aff265fc75e2a2f3efdb26",
    -- "timestamp": "0x1e0",
    -- "transactions": [
      -- "0x8e96b39ab5e268215283ab40d65139edc6f281f4d79444b6b0a87861c5f8a1d5",
      -- "0x7045e365111563c3f68594c54d9c4d7e3445f0cfc9671f68e8a0122f849f3f18",
      -- "0xbe7d79a54b361c1515802fdf8e3843694b3a93350a9097b84c5582686c77163c"
    -- ],
    -- "transactionsRoot": "0x3d96f46f0efae36059fcba93396d90ed19260e009e9dac0057a1d87e66dc17d0",
    -- "uncles": [],
    -- "withdrawals": [],
    -- "withdrawalsRoot": "0x56e81f171bcc55a6ff8345e692c0f86e5b48e01b996cadc001622fb5e363b421"
  }
}
>>  {"jsonrpc": "2.0", "id": 1, "method": "eth_blockNumber", "params": []}
<<  {"jsonrpc":"2.0","id":1,"result":"0x30"}
response differs from expected (-- client, ++ test):
{
  "id": 1,
  "jsonrpc": "2.0",
  "result": -- "0x30" ++ {}
}
>>  {"jsonrpc": "2.0", "id": 1, "method": "eth_getTransactionReceipt", "params": ["0xe4a4bd6a4fad4df86c1222128b9d79a1dd0686cf4a0e1d506731482b7266d483"]}
<<  {"jsonrpc":"2.0","id":1,"result":{"blockHash":"0x6cb3089f8b5ff993ed24ed9ccbfa8bae322848d722842e6453576f30029b1434","blockNumber":"0x2a","contractAddress":null,"cumulativeGasUsed":"0x5208","effectiveGasPrice":"0x38e4f7","from":"0x7435ed30a8b4aeb0877cef0c6e8cffe834eb865f","gasUsed":"0x5208","logs":[],"logsBloom":"0x00000000000000000000000000000000000000000000000000000000000000000000000000000000000000000000000000000000000000000000000000000000000000000000000000000000000000000000000000000000000000000000000000000000000000000000000000000000000000000000000000000000000000000000000000000000000000000000000000000000000000000000000000000000000000000000000000000000000000000000000000000000000000000000000000000000000000000000000000000000000000000000000000000000000000000000000000000000000000000000000000000000000000000000000000000000","status":"0x1","to":"0x1f5bde34b4afc686f136c7a3cb6ec376f7357759","transactionHash":"0xe4a4bd6a4fad4df86c1222128b9d79a1dd0686cf4a0e1d506731482b7266d483","transactionIndex":"0x0","type":"0x0"}}
response differs from expected (-- client, ++ test):
{
  "id": 1,
  "jsonrpc": "2.0",
  "result": {
    -- "blockHash": "0x6cb3089f8b5ff993ed24ed9ccbfa8bae322848d722842e6453576f30029b1434",
    -- "blockNumber": "0x2a",
    ++ "capture_only": true,
    -- "contractAddress": null,
    -- "cumulativeGasUsed": "0x5208",
    -- "effectiveGasPrice": "0x38e4f7",
    -- "from": "0x7435ed30a8b4aeb0877cef0c6e8cffe834eb865f",
    -- "gasUsed": "0x5208",
    -- "logs": [],
    -- "logsBloom": "0x00000000000000000000000000000000000000000000000000000000000000000000000000000000000000000000000000000000000000000000000000000000000000000000000000000000000000000000000000000000000000000000000000000000000000000000000000000000000000000000000000000000000000000000000000000000000000000000000000000000000000000000000000000000000000000000000000000000000000000000000000000000000000000000000000000000000000000000000000000000000000000000000000000000000000000000000000000000000000000000000000000000000000000000000000000000",
    -- "status": "0x1",
    -- "to": "0x1f5bde34b4afc686f136c7a3cb6ec376f7357759",
    -- "transactionHash": "0xe4a4bd6a4fad4df86c1222128b9d79a1dd0686cf4a0e1d506731482b7266d483",
    -- "transactionIndex": "0x0",
    -- "type": "0x0"
  }
}
interop Engine engine_newPayloadV4: reply=map[latestValidHash:0x23a229f69acd6ffb1d98dbae859e4fde6bcb6db51786ec54d07085d74bf473d4 status:VALID validationError:<nil>] error=<nil>
interop Engine engine_newPayloadV4: reply=map[latestValidHash:0xb643aaad7876814b2319a5ac15e3efd4c5a928f711683d4d3abee5b525fc349d status:VALID validationError:<nil>] error=<nil>
interop Engine engine_newPayloadV4: reply=map[latestValidHash:0x59c52ea8dd1dfdb037aec4a2f28907fb1cf4ca5401b48590182eaa5415e8e6f3 status:VALID validationError:<nil>] error=<nil>
interop Engine engine_newPayloadV4: reply=map[latestValidHash:0x3ae39139cb5ef4492f48c7ed41f861621a0f7af2c15ee458b09914e7fc97dfe9 status:VALID validationError:<nil>] error=<nil>
interop Engine engine_newPayloadV4: reply=map[latestValidHash:0x008d1333b89a6507babffba8a8605f2426aa21a829ad0c20131d40dc72300628 status:VALID validationError:<nil>] error=<nil>
interop Engine engine_newPayloadV4: reply=map[latestValidHash:0xb75975dcf8dc29c9d8f63272511a20eb5c16c8466634e83f6b840d3baaa54110 status:VALID validationError:<nil>] error=<nil>
interop Engine engine_newPayloadV4: reply=map[latestValidHash:0xced04ae80b11fac8e3619bba83e9f8a3490159e045f1ac504955e69a783dbbcd status:VALID validationError:<nil>] error=<nil>
interop Engine engine_newPayloadV4: reply=map[latestValidHash:0xa3b4b86837197906688c55979962fcf57fc43f7d1796cdacce350f2a4590ef8e status:VALID validationError:<nil>] error=<nil>
interop Engine engine_newPayloadV4: reply=map[latestValidHash:0x89760635a073492746414d5e8ea50ceaaaf035f603e37543a36328af11d6de32 status:VALID validationError:<nil>] error=<nil>
interop forkchoice accepted: [map[finalizedBlockHash:0x9901db3a31e7004c45911fca4480b7dce86a4baeab819eb4959d7316f687d54c headBlockHash:0x89760635a073492746414d5e8ea50ceaaaf035f603e37543a36328af11d6de32 safeBlockHash:0x9901db3a31e7004c45911fca4480b7dce86a4baeab819eb4959d7316f687d54c] <nil>]
>>  {"jsonrpc": "2.0", "id": 1, "method": "trace_block", "params": ["0x2d"]}
<<  {"jsonrpc":"2.0","id":1,"result":[]}
response differs from expected (-- client, ++ test):
{
  "id": 1,
  "jsonrpc": "2.0",
  "result": -- [] ++ {}
}
>>  {"jsonrpc": "2.0", "id": 1, "method": "trace_filter", "params": [{"fromBlock": "0x28", "toBlock": "0x30"}]}
<<  {"jsonrpc":"2.0","id":1,"result":[]}
response differs from expected (-- client, ++ test):
{
  "id": 1,
  "jsonrpc": "2.0",
  "result": -- [] ++ {}
}
>>  {"jsonrpc": "2.0", "id": 1, "method": "eth_getBlockByNumber", "params": ["0x30", false]}
<<  {"jsonrpc":"2.0","id":1,"result":{"baseFeePerGas":"0x198413","blobGasUsed":"0x0","difficulty":"0x0","excessBlobGas":"0x0","extraData":"0x","gasLimit":"0x5f5e100","gasUsed":"0x0","hash":"0x89760635a073492746414d5e8ea50ceaaaf035f603e37543a36328af11d6de32","logsBloom":"0x00000000000000000000000000000000000000000000000000000000000000000000000000000000000000000000000000000000000000000000000000000000000000000000000000000000000000000000000000000000000000000000000000000000000000000000000000000000000000000000000000000000000000000000000000000000000000000000000000000000000000000000000000000000000000000000000000000000000000000000000000000000000000000000000000000000000000000000000000000000000000000000000000000000000000000000000000000000000000000000000000000000000000000000000000000000","miner":"0x0000000000000000000000000000000000000000","mixHash":"0x0000000000000000000000000000000000000000000000000000000000000000","nonce":"0x0000000000000000","number":"0x30","parentBeaconBlockRoot":"0x5b5b49487967b3b60bd859ba2fb13290c6eaf67e97e9f9f9dda935c08564b5f6","parentHash":"0xa3b4b86837197906688c55979962fcf57fc43f7d1796cdacce350f2a4590ef8e","receiptsRoot":"0x56e81f171bcc55a6ff8345e692c0f86e5b48e01b996cadc001622fb5e363b421","requestsHash":"0xe3b0c44298fc1c149afbf4c8996fb92427ae41e4649b934ca495991b7852b855","sha3Uncles":"0x1dcc4de8dec75d7aab85b567b6ccd41ad312451b948a7413f0a142fd40d49347","size":"0x265","stateRoot":"0xe679c81a19539811969c8d19a159ade831d70b65332e61695bf8ff5084c2a975","timestamp":"0x1e0","transactions":[],"transactionsRoot":"0x56e81f171bcc55a6ff8345e692c0f86e5b48e01b996cadc001622fb5e363b421","uncles":[],"withdrawals":[],"withdrawalsRoot":"0x56e81f171bcc55a6ff8345e692c0f86e5b48e01b996cadc001622fb5e363b421"}}
response differs from expected (-- client, ++ test):
{
  "id": 1,
  "jsonrpc": "2.0",
  "result": {
    -- "baseFeePerGas": "0x198413",
    -- "blobGasUsed": "0x0",
    ++ "capture_only": true,
    -- "difficulty": "0x0",
    -- "excessBlobGas": "0x0",
    -- "extraData": "0x",
    -- "gasLimit": "0x5f5e100",
    -- "gasUsed": "0x0",
    -- "hash": "0x89760635a073492746414d5e8ea50ceaaaf035f603e37543a36328af11d6de32",
    -- "logsBloom": "0x00000000000000000000000000000000000000000000000000000000000000000000000000000000000000000000000000000000000000000000000000000000000000000000000000000000000000000000000000000000000000000000000000000000000000000000000000000000000000000000000000000000000000000000000000000000000000000000000000000000000000000000000000000000000000000000000000000000000000000000000000000000000000000000000000000000000000000000000000000000000000000000000000000000000000000000000000000000000000000000000000000000000000000000000000000000",
    -- "miner": "0x0000000000000000000000000000000000000000",
    -- "mixHash": "0x0000000000000000000000000000000000000000000000000000000000000000",
    -- "nonce": "0x0000000000000000",
    -- "number": "0x30",
    -- "parentBeaconBlockRoot": "0x5b5b49487967b3b60bd859ba2fb13290c6eaf67e97e9f9f9dda935c08564b5f6",
    -- "parentHash": "0xa3b4b86837197906688c55979962fcf57fc43f7d1796cdacce350f2a4590ef8e",
    -- "receiptsRoot": "0x56e81f171bcc55a6ff8345e692c0f86e5b48e01b996cadc001622fb5e363b421",
    -- "requestsHash": "0xe3b0c44298fc1c149afbf4c8996fb92427ae41e4649b934ca495991b7852b855",
    -- "sha3Uncles": "0x1dcc4de8dec75d7aab85b567b6ccd41ad312451b948a7413f0a142fd40d49347",
    -- "size": "0x265",
    -- "stateRoot": "0xe679c81a19539811969c8d19a159ade831d70b65332e61695bf8ff5084c2a975",
    -- "timestamp": "0x1e0",
    -- "transactions": [],
    -- "transactionsRoot": "0x56e81f171bcc55a6ff8345e692c0f86e5b48e01b996cadc001622fb5e363b421",
    -- "uncles": [],
    -- "withdrawals": [],
    -- "withdrawalsRoot": "0x56e81f171bcc55a6ff8345e692c0f86e5b48e01b996cadc001622fb5e363b421"
  }
}
>>  {"jsonrpc": "2.0", "id": 1, "method": "eth_blockNumber", "params": []}
<<  {"jsonrpc":"2.0","id":1,"result":"0x30"}
response differs from expected (-- client, ++ test):
{
  "id": 1,
  "jsonrpc": "2.0",
  "result": -- "0x30" ++ {}
}
>>  {"jsonrpc": "2.0", "id": 1, "method": "eth_getTransactionReceipt", "params": ["0xe4a4bd6a4fad4df86c1222128b9d79a1dd0686cf4a0e1d506731482b7266d483"]}
<<  {"jsonrpc":"2.0","id":1,"result":null}
response differs from expected (-- client, ++ test):
{
  "id": 1,
  "jsonrpc": "2.0",
  "result": -- null ++ {}
}
interop forkchoice accepted: [map[finalizedBlockHash:0x9901db3a31e7004c45911fca4480b7dce86a4baeab819eb4959d7316f687d54c headBlockHash:0xf0b1510b2a9c8d4c4bd1ff2c578ddbffc04741aa06b3cc8680a343741ef15e84 safeBlockHash:0x9901db3a31e7004c45911fca4480b7dce86a4baeab819eb4959d7316f687d54c] <nil>]
>>  {"jsonrpc": "2.0", "id": 1, "method": "trace_block", "params": ["0x2d"]}
<<  {"jsonrpc":"2.0","id":1,"result":[{"action":{"from":"0x7435ed30a8b4aeb0877cef0c6e8cffe834eb865f","callType":"call","gas":"0x0","input":"0x","to":"0x16c57edf7fa9d9525378b0b81bf8a3ced0620c1c","value":"0x1"},"blockHash":"0xe6d9078b4964bc1b329fb12242254e21cf88ffa9a88058e515d6e79f7d8fce0d","blockNumber":45,"result":{"gasUsed":"0x0","output":"0x"},"subtraces":0,"traceAddress":[],"transactionHash":"0x8d872ca87b7f1343eab260d3f69260e8efde5dcf5532a23c18e1c25cadaa2df7","transactionPosition":0,"type":"call"},{"action":{"from":"0x7435ed30a8b4aeb0877cef0c6e8cffe834eb865f","callType":"call","gas":"0x0","input":"0x","to":"0x14e46043e63d0e3cdcf2530519f4cfaf35058cb2","value":"0x1"},"blockHash":"0xe6d9078b4964bc1b329fb12242254e21cf88ffa9a88058e515d6e79f7d8fce0d","blockNumber":45,"result":{"gasUsed":"0x0","output":"0x"},"subtraces":0,"traceAddress":[],"transactionHash":"0x07782b90d866d9c854fc70a3609e69f378a7d392a61f7cd712136d79e3f98a6f","transactionPosition":1,"type":"call"}]}
response differs from expected (-- client, ++ test):
{
  "id": 1,
  "jsonrpc": "2.0",
  "result": -- [] ++ {}
}
>>  {"jsonrpc": "2.0", "id": 1, "method": "trace_filter", "params": [{"fromBlock": "0x28", "toBlock": "0x30"}]}
<<  {"jsonrpc":"2.0","id":1,"result":[{"action":{"from":"0x7435ed30a8b4aeb0877cef0c6e8cffe834eb865f","callType":"call","gas":"0x11ba0","input":"0x036464a71961a53a656d6974","to":"0x7dcd17433742f4c0ca53122ab541d0ba67fc27df","value":"0x2"},"blockHash":"0xfc2b688f6d286950eff2cf6f1b10a6bf63e92a20fcdf8db7377ef647b154eb52","blockNumber":40,"result":{"gasUsed":"0x5f9c","output":"0x"},"subtraces":0,"traceAddress":[],"transactionHash":"0x0efc1e4671e41e768fa107ecf72ab35e03d5a8b7e3f5bbe29cb28dc1eea265a2","transactionPosition":0,"type":"call"},{"action":{"from":"0x7435ed30a8b4aeb0877cef0c6e8cffe834eb865f","callType":"call","gas":"0x11ba0","input":"0x9ec58f808778768f656d6974","to":"0x7dcd17433742f4c0ca53122ab541d0ba67fc27df","value":"0x2"},"blockHash":"0xfc2b688f6d286950eff2cf6f1b10a6bf63e92a20fcdf8db7377ef647b154eb52","blockNumber":40,"result":{"gasUsed":"0x5f9c","output":"0x"},"subtraces":0,"traceAddress":[],"transactionHash":"0x1942a6223310f991ab036dccb28259dd634e39e08152d383afc422481e5ab2c2","transactionPosition":1,"type":"call"},{"action":{"from":"0x7435ed30a8b4aeb0877cef0c6e8cffe834eb865f","callType":"call","gas":"0x11ba0","input":"0xcd417355d4039279656d6974","to":"0x7dcd17433742f4c0ca53122ab541d0ba67fc27df","value":"0x3"},"blockHash":"0xfc2b688f6d286950eff2cf6f1b10a6bf63e92a20fcdf8db7377ef647b154eb52","blockNumber":40,"result":{"gasUsed":"0x5f9c","output":"0x"},"subtraces":0,"traceAddress":[],"transactionHash":"0xbc3230ca851b7baad39753405e55d96f2124d1e5e8ab9cd76c638bba601423ac","transactionPosition":2,"type":"call"},{"action":{"from":"0x7435ed30a8b4aeb0877cef0c6e8cffe834eb865f","callType":"call","gas":"0x133d8","input":"0x3186f4d423ee1407656d6974","to":"0x7dcd17433742f4c0ca53122ab541d0ba67fc27df","value":"0x2"},"blockHash":"0x9bc6bd9fb238298cb6a4260fc4306ab426b3e2d41607e719dde8c4ca41817da7","blockNumber":41,"result":{"gasUsed":"0x6fa0","output":"0x"},"subtraces":0,"traceAddress":[],"transactionHash":"0x6a2b2c1d5d3bae710fa3c9f79035e0b6b98d65df9cb05e425087c93ce9bf08ed","transactionPosition":0,"type":"call"},{"action":{"from":"0x7435ed30a8b4aeb0877cef0c6e8cffe834eb865f","callType":"call","gas":"0x0","input":"0x","to":"0x717f8aa2b982bee0e29f573d31df288663e1ce16","value":"0x1"},"blockHash":"0x9bc6bd9fb238298cb6a4260fc4306ab426b3e2d41607e719dde8c4ca41817da7","blockNumber":41,"result":{"gasUsed":"0x0","output":"0x"},"subtraces":0,"traceAddress":[],"transactionHash":"0x9249eb130af4bcf26d420f09df8a51f4947e387f9e325e8b223237c9602208a1","transactionPosition":1,"type":"call"},{"action":{"from":"0x7435ed30a8b4aeb0877cef0c6e8cffe834eb865f","callType":"call","gas":"0x0","input":"0x","to":"0x4a0f1452281bcec5bd90c3dce6162a5995bfe9df","value":"0x1"},"blockHash":"0x9bc6bd9fb238298cb6a4260fc4306ab426b3e2d41607e719dde8c4ca41817da7","blockNumber":41,"result":{"gasUsed":"0x0","output":"0x"},"subtraces":0,"traceAddress":[],"transactionHash":"0xbdda348fd5169ff5cc8c761147a64b34ceb2e913d7bf5e8ddf8e497ca3e3460f","transactionPosition":2,"type":"call"},{"action":{"from":"0x7435ed30a8b4aeb0877cef0c6e8cffe834eb865f","callType":"call","gas":"0x0","input":"0x","to":"0x1f5bde34b4afc686f136c7a3cb6ec376f7357759","value":"0x1"},"blockHash":"0x6cb3089f8b5ff993ed24ed9ccbfa8bae322848d722842e6453576f30029b1434","blockNumber":42,"result":{"gasUsed":"0x0","output":"0x"},"subtraces":0,"traceAddress":[],"transactionHash":"0xe4a4bd6a4fad4df86c1222128b9d79a1dd0686cf4a0e1d506731482b7266d483","transactionPosition":0,"type":"call"},{"action":{"from":"0x7435ed30a8b4aeb0877cef0c6e8cffe834eb865f","callType":"call","gas":"0x13488","input":"0x01","to":"0x9dcd17433742f4c0ca53122ab541d0ba67fc27d3","value":"0x0"},"blockHash":"0x6cb3089f8b5ff993ed24ed9ccbfa8bae322848d722842e6453576f30029b1434","blockNumber":42,"error":"Reverted","result":{"gasUsed":"0x889","output":"0x08c379a00000000000000000000000000000000000000000000000000000000000000020000000000000000000000000000000000000000000000000000000000000000a75736572206572726f72"},"subtraces":0,"traceAddress":[],"transactionHash":"0x7a15f2b6b479009c2d8f167dfc8490654348e85aa4968583bab1d4c3c17284bb","transactionPosition":1,"type":"call"},{"action":{"from":"0x7435ed30a8b4aeb0877cef0c6e8cffe834eb865f","callType":"call","gas":"0x8d5b8","input":"0x","to":"0x9dcd17433742f4c0ca53122ab541d0ba67fc27d0","value":"0x0"},"blockHash":"0x22e8e9edaefc674ba389450dc41088e521fb2d33330a72c8b7aa2bf1b2281ffe","blockNumber":43,"result":{"gasUsed":"0x1fc63","output":"0xffee"},"subtraces":7,"traceAddress":[],"transactionHash":"0x651d033b62050d4a32ffb16281c8685790d1233922a4ec2dcd5c6c1a66461226","transactionPosition":0,"type":"call"},{"action":{"from":"0x9dcd17433742f4c0ca53122ab541d0ba67fc27d0","callType":"call","gas":"0xf35c","input":"0xff01","to":"0x9dcd17433742f4c0ca53122ab541d0ba67fc27d1","value":"0x1"},"blockHash":"0x22e8e9edaefc674ba389450dc41088e521fb2d33330a72c8b7aa2bf1b2281ffe","blockNumber":43,"result":{"gasUsed":"0x48","output":"0xffee"},"subtraces":0,"traceAddress":[0],"transactionHash":"0x651d033b62050d4a32ffb16281c8685790d1233922a4ec2dcd5c6c1a66461226","transactionPosition":0,"type":"call"},{"action":{"from":"0x9dcd17433742f4c0ca53122ab541d0ba67fc27d0","callType":"call","gas":"0xea60","input":"0x0000000000000000000000000000000000000000000000000000000000000001","to":"0x9dcd17433742f4c0ca53122ab541d0ba67fc27d3","value":"0x0"},"blockHash":"0x22e8e9edaefc674ba389450dc41088e521fb2d33330a72c8b7aa2bf1b2281ffe","blockNumber":43,"error":"Reverted","result":{"gasUsed":"0x889","output":"0x08c379a00000000000000000000000000000000000000000000000000000000000000020000000000000000000000000000000000000000000000000000000000000000a75736572206572726f72"},"subtraces":0,"traceAddress":[1],"transactionHash":"0x651d033b62050d4a32ffb16281c8685790d1233922a4ec2dcd5c6c1a66461226","transactionPosition":0,"type":"call"},{"action":{"from":"0x9dcd17433742f4c0ca53122ab541d0ba67fc27d0","callType":"staticcall","gas":"0xea60","input":"0x","to":"0x9dcd17433742f4c0ca53122ab541d0ba67fc27d2","value":"0x0"},"blockHash":"0x22e8e9edaefc674ba389450dc41088e521fb2d33330a72c8b7aa2bf1b2281ffe","blockNumber":43,"result":{"gasUsed":"0x7d","output":"0x000000000000000000000000000000000000000000000000000000000000002b000000000000000000000000000000000000000000000000000c72dd9d5e883e0000000000000000000000000000000000000000000000000000000000000000000000000000000000000000000000000000000000000000000000000031c9f400000000000000000000000000000000000000000000000000000000000000000000000000000000000000007435ed30a8b4aeb0877cef0c6e8cffe834eb865f0000000000000000000000000000000000000000000000000000000000000000"},"subtraces":0,"traceAddress":[2],"transactionHash":"0x651d033b62050d4a32ffb16281c8685790d1233922a4ec2dcd5c6c1a66461226","transactionPosition":0,"type":"call"},{"action":{"from":"0x9dcd17433742f4c0ca53122ab541d0ba67fc27d0","callType":"staticcall","gas":"0xea60","input":"0x","to":"0x7dcd17433742f4c0ca53122ab541d0ba67fc27df","value":"0x0"},"blockHash":"0x22e8e9edaefc674ba389450dc41088e521fb2d33330a72c8b7aa2bf1b2281ffe","blockNumber":43,"error":"out of gas: write protection","result":null,"subtraces":0,"traceAddress":[3],"transactionHash":"0x651d033b62050d4a32ffb16281c8685790d1233922a4ec2dcd5c6c1a66461226","transactionPosition":0,"type":"call"},{"action":{"from":"0x9dcd17433742f4c0ca53122ab541d0ba67fc27d0","callType":"delegatecall","gas":"0xea60","input":"0x00000000","to":"0x7dcd17433742f4c0ca53122ab541d0ba67fc27df","value":"0x0"},"blockHash":"0x22e8e9edaefc674ba389450dc41088e521fb2d33330a72c8b7aa2bf1b2281ffe","blockNumber":43,"result":{"gasUsed":"0x2cd4","output":"0x"},"subtraces":0,"traceAddress":[4],"transactionHash":"0x651d033b62050d4a32ffb16281c8685790d1233922a4ec2dcd5c6c1a66461226","transactionPosition":0,"type":"call"},{"action":{"from":"0x9dcd17433742f4c0ca53122ab541d0ba67fc27d0","callType":"callcode","gas":"0xea60","input":"0xff01","to":"0x9dcd17433742f4c0ca53122ab541d0ba67fc27d1","value":"0x0"},"blockHash":"0x22e8e9edaefc674ba389450dc41088e521fb2d33330a72c8b7aa2bf1b2281ffe","blockNumber":43,"result":{"gasUsed":"0x48","output":"0xffee"},"subtraces":0,"traceAddress":[5],"transactionHash":"0x651d033b62050d4a32ffb16281c8685790d1233922a4ec2dcd5c6c1a66461226","transactionPosition":0,"type":"call"},{"action":{"from":"0x9dcd17433742f4c0ca53122ab541d0ba67fc27d0","creationMethod":"create","gas":"0x6d70b","init":"0x5b646368696c6460006000a133ff","value":"0x0"},"blockHash":"0x22e8e9edaefc674ba389450dc41088e521fb2d33330a72c8b7aa2bf1b2281ffe","blockNumber":43,"result":{"address":"0x05032e03adbca6d5d04236000a2bbb6b4fec87f5","code":"0x","gasUsed":"0x1682"},"subtraces":1,"traceAddress":[6],"transactionHash":"0x651d033b62050d4a32ffb16281c8685790d1233922a4ec2dcd5c6c1a66461226","transactionPosition":0,"type":"create"},{"action":{"address":"0x05032e03adbca6d5d04236000a2bbb6b4fec87f5","refundAddress":"0x9dcd17433742f4c0ca53122ab541d0ba67fc27d0","balance":"0x0"},"blockHash":"0x22e8e9edaefc674ba389450dc41088e521fb2d33330a72c8b7aa2bf1b2281ffe","blockNumber":43,"result":null,"subtraces":0,"traceAddress":[6,0],"transactionHash":"0x651d033b62050d4a32ffb16281c8685790d1233922a4ec2dcd5c6c1a66461226","transactionPosition":0,"type":"suicide"},{"action":{"from":"0x7435ed30a8b4aeb0877cef0c6e8cffe834eb865f","callType":"call","gas":"0x11ba0","input":"0xebe7a54f122c1cf1656d6974","to":"0x7dcd17433742f4c0ca53122ab541d0ba67fc27df","value":"0x2"},"blockHash":"0x22e8e9edaefc674ba389450dc41088e521fb2d33330a72c8b7aa2bf1b2281ffe","blockNumber":43,"result":{"gasUsed":"0x5f9c","output":"0x"},"subtraces":0,"traceAddress":[],"transactionHash":"0xfa7de1862f93f2da0e1450d833da95e5e04ea7381a471f7388c1e9c92e551deb","transactionPosition":1,"type":"call"},{"action":{"from":"0x7435ed30a8b4aeb0877cef0c6e8cffe834eb865f","callType":"call","gas":"0x11ba0","input":"0xcef26346bf2d1331656d6974","to":"0x7dcd17433742f4c0ca53122ab541d0ba67fc27df","value":"0x2"},"blockHash":"0x22e8e9edaefc674ba389450dc41088e521fb2d33330a72c8b7aa2bf1b2281ffe","blockNumber":43,"result":{"gasUsed":"0x5f9c","output":"0x"},"subtraces":0,"traceAddress":[],"transactionHash":"0x321a8dba67e9c086a4877a6c33c1564471683da311f72005650d102ba847522c","transactionPosition":2,"type":"call"},{"action":{"from":"0x7435ed30a8b4aeb0877cef0c6e8cffe834eb865f","callType":"call","gas":"0x11ba0","input":"0x2276cc05d723a1e7656d6974","to":"0x7dcd17433742f4c0ca53122ab541d0ba67fc27df","value":"0x3"},"blockHash":"0x8ee9c89c042749060aa7225c9568cfbeb4ae658041f42cf5cfa90ef3cbc8c250","blockNumber":44,"result":{"gasUsed":"0x5f9c","output":"0x"},"subtraces":0,"traceAddress":[],"transactionHash":"0x04fd4668ef5f466780ea8c866659e563d8659a626e5de911ea4a687cda38e4b5","transactionPosition":0,"type":"call"},{"action":{"from":"0x7435ed30a8b4aeb0877cef0c6e8cffe834eb865f","callType":"call","gas":"0x133d8","input":"0x7656ae13bace34c5656d6974","to":"0x7dcd17433742f4c0ca53122ab541d0ba67fc27df","value":"0x2"},"blockHash":"0x8ee9c89c042749060aa7225c9568cfbeb4ae658041f42cf5cfa90ef3cbc8c250","blockNumber":44,"result":{"gasUsed":"0x6fa0","output":"0x"},"subtraces":0,"traceAddress":[],"transactionHash":"0x213aa25f0673a954b12f125f001fdfdfc9c4e5ce3f8a5aeb8292f04f5feb15b4","transactionPosition":1,"type":"call"},{"action":{"from":"0x7435ed30a8b4aeb0877cef0c6e8cffe834eb865f","callType":"call","gas":"0x0","input":"0x","to":"0xd803681e487e6ac18053afc5a6cd813c86ec3e4d","value":"0x1"},"blockHash":"0x8ee9c89c042749060aa7225c9568cfbeb4ae658041f42cf5cfa90ef3cbc8c250","blockNumber":44,"result":{"gasUsed":"0x0","output":"0x"},"subtraces":0,"traceAddress":[],"transactionHash":"0x894b329288125359a28bb1e9c07bf6147ed1e1982b0e487a51a0c724d7fa7486","transactionPosition":2,"type":"call"},{"action":{"from":"0x7435ed30a8b4aeb0877cef0c6e8cffe834eb865f","callType":"call","gas":"0x0","input":"0x","to":"0x16c57edf7fa9d9525378b0b81bf8a3ced0620c1c","value":"0x1"},"blockHash":"0xe6d9078b4964bc1b329fb12242254e21cf88ffa9a88058e515d6e79f7d8fce0d","blockNumber":45,"result":{"gasUsed":"0x0","output":"0x"},"subtraces":0,"traceAddress":[],"transactionHash":"0x8d872ca87b7f1343eab260d3f69260e8efde5dcf5532a23c18e1c25cadaa2df7","transactionPosition":0,"type":"call"},{"action":{"from":"0x7435ed30a8b4aeb0877cef0c6e8cffe834eb865f","callType":"call","gas":"0x0","input":"0x","to":"0x14e46043e63d0e3cdcf2530519f4cfaf35058cb2","value":"0x1"},"blockHash":"0xe6d9078b4964bc1b329fb12242254e21cf88ffa9a88058e515d6e79f7d8fce0d","blockNumber":45,"result":{"gasUsed":"0x0","output":"0x"},"subtraces":0,"traceAddress":[],"transactionHash":"0x07782b90d866d9c854fc70a3609e69f378a7d392a61f7cd712136d79e3f98a6f","transactionPosition":1,"type":"call"},{"action":{"from":"0x7435ed30a8b4aeb0877cef0c6e8cffe834eb865f","callType":"call","gas":"0x13488","input":"0x01","to":"0x9dcd17433742f4c0ca53122ab541d0ba67fc27d3","value":"0x0"},"blockHash":"0x5b3627e612c821267b54826693cfde431298fd7cdb8f8ec6ea90d952c494e7e8","blockNumber":46,"error":"Reverted","result":{"gasUsed":"0x889","output":"0x08c379a00000000000000000000000000000000000000000000000000000000000000020000000000000000000000000000000000000000000000000000000000000000a75736572206572726f72"},"subtraces":0,"traceAddress":[],"transactionHash":"0x6992fed2b2fc6c77cb7ffc2a1351d8e5dadf08cf2736fb6d1a0ed5786f3d5206","transactionPosition":0,"type":"call"},{"action":{"from":"0x7435ed30a8b4aeb0877cef0c6e8cffe834eb865f","callType":"call","gas":"0x8d5b8","input":"0x","to":"0x9dcd17433742f4c0ca53122ab541d0ba67fc27d0","value":"0x0"},"blockHash":"0x5b3627e612c821267b54826693cfde431298fd7cdb8f8ec6ea90d952c494e7e8","blockNumber":46,"result":{"gasUsed":"0x1fc63","output":"0xffee"},"subtraces":7,"traceAddress":[],"transactionHash":"0x64b5f6ae3b44a9623caeecbb78c9cf65f9a23781c585d75642e8f52b71bc1599","transactionPosition":1,"type":"call"},{"action":{"from":"0x9dcd17433742f4c0ca53122ab541d0ba67fc27d0","callType":"call","gas":"0xf35c","input":"0xff01","to":"0x9dcd17433742f4c0ca53122ab541d0ba67fc27d1","value":"0x1"},"blockHash":"0x5b3627e612c821267b54826693cfde431298fd7cdb8f8ec6ea90d952c494e7e8","blockNumber":46,"result":{"gasUsed":"0x48","output":"0xffee"},"subtraces":0,"traceAddress":[0],"transactionHash":"0x64b5f6ae3b44a9623caeecbb78c9cf65f9a23781c585d75642e8f52b71bc1599","transactionPosition":1,"type":"call"},{"action":{"from":"0x9dcd17433742f4c0ca53122ab541d0ba67fc27d0","callType":"call","gas":"0xea60","input":"0x0000000000000000000000000000000000000000000000000000000000000001","to":"0x9dcd17433742f4c0ca53122ab541d0ba67fc27d3","value":"0x0"},"blockHash":"0x5b3627e612c821267b54826693cfde431298fd7cdb8f8ec6ea90d952c494e7e8","blockNumber":46,"error":"Reverted","result":{"gasUsed":"0x889","output":"0x08c379a00000000000000000000000000000000000000000000000000000000000000020000000000000000000000000000000000000000000000000000000000000000a75736572206572726f72"},"subtraces":0,"traceAddress":[1],"transactionHash":"0x64b5f6ae3b44a9623caeecbb78c9cf65f9a23781c585d75642e8f52b71bc1599","transactionPosition":1,"type":"call"},{"action":{"from":"0x9dcd17433742f4c0ca53122ab541d0ba67fc27d0","callType":"staticcall","gas":"0xea60","input":"0x","to":"0x9dcd17433742f4c0ca53122ab541d0ba67fc27d2","value":"0x0"},"blockHash":"0x5b3627e612c821267b54826693cfde431298fd7cdb8f8ec6ea90d952c494e7e8","blockNumber":46,"result":{"gasUsed":"0x7d","output":"0x000000000000000000000000000000000000000000000000000000000000002e000000000000000000000000000000000000000000000000000c72dd9d5e883e0000000000000000000000000000000000000000000000000000000000000000000000000000000000000000000000000000000000000000000000000021650900000000000000000000000000000000000000000000000000000000000000000000000000000000000000007435ed30a8b4aeb0877cef0c6e8cffe834eb865f0000000000000000000000000000000000000000000000000000000000000000"},"subtraces":0,"traceAddress":[2],"transactionHash":"0x64b5f6ae3b44a9623caeecbb78c9cf65f9a23781c585d75642e8f52b71bc1599","transactionPosition":1,"type":"call"},{"action":{"from":"0x9dcd17433742f4c0ca53122ab541d0ba67fc27d0","callType":"staticcall","gas":"0xea60","input":"0x","to":"0x7dcd17433742f4c0ca53122ab541d0ba67fc27df","value":"0x0"},"blockHash":"0x5b3627e612c821267b54826693cfde431298fd7cdb8f8ec6ea90d952c494e7e8","blockNumber":46,"error":"out of gas: write protection","result":null,"subtraces":0,"traceAddress":[3],"transactionHash":"0x64b5f6ae3b44a9623caeecbb78c9cf65f9a23781c585d75642e8f52b71bc1599","transactionPosition":1,"type":"call"},{"action":{"from":"0x9dcd17433742f4c0ca53122ab541d0ba67fc27d0","callType":"delegatecall","gas":"0xea60","input":"0x00000000","to":"0x7dcd17433742f4c0ca53122ab541d0ba67fc27df","value":"0x0"},"blockHash":"0x5b3627e612c821267b54826693cfde431298fd7cdb8f8ec6ea90d952c494e7e8","blockNumber":46,"result":{"gasUsed":"0x2cd4","output":"0x"},"subtraces":0,"traceAddress":[4],"transactionHash":"0x64b5f6ae3b44a9623caeecbb78c9cf65f9a23781c585d75642e8f52b71bc1599","transactionPosition":1,"type":"call"},{"action":{"from":"0x9dcd17433742f4c0ca53122ab541d0ba67fc27d0","callType":"callcode","gas":"0xea60","input":"0xff01","to":"0x9dcd17433742f4c0ca53122ab541d0ba67fc27d1","value":"0x0"},"blockHash":"0x5b3627e612c821267b54826693cfde431298fd7cdb8f8ec6ea90d952c494e7e8","blockNumber":46,"result":{"gasUsed":"0x48","output":"0xffee"},"subtraces":0,"traceAddress":[5],"transactionHash":"0x64b5f6ae3b44a9623caeecbb78c9cf65f9a23781c585d75642e8f52b71bc1599","transactionPosition":1,"type":"call"},{"action":{"from":"0x9dcd17433742f4c0ca53122ab541d0ba67fc27d0","creationMethod":"create","gas":"0x6d70b","init":"0x5b646368696c6460006000a133ff","value":"0x0"},"blockHash":"0x5b3627e612c821267b54826693cfde431298fd7cdb8f8ec6ea90d952c494e7e8","blockNumber":46,"result":{"address":"0x9ee5c90ad0a83dd07800c64adb87c584092f8e37","code":"0x","gasUsed":"0x1682"},"subtraces":1,"traceAddress":[6],"transactionHash":"0x64b5f6ae3b44a9623caeecbb78c9cf65f9a23781c585d75642e8f52b71bc1599","transactionPosition":1,"type":"create"},{"action":{"address":"0x9ee5c90ad0a83dd07800c64adb87c584092f8e37","refundAddress":"0x9dcd17433742f4c0ca53122ab541d0ba67fc27d0","balance":"0x0"},"blockHash":"0x5b3627e612c821267b54826693cfde431298fd7cdb8f8ec6ea90d952c494e7e8","blockNumber":46,"result":null,"subtraces":0,"traceAddress":[6,0],"transactionHash":"0x64b5f6ae3b44a9623caeecbb78c9cf65f9a23781c585d75642e8f52b71bc1599","transactionPosition":1,"type":"suicide"},{"action":{"from":"0x7435ed30a8b4aeb0877cef0c6e8cffe834eb865f","callType":"call","gas":"0x11ba0","input":"0x515a531d2825dec2656d6974","to":"0x7dcd17433742f4c0ca53122ab541d0ba67fc27df","value":"0x2"},"blockHash":"0x5b3627e612c821267b54826693cfde431298fd7cdb8f8ec6ea90d952c494e7e8","blockNumber":46,"result":{"gasUsed":"0x5f9c","output":"0x"},"subtraces":0,"traceAddress":[],"transactionHash":"0x2cd66c5f92f7f966a3ae2e79fa501284a5da51a3d9d233159854d17c427b1441","transactionPosition":2,"type":"call"},{"action":{"from":"0x7435ed30a8b4aeb0877cef0c6e8cffe834eb865f","callType":"call","gas":"0x11ba0","input":"0xea41c6626bd2d71a656d6974","to":"0x7dcd17433742f4c0ca53122ab541d0ba67fc27df","value":"0x2"},"blockHash":"0xaede89efdac80ce5f55b93ee934eddc67b5c8a4282b18a86ca635d69234301f3","blockNumber":47,"result":{"gasUsed":"0x5f9c","output":"0x"},"subtraces":0,"traceAddress":[],"transactionHash":"0xc81daa5f275b0b347590ec8558e530da183a7ff86c377221a59c96faf5bea12c","transactionPosition":0,"type":"call"},{"action":{"from":"0x7435ed30a8b4aeb0877cef0c6e8cffe834eb865f","callType":"call","gas":"0x11ba0","input":"0x65682bc386966217656d6974","to":"0x7dcd17433742f4c0ca53122ab541d0ba67fc27df","value":"0x3"},"blockHash":"0xaede89efdac80ce5f55b93ee934eddc67b5c8a4282b18a86ca635d69234301f3","blockNumber":47,"result":{"gasUsed":"0x5f9c","output":"0x"},"subtraces":0,"traceAddress":[],"transactionHash":"0x1d37878b27d1e686d15b99cb406684e3c50be2fb0cadce5daee795b48c2003bb","transactionPosition":1,"type":"call"},{"action":{"from":"0x7435ed30a8b4aeb0877cef0c6e8cffe834eb865f","callType":"call","gas":"0x133d8","input":"0x156e2b9e3a273c7b656d6974","to":"0x7dcd17433742f4c0ca53122ab541d0ba67fc27df","value":"0x2"},"blockHash":"0xaede89efdac80ce5f55b93ee934eddc67b5c8a4282b18a86ca635d69234301f3","blockNumber":47,"result":{"gasUsed":"0x6fa0","output":"0x"},"subtraces":0,"traceAddress":[],"transactionHash":"0x62f97493d38267cf7b80fd4e9a048bb77cceed36ac0ddd1072736cff48915821","transactionPosition":2,"type":"call"},{"action":{"from":"0x7435ed30a8b4aeb0877cef0c6e8cffe834eb865f","callType":"call","gas":"0x0","input":"0x","to":"0x83c7e323d189f18725ac510004fdc2941f8c4a78","value":"0x1"},"blockHash":"0xf0b1510b2a9c8d4c4bd1ff2c578ddbffc04741aa06b3cc8680a343741ef15e84","blockNumber":48,"result":{"gasUsed":"0x0","output":"0x"},"subtraces":0,"traceAddress":[],"transactionHash":"0x8e96b39ab5e268215283ab40d65139edc6f281f4d79444b6b0a87861c5f8a1d5","transactionPosition":0,"type":"call"},{"action":{"from":"0x7435ed30a8b4aeb0877cef0c6e8cffe834eb865f","callType":"call","gas":"0x0","input":"0x","to":"0x2d389075be5be9f2246ad654ce152cf05990b209","value":"0x1"},"blockHash":"0xf0b1510b2a9c8d4c4bd1ff2c578ddbffc04741aa06b3cc8680a343741ef15e84","blockNumber":48,"result":{"gasUsed":"0x0","output":"0x"},"subtraces":0,"traceAddress":[],"transactionHash":"0x7045e365111563c3f68594c54d9c4d7e3445f0cfc9671f68e8a0122f849f3f18","transactionPosition":1,"type":"call"},{"action":{"from":"0x7435ed30a8b4aeb0877cef0c6e8cffe834eb865f","callType":"call","gas":"0x0","input":"0x","to":"0x3ae75c08b4c907eb63a8960c45b86e1e9ab6123c","value":"0x1"},"blockHash":"0xf0b1510b2a9c8d4c4bd1ff2c578ddbffc04741aa06b3cc8680a343741ef15e84","blockNumber":48,"result":{"gasUsed":"0x0","output":"0x"},"subtraces":0,"traceAddress":[],"transactionHash":"0xbe7d79a54b361c1515802fdf8e3843694b3a93350a9097b84c5582686c77163c","transactionPosition":2,"type":"call"}]}
response differs from expected (-- client, ++ test):
{
  "id": 1,
  "jsonrpc": "2.0",
  "result": -- [] ++ {}
}
>>  {"jsonrpc": "2.0", "id": 1, "method": "eth_getBlockByNumber", "params": ["0x30", false]}
<<  {"jsonrpc":"2.0","id":1,"result":{"baseFeePerGas":"0x199876","blobGasUsed":"0x0","difficulty":"0x0","excessBlobGas":"0x0","extraData":"0x","gasLimit":"0x5f5e100","gasUsed":"0xf618","hash":"0xf0b1510b2a9c8d4c4bd1ff2c578ddbffc04741aa06b3cc8680a343741ef15e84","logsBloom":"0x00000000000000000000000000000000000000000000000000000000000000000000000000000000000000000000000000000000000000000000000000000000000000000000000000000000000000000000000000000000000000000000000000000000000000000000000000000000000000000000000000000000000000000000000000000000000000000000000000000000000000000000000000000000000000000000000000000000000000000000000000000000000000000000000000000000000000000000000000000000000000000000000000000000000000000000000000000000000000000000000000000000000000000000000000000000","miner":"0x0000000000000000000000000000000000000000","mixHash":"0x0000000000000000000000000000000000000000000000000000000000000000","nonce":"0x0000000000000000","number":"0x30","parentBeaconBlockRoot":"0x5b5b49487967b3b60bd859ba2fb13290c6eaf67e97e9f9f9dda935c08564b5f6","parentHash":"0xaede89efdac80ce5f55b93ee934eddc67b5c8a4282b18a86ca635d69234301f3","receiptsRoot":"0x4b7fefa97a453e0ee0cea1d51ca4ab3729f3a2a6a8388a5a3b13765eec3720b7","requestsHash":"0xe3b0c44298fc1c149afbf4c8996fb92427ae41e4649b934ca495991b7852b855","sha3Uncles":"0x1dcc4de8dec75d7aab85b567b6ccd41ad312451b948a7413f0a142fd40d49347","size":"0x3b8","stateRoot":"0xbce840ac9806ecb3d791bf55bfcfa9460ff3275996aff265fc75e2a2f3efdb26","timestamp":"0x1e0","transactions":["0x8e96b39ab5e268215283ab40d65139edc6f281f4d79444b6b0a87861c5f8a1d5","0x7045e365111563c3f68594c54d9c4d7e3445f0cfc9671f68e8a0122f849f3f18","0xbe7d79a54b361c1515802fdf8e3843694b3a93350a9097b84c5582686c77163c"],"transactionsRoot":"0x3d96f46f0efae36059fcba93396d90ed19260e009e9dac0057a1d87e66dc17d0","uncles":[],"withdrawals":[],"withdrawalsRoot":"0x56e81f171bcc55a6ff8345e692c0f86e5b48e01b996cadc001622fb5e363b421"}}
response differs from expected (-- client, ++ test):
{
  "id": 1,
  "jsonrpc": "2.0",
  "result": {
    -- "baseFeePerGas": "0x199876",
    -- "blobGasUsed": "0x0",
    ++ "capture_only": true,
    -- "difficulty": "0x0",
    -- "excessBlobGas": "0x0",
    -- "extraData": "0x",
    -- "gasLimit": "0x5f5e100",
    -- "gasUsed": "0xf618",
    -- "hash": "0xf0b1510b2a9c8d4c4bd1ff2c578ddbffc04741aa06b3cc8680a343741ef15e84",
    -- "logsBloom": "0x00000000000000000000000000000000000000000000000000000000000000000000000000000000000000000000000000000000000000000000000000000000000000000000000000000000000000000000000000000000000000000000000000000000000000000000000000000000000000000000000000000000000000000000000000000000000000000000000000000000000000000000000000000000000000000000000000000000000000000000000000000000000000000000000000000000000000000000000000000000000000000000000000000000000000000000000000000000000000000000000000000000000000000000000000000000",
    -- "miner": "0x0000000000000000000000000000000000000000",
    -- "mixHash": "0x0000000000000000000000000000000000000000000000000000000000000000",
    -- "nonce": "0x0000000000000000",
    -- "number": "0x30",
    -- "parentBeaconBlockRoot": "0x5b5b49487967b3b60bd859ba2fb13290c6eaf67e97e9f9f9dda935c08564b5f6",
    -- "parentHash": "0xaede89efdac80ce5f55b93ee934eddc67b5c8a4282b18a86ca635d69234301f3",
    -- "receiptsRoot": "0x4b7fefa97a453e0ee0cea1d51ca4ab3729f3a2a6a8388a5a3b13765eec3720b7",
    -- "requestsHash": "0xe3b0c44298fc1c149afbf4c8996fb92427ae41e4649b934ca495991b7852b855",
    -- "sha3Uncles": "0x1dcc4de8dec75d7aab85b567b6ccd41ad312451b948a7413f0a142fd40d49347",
    -- "size": "0x3b8",
    -- "stateRoot": "0xbce840ac9806ecb3d791bf55bfcfa9460ff3275996aff265fc75e2a2f3efdb26",
    -- "timestamp": "0x1e0",
    -- "transactions": [
      -- "0x8e96b39ab5e268215283ab40d65139edc6f281f4d79444b6b0a87861c5f8a1d5",
      -- "0x7045e365111563c3f68594c54d9c4d7e3445f0cfc9671f68e8a0122f849f3f18",
      -- "0xbe7d79a54b361c1515802fdf8e3843694b3a93350a9097b84c5582686c77163c"
    -- ],
    -- "transactionsRoot": "0x3d96f46f0efae36059fcba93396d90ed19260e009e9dac0057a1d87e66dc17d0",
    -- "uncles": [],
    -- "withdrawals": [],
    -- "withdrawalsRoot": "0x56e81f171bcc55a6ff8345e692c0f86e5b48e01b996cadc001622fb5e363b421"
  }
}
>>  {"jsonrpc": "2.0", "id": 1, "method": "eth_blockNumber", "params": []}
<<  {"jsonrpc":"2.0","id":1,"result":"0x30"}
response differs from expected (-- client, ++ test):
{
  "id": 1,
  "jsonrpc": "2.0",
  "result": -- "0x30" ++ {}
}
>>  {"jsonrpc": "2.0", "id": 1, "method": "eth_getTransactionReceipt", "params": ["0xe4a4bd6a4fad4df86c1222128b9d79a1dd0686cf4a0e1d506731482b7266d483"]}
<<  {"jsonrpc":"2.0","id":1,"result":{"blockHash":"0x6cb3089f8b5ff993ed24ed9ccbfa8bae322848d722842e6453576f30029b1434","blockNumber":"0x2a","contractAddress":null,"cumulativeGasUsed":"0x5208","effectiveGasPrice":"0x38e4f7","from":"0x7435ed30a8b4aeb0877cef0c6e8cffe834eb865f","gasUsed":"0x5208","logs":[],"logsBloom":"0x00000000000000000000000000000000000000000000000000000000000000000000000000000000000000000000000000000000000000000000000000000000000000000000000000000000000000000000000000000000000000000000000000000000000000000000000000000000000000000000000000000000000000000000000000000000000000000000000000000000000000000000000000000000000000000000000000000000000000000000000000000000000000000000000000000000000000000000000000000000000000000000000000000000000000000000000000000000000000000000000000000000000000000000000000000000","status":"0x1","to":"0x1f5bde34b4afc686f136c7a3cb6ec376f7357759","transactionHash":"0xe4a4bd6a4fad4df86c1222128b9d79a1dd0686cf4a0e1d506731482b7266d483","transactionIndex":"0x0","type":"0x0"}}
response differs from expected (-- client, ++ test):
{
  "id": 1,
  "jsonrpc": "2.0",
  "result": {
    -- "blockHash": "0x6cb3089f8b5ff993ed24ed9ccbfa8bae322848d722842e6453576f30029b1434",
    -- "blockNumber": "0x2a",
    ++ "capture_only": true,
    -- "contractAddress": null,
    -- "cumulativeGasUsed": "0x5208",
    -- "effectiveGasPrice": "0x38e4f7",
    -- "from": "0x7435ed30a8b4aeb0877cef0c6e8cffe834eb865f",
    -- "gasUsed": "0x5208",
    -- "logs": [],
    -- "logsBloom": "0x00000000000000000000000000000000000000000000000000000000000000000000000000000000000000000000000000000000000000000000000000000000000000000000000000000000000000000000000000000000000000000000000000000000000000000000000000000000000000000000000000000000000000000000000000000000000000000000000000000000000000000000000000000000000000000000000000000000000000000000000000000000000000000000000000000000000000000000000000000000000000000000000000000000000000000000000000000000000000000000000000000000000000000000000000000000",
    -- "status": "0x1",
    -- "to": "0x1f5bde34b4afc686f136c7a3cb6ec376f7357759",
    -- "transactionHash": "0xe4a4bd6a4fad4df86c1222128b9d79a1dd0686cf4a0e1d506731482b7266d483",
    -- "transactionIndex": "0x0",
    -- "type": "0x0"
  }
}
sending engine_forkchoiceUpdatedV3: [map[finalizedBlockHash:0x9901db3a31e7004c45911fca4480b7dce86a4baeab819eb4959d7316f687d54c headBlockHash:0xf0b1510b2a9c8d4c4bd1ff2c578ddbffc04741aa06b3cc8680a343741ef15e84 safeBlockHash:0x9901db3a31e7004c45911fca4480b7dce86a4baeab819eb4959d7316f687d54c] <nil>]
response: map[payloadId:<nil> payloadStatus:map[latestValidHash:0xf0b1510b2a9c8d4c4bd1ff2c578ddbffc04741aa06b3cc8680a343741ef15e84 status:VALID validationError:<nil>]]
>>  {"jsonrpc": "2.0", "id": 1, "method": "eth_getBlockByNumber", "params": ["0x30", false]}
<<  {"jsonrpc":"2.0","id":1,"result":{"baseFeePerGas":"0x199876","blobGasUsed":"0x0","difficulty":"0x0","excessBlobGas":"0x0","extraData":"0x","gasLimit":"0x5f5e100","gasUsed":"0xf618","hash":"0xf0b1510b2a9c8d4c4bd1ff2c578ddbffc04741aa06b3cc8680a343741ef15e84","logsBloom":"0x00000000000000000000000000000000000000000000000000000000000000000000000000000000000000000000000000000000000000000000000000000000000000000000000000000000000000000000000000000000000000000000000000000000000000000000000000000000000000000000000000000000000000000000000000000000000000000000000000000000000000000000000000000000000000000000000000000000000000000000000000000000000000000000000000000000000000000000000000000000000000000000000000000000000000000000000000000000000000000000000000000000000000000000000000000000","miner":"0x0000000000000000000000000000000000000000","mixHash":"0x0000000000000000000000000000000000000000000000000000000000000000","nonce":"0x0000000000000000","number":"0x30","parentBeaconBlockRoot":"0x5b5b49487967b3b60bd859ba2fb13290c6eaf67e97e9f9f9dda935c08564b5f6","parentHash":"0xaede89efdac80ce5f55b93ee934eddc67b5c8a4282b18a86ca635d69234301f3","receiptsRoot":"0x4b7fefa97a453e0ee0cea1d51ca4ab3729f3a2a6a8388a5a3b13765eec3720b7","requestsHash":"0xe3b0c44298fc1c149afbf4c8996fb92427ae41e4649b934ca495991b7852b855","sha3Uncles":"0x1dcc4de8dec75d7aab85b567b6ccd41ad312451b948a7413f0a142fd40d49347","size":"0x3b8","stateRoot":"0xbce840ac9806ecb3d791bf55bfcfa9460ff3275996aff265fc75e2a2f3efdb26","timestamp":"0x1e0","transactions":["0x8e96b39ab5e268215283ab40d65139edc6f281f4d79444b6b0a87861c5f8a1d5","0x7045e365111563c3f68594c54d9c4d7e3445f0cfc9671f68e8a0122f849f3f18","0xbe7d79a54b361c1515802fdf8e3843694b3a93350a9097b84c5582686c77163c"],"transactionsRoot":"0x3d96f46f0efae36059fcba93396d90ed19260e009e9dac0057a1d87e66dc17d0","uncles":[],"withdrawals":[],"withdrawalsRoot":"0x56e81f171bcc55a6ff8345e692c0f86e5b48e01b996cadc001622fb5e363b421"}}
response differs from expected (-- client, ++ test):
{
  "id": 1,
  "jsonrpc": "2.0",
  "result": {
    -- "baseFeePerGas": "0x199876",
    -- "blobGasUsed": "0x0",
    ++ "capture_only": true,
    -- "difficulty": "0x0",
    -- "excessBlobGas": "0x0",
    -- "extraData": "0x",
    -- "gasLimit": "0x5f5e100",
    -- "gasUsed": "0xf618",
    -- "hash": "0xf0b1510b2a9c8d4c4bd1ff2c578ddbffc04741aa06b3cc8680a343741ef15e84",
    -- "logsBloom": "0x00000000000000000000000000000000000000000000000000000000000000000000000000000000000000000000000000000000000000000000000000000000000000000000000000000000000000000000000000000000000000000000000000000000000000000000000000000000000000000000000000000000000000000000000000000000000000000000000000000000000000000000000000000000000000000000000000000000000000000000000000000000000000000000000000000000000000000000000000000000000000000000000000000000000000000000000000000000000000000000000000000000000000000000000000000000",
    -- "miner": "0x0000000000000000000000000000000000000000",
    -- "mixHash": "0x0000000000000000000000000000000000000000000000000000000000000000",
    -- "nonce": "0x0000000000000000",
    -- "number": "0x30",
    -- "parentBeaconBlockRoot": "0x5b5b49487967b3b60bd859ba2fb13290c6eaf67e97e9f9f9dda935c08564b5f6",
    -- "parentHash": "0xaede89efdac80ce5f55b93ee934eddc67b5c8a4282b18a86ca635d69234301f3",
    -- "receiptsRoot": "0x4b7fefa97a453e0ee0cea1d51ca4ab3729f3a2a6a8388a5a3b13765eec3720b7",
    -- "requestsHash": "0xe3b0c44298fc1c149afbf4c8996fb92427ae41e4649b934ca495991b7852b855",
    -- "sha3Uncles": "0x1dcc4de8dec75d7aab85b567b6ccd41ad312451b948a7413f0a142fd40d49347",
    -- "size": "0x3b8",
    -- "stateRoot": "0xbce840ac9806ecb3d791bf55bfcfa9460ff3275996aff265fc75e2a2f3efdb26",
    -- "timestamp": "0x1e0",
    -- "transactions": [
      -- "0x8e96b39ab5e268215283ab40d65139edc6f281f4d79444b6b0a87861c5f8a1d5",
      -- "0x7045e365111563c3f68594c54d9c4d7e3445f0cfc9671f68e8a0122f849f3f18",
      -- "0xbe7d79a54b361c1515802fdf8e3843694b3a93350a9097b84c5582686c77163c"
    -- ],
    -- "transactionsRoot": "0x3d96f46f0efae36059fcba93396d90ed19260e009e9dac0057a1d87e66dc17d0",
    -- "uncles": [],
    -- "withdrawals": [],
    -- "withdrawalsRoot": "0x56e81f171bcc55a6ff8345e692c0f86e5b48e01b996cadc001622fb5e363b421"
  }
}
>>  {"jsonrpc": "2.0", "id": 1, "method": "eth_getBlockByNumber", "params": ["latest", false]}
<<  {"jsonrpc":"2.0","id":1,"result":{"baseFeePerGas":"0x199876","blobGasUsed":"0x0","difficulty":"0x0","excessBlobGas":"0x0","extraData":"0x","gasLimit":"0x5f5e100","gasUsed":"0xf618","hash":"0xf0b1510b2a9c8d4c4bd1ff2c578ddbffc04741aa06b3cc8680a343741ef15e84","logsBloom":"0x00000000000000000000000000000000000000000000000000000000000000000000000000000000000000000000000000000000000000000000000000000000000000000000000000000000000000000000000000000000000000000000000000000000000000000000000000000000000000000000000000000000000000000000000000000000000000000000000000000000000000000000000000000000000000000000000000000000000000000000000000000000000000000000000000000000000000000000000000000000000000000000000000000000000000000000000000000000000000000000000000000000000000000000000000000000","miner":"0x0000000000000000000000000000000000000000","mixHash":"0x0000000000000000000000000000000000000000000000000000000000000000","nonce":"0x0000000000000000","number":"0x30","parentBeaconBlockRoot":"0x5b5b49487967b3b60bd859ba2fb13290c6eaf67e97e9f9f9dda935c08564b5f6","parentHash":"0xaede89efdac80ce5f55b93ee934eddc67b5c8a4282b18a86ca635d69234301f3","receiptsRoot":"0x4b7fefa97a453e0ee0cea1d51ca4ab3729f3a2a6a8388a5a3b13765eec3720b7","requestsHash":"0xe3b0c44298fc1c149afbf4c8996fb92427ae41e4649b934ca495991b7852b855","sha3Uncles":"0x1dcc4de8dec75d7aab85b567b6ccd41ad312451b948a7413f0a142fd40d49347","size":"0x3b8","stateRoot":"0xbce840ac9806ecb3d791bf55bfcfa9460ff3275996aff265fc75e2a2f3efdb26","timestamp":"0x1e0","transactions":["0x8e96b39ab5e268215283ab40d65139edc6f281f4d79444b6b0a87861c5f8a1d5","0x7045e365111563c3f68594c54d9c4d7e3445f0cfc9671f68e8a0122f849f3f18","0xbe7d79a54b361c1515802fdf8e3843694b3a93350a9097b84c5582686c77163c"],"transactionsRoot":"0x3d96f46f0efae36059fcba93396d90ed19260e009e9dac0057a1d87e66dc17d0","uncles":[],"withdrawals":[],"withdrawalsRoot":"0x56e81f171bcc55a6ff8345e692c0f86e5b48e01b996cadc001622fb5e363b421"}}
response differs from expected (-- client, ++ test):
{
  "id": 1,
  "jsonrpc": "2.0",
  "result": {
    -- "baseFeePerGas": "0x199876",
    -- "blobGasUsed": "0x0",
    ++ "capture_only": true,
    -- "difficulty": "0x0",
    -- "excessBlobGas": "0x0",
    -- "extraData": "0x",
    -- "gasLimit": "0x5f5e100",
    -- "gasUsed": "0xf618",
    -- "hash": "0xf0b1510b2a9c8d4c4bd1ff2c578ddbffc04741aa06b3cc8680a343741ef15e84",
    -- "logsBloom": "0x00000000000000000000000000000000000000000000000000000000000000000000000000000000000000000000000000000000000000000000000000000000000000000000000000000000000000000000000000000000000000000000000000000000000000000000000000000000000000000000000000000000000000000000000000000000000000000000000000000000000000000000000000000000000000000000000000000000000000000000000000000000000000000000000000000000000000000000000000000000000000000000000000000000000000000000000000000000000000000000000000000000000000000000000000000000",
    -- "miner": "0x0000000000000000000000000000000000000000",
    -- "mixHash": "0x0000000000000000000000000000000000000000000000000000000000000000",
    -- "nonce": "0x0000000000000000",
    -- "number": "0x30",
    -- "parentBeaconBlockRoot": "0x5b5b49487967b3b60bd859ba2fb13290c6eaf67e97e9f9f9dda935c08564b5f6",
    -- "parentHash": "0xaede89efdac80ce5f55b93ee934eddc67b5c8a4282b18a86ca635d69234301f3",
    -- "receiptsRoot": "0x4b7fefa97a453e0ee0cea1d51ca4ab3729f3a2a6a8388a5a3b13765eec3720b7",
    -- "requestsHash": "0xe3b0c44298fc1c149afbf4c8996fb92427ae41e4649b934ca495991b7852b855",
    -- "sha3Uncles": "0x1dcc4de8dec75d7aab85b567b6ccd41ad312451b948a7413f0a142fd40d49347",
    -- "size": "0x3b8",
    -- "stateRoot": "0xbce840ac9806ecb3d791bf55bfcfa9460ff3275996aff265fc75e2a2f3efdb26",
    -- "timestamp": "0x1e0",
    -- "transactions": [
      -- "0x8e96b39ab5e268215283ab40d65139edc6f281f4d79444b6b0a87861c5f8a1d5",
      -- "0x7045e365111563c3f68594c54d9c4d7e3445f0cfc9671f68e8a0122f849f3f18",
      -- "0xbe7d79a54b361c1515802fdf8e3843694b3a93350a9097b84c5582686c77163c"
    -- ],
    -- "transactionsRoot": "0x3d96f46f0efae36059fcba93396d90ed19260e009e9dac0057a1d87e66dc17d0",
    -- "uncles": [],
    -- "withdrawals": [],
    -- "withdrawalsRoot": "0x56e81f171bcc55a6ff8345e692c0f86e5b48e01b996cadc001622fb5e363b421"
  }
}
>>  {"jsonrpc": "2.0", "id": 1, "method": "web3_clientVersion", "params": []}
<<  {"jsonrpc":"2.0","id":1,"result":"Geth/v1.17.7-unstable-fa8ecb92-2026-09-24/linux-amd64/go1.26.1"}
response differs from expected (-- client, ++ test):
{
  "id": 1,
  "jsonrpc": "2.0",
  "result": -- "Geth/v1.17.7-unstable-fa8ecb92-2026-09-24/linux-amd64/go1.26.1" ++ {}
}
>>  {"jsonrpc": "2.0", "id": 1, "method": "trace_block", "params": ["0x2d"]}
<<  {"jsonrpc":"2.0","id":1,"result":[{"action":{"callType":"call","from":"0x7435ed30a8b4aeb0877cef0c6e8cffe834eb865f","to":"0x16c57edf7fa9d9525378b0b81bf8a3ced0620c1c","gas":"0x0","input":"0x","value":"0x1"},"result":{"gasUsed":"0x0","output":"0x"},"subtraces":0,"traceAddress":[],"type":"call","blockHash":"0xe6d9078b4964bc1b329fb12242254e21cf88ffa9a88058e515d6e79f7d8fce0d","blockNumber":45,"transactionHash":"0x8d872ca87b7f1343eab260d3f69260e8efde5dcf5532a23c18e1c25cadaa2df7","transactionPosition":0},{"action":{"callType":"call","from":"0x7435ed30a8b4aeb0877cef0c6e8cffe834eb865f","to":"0x14e46043e63d0e3cdcf2530519f4cfaf35058cb2","gas":"0x0","input":"0x","value":"0x1"},"result":{"gasUsed":"0x0","output":"0x"},"subtraces":0,"traceAddress":[],"type":"call","blockHash":"0xe6d9078b4964bc1b329fb12242254e21cf88ffa9a88058e515d6e79f7d8fce0d","blockNumber":45,"transactionHash":"0x07782b90d866d9c854fc70a3609e69f378a7d392a61f7cd712136d79e3f98a6f","transactionPosition":1}]}
response differs from expected (-- client, ++ test):
{
  "id": 1,
  "jsonrpc": "2.0",
  "result": -- [] ++ {}
}
>>  {"jsonrpc": "2.0", "id": 1, "method": "trace_filter", "params": [{"fromBlock": "0x28", "toBlock": "0x30"}]}
<<  {"jsonrpc":"2.0","id":1,"result":[{"action":{"callType":"call","from":"0x7435ed30a8b4aeb0877cef0c6e8cffe834eb865f","to":"0x7dcd17433742f4c0ca53122ab541d0ba67fc27df","gas":"0x11ba0","input":"0x036464a71961a53a656d6974","value":"0x2"},"result":{"gasUsed":"0x5f9c","output":"0x"},"subtraces":0,"traceAddress":[],"type":"call","blockHash":"0xfc2b688f6d286950eff2cf6f1b10a6bf63e92a20fcdf8db7377ef647b154eb52","blockNumber":40,"transactionHash":"0x0efc1e4671e41e768fa107ecf72ab35e03d5a8b7e3f5bbe29cb28dc1eea265a2","transactionPosition":0},{"action":{"callType":"call","from":"0x7435ed30a8b4aeb0877cef0c6e8cffe834eb865f","to":"0x7dcd17433742f4c0ca53122ab541d0ba67fc27df","gas":"0x11ba0","input":"0x9ec58f808778768f656d6974","value":"0x2"},"result":{"gasUsed":"0x5f9c","output":"0x"},"subtraces":0,"traceAddress":[],"type":"call","blockHash":"0xfc2b688f6d286950eff2cf6f1b10a6bf63e92a20fcdf8db7377ef647b154eb52","blockNumber":40,"transactionHash":"0x1942a6223310f991ab036dccb28259dd634e39e08152d383afc422481e5ab2c2","transactionPosition":1},{"action":{"callType":"call","from":"0x7435ed30a8b4aeb0877cef0c6e8cffe834eb865f","to":"0x7dcd17433742f4c0ca53122ab541d0ba67fc27df","gas":"0x11ba0","input":"0xcd417355d4039279656d6974","value":"0x3"},"result":{"gasUsed":"0x5f9c","output":"0x"},"subtraces":0,"traceAddress":[],"type":"call","blockHash":"0xfc2b688f6d286950eff2cf6f1b10a6bf63e92a20fcdf8db7377ef647b154eb52","blockNumber":40,"transactionHash":"0xbc3230ca851b7baad39753405e55d96f2124d1e5e8ab9cd76c638bba601423ac","transactionPosition":2},{"action":{"callType":"call","from":"0x7435ed30a8b4aeb0877cef0c6e8cffe834eb865f","to":"0x7dcd17433742f4c0ca53122ab541d0ba67fc27df","gas":"0x133d8","input":"0x3186f4d423ee1407656d6974","value":"0x2"},"result":{"gasUsed":"0x6fa0","output":"0x"},"subtraces":0,"traceAddress":[],"type":"call","blockHash":"0x9bc6bd9fb238298cb6a4260fc4306ab426b3e2d41607e719dde8c4ca41817da7","blockNumber":41,"transactionHash":"0x6a2b2c1d5d3bae710fa3c9f79035e0b6b98d65df9cb05e425087c93ce9bf08ed","transactionPosition":0},{"action":{"callType":"call","from":"0x7435ed30a8b4aeb0877cef0c6e8cffe834eb865f","to":"0x717f8aa2b982bee0e29f573d31df288663e1ce16","gas":"0x0","input":"0x","value":"0x1"},"result":{"gasUsed":"0x0","output":"0x"},"subtraces":0,"traceAddress":[],"type":"call","blockHash":"0x9bc6bd9fb238298cb6a4260fc4306ab426b3e2d41607e719dde8c4ca41817da7","blockNumber":41,"transactionHash":"0x9249eb130af4bcf26d420f09df8a51f4947e387f9e325e8b223237c9602208a1","transactionPosition":1},{"action":{"callType":"call","from":"0x7435ed30a8b4aeb0877cef0c6e8cffe834eb865f","to":"0x4a0f1452281bcec5bd90c3dce6162a5995bfe9df","gas":"0x0","input":"0x","value":"0x1"},"result":{"gasUsed":"0x0","output":"0x"},"subtraces":0,"traceAddress":[],"type":"call","blockHash":"0x9bc6bd9fb238298cb6a4260fc4306ab426b3e2d41607e719dde8c4ca41817da7","blockNumber":41,"transactionHash":"0xbdda348fd5169ff5cc8c761147a64b34ceb2e913d7bf5e8ddf8e497ca3e3460f","transactionPosition":2},{"action":{"callType":"call","from":"0x7435ed30a8b4aeb0877cef0c6e8cffe834eb865f","to":"0x1f5bde34b4afc686f136c7a3cb6ec376f7357759","gas":"0x0","input":"0x","value":"0x1"},"result":{"gasUsed":"0x0","output":"0x"},"subtraces":0,"traceAddress":[],"type":"call","blockHash":"0x6cb3089f8b5ff993ed24ed9ccbfa8bae322848d722842e6453576f30029b1434","blockNumber":42,"transactionHash":"0xe4a4bd6a4fad4df86c1222128b9d79a1dd0686cf4a0e1d506731482b7266d483","transactionPosition":0},{"action":{"callType":"call","from":"0x7435ed30a8b4aeb0877cef0c6e8cffe834eb865f","to":"0x9dcd17433742f4c0ca53122ab541d0ba67fc27d3","gas":"0x13488","input":"0x01","value":"0x0"},"result":{"gasUsed":"0x889","output":"0x08c379a00000000000000000000000000000000000000000000000000000000000000020000000000000000000000000000000000000000000000000000000000000000a75736572206572726f72"},"error":"Reverted","subtraces":0,"traceAddress":[],"type":"call","blockHash":"0x6cb3089f8b5ff993ed24ed9ccbfa8bae322848d722842e6453576f30029b1434","blockNumber":42,"transactionHash":"0x7a15f2b6b479009c2d8f167dfc8490654348e85aa4968583bab1d4c3c17284bb","transactionPosition":1},{"action":{"callType":"call","from":"0x7435ed30a8b4aeb0877cef0c6e8cffe834eb865f","to":"0x9dcd17433742f4c0ca53122ab541d0ba67fc27d0","gas":"0x8d5b8","input":"0x","value":"0x0"},"result":{"gasUsed":"0x1fc63","output":"0xffee"},"subtraces":7,"traceAddress":[],"type":"call","blockHash":"0x22e8e9edaefc674ba389450dc41088e521fb2d33330a72c8b7aa2bf1b2281ffe","blockNumber":43,"transactionHash":"0x651d033b62050d4a32ffb16281c8685790d1233922a4ec2dcd5c6c1a66461226","transactionPosition":0},{"action":{"callType":"call","from":"0x9dcd17433742f4c0ca53122ab541d0ba67fc27d0","to":"0x9dcd17433742f4c0ca53122ab541d0ba67fc27d1","gas":"0xf35c","input":"0xff01","value":"0x1"},"result":{"gasUsed":"0x48","output":"0xffee"},"subtraces":0,"traceAddress":[0],"type":"call","blockHash":"0x22e8e9edaefc674ba389450dc41088e521fb2d33330a72c8b7aa2bf1b2281ffe","blockNumber":43,"transactionHash":"0x651d033b62050d4a32ffb16281c8685790d1233922a4ec2dcd5c6c1a66461226","transactionPosition":0},{"action":{"callType":"call","from":"0x9dcd17433742f4c0ca53122ab541d0ba67fc27d0","to":"0x9dcd17433742f4c0ca53122ab541d0ba67fc27d3","gas":"0xea60","input":"0x0000000000000000000000000000000000000000000000000000000000000001","value":"0x0"},"result":{"gasUsed":"0x889","output":"0x08c379a00000000000000000000000000000000000000000000000000000000000000020000000000000000000000000000000000000000000000000000000000000000a75736572206572726f72"},"error":"Reverted","subtraces":0,"traceAddress":[1],"type":"call","blockHash":"0x22e8e9edaefc674ba389450dc41088e521fb2d33330a72c8b7aa2bf1b2281ffe","blockNumber":43,"transactionHash":"0x651d033b62050d4a32ffb16281c8685790d1233922a4ec2dcd5c6c1a66461226","transactionPosition":0},{"action":{"callType":"staticcall","from":"0x9dcd17433742f4c0ca53122ab541d0ba67fc27d0","to":"0x9dcd17433742f4c0ca53122ab541d0ba67fc27d2","gas":"0xea60","input":"0x","value":"0x0"},"result":{"gasUsed":"0x7d","output":"0x000000000000000000000000000000000000000000000000000000000000002b000000000000000000000000000000000000000000000000000c72dd9d5e883e0000000000000000000000000000000000000000000000000000000000000000000000000000000000000000000000000000000000000000000000000031c9f400000000000000000000000000000000000000000000000000000000000000000000000000000000000000007435ed30a8b4aeb0877cef0c6e8cffe834eb865f0000000000000000000000000000000000000000000000000000000000000000"},"subtraces":0,"traceAddress":[2],"type":"call","blockHash":"0x22e8e9edaefc674ba389450dc41088e521fb2d33330a72c8b7aa2bf1b2281ffe","blockNumber":43,"transactionHash":"0x651d033b62050d4a32ffb16281c8685790d1233922a4ec2dcd5c6c1a66461226","transactionPosition":0},{"action":{"callType":"staticcall","from":"0x9dcd17433742f4c0ca53122ab541d0ba67fc27d0","to":"0x7dcd17433742f4c0ca53122ab541d0ba67fc27df","gas":"0xea60","input":"0x","value":"0x0"},"result":null,"error":"out of gas: write protection","subtraces":0,"traceAddress":[3],"type":"call","blockHash":"0x22e8e9edaefc674ba389450dc41088e521fb2d33330a72c8b7aa2bf1b2281ffe","blockNumber":43,"transactionHash":"0x651d033b62050d4a32ffb16281c8685790d1233922a4ec2dcd5c6c1a66461226","transactionPosition":0},{"action":{"callType":"delegatecall","from":"0x9dcd17433742f4c0ca53122ab541d0ba67fc27d0","to":"0x7dcd17433742f4c0ca53122ab541d0ba67fc27df","gas":"0xea60","input":"0x00000000","value":"0x0"},"result":{"gasUsed":"0x2cd4","output":"0x"},"subtraces":0,"traceAddress":[4],"type":"call","blockHash":"0x22e8e9edaefc674ba389450dc41088e521fb2d33330a72c8b7aa2bf1b2281ffe","blockNumber":43,"transactionHash":"0x651d033b62050d4a32ffb16281c8685790d1233922a4ec2dcd5c6c1a66461226","transactionPosition":0},{"action":{"callType":"callcode","from":"0x9dcd17433742f4c0ca53122ab541d0ba67fc27d0","to":"0x9dcd17433742f4c0ca53122ab541d0ba67fc27d1","gas":"0xea60","input":"0xff01","value":"0x0"},"result":{"gasUsed":"0x48","output":"0xffee"},"subtraces":0,"traceAddress":[5],"type":"call","blockHash":"0x22e8e9edaefc674ba389450dc41088e521fb2d33330a72c8b7aa2bf1b2281ffe","blockNumber":43,"transactionHash":"0x651d033b62050d4a32ffb16281c8685790d1233922a4ec2dcd5c6c1a66461226","transactionPosition":0},{"action":{"from":"0x9dcd17433742f4c0ca53122ab541d0ba67fc27d0","gas":"0x6d70b","init":"0x5b646368696c6460006000a133ff","value":"0x0","creationMethod":"create"},"result":{"gasUsed":"0x1682","address":"0x05032e03adbca6d5d04236000a2bbb6b4fec87f5","code":"0x"},"subtraces":1,"traceAddress":[6],"type":"create","blockHash":"0x22e8e9edaefc674ba389450dc41088e521fb2d33330a72c8b7aa2bf1b2281ffe","blockNumber":43,"transactionHash":"0x651d033b62050d4a32ffb16281c8685790d1233922a4ec2dcd5c6c1a66461226","transactionPosition":0},{"action":{"address":"0x05032e03adbca6d5d04236000a2bbb6b4fec87f5","refundAddress":"0x9dcd17433742f4c0ca53122ab541d0ba67fc27d0","balance":"0x0"},"result":null,"subtraces":0,"traceAddress":[6,0],"type":"suicide","blockHash":"0x22e8e9edaefc674ba389450dc41088e521fb2d33330a72c8b7aa2bf1b2281ffe","blockNumber":43,"transactionHash":"0x651d033b62050d4a32ffb16281c8685790d1233922a4ec2dcd5c6c1a66461226","transactionPosition":0},{"action":{"callType":"call","from":"0x7435ed30a8b4aeb0877cef0c6e8cffe834eb865f","to":"0x7dcd17433742f4c0ca53122ab541d0ba67fc27df","gas":"0x11ba0","input":"0xebe7a54f122c1cf1656d6974","value":"0x2"},"result":{"gasUsed":"0x5f9c","output":"0x"},"subtraces":0,"traceAddress":[],"type":"call","blockHash":"0x22e8e9edaefc674ba389450dc41088e521fb2d33330a72c8b7aa2bf1b2281ffe","blockNumber":43,"transactionHash":"0xfa7de1862f93f2da0e1450d833da95e5e04ea7381a471f7388c1e9c92e551deb","transactionPosition":1},{"action":{"callType":"call","from":"0x7435ed30a8b4aeb0877cef0c6e8cffe834eb865f","to":"0x7dcd17433742f4c0ca53122ab541d0ba67fc27df","gas":"0x11ba0","input":"0xcef26346bf2d1331656d6974","value":"0x2"},"result":{"gasUsed":"0x5f9c","output":"0x"},"subtraces":0,"traceAddress":[],"type":"call","blockHash":"0x22e8e9edaefc674ba389450dc41088e521fb2d33330a72c8b7aa2bf1b2281ffe","blockNumber":43,"transactionHash":"0x321a8dba67e9c086a4877a6c33c1564471683da311f72005650d102ba847522c","transactionPosition":2},{"action":{"callType":"call","from":"0x7435ed30a8b4aeb0877cef0c6e8cffe834eb865f","to":"0x7dcd17433742f4c0ca53122ab541d0ba67fc27df","gas":"0x11ba0","input":"0x2276cc05d723a1e7656d6974","value":"0x3"},"result":{"gasUsed":"0x5f9c","output":"0x"},"subtraces":0,"traceAddress":[],"type":"call","blockHash":"0x8ee9c89c042749060aa7225c9568cfbeb4ae658041f42cf5cfa90ef3cbc8c250","blockNumber":44,"transactionHash":"0x04fd4668ef5f466780ea8c866659e563d8659a626e5de911ea4a687cda38e4b5","transactionPosition":0},{"action":{"callType":"call","from":"0x7435ed30a8b4aeb0877cef0c6e8cffe834eb865f","to":"0x7dcd17433742f4c0ca53122ab541d0ba67fc27df","gas":"0x133d8","input":"0x7656ae13bace34c5656d6974","value":"0x2"},"result":{"gasUsed":"0x6fa0","output":"0x"},"subtraces":0,"traceAddress":[],"type":"call","blockHash":"0x8ee9c89c042749060aa7225c9568cfbeb4ae658041f42cf5cfa90ef3cbc8c250","blockNumber":44,"transactionHash":"0x213aa25f0673a954b12f125f001fdfdfc9c4e5ce3f8a5aeb8292f04f5feb15b4","transactionPosition":1},{"action":{"callType":"call","from":"0x7435ed30a8b4aeb0877cef0c6e8cffe834eb865f","to":"0xd803681e487e6ac18053afc5a6cd813c86ec3e4d","gas":"0x0","input":"0x","value":"0x1"},"result":{"gasUsed":"0x0","output":"0x"},"subtraces":0,"traceAddress":[],"type":"call","blockHash":"0x8ee9c89c042749060aa7225c9568cfbeb4ae658041f42cf5cfa90ef3cbc8c250","blockNumber":44,"transactionHash":"0x894b329288125359a28bb1e9c07bf6147ed1e1982b0e487a51a0c724d7fa7486","transactionPosition":2},{"action":{"callType":"call","from":"0x7435ed30a8b4aeb0877cef0c6e8cffe834eb865f","to":"0x16c57edf7fa9d9525378b0b81bf8a3ced0620c1c","gas":"0x0","input":"0x","value":"0x1"},"result":{"gasUsed":"0x0","output":"0x"},"subtraces":0,"traceAddress":[],"type":"call","blockHash":"0xe6d9078b4964bc1b329fb12242254e21cf88ffa9a88058e515d6e79f7d8fce0d","blockNumber":45,"transactionHash":"0x8d872ca87b7f1343eab260d3f69260e8efde5dcf5532a23c18e1c25cadaa2df7","transactionPosition":0},{"action":{"callType":"call","from":"0x7435ed30a8b4aeb0877cef0c6e8cffe834eb865f","to":"0x14e46043e63d0e3cdcf2530519f4cfaf35058cb2","gas":"0x0","input":"0x","value":"0x1"},"result":{"gasUsed":"0x0","output":"0x"},"subtraces":0,"traceAddress":[],"type":"call","blockHash":"0xe6d9078b4964bc1b329fb12242254e21cf88ffa9a88058e515d6e79f7d8fce0d","blockNumber":45,"transactionHash":"0x07782b90d866d9c854fc70a3609e69f378a7d392a61f7cd712136d79e3f98a6f","transactionPosition":1},{"action":{"callType":"call","from":"0x7435ed30a8b4aeb0877cef0c6e8cffe834eb865f","to":"0x9dcd17433742f4c0ca53122ab541d0ba67fc27d3","gas":"0x13488","input":"0x01","value":"0x0"},"result":{"gasUsed":"0x889","output":"0x08c379a00000000000000000000000000000000000000000000000000000000000000020000000000000000000000000000000000000000000000000000000000000000a75736572206572726f72"},"error":"Reverted","subtraces":0,"traceAddress":[],"type":"call","blockHash":"0x5b3627e612c821267b54826693cfde431298fd7cdb8f8ec6ea90d952c494e7e8","blockNumber":46,"transactionHash":"0x6992fed2b2fc6c77cb7ffc2a1351d8e5dadf08cf2736fb6d1a0ed5786f3d5206","transactionPosition":0},{"action":{"callType":"call","from":"0x7435ed30a8b4aeb0877cef0c6e8cffe834eb865f","to":"0x9dcd17433742f4c0ca53122ab541d0ba67fc27d0","gas":"0x8d5b8","input":"0x","value":"0x0"},"result":{"gasUsed":"0x1fc63","output":"0xffee"},"subtraces":7,"traceAddress":[],"type":"call","blockHash":"0x5b3627e612c821267b54826693cfde431298fd7cdb8f8ec6ea90d952c494e7e8","blockNumber":46,"transactionHash":"0x64b5f6ae3b44a9623caeecbb78c9cf65f9a23781c585d75642e8f52b71bc1599","transactionPosition":1},{"action":{"callType":"call","from":"0x9dcd17433742f4c0ca53122ab541d0ba67fc27d0","to":"0x9dcd17433742f4c0ca53122ab541d0ba67fc27d1","gas":"0xf35c","input":"0xff01","value":"0x1"},"result":{"gasUsed":"0x48","output":"0xffee"},"subtraces":0,"traceAddress":[0],"type":"call","blockHash":"0x5b3627e612c821267b54826693cfde431298fd7cdb8f8ec6ea90d952c494e7e8","blockNumber":46,"transactionHash":"0x64b5f6ae3b44a9623caeecbb78c9cf65f9a23781c585d75642e8f52b71bc1599","transactionPosition":1},{"action":{"callType":"call","from":"0x9dcd17433742f4c0ca53122ab541d0ba67fc27d0","to":"0x9dcd17433742f4c0ca53122ab541d0ba67fc27d3","gas":"0xea60","input":"0x0000000000000000000000000000000000000000000000000000000000000001","value":"0x0"},"result":{"gasUsed":"0x889","output":"0x08c379a00000000000000000000000000000000000000000000000000000000000000020000000000000000000000000000000000000000000000000000000000000000a75736572206572726f72"},"error":"Reverted","subtraces":0,"traceAddress":[1],"type":"call","blockHash":"0x5b3627e612c821267b54826693cfde431298fd7cdb8f8ec6ea90d952c494e7e8","blockNumber":46,"transactionHash":"0x64b5f6ae3b44a9623caeecbb78c9cf65f9a23781c585d75642e8f52b71bc1599","transactionPosition":1},{"action":{"callType":"staticcall","from":"0x9dcd17433742f4c0ca53122ab541d0ba67fc27d0","to":"0x9dcd17433742f4c0ca53122ab541d0ba67fc27d2","gas":"0xea60","input":"0x","value":"0x0"},"result":{"gasUsed":"0x7d","output":"0x000000000000000000000000000000000000000000000000000000000000002e000000000000000000000000000000000000000000000000000c72dd9d5e883e0000000000000000000000000000000000000000000000000000000000000000000000000000000000000000000000000000000000000000000000000021650900000000000000000000000000000000000000000000000000000000000000000000000000000000000000007435ed30a8b4aeb0877cef0c6e8cffe834eb865f0000000000000000000000000000000000000000000000000000000000000000"},"subtraces":0,"traceAddress":[2],"type":"call","blockHash":"0x5b3627e612c821267b54826693cfde431298fd7cdb8f8ec6ea90d952c494e7e8","blockNumber":46,"transactionHash":"0x64b5f6ae3b44a9623caeecbb78c9cf65f9a23781c585d75642e8f52b71bc1599","transactionPosition":1},{"action":{"callType":"staticcall","from":"0x9dcd17433742f4c0ca53122ab541d0ba67fc27d0","to":"0x7dcd17433742f4c0ca53122ab541d0ba67fc27df","gas":"0xea60","input":"0x","value":"0x0"},"result":null,"error":"out of gas: write protection","subtraces":0,"traceAddress":[3],"type":"call","blockHash":"0x5b3627e612c821267b54826693cfde431298fd7cdb8f8ec6ea90d952c494e7e8","blockNumber":46,"transactionHash":"0x64b5f6ae3b44a9623caeecbb78c9cf65f9a23781c585d75642e8f52b71bc1599","transactionPosition":1},{"action":{"callType":"delegatecall","from":"0x9dcd17433742f4c0ca53122ab541d0ba67fc27d0","to":"0x7dcd17433742f4c0ca53122ab541d0ba67fc27df","gas":"0xea60","input":"0x00000000","value":"0x0"},"result":{"gasUsed":"0x2cd4","output":"0x"},"subtraces":0,"traceAddress":[4],"type":"call","blockHash":"0x5b3627e612c821267b54826693cfde431298fd7cdb8f8ec6ea90d952c494e7e8","blockNumber":46,"transactionHash":"0x64b5f6ae3b44a9623caeecbb78c9cf65f9a23781c585d75642e8f52b71bc1599","transactionPosition":1},{"action":{"callType":"callcode","from":"0x9dcd17433742f4c0ca53122ab541d0ba67fc27d0","to":"0x9dcd17433742f4c0ca53122ab541d0ba67fc27d1","gas":"0xea60","input":"0xff01","value":"0x0"},"result":{"gasUsed":"0x48","output":"0xffee"},"subtraces":0,"traceAddress":[5],"type":"call","blockHash":"0x5b3627e612c821267b54826693cfde431298fd7cdb8f8ec6ea90d952c494e7e8","blockNumber":46,"transactionHash":"0x64b5f6ae3b44a9623caeecbb78c9cf65f9a23781c585d75642e8f52b71bc1599","transactionPosition":1},{"action":{"from":"0x9dcd17433742f4c0ca53122ab541d0ba67fc27d0","gas":"0x6d70b","init":"0x5b646368696c6460006000a133ff","value":"0x0","creationMethod":"create"},"result":{"gasUsed":"0x1682","address":"0x9ee5c90ad0a83dd07800c64adb87c584092f8e37","code":"0x"},"subtraces":1,"traceAddress":[6],"type":"create","blockHash":"0x5b3627e612c821267b54826693cfde431298fd7cdb8f8ec6ea90d952c494e7e8","blockNumber":46,"transactionHash":"0x64b5f6ae3b44a9623caeecbb78c9cf65f9a23781c585d75642e8f52b71bc1599","transactionPosition":1},{"action":{"address":"0x9ee5c90ad0a83dd07800c64adb87c584092f8e37","refundAddress":"0x9dcd17433742f4c0ca53122ab541d0ba67fc27d0","balance":"0x0"},"result":null,"subtraces":0,"traceAddress":[6,0],"type":"suicide","blockHash":"0x5b3627e612c821267b54826693cfde431298fd7cdb8f8ec6ea90d952c494e7e8","blockNumber":46,"transactionHash":"0x64b5f6ae3b44a9623caeecbb78c9cf65f9a23781c585d75642e8f52b71bc1599","transactionPosition":1},{"action":{"callType":"call","from":"0x7435ed30a8b4aeb0877cef0c6e8cffe834eb865f","to":"0x7dcd17433742f4c0ca53122ab541d0ba67fc27df","gas":"0x11ba0","input":"0x515a531d2825dec2656d6974","value":"0x2"},"result":{"gasUsed":"0x5f9c","output":"0x"},"subtraces":0,"traceAddress":[],"type":"call","blockHash":"0x5b3627e612c821267b54826693cfde431298fd7cdb8f8ec6ea90d952c494e7e8","blockNumber":46,"transactionHash":"0x2cd66c5f92f7f966a3ae2e79fa501284a5da51a3d9d233159854d17c427b1441","transactionPosition":2},{"action":{"callType":"call","from":"0x7435ed30a8b4aeb0877cef0c6e8cffe834eb865f","to":"0x7dcd17433742f4c0ca53122ab541d0ba67fc27df","gas":"0x11ba0","input":"0xea41c6626bd2d71a656d6974","value":"0x2"},"result":{"gasUsed":"0x5f9c","output":"0x"},"subtraces":0,"traceAddress":[],"type":"call","blockHash":"0xaede89efdac80ce5f55b93ee934eddc67b5c8a4282b18a86ca635d69234301f3","blockNumber":47,"transactionHash":"0xc81daa5f275b0b347590ec8558e530da183a7ff86c377221a59c96faf5bea12c","transactionPosition":0},{"action":{"callType":"call","from":"0x7435ed30a8b4aeb0877cef0c6e8cffe834eb865f","to":"0x7dcd17433742f4c0ca53122ab541d0ba67fc27df","gas":"0x11ba0","input":"0x65682bc386966217656d6974","value":"0x3"},"result":{"gasUsed":"0x5f9c","output":"0x"},"subtraces":0,"traceAddress":[],"type":"call","blockHash":"0xaede89efdac80ce5f55b93ee934eddc67b5c8a4282b18a86ca635d69234301f3","blockNumber":47,"transactionHash":"0x1d37878b27d1e686d15b99cb406684e3c50be2fb0cadce5daee795b48c2003bb","transactionPosition":1},{"action":{"callType":"call","from":"0x7435ed30a8b4aeb0877cef0c6e8cffe834eb865f","to":"0x7dcd17433742f4c0ca53122ab541d0ba67fc27df","gas":"0x133d8","input":"0x156e2b9e3a273c7b656d6974","value":"0x2"},"result":{"gasUsed":"0x6fa0","output":"0x"},"subtraces":0,"traceAddress":[],"type":"call","blockHash":"0xaede89efdac80ce5f55b93ee934eddc67b5c8a4282b18a86ca635d69234301f3","blockNumber":47,"transactionHash":"0x62f97493d38267cf7b80fd4e9a048bb77cceed36ac0ddd1072736cff48915821","transactionPosition":2},{"action":{"callType":"call","from":"0x7435ed30a8b4aeb0877cef0c6e8cffe834eb865f","to":"0x83c7e323d189f18725ac510004fdc2941f8c4a78","gas":"0x0","input":"0x","value":"0x1"},"result":{"gasUsed":"0x0","output":"0x"},"subtraces":0,"traceAddress":[],"type":"call","blockHash":"0xf0b1510b2a9c8d4c4bd1ff2c578ddbffc04741aa06b3cc8680a343741ef15e84","blockNumber":48,"transactionHash":"0x8e96b39ab5e268215283ab40d65139edc6f281f4d79444b6b0a87861c5f8a1d5","transactionPosition":0},{"action":{"callType":"call","from":"0x7435ed30a8b4aeb0877cef0c6e8cffe834eb865f","to":"0x2d389075be5be9f2246ad654ce152cf05990b209","gas":"0x0","input":"0x","value":"0x1"},"result":{"gasUsed":"0x0","output":"0x"},"subtraces":0,"traceAddress":[],"type":"call","blockHash":"0xf0b1510b2a9c8d4c4bd1ff2c578ddbffc04741aa06b3cc8680a343741ef15e84","blockNumber":48,"transactionHash":"0x7045e365111563c3f68594c54d9c4d7e3445f0cfc9671f68e8a0122f849f3f18","transactionPosition":1},{"action":{"callType":"call","from":"0x7435ed30a8b4aeb0877cef0c6e8cffe834eb865f","to":"0x3ae75c08b4c907eb63a8960c45b86e1e9ab6123c","gas":"0x0","input":"0x","value":"0x1"},"result":{"gasUsed":"0x0","output":"0x"},"subtraces":0,"traceAddress":[],"type":"call","blockHash":"0xf0b1510b2a9c8d4c4bd1ff2c578ddbffc04741aa06b3cc8680a343741ef15e84","blockNumber":48,"transactionHash":"0xbe7d79a54b361c1515802fdf8e3843694b3a93350a9097b84c5582686c77163c","transactionPosition":2}]}
response differs from expected (-- client, ++ test):
{
  "id": 1,
  "jsonrpc": "2.0",
  "result": -- [] ++ {}
}
>>  {"jsonrpc": "2.0", "id": 1, "method": "eth_getBlockByNumber", "params": ["0x30", false]}
<<  {"jsonrpc":"2.0","id":1,"result":{"baseFeePerGas":"0x199876","blobGasUsed":"0x0","difficulty":"0x0","excessBlobGas":"0x0","extraData":"0x","gasLimit":"0x5f5e100","gasUsed":"0xf618","hash":"0xf0b1510b2a9c8d4c4bd1ff2c578ddbffc04741aa06b3cc8680a343741ef15e84","logsBloom":"0x00000000000000000000000000000000000000000000000000000000000000000000000000000000000000000000000000000000000000000000000000000000000000000000000000000000000000000000000000000000000000000000000000000000000000000000000000000000000000000000000000000000000000000000000000000000000000000000000000000000000000000000000000000000000000000000000000000000000000000000000000000000000000000000000000000000000000000000000000000000000000000000000000000000000000000000000000000000000000000000000000000000000000000000000000000000","miner":"0x0000000000000000000000000000000000000000","mixHash":"0x0000000000000000000000000000000000000000000000000000000000000000","nonce":"0x0000000000000000","number":"0x30","parentBeaconBlockRoot":"0x5b5b49487967b3b60bd859ba2fb13290c6eaf67e97e9f9f9dda935c08564b5f6","parentHash":"0xaede89efdac80ce5f55b93ee934eddc67b5c8a4282b18a86ca635d69234301f3","receiptsRoot":"0x4b7fefa97a453e0ee0cea1d51ca4ab3729f3a2a6a8388a5a3b13765eec3720b7","requestsHash":"0xe3b0c44298fc1c149afbf4c8996fb92427ae41e4649b934ca495991b7852b855","sha3Uncles":"0x1dcc4de8dec75d7aab85b567b6ccd41ad312451b948a7413f0a142fd40d49347","size":"0x3b8","stateRoot":"0xbce840ac9806ecb3d791bf55bfcfa9460ff3275996aff265fc75e2a2f3efdb26","timestamp":"0x1e0","transactions":["0x8e96b39ab5e268215283ab40d65139edc6f281f4d79444b6b0a87861c5f8a1d5","0x7045e365111563c3f68594c54d9c4d7e3445f0cfc9671f68e8a0122f849f3f18","0xbe7d79a54b361c1515802fdf8e3843694b3a93350a9097b84c5582686c77163c"],"transactionsRoot":"0x3d96f46f0efae36059fcba93396d90ed19260e009e9dac0057a1d87e66dc17d0","uncles":[],"withdrawals":[],"withdrawalsRoot":"0x56e81f171bcc55a6ff8345e692c0f86e5b48e01b996cadc001622fb5e363b421"}}
response differs from expected (-- client, ++ test):
{
  "id": 1,
  "jsonrpc": "2.0",
  "result": {
    -- "baseFeePerGas": "0x199876",
    -- "blobGasUsed": "0x0",
    ++ "capture_only": true,
    -- "difficulty": "0x0",
    -- "excessBlobGas": "0x0",
    -- "extraData": "0x",
    -- "gasLimit": "0x5f5e100",
    -- "gasUsed": "0xf618",
    -- "hash": "0xf0b1510b2a9c8d4c4bd1ff2c578ddbffc04741aa06b3cc8680a343741ef15e84",
    -- "logsBloom": "0x00000000000000000000000000000000000000000000000000000000000000000000000000000000000000000000000000000000000000000000000000000000000000000000000000000000000000000000000000000000000000000000000000000000000000000000000000000000000000000000000000000000000000000000000000000000000000000000000000000000000000000000000000000000000000000000000000000000000000000000000000000000000000000000000000000000000000000000000000000000000000000000000000000000000000000000000000000000000000000000000000000000000000000000000000000000",
    -- "miner": "0x0000000000000000000000000000000000000000",
    -- "mixHash": "0x0000000000000000000000000000000000000000000000000000000000000000",
    -- "nonce": "0x0000000000000000",
    -- "number": "0x30",
    -- "parentBeaconBlockRoot": "0x5b5b49487967b3b60bd859ba2fb13290c6eaf67e97e9f9f9dda935c08564b5f6",
    -- "parentHash": "0xaede89efdac80ce5f55b93ee934eddc67b5c8a4282b18a86ca635d69234301f3",
    -- "receiptsRoot": "0x4b7fefa97a453e0ee0cea1d51ca4ab3729f3a2a6a8388a5a3b13765eec3720b7",
    -- "requestsHash": "0xe3b0c44298fc1c149afbf4c8996fb92427ae41e4649b934ca495991b7852b855",
    -- "sha3Uncles": "0x1dcc4de8dec75d7aab85b567b6ccd41ad312451b948a7413f0a142fd40d49347",
    -- "size": "0x3b8",
    -- "stateRoot": "0xbce840ac9806ecb3d791bf55bfcfa9460ff3275996aff265fc75e2a2f3efdb26",
    -- "timestamp": "0x1e0",
    -- "transactions": [
      -- "0x8e96b39ab5e268215283ab40d65139edc6f281f4d79444b6b0a87861c5f8a1d5",
      -- "0x7045e365111563c3f68594c54d9c4d7e3445f0cfc9671f68e8a0122f849f3f18",
      -- "0xbe7d79a54b361c1515802fdf8e3843694b3a93350a9097b84c5582686c77163c"
    -- ],
    -- "transactionsRoot": "0x3d96f46f0efae36059fcba93396d90ed19260e009e9dac0057a1d87e66dc17d0",
    -- "uncles": [],
    -- "withdrawals": [],
    -- "withdrawalsRoot": "0x56e81f171bcc55a6ff8345e692c0f86e5b48e01b996cadc001622fb5e363b421"
  }
}
>>  {"jsonrpc": "2.0", "id": 1, "method": "eth_blockNumber", "params": []}
<<  {"jsonrpc":"2.0","id":1,"result":"0x30"}
response differs from expected (-- client, ++ test):
{
  "id": 1,
  "jsonrpc": "2.0",
  "result": -- "0x30" ++ {}
}
>>  {"jsonrpc": "2.0", "id": 1, "method": "eth_getTransactionReceipt", "params": ["0xe4a4bd6a4fad4df86c1222128b9d79a1dd0686cf4a0e1d506731482b7266d483"]}
<<  {"jsonrpc":"2.0","id":1,"result":{"blockHash":"0x6cb3089f8b5ff993ed24ed9ccbfa8bae322848d722842e6453576f30029b1434","blockNumber":"0x2a","contractAddress":null,"cumulativeGasUsed":"0x5208","effectiveGasPrice":"0x38e4f7","from":"0x7435ed30a8b4aeb0877cef0c6e8cffe834eb865f","gasUsed":"0x5208","logs":[],"logsBloom":"0x00000000000000000000000000000000000000000000000000000000000000000000000000000000000000000000000000000000000000000000000000000000000000000000000000000000000000000000000000000000000000000000000000000000000000000000000000000000000000000000000000000000000000000000000000000000000000000000000000000000000000000000000000000000000000000000000000000000000000000000000000000000000000000000000000000000000000000000000000000000000000000000000000000000000000000000000000000000000000000000000000000000000000000000000000000000","status":"0x1","to":"0x1f5bde34b4afc686f136c7a3cb6ec376f7357759","transactionHash":"0xe4a4bd6a4fad4df86c1222128b9d79a1dd0686cf4a0e1d506731482b7266d483","transactionIndex":"0x0","type":"0x0"}}
response differs from expected (-- client, ++ test):
{
  "id": 1,
  "jsonrpc": "2.0",
  "result": {
    -- "blockHash": "0x6cb3089f8b5ff993ed24ed9ccbfa8bae322848d722842e6453576f30029b1434",
    -- "blockNumber": "0x2a",
    ++ "capture_only": true,
    -- "contractAddress": null,
    -- "cumulativeGasUsed": "0x5208",
    -- "effectiveGasPrice": "0x38e4f7",
    -- "from": "0x7435ed30a8b4aeb0877cef0c6e8cffe834eb865f",
    -- "gasUsed": "0x5208",
    -- "logs": [],
    -- "logsBloom": "0x00000000000000000000000000000000000000000000000000000000000000000000000000000000000000000000000000000000000000000000000000000000000000000000000000000000000000000000000000000000000000000000000000000000000000000000000000000000000000000000000000000000000000000000000000000000000000000000000000000000000000000000000000000000000000000000000000000000000000000000000000000000000000000000000000000000000000000000000000000000000000000000000000000000000000000000000000000000000000000000000000000000000000000000000000000000",
    -- "status": "0x1",
    -- "to": "0x1f5bde34b4afc686f136c7a3cb6ec376f7357759",
    -- "transactionHash": "0xe4a4bd6a4fad4df86c1222128b9d79a1dd0686cf4a0e1d506731482b7266d483",
    -- "transactionIndex": "0x0",
    -- "type": "0x0"
  }
}
interop Engine engine_newPayloadV4: reply=map[latestValidHash:0x23a229f69acd6ffb1d98dbae859e4fde6bcb6db51786ec54d07085d74bf473d4 status:VALID validationError:<nil>] error=<nil>
interop Engine engine_newPayloadV4: reply=map[latestValidHash:0xb643aaad7876814b2319a5ac15e3efd4c5a928f711683d4d3abee5b525fc349d status:VALID validationError:<nil>] error=<nil>
interop Engine engine_newPayloadV4: reply=map[latestValidHash:0x59c52ea8dd1dfdb037aec4a2f28907fb1cf4ca5401b48590182eaa5415e8e6f3 status:VALID validationError:<nil>] error=<nil>
interop Engine engine_newPayloadV4: reply=map[latestValidHash:0x3ae39139cb5ef4492f48c7ed41f861621a0f7af2c15ee458b09914e7fc97dfe9 status:VALID validationError:<nil>] error=<nil>
interop Engine engine_newPayloadV4: reply=map[latestValidHash:0x008d1333b89a6507babffba8a8605f2426aa21a829ad0c20131d40dc72300628 status:VALID validationError:<nil>] error=<nil>
interop Engine engine_newPayloadV4: reply=map[latestValidHash:0xb75975dcf8dc29c9d8f63272511a20eb5c16c8466634e83f6b840d3baaa54110 status:VALID validationError:<nil>] error=<nil>
interop Engine engine_newPayloadV4: reply=map[latestValidHash:0xced04ae80b11fac8e3619bba83e9f8a3490159e045f1ac504955e69a783dbbcd status:VALID validationError:<nil>] error=<nil>
interop Engine engine_newPayloadV4: reply=map[latestValidHash:0xa3b4b86837197906688c55979962fcf57fc43f7d1796cdacce350f2a4590ef8e status:VALID validationError:<nil>] error=<nil>
interop Engine engine_newPayloadV4: reply=map[latestValidHash:0x89760635a073492746414d5e8ea50ceaaaf035f603e37543a36328af11d6de32 status:VALID validationError:<nil>] error=<nil>
interop forkchoice accepted: [map[finalizedBlockHash:0x9901db3a31e7004c45911fca4480b7dce86a4baeab819eb4959d7316f687d54c headBlockHash:0x89760635a073492746414d5e8ea50ceaaaf035f603e37543a36328af11d6de32 safeBlockHash:0x9901db3a31e7004c45911fca4480b7dce86a4baeab819eb4959d7316f687d54c] <nil>]
>>  {"jsonrpc": "2.0", "id": 1, "method": "trace_block", "params": ["0x2d"]}
<<  {"jsonrpc":"2.0","id":1,"result":[]}
response differs from expected (-- client, ++ test):
{
  "id": 1,
  "jsonrpc": "2.0",
  "result": -- [] ++ {}
}
>>  {"jsonrpc": "2.0", "id": 1, "method": "trace_filter", "params": [{"fromBlock": "0x28", "toBlock": "0x30"}]}
<<  {"jsonrpc":"2.0","id":1,"result":[]}
response differs from expected (-- client, ++ test):
{
  "id": 1,
  "jsonrpc": "2.0",
  "result": -- [] ++ {}
}
>>  {"jsonrpc": "2.0", "id": 1, "method": "eth_getBlockByNumber", "params": ["0x30", false]}
<<  {"jsonrpc":"2.0","id":1,"result":{"baseFeePerGas":"0x198413","blobGasUsed":"0x0","difficulty":"0x0","excessBlobGas":"0x0","extraData":"0x","gasLimit":"0x5f5e100","gasUsed":"0x0","hash":"0x89760635a073492746414d5e8ea50ceaaaf035f603e37543a36328af11d6de32","logsBloom":"0x00000000000000000000000000000000000000000000000000000000000000000000000000000000000000000000000000000000000000000000000000000000000000000000000000000000000000000000000000000000000000000000000000000000000000000000000000000000000000000000000000000000000000000000000000000000000000000000000000000000000000000000000000000000000000000000000000000000000000000000000000000000000000000000000000000000000000000000000000000000000000000000000000000000000000000000000000000000000000000000000000000000000000000000000000000000","miner":"0x0000000000000000000000000000000000000000","mixHash":"0x0000000000000000000000000000000000000000000000000000000000000000","nonce":"0x0000000000000000","number":"0x30","parentBeaconBlockRoot":"0x5b5b49487967b3b60bd859ba2fb13290c6eaf67e97e9f9f9dda935c08564b5f6","parentHash":"0xa3b4b86837197906688c55979962fcf57fc43f7d1796cdacce350f2a4590ef8e","receiptsRoot":"0x56e81f171bcc55a6ff8345e692c0f86e5b48e01b996cadc001622fb5e363b421","requestsHash":"0xe3b0c44298fc1c149afbf4c8996fb92427ae41e4649b934ca495991b7852b855","sha3Uncles":"0x1dcc4de8dec75d7aab85b567b6ccd41ad312451b948a7413f0a142fd40d49347","size":"0x265","stateRoot":"0xe679c81a19539811969c8d19a159ade831d70b65332e61695bf8ff5084c2a975","timestamp":"0x1e0","transactions":[],"transactionsRoot":"0x56e81f171bcc55a6ff8345e692c0f86e5b48e01b996cadc001622fb5e363b421","uncles":[],"withdrawals":[],"withdrawalsRoot":"0x56e81f171bcc55a6ff8345e692c0f86e5b48e01b996cadc001622fb5e363b421"}}
response differs from expected (-- client, ++ test):
{
  "id": 1,
  "jsonrpc": "2.0",
  "result": {
    -- "baseFeePerGas": "0x198413",
    -- "blobGasUsed": "0x0",
    ++ "capture_only": true,
    -- "difficulty": "0x0",
    -- "excessBlobGas": "0x0",
    -- "extraData": "0x",
    -- "gasLimit": "0x5f5e100",
    -- "gasUsed": "0x0",
    -- "hash": "0x89760635a073492746414d5e8ea50ceaaaf035f603e37543a36328af11d6de32",
    -- "logsBloom": "0x00000000000000000000000000000000000000000000000000000000000000000000000000000000000000000000000000000000000000000000000000000000000000000000000000000000000000000000000000000000000000000000000000000000000000000000000000000000000000000000000000000000000000000000000000000000000000000000000000000000000000000000000000000000000000000000000000000000000000000000000000000000000000000000000000000000000000000000000000000000000000000000000000000000000000000000000000000000000000000000000000000000000000000000000000000000",
    -- "miner": "0x0000000000000000000000000000000000000000",
    -- "mixHash": "0x0000000000000000000000000000000000000000000000000000000000000000",
    -- "nonce": "0x0000000000000000",
    -- "number": "0x30",
    -- "parentBeaconBlockRoot": "0x5b5b49487967b3b60bd859ba2fb13290c6eaf67e97e9f9f9dda935c08564b5f6",
    -- "parentHash": "0xa3b4b86837197906688c55979962fcf57fc43f7d1796cdacce350f2a4590ef8e",
    -- "receiptsRoot": "0x56e81f171bcc55a6ff8345e692c0f86e5b48e01b996cadc001622fb5e363b421",
    -- "requestsHash": "0xe3b0c44298fc1c149afbf4c8996fb92427ae41e4649b934ca495991b7852b855",
    -- "sha3Uncles": "0x1dcc4de8dec75d7aab85b567b6ccd41ad312451b948a7413f0a142fd40d49347",
    -- "size": "0x265",
    -- "stateRoot": "0xe679c81a19539811969c8d19a159ade831d70b65332e61695bf8ff5084c2a975",
    -- "timestamp": "0x1e0",
    -- "transactions": [],
    -- "transactionsRoot": "0x56e81f171bcc55a6ff8345e692c0f86e5b48e01b996cadc001622fb5e363b421",
    -- "uncles": [],
    -- "withdrawals": [],
    -- "withdrawalsRoot": "0x56e81f171bcc55a6ff8345e692c0f86e5b48e01b996cadc001622fb5e363b421"
  }
}
>>  {"jsonrpc": "2.0", "id": 1, "method": "eth_blockNumber", "params": []}
<<  {"jsonrpc":"2.0","id":1,"result":"0x30"}
response differs from expected (-- client, ++ test):
{
  "id": 1,
  "jsonrpc": "2.0",
  "result": -- "0x30" ++ {}
}
>>  {"jsonrpc": "2.0", "id": 1, "method": "eth_getTransactionReceipt", "params": ["0xe4a4bd6a4fad4df86c1222128b9d79a1dd0686cf4a0e1d506731482b7266d483"]}
<<  {"jsonrpc":"2.0","id":1,"result":null}
response differs from expected (-- client, ++ test):
{
  "id": 1,
  "jsonrpc": "2.0",
  "result": -- null ++ {}
}
interop forkchoice accepted: [map[finalizedBlockHash:0x9901db3a31e7004c45911fca4480b7dce86a4baeab819eb4959d7316f687d54c headBlockHash:0xf0b1510b2a9c8d4c4bd1ff2c578ddbffc04741aa06b3cc8680a343741ef15e84 safeBlockHash:0x9901db3a31e7004c45911fca4480b7dce86a4baeab819eb4959d7316f687d54c] <nil>]
>>  {"jsonrpc": "2.0", "id": 1, "method": "trace_block", "params": ["0x2d"]}
<<  {"jsonrpc":"2.0","id":1,"result":[{"action":{"callType":"call","from":"0x7435ed30a8b4aeb0877cef0c6e8cffe834eb865f","to":"0x16c57edf7fa9d9525378b0b81bf8a3ced0620c1c","gas":"0x0","input":"0x","value":"0x1"},"result":{"gasUsed":"0x0","output":"0x"},"subtraces":0,"traceAddress":[],"type":"call","blockHash":"0xe6d9078b4964bc1b329fb12242254e21cf88ffa9a88058e515d6e79f7d8fce0d","blockNumber":45,"transactionHash":"0x8d872ca87b7f1343eab260d3f69260e8efde5dcf5532a23c18e1c25cadaa2df7","transactionPosition":0},{"action":{"callType":"call","from":"0x7435ed30a8b4aeb0877cef0c6e8cffe834eb865f","to":"0x14e46043e63d0e3cdcf2530519f4cfaf35058cb2","gas":"0x0","input":"0x","value":"0x1"},"result":{"gasUsed":"0x0","output":"0x"},"subtraces":0,"traceAddress":[],"type":"call","blockHash":"0xe6d9078b4964bc1b329fb12242254e21cf88ffa9a88058e515d6e79f7d8fce0d","blockNumber":45,"transactionHash":"0x07782b90d866d9c854fc70a3609e69f378a7d392a61f7cd712136d79e3f98a6f","transactionPosition":1}]}
response differs from expected (-- client, ++ test):
{
  "id": 1,
  "jsonrpc": "2.0",
  "result": -- [] ++ {}
}
>>  {"jsonrpc": "2.0", "id": 1, "method": "trace_filter", "params": [{"fromBlock": "0x28", "toBlock": "0x30"}]}
<<  {"jsonrpc":"2.0","id":1,"result":[{"action":{"callType":"call","from":"0x7435ed30a8b4aeb0877cef0c6e8cffe834eb865f","to":"0x7dcd17433742f4c0ca53122ab541d0ba67fc27df","gas":"0x11ba0","input":"0x036464a71961a53a656d6974","value":"0x2"},"result":{"gasUsed":"0x5f9c","output":"0x"},"subtraces":0,"traceAddress":[],"type":"call","blockHash":"0xfc2b688f6d286950eff2cf6f1b10a6bf63e92a20fcdf8db7377ef647b154eb52","blockNumber":40,"transactionHash":"0x0efc1e4671e41e768fa107ecf72ab35e03d5a8b7e3f5bbe29cb28dc1eea265a2","transactionPosition":0},{"action":{"callType":"call","from":"0x7435ed30a8b4aeb0877cef0c6e8cffe834eb865f","to":"0x7dcd17433742f4c0ca53122ab541d0ba67fc27df","gas":"0x11ba0","input":"0x9ec58f808778768f656d6974","value":"0x2"},"result":{"gasUsed":"0x5f9c","output":"0x"},"subtraces":0,"traceAddress":[],"type":"call","blockHash":"0xfc2b688f6d286950eff2cf6f1b10a6bf63e92a20fcdf8db7377ef647b154eb52","blockNumber":40,"transactionHash":"0x1942a6223310f991ab036dccb28259dd634e39e08152d383afc422481e5ab2c2","transactionPosition":1},{"action":{"callType":"call","from":"0x7435ed30a8b4aeb0877cef0c6e8cffe834eb865f","to":"0x7dcd17433742f4c0ca53122ab541d0ba67fc27df","gas":"0x11ba0","input":"0xcd417355d4039279656d6974","value":"0x3"},"result":{"gasUsed":"0x5f9c","output":"0x"},"subtraces":0,"traceAddress":[],"type":"call","blockHash":"0xfc2b688f6d286950eff2cf6f1b10a6bf63e92a20fcdf8db7377ef647b154eb52","blockNumber":40,"transactionHash":"0xbc3230ca851b7baad39753405e55d96f2124d1e5e8ab9cd76c638bba601423ac","transactionPosition":2},{"action":{"callType":"call","from":"0x7435ed30a8b4aeb0877cef0c6e8cffe834eb865f","to":"0x7dcd17433742f4c0ca53122ab541d0ba67fc27df","gas":"0x133d8","input":"0x3186f4d423ee1407656d6974","value":"0x2"},"result":{"gasUsed":"0x6fa0","output":"0x"},"subtraces":0,"traceAddress":[],"type":"call","blockHash":"0x9bc6bd9fb238298cb6a4260fc4306ab426b3e2d41607e719dde8c4ca41817da7","blockNumber":41,"transactionHash":"0x6a2b2c1d5d3bae710fa3c9f79035e0b6b98d65df9cb05e425087c93ce9bf08ed","transactionPosition":0},{"action":{"callType":"call","from":"0x7435ed30a8b4aeb0877cef0c6e8cffe834eb865f","to":"0x717f8aa2b982bee0e29f573d31df288663e1ce16","gas":"0x0","input":"0x","value":"0x1"},"result":{"gasUsed":"0x0","output":"0x"},"subtraces":0,"traceAddress":[],"type":"call","blockHash":"0x9bc6bd9fb238298cb6a4260fc4306ab426b3e2d41607e719dde8c4ca41817da7","blockNumber":41,"transactionHash":"0x9249eb130af4bcf26d420f09df8a51f4947e387f9e325e8b223237c9602208a1","transactionPosition":1},{"action":{"callType":"call","from":"0x7435ed30a8b4aeb0877cef0c6e8cffe834eb865f","to":"0x4a0f1452281bcec5bd90c3dce6162a5995bfe9df","gas":"0x0","input":"0x","value":"0x1"},"result":{"gasUsed":"0x0","output":"0x"},"subtraces":0,"traceAddress":[],"type":"call","blockHash":"0x9bc6bd9fb238298cb6a4260fc4306ab426b3e2d41607e719dde8c4ca41817da7","blockNumber":41,"transactionHash":"0xbdda348fd5169ff5cc8c761147a64b34ceb2e913d7bf5e8ddf8e497ca3e3460f","transactionPosition":2},{"action":{"callType":"call","from":"0x7435ed30a8b4aeb0877cef0c6e8cffe834eb865f","to":"0x1f5bde34b4afc686f136c7a3cb6ec376f7357759","gas":"0x0","input":"0x","value":"0x1"},"result":{"gasUsed":"0x0","output":"0x"},"subtraces":0,"traceAddress":[],"type":"call","blockHash":"0x6cb3089f8b5ff993ed24ed9ccbfa8bae322848d722842e6453576f30029b1434","blockNumber":42,"transactionHash":"0xe4a4bd6a4fad4df86c1222128b9d79a1dd0686cf4a0e1d506731482b7266d483","transactionPosition":0},{"action":{"callType":"call","from":"0x7435ed30a8b4aeb0877cef0c6e8cffe834eb865f","to":"0x9dcd17433742f4c0ca53122ab541d0ba67fc27d3","gas":"0x13488","input":"0x01","value":"0x0"},"result":{"gasUsed":"0x889","output":"0x08c379a00000000000000000000000000000000000000000000000000000000000000020000000000000000000000000000000000000000000000000000000000000000a75736572206572726f72"},"error":"Reverted","subtraces":0,"traceAddress":[],"type":"call","blockHash":"0x6cb3089f8b5ff993ed24ed9ccbfa8bae322848d722842e6453576f30029b1434","blockNumber":42,"transactionHash":"0x7a15f2b6b479009c2d8f167dfc8490654348e85aa4968583bab1d4c3c17284bb","transactionPosition":1},{"action":{"callType":"call","from":"0x7435ed30a8b4aeb0877cef0c6e8cffe834eb865f","to":"0x9dcd17433742f4c0ca53122ab541d0ba67fc27d0","gas":"0x8d5b8","input":"0x","value":"0x0"},"result":{"gasUsed":"0x1fc63","output":"0xffee"},"subtraces":7,"traceAddress":[],"type":"call","blockHash":"0x22e8e9edaefc674ba389450dc41088e521fb2d33330a72c8b7aa2bf1b2281ffe","blockNumber":43,"transactionHash":"0x651d033b62050d4a32ffb16281c8685790d1233922a4ec2dcd5c6c1a66461226","transactionPosition":0},{"action":{"callType":"call","from":"0x9dcd17433742f4c0ca53122ab541d0ba67fc27d0","to":"0x9dcd17433742f4c0ca53122ab541d0ba67fc27d1","gas":"0xf35c","input":"0xff01","value":"0x1"},"result":{"gasUsed":"0x48","output":"0xffee"},"subtraces":0,"traceAddress":[0],"type":"call","blockHash":"0x22e8e9edaefc674ba389450dc41088e521fb2d33330a72c8b7aa2bf1b2281ffe","blockNumber":43,"transactionHash":"0x651d033b62050d4a32ffb16281c8685790d1233922a4ec2dcd5c6c1a66461226","transactionPosition":0},{"action":{"callType":"call","from":"0x9dcd17433742f4c0ca53122ab541d0ba67fc27d0","to":"0x9dcd17433742f4c0ca53122ab541d0ba67fc27d3","gas":"0xea60","input":"0x0000000000000000000000000000000000000000000000000000000000000001","value":"0x0"},"result":{"gasUsed":"0x889","output":"0x08c379a00000000000000000000000000000000000000000000000000000000000000020000000000000000000000000000000000000000000000000000000000000000a75736572206572726f72"},"error":"Reverted","subtraces":0,"traceAddress":[1],"type":"call","blockHash":"0x22e8e9edaefc674ba389450dc41088e521fb2d33330a72c8b7aa2bf1b2281ffe","blockNumber":43,"transactionHash":"0x651d033b62050d4a32ffb16281c8685790d1233922a4ec2dcd5c6c1a66461226","transactionPosition":0},{"action":{"callType":"staticcall","from":"0x9dcd17433742f4c0ca53122ab541d0ba67fc27d0","to":"0x9dcd17433742f4c0ca53122ab541d0ba67fc27d2","gas":"0xea60","input":"0x","value":"0x0"},"result":{"gasUsed":"0x7d","output":"0x000000000000000000000000000000000000000000000000000000000000002b000000000000000000000000000000000000000000000000000c72dd9d5e883e0000000000000000000000000000000000000000000000000000000000000000000000000000000000000000000000000000000000000000000000000031c9f400000000000000000000000000000000000000000000000000000000000000000000000000000000000000007435ed30a8b4aeb0877cef0c6e8cffe834eb865f0000000000000000000000000000000000000000000000000000000000000000"},"subtraces":0,"traceAddress":[2],"type":"call","blockHash":"0x22e8e9edaefc674ba389450dc41088e521fb2d33330a72c8b7aa2bf1b2281ffe","blockNumber":43,"transactionHash":"0x651d033b62050d4a32ffb16281c8685790d1233922a4ec2dcd5c6c1a66461226","transactionPosition":0},{"action":{"callType":"staticcall","from":"0x9dcd17433742f4c0ca53122ab541d0ba67fc27d0","to":"0x7dcd17433742f4c0ca53122ab541d0ba67fc27df","gas":"0xea60","input":"0x","value":"0x0"},"result":null,"error":"out of gas: write protection","subtraces":0,"traceAddress":[3],"type":"call","blockHash":"0x22e8e9edaefc674ba389450dc41088e521fb2d33330a72c8b7aa2bf1b2281ffe","blockNumber":43,"transactionHash":"0x651d033b62050d4a32ffb16281c8685790d1233922a4ec2dcd5c6c1a66461226","transactionPosition":0},{"action":{"callType":"delegatecall","from":"0x9dcd17433742f4c0ca53122ab541d0ba67fc27d0","to":"0x7dcd17433742f4c0ca53122ab541d0ba67fc27df","gas":"0xea60","input":"0x00000000","value":"0x0"},"result":{"gasUsed":"0x2cd4","output":"0x"},"subtraces":0,"traceAddress":[4],"type":"call","blockHash":"0x22e8e9edaefc674ba389450dc41088e521fb2d33330a72c8b7aa2bf1b2281ffe","blockNumber":43,"transactionHash":"0x651d033b62050d4a32ffb16281c8685790d1233922a4ec2dcd5c6c1a66461226","transactionPosition":0},{"action":{"callType":"callcode","from":"0x9dcd17433742f4c0ca53122ab541d0ba67fc27d0","to":"0x9dcd17433742f4c0ca53122ab541d0ba67fc27d1","gas":"0xea60","input":"0xff01","value":"0x0"},"result":{"gasUsed":"0x48","output":"0xffee"},"subtraces":0,"traceAddress":[5],"type":"call","blockHash":"0x22e8e9edaefc674ba389450dc41088e521fb2d33330a72c8b7aa2bf1b2281ffe","blockNumber":43,"transactionHash":"0x651d033b62050d4a32ffb16281c8685790d1233922a4ec2dcd5c6c1a66461226","transactionPosition":0},{"action":{"from":"0x9dcd17433742f4c0ca53122ab541d0ba67fc27d0","gas":"0x6d70b","init":"0x5b646368696c6460006000a133ff","value":"0x0","creationMethod":"create"},"result":{"gasUsed":"0x1682","address":"0x05032e03adbca6d5d04236000a2bbb6b4fec87f5","code":"0x"},"subtraces":1,"traceAddress":[6],"type":"create","blockHash":"0x22e8e9edaefc674ba389450dc41088e521fb2d33330a72c8b7aa2bf1b2281ffe","blockNumber":43,"transactionHash":"0x651d033b62050d4a32ffb16281c8685790d1233922a4ec2dcd5c6c1a66461226","transactionPosition":0},{"action":{"address":"0x05032e03adbca6d5d04236000a2bbb6b4fec87f5","refundAddress":"0x9dcd17433742f4c0ca53122ab541d0ba67fc27d0","balance":"0x0"},"result":null,"subtraces":0,"traceAddress":[6,0],"type":"suicide","blockHash":"0x22e8e9edaefc674ba389450dc41088e521fb2d33330a72c8b7aa2bf1b2281ffe","blockNumber":43,"transactionHash":"0x651d033b62050d4a32ffb16281c8685790d1233922a4ec2dcd5c6c1a66461226","transactionPosition":0},{"action":{"callType":"call","from":"0x7435ed30a8b4aeb0877cef0c6e8cffe834eb865f","to":"0x7dcd17433742f4c0ca53122ab541d0ba67fc27df","gas":"0x11ba0","input":"0xebe7a54f122c1cf1656d6974","value":"0x2"},"result":{"gasUsed":"0x5f9c","output":"0x"},"subtraces":0,"traceAddress":[],"type":"call","blockHash":"0x22e8e9edaefc674ba389450dc41088e521fb2d33330a72c8b7aa2bf1b2281ffe","blockNumber":43,"transactionHash":"0xfa7de1862f93f2da0e1450d833da95e5e04ea7381a471f7388c1e9c92e551deb","transactionPosition":1},{"action":{"callType":"call","from":"0x7435ed30a8b4aeb0877cef0c6e8cffe834eb865f","to":"0x7dcd17433742f4c0ca53122ab541d0ba67fc27df","gas":"0x11ba0","input":"0xcef26346bf2d1331656d6974","value":"0x2"},"result":{"gasUsed":"0x5f9c","output":"0x"},"subtraces":0,"traceAddress":[],"type":"call","blockHash":"0x22e8e9edaefc674ba389450dc41088e521fb2d33330a72c8b7aa2bf1b2281ffe","blockNumber":43,"transactionHash":"0x321a8dba67e9c086a4877a6c33c1564471683da311f72005650d102ba847522c","transactionPosition":2},{"action":{"callType":"call","from":"0x7435ed30a8b4aeb0877cef0c6e8cffe834eb865f","to":"0x7dcd17433742f4c0ca53122ab541d0ba67fc27df","gas":"0x11ba0","input":"0x2276cc05d723a1e7656d6974","value":"0x3"},"result":{"gasUsed":"0x5f9c","output":"0x"},"subtraces":0,"traceAddress":[],"type":"call","blockHash":"0x8ee9c89c042749060aa7225c9568cfbeb4ae658041f42cf5cfa90ef3cbc8c250","blockNumber":44,"transactionHash":"0x04fd4668ef5f466780ea8c866659e563d8659a626e5de911ea4a687cda38e4b5","transactionPosition":0},{"action":{"callType":"call","from":"0x7435ed30a8b4aeb0877cef0c6e8cffe834eb865f","to":"0x7dcd17433742f4c0ca53122ab541d0ba67fc27df","gas":"0x133d8","input":"0x7656ae13bace34c5656d6974","value":"0x2"},"result":{"gasUsed":"0x6fa0","output":"0x"},"subtraces":0,"traceAddress":[],"type":"call","blockHash":"0x8ee9c89c042749060aa7225c9568cfbeb4ae658041f42cf5cfa90ef3cbc8c250","blockNumber":44,"transactionHash":"0x213aa25f0673a954b12f125f001fdfdfc9c4e5ce3f8a5aeb8292f04f5feb15b4","transactionPosition":1},{"action":{"callType":"call","from":"0x7435ed30a8b4aeb0877cef0c6e8cffe834eb865f","to":"0xd803681e487e6ac18053afc5a6cd813c86ec3e4d","gas":"0x0","input":"0x","value":"0x1"},"result":{"gasUsed":"0x0","output":"0x"},"subtraces":0,"traceAddress":[],"type":"call","blockHash":"0x8ee9c89c042749060aa7225c9568cfbeb4ae658041f42cf5cfa90ef3cbc8c250","blockNumber":44,"transactionHash":"0x894b329288125359a28bb1e9c07bf6147ed1e1982b0e487a51a0c724d7fa7486","transactionPosition":2},{"action":{"callType":"call","from":"0x7435ed30a8b4aeb0877cef0c6e8cffe834eb865f","to":"0x16c57edf7fa9d9525378b0b81bf8a3ced0620c1c","gas":"0x0","input":"0x","value":"0x1"},"result":{"gasUsed":"0x0","output":"0x"},"subtraces":0,"traceAddress":[],"type":"call","blockHash":"0xe6d9078b4964bc1b329fb12242254e21cf88ffa9a88058e515d6e79f7d8fce0d","blockNumber":45,"transactionHash":"0x8d872ca87b7f1343eab260d3f69260e8efde5dcf5532a23c18e1c25cadaa2df7","transactionPosition":0},{"action":{"callType":"call","from":"0x7435ed30a8b4aeb0877cef0c6e8cffe834eb865f","to":"0x14e46043e63d0e3cdcf2530519f4cfaf35058cb2","gas":"0x0","input":"0x","value":"0x1"},"result":{"gasUsed":"0x0","output":"0x"},"subtraces":0,"traceAddress":[],"type":"call","blockHash":"0xe6d9078b4964bc1b329fb12242254e21cf88ffa9a88058e515d6e79f7d8fce0d","blockNumber":45,"transactionHash":"0x07782b90d866d9c854fc70a3609e69f378a7d392a61f7cd712136d79e3f98a6f","transactionPosition":1},{"action":{"callType":"call","from":"0x7435ed30a8b4aeb0877cef0c6e8cffe834eb865f","to":"0x9dcd17433742f4c0ca53122ab541d0ba67fc27d3","gas":"0x13488","input":"0x01","value":"0x0"},"result":{"gasUsed":"0x889","output":"0x08c379a00000000000000000000000000000000000000000000000000000000000000020000000000000000000000000000000000000000000000000000000000000000a75736572206572726f72"},"error":"Reverted","subtraces":0,"traceAddress":[],"type":"call","blockHash":"0x5b3627e612c821267b54826693cfde431298fd7cdb8f8ec6ea90d952c494e7e8","blockNumber":46,"transactionHash":"0x6992fed2b2fc6c77cb7ffc2a1351d8e5dadf08cf2736fb6d1a0ed5786f3d5206","transactionPosition":0},{"action":{"callType":"call","from":"0x7435ed30a8b4aeb0877cef0c6e8cffe834eb865f","to":"0x9dcd17433742f4c0ca53122ab541d0ba67fc27d0","gas":"0x8d5b8","input":"0x","value":"0x0"},"result":{"gasUsed":"0x1fc63","output":"0xffee"},"subtraces":7,"traceAddress":[],"type":"call","blockHash":"0x5b3627e612c821267b54826693cfde431298fd7cdb8f8ec6ea90d952c494e7e8","blockNumber":46,"transactionHash":"0x64b5f6ae3b44a9623caeecbb78c9cf65f9a23781c585d75642e8f52b71bc1599","transactionPosition":1},{"action":{"callType":"call","from":"0x9dcd17433742f4c0ca53122ab541d0ba67fc27d0","to":"0x9dcd17433742f4c0ca53122ab541d0ba67fc27d1","gas":"0xf35c","input":"0xff01","value":"0x1"},"result":{"gasUsed":"0x48","output":"0xffee"},"subtraces":0,"traceAddress":[0],"type":"call","blockHash":"0x5b3627e612c821267b54826693cfde431298fd7cdb8f8ec6ea90d952c494e7e8","blockNumber":46,"transactionHash":"0x64b5f6ae3b44a9623caeecbb78c9cf65f9a23781c585d75642e8f52b71bc1599","transactionPosition":1},{"action":{"callType":"call","from":"0x9dcd17433742f4c0ca53122ab541d0ba67fc27d0","to":"0x9dcd17433742f4c0ca53122ab541d0ba67fc27d3","gas":"0xea60","input":"0x0000000000000000000000000000000000000000000000000000000000000001","value":"0x0"},"result":{"gasUsed":"0x889","output":"0x08c379a00000000000000000000000000000000000000000000000000000000000000020000000000000000000000000000000000000000000000000000000000000000a75736572206572726f72"},"error":"Reverted","subtraces":0,"traceAddress":[1],"type":"call","blockHash":"0x5b3627e612c821267b54826693cfde431298fd7cdb8f8ec6ea90d952c494e7e8","blockNumber":46,"transactionHash":"0x64b5f6ae3b44a9623caeecbb78c9cf65f9a23781c585d75642e8f52b71bc1599","transactionPosition":1},{"action":{"callType":"staticcall","from":"0x9dcd17433742f4c0ca53122ab541d0ba67fc27d0","to":"0x9dcd17433742f4c0ca53122ab541d0ba67fc27d2","gas":"0xea60","input":"0x","value":"0x0"},"result":{"gasUsed":"0x7d","output":"0x000000000000000000000000000000000000000000000000000000000000002e000000000000000000000000000000000000000000000000000c72dd9d5e883e0000000000000000000000000000000000000000000000000000000000000000000000000000000000000000000000000000000000000000000000000021650900000000000000000000000000000000000000000000000000000000000000000000000000000000000000007435ed30a8b4aeb0877cef0c6e8cffe834eb865f0000000000000000000000000000000000000000000000000000000000000000"},"subtraces":0,"traceAddress":[2],"type":"call","blockHash":"0x5b3627e612c821267b54826693cfde431298fd7cdb8f8ec6ea90d952c494e7e8","blockNumber":46,"transactionHash":"0x64b5f6ae3b44a9623caeecbb78c9cf65f9a23781c585d75642e8f52b71bc1599","transactionPosition":1},{"action":{"callType":"staticcall","from":"0x9dcd17433742f4c0ca53122ab541d0ba67fc27d0","to":"0x7dcd17433742f4c0ca53122ab541d0ba67fc27df","gas":"0xea60","input":"0x","value":"0x0"},"result":null,"error":"out of gas: write protection","subtraces":0,"traceAddress":[3],"type":"call","blockHash":"0x5b3627e612c821267b54826693cfde431298fd7cdb8f8ec6ea90d952c494e7e8","blockNumber":46,"transactionHash":"0x64b5f6ae3b44a9623caeecbb78c9cf65f9a23781c585d75642e8f52b71bc1599","transactionPosition":1},{"action":{"callType":"delegatecall","from":"0x9dcd17433742f4c0ca53122ab541d0ba67fc27d0","to":"0x7dcd17433742f4c0ca53122ab541d0ba67fc27df","gas":"0xea60","input":"0x00000000","value":"0x0"},"result":{"gasUsed":"0x2cd4","output":"0x"},"subtraces":0,"traceAddress":[4],"type":"call","blockHash":"0x5b3627e612c821267b54826693cfde431298fd7cdb8f8ec6ea90d952c494e7e8","blockNumber":46,"transactionHash":"0x64b5f6ae3b44a9623caeecbb78c9cf65f9a23781c585d75642e8f52b71bc1599","transactionPosition":1},{"action":{"callType":"callcode","from":"0x9dcd17433742f4c0ca53122ab541d0ba67fc27d0","to":"0x9dcd17433742f4c0ca53122ab541d0ba67fc27d1","gas":"0xea60","input":"0xff01","value":"0x0"},"result":{"gasUsed":"0x48","output":"0xffee"},"subtraces":0,"traceAddress":[5],"type":"call","blockHash":"0x5b3627e612c821267b54826693cfde431298fd7cdb8f8ec6ea90d952c494e7e8","blockNumber":46,"transactionHash":"0x64b5f6ae3b44a9623caeecbb78c9cf65f9a23781c585d75642e8f52b71bc1599","transactionPosition":1},{"action":{"from":"0x9dcd17433742f4c0ca53122ab541d0ba67fc27d0","gas":"0x6d70b","init":"0x5b646368696c6460006000a133ff","value":"0x0","creationMethod":"create"},"result":{"gasUsed":"0x1682","address":"0x9ee5c90ad0a83dd07800c64adb87c584092f8e37","code":"0x"},"subtraces":1,"traceAddress":[6],"type":"create","blockHash":"0x5b3627e612c821267b54826693cfde431298fd7cdb8f8ec6ea90d952c494e7e8","blockNumber":46,"transactionHash":"0x64b5f6ae3b44a9623caeecbb78c9cf65f9a23781c585d75642e8f52b71bc1599","transactionPosition":1},{"action":{"address":"0x9ee5c90ad0a83dd07800c64adb87c584092f8e37","refundAddress":"0x9dcd17433742f4c0ca53122ab541d0ba67fc27d0","balance":"0x0"},"result":null,"subtraces":0,"traceAddress":[6,0],"type":"suicide","blockHash":"0x5b3627e612c821267b54826693cfde431298fd7cdb8f8ec6ea90d952c494e7e8","blockNumber":46,"transactionHash":"0x64b5f6ae3b44a9623caeecbb78c9cf65f9a23781c585d75642e8f52b71bc1599","transactionPosition":1},{"action":{"callType":"call","from":"0x7435ed30a8b4aeb0877cef0c6e8cffe834eb865f","to":"0x7dcd17433742f4c0ca53122ab541d0ba67fc27df","gas":"0x11ba0","input":"0x515a531d2825dec2656d6974","value":"0x2"},"result":{"gasUsed":"0x5f9c","output":"0x"},"subtraces":0,"traceAddress":[],"type":"call","blockHash":"0x5b3627e612c821267b54826693cfde431298fd7cdb8f8ec6ea90d952c494e7e8","blockNumber":46,"transactionHash":"0x2cd66c5f92f7f966a3ae2e79fa501284a5da51a3d9d233159854d17c427b1441","transactionPosition":2},{"action":{"callType":"call","from":"0x7435ed30a8b4aeb0877cef0c6e8cffe834eb865f","to":"0x7dcd17433742f4c0ca53122ab541d0ba67fc27df","gas":"0x11ba0","input":"0xea41c6626bd2d71a656d6974","value":"0x2"},"result":{"gasUsed":"0x5f9c","output":"0x"},"subtraces":0,"traceAddress":[],"type":"call","blockHash":"0xaede89efdac80ce5f55b93ee934eddc67b5c8a4282b18a86ca635d69234301f3","blockNumber":47,"transactionHash":"0xc81daa5f275b0b347590ec8558e530da183a7ff86c377221a59c96faf5bea12c","transactionPosition":0},{"action":{"callType":"call","from":"0x7435ed30a8b4aeb0877cef0c6e8cffe834eb865f","to":"0x7dcd17433742f4c0ca53122ab541d0ba67fc27df","gas":"0x11ba0","input":"0x65682bc386966217656d6974","value":"0x3"},"result":{"gasUsed":"0x5f9c","output":"0x"},"subtraces":0,"traceAddress":[],"type":"call","blockHash":"0xaede89efdac80ce5f55b93ee934eddc67b5c8a4282b18a86ca635d69234301f3","blockNumber":47,"transactionHash":"0x1d37878b27d1e686d15b99cb406684e3c50be2fb0cadce5daee795b48c2003bb","transactionPosition":1},{"action":{"callType":"call","from":"0x7435ed30a8b4aeb0877cef0c6e8cffe834eb865f","to":"0x7dcd17433742f4c0ca53122ab541d0ba67fc27df","gas":"0x133d8","input":"0x156e2b9e3a273c7b656d6974","value":"0x2"},"result":{"gasUsed":"0x6fa0","output":"0x"},"subtraces":0,"traceAddress":[],"type":"call","blockHash":"0xaede89efdac80ce5f55b93ee934eddc67b5c8a4282b18a86ca635d69234301f3","blockNumber":47,"transactionHash":"0x62f97493d38267cf7b80fd4e9a048bb77cceed36ac0ddd1072736cff48915821","transactionPosition":2},{"action":{"callType":"call","from":"0x7435ed30a8b4aeb0877cef0c6e8cffe834eb865f","to":"0x83c7e323d189f18725ac510004fdc2941f8c4a78","gas":"0x0","input":"0x","value":"0x1"},"result":{"gasUsed":"0x0","output":"0x"},"subtraces":0,"traceAddress":[],"type":"call","blockHash":"0xf0b1510b2a9c8d4c4bd1ff2c578ddbffc04741aa06b3cc8680a343741ef15e84","blockNumber":48,"transactionHash":"0x8e96b39ab5e268215283ab40d65139edc6f281f4d79444b6b0a87861c5f8a1d5","transactionPosition":0},{"action":{"callType":"call","from":"0x7435ed30a8b4aeb0877cef0c6e8cffe834eb865f","to":"0x2d389075be5be9f2246ad654ce152cf05990b209","gas":"0x0","input":"0x","value":"0x1"},"result":{"gasUsed":"0x0","output":"0x"},"subtraces":0,"traceAddress":[],"type":"call","blockHash":"0xf0b1510b2a9c8d4c4bd1ff2c578ddbffc04741aa06b3cc8680a343741ef15e84","blockNumber":48,"transactionHash":"0x7045e365111563c3f68594c54d9c4d7e3445f0cfc9671f68e8a0122f849f3f18","transactionPosition":1},{"action":{"callType":"call","from":"0x7435ed30a8b4aeb0877cef0c6e8cffe834eb865f","to":"0x3ae75c08b4c907eb63a8960c45b86e1e9ab6123c","gas":"0x0","input":"0x","value":"0x1"},"result":{"gasUsed":"0x0","output":"0x"},"subtraces":0,"traceAddress":[],"type":"call","blockHash":"0xf0b1510b2a9c8d4c4bd1ff2c578ddbffc04741aa06b3cc8680a343741ef15e84","blockNumber":48,"transactionHash":"0xbe7d79a54b361c1515802fdf8e3843694b3a93350a9097b84c5582686c77163c","transactionPosition":2}]}
response differs from expected (-- client, ++ test):
{
  "id": 1,
  "jsonrpc": "2.0",
  "result": -- [] ++ {}
}
>>  {"jsonrpc": "2.0", "id": 1, "method": "eth_getBlockByNumber", "params": ["0x30", false]}
<<  {"jsonrpc":"2.0","id":1,"result":{"baseFeePerGas":"0x199876","blobGasUsed":"0x0","difficulty":"0x0","excessBlobGas":"0x0","extraData":"0x","gasLimit":"0x5f5e100","gasUsed":"0xf618","hash":"0xf0b1510b2a9c8d4c4bd1ff2c578ddbffc04741aa06b3cc8680a343741ef15e84","logsBloom":"0x00000000000000000000000000000000000000000000000000000000000000000000000000000000000000000000000000000000000000000000000000000000000000000000000000000000000000000000000000000000000000000000000000000000000000000000000000000000000000000000000000000000000000000000000000000000000000000000000000000000000000000000000000000000000000000000000000000000000000000000000000000000000000000000000000000000000000000000000000000000000000000000000000000000000000000000000000000000000000000000000000000000000000000000000000000000","miner":"0x0000000000000000000000000000000000000000","mixHash":"0x0000000000000000000000000000000000000000000000000000000000000000","nonce":"0x0000000000000000","number":"0x30","parentBeaconBlockRoot":"0x5b5b49487967b3b60bd859ba2fb13290c6eaf67e97e9f9f9dda935c08564b5f6","parentHash":"0xaede89efdac80ce5f55b93ee934eddc67b5c8a4282b18a86ca635d69234301f3","receiptsRoot":"0x4b7fefa97a453e0ee0cea1d51ca4ab3729f3a2a6a8388a5a3b13765eec3720b7","requestsHash":"0xe3b0c44298fc1c149afbf4c8996fb92427ae41e4649b934ca495991b7852b855","sha3Uncles":"0x1dcc4de8dec75d7aab85b567b6ccd41ad312451b948a7413f0a142fd40d49347","size":"0x3b8","stateRoot":"0xbce840ac9806ecb3d791bf55bfcfa9460ff3275996aff265fc75e2a2f3efdb26","timestamp":"0x1e0","transactions":["0x8e96b39ab5e268215283ab40d65139edc6f281f4d79444b6b0a87861c5f8a1d5","0x7045e365111563c3f68594c54d9c4d7e3445f0cfc9671f68e8a0122f849f3f18","0xbe7d79a54b361c1515802fdf8e3843694b3a93350a9097b84c5582686c77163c"],"transactionsRoot":"0x3d96f46f0efae36059fcba93396d90ed19260e009e9dac0057a1d87e66dc17d0","uncles":[],"withdrawals":[],"withdrawalsRoot":"0x56e81f171bcc55a6ff8345e692c0f86e5b48e01b996cadc001622fb5e363b421"}}
response differs from expected (-- client, ++ test):
{
  "id": 1,
  "jsonrpc": "2.0",
  "result": {
    -- "baseFeePerGas": "0x199876",
    -- "blobGasUsed": "0x0",
    ++ "capture_only": true,
    -- "difficulty": "0x0",
    -- "excessBlobGas": "0x0",
    -- "extraData": "0x",
    -- "gasLimit": "0x5f5e100",
    -- "gasUsed": "0xf618",
    -- "hash": "0xf0b1510b2a9c8d4c4bd1ff2c578ddbffc04741aa06b3cc8680a343741ef15e84",
    -- "logsBloom": "0x00000000000000000000000000000000000000000000000000000000000000000000000000000000000000000000000000000000000000000000000000000000000000000000000000000000000000000000000000000000000000000000000000000000000000000000000000000000000000000000000000000000000000000000000000000000000000000000000000000000000000000000000000000000000000000000000000000000000000000000000000000000000000000000000000000000000000000000000000000000000000000000000000000000000000000000000000000000000000000000000000000000000000000000000000000000",
    -- "miner": "0x0000000000000000000000000000000000000000",
    -- "mixHash": "0x0000000000000000000000000000000000000000000000000000000000000000",
    -- "nonce": "0x0000000000000000",
    -- "number": "0x30",
    -- "parentBeaconBlockRoot": "0x5b5b49487967b3b60bd859ba2fb13290c6eaf67e97e9f9f9dda935c08564b5f6",
    -- "parentHash": "0xaede89efdac80ce5f55b93ee934eddc67b5c8a4282b18a86ca635d69234301f3",
    -- "receiptsRoot": "0x4b7fefa97a453e0ee0cea1d51ca4ab3729f3a2a6a8388a5a3b13765eec3720b7",
    -- "requestsHash": "0xe3b0c44298fc1c149afbf4c8996fb92427ae41e4649b934ca495991b7852b855",
    -- "sha3Uncles": "0x1dcc4de8dec75d7aab85b567b6ccd41ad312451b948a7413f0a142fd40d49347",
    -- "size": "0x3b8",
    -- "stateRoot": "0xbce840ac9806ecb3d791bf55bfcfa9460ff3275996aff265fc75e2a2f3efdb26",
    -- "timestamp": "0x1e0",
    -- "transactions": [
      -- "0x8e96b39ab5e268215283ab40d65139edc6f281f4d79444b6b0a87861c5f8a1d5",
      -- "0x7045e365111563c3f68594c54d9c4d7e3445f0cfc9671f68e8a0122f849f3f18",
      -- "0xbe7d79a54b361c1515802fdf8e3843694b3a93350a9097b84c5582686c77163c"
    -- ],
    -- "transactionsRoot": "0x3d96f46f0efae36059fcba93396d90ed19260e009e9dac0057a1d87e66dc17d0",
    -- "uncles": [],
    -- "withdrawals": [],
    -- "withdrawalsRoot": "0x56e81f171bcc55a6ff8345e692c0f86e5b48e01b996cadc001622fb5e363b421"
  }
}
>>  {"jsonrpc": "2.0", "id": 1, "method": "eth_blockNumber", "params": []}
<<  {"jsonrpc":"2.0","id":1,"result":"0x30"}
response differs from expected (-- client, ++ test):
{
  "id": 1,
  "jsonrpc": "2.0",
  "result": -- "0x30" ++ {}
}
>>  {"jsonrpc": "2.0", "id": 1, "method": "eth_getTransactionReceipt", "params": ["0xe4a4bd6a4fad4df86c1222128b9d79a1dd0686cf4a0e1d506731482b7266d483"]}
<<  {"jsonrpc":"2.0","id":1,"result":{"blockHash":"0x6cb3089f8b5ff993ed24ed9ccbfa8bae322848d722842e6453576f30029b1434","blockNumber":"0x2a","contractAddress":null,"cumulativeGasUsed":"0x5208","effectiveGasPrice":"0x38e4f7","from":"0x7435ed30a8b4aeb0877cef0c6e8cffe834eb865f","gasUsed":"0x5208","logs":[],"logsBloom":"0x00000000000000000000000000000000000000000000000000000000000000000000000000000000000000000000000000000000000000000000000000000000000000000000000000000000000000000000000000000000000000000000000000000000000000000000000000000000000000000000000000000000000000000000000000000000000000000000000000000000000000000000000000000000000000000000000000000000000000000000000000000000000000000000000000000000000000000000000000000000000000000000000000000000000000000000000000000000000000000000000000000000000000000000000000000000","status":"0x1","to":"0x1f5bde34b4afc686f136c7a3cb6ec376f7357759","transactionHash":"0xe4a4bd6a4fad4df86c1222128b9d79a1dd0686cf4a0e1d506731482b7266d483","transactionIndex":"0x0","type":"0x0"}}
response differs from expected (-- client, ++ test):
{
  "id": 1,
  "jsonrpc": "2.0",
  "result": {
    -- "blockHash": "0x6cb3089f8b5ff993ed24ed9ccbfa8bae322848d722842e6453576f30029b1434",
    -- "blockNumber": "0x2a",
    ++ "capture_only": true,
    -- "contractAddress": null,
    -- "cumulativeGasUsed": "0x5208",
    -- "effectiveGasPrice": "0x38e4f7",
    -- "from": "0x7435ed30a8b4aeb0877cef0c6e8cffe834eb865f",
    -- "gasUsed": "0x5208",
    -- "logs": [],
    -- "logsBloom": "0x00000000000000000000000000000000000000000000000000000000000000000000000000000000000000000000000000000000000000000000000000000000000000000000000000000000000000000000000000000000000000000000000000000000000000000000000000000000000000000000000000000000000000000000000000000000000000000000000000000000000000000000000000000000000000000000000000000000000000000000000000000000000000000000000000000000000000000000000000000000000000000000000000000000000000000000000000000000000000000000000000000000000000000000000000000000",
    -- "status": "0x1",
    -- "to": "0x1f5bde34b4afc686f136c7a3cb6ec376f7357759",
    -- "transactionHash": "0xe4a4bd6a4fad4df86c1222128b9d79a1dd0686cf4a0e1d506731482b7266d483",
    -- "transactionIndex": "0x0",
    -- "type": "0x0"
  }
}
sending engine_forkchoiceUpdatedV3: [map[finalizedBlockHash:0x9901db3a31e7004c45911fca4480b7dce86a4baeab819eb4959d7316f687d54c headBlockHash:0xf0b1510b2a9c8d4c4bd1ff2c578ddbffc04741aa06b3cc8680a343741ef15e84 safeBlockHash:0x9901db3a31e7004c45911fca4480b7dce86a4baeab819eb4959d7316f687d54c] <nil>]
response: map[payloadId:<nil> payloadStatus:map[latestValidHash:0xf0b1510b2a9c8d4c4bd1ff2c578ddbffc04741aa06b3cc8680a343741ef15e84 status:VALID validationError:<nil>]]
>>  {"jsonrpc": "2.0", "id": 1, "method": "eth_getBlockByNumber", "params": ["0x30", false]}
<<  {"jsonrpc":"2.0","result":{"difficulty":"0x0","extraData":"0x","gasLimit":"0x5f5e100","gasUsed":"0xf618","hash":"0xf0b1510b2a9c8d4c4bd1ff2c578ddbffc04741aa06b3cc8680a343741ef15e84","logsBloom":"0x00000000000000000000000000000000000000000000000000000000000000000000000000000000000000000000000000000000000000000000000000000000000000000000000000000000000000000000000000000000000000000000000000000000000000000000000000000000000000000000000000000000000000000000000000000000000000000000000000000000000000000000000000000000000000000000000000000000000000000000000000000000000000000000000000000000000000000000000000000000000000000000000000000000000000000000000000000000000000000000000000000000000000000000000000000000","miner":"0x0000000000000000000000000000000000000000","mixHash":"0x0000000000000000000000000000000000000000000000000000000000000000","nonce":"0x0000000000000000","number":"0x30","parentHash":"0xaede89efdac80ce5f55b93ee934eddc67b5c8a4282b18a86ca635d69234301f3","receiptsRoot":"0x4b7fefa97a453e0ee0cea1d51ca4ab3729f3a2a6a8388a5a3b13765eec3720b7","sha3Uncles":"0x1dcc4de8dec75d7aab85b567b6ccd41ad312451b948a7413f0a142fd40d49347","size":"0x3b8","stateRoot":"0xbce840ac9806ecb3d791bf55bfcfa9460ff3275996aff265fc75e2a2f3efdb26","timestamp":"0x1e0","baseFeePerGas":"0x199876","transactions":["0x8e96b39ab5e268215283ab40d65139edc6f281f4d79444b6b0a87861c5f8a1d5","0x7045e365111563c3f68594c54d9c4d7e3445f0cfc9671f68e8a0122f849f3f18","0xbe7d79a54b361c1515802fdf8e3843694b3a93350a9097b84c5582686c77163c"],"transactionsRoot":"0x3d96f46f0efae36059fcba93396d90ed19260e009e9dac0057a1d87e66dc17d0","uncles":[],"withdrawals":[],"withdrawalsRoot":"0x56e81f171bcc55a6ff8345e692c0f86e5b48e01b996cadc001622fb5e363b421","blobGasUsed":"0x0","excessBlobGas":"0x0","parentBeaconBlockRoot":"0x5b5b49487967b3b60bd859ba2fb13290c6eaf67e97e9f9f9dda935c08564b5f6","requestsHash":"0xe3b0c44298fc1c149afbf4c8996fb92427ae41e4649b934ca495991b7852b855"},"id":1}
response differs from expected (-- client, ++ test):
{
  "id": 1,
  "jsonrpc": "2.0",
  "result": {
    -- "baseFeePerGas": "0x199876",
    -- "blobGasUsed": "0x0",
    ++ "capture_only": true,
    -- "difficulty": "0x0",
    -- "excessBlobGas": "0x0",
    -- "extraData": "0x",
    -- "gasLimit": "0x5f5e100",
    -- "gasUsed": "0xf618",
    -- "hash": "0xf0b1510b2a9c8d4c4bd1ff2c578ddbffc04741aa06b3cc8680a343741ef15e84",
    -- "logsBloom": "0x00000000000000000000000000000000000000000000000000000000000000000000000000000000000000000000000000000000000000000000000000000000000000000000000000000000000000000000000000000000000000000000000000000000000000000000000000000000000000000000000000000000000000000000000000000000000000000000000000000000000000000000000000000000000000000000000000000000000000000000000000000000000000000000000000000000000000000000000000000000000000000000000000000000000000000000000000000000000000000000000000000000000000000000000000000000",
    -- "miner": "0x0000000000000000000000000000000000000000",
    -- "mixHash": "0x0000000000000000000000000000000000000000000000000000000000000000",
    -- "nonce": "0x0000000000000000",
    -- "number": "0x30",
    -- "parentBeaconBlockRoot": "0x5b5b49487967b3b60bd859ba2fb13290c6eaf67e97e9f9f9dda935c08564b5f6",
    -- "parentHash": "0xaede89efdac80ce5f55b93ee934eddc67b5c8a4282b18a86ca635d69234301f3",
    -- "receiptsRoot": "0x4b7fefa97a453e0ee0cea1d51ca4ab3729f3a2a6a8388a5a3b13765eec3720b7",
    -- "requestsHash": "0xe3b0c44298fc1c149afbf4c8996fb92427ae41e4649b934ca495991b7852b855",
    -- "sha3Uncles": "0x1dcc4de8dec75d7aab85b567b6ccd41ad312451b948a7413f0a142fd40d49347",
    -- "size": "0x3b8",
    -- "stateRoot": "0xbce840ac9806ecb3d791bf55bfcfa9460ff3275996aff265fc75e2a2f3efdb26",
    -- "timestamp": "0x1e0",
    -- "transactions": [
      -- "0x8e96b39ab5e268215283ab40d65139edc6f281f4d79444b6b0a87861c5f8a1d5",
      -- "0x7045e365111563c3f68594c54d9c4d7e3445f0cfc9671f68e8a0122f849f3f18",
      -- "0xbe7d79a54b361c1515802fdf8e3843694b3a93350a9097b84c5582686c77163c"
    -- ],
    -- "transactionsRoot": "0x3d96f46f0efae36059fcba93396d90ed19260e009e9dac0057a1d87e66dc17d0",
    -- "uncles": [],
    -- "withdrawals": [],
    -- "withdrawalsRoot": "0x56e81f171bcc55a6ff8345e692c0f86e5b48e01b996cadc001622fb5e363b421"
  }
}
>>  {"jsonrpc": "2.0", "id": 1, "method": "eth_getBlockByNumber", "params": ["latest", false]}
<<  {"jsonrpc":"2.0","result":{"difficulty":"0x0","extraData":"0x","gasLimit":"0x5f5e100","gasUsed":"0xf618","hash":"0xf0b1510b2a9c8d4c4bd1ff2c578ddbffc04741aa06b3cc8680a343741ef15e84","logsBloom":"0x00000000000000000000000000000000000000000000000000000000000000000000000000000000000000000000000000000000000000000000000000000000000000000000000000000000000000000000000000000000000000000000000000000000000000000000000000000000000000000000000000000000000000000000000000000000000000000000000000000000000000000000000000000000000000000000000000000000000000000000000000000000000000000000000000000000000000000000000000000000000000000000000000000000000000000000000000000000000000000000000000000000000000000000000000000000","miner":"0x0000000000000000000000000000000000000000","mixHash":"0x0000000000000000000000000000000000000000000000000000000000000000","nonce":"0x0000000000000000","number":"0x30","parentHash":"0xaede89efdac80ce5f55b93ee934eddc67b5c8a4282b18a86ca635d69234301f3","receiptsRoot":"0x4b7fefa97a453e0ee0cea1d51ca4ab3729f3a2a6a8388a5a3b13765eec3720b7","sha3Uncles":"0x1dcc4de8dec75d7aab85b567b6ccd41ad312451b948a7413f0a142fd40d49347","size":"0x3b8","stateRoot":"0xbce840ac9806ecb3d791bf55bfcfa9460ff3275996aff265fc75e2a2f3efdb26","timestamp":"0x1e0","baseFeePerGas":"0x199876","transactions":["0x8e96b39ab5e268215283ab40d65139edc6f281f4d79444b6b0a87861c5f8a1d5","0x7045e365111563c3f68594c54d9c4d7e3445f0cfc9671f68e8a0122f849f3f18","0xbe7d79a54b361c1515802fdf8e3843694b3a93350a9097b84c5582686c77163c"],"transactionsRoot":"0x3d96f46f0efae36059fcba93396d90ed19260e009e9dac0057a1d87e66dc17d0","uncles":[],"withdrawals":[],"withdrawalsRoot":"0x56e81f171bcc55a6ff8345e692c0f86e5b48e01b996cadc001622fb5e363b421","blobGasUsed":"0x0","excessBlobGas":"0x0","parentBeaconBlockRoot":"0x5b5b49487967b3b60bd859ba2fb13290c6eaf67e97e9f9f9dda935c08564b5f6","requestsHash":"0xe3b0c44298fc1c149afbf4c8996fb92427ae41e4649b934ca495991b7852b855"},"id":1}
response differs from expected (-- client, ++ test):
{
  "id": 1,
  "jsonrpc": "2.0",
  "result": {
    -- "baseFeePerGas": "0x199876",
    -- "blobGasUsed": "0x0",
    ++ "capture_only": true,
    -- "difficulty": "0x0",
    -- "excessBlobGas": "0x0",
    -- "extraData": "0x",
    -- "gasLimit": "0x5f5e100",
    -- "gasUsed": "0xf618",
    -- "hash": "0xf0b1510b2a9c8d4c4bd1ff2c578ddbffc04741aa06b3cc8680a343741ef15e84",
    -- "logsBloom": "0x00000000000000000000000000000000000000000000000000000000000000000000000000000000000000000000000000000000000000000000000000000000000000000000000000000000000000000000000000000000000000000000000000000000000000000000000000000000000000000000000000000000000000000000000000000000000000000000000000000000000000000000000000000000000000000000000000000000000000000000000000000000000000000000000000000000000000000000000000000000000000000000000000000000000000000000000000000000000000000000000000000000000000000000000000000000",
    -- "miner": "0x0000000000000000000000000000000000000000",
    -- "mixHash": "0x0000000000000000000000000000000000000000000000000000000000000000",
    -- "nonce": "0x0000000000000000",
    -- "number": "0x30",
    -- "parentBeaconBlockRoot": "0x5b5b49487967b3b60bd859ba2fb13290c6eaf67e97e9f9f9dda935c08564b5f6",
    -- "parentHash": "0xaede89efdac80ce5f55b93ee934eddc67b5c8a4282b18a86ca635d69234301f3",
    -- "receiptsRoot": "0x4b7fefa97a453e0ee0cea1d51ca4ab3729f3a2a6a8388a5a3b13765eec3720b7",
    -- "requestsHash": "0xe3b0c44298fc1c149afbf4c8996fb92427ae41e4649b934ca495991b7852b855",
    -- "sha3Uncles": "0x1dcc4de8dec75d7aab85b567b6ccd41ad312451b948a7413f0a142fd40d49347",
    -- "size": "0x3b8",
    -- "stateRoot": "0xbce840ac9806ecb3d791bf55bfcfa9460ff3275996aff265fc75e2a2f3efdb26",
    -- "timestamp": "0x1e0",
    -- "transactions": [
      -- "0x8e96b39ab5e268215283ab40d65139edc6f281f4d79444b6b0a87861c5f8a1d5",
      -- "0x7045e365111563c3f68594c54d9c4d7e3445f0cfc9671f68e8a0122f849f3f18",
      -- "0xbe7d79a54b361c1515802fdf8e3843694b3a93350a9097b84c5582686c77163c"
    -- ],
    -- "transactionsRoot": "0x3d96f46f0efae36059fcba93396d90ed19260e009e9dac0057a1d87e66dc17d0",
    -- "uncles": [],
    -- "withdrawals": [],
    -- "withdrawalsRoot": "0x56e81f171bcc55a6ff8345e692c0f86e5b48e01b996cadc001622fb5e363b421"
  }
}
>>  {"jsonrpc": "2.0", "id": 1, "method": "web3_clientVersion", "params": []}
<<  {"jsonrpc":"2.0","result":"Nethermind/v2.1.0-unstable+641592d2-f/linux-x64/dotnet10.0.12","id":1}
response differs from expected (-- client, ++ test):
{
  "id": 1,
  "jsonrpc": "2.0",
  "result": -- "Nethermind/v2.1.0-unstable+641592d2-f/linux-x64/dotnet10.0.12" ++ {}
}
>>  {"jsonrpc": "2.0", "id": 1, "method": "trace_block", "params": ["0x2d"]}
<<  {"jsonrpc":"2.0","result":[{"action":{"callType":"call","from":"0x7435ed30a8b4aeb0877cef0c6e8cffe834eb865f","gas":"0x0","input":"0x","to":"0x16c57edf7fa9d9525378b0b81bf8a3ced0620c1c","value":"0x1"},"blockHash":"0xe6d9078b4964bc1b329fb12242254e21cf88ffa9a88058e515d6e79f7d8fce0d","blockNumber":45,"result":{"gasUsed":"0x0","output":"0x"},"subtraces":0,"traceAddress":[],"transactionHash":"0x8d872ca87b7f1343eab260d3f69260e8efde5dcf5532a23c18e1c25cadaa2df7","transactionPosition":0,"type":"call"},{"action":{"callType":"call","from":"0x7435ed30a8b4aeb0877cef0c6e8cffe834eb865f","gas":"0x0","input":"0x","to":"0x14e46043e63d0e3cdcf2530519f4cfaf35058cb2","value":"0x1"},"blockHash":"0xe6d9078b4964bc1b329fb12242254e21cf88ffa9a88058e515d6e79f7d8fce0d","blockNumber":45,"result":{"gasUsed":"0x0","output":"0x"},"subtraces":0,"traceAddress":[],"transactionHash":"0x07782b90d866d9c854fc70a3609e69f378a7d392a61f7cd712136d79e3f98a6f","transactionPosition":1,"type":"call"},{"action":{"author":"0x0000000000000000000000000000000000000000","rewardType":"block","value":"0x0"},"blockHash":"0xe6d9078b4964bc1b329fb12242254e21cf88ffa9a88058e515d6e79f7d8fce0d","blockNumber":45,"subtraces":0,"traceAddress":[],"type":"reward"}],"id":1}
response differs from expected (-- client, ++ test):
{
  "id": 1,
  "jsonrpc": "2.0",
  "result": -- [] ++ {}
}
>>  {"jsonrpc": "2.0", "id": 1, "method": "trace_filter", "params": [{"fromBlock": "0x28", "toBlock": "0x30"}]}
<<  {"jsonrpc":"2.0","result":[{"action":{"callType":"call","from":"0x7435ed30a8b4aeb0877cef0c6e8cffe834eb865f","gas":"0x11ba0","input":"0x036464a71961a53a656d6974","to":"0x7dcd17433742f4c0ca53122ab541d0ba67fc27df","value":"0x2"},"blockHash":"0xfc2b688f6d286950eff2cf6f1b10a6bf63e92a20fcdf8db7377ef647b154eb52","blockNumber":40,"result":{"gasUsed":"0x5f9c","output":"0x"},"subtraces":0,"traceAddress":[],"transactionHash":"0x0efc1e4671e41e768fa107ecf72ab35e03d5a8b7e3f5bbe29cb28dc1eea265a2","transactionPosition":0,"type":"call"},{"action":{"callType":"call","from":"0x7435ed30a8b4aeb0877cef0c6e8cffe834eb865f","gas":"0x11ba0","input":"0x9ec58f808778768f656d6974","to":"0x7dcd17433742f4c0ca53122ab541d0ba67fc27df","value":"0x2"},"blockHash":"0xfc2b688f6d286950eff2cf6f1b10a6bf63e92a20fcdf8db7377ef647b154eb52","blockNumber":40,"result":{"gasUsed":"0x5f9c","output":"0x"},"subtraces":0,"traceAddress":[],"transactionHash":"0x1942a6223310f991ab036dccb28259dd634e39e08152d383afc422481e5ab2c2","transactionPosition":1,"type":"call"},{"action":{"callType":"call","from":"0x7435ed30a8b4aeb0877cef0c6e8cffe834eb865f","gas":"0x11ba0","input":"0xcd417355d4039279656d6974","to":"0x7dcd17433742f4c0ca53122ab541d0ba67fc27df","value":"0x3"},"blockHash":"0xfc2b688f6d286950eff2cf6f1b10a6bf63e92a20fcdf8db7377ef647b154eb52","blockNumber":40,"result":{"gasUsed":"0x5f9c","output":"0x"},"subtraces":0,"traceAddress":[],"transactionHash":"0xbc3230ca851b7baad39753405e55d96f2124d1e5e8ab9cd76c638bba601423ac","transactionPosition":2,"type":"call"},{"action":{"author":"0x0000000000000000000000000000000000000000","rewardType":"block","value":"0x0"},"blockHash":"0xfc2b688f6d286950eff2cf6f1b10a6bf63e92a20fcdf8db7377ef647b154eb52","blockNumber":40,"subtraces":0,"traceAddress":[],"type":"reward"},{"action":{"callType":"call","from":"0x7435ed30a8b4aeb0877cef0c6e8cffe834eb865f","gas":"0x133d8","input":"0x3186f4d423ee1407656d6974","to":"0x7dcd17433742f4c0ca53122ab541d0ba67fc27df","value":"0x2"},"blockHash":"0x9bc6bd9fb238298cb6a4260fc4306ab426b3e2d41607e719dde8c4ca41817da7","blockNumber":41,"result":{"gasUsed":"0x6fa0","output":"0x"},"subtraces":0,"traceAddress":[],"transactionHash":"0x6a2b2c1d5d3bae710fa3c9f79035e0b6b98d65df9cb05e425087c93ce9bf08ed","transactionPosition":0,"type":"call"},{"action":{"callType":"call","from":"0x7435ed30a8b4aeb0877cef0c6e8cffe834eb865f","gas":"0x0","input":"0x","to":"0x717f8aa2b982bee0e29f573d31df288663e1ce16","value":"0x1"},"blockHash":"0x9bc6bd9fb238298cb6a4260fc4306ab426b3e2d41607e719dde8c4ca41817da7","blockNumber":41,"result":{"gasUsed":"0x0","output":"0x"},"subtraces":0,"traceAddress":[],"transactionHash":"0x9249eb130af4bcf26d420f09df8a51f4947e387f9e325e8b223237c9602208a1","transactionPosition":1,"type":"call"},{"action":{"callType":"call","from":"0x7435ed30a8b4aeb0877cef0c6e8cffe834eb865f","gas":"0x0","input":"0x","to":"0x4a0f1452281bcec5bd90c3dce6162a5995bfe9df","value":"0x1"},"blockHash":"0x9bc6bd9fb238298cb6a4260fc4306ab426b3e2d41607e719dde8c4ca41817da7","blockNumber":41,"result":{"gasUsed":"0x0","output":"0x"},"subtraces":0,"traceAddress":[],"transactionHash":"0xbdda348fd5169ff5cc8c761147a64b34ceb2e913d7bf5e8ddf8e497ca3e3460f","transactionPosition":2,"type":"call"},{"action":{"author":"0x0000000000000000000000000000000000000000","rewardType":"block","value":"0x0"},"blockHash":"0x9bc6bd9fb238298cb6a4260fc4306ab426b3e2d41607e719dde8c4ca41817da7","blockNumber":41,"subtraces":0,"traceAddress":[],"type":"reward"},{"action":{"callType":"call","from":"0x7435ed30a8b4aeb0877cef0c6e8cffe834eb865f","gas":"0x0","input":"0x","to":"0x1f5bde34b4afc686f136c7a3cb6ec376f7357759","value":"0x1"},"blockHash":"0x6cb3089f8b5ff993ed24ed9ccbfa8bae322848d722842e6453576f30029b1434","blockNumber":42,"result":{"gasUsed":"0x0","output":"0x"},"subtraces":0,"traceAddress":[],"transactionHash":"0xe4a4bd6a4fad4df86c1222128b9d79a1dd0686cf4a0e1d506731482b7266d483","transactionPosition":0,"type":"call"},{"action":{"callType":"call","from":"0x7435ed30a8b4aeb0877cef0c6e8cffe834eb865f","gas":"0x13488","input":"0x01","to":"0x9dcd17433742f4c0ca53122ab541d0ba67fc27d3","value":"0x0"},"blockHash":"0x6cb3089f8b5ff993ed24ed9ccbfa8bae322848d722842e6453576f30029b1434","blockNumber":42,"subtraces":0,"traceAddress":[],"transactionHash":"0x7a15f2b6b479009c2d8f167dfc8490654348e85aa4968583bab1d4c3c17284bb","transactionPosition":1,"type":"call","error":"Reverted"},{"action":{"author":"0x0000000000000000000000000000000000000000","rewardType":"block","value":"0x0"},"blockHash":"0x6cb3089f8b5ff993ed24ed9ccbfa8bae322848d722842e6453576f30029b1434","blockNumber":42,"subtraces":0,"traceAddress":[],"type":"reward"},{"action":{"callType":"call","from":"0x7435ed30a8b4aeb0877cef0c6e8cffe834eb865f","gas":"0x8d5b8","input":"0x","to":"0x9dcd17433742f4c0ca53122ab541d0ba67fc27d0","value":"0x0"},"blockHash":"0x22e8e9edaefc674ba389450dc41088e521fb2d33330a72c8b7aa2bf1b2281ffe","blockNumber":43,"result":{"gasUsed":"0x1fc63","output":"0xffee"},"subtraces":7,"traceAddress":[],"transactionHash":"0x651d033b62050d4a32ffb16281c8685790d1233922a4ec2dcd5c6c1a66461226","transactionPosition":0,"type":"call"},{"action":{"callType":"call","from":"0x9dcd17433742f4c0ca53122ab541d0ba67fc27d0","gas":"0xf35c","input":"0xff01","to":"0x9dcd17433742f4c0ca53122ab541d0ba67fc27d1","value":"0x1"},"blockHash":"0x22e8e9edaefc674ba389450dc41088e521fb2d33330a72c8b7aa2bf1b2281ffe","blockNumber":43,"result":{"gasUsed":"0x48","output":"0xffee"},"subtraces":0,"traceAddress":[0],"transactionHash":"0x651d033b62050d4a32ffb16281c8685790d1233922a4ec2dcd5c6c1a66461226","transactionPosition":0,"type":"call"},{"action":{"callType":"call","from":"0x9dcd17433742f4c0ca53122ab541d0ba67fc27d0","gas":"0xea60","input":"0x0000000000000000000000000000000000000000000000000000000000000001","to":"0x9dcd17433742f4c0ca53122ab541d0ba67fc27d3","value":"0x0"},"blockHash":"0x22e8e9edaefc674ba389450dc41088e521fb2d33330a72c8b7aa2bf1b2281ffe","blockNumber":43,"subtraces":0,"traceAddress":[1],"transactionHash":"0x651d033b62050d4a32ffb16281c8685790d1233922a4ec2dcd5c6c1a66461226","transactionPosition":0,"type":"call","error":"Reverted"},{"action":{"callType":"staticcall","from":"0x9dcd17433742f4c0ca53122ab541d0ba67fc27d0","gas":"0xea60","input":"0x","to":"0x9dcd17433742f4c0ca53122ab541d0ba67fc27d2","value":"0x0"},"blockHash":"0x22e8e9edaefc674ba389450dc41088e521fb2d33330a72c8b7aa2bf1b2281ffe","blockNumber":43,"result":{"gasUsed":"0x7d","output":"0x000000000000000000000000000000000000000000000000000000000000002b000000000000000000000000000000000000000000000000000c72dd9d5e883e0000000000000000000000000000000000000000000000000000000000000000000000000000000000000000000000000000000000000000000000000031c9f400000000000000000000000000000000000000000000000000000000000000000000000000000000000000007435ed30a8b4aeb0877cef0c6e8cffe834eb865f0000000000000000000000000000000000000000000000000000000000000000"},"subtraces":0,"traceAddress":[2],"transactionHash":"0x651d033b62050d4a32ffb16281c8685790d1233922a4ec2dcd5c6c1a66461226","transactionPosition":0,"type":"call"},{"action":{"callType":"staticcall","from":"0x9dcd17433742f4c0ca53122ab541d0ba67fc27d0","gas":"0xea60","input":"0x","to":"0x7dcd17433742f4c0ca53122ab541d0ba67fc27df","value":"0x0"},"blockHash":"0x22e8e9edaefc674ba389450dc41088e521fb2d33330a72c8b7aa2bf1b2281ffe","blockNumber":43,"subtraces":0,"traceAddress":[3],"transactionHash":"0x651d033b62050d4a32ffb16281c8685790d1233922a4ec2dcd5c6c1a66461226","transactionPosition":0,"type":"call","error":"Static call violation"},{"action":{"callType":"delegatecall","from":"0x9dcd17433742f4c0ca53122ab541d0ba67fc27d0","gas":"0xea60","input":"0x00000000","to":"0x7dcd17433742f4c0ca53122ab541d0ba67fc27df","value":"0x0"},"blockHash":"0x22e8e9edaefc674ba389450dc41088e521fb2d33330a72c8b7aa2bf1b2281ffe","blockNumber":43,"result":{"gasUsed":"0x2cd4","output":"0x"},"subtraces":0,"traceAddress":[4],"transactionHash":"0x651d033b62050d4a32ffb16281c8685790d1233922a4ec2dcd5c6c1a66461226","transactionPosition":0,"type":"call"},{"action":{"callType":"callcode","from":"0x9dcd17433742f4c0ca53122ab541d0ba67fc27d0","gas":"0xea60","input":"0xff01","to":"0x9dcd17433742f4c0ca53122ab541d0ba67fc27d1","value":"0x0"},"blockHash":"0x22e8e9edaefc674ba389450dc41088e521fb2d33330a72c8b7aa2bf1b2281ffe","blockNumber":43,"result":{"gasUsed":"0x48","output":"0xffee"},"subtraces":0,"traceAddress":[5],"transactionHash":"0x651d033b62050d4a32ffb16281c8685790d1233922a4ec2dcd5c6c1a66461226","transactionPosition":0,"type":"call"},{"action":{"creationMethod":"create","from":"0x9dcd17433742f4c0ca53122ab541d0ba67fc27d0","gas":"0x6d70b","init":"0x5b646368696c6460006000a133ff","value":"0x0"},"blockHash":"0x22e8e9edaefc674ba389450dc41088e521fb2d33330a72c8b7aa2bf1b2281ffe","blockNumber":43,"result":{"address":"0x05032e03adbca6d5d04236000a2bbb6b4fec87f5","code":"0x","gasUsed":"0x1682"},"subtraces":1,"traceAddress":[6],"transactionHash":"0x651d033b62050d4a32ffb16281c8685790d1233922a4ec2dcd5c6c1a66461226","transactionPosition":0,"type":"create"},{"action":{"address":"0x05032e03adbca6d5d04236000a2bbb6b4fec87f5","balance":"0x0","refundAddress":"0x9dcd17433742f4c0ca53122ab541d0ba67fc27d0"},"blockHash":"0x22e8e9edaefc674ba389450dc41088e521fb2d33330a72c8b7aa2bf1b2281ffe","blockNumber":43,"subtraces":0,"traceAddress":[6,0],"transactionHash":"0x651d033b62050d4a32ffb16281c8685790d1233922a4ec2dcd5c6c1a66461226","transactionPosition":0,"type":"suicide"},{"action":{"callType":"call","from":"0x7435ed30a8b4aeb0877cef0c6e8cffe834eb865f","gas":"0x11ba0","input":"0xebe7a54f122c1cf1656d6974","to":"0x7dcd17433742f4c0ca53122ab541d0ba67fc27df","value":"0x2"},"blockHash":"0x22e8e9edaefc674ba389450dc41088e521fb2d33330a72c8b7aa2bf1b2281ffe","blockNumber":43,"result":{"gasUsed":"0x5f9c","output":"0x"},"subtraces":0,"traceAddress":[],"transactionHash":"0xfa7de1862f93f2da0e1450d833da95e5e04ea7381a471f7388c1e9c92e551deb","transactionPosition":1,"type":"call"},{"action":{"callType":"call","from":"0x7435ed30a8b4aeb0877cef0c6e8cffe834eb865f","gas":"0x11ba0","input":"0xcef26346bf2d1331656d6974","to":"0x7dcd17433742f4c0ca53122ab541d0ba67fc27df","value":"0x2"},"blockHash":"0x22e8e9edaefc674ba389450dc41088e521fb2d33330a72c8b7aa2bf1b2281ffe","blockNumber":43,"result":{"gasUsed":"0x5f9c","output":"0x"},"subtraces":0,"traceAddress":[],"transactionHash":"0x321a8dba67e9c086a4877a6c33c1564471683da311f72005650d102ba847522c","transactionPosition":2,"type":"call"},{"action":{"author":"0x0000000000000000000000000000000000000000","rewardType":"block","value":"0x0"},"blockHash":"0x22e8e9edaefc674ba389450dc41088e521fb2d33330a72c8b7aa2bf1b2281ffe","blockNumber":43,"subtraces":0,"traceAddress":[],"type":"reward"},{"action":{"callType":"call","from":"0x7435ed30a8b4aeb0877cef0c6e8cffe834eb865f","gas":"0x11ba0","input":"0x2276cc05d723a1e7656d6974","to":"0x7dcd17433742f4c0ca53122ab541d0ba67fc27df","value":"0x3"},"blockHash":"0x8ee9c89c042749060aa7225c9568cfbeb4ae658041f42cf5cfa90ef3cbc8c250","blockNumber":44,"result":{"gasUsed":"0x5f9c","output":"0x"},"subtraces":0,"traceAddress":[],"transactionHash":"0x04fd4668ef5f466780ea8c866659e563d8659a626e5de911ea4a687cda38e4b5","transactionPosition":0,"type":"call"},{"action":{"callType":"call","from":"0x7435ed30a8b4aeb0877cef0c6e8cffe834eb865f","gas":"0x133d8","input":"0x7656ae13bace34c5656d6974","to":"0x7dcd17433742f4c0ca53122ab541d0ba67fc27df","value":"0x2"},"blockHash":"0x8ee9c89c042749060aa7225c9568cfbeb4ae658041f42cf5cfa90ef3cbc8c250","blockNumber":44,"result":{"gasUsed":"0x6fa0","output":"0x"},"subtraces":0,"traceAddress":[],"transactionHash":"0x213aa25f0673a954b12f125f001fdfdfc9c4e5ce3f8a5aeb8292f04f5feb15b4","transactionPosition":1,"type":"call"},{"action":{"callType":"call","from":"0x7435ed30a8b4aeb0877cef0c6e8cffe834eb865f","gas":"0x0","input":"0x","to":"0xd803681e487e6ac18053afc5a6cd813c86ec3e4d","value":"0x1"},"blockHash":"0x8ee9c89c042749060aa7225c9568cfbeb4ae658041f42cf5cfa90ef3cbc8c250","blockNumber":44,"result":{"gasUsed":"0x0","output":"0x"},"subtraces":0,"traceAddress":[],"transactionHash":"0x894b329288125359a28bb1e9c07bf6147ed1e1982b0e487a51a0c724d7fa7486","transactionPosition":2,"type":"call"},{"action":{"author":"0x0000000000000000000000000000000000000000","rewardType":"block","value":"0x0"},"blockHash":"0x8ee9c89c042749060aa7225c9568cfbeb4ae658041f42cf5cfa90ef3cbc8c250","blockNumber":44,"subtraces":0,"traceAddress":[],"type":"reward"},{"action":{"callType":"call","from":"0x7435ed30a8b4aeb0877cef0c6e8cffe834eb865f","gas":"0x0","input":"0x","to":"0x16c57edf7fa9d9525378b0b81bf8a3ced0620c1c","value":"0x1"},"blockHash":"0xe6d9078b4964bc1b329fb12242254e21cf88ffa9a88058e515d6e79f7d8fce0d","blockNumber":45,"result":{"gasUsed":"0x0","output":"0x"},"subtraces":0,"traceAddress":[],"transactionHash":"0x8d872ca87b7f1343eab260d3f69260e8efde5dcf5532a23c18e1c25cadaa2df7","transactionPosition":0,"type":"call"},{"action":{"callType":"call","from":"0x7435ed30a8b4aeb0877cef0c6e8cffe834eb865f","gas":"0x0","input":"0x","to":"0x14e46043e63d0e3cdcf2530519f4cfaf35058cb2","value":"0x1"},"blockHash":"0xe6d9078b4964bc1b329fb12242254e21cf88ffa9a88058e515d6e79f7d8fce0d","blockNumber":45,"result":{"gasUsed":"0x0","output":"0x"},"subtraces":0,"traceAddress":[],"transactionHash":"0x07782b90d866d9c854fc70a3609e69f378a7d392a61f7cd712136d79e3f98a6f","transactionPosition":1,"type":"call"},{"action":{"author":"0x0000000000000000000000000000000000000000","rewardType":"block","value":"0x0"},"blockHash":"0xe6d9078b4964bc1b329fb12242254e21cf88ffa9a88058e515d6e79f7d8fce0d","blockNumber":45,"subtraces":0,"traceAddress":[],"type":"reward"},{"action":{"callType":"call","from":"0x7435ed30a8b4aeb0877cef0c6e8cffe834eb865f","gas":"0x13488","input":"0x01","to":"0x9dcd17433742f4c0ca53122ab541d0ba67fc27d3","value":"0x0"},"blockHash":"0x5b3627e612c821267b54826693cfde431298fd7cdb8f8ec6ea90d952c494e7e8","blockNumber":46,"subtraces":0,"traceAddress":[],"transactionHash":"0x6992fed2b2fc6c77cb7ffc2a1351d8e5dadf08cf2736fb6d1a0ed5786f3d5206","transactionPosition":0,"type":"call","error":"Reverted"},{"action":{"callType":"call","from":"0x7435ed30a8b4aeb0877cef0c6e8cffe834eb865f","gas":"0x8d5b8","input":"0x","to":"0x9dcd17433742f4c0ca53122ab541d0ba67fc27d0","value":"0x0"},"blockHash":"0x5b3627e612c821267b54826693cfde431298fd7cdb8f8ec6ea90d952c494e7e8","blockNumber":46,"result":{"gasUsed":"0x1fc63","output":"0xffee"},"subtraces":7,"traceAddress":[],"transactionHash":"0x64b5f6ae3b44a9623caeecbb78c9cf65f9a23781c585d75642e8f52b71bc1599","transactionPosition":1,"type":"call"},{"action":{"callType":"call","from":"0x9dcd17433742f4c0ca53122ab541d0ba67fc27d0","gas":"0xf35c","input":"0xff01","to":"0x9dcd17433742f4c0ca53122ab541d0ba67fc27d1","value":"0x1"},"blockHash":"0x5b3627e612c821267b54826693cfde431298fd7cdb8f8ec6ea90d952c494e7e8","blockNumber":46,"result":{"gasUsed":"0x48","output":"0xffee"},"subtraces":0,"traceAddress":[0],"transactionHash":"0x64b5f6ae3b44a9623caeecbb78c9cf65f9a23781c585d75642e8f52b71bc1599","transactionPosition":1,"type":"call"},{"action":{"callType":"call","from":"0x9dcd17433742f4c0ca53122ab541d0ba67fc27d0","gas":"0xea60","input":"0x0000000000000000000000000000000000000000000000000000000000000001","to":"0x9dcd17433742f4c0ca53122ab541d0ba67fc27d3","value":"0x0"},"blockHash":"0x5b3627e612c821267b54826693cfde431298fd7cdb8f8ec6ea90d952c494e7e8","blockNumber":46,"subtraces":0,"traceAddress":[1],"transactionHash":"0x64b5f6ae3b44a9623caeecbb78c9cf65f9a23781c585d75642e8f52b71bc1599","transactionPosition":1,"type":"call","error":"Reverted"},{"action":{"callType":"staticcall","from":"0x9dcd17433742f4c0ca53122ab541d0ba67fc27d0","gas":"0xea60","input":"0x","to":"0x9dcd17433742f4c0ca53122ab541d0ba67fc27d2","value":"0x0"},"blockHash":"0x5b3627e612c821267b54826693cfde431298fd7cdb8f8ec6ea90d952c494e7e8","blockNumber":46,"result":{"gasUsed":"0x7d","output":"0x000000000000000000000000000000000000000000000000000000000000002e000000000000000000000000000000000000000000000000000c72dd9d5e883e0000000000000000000000000000000000000000000000000000000000000000000000000000000000000000000000000000000000000000000000000021650900000000000000000000000000000000000000000000000000000000000000000000000000000000000000007435ed30a8b4aeb0877cef0c6e8cffe834eb865f0000000000000000000000000000000000000000000000000000000000000000"},"subtraces":0,"traceAddress":[2],"transactionHash":"0x64b5f6ae3b44a9623caeecbb78c9cf65f9a23781c585d75642e8f52b71bc1599","transactionPosition":1,"type":"call"},{"action":{"callType":"staticcall","from":"0x9dcd17433742f4c0ca53122ab541d0ba67fc27d0","gas":"0xea60","input":"0x","to":"0x7dcd17433742f4c0ca53122ab541d0ba67fc27df","value":"0x0"},"blockHash":"0x5b3627e612c821267b54826693cfde431298fd7cdb8f8ec6ea90d952c494e7e8","blockNumber":46,"subtraces":0,"traceAddress":[3],"transactionHash":"0x64b5f6ae3b44a9623caeecbb78c9cf65f9a23781c585d75642e8f52b71bc1599","transactionPosition":1,"type":"call","error":"Static call violation"},{"action":{"callType":"delegatecall","from":"0x9dcd17433742f4c0ca53122ab541d0ba67fc27d0","gas":"0xea60","input":"0x00000000","to":"0x7dcd17433742f4c0ca53122ab541d0ba67fc27df","value":"0x0"},"blockHash":"0x5b3627e612c821267b54826693cfde431298fd7cdb8f8ec6ea90d952c494e7e8","blockNumber":46,"result":{"gasUsed":"0x2cd4","output":"0x"},"subtraces":0,"traceAddress":[4],"transactionHash":"0x64b5f6ae3b44a9623caeecbb78c9cf65f9a23781c585d75642e8f52b71bc1599","transactionPosition":1,"type":"call"},{"action":{"callType":"callcode","from":"0x9dcd17433742f4c0ca53122ab541d0ba67fc27d0","gas":"0xea60","input":"0xff01","to":"0x9dcd17433742f4c0ca53122ab541d0ba67fc27d1","value":"0x0"},"blockHash":"0x5b3627e612c821267b54826693cfde431298fd7cdb8f8ec6ea90d952c494e7e8","blockNumber":46,"result":{"gasUsed":"0x48","output":"0xffee"},"subtraces":0,"traceAddress":[5],"transactionHash":"0x64b5f6ae3b44a9623caeecbb78c9cf65f9a23781c585d75642e8f52b71bc1599","transactionPosition":1,"type":"call"},{"action":{"creationMethod":"create","from":"0x9dcd17433742f4c0ca53122ab541d0ba67fc27d0","gas":"0x6d70b","init":"0x5b646368696c6460006000a133ff","value":"0x0"},"blockHash":"0x5b3627e612c821267b54826693cfde431298fd7cdb8f8ec6ea90d952c494e7e8","blockNumber":46,"result":{"address":"0x9ee5c90ad0a83dd07800c64adb87c584092f8e37","code":"0x","gasUsed":"0x1682"},"subtraces":1,"traceAddress":[6],"transactionHash":"0x64b5f6ae3b44a9623caeecbb78c9cf65f9a23781c585d75642e8f52b71bc1599","transactionPosition":1,"type":"create"},{"action":{"address":"0x9ee5c90ad0a83dd07800c64adb87c584092f8e37","balance":"0x0","refundAddress":"0x9dcd17433742f4c0ca53122ab541d0ba67fc27d0"},"blockHash":"0x5b3627e612c821267b54826693cfde431298fd7cdb8f8ec6ea90d952c494e7e8","blockNumber":46,"subtraces":0,"traceAddress":[6,0],"transactionHash":"0x64b5f6ae3b44a9623caeecbb78c9cf65f9a23781c585d75642e8f52b71bc1599","transactionPosition":1,"type":"suicide"},{"action":{"callType":"call","from":"0x7435ed30a8b4aeb0877cef0c6e8cffe834eb865f","gas":"0x11ba0","input":"0x515a531d2825dec2656d6974","to":"0x7dcd17433742f4c0ca53122ab541d0ba67fc27df","value":"0x2"},"blockHash":"0x5b3627e612c821267b54826693cfde431298fd7cdb8f8ec6ea90d952c494e7e8","blockNumber":46,"result":{"gasUsed":"0x5f9c","output":"0x"},"subtraces":0,"traceAddress":[],"transactionHash":"0x2cd66c5f92f7f966a3ae2e79fa501284a5da51a3d9d233159854d17c427b1441","transactionPosition":2,"type":"call"},{"action":{"author":"0x0000000000000000000000000000000000000000","rewardType":"block","value":"0x0"},"blockHash":"0x5b3627e612c821267b54826693cfde431298fd7cdb8f8ec6ea90d952c494e7e8","blockNumber":46,"subtraces":0,"traceAddress":[],"type":"reward"},{"action":{"callType":"call","from":"0x7435ed30a8b4aeb0877cef0c6e8cffe834eb865f","gas":"0x11ba0","input":"0xea41c6626bd2d71a656d6974","to":"0x7dcd17433742f4c0ca53122ab541d0ba67fc27df","value":"0x2"},"blockHash":"0xaede89efdac80ce5f55b93ee934eddc67b5c8a4282b18a86ca635d69234301f3","blockNumber":47,"result":{"gasUsed":"0x5f9c","output":"0x"},"subtraces":0,"traceAddress":[],"transactionHash":"0xc81daa5f275b0b347590ec8558e530da183a7ff86c377221a59c96faf5bea12c","transactionPosition":0,"type":"call"},{"action":{"callType":"call","from":"0x7435ed30a8b4aeb0877cef0c6e8cffe834eb865f","gas":"0x11ba0","input":"0x65682bc386966217656d6974","to":"0x7dcd17433742f4c0ca53122ab541d0ba67fc27df","value":"0x3"},"blockHash":"0xaede89efdac80ce5f55b93ee934eddc67b5c8a4282b18a86ca635d69234301f3","blockNumber":47,"result":{"gasUsed":"0x5f9c","output":"0x"},"subtraces":0,"traceAddress":[],"transactionHash":"0x1d37878b27d1e686d15b99cb406684e3c50be2fb0cadce5daee795b48c2003bb","transactionPosition":1,"type":"call"},{"action":{"callType":"call","from":"0x7435ed30a8b4aeb0877cef0c6e8cffe834eb865f","gas":"0x133d8","input":"0x156e2b9e3a273c7b656d6974","to":"0x7dcd17433742f4c0ca53122ab541d0ba67fc27df","value":"0x2"},"blockHash":"0xaede89efdac80ce5f55b93ee934eddc67b5c8a4282b18a86ca635d69234301f3","blockNumber":47,"result":{"gasUsed":"0x6fa0","output":"0x"},"subtraces":0,"traceAddress":[],"transactionHash":"0x62f97493d38267cf7b80fd4e9a048bb77cceed36ac0ddd1072736cff48915821","transactionPosition":2,"type":"call"},{"action":{"author":"0x0000000000000000000000000000000000000000","rewardType":"block","value":"0x0"},"blockHash":"0xaede89efdac80ce5f55b93ee934eddc67b5c8a4282b18a86ca635d69234301f3","blockNumber":47,"subtraces":0,"traceAddress":[],"type":"reward"},{"action":{"callType":"call","from":"0x7435ed30a8b4aeb0877cef0c6e8cffe834eb865f","gas":"0x0","input":"0x","to":"0x83c7e323d189f18725ac510004fdc2941f8c4a78","value":"0x1"},"blockHash":"0xf0b1510b2a9c8d4c4bd1ff2c578ddbffc04741aa06b3cc8680a343741ef15e84","blockNumber":48,"result":{"gasUsed":"0x0","output":"0x"},"subtraces":0,"traceAddress":[],"transactionHash":"0x8e96b39ab5e268215283ab40d65139edc6f281f4d79444b6b0a87861c5f8a1d5","transactionPosition":0,"type":"call"},{"action":{"callType":"call","from":"0x7435ed30a8b4aeb0877cef0c6e8cffe834eb865f","gas":"0x0","input":"0x","to":"0x2d389075be5be9f2246ad654ce152cf05990b209","value":"0x1"},"blockHash":"0xf0b1510b2a9c8d4c4bd1ff2c578ddbffc04741aa06b3cc8680a343741ef15e84","blockNumber":48,"result":{"gasUsed":"0x0","output":"0x"},"subtraces":0,"traceAddress":[],"transactionHash":"0x7045e365111563c3f68594c54d9c4d7e3445f0cfc9671f68e8a0122f849f3f18","transactionPosition":1,"type":"call"},{"action":{"callType":"call","from":"0x7435ed30a8b4aeb0877cef0c6e8cffe834eb865f","gas":"0x0","input":"0x","to":"0x3ae75c08b4c907eb63a8960c45b86e1e9ab6123c","value":"0x1"},"blockHash":"0xf0b1510b2a9c8d4c4bd1ff2c578ddbffc04741aa06b3cc8680a343741ef15e84","blockNumber":48,"result":{"gasUsed":"0x0","output":"0x"},"subtraces":0,"traceAddress":[],"transactionHash":"0xbe7d79a54b361c1515802fdf8e3843694b3a93350a9097b84c5582686c77163c","transactionPosition":2,"type":"call"},{"action":{"author":"0x0000000000000000000000000000000000000000","rewardType":"block","value":"0x0"},"blockHash":"0xf0b1510b2a9c8d4c4bd1ff2c578ddbffc04741aa06b3cc8680a343741ef15e84","blockNumber":48,"subtraces":0,"traceAddress":[],"type":"reward"}],"id":1}
response differs from expected (-- client, ++ test):
{
  "id": 1,
  "jsonrpc": "2.0",
  "result": -- [] ++ {}
}
>>  {"jsonrpc": "2.0", "id": 1, "method": "eth_getBlockByNumber", "params": ["0x30", false]}
<<  {"jsonrpc":"2.0","result":{"difficulty":"0x0","extraData":"0x","gasLimit":"0x5f5e100","gasUsed":"0xf618","hash":"0xf0b1510b2a9c8d4c4bd1ff2c578ddbffc04741aa06b3cc8680a343741ef15e84","logsBloom":"0x00000000000000000000000000000000000000000000000000000000000000000000000000000000000000000000000000000000000000000000000000000000000000000000000000000000000000000000000000000000000000000000000000000000000000000000000000000000000000000000000000000000000000000000000000000000000000000000000000000000000000000000000000000000000000000000000000000000000000000000000000000000000000000000000000000000000000000000000000000000000000000000000000000000000000000000000000000000000000000000000000000000000000000000000000000000","miner":"0x0000000000000000000000000000000000000000","mixHash":"0x0000000000000000000000000000000000000000000000000000000000000000","nonce":"0x0000000000000000","number":"0x30","parentHash":"0xaede89efdac80ce5f55b93ee934eddc67b5c8a4282b18a86ca635d69234301f3","receiptsRoot":"0x4b7fefa97a453e0ee0cea1d51ca4ab3729f3a2a6a8388a5a3b13765eec3720b7","sha3Uncles":"0x1dcc4de8dec75d7aab85b567b6ccd41ad312451b948a7413f0a142fd40d49347","size":"0x3b8","stateRoot":"0xbce840ac9806ecb3d791bf55bfcfa9460ff3275996aff265fc75e2a2f3efdb26","timestamp":"0x1e0","baseFeePerGas":"0x199876","transactions":["0x8e96b39ab5e268215283ab40d65139edc6f281f4d79444b6b0a87861c5f8a1d5","0x7045e365111563c3f68594c54d9c4d7e3445f0cfc9671f68e8a0122f849f3f18","0xbe7d79a54b361c1515802fdf8e3843694b3a93350a9097b84c5582686c77163c"],"transactionsRoot":"0x3d96f46f0efae36059fcba93396d90ed19260e009e9dac0057a1d87e66dc17d0","uncles":[],"withdrawals":[],"withdrawalsRoot":"0x56e81f171bcc55a6ff8345e692c0f86e5b48e01b996cadc001622fb5e363b421","blobGasUsed":"0x0","excessBlobGas":"0x0","parentBeaconBlockRoot":"0x5b5b49487967b3b60bd859ba2fb13290c6eaf67e97e9f9f9dda935c08564b5f6","requestsHash":"0xe3b0c44298fc1c149afbf4c8996fb92427ae41e4649b934ca495991b7852b855"},"id":1}
response differs from expected (-- client, ++ test):
{
  "id": 1,
  "jsonrpc": "2.0",
  "result": {
    -- "baseFeePerGas": "0x199876",
    -- "blobGasUsed": "0x0",
    ++ "capture_only": true,
    -- "difficulty": "0x0",
    -- "excessBlobGas": "0x0",
    -- "extraData": "0x",
    -- "gasLimit": "0x5f5e100",
    -- "gasUsed": "0xf618",
    -- "hash": "0xf0b1510b2a9c8d4c4bd1ff2c578ddbffc04741aa06b3cc8680a343741ef15e84",
    -- "logsBloom": "0x00000000000000000000000000000000000000000000000000000000000000000000000000000000000000000000000000000000000000000000000000000000000000000000000000000000000000000000000000000000000000000000000000000000000000000000000000000000000000000000000000000000000000000000000000000000000000000000000000000000000000000000000000000000000000000000000000000000000000000000000000000000000000000000000000000000000000000000000000000000000000000000000000000000000000000000000000000000000000000000000000000000000000000000000000000000",
    -- "miner": "0x0000000000000000000000000000000000000000",
    -- "mixHash": "0x0000000000000000000000000000000000000000000000000000000000000000",
    -- "nonce": "0x0000000000000000",
    -- "number": "0x30",
    -- "parentBeaconBlockRoot": "0x5b5b49487967b3b60bd859ba2fb13290c6eaf67e97e9f9f9dda935c08564b5f6",
    -- "parentHash": "0xaede89efdac80ce5f55b93ee934eddc67b5c8a4282b18a86ca635d69234301f3",
    -- "receiptsRoot": "0x4b7fefa97a453e0ee0cea1d51ca4ab3729f3a2a6a8388a5a3b13765eec3720b7",
    -- "requestsHash": "0xe3b0c44298fc1c149afbf4c8996fb92427ae41e4649b934ca495991b7852b855",
    -- "sha3Uncles": "0x1dcc4de8dec75d7aab85b567b6ccd41ad312451b948a7413f0a142fd40d49347",
    -- "size": "0x3b8",
    -- "stateRoot": "0xbce840ac9806ecb3d791bf55bfcfa9460ff3275996aff265fc75e2a2f3efdb26",
    -- "timestamp": "0x1e0",
    -- "transactions": [
      -- "0x8e96b39ab5e268215283ab40d65139edc6f281f4d79444b6b0a87861c5f8a1d5",
      -- "0x7045e365111563c3f68594c54d9c4d7e3445f0cfc9671f68e8a0122f849f3f18",
      -- "0xbe7d79a54b361c1515802fdf8e3843694b3a93350a9097b84c5582686c77163c"
    -- ],
    -- "transactionsRoot": "0x3d96f46f0efae36059fcba93396d90ed19260e009e9dac0057a1d87e66dc17d0",
    -- "uncles": [],
    -- "withdrawals": [],
    -- "withdrawalsRoot": "0x56e81f171bcc55a6ff8345e692c0f86e5b48e01b996cadc001622fb5e363b421"
  }
}
>>  {"jsonrpc": "2.0", "id": 1, "method": "eth_blockNumber", "params": []}
<<  {"jsonrpc":"2.0","result":"0x30","id":1}
response differs from expected (-- client, ++ test):
{
  "id": 1,
  "jsonrpc": "2.0",
  "result": -- "0x30" ++ {}
}
>>  {"jsonrpc": "2.0", "id": 1, "method": "eth_getTransactionReceipt", "params": ["0xe4a4bd6a4fad4df86c1222128b9d79a1dd0686cf4a0e1d506731482b7266d483"]}
<<  {"jsonrpc":"2.0","result":{"transactionHash":"0xe4a4bd6a4fad4df86c1222128b9d79a1dd0686cf4a0e1d506731482b7266d483","transactionIndex":"0x0","blockHash":"0x6cb3089f8b5ff993ed24ed9ccbfa8bae322848d722842e6453576f30029b1434","blockNumber":"0x2a","cumulativeGasUsed":"0x5208","gasUsed":"0x5208","effectiveGasPrice":"0x38e4f7","from":"0x7435ed30a8b4aeb0877cef0c6e8cffe834eb865f","to":"0x1f5bde34b4afc686f136c7a3cb6ec376f7357759","contractAddress":null,"logs":[],"logsBloom":"0x00000000000000000000000000000000000000000000000000000000000000000000000000000000000000000000000000000000000000000000000000000000000000000000000000000000000000000000000000000000000000000000000000000000000000000000000000000000000000000000000000000000000000000000000000000000000000000000000000000000000000000000000000000000000000000000000000000000000000000000000000000000000000000000000000000000000000000000000000000000000000000000000000000000000000000000000000000000000000000000000000000000000000000000000000000000","status":"0x1","type":"0x0"},"id":1}
response differs from expected (-- client, ++ test):
{
  "id": 1,
  "jsonrpc": "2.0",
  "result": {
    -- "blockHash": "0x6cb3089f8b5ff993ed24ed9ccbfa8bae322848d722842e6453576f30029b1434",
    -- "blockNumber": "0x2a",
    ++ "capture_only": true,
    -- "contractAddress": null,
    -- "cumulativeGasUsed": "0x5208",
    -- "effectiveGasPrice": "0x38e4f7",
    -- "from": "0x7435ed30a8b4aeb0877cef0c6e8cffe834eb865f",
    -- "gasUsed": "0x5208",
    -- "logs": [],
    -- "logsBloom": "0x00000000000000000000000000000000000000000000000000000000000000000000000000000000000000000000000000000000000000000000000000000000000000000000000000000000000000000000000000000000000000000000000000000000000000000000000000000000000000000000000000000000000000000000000000000000000000000000000000000000000000000000000000000000000000000000000000000000000000000000000000000000000000000000000000000000000000000000000000000000000000000000000000000000000000000000000000000000000000000000000000000000000000000000000000000000",
    -- "status": "0x1",
    -- "to": "0x1f5bde34b4afc686f136c7a3cb6ec376f7357759",
    -- "transactionHash": "0xe4a4bd6a4fad4df86c1222128b9d79a1dd0686cf4a0e1d506731482b7266d483",
    -- "transactionIndex": "0x0",
    -- "type": "0x0"
  }
}
interop Engine engine_newPayloadV4: reply=map[latestValidHash:0x23a229f69acd6ffb1d98dbae859e4fde6bcb6db51786ec54d07085d74bf473d4 status:VALID validationError:<nil>] error=<nil>
interop Engine engine_newPayloadV4: reply=map[latestValidHash:0xb643aaad7876814b2319a5ac15e3efd4c5a928f711683d4d3abee5b525fc349d status:VALID validationError:<nil>] error=<nil>
interop Engine engine_newPayloadV4: reply=map[latestValidHash:0x59c52ea8dd1dfdb037aec4a2f28907fb1cf4ca5401b48590182eaa5415e8e6f3 status:VALID validationError:<nil>] error=<nil>
interop Engine engine_newPayloadV4: reply=map[latestValidHash:0x3ae39139cb5ef4492f48c7ed41f861621a0f7af2c15ee458b09914e7fc97dfe9 status:VALID validationError:<nil>] error=<nil>
interop Engine engine_newPayloadV4: reply=map[latestValidHash:0x008d1333b89a6507babffba8a8605f2426aa21a829ad0c20131d40dc72300628 status:VALID validationError:<nil>] error=<nil>
interop Engine engine_newPayloadV4: reply=map[latestValidHash:0xb75975dcf8dc29c9d8f63272511a20eb5c16c8466634e83f6b840d3baaa54110 status:VALID validationError:<nil>] error=<nil>
interop Engine engine_newPayloadV4: reply=map[latestValidHash:0xced04ae80b11fac8e3619bba83e9f8a3490159e045f1ac504955e69a783dbbcd status:VALID validationError:<nil>] error=<nil>
interop Engine engine_newPayloadV4: reply=map[latestValidHash:0xa3b4b86837197906688c55979962fcf57fc43f7d1796cdacce350f2a4590ef8e status:VALID validationError:<nil>] error=<nil>
interop Engine engine_newPayloadV4: reply=map[latestValidHash:0x89760635a073492746414d5e8ea50ceaaaf035f603e37543a36328af11d6de32 status:VALID validationError:<nil>] error=<nil>
interop forkchoice accepted: [map[finalizedBlockHash:0x9901db3a31e7004c45911fca4480b7dce86a4baeab819eb4959d7316f687d54c headBlockHash:0x89760635a073492746414d5e8ea50ceaaaf035f603e37543a36328af11d6de32 safeBlockHash:0x9901db3a31e7004c45911fca4480b7dce86a4baeab819eb4959d7316f687d54c] <nil>]
>>  {"jsonrpc": "2.0", "id": 1, "method": "trace_block", "params": ["0x2d"]}
<<  {"jsonrpc":"2.0","result":[{"action":{"author":"0x0000000000000000000000000000000000000000","rewardType":"block","value":"0x0"},"blockHash":"0xb75975dcf8dc29c9d8f63272511a20eb5c16c8466634e83f6b840d3baaa54110","blockNumber":45,"subtraces":0,"traceAddress":[],"type":"reward"}],"id":1}
response differs from expected (-- client, ++ test):
{
  "id": 1,
  "jsonrpc": "2.0",
  "result": -- [] ++ {}
}
>>  {"jsonrpc": "2.0", "id": 1, "method": "trace_filter", "params": [{"fromBlock": "0x28", "toBlock": "0x30"}]}
<<  {"jsonrpc":"2.0","result":[{"action":{"author":"0x0000000000000000000000000000000000000000","rewardType":"block","value":"0x0"},"blockHash":"0x23a229f69acd6ffb1d98dbae859e4fde6bcb6db51786ec54d07085d74bf473d4","blockNumber":40,"subtraces":0,"traceAddress":[],"type":"reward"},{"action":{"author":"0x0000000000000000000000000000000000000000","rewardType":"block","value":"0x0"},"blockHash":"0xb643aaad7876814b2319a5ac15e3efd4c5a928f711683d4d3abee5b525fc349d","blockNumber":41,"subtraces":0,"traceAddress":[],"type":"reward"},{"action":{"author":"0x0000000000000000000000000000000000000000","rewardType":"block","value":"0x0"},"blockHash":"0x59c52ea8dd1dfdb037aec4a2f28907fb1cf4ca5401b48590182eaa5415e8e6f3","blockNumber":42,"subtraces":0,"traceAddress":[],"type":"reward"},{"action":{"author":"0x0000000000000000000000000000000000000000","rewardType":"block","value":"0x0"},"blockHash":"0x3ae39139cb5ef4492f48c7ed41f861621a0f7af2c15ee458b09914e7fc97dfe9","blockNumber":43,"subtraces":0,"traceAddress":[],"type":"reward"},{"action":{"author":"0x0000000000000000000000000000000000000000","rewardType":"block","value":"0x0"},"blockHash":"0x008d1333b89a6507babffba8a8605f2426aa21a829ad0c20131d40dc72300628","blockNumber":44,"subtraces":0,"traceAddress":[],"type":"reward"},{"action":{"author":"0x0000000000000000000000000000000000000000","rewardType":"block","value":"0x0"},"blockHash":"0xb75975dcf8dc29c9d8f63272511a20eb5c16c8466634e83f6b840d3baaa54110","blockNumber":45,"subtraces":0,"traceAddress":[],"type":"reward"},{"action":{"author":"0x0000000000000000000000000000000000000000","rewardType":"block","value":"0x0"},"blockHash":"0xced04ae80b11fac8e3619bba83e9f8a3490159e045f1ac504955e69a783dbbcd","blockNumber":46,"subtraces":0,"traceAddress":[],"type":"reward"},{"action":{"author":"0x0000000000000000000000000000000000000000","rewardType":"block","value":"0x0"},"blockHash":"0xa3b4b86837197906688c55979962fcf57fc43f7d1796cdacce350f2a4590ef8e","blockNumber":47,"subtraces":0,"traceAddress":[],"type":"reward"},{"action":{"author":"0x0000000000000000000000000000000000000000","rewardType":"block","value":"0x0"},"blockHash":"0x89760635a073492746414d5e8ea50ceaaaf035f603e37543a36328af11d6de32","blockNumber":48,"subtraces":0,"traceAddress":[],"type":"reward"}],"id":1}
response differs from expected (-- client, ++ test):
{
  "id": 1,
  "jsonrpc": "2.0",
  "result": -- [] ++ {}
}
>>  {"jsonrpc": "2.0", "id": 1, "method": "eth_getBlockByNumber", "params": ["0x30", false]}
<<  {"jsonrpc":"2.0","result":{"difficulty":"0x0","extraData":"0x","gasLimit":"0x5f5e100","gasUsed":"0x0","hash":"0x89760635a073492746414d5e8ea50ceaaaf035f603e37543a36328af11d6de32","logsBloom":"0x00000000000000000000000000000000000000000000000000000000000000000000000000000000000000000000000000000000000000000000000000000000000000000000000000000000000000000000000000000000000000000000000000000000000000000000000000000000000000000000000000000000000000000000000000000000000000000000000000000000000000000000000000000000000000000000000000000000000000000000000000000000000000000000000000000000000000000000000000000000000000000000000000000000000000000000000000000000000000000000000000000000000000000000000000000000","miner":"0x0000000000000000000000000000000000000000","mixHash":"0x0000000000000000000000000000000000000000000000000000000000000000","nonce":"0x0000000000000000","number":"0x30","parentHash":"0xa3b4b86837197906688c55979962fcf57fc43f7d1796cdacce350f2a4590ef8e","receiptsRoot":"0x56e81f171bcc55a6ff8345e692c0f86e5b48e01b996cadc001622fb5e363b421","sha3Uncles":"0x1dcc4de8dec75d7aab85b567b6ccd41ad312451b948a7413f0a142fd40d49347","size":"0x265","stateRoot":"0xe679c81a19539811969c8d19a159ade831d70b65332e61695bf8ff5084c2a975","timestamp":"0x1e0","baseFeePerGas":"0x198413","transactions":[],"transactionsRoot":"0x56e81f171bcc55a6ff8345e692c0f86e5b48e01b996cadc001622fb5e363b421","uncles":[],"withdrawals":[],"withdrawalsRoot":"0x56e81f171bcc55a6ff8345e692c0f86e5b48e01b996cadc001622fb5e363b421","blobGasUsed":"0x0","excessBlobGas":"0x0","parentBeaconBlockRoot":"0x5b5b49487967b3b60bd859ba2fb13290c6eaf67e97e9f9f9dda935c08564b5f6","requestsHash":"0xe3b0c44298fc1c149afbf4c8996fb92427ae41e4649b934ca495991b7852b855"},"id":1}
response differs from expected (-- client, ++ test):
{
  "id": 1,
  "jsonrpc": "2.0",
  "result": {
    -- "baseFeePerGas": "0x198413",
    -- "blobGasUsed": "0x0",
    ++ "capture_only": true,
    -- "difficulty": "0x0",
    -- "excessBlobGas": "0x0",
    -- "extraData": "0x",
    -- "gasLimit": "0x5f5e100",
    -- "gasUsed": "0x0",
    -- "hash": "0x89760635a073492746414d5e8ea50ceaaaf035f603e37543a36328af11d6de32",
    -- "logsBloom": "0x00000000000000000000000000000000000000000000000000000000000000000000000000000000000000000000000000000000000000000000000000000000000000000000000000000000000000000000000000000000000000000000000000000000000000000000000000000000000000000000000000000000000000000000000000000000000000000000000000000000000000000000000000000000000000000000000000000000000000000000000000000000000000000000000000000000000000000000000000000000000000000000000000000000000000000000000000000000000000000000000000000000000000000000000000000000",
    -- "miner": "0x0000000000000000000000000000000000000000",
    -- "mixHash": "0x0000000000000000000000000000000000000000000000000000000000000000",
    -- "nonce": "0x0000000000000000",
    -- "number": "0x30",
    -- "parentBeaconBlockRoot": "0x5b5b49487967b3b60bd859ba2fb13290c6eaf67e97e9f9f9dda935c08564b5f6",
    -- "parentHash": "0xa3b4b86837197906688c55979962fcf57fc43f7d1796cdacce350f2a4590ef8e",
    -- "receiptsRoot": "0x56e81f171bcc55a6ff8345e692c0f86e5b48e01b996cadc001622fb5e363b421",
    -- "requestsHash": "0xe3b0c44298fc1c149afbf4c8996fb92427ae41e4649b934ca495991b7852b855",
    -- "sha3Uncles": "0x1dcc4de8dec75d7aab85b567b6ccd41ad312451b948a7413f0a142fd40d49347",
    -- "size": "0x265",
    -- "stateRoot": "0xe679c81a19539811969c8d19a159ade831d70b65332e61695bf8ff5084c2a975",
    -- "timestamp": "0x1e0",
    -- "transactions": [],
    -- "transactionsRoot": "0x56e81f171bcc55a6ff8345e692c0f86e5b48e01b996cadc001622fb5e363b421",
    -- "uncles": [],
    -- "withdrawals": [],
    -- "withdrawalsRoot": "0x56e81f171bcc55a6ff8345e692c0f86e5b48e01b996cadc001622fb5e363b421"
  }
}
>>  {"jsonrpc": "2.0", "id": 1, "method": "eth_blockNumber", "params": []}
<<  {"jsonrpc":"2.0","result":"0x30","id":1}
response differs from expected (-- client, ++ test):
{
  "id": 1,
  "jsonrpc": "2.0",
  "result": -- "0x30" ++ {}
}
>>  {"jsonrpc": "2.0", "id": 1, "method": "eth_getTransactionReceipt", "params": ["0xe4a4bd6a4fad4df86c1222128b9d79a1dd0686cf4a0e1d506731482b7266d483"]}
<<  {"jsonrpc":"2.0","result":null,"id":1}
response differs from expected (-- client, ++ test):
{
  "id": 1,
  "jsonrpc": "2.0",
  "result": -- null ++ {}
}
interop forkchoice accepted: [map[finalizedBlockHash:0x9901db3a31e7004c45911fca4480b7dce86a4baeab819eb4959d7316f687d54c headBlockHash:0xf0b1510b2a9c8d4c4bd1ff2c578ddbffc04741aa06b3cc8680a343741ef15e84 safeBlockHash:0x9901db3a31e7004c45911fca4480b7dce86a4baeab819eb4959d7316f687d54c] <nil>]
>>  {"jsonrpc": "2.0", "id": 1, "method": "trace_block", "params": ["0x2d"]}
<<  {"jsonrpc":"2.0","result":[{"action":{"callType":"call","from":"0x7435ed30a8b4aeb0877cef0c6e8cffe834eb865f","gas":"0x0","input":"0x","to":"0x16c57edf7fa9d9525378b0b81bf8a3ced0620c1c","value":"0x1"},"blockHash":"0xe6d9078b4964bc1b329fb12242254e21cf88ffa9a88058e515d6e79f7d8fce0d","blockNumber":45,"result":{"gasUsed":"0x0","output":"0x"},"subtraces":0,"traceAddress":[],"transactionHash":"0x8d872ca87b7f1343eab260d3f69260e8efde5dcf5532a23c18e1c25cadaa2df7","transactionPosition":0,"type":"call"},{"action":{"callType":"call","from":"0x7435ed30a8b4aeb0877cef0c6e8cffe834eb865f","gas":"0x0","input":"0x","to":"0x14e46043e63d0e3cdcf2530519f4cfaf35058cb2","value":"0x1"},"blockHash":"0xe6d9078b4964bc1b329fb12242254e21cf88ffa9a88058e515d6e79f7d8fce0d","blockNumber":45,"result":{"gasUsed":"0x0","output":"0x"},"subtraces":0,"traceAddress":[],"transactionHash":"0x07782b90d866d9c854fc70a3609e69f378a7d392a61f7cd712136d79e3f98a6f","transactionPosition":1,"type":"call"},{"action":{"author":"0x0000000000000000000000000000000000000000","rewardType":"block","value":"0x0"},"blockHash":"0xe6d9078b4964bc1b329fb12242254e21cf88ffa9a88058e515d6e79f7d8fce0d","blockNumber":45,"subtraces":0,"traceAddress":[],"type":"reward"}],"id":1}
response differs from expected (-- client, ++ test):
{
  "id": 1,
  "jsonrpc": "2.0",
  "result": -- [] ++ {}
}
>>  {"jsonrpc": "2.0", "id": 1, "method": "trace_filter", "params": [{"fromBlock": "0x28", "toBlock": "0x30"}]}
<<  {"jsonrpc":"2.0","result":[{"action":{"callType":"call","from":"0x7435ed30a8b4aeb0877cef0c6e8cffe834eb865f","gas":"0x11ba0","input":"0x036464a71961a53a656d6974","to":"0x7dcd17433742f4c0ca53122ab541d0ba67fc27df","value":"0x2"},"blockHash":"0xfc2b688f6d286950eff2cf6f1b10a6bf63e92a20fcdf8db7377ef647b154eb52","blockNumber":40,"result":{"gasUsed":"0x5f9c","output":"0x"},"subtraces":0,"traceAddress":[],"transactionHash":"0x0efc1e4671e41e768fa107ecf72ab35e03d5a8b7e3f5bbe29cb28dc1eea265a2","transactionPosition":0,"type":"call"},{"action":{"callType":"call","from":"0x7435ed30a8b4aeb0877cef0c6e8cffe834eb865f","gas":"0x11ba0","input":"0x9ec58f808778768f656d6974","to":"0x7dcd17433742f4c0ca53122ab541d0ba67fc27df","value":"0x2"},"blockHash":"0xfc2b688f6d286950eff2cf6f1b10a6bf63e92a20fcdf8db7377ef647b154eb52","blockNumber":40,"result":{"gasUsed":"0x5f9c","output":"0x"},"subtraces":0,"traceAddress":[],"transactionHash":"0x1942a6223310f991ab036dccb28259dd634e39e08152d383afc422481e5ab2c2","transactionPosition":1,"type":"call"},{"action":{"callType":"call","from":"0x7435ed30a8b4aeb0877cef0c6e8cffe834eb865f","gas":"0x11ba0","input":"0xcd417355d4039279656d6974","to":"0x7dcd17433742f4c0ca53122ab541d0ba67fc27df","value":"0x3"},"blockHash":"0xfc2b688f6d286950eff2cf6f1b10a6bf63e92a20fcdf8db7377ef647b154eb52","blockNumber":40,"result":{"gasUsed":"0x5f9c","output":"0x"},"subtraces":0,"traceAddress":[],"transactionHash":"0xbc3230ca851b7baad39753405e55d96f2124d1e5e8ab9cd76c638bba601423ac","transactionPosition":2,"type":"call"},{"action":{"author":"0x0000000000000000000000000000000000000000","rewardType":"block","value":"0x0"},"blockHash":"0xfc2b688f6d286950eff2cf6f1b10a6bf63e92a20fcdf8db7377ef647b154eb52","blockNumber":40,"subtraces":0,"traceAddress":[],"type":"reward"},{"action":{"callType":"call","from":"0x7435ed30a8b4aeb0877cef0c6e8cffe834eb865f","gas":"0x133d8","input":"0x3186f4d423ee1407656d6974","to":"0x7dcd17433742f4c0ca53122ab541d0ba67fc27df","value":"0x2"},"blockHash":"0x9bc6bd9fb238298cb6a4260fc4306ab426b3e2d41607e719dde8c4ca41817da7","blockNumber":41,"result":{"gasUsed":"0x6fa0","output":"0x"},"subtraces":0,"traceAddress":[],"transactionHash":"0x6a2b2c1d5d3bae710fa3c9f79035e0b6b98d65df9cb05e425087c93ce9bf08ed","transactionPosition":0,"type":"call"},{"action":{"callType":"call","from":"0x7435ed30a8b4aeb0877cef0c6e8cffe834eb865f","gas":"0x0","input":"0x","to":"0x717f8aa2b982bee0e29f573d31df288663e1ce16","value":"0x1"},"blockHash":"0x9bc6bd9fb238298cb6a4260fc4306ab426b3e2d41607e719dde8c4ca41817da7","blockNumber":41,"result":{"gasUsed":"0x0","output":"0x"},"subtraces":0,"traceAddress":[],"transactionHash":"0x9249eb130af4bcf26d420f09df8a51f4947e387f9e325e8b223237c9602208a1","transactionPosition":1,"type":"call"},{"action":{"callType":"call","from":"0x7435ed30a8b4aeb0877cef0c6e8cffe834eb865f","gas":"0x0","input":"0x","to":"0x4a0f1452281bcec5bd90c3dce6162a5995bfe9df","value":"0x1"},"blockHash":"0x9bc6bd9fb238298cb6a4260fc4306ab426b3e2d41607e719dde8c4ca41817da7","blockNumber":41,"result":{"gasUsed":"0x0","output":"0x"},"subtraces":0,"traceAddress":[],"transactionHash":"0xbdda348fd5169ff5cc8c761147a64b34ceb2e913d7bf5e8ddf8e497ca3e3460f","transactionPosition":2,"type":"call"},{"action":{"author":"0x0000000000000000000000000000000000000000","rewardType":"block","value":"0x0"},"blockHash":"0x9bc6bd9fb238298cb6a4260fc4306ab426b3e2d41607e719dde8c4ca41817da7","blockNumber":41,"subtraces":0,"traceAddress":[],"type":"reward"},{"action":{"callType":"call","from":"0x7435ed30a8b4aeb0877cef0c6e8cffe834eb865f","gas":"0x0","input":"0x","to":"0x1f5bde34b4afc686f136c7a3cb6ec376f7357759","value":"0x1"},"blockHash":"0x6cb3089f8b5ff993ed24ed9ccbfa8bae322848d722842e6453576f30029b1434","blockNumber":42,"result":{"gasUsed":"0x0","output":"0x"},"subtraces":0,"traceAddress":[],"transactionHash":"0xe4a4bd6a4fad4df86c1222128b9d79a1dd0686cf4a0e1d506731482b7266d483","transactionPosition":0,"type":"call"},{"action":{"callType":"call","from":"0x7435ed30a8b4aeb0877cef0c6e8cffe834eb865f","gas":"0x13488","input":"0x01","to":"0x9dcd17433742f4c0ca53122ab541d0ba67fc27d3","value":"0x0"},"blockHash":"0x6cb3089f8b5ff993ed24ed9ccbfa8bae322848d722842e6453576f30029b1434","blockNumber":42,"subtraces":0,"traceAddress":[],"transactionHash":"0x7a15f2b6b479009c2d8f167dfc8490654348e85aa4968583bab1d4c3c17284bb","transactionPosition":1,"type":"call","error":"Reverted"},{"action":{"author":"0x0000000000000000000000000000000000000000","rewardType":"block","value":"0x0"},"blockHash":"0x6cb3089f8b5ff993ed24ed9ccbfa8bae322848d722842e6453576f30029b1434","blockNumber":42,"subtraces":0,"traceAddress":[],"type":"reward"},{"action":{"callType":"call","from":"0x7435ed30a8b4aeb0877cef0c6e8cffe834eb865f","gas":"0x8d5b8","input":"0x","to":"0x9dcd17433742f4c0ca53122ab541d0ba67fc27d0","value":"0x0"},"blockHash":"0x22e8e9edaefc674ba389450dc41088e521fb2d33330a72c8b7aa2bf1b2281ffe","blockNumber":43,"result":{"gasUsed":"0x1fc63","output":"0xffee"},"subtraces":7,"traceAddress":[],"transactionHash":"0x651d033b62050d4a32ffb16281c8685790d1233922a4ec2dcd5c6c1a66461226","transactionPosition":0,"type":"call"},{"action":{"callType":"call","from":"0x9dcd17433742f4c0ca53122ab541d0ba67fc27d0","gas":"0xf35c","input":"0xff01","to":"0x9dcd17433742f4c0ca53122ab541d0ba67fc27d1","value":"0x1"},"blockHash":"0x22e8e9edaefc674ba389450dc41088e521fb2d33330a72c8b7aa2bf1b2281ffe","blockNumber":43,"result":{"gasUsed":"0x48","output":"0xffee"},"subtraces":0,"traceAddress":[0],"transactionHash":"0x651d033b62050d4a32ffb16281c8685790d1233922a4ec2dcd5c6c1a66461226","transactionPosition":0,"type":"call"},{"action":{"callType":"call","from":"0x9dcd17433742f4c0ca53122ab541d0ba67fc27d0","gas":"0xea60","input":"0x0000000000000000000000000000000000000000000000000000000000000001","to":"0x9dcd17433742f4c0ca53122ab541d0ba67fc27d3","value":"0x0"},"blockHash":"0x22e8e9edaefc674ba389450dc41088e521fb2d33330a72c8b7aa2bf1b2281ffe","blockNumber":43,"subtraces":0,"traceAddress":[1],"transactionHash":"0x651d033b62050d4a32ffb16281c8685790d1233922a4ec2dcd5c6c1a66461226","transactionPosition":0,"type":"call","error":"Reverted"},{"action":{"callType":"staticcall","from":"0x9dcd17433742f4c0ca53122ab541d0ba67fc27d0","gas":"0xea60","input":"0x","to":"0x9dcd17433742f4c0ca53122ab541d0ba67fc27d2","value":"0x0"},"blockHash":"0x22e8e9edaefc674ba389450dc41088e521fb2d33330a72c8b7aa2bf1b2281ffe","blockNumber":43,"result":{"gasUsed":"0x7d","output":"0x000000000000000000000000000000000000000000000000000000000000002b000000000000000000000000000000000000000000000000000c72dd9d5e883e0000000000000000000000000000000000000000000000000000000000000000000000000000000000000000000000000000000000000000000000000031c9f400000000000000000000000000000000000000000000000000000000000000000000000000000000000000007435ed30a8b4aeb0877cef0c6e8cffe834eb865f0000000000000000000000000000000000000000000000000000000000000000"},"subtraces":0,"traceAddress":[2],"transactionHash":"0x651d033b62050d4a32ffb16281c8685790d1233922a4ec2dcd5c6c1a66461226","transactionPosition":0,"type":"call"},{"action":{"callType":"staticcall","from":"0x9dcd17433742f4c0ca53122ab541d0ba67fc27d0","gas":"0xea60","input":"0x","to":"0x7dcd17433742f4c0ca53122ab541d0ba67fc27df","value":"0x0"},"blockHash":"0x22e8e9edaefc674ba389450dc41088e521fb2d33330a72c8b7aa2bf1b2281ffe","blockNumber":43,"subtraces":0,"traceAddress":[3],"transactionHash":"0x651d033b62050d4a32ffb16281c8685790d1233922a4ec2dcd5c6c1a66461226","transactionPosition":0,"type":"call","error":"Static call violation"},{"action":{"callType":"delegatecall","from":"0x9dcd17433742f4c0ca53122ab541d0ba67fc27d0","gas":"0xea60","input":"0x00000000","to":"0x7dcd17433742f4c0ca53122ab541d0ba67fc27df","value":"0x0"},"blockHash":"0x22e8e9edaefc674ba389450dc41088e521fb2d33330a72c8b7aa2bf1b2281ffe","blockNumber":43,"result":{"gasUsed":"0x2cd4","output":"0x"},"subtraces":0,"traceAddress":[4],"transactionHash":"0x651d033b62050d4a32ffb16281c8685790d1233922a4ec2dcd5c6c1a66461226","transactionPosition":0,"type":"call"},{"action":{"callType":"callcode","from":"0x9dcd17433742f4c0ca53122ab541d0ba67fc27d0","gas":"0xea60","input":"0xff01","to":"0x9dcd17433742f4c0ca53122ab541d0ba67fc27d1","value":"0x0"},"blockHash":"0x22e8e9edaefc674ba389450dc41088e521fb2d33330a72c8b7aa2bf1b2281ffe","blockNumber":43,"result":{"gasUsed":"0x48","output":"0xffee"},"subtraces":0,"traceAddress":[5],"transactionHash":"0x651d033b62050d4a32ffb16281c8685790d1233922a4ec2dcd5c6c1a66461226","transactionPosition":0,"type":"call"},{"action":{"creationMethod":"create","from":"0x9dcd17433742f4c0ca53122ab541d0ba67fc27d0","gas":"0x6d70b","init":"0x5b646368696c6460006000a133ff","value":"0x0"},"blockHash":"0x22e8e9edaefc674ba389450dc41088e521fb2d33330a72c8b7aa2bf1b2281ffe","blockNumber":43,"result":{"address":"0x05032e03adbca6d5d04236000a2bbb6b4fec87f5","code":"0x","gasUsed":"0x1682"},"subtraces":1,"traceAddress":[6],"transactionHash":"0x651d033b62050d4a32ffb16281c8685790d1233922a4ec2dcd5c6c1a66461226","transactionPosition":0,"type":"create"},{"action":{"address":"0x05032e03adbca6d5d04236000a2bbb6b4fec87f5","balance":"0x0","refundAddress":"0x9dcd17433742f4c0ca53122ab541d0ba67fc27d0"},"blockHash":"0x22e8e9edaefc674ba389450dc41088e521fb2d33330a72c8b7aa2bf1b2281ffe","blockNumber":43,"subtraces":0,"traceAddress":[6,0],"transactionHash":"0x651d033b62050d4a32ffb16281c8685790d1233922a4ec2dcd5c6c1a66461226","transactionPosition":0,"type":"suicide"},{"action":{"callType":"call","from":"0x7435ed30a8b4aeb0877cef0c6e8cffe834eb865f","gas":"0x11ba0","input":"0xebe7a54f122c1cf1656d6974","to":"0x7dcd17433742f4c0ca53122ab541d0ba67fc27df","value":"0x2"},"blockHash":"0x22e8e9edaefc674ba389450dc41088e521fb2d33330a72c8b7aa2bf1b2281ffe","blockNumber":43,"result":{"gasUsed":"0x5f9c","output":"0x"},"subtraces":0,"traceAddress":[],"transactionHash":"0xfa7de1862f93f2da0e1450d833da95e5e04ea7381a471f7388c1e9c92e551deb","transactionPosition":1,"type":"call"},{"action":{"callType":"call","from":"0x7435ed30a8b4aeb0877cef0c6e8cffe834eb865f","gas":"0x11ba0","input":"0xcef26346bf2d1331656d6974","to":"0x7dcd17433742f4c0ca53122ab541d0ba67fc27df","value":"0x2"},"blockHash":"0x22e8e9edaefc674ba389450dc41088e521fb2d33330a72c8b7aa2bf1b2281ffe","blockNumber":43,"result":{"gasUsed":"0x5f9c","output":"0x"},"subtraces":0,"traceAddress":[],"transactionHash":"0x321a8dba67e9c086a4877a6c33c1564471683da311f72005650d102ba847522c","transactionPosition":2,"type":"call"},{"action":{"author":"0x0000000000000000000000000000000000000000","rewardType":"block","value":"0x0"},"blockHash":"0x22e8e9edaefc674ba389450dc41088e521fb2d33330a72c8b7aa2bf1b2281ffe","blockNumber":43,"subtraces":0,"traceAddress":[],"type":"reward"},{"action":{"callType":"call","from":"0x7435ed30a8b4aeb0877cef0c6e8cffe834eb865f","gas":"0x11ba0","input":"0x2276cc05d723a1e7656d6974","to":"0x7dcd17433742f4c0ca53122ab541d0ba67fc27df","value":"0x3"},"blockHash":"0x8ee9c89c042749060aa7225c9568cfbeb4ae658041f42cf5cfa90ef3cbc8c250","blockNumber":44,"result":{"gasUsed":"0x5f9c","output":"0x"},"subtraces":0,"traceAddress":[],"transactionHash":"0x04fd4668ef5f466780ea8c866659e563d8659a626e5de911ea4a687cda38e4b5","transactionPosition":0,"type":"call"},{"action":{"callType":"call","from":"0x7435ed30a8b4aeb0877cef0c6e8cffe834eb865f","gas":"0x133d8","input":"0x7656ae13bace34c5656d6974","to":"0x7dcd17433742f4c0ca53122ab541d0ba67fc27df","value":"0x2"},"blockHash":"0x8ee9c89c042749060aa7225c9568cfbeb4ae658041f42cf5cfa90ef3cbc8c250","blockNumber":44,"result":{"gasUsed":"0x6fa0","output":"0x"},"subtraces":0,"traceAddress":[],"transactionHash":"0x213aa25f0673a954b12f125f001fdfdfc9c4e5ce3f8a5aeb8292f04f5feb15b4","transactionPosition":1,"type":"call"},{"action":{"callType":"call","from":"0x7435ed30a8b4aeb0877cef0c6e8cffe834eb865f","gas":"0x0","input":"0x","to":"0xd803681e487e6ac18053afc5a6cd813c86ec3e4d","value":"0x1"},"blockHash":"0x8ee9c89c042749060aa7225c9568cfbeb4ae658041f42cf5cfa90ef3cbc8c250","blockNumber":44,"result":{"gasUsed":"0x0","output":"0x"},"subtraces":0,"traceAddress":[],"transactionHash":"0x894b329288125359a28bb1e9c07bf6147ed1e1982b0e487a51a0c724d7fa7486","transactionPosition":2,"type":"call"},{"action":{"author":"0x0000000000000000000000000000000000000000","rewardType":"block","value":"0x0"},"blockHash":"0x8ee9c89c042749060aa7225c9568cfbeb4ae658041f42cf5cfa90ef3cbc8c250","blockNumber":44,"subtraces":0,"traceAddress":[],"type":"reward"},{"action":{"callType":"call","from":"0x7435ed30a8b4aeb0877cef0c6e8cffe834eb865f","gas":"0x0","input":"0x","to":"0x16c57edf7fa9d9525378b0b81bf8a3ced0620c1c","value":"0x1"},"blockHash":"0xe6d9078b4964bc1b329fb12242254e21cf88ffa9a88058e515d6e79f7d8fce0d","blockNumber":45,"result":{"gasUsed":"0x0","output":"0x"},"subtraces":0,"traceAddress":[],"transactionHash":"0x8d872ca87b7f1343eab260d3f69260e8efde5dcf5532a23c18e1c25cadaa2df7","transactionPosition":0,"type":"call"},{"action":{"callType":"call","from":"0x7435ed30a8b4aeb0877cef0c6e8cffe834eb865f","gas":"0x0","input":"0x","to":"0x14e46043e63d0e3cdcf2530519f4cfaf35058cb2","value":"0x1"},"blockHash":"0xe6d9078b4964bc1b329fb12242254e21cf88ffa9a88058e515d6e79f7d8fce0d","blockNumber":45,"result":{"gasUsed":"0x0","output":"0x"},"subtraces":0,"traceAddress":[],"transactionHash":"0x07782b90d866d9c854fc70a3609e69f378a7d392a61f7cd712136d79e3f98a6f","transactionPosition":1,"type":"call"},{"action":{"author":"0x0000000000000000000000000000000000000000","rewardType":"block","value":"0x0"},"blockHash":"0xe6d9078b4964bc1b329fb12242254e21cf88ffa9a88058e515d6e79f7d8fce0d","blockNumber":45,"subtraces":0,"traceAddress":[],"type":"reward"},{"action":{"callType":"call","from":"0x7435ed30a8b4aeb0877cef0c6e8cffe834eb865f","gas":"0x13488","input":"0x01","to":"0x9dcd17433742f4c0ca53122ab541d0ba67fc27d3","value":"0x0"},"blockHash":"0x5b3627e612c821267b54826693cfde431298fd7cdb8f8ec6ea90d952c494e7e8","blockNumber":46,"subtraces":0,"traceAddress":[],"transactionHash":"0x6992fed2b2fc6c77cb7ffc2a1351d8e5dadf08cf2736fb6d1a0ed5786f3d5206","transactionPosition":0,"type":"call","error":"Reverted"},{"action":{"callType":"call","from":"0x7435ed30a8b4aeb0877cef0c6e8cffe834eb865f","gas":"0x8d5b8","input":"0x","to":"0x9dcd17433742f4c0ca53122ab541d0ba67fc27d0","value":"0x0"},"blockHash":"0x5b3627e612c821267b54826693cfde431298fd7cdb8f8ec6ea90d952c494e7e8","blockNumber":46,"result":{"gasUsed":"0x1fc63","output":"0xffee"},"subtraces":7,"traceAddress":[],"transactionHash":"0x64b5f6ae3b44a9623caeecbb78c9cf65f9a23781c585d75642e8f52b71bc1599","transactionPosition":1,"type":"call"},{"action":{"callType":"call","from":"0x9dcd17433742f4c0ca53122ab541d0ba67fc27d0","gas":"0xf35c","input":"0xff01","to":"0x9dcd17433742f4c0ca53122ab541d0ba67fc27d1","value":"0x1"},"blockHash":"0x5b3627e612c821267b54826693cfde431298fd7cdb8f8ec6ea90d952c494e7e8","blockNumber":46,"result":{"gasUsed":"0x48","output":"0xffee"},"subtraces":0,"traceAddress":[0],"transactionHash":"0x64b5f6ae3b44a9623caeecbb78c9cf65f9a23781c585d75642e8f52b71bc1599","transactionPosition":1,"type":"call"},{"action":{"callType":"call","from":"0x9dcd17433742f4c0ca53122ab541d0ba67fc27d0","gas":"0xea60","input":"0x0000000000000000000000000000000000000000000000000000000000000001","to":"0x9dcd17433742f4c0ca53122ab541d0ba67fc27d3","value":"0x0"},"blockHash":"0x5b3627e612c821267b54826693cfde431298fd7cdb8f8ec6ea90d952c494e7e8","blockNumber":46,"subtraces":0,"traceAddress":[1],"transactionHash":"0x64b5f6ae3b44a9623caeecbb78c9cf65f9a23781c585d75642e8f52b71bc1599","transactionPosition":1,"type":"call","error":"Reverted"},{"action":{"callType":"staticcall","from":"0x9dcd17433742f4c0ca53122ab541d0ba67fc27d0","gas":"0xea60","input":"0x","to":"0x9dcd17433742f4c0ca53122ab541d0ba67fc27d2","value":"0x0"},"blockHash":"0x5b3627e612c821267b54826693cfde431298fd7cdb8f8ec6ea90d952c494e7e8","blockNumber":46,"result":{"gasUsed":"0x7d","output":"0x000000000000000000000000000000000000000000000000000000000000002e000000000000000000000000000000000000000000000000000c72dd9d5e883e0000000000000000000000000000000000000000000000000000000000000000000000000000000000000000000000000000000000000000000000000021650900000000000000000000000000000000000000000000000000000000000000000000000000000000000000007435ed30a8b4aeb0877cef0c6e8cffe834eb865f0000000000000000000000000000000000000000000000000000000000000000"},"subtraces":0,"traceAddress":[2],"transactionHash":"0x64b5f6ae3b44a9623caeecbb78c9cf65f9a23781c585d75642e8f52b71bc1599","transactionPosition":1,"type":"call"},{"action":{"callType":"staticcall","from":"0x9dcd17433742f4c0ca53122ab541d0ba67fc27d0","gas":"0xea60","input":"0x","to":"0x7dcd17433742f4c0ca53122ab541d0ba67fc27df","value":"0x0"},"blockHash":"0x5b3627e612c821267b54826693cfde431298fd7cdb8f8ec6ea90d952c494e7e8","blockNumber":46,"subtraces":0,"traceAddress":[3],"transactionHash":"0x64b5f6ae3b44a9623caeecbb78c9cf65f9a23781c585d75642e8f52b71bc1599","transactionPosition":1,"type":"call","error":"Static call violation"},{"action":{"callType":"delegatecall","from":"0x9dcd17433742f4c0ca53122ab541d0ba67fc27d0","gas":"0xea60","input":"0x00000000","to":"0x7dcd17433742f4c0ca53122ab541d0ba67fc27df","value":"0x0"},"blockHash":"0x5b3627e612c821267b54826693cfde431298fd7cdb8f8ec6ea90d952c494e7e8","blockNumber":46,"result":{"gasUsed":"0x2cd4","output":"0x"},"subtraces":0,"traceAddress":[4],"transactionHash":"0x64b5f6ae3b44a9623caeecbb78c9cf65f9a23781c585d75642e8f52b71bc1599","transactionPosition":1,"type":"call"},{"action":{"callType":"callcode","from":"0x9dcd17433742f4c0ca53122ab541d0ba67fc27d0","gas":"0xea60","input":"0xff01","to":"0x9dcd17433742f4c0ca53122ab541d0ba67fc27d1","value":"0x0"},"blockHash":"0x5b3627e612c821267b54826693cfde431298fd7cdb8f8ec6ea90d952c494e7e8","blockNumber":46,"result":{"gasUsed":"0x48","output":"0xffee"},"subtraces":0,"traceAddress":[5],"transactionHash":"0x64b5f6ae3b44a9623caeecbb78c9cf65f9a23781c585d75642e8f52b71bc1599","transactionPosition":1,"type":"call"},{"action":{"creationMethod":"create","from":"0x9dcd17433742f4c0ca53122ab541d0ba67fc27d0","gas":"0x6d70b","init":"0x5b646368696c6460006000a133ff","value":"0x0"},"blockHash":"0x5b3627e612c821267b54826693cfde431298fd7cdb8f8ec6ea90d952c494e7e8","blockNumber":46,"result":{"address":"0x9ee5c90ad0a83dd07800c64adb87c584092f8e37","code":"0x","gasUsed":"0x1682"},"subtraces":1,"traceAddress":[6],"transactionHash":"0x64b5f6ae3b44a9623caeecbb78c9cf65f9a23781c585d75642e8f52b71bc1599","transactionPosition":1,"type":"create"},{"action":{"address":"0x9ee5c90ad0a83dd07800c64adb87c584092f8e37","balance":"0x0","refundAddress":"0x9dcd17433742f4c0ca53122ab541d0ba67fc27d0"},"blockHash":"0x5b3627e612c821267b54826693cfde431298fd7cdb8f8ec6ea90d952c494e7e8","blockNumber":46,"subtraces":0,"traceAddress":[6,0],"transactionHash":"0x64b5f6ae3b44a9623caeecbb78c9cf65f9a23781c585d75642e8f52b71bc1599","transactionPosition":1,"type":"suicide"},{"action":{"callType":"call","from":"0x7435ed30a8b4aeb0877cef0c6e8cffe834eb865f","gas":"0x11ba0","input":"0x515a531d2825dec2656d6974","to":"0x7dcd17433742f4c0ca53122ab541d0ba67fc27df","value":"0x2"},"blockHash":"0x5b3627e612c821267b54826693cfde431298fd7cdb8f8ec6ea90d952c494e7e8","blockNumber":46,"result":{"gasUsed":"0x5f9c","output":"0x"},"subtraces":0,"traceAddress":[],"transactionHash":"0x2cd66c5f92f7f966a3ae2e79fa501284a5da51a3d9d233159854d17c427b1441","transactionPosition":2,"type":"call"},{"action":{"author":"0x0000000000000000000000000000000000000000","rewardType":"block","value":"0x0"},"blockHash":"0x5b3627e612c821267b54826693cfde431298fd7cdb8f8ec6ea90d952c494e7e8","blockNumber":46,"subtraces":0,"traceAddress":[],"type":"reward"},{"action":{"callType":"call","from":"0x7435ed30a8b4aeb0877cef0c6e8cffe834eb865f","gas":"0x11ba0","input":"0xea41c6626bd2d71a656d6974","to":"0x7dcd17433742f4c0ca53122ab541d0ba67fc27df","value":"0x2"},"blockHash":"0xaede89efdac80ce5f55b93ee934eddc67b5c8a4282b18a86ca635d69234301f3","blockNumber":47,"result":{"gasUsed":"0x5f9c","output":"0x"},"subtraces":0,"traceAddress":[],"transactionHash":"0xc81daa5f275b0b347590ec8558e530da183a7ff86c377221a59c96faf5bea12c","transactionPosition":0,"type":"call"},{"action":{"callType":"call","from":"0x7435ed30a8b4aeb0877cef0c6e8cffe834eb865f","gas":"0x11ba0","input":"0x65682bc386966217656d6974","to":"0x7dcd17433742f4c0ca53122ab541d0ba67fc27df","value":"0x3"},"blockHash":"0xaede89efdac80ce5f55b93ee934eddc67b5c8a4282b18a86ca635d69234301f3","blockNumber":47,"result":{"gasUsed":"0x5f9c","output":"0x"},"subtraces":0,"traceAddress":[],"transactionHash":"0x1d37878b27d1e686d15b99cb406684e3c50be2fb0cadce5daee795b48c2003bb","transactionPosition":1,"type":"call"},{"action":{"callType":"call","from":"0x7435ed30a8b4aeb0877cef0c6e8cffe834eb865f","gas":"0x133d8","input":"0x156e2b9e3a273c7b656d6974","to":"0x7dcd17433742f4c0ca53122ab541d0ba67fc27df","value":"0x2"},"blockHash":"0xaede89efdac80ce5f55b93ee934eddc67b5c8a4282b18a86ca635d69234301f3","blockNumber":47,"result":{"gasUsed":"0x6fa0","output":"0x"},"subtraces":0,"traceAddress":[],"transactionHash":"0x62f97493d38267cf7b80fd4e9a048bb77cceed36ac0ddd1072736cff48915821","transactionPosition":2,"type":"call"},{"action":{"author":"0x0000000000000000000000000000000000000000","rewardType":"block","value":"0x0"},"blockHash":"0xaede89efdac80ce5f55b93ee934eddc67b5c8a4282b18a86ca635d69234301f3","blockNumber":47,"subtraces":0,"traceAddress":[],"type":"reward"},{"action":{"callType":"call","from":"0x7435ed30a8b4aeb0877cef0c6e8cffe834eb865f","gas":"0x0","input":"0x","to":"0x83c7e323d189f18725ac510004fdc2941f8c4a78","value":"0x1"},"blockHash":"0xf0b1510b2a9c8d4c4bd1ff2c578ddbffc04741aa06b3cc8680a343741ef15e84","blockNumber":48,"result":{"gasUsed":"0x0","output":"0x"},"subtraces":0,"traceAddress":[],"transactionHash":"0x8e96b39ab5e268215283ab40d65139edc6f281f4d79444b6b0a87861c5f8a1d5","transactionPosition":0,"type":"call"},{"action":{"callType":"call","from":"0x7435ed30a8b4aeb0877cef0c6e8cffe834eb865f","gas":"0x0","input":"0x","to":"0x2d389075be5be9f2246ad654ce152cf05990b209","value":"0x1"},"blockHash":"0xf0b1510b2a9c8d4c4bd1ff2c578ddbffc04741aa06b3cc8680a343741ef15e84","blockNumber":48,"result":{"gasUsed":"0x0","output":"0x"},"subtraces":0,"traceAddress":[],"transactionHash":"0x7045e365111563c3f68594c54d9c4d7e3445f0cfc9671f68e8a0122f849f3f18","transactionPosition":1,"type":"call"},{"action":{"callType":"call","from":"0x7435ed30a8b4aeb0877cef0c6e8cffe834eb865f","gas":"0x0","input":"0x","to":"0x3ae75c08b4c907eb63a8960c45b86e1e9ab6123c","value":"0x1"},"blockHash":"0xf0b1510b2a9c8d4c4bd1ff2c578ddbffc04741aa06b3cc8680a343741ef15e84","blockNumber":48,"result":{"gasUsed":"0x0","output":"0x"},"subtraces":0,"traceAddress":[],"transactionHash":"0xbe7d79a54b361c1515802fdf8e3843694b3a93350a9097b84c5582686c77163c","transactionPosition":2,"type":"call"},{"action":{"author":"0x0000000000000000000000000000000000000000","rewardType":"block","value":"0x0"},"blockHash":"0xf0b1510b2a9c8d4c4bd1ff2c578ddbffc04741aa06b3cc8680a343741ef15e84","blockNumber":48,"subtraces":0,"traceAddress":[],"type":"reward"}],"id":1}
response differs from expected (-- client, ++ test):
{
  "id": 1,
  "jsonrpc": "2.0",
  "result": -- [] ++ {}
}
>>  {"jsonrpc": "2.0", "id": 1, "method": "eth_getBlockByNumber", "params": ["0x30", false]}
<<  {"jsonrpc":"2.0","result":{"difficulty":"0x0","extraData":"0x","gasLimit":"0x5f5e100","gasUsed":"0xf618","hash":"0xf0b1510b2a9c8d4c4bd1ff2c578ddbffc04741aa06b3cc8680a343741ef15e84","logsBloom":"0x00000000000000000000000000000000000000000000000000000000000000000000000000000000000000000000000000000000000000000000000000000000000000000000000000000000000000000000000000000000000000000000000000000000000000000000000000000000000000000000000000000000000000000000000000000000000000000000000000000000000000000000000000000000000000000000000000000000000000000000000000000000000000000000000000000000000000000000000000000000000000000000000000000000000000000000000000000000000000000000000000000000000000000000000000000000","miner":"0x0000000000000000000000000000000000000000","mixHash":"0x0000000000000000000000000000000000000000000000000000000000000000","nonce":"0x0000000000000000","number":"0x30","parentHash":"0xaede89efdac80ce5f55b93ee934eddc67b5c8a4282b18a86ca635d69234301f3","receiptsRoot":"0x4b7fefa97a453e0ee0cea1d51ca4ab3729f3a2a6a8388a5a3b13765eec3720b7","sha3Uncles":"0x1dcc4de8dec75d7aab85b567b6ccd41ad312451b948a7413f0a142fd40d49347","size":"0x3b8","stateRoot":"0xbce840ac9806ecb3d791bf55bfcfa9460ff3275996aff265fc75e2a2f3efdb26","timestamp":"0x1e0","baseFeePerGas":"0x199876","transactions":["0x8e96b39ab5e268215283ab40d65139edc6f281f4d79444b6b0a87861c5f8a1d5","0x7045e365111563c3f68594c54d9c4d7e3445f0cfc9671f68e8a0122f849f3f18","0xbe7d79a54b361c1515802fdf8e3843694b3a93350a9097b84c5582686c77163c"],"transactionsRoot":"0x3d96f46f0efae36059fcba93396d90ed19260e009e9dac0057a1d87e66dc17d0","uncles":[],"withdrawals":[],"withdrawalsRoot":"0x56e81f171bcc55a6ff8345e692c0f86e5b48e01b996cadc001622fb5e363b421","blobGasUsed":"0x0","excessBlobGas":"0x0","parentBeaconBlockRoot":"0x5b5b49487967b3b60bd859ba2fb13290c6eaf67e97e9f9f9dda935c08564b5f6","requestsHash":"0xe3b0c44298fc1c149afbf4c8996fb92427ae41e4649b934ca495991b7852b855"},"id":1}
response differs from expected (-- client, ++ test):
{
  "id": 1,
  "jsonrpc": "2.0",
  "result": {
    -- "baseFeePerGas": "0x199876",
    -- "blobGasUsed": "0x0",
    ++ "capture_only": true,
    -- "difficulty": "0x0",
    -- "excessBlobGas": "0x0",
    -- "extraData": "0x",
    -- "gasLimit": "0x5f5e100",
    -- "gasUsed": "0xf618",
    -- "hash": "0xf0b1510b2a9c8d4c4bd1ff2c578ddbffc04741aa06b3cc8680a343741ef15e84",
    -- "logsBloom": "0x00000000000000000000000000000000000000000000000000000000000000000000000000000000000000000000000000000000000000000000000000000000000000000000000000000000000000000000000000000000000000000000000000000000000000000000000000000000000000000000000000000000000000000000000000000000000000000000000000000000000000000000000000000000000000000000000000000000000000000000000000000000000000000000000000000000000000000000000000000000000000000000000000000000000000000000000000000000000000000000000000000000000000000000000000000000",
    -- "miner": "0x0000000000000000000000000000000000000000",
    -- "mixHash": "0x0000000000000000000000000000000000000000000000000000000000000000",
    -- "nonce": "0x0000000000000000",
    -- "number": "0x30",
    -- "parentBeaconBlockRoot": "0x5b5b49487967b3b60bd859ba2fb13290c6eaf67e97e9f9f9dda935c08564b5f6",
    -- "parentHash": "0xaede89efdac80ce5f55b93ee934eddc67b5c8a4282b18a86ca635d69234301f3",
    -- "receiptsRoot": "0x4b7fefa97a453e0ee0cea1d51ca4ab3729f3a2a6a8388a5a3b13765eec3720b7",
    -- "requestsHash": "0xe3b0c44298fc1c149afbf4c8996fb92427ae41e4649b934ca495991b7852b855",
    -- "sha3Uncles": "0x1dcc4de8dec75d7aab85b567b6ccd41ad312451b948a7413f0a142fd40d49347",
    -- "size": "0x3b8",
    -- "stateRoot": "0xbce840ac9806ecb3d791bf55bfcfa9460ff3275996aff265fc75e2a2f3efdb26",
    -- "timestamp": "0x1e0",
    -- "transactions": [
      -- "0x8e96b39ab5e268215283ab40d65139edc6f281f4d79444b6b0a87861c5f8a1d5",
      -- "0x7045e365111563c3f68594c54d9c4d7e3445f0cfc9671f68e8a0122f849f3f18",
      -- "0xbe7d79a54b361c1515802fdf8e3843694b3a93350a9097b84c5582686c77163c"
    -- ],
    -- "transactionsRoot": "0x3d96f46f0efae36059fcba93396d90ed19260e009e9dac0057a1d87e66dc17d0",
    -- "uncles": [],
    -- "withdrawals": [],
    -- "withdrawalsRoot": "0x56e81f171bcc55a6ff8345e692c0f86e5b48e01b996cadc001622fb5e363b421"
  }
}
>>  {"jsonrpc": "2.0", "id": 1, "method": "eth_blockNumber", "params": []}
<<  {"jsonrpc":"2.0","result":"0x30","id":1}
response differs from expected (-- client, ++ test):
{
  "id": 1,
  "jsonrpc": "2.0",
  "result": -- "0x30" ++ {}
}
>>  {"jsonrpc": "2.0", "id": 1, "method": "eth_getTransactionReceipt", "params": ["0xe4a4bd6a4fad4df86c1222128b9d79a1dd0686cf4a0e1d506731482b7266d483"]}
<<  {"jsonrpc":"2.0","result":{"transactionHash":"0xe4a4bd6a4fad4df86c1222128b9d79a1dd0686cf4a0e1d506731482b7266d483","transactionIndex":"0x0","blockHash":"0x6cb3089f8b5ff993ed24ed9ccbfa8bae322848d722842e6453576f30029b1434","blockNumber":"0x2a","cumulativeGasUsed":"0x5208","gasUsed":"0x5208","effectiveGasPrice":"0x38e4f7","from":"0x7435ed30a8b4aeb0877cef0c6e8cffe834eb865f","to":"0x1f5bde34b4afc686f136c7a3cb6ec376f7357759","contractAddress":null,"logs":[],"logsBloom":"0x00000000000000000000000000000000000000000000000000000000000000000000000000000000000000000000000000000000000000000000000000000000000000000000000000000000000000000000000000000000000000000000000000000000000000000000000000000000000000000000000000000000000000000000000000000000000000000000000000000000000000000000000000000000000000000000000000000000000000000000000000000000000000000000000000000000000000000000000000000000000000000000000000000000000000000000000000000000000000000000000000000000000000000000000000000000","status":"0x1","type":"0x0"},"id":1}
response differs from expected (-- client, ++ test):
{
  "id": 1,
  "jsonrpc": "2.0",
  "result": {
    -- "blockHash": "0x6cb3089f8b5ff993ed24ed9ccbfa8bae322848d722842e6453576f30029b1434",
    -- "blockNumber": "0x2a",
    ++ "capture_only": true,
    -- "contractAddress": null,
    -- "cumulativeGasUsed": "0x5208",
    -- "effectiveGasPrice": "0x38e4f7",
    -- "from": "0x7435ed30a8b4aeb0877cef0c6e8cffe834eb865f",
    -- "gasUsed": "0x5208",
    -- "logs": [],
    -- "logsBloom": "0x00000000000000000000000000000000000000000000000000000000000000000000000000000000000000000000000000000000000000000000000000000000000000000000000000000000000000000000000000000000000000000000000000000000000000000000000000000000000000000000000000000000000000000000000000000000000000000000000000000000000000000000000000000000000000000000000000000000000000000000000000000000000000000000000000000000000000000000000000000000000000000000000000000000000000000000000000000000000000000000000000000000000000000000000000000000",
    -- "status": "0x1",
    -- "to": "0x1f5bde34b4afc686f136c7a3cb6ec376f7357759",
    -- "transactionHash": "0xe4a4bd6a4fad4df86c1222128b9d79a1dd0686cf4a0e1d506731482b7266d483",
    -- "transactionIndex": "0x0",
    -- "type": "0x0"
  }
}
sending engine_forkchoiceUpdatedV3: [map[finalizedBlockHash:0x9901db3a31e7004c45911fca4480b7dce86a4baeab819eb4959d7316f687d54c headBlockHash:0xf0b1510b2a9c8d4c4bd1ff2c578ddbffc04741aa06b3cc8680a343741ef15e84 safeBlockHash:0x9901db3a31e7004c45911fca4480b7dce86a4baeab819eb4959d7316f687d54c] <nil>]
response: map[payloadId:<nil> payloadStatus:map[latestValidHash:0xf0b1510b2a9c8d4c4bd1ff2c578ddbffc04741aa06b3cc8680a343741ef15e84 status:VALID validationError:<nil>]]
>>  {"jsonrpc": "2.0", "id": 1, "method": "eth_getBlockByNumber", "params": ["0x30", false]}
<<  {"jsonrpc":"2.0","result":{"difficulty":"0x0","extraData":"0x","gasLimit":"0x5f5e100","gasUsed":"0xf618","hash":"0xf0b1510b2a9c8d4c4bd1ff2c578ddbffc04741aa06b3cc8680a343741ef15e84","logsBloom":"0x00000000000000000000000000000000000000000000000000000000000000000000000000000000000000000000000000000000000000000000000000000000000000000000000000000000000000000000000000000000000000000000000000000000000000000000000000000000000000000000000000000000000000000000000000000000000000000000000000000000000000000000000000000000000000000000000000000000000000000000000000000000000000000000000000000000000000000000000000000000000000000000000000000000000000000000000000000000000000000000000000000000000000000000000000000000","miner":"0x0000000000000000000000000000000000000000","mixHash":"0x0000000000000000000000000000000000000000000000000000000000000000","nonce":"0x0000000000000000","number":"0x30","parentHash":"0xaede89efdac80ce5f55b93ee934eddc67b5c8a4282b18a86ca635d69234301f3","receiptsRoot":"0x4b7fefa97a453e0ee0cea1d51ca4ab3729f3a2a6a8388a5a3b13765eec3720b7","sha3Uncles":"0x1dcc4de8dec75d7aab85b567b6ccd41ad312451b948a7413f0a142fd40d49347","size":"0x3b8","stateRoot":"0xbce840ac9806ecb3d791bf55bfcfa9460ff3275996aff265fc75e2a2f3efdb26","timestamp":"0x1e0","baseFeePerGas":"0x199876","transactions":["0x8e96b39ab5e268215283ab40d65139edc6f281f4d79444b6b0a87861c5f8a1d5","0x7045e365111563c3f68594c54d9c4d7e3445f0cfc9671f68e8a0122f849f3f18","0xbe7d79a54b361c1515802fdf8e3843694b3a93350a9097b84c5582686c77163c"],"transactionsRoot":"0x3d96f46f0efae36059fcba93396d90ed19260e009e9dac0057a1d87e66dc17d0","uncles":[],"withdrawals":[],"withdrawalsRoot":"0x56e81f171bcc55a6ff8345e692c0f86e5b48e01b996cadc001622fb5e363b421","blobGasUsed":"0x0","excessBlobGas":"0x0","parentBeaconBlockRoot":"0x5b5b49487967b3b60bd859ba2fb13290c6eaf67e97e9f9f9dda935c08564b5f6","requestsHash":"0xe3b0c44298fc1c149afbf4c8996fb92427ae41e4649b934ca495991b7852b855"},"id":1}
response differs from expected (-- client, ++ test):
{
  "id": 1,
  "jsonrpc": "2.0",
  "result": {
    -- "baseFeePerGas": "0x199876",
    -- "blobGasUsed": "0x0",
    ++ "capture_only": true,
    -- "difficulty": "0x0",
    -- "excessBlobGas": "0x0",
    -- "extraData": "0x",
    -- "gasLimit": "0x5f5e100",
    -- "gasUsed": "0xf618",
    -- "hash": "0xf0b1510b2a9c8d4c4bd1ff2c578ddbffc04741aa06b3cc8680a343741ef15e84",
    -- "logsBloom": "0x00000000000000000000000000000000000000000000000000000000000000000000000000000000000000000000000000000000000000000000000000000000000000000000000000000000000000000000000000000000000000000000000000000000000000000000000000000000000000000000000000000000000000000000000000000000000000000000000000000000000000000000000000000000000000000000000000000000000000000000000000000000000000000000000000000000000000000000000000000000000000000000000000000000000000000000000000000000000000000000000000000000000000000000000000000000",
    -- "miner": "0x0000000000000000000000000000000000000000",
    -- "mixHash": "0x0000000000000000000000000000000000000000000000000000000000000000",
    -- "nonce": "0x0000000000000000",
    -- "number": "0x30",
    -- "parentBeaconBlockRoot": "0x5b5b49487967b3b60bd859ba2fb13290c6eaf67e97e9f9f9dda935c08564b5f6",
    -- "parentHash": "0xaede89efdac80ce5f55b93ee934eddc67b5c8a4282b18a86ca635d69234301f3",
    -- "receiptsRoot": "0x4b7fefa97a453e0ee0cea1d51ca4ab3729f3a2a6a8388a5a3b13765eec3720b7",
    -- "requestsHash": "0xe3b0c44298fc1c149afbf4c8996fb92427ae41e4649b934ca495991b7852b855",
    -- "sha3Uncles": "0x1dcc4de8dec75d7aab85b567b6ccd41ad312451b948a7413f0a142fd40d49347",
    -- "size": "0x3b8",
    -- "stateRoot": "0xbce840ac9806ecb3d791bf55bfcfa9460ff3275996aff265fc75e2a2f3efdb26",
    -- "timestamp": "0x1e0",
    -- "transactions": [
      -- "0x8e96b39ab5e268215283ab40d65139edc6f281f4d79444b6b0a87861c5f8a1d5",
      -- "0x7045e365111563c3f68594c54d9c4d7e3445f0cfc9671f68e8a0122f849f3f18",
      -- "0xbe7d79a54b361c1515802fdf8e3843694b3a93350a9097b84c5582686c77163c"
    -- ],
    -- "transactionsRoot": "0x3d96f46f0efae36059fcba93396d90ed19260e009e9dac0057a1d87e66dc17d0",
    -- "uncles": [],
    -- "withdrawals": [],
    -- "withdrawalsRoot": "0x56e81f171bcc55a6ff8345e692c0f86e5b48e01b996cadc001622fb5e363b421"
  }
}
>>  {"jsonrpc": "2.0", "id": 1, "method": "eth_getBlockByNumber", "params": ["latest", false]}
<<  {"jsonrpc":"2.0","result":{"difficulty":"0x0","extraData":"0x","gasLimit":"0x5f5e100","gasUsed":"0xf618","hash":"0xf0b1510b2a9c8d4c4bd1ff2c578ddbffc04741aa06b3cc8680a343741ef15e84","logsBloom":"0x00000000000000000000000000000000000000000000000000000000000000000000000000000000000000000000000000000000000000000000000000000000000000000000000000000000000000000000000000000000000000000000000000000000000000000000000000000000000000000000000000000000000000000000000000000000000000000000000000000000000000000000000000000000000000000000000000000000000000000000000000000000000000000000000000000000000000000000000000000000000000000000000000000000000000000000000000000000000000000000000000000000000000000000000000000000","miner":"0x0000000000000000000000000000000000000000","mixHash":"0x0000000000000000000000000000000000000000000000000000000000000000","nonce":"0x0000000000000000","number":"0x30","parentHash":"0xaede89efdac80ce5f55b93ee934eddc67b5c8a4282b18a86ca635d69234301f3","receiptsRoot":"0x4b7fefa97a453e0ee0cea1d51ca4ab3729f3a2a6a8388a5a3b13765eec3720b7","sha3Uncles":"0x1dcc4de8dec75d7aab85b567b6ccd41ad312451b948a7413f0a142fd40d49347","size":"0x3b8","stateRoot":"0xbce840ac9806ecb3d791bf55bfcfa9460ff3275996aff265fc75e2a2f3efdb26","timestamp":"0x1e0","baseFeePerGas":"0x199876","transactions":["0x8e96b39ab5e268215283ab40d65139edc6f281f4d79444b6b0a87861c5f8a1d5","0x7045e365111563c3f68594c54d9c4d7e3445f0cfc9671f68e8a0122f849f3f18","0xbe7d79a54b361c1515802fdf8e3843694b3a93350a9097b84c5582686c77163c"],"transactionsRoot":"0x3d96f46f0efae36059fcba93396d90ed19260e009e9dac0057a1d87e66dc17d0","uncles":[],"withdrawals":[],"withdrawalsRoot":"0x56e81f171bcc55a6ff8345e692c0f86e5b48e01b996cadc001622fb5e363b421","blobGasUsed":"0x0","excessBlobGas":"0x0","parentBeaconBlockRoot":"0x5b5b49487967b3b60bd859ba2fb13290c6eaf67e97e9f9f9dda935c08564b5f6","requestsHash":"0xe3b0c44298fc1c149afbf4c8996fb92427ae41e4649b934ca495991b7852b855"},"id":1}
response differs from expected (-- client, ++ test):
{
  "id": 1,
  "jsonrpc": "2.0",
  "result": {
    -- "baseFeePerGas": "0x199876",
    -- "blobGasUsed": "0x0",
    ++ "capture_only": true,
    -- "difficulty": "0x0",
    -- "excessBlobGas": "0x0",
    -- "extraData": "0x",
    -- "gasLimit": "0x5f5e100",
    -- "gasUsed": "0xf618",
    -- "hash": "0xf0b1510b2a9c8d4c4bd1ff2c578ddbffc04741aa06b3cc8680a343741ef15e84",
    -- "logsBloom": "0x00000000000000000000000000000000000000000000000000000000000000000000000000000000000000000000000000000000000000000000000000000000000000000000000000000000000000000000000000000000000000000000000000000000000000000000000000000000000000000000000000000000000000000000000000000000000000000000000000000000000000000000000000000000000000000000000000000000000000000000000000000000000000000000000000000000000000000000000000000000000000000000000000000000000000000000000000000000000000000000000000000000000000000000000000000000",
    -- "miner": "0x0000000000000000000000000000000000000000",
    -- "mixHash": "0x0000000000000000000000000000000000000000000000000000000000000000",
    -- "nonce": "0x0000000000000000",
    -- "number": "0x30",
    -- "parentBeaconBlockRoot": "0x5b5b49487967b3b60bd859ba2fb13290c6eaf67e97e9f9f9dda935c08564b5f6",
    -- "parentHash": "0xaede89efdac80ce5f55b93ee934eddc67b5c8a4282b18a86ca635d69234301f3",
    -- "receiptsRoot": "0x4b7fefa97a453e0ee0cea1d51ca4ab3729f3a2a6a8388a5a3b13765eec3720b7",
    -- "requestsHash": "0xe3b0c44298fc1c149afbf4c8996fb92427ae41e4649b934ca495991b7852b855",
    -- "sha3Uncles": "0x1dcc4de8dec75d7aab85b567b6ccd41ad312451b948a7413f0a142fd40d49347",
    -- "size": "0x3b8",
    -- "stateRoot": "0xbce840ac9806ecb3d791bf55bfcfa9460ff3275996aff265fc75e2a2f3efdb26",
    -- "timestamp": "0x1e0",
    -- "transactions": [
      -- "0x8e96b39ab5e268215283ab40d65139edc6f281f4d79444b6b0a87861c5f8a1d5",
      -- "0x7045e365111563c3f68594c54d9c4d7e3445f0cfc9671f68e8a0122f849f3f18",
      -- "0xbe7d79a54b361c1515802fdf8e3843694b3a93350a9097b84c5582686c77163c"
    -- ],
    -- "transactionsRoot": "0x3d96f46f0efae36059fcba93396d90ed19260e009e9dac0057a1d87e66dc17d0",
    -- "uncles": [],
    -- "withdrawals": [],
    -- "withdrawalsRoot": "0x56e81f171bcc55a6ff8345e692c0f86e5b48e01b996cadc001622fb5e363b421"
  }
}
>>  {"jsonrpc": "2.0", "id": 1, "method": "web3_clientVersion", "params": []}
<<  {"jsonrpc":"2.0","result":"Nethermind/v2.0.0+bec830cd-f/linux-x64/dotnet10.0.11","id":1}
response differs from expected (-- client, ++ test):
{
  "id": 1,
  "jsonrpc": "2.0",
  "result": -- "Nethermind/v2.0.0+bec830cd-f/linux-x64/dotnet10.0.11" ++ {}
}
>>  {"jsonrpc": "2.0", "id": 1, "method": "trace_block", "params": ["0x2d"]}
<<  {"jsonrpc":"2.0","result":[{"action":{"callType":"call","from":"0x7435ed30a8b4aeb0877cef0c6e8cffe834eb865f","gas":"0x0","input":"0x","to":"0x16c57edf7fa9d9525378b0b81bf8a3ced0620c1c","value":"0x1"},"blockHash":"0xe6d9078b4964bc1b329fb12242254e21cf88ffa9a88058e515d6e79f7d8fce0d","blockNumber":45,"result":{"gasUsed":"0x0","output":"0x"},"subtraces":0,"traceAddress":[],"transactionHash":"0x8d872ca87b7f1343eab260d3f69260e8efde5dcf5532a23c18e1c25cadaa2df7","transactionPosition":0,"type":"call"},{"action":{"callType":"call","from":"0x7435ed30a8b4aeb0877cef0c6e8cffe834eb865f","gas":"0x0","input":"0x","to":"0x14e46043e63d0e3cdcf2530519f4cfaf35058cb2","value":"0x1"},"blockHash":"0xe6d9078b4964bc1b329fb12242254e21cf88ffa9a88058e515d6e79f7d8fce0d","blockNumber":45,"result":{"gasUsed":"0x0","output":"0x"},"subtraces":0,"traceAddress":[],"transactionHash":"0x07782b90d866d9c854fc70a3609e69f378a7d392a61f7cd712136d79e3f98a6f","transactionPosition":1,"type":"call"},{"action":{"author":"0x0000000000000000000000000000000000000000","rewardType":"block","value":"0x0"},"blockHash":"0xe6d9078b4964bc1b329fb12242254e21cf88ffa9a88058e515d6e79f7d8fce0d","blockNumber":45,"subtraces":0,"traceAddress":[],"type":"reward"}],"id":1}
response differs from expected (-- client, ++ test):
{
  "id": 1,
  "jsonrpc": "2.0",
  "result": -- [] ++ {}
}
>>  {"jsonrpc": "2.0", "id": 1, "method": "trace_filter", "params": [{"fromBlock": "0x28", "toBlock": "0x30"}]}
<<  {"jsonrpc":"2.0","result":[{"action":{"callType":"call","from":"0x7435ed30a8b4aeb0877cef0c6e8cffe834eb865f","gas":"0x11ba0","input":"0x036464a71961a53a656d6974","to":"0x7dcd17433742f4c0ca53122ab541d0ba67fc27df","value":"0x2"},"blockHash":"0xfc2b688f6d286950eff2cf6f1b10a6bf63e92a20fcdf8db7377ef647b154eb52","blockNumber":40,"result":{"gasUsed":"0x5f9c","output":"0x"},"subtraces":0,"traceAddress":[],"transactionHash":"0x0efc1e4671e41e768fa107ecf72ab35e03d5a8b7e3f5bbe29cb28dc1eea265a2","transactionPosition":0,"type":"call"},{"action":{"callType":"call","from":"0x7435ed30a8b4aeb0877cef0c6e8cffe834eb865f","gas":"0x11ba0","input":"0x9ec58f808778768f656d6974","to":"0x7dcd17433742f4c0ca53122ab541d0ba67fc27df","value":"0x2"},"blockHash":"0xfc2b688f6d286950eff2cf6f1b10a6bf63e92a20fcdf8db7377ef647b154eb52","blockNumber":40,"result":{"gasUsed":"0x5f9c","output":"0x"},"subtraces":0,"traceAddress":[],"transactionHash":"0x1942a6223310f991ab036dccb28259dd634e39e08152d383afc422481e5ab2c2","transactionPosition":1,"type":"call"},{"action":{"callType":"call","from":"0x7435ed30a8b4aeb0877cef0c6e8cffe834eb865f","gas":"0x11ba0","input":"0xcd417355d4039279656d6974","to":"0x7dcd17433742f4c0ca53122ab541d0ba67fc27df","value":"0x3"},"blockHash":"0xfc2b688f6d286950eff2cf6f1b10a6bf63e92a20fcdf8db7377ef647b154eb52","blockNumber":40,"result":{"gasUsed":"0x5f9c","output":"0x"},"subtraces":0,"traceAddress":[],"transactionHash":"0xbc3230ca851b7baad39753405e55d96f2124d1e5e8ab9cd76c638bba601423ac","transactionPosition":2,"type":"call"},{"action":{"author":"0x0000000000000000000000000000000000000000","rewardType":"block","value":"0x0"},"blockHash":"0xfc2b688f6d286950eff2cf6f1b10a6bf63e92a20fcdf8db7377ef647b154eb52","blockNumber":40,"subtraces":0,"traceAddress":[],"type":"reward"},{"action":{"callType":"call","from":"0x7435ed30a8b4aeb0877cef0c6e8cffe834eb865f","gas":"0x133d8","input":"0x3186f4d423ee1407656d6974","to":"0x7dcd17433742f4c0ca53122ab541d0ba67fc27df","value":"0x2"},"blockHash":"0x9bc6bd9fb238298cb6a4260fc4306ab426b3e2d41607e719dde8c4ca41817da7","blockNumber":41,"result":{"gasUsed":"0x6fa0","output":"0x"},"subtraces":0,"traceAddress":[],"transactionHash":"0x6a2b2c1d5d3bae710fa3c9f79035e0b6b98d65df9cb05e425087c93ce9bf08ed","transactionPosition":0,"type":"call"},{"action":{"callType":"call","from":"0x7435ed30a8b4aeb0877cef0c6e8cffe834eb865f","gas":"0x0","input":"0x","to":"0x717f8aa2b982bee0e29f573d31df288663e1ce16","value":"0x1"},"blockHash":"0x9bc6bd9fb238298cb6a4260fc4306ab426b3e2d41607e719dde8c4ca41817da7","blockNumber":41,"result":{"gasUsed":"0x0","output":"0x"},"subtraces":0,"traceAddress":[],"transactionHash":"0x9249eb130af4bcf26d420f09df8a51f4947e387f9e325e8b223237c9602208a1","transactionPosition":1,"type":"call"},{"action":{"callType":"call","from":"0x7435ed30a8b4aeb0877cef0c6e8cffe834eb865f","gas":"0x0","input":"0x","to":"0x4a0f1452281bcec5bd90c3dce6162a5995bfe9df","value":"0x1"},"blockHash":"0x9bc6bd9fb238298cb6a4260fc4306ab426b3e2d41607e719dde8c4ca41817da7","blockNumber":41,"result":{"gasUsed":"0x0","output":"0x"},"subtraces":0,"traceAddress":[],"transactionHash":"0xbdda348fd5169ff5cc8c761147a64b34ceb2e913d7bf5e8ddf8e497ca3e3460f","transactionPosition":2,"type":"call"},{"action":{"author":"0x0000000000000000000000000000000000000000","rewardType":"block","value":"0x0"},"blockHash":"0x9bc6bd9fb238298cb6a4260fc4306ab426b3e2d41607e719dde8c4ca41817da7","blockNumber":41,"subtraces":0,"traceAddress":[],"type":"reward"},{"action":{"callType":"call","from":"0x7435ed30a8b4aeb0877cef0c6e8cffe834eb865f","gas":"0x0","input":"0x","to":"0x1f5bde34b4afc686f136c7a3cb6ec376f7357759","value":"0x1"},"blockHash":"0x6cb3089f8b5ff993ed24ed9ccbfa8bae322848d722842e6453576f30029b1434","blockNumber":42,"result":{"gasUsed":"0x0","output":"0x"},"subtraces":0,"traceAddress":[],"transactionHash":"0xe4a4bd6a4fad4df86c1222128b9d79a1dd0686cf4a0e1d506731482b7266d483","transactionPosition":0,"type":"call"},{"action":{"callType":"call","from":"0x7435ed30a8b4aeb0877cef0c6e8cffe834eb865f","gas":"0x13488","input":"0x01","to":"0x9dcd17433742f4c0ca53122ab541d0ba67fc27d3","value":"0x0"},"blockHash":"0x6cb3089f8b5ff993ed24ed9ccbfa8bae322848d722842e6453576f30029b1434","blockNumber":42,"subtraces":0,"traceAddress":[],"transactionHash":"0x7a15f2b6b479009c2d8f167dfc8490654348e85aa4968583bab1d4c3c17284bb","transactionPosition":1,"type":"call","error":"Reverted"},{"action":{"author":"0x0000000000000000000000000000000000000000","rewardType":"block","value":"0x0"},"blockHash":"0x6cb3089f8b5ff993ed24ed9ccbfa8bae322848d722842e6453576f30029b1434","blockNumber":42,"subtraces":0,"traceAddress":[],"type":"reward"},{"action":{"callType":"call","from":"0x7435ed30a8b4aeb0877cef0c6e8cffe834eb865f","gas":"0x8d5b8","input":"0x","to":"0x9dcd17433742f4c0ca53122ab541d0ba67fc27d0","value":"0x0"},"blockHash":"0x22e8e9edaefc674ba389450dc41088e521fb2d33330a72c8b7aa2bf1b2281ffe","blockNumber":43,"result":{"gasUsed":"0x1fc63","output":"0xffee"},"subtraces":7,"traceAddress":[],"transactionHash":"0x651d033b62050d4a32ffb16281c8685790d1233922a4ec2dcd5c6c1a66461226","transactionPosition":0,"type":"call"},{"action":{"callType":"call","from":"0x9dcd17433742f4c0ca53122ab541d0ba67fc27d0","gas":"0xf35c","input":"0xff01","to":"0x9dcd17433742f4c0ca53122ab541d0ba67fc27d1","value":"0x1"},"blockHash":"0x22e8e9edaefc674ba389450dc41088e521fb2d33330a72c8b7aa2bf1b2281ffe","blockNumber":43,"result":{"gasUsed":"0x48","output":"0xffee"},"subtraces":0,"traceAddress":[0],"transactionHash":"0x651d033b62050d4a32ffb16281c8685790d1233922a4ec2dcd5c6c1a66461226","transactionPosition":0,"type":"call"},{"action":{"callType":"call","from":"0x9dcd17433742f4c0ca53122ab541d0ba67fc27d0","gas":"0xea60","input":"0x0000000000000000000000000000000000000000000000000000000000000001","to":"0x9dcd17433742f4c0ca53122ab541d0ba67fc27d3","value":"0x0"},"blockHash":"0x22e8e9edaefc674ba389450dc41088e521fb2d33330a72c8b7aa2bf1b2281ffe","blockNumber":43,"subtraces":0,"traceAddress":[1],"transactionHash":"0x651d033b62050d4a32ffb16281c8685790d1233922a4ec2dcd5c6c1a66461226","transactionPosition":0,"type":"call","error":"Reverted"},{"action":{"callType":"staticcall","from":"0x9dcd17433742f4c0ca53122ab541d0ba67fc27d0","gas":"0xea60","input":"0x","to":"0x9dcd17433742f4c0ca53122ab541d0ba67fc27d2","value":"0x0"},"blockHash":"0x22e8e9edaefc674ba389450dc41088e521fb2d33330a72c8b7aa2bf1b2281ffe","blockNumber":43,"result":{"gasUsed":"0x7d","output":"0x000000000000000000000000000000000000000000000000000000000000002b000000000000000000000000000000000000000000000000000c72dd9d5e883e0000000000000000000000000000000000000000000000000000000000000000000000000000000000000000000000000000000000000000000000000031c9f400000000000000000000000000000000000000000000000000000000000000000000000000000000000000007435ed30a8b4aeb0877cef0c6e8cffe834eb865f0000000000000000000000000000000000000000000000000000000000000000"},"subtraces":0,"traceAddress":[2],"transactionHash":"0x651d033b62050d4a32ffb16281c8685790d1233922a4ec2dcd5c6c1a66461226","transactionPosition":0,"type":"call"},{"action":{"callType":"staticcall","from":"0x9dcd17433742f4c0ca53122ab541d0ba67fc27d0","gas":"0xea60","input":"0x","to":"0x7dcd17433742f4c0ca53122ab541d0ba67fc27df","value":"0x0"},"blockHash":"0x22e8e9edaefc674ba389450dc41088e521fb2d33330a72c8b7aa2bf1b2281ffe","blockNumber":43,"subtraces":0,"traceAddress":[3],"transactionHash":"0x651d033b62050d4a32ffb16281c8685790d1233922a4ec2dcd5c6c1a66461226","transactionPosition":0,"type":"call","error":"Static call violation"},{"action":{"callType":"delegatecall","from":"0x9dcd17433742f4c0ca53122ab541d0ba67fc27d0","gas":"0xea60","input":"0x00000000","to":"0x7dcd17433742f4c0ca53122ab541d0ba67fc27df","value":"0x0"},"blockHash":"0x22e8e9edaefc674ba389450dc41088e521fb2d33330a72c8b7aa2bf1b2281ffe","blockNumber":43,"result":{"gasUsed":"0x2cd4","output":"0x"},"subtraces":0,"traceAddress":[4],"transactionHash":"0x651d033b62050d4a32ffb16281c8685790d1233922a4ec2dcd5c6c1a66461226","transactionPosition":0,"type":"call"},{"action":{"callType":"callcode","from":"0x9dcd17433742f4c0ca53122ab541d0ba67fc27d0","gas":"0xea60","input":"0xff01","to":"0x9dcd17433742f4c0ca53122ab541d0ba67fc27d1","value":"0x0"},"blockHash":"0x22e8e9edaefc674ba389450dc41088e521fb2d33330a72c8b7aa2bf1b2281ffe","blockNumber":43,"result":{"gasUsed":"0x48","output":"0xffee"},"subtraces":0,"traceAddress":[5],"transactionHash":"0x651d033b62050d4a32ffb16281c8685790d1233922a4ec2dcd5c6c1a66461226","transactionPosition":0,"type":"call"},{"action":{"creationMethod":"create","from":"0x9dcd17433742f4c0ca53122ab541d0ba67fc27d0","gas":"0x6d70b","init":"0x5b646368696c6460006000a133ff","value":"0x0"},"blockHash":"0x22e8e9edaefc674ba389450dc41088e521fb2d33330a72c8b7aa2bf1b2281ffe","blockNumber":43,"result":{"address":"0x05032e03adbca6d5d04236000a2bbb6b4fec87f5","code":"0x","gasUsed":"0x1682"},"subtraces":1,"traceAddress":[6],"transactionHash":"0x651d033b62050d4a32ffb16281c8685790d1233922a4ec2dcd5c6c1a66461226","transactionPosition":0,"type":"create"},{"action":{"address":"0x05032e03adbca6d5d04236000a2bbb6b4fec87f5","balance":"0x0","refundAddress":"0x9dcd17433742f4c0ca53122ab541d0ba67fc27d0"},"blockHash":"0x22e8e9edaefc674ba389450dc41088e521fb2d33330a72c8b7aa2bf1b2281ffe","blockNumber":43,"subtraces":0,"traceAddress":[6,0],"transactionHash":"0x651d033b62050d4a32ffb16281c8685790d1233922a4ec2dcd5c6c1a66461226","transactionPosition":0,"type":"suicide"},{"action":{"callType":"call","from":"0x7435ed30a8b4aeb0877cef0c6e8cffe834eb865f","gas":"0x11ba0","input":"0xebe7a54f122c1cf1656d6974","to":"0x7dcd17433742f4c0ca53122ab541d0ba67fc27df","value":"0x2"},"blockHash":"0x22e8e9edaefc674ba389450dc41088e521fb2d33330a72c8b7aa2bf1b2281ffe","blockNumber":43,"result":{"gasUsed":"0x5f9c","output":"0x"},"subtraces":0,"traceAddress":[],"transactionHash":"0xfa7de1862f93f2da0e1450d833da95e5e04ea7381a471f7388c1e9c92e551deb","transactionPosition":1,"type":"call"},{"action":{"callType":"call","from":"0x7435ed30a8b4aeb0877cef0c6e8cffe834eb865f","gas":"0x11ba0","input":"0xcef26346bf2d1331656d6974","to":"0x7dcd17433742f4c0ca53122ab541d0ba67fc27df","value":"0x2"},"blockHash":"0x22e8e9edaefc674ba389450dc41088e521fb2d33330a72c8b7aa2bf1b2281ffe","blockNumber":43,"result":{"gasUsed":"0x5f9c","output":"0x"},"subtraces":0,"traceAddress":[],"transactionHash":"0x321a8dba67e9c086a4877a6c33c1564471683da311f72005650d102ba847522c","transactionPosition":2,"type":"call"},{"action":{"author":"0x0000000000000000000000000000000000000000","rewardType":"block","value":"0x0"},"blockHash":"0x22e8e9edaefc674ba389450dc41088e521fb2d33330a72c8b7aa2bf1b2281ffe","blockNumber":43,"subtraces":0,"traceAddress":[],"type":"reward"},{"action":{"callType":"call","from":"0x7435ed30a8b4aeb0877cef0c6e8cffe834eb865f","gas":"0x11ba0","input":"0x2276cc05d723a1e7656d6974","to":"0x7dcd17433742f4c0ca53122ab541d0ba67fc27df","value":"0x3"},"blockHash":"0x8ee9c89c042749060aa7225c9568cfbeb4ae658041f42cf5cfa90ef3cbc8c250","blockNumber":44,"result":{"gasUsed":"0x5f9c","output":"0x"},"subtraces":0,"traceAddress":[],"transactionHash":"0x04fd4668ef5f466780ea8c866659e563d8659a626e5de911ea4a687cda38e4b5","transactionPosition":0,"type":"call"},{"action":{"callType":"call","from":"0x7435ed30a8b4aeb0877cef0c6e8cffe834eb865f","gas":"0x133d8","input":"0x7656ae13bace34c5656d6974","to":"0x7dcd17433742f4c0ca53122ab541d0ba67fc27df","value":"0x2"},"blockHash":"0x8ee9c89c042749060aa7225c9568cfbeb4ae658041f42cf5cfa90ef3cbc8c250","blockNumber":44,"result":{"gasUsed":"0x6fa0","output":"0x"},"subtraces":0,"traceAddress":[],"transactionHash":"0x213aa25f0673a954b12f125f001fdfdfc9c4e5ce3f8a5aeb8292f04f5feb15b4","transactionPosition":1,"type":"call"},{"action":{"callType":"call","from":"0x7435ed30a8b4aeb0877cef0c6e8cffe834eb865f","gas":"0x0","input":"0x","to":"0xd803681e487e6ac18053afc5a6cd813c86ec3e4d","value":"0x1"},"blockHash":"0x8ee9c89c042749060aa7225c9568cfbeb4ae658041f42cf5cfa90ef3cbc8c250","blockNumber":44,"result":{"gasUsed":"0x0","output":"0x"},"subtraces":0,"traceAddress":[],"transactionHash":"0x894b329288125359a28bb1e9c07bf6147ed1e1982b0e487a51a0c724d7fa7486","transactionPosition":2,"type":"call"},{"action":{"author":"0x0000000000000000000000000000000000000000","rewardType":"block","value":"0x0"},"blockHash":"0x8ee9c89c042749060aa7225c9568cfbeb4ae658041f42cf5cfa90ef3cbc8c250","blockNumber":44,"subtraces":0,"traceAddress":[],"type":"reward"},{"action":{"callType":"call","from":"0x7435ed30a8b4aeb0877cef0c6e8cffe834eb865f","gas":"0x0","input":"0x","to":"0x16c57edf7fa9d9525378b0b81bf8a3ced0620c1c","value":"0x1"},"blockHash":"0xe6d9078b4964bc1b329fb12242254e21cf88ffa9a88058e515d6e79f7d8fce0d","blockNumber":45,"result":{"gasUsed":"0x0","output":"0x"},"subtraces":0,"traceAddress":[],"transactionHash":"0x8d872ca87b7f1343eab260d3f69260e8efde5dcf5532a23c18e1c25cadaa2df7","transactionPosition":0,"type":"call"},{"action":{"callType":"call","from":"0x7435ed30a8b4aeb0877cef0c6e8cffe834eb865f","gas":"0x0","input":"0x","to":"0x14e46043e63d0e3cdcf2530519f4cfaf35058cb2","value":"0x1"},"blockHash":"0xe6d9078b4964bc1b329fb12242254e21cf88ffa9a88058e515d6e79f7d8fce0d","blockNumber":45,"result":{"gasUsed":"0x0","output":"0x"},"subtraces":0,"traceAddress":[],"transactionHash":"0x07782b90d866d9c854fc70a3609e69f378a7d392a61f7cd712136d79e3f98a6f","transactionPosition":1,"type":"call"},{"action":{"author":"0x0000000000000000000000000000000000000000","rewardType":"block","value":"0x0"},"blockHash":"0xe6d9078b4964bc1b329fb12242254e21cf88ffa9a88058e515d6e79f7d8fce0d","blockNumber":45,"subtraces":0,"traceAddress":[],"type":"reward"},{"action":{"callType":"call","from":"0x7435ed30a8b4aeb0877cef0c6e8cffe834eb865f","gas":"0x13488","input":"0x01","to":"0x9dcd17433742f4c0ca53122ab541d0ba67fc27d3","value":"0x0"},"blockHash":"0x5b3627e612c821267b54826693cfde431298fd7cdb8f8ec6ea90d952c494e7e8","blockNumber":46,"subtraces":0,"traceAddress":[],"transactionHash":"0x6992fed2b2fc6c77cb7ffc2a1351d8e5dadf08cf2736fb6d1a0ed5786f3d5206","transactionPosition":0,"type":"call","error":"Reverted"},{"action":{"callType":"call","from":"0x7435ed30a8b4aeb0877cef0c6e8cffe834eb865f","gas":"0x8d5b8","input":"0x","to":"0x9dcd17433742f4c0ca53122ab541d0ba67fc27d0","value":"0x0"},"blockHash":"0x5b3627e612c821267b54826693cfde431298fd7cdb8f8ec6ea90d952c494e7e8","blockNumber":46,"result":{"gasUsed":"0x1fc63","output":"0xffee"},"subtraces":7,"traceAddress":[],"transactionHash":"0x64b5f6ae3b44a9623caeecbb78c9cf65f9a23781c585d75642e8f52b71bc1599","transactionPosition":1,"type":"call"},{"action":{"callType":"call","from":"0x9dcd17433742f4c0ca53122ab541d0ba67fc27d0","gas":"0xf35c","input":"0xff01","to":"0x9dcd17433742f4c0ca53122ab541d0ba67fc27d1","value":"0x1"},"blockHash":"0x5b3627e612c821267b54826693cfde431298fd7cdb8f8ec6ea90d952c494e7e8","blockNumber":46,"result":{"gasUsed":"0x48","output":"0xffee"},"subtraces":0,"traceAddress":[0],"transactionHash":"0x64b5f6ae3b44a9623caeecbb78c9cf65f9a23781c585d75642e8f52b71bc1599","transactionPosition":1,"type":"call"},{"action":{"callType":"call","from":"0x9dcd17433742f4c0ca53122ab541d0ba67fc27d0","gas":"0xea60","input":"0x0000000000000000000000000000000000000000000000000000000000000001","to":"0x9dcd17433742f4c0ca53122ab541d0ba67fc27d3","value":"0x0"},"blockHash":"0x5b3627e612c821267b54826693cfde431298fd7cdb8f8ec6ea90d952c494e7e8","blockNumber":46,"subtraces":0,"traceAddress":[1],"transactionHash":"0x64b5f6ae3b44a9623caeecbb78c9cf65f9a23781c585d75642e8f52b71bc1599","transactionPosition":1,"type":"call","error":"Reverted"},{"action":{"callType":"staticcall","from":"0x9dcd17433742f4c0ca53122ab541d0ba67fc27d0","gas":"0xea60","input":"0x","to":"0x9dcd17433742f4c0ca53122ab541d0ba67fc27d2","value":"0x0"},"blockHash":"0x5b3627e612c821267b54826693cfde431298fd7cdb8f8ec6ea90d952c494e7e8","blockNumber":46,"result":{"gasUsed":"0x7d","output":"0x000000000000000000000000000000000000000000000000000000000000002e000000000000000000000000000000000000000000000000000c72dd9d5e883e0000000000000000000000000000000000000000000000000000000000000000000000000000000000000000000000000000000000000000000000000021650900000000000000000000000000000000000000000000000000000000000000000000000000000000000000007435ed30a8b4aeb0877cef0c6e8cffe834eb865f0000000000000000000000000000000000000000000000000000000000000000"},"subtraces":0,"traceAddress":[2],"transactionHash":"0x64b5f6ae3b44a9623caeecbb78c9cf65f9a23781c585d75642e8f52b71bc1599","transactionPosition":1,"type":"call"},{"action":{"callType":"staticcall","from":"0x9dcd17433742f4c0ca53122ab541d0ba67fc27d0","gas":"0xea60","input":"0x","to":"0x7dcd17433742f4c0ca53122ab541d0ba67fc27df","value":"0x0"},"blockHash":"0x5b3627e612c821267b54826693cfde431298fd7cdb8f8ec6ea90d952c494e7e8","blockNumber":46,"subtraces":0,"traceAddress":[3],"transactionHash":"0x64b5f6ae3b44a9623caeecbb78c9cf65f9a23781c585d75642e8f52b71bc1599","transactionPosition":1,"type":"call","error":"Static call violation"},{"action":{"callType":"delegatecall","from":"0x9dcd17433742f4c0ca53122ab541d0ba67fc27d0","gas":"0xea60","input":"0x00000000","to":"0x7dcd17433742f4c0ca53122ab541d0ba67fc27df","value":"0x0"},"blockHash":"0x5b3627e612c821267b54826693cfde431298fd7cdb8f8ec6ea90d952c494e7e8","blockNumber":46,"result":{"gasUsed":"0x2cd4","output":"0x"},"subtraces":0,"traceAddress":[4],"transactionHash":"0x64b5f6ae3b44a9623caeecbb78c9cf65f9a23781c585d75642e8f52b71bc1599","transactionPosition":1,"type":"call"},{"action":{"callType":"callcode","from":"0x9dcd17433742f4c0ca53122ab541d0ba67fc27d0","gas":"0xea60","input":"0xff01","to":"0x9dcd17433742f4c0ca53122ab541d0ba67fc27d1","value":"0x0"},"blockHash":"0x5b3627e612c821267b54826693cfde431298fd7cdb8f8ec6ea90d952c494e7e8","blockNumber":46,"result":{"gasUsed":"0x48","output":"0xffee"},"subtraces":0,"traceAddress":[5],"transactionHash":"0x64b5f6ae3b44a9623caeecbb78c9cf65f9a23781c585d75642e8f52b71bc1599","transactionPosition":1,"type":"call"},{"action":{"creationMethod":"create","from":"0x9dcd17433742f4c0ca53122ab541d0ba67fc27d0","gas":"0x6d70b","init":"0x5b646368696c6460006000a133ff","value":"0x0"},"blockHash":"0x5b3627e612c821267b54826693cfde431298fd7cdb8f8ec6ea90d952c494e7e8","blockNumber":46,"result":{"address":"0x9ee5c90ad0a83dd07800c64adb87c584092f8e37","code":"0x","gasUsed":"0x1682"},"subtraces":1,"traceAddress":[6],"transactionHash":"0x64b5f6ae3b44a9623caeecbb78c9cf65f9a23781c585d75642e8f52b71bc1599","transactionPosition":1,"type":"create"},{"action":{"address":"0x9ee5c90ad0a83dd07800c64adb87c584092f8e37","balance":"0x0","refundAddress":"0x9dcd17433742f4c0ca53122ab541d0ba67fc27d0"},"blockHash":"0x5b3627e612c821267b54826693cfde431298fd7cdb8f8ec6ea90d952c494e7e8","blockNumber":46,"subtraces":0,"traceAddress":[6,0],"transactionHash":"0x64b5f6ae3b44a9623caeecbb78c9cf65f9a23781c585d75642e8f52b71bc1599","transactionPosition":1,"type":"suicide"},{"action":{"callType":"call","from":"0x7435ed30a8b4aeb0877cef0c6e8cffe834eb865f","gas":"0x11ba0","input":"0x515a531d2825dec2656d6974","to":"0x7dcd17433742f4c0ca53122ab541d0ba67fc27df","value":"0x2"},"blockHash":"0x5b3627e612c821267b54826693cfde431298fd7cdb8f8ec6ea90d952c494e7e8","blockNumber":46,"result":{"gasUsed":"0x5f9c","output":"0x"},"subtraces":0,"traceAddress":[],"transactionHash":"0x2cd66c5f92f7f966a3ae2e79fa501284a5da51a3d9d233159854d17c427b1441","transactionPosition":2,"type":"call"},{"action":{"author":"0x0000000000000000000000000000000000000000","rewardType":"block","value":"0x0"},"blockHash":"0x5b3627e612c821267b54826693cfde431298fd7cdb8f8ec6ea90d952c494e7e8","blockNumber":46,"subtraces":0,"traceAddress":[],"type":"reward"},{"action":{"callType":"call","from":"0x7435ed30a8b4aeb0877cef0c6e8cffe834eb865f","gas":"0x11ba0","input":"0xea41c6626bd2d71a656d6974","to":"0x7dcd17433742f4c0ca53122ab541d0ba67fc27df","value":"0x2"},"blockHash":"0xaede89efdac80ce5f55b93ee934eddc67b5c8a4282b18a86ca635d69234301f3","blockNumber":47,"result":{"gasUsed":"0x5f9c","output":"0x"},"subtraces":0,"traceAddress":[],"transactionHash":"0xc81daa5f275b0b347590ec8558e530da183a7ff86c377221a59c96faf5bea12c","transactionPosition":0,"type":"call"},{"action":{"callType":"call","from":"0x7435ed30a8b4aeb0877cef0c6e8cffe834eb865f","gas":"0x11ba0","input":"0x65682bc386966217656d6974","to":"0x7dcd17433742f4c0ca53122ab541d0ba67fc27df","value":"0x3"},"blockHash":"0xaede89efdac80ce5f55b93ee934eddc67b5c8a4282b18a86ca635d69234301f3","blockNumber":47,"result":{"gasUsed":"0x5f9c","output":"0x"},"subtraces":0,"traceAddress":[],"transactionHash":"0x1d37878b27d1e686d15b99cb406684e3c50be2fb0cadce5daee795b48c2003bb","transactionPosition":1,"type":"call"},{"action":{"callType":"call","from":"0x7435ed30a8b4aeb0877cef0c6e8cffe834eb865f","gas":"0x133d8","input":"0x156e2b9e3a273c7b656d6974","to":"0x7dcd17433742f4c0ca53122ab541d0ba67fc27df","value":"0x2"},"blockHash":"0xaede89efdac80ce5f55b93ee934eddc67b5c8a4282b18a86ca635d69234301f3","blockNumber":47,"result":{"gasUsed":"0x6fa0","output":"0x"},"subtraces":0,"traceAddress":[],"transactionHash":"0x62f97493d38267cf7b80fd4e9a048bb77cceed36ac0ddd1072736cff48915821","transactionPosition":2,"type":"call"},{"action":{"author":"0x0000000000000000000000000000000000000000","rewardType":"block","value":"0x0"},"blockHash":"0xaede89efdac80ce5f55b93ee934eddc67b5c8a4282b18a86ca635d69234301f3","blockNumber":47,"subtraces":0,"traceAddress":[],"type":"reward"},{"action":{"callType":"call","from":"0x7435ed30a8b4aeb0877cef0c6e8cffe834eb865f","gas":"0x0","input":"0x","to":"0x83c7e323d189f18725ac510004fdc2941f8c4a78","value":"0x1"},"blockHash":"0xf0b1510b2a9c8d4c4bd1ff2c578ddbffc04741aa06b3cc8680a343741ef15e84","blockNumber":48,"result":{"gasUsed":"0x0","output":"0x"},"subtraces":0,"traceAddress":[],"transactionHash":"0x8e96b39ab5e268215283ab40d65139edc6f281f4d79444b6b0a87861c5f8a1d5","transactionPosition":0,"type":"call"},{"action":{"callType":"call","from":"0x7435ed30a8b4aeb0877cef0c6e8cffe834eb865f","gas":"0x0","input":"0x","to":"0x2d389075be5be9f2246ad654ce152cf05990b209","value":"0x1"},"blockHash":"0xf0b1510b2a9c8d4c4bd1ff2c578ddbffc04741aa06b3cc8680a343741ef15e84","blockNumber":48,"result":{"gasUsed":"0x0","output":"0x"},"subtraces":0,"traceAddress":[],"transactionHash":"0x7045e365111563c3f68594c54d9c4d7e3445f0cfc9671f68e8a0122f849f3f18","transactionPosition":1,"type":"call"},{"action":{"callType":"call","from":"0x7435ed30a8b4aeb0877cef0c6e8cffe834eb865f","gas":"0x0","input":"0x","to":"0x3ae75c08b4c907eb63a8960c45b86e1e9ab6123c","value":"0x1"},"blockHash":"0xf0b1510b2a9c8d4c4bd1ff2c578ddbffc04741aa06b3cc8680a343741ef15e84","blockNumber":48,"result":{"gasUsed":"0x0","output":"0x"},"subtraces":0,"traceAddress":[],"transactionHash":"0xbe7d79a54b361c1515802fdf8e3843694b3a93350a9097b84c5582686c77163c","transactionPosition":2,"type":"call"},{"action":{"author":"0x0000000000000000000000000000000000000000","rewardType":"block","value":"0x0"},"blockHash":"0xf0b1510b2a9c8d4c4bd1ff2c578ddbffc04741aa06b3cc8680a343741ef15e84","blockNumber":48,"subtraces":0,"traceAddress":[],"type":"reward"}],"id":1}
response differs from expected (-- client, ++ test):
{
  "id": 1,
  "jsonrpc": "2.0",
  "result": -- [] ++ {}
}
>>  {"jsonrpc": "2.0", "id": 1, "method": "eth_getBlockByNumber", "params": ["0x30", false]}
<<  {"jsonrpc":"2.0","result":{"difficulty":"0x0","extraData":"0x","gasLimit":"0x5f5e100","gasUsed":"0xf618","hash":"0xf0b1510b2a9c8d4c4bd1ff2c578ddbffc04741aa06b3cc8680a343741ef15e84","logsBloom":"0x00000000000000000000000000000000000000000000000000000000000000000000000000000000000000000000000000000000000000000000000000000000000000000000000000000000000000000000000000000000000000000000000000000000000000000000000000000000000000000000000000000000000000000000000000000000000000000000000000000000000000000000000000000000000000000000000000000000000000000000000000000000000000000000000000000000000000000000000000000000000000000000000000000000000000000000000000000000000000000000000000000000000000000000000000000000","miner":"0x0000000000000000000000000000000000000000","mixHash":"0x0000000000000000000000000000000000000000000000000000000000000000","nonce":"0x0000000000000000","number":"0x30","parentHash":"0xaede89efdac80ce5f55b93ee934eddc67b5c8a4282b18a86ca635d69234301f3","receiptsRoot":"0x4b7fefa97a453e0ee0cea1d51ca4ab3729f3a2a6a8388a5a3b13765eec3720b7","sha3Uncles":"0x1dcc4de8dec75d7aab85b567b6ccd41ad312451b948a7413f0a142fd40d49347","size":"0x3b8","stateRoot":"0xbce840ac9806ecb3d791bf55bfcfa9460ff3275996aff265fc75e2a2f3efdb26","timestamp":"0x1e0","baseFeePerGas":"0x199876","transactions":["0x8e96b39ab5e268215283ab40d65139edc6f281f4d79444b6b0a87861c5f8a1d5","0x7045e365111563c3f68594c54d9c4d7e3445f0cfc9671f68e8a0122f849f3f18","0xbe7d79a54b361c1515802fdf8e3843694b3a93350a9097b84c5582686c77163c"],"transactionsRoot":"0x3d96f46f0efae36059fcba93396d90ed19260e009e9dac0057a1d87e66dc17d0","uncles":[],"withdrawals":[],"withdrawalsRoot":"0x56e81f171bcc55a6ff8345e692c0f86e5b48e01b996cadc001622fb5e363b421","blobGasUsed":"0x0","excessBlobGas":"0x0","parentBeaconBlockRoot":"0x5b5b49487967b3b60bd859ba2fb13290c6eaf67e97e9f9f9dda935c08564b5f6","requestsHash":"0xe3b0c44298fc1c149afbf4c8996fb92427ae41e4649b934ca495991b7852b855"},"id":1}
response differs from expected (-- client, ++ test):
{
  "id": 1,
  "jsonrpc": "2.0",
  "result": {
    -- "baseFeePerGas": "0x199876",
    -- "blobGasUsed": "0x0",
    ++ "capture_only": true,
    -- "difficulty": "0x0",
    -- "excessBlobGas": "0x0",
    -- "extraData": "0x",
    -- "gasLimit": "0x5f5e100",
    -- "gasUsed": "0xf618",
    -- "hash": "0xf0b1510b2a9c8d4c4bd1ff2c578ddbffc04741aa06b3cc8680a343741ef15e84",
    -- "logsBloom": "0x00000000000000000000000000000000000000000000000000000000000000000000000000000000000000000000000000000000000000000000000000000000000000000000000000000000000000000000000000000000000000000000000000000000000000000000000000000000000000000000000000000000000000000000000000000000000000000000000000000000000000000000000000000000000000000000000000000000000000000000000000000000000000000000000000000000000000000000000000000000000000000000000000000000000000000000000000000000000000000000000000000000000000000000000000000000",
    -- "miner": "0x0000000000000000000000000000000000000000",
    -- "mixHash": "0x0000000000000000000000000000000000000000000000000000000000000000",
    -- "nonce": "0x0000000000000000",
    -- "number": "0x30",
    -- "parentBeaconBlockRoot": "0x5b5b49487967b3b60bd859ba2fb13290c6eaf67e97e9f9f9dda935c08564b5f6",
    -- "parentHash": "0xaede89efdac80ce5f55b93ee934eddc67b5c8a4282b18a86ca635d69234301f3",
    -- "receiptsRoot": "0x4b7fefa97a453e0ee0cea1d51ca4ab3729f3a2a6a8388a5a3b13765eec3720b7",
    -- "requestsHash": "0xe3b0c44298fc1c149afbf4c8996fb92427ae41e4649b934ca495991b7852b855",
    -- "sha3Uncles": "0x1dcc4de8dec75d7aab85b567b6ccd41ad312451b948a7413f0a142fd40d49347",
    -- "size": "0x3b8",
    -- "stateRoot": "0xbce840ac9806ecb3d791bf55bfcfa9460ff3275996aff265fc75e2a2f3efdb26",
    -- "timestamp": "0x1e0",
    -- "transactions": [
      -- "0x8e96b39ab5e268215283ab40d65139edc6f281f4d79444b6b0a87861c5f8a1d5",
      -- "0x7045e365111563c3f68594c54d9c4d7e3445f0cfc9671f68e8a0122f849f3f18",
      -- "0xbe7d79a54b361c1515802fdf8e3843694b3a93350a9097b84c5582686c77163c"
    -- ],
    -- "transactionsRoot": "0x3d96f46f0efae36059fcba93396d90ed19260e009e9dac0057a1d87e66dc17d0",
    -- "uncles": [],
    -- "withdrawals": [],
    -- "withdrawalsRoot": "0x56e81f171bcc55a6ff8345e692c0f86e5b48e01b996cadc001622fb5e363b421"
  }
}
>>  {"jsonrpc": "2.0", "id": 1, "method": "eth_blockNumber", "params": []}
<<  {"jsonrpc":"2.0","result":"0x30","id":1}
response differs from expected (-- client, ++ test):
{
  "id": 1,
  "jsonrpc": "2.0",
  "result": -- "0x30" ++ {}
}
>>  {"jsonrpc": "2.0", "id": 1, "method": "eth_getTransactionReceipt", "params": ["0xe4a4bd6a4fad4df86c1222128b9d79a1dd0686cf4a0e1d506731482b7266d483"]}
<<  {"jsonrpc":"2.0","result":{"transactionHash":"0xe4a4bd6a4fad4df86c1222128b9d79a1dd0686cf4a0e1d506731482b7266d483","transactionIndex":"0x0","blockHash":"0x6cb3089f8b5ff993ed24ed9ccbfa8bae322848d722842e6453576f30029b1434","blockNumber":"0x2a","cumulativeGasUsed":"0x5208","gasUsed":"0x5208","effectiveGasPrice":"0x38e4f7","from":"0x7435ed30a8b4aeb0877cef0c6e8cffe834eb865f","to":"0x1f5bde34b4afc686f136c7a3cb6ec376f7357759","contractAddress":null,"logs":[],"logsBloom":"0x00000000000000000000000000000000000000000000000000000000000000000000000000000000000000000000000000000000000000000000000000000000000000000000000000000000000000000000000000000000000000000000000000000000000000000000000000000000000000000000000000000000000000000000000000000000000000000000000000000000000000000000000000000000000000000000000000000000000000000000000000000000000000000000000000000000000000000000000000000000000000000000000000000000000000000000000000000000000000000000000000000000000000000000000000000000","status":"0x1","type":"0x0"},"id":1}
response differs from expected (-- client, ++ test):
{
  "id": 1,
  "jsonrpc": "2.0",
  "result": {
    -- "blockHash": "0x6cb3089f8b5ff993ed24ed9ccbfa8bae322848d722842e6453576f30029b1434",
    -- "blockNumber": "0x2a",
    ++ "capture_only": true,
    -- "contractAddress": null,
    -- "cumulativeGasUsed": "0x5208",
    -- "effectiveGasPrice": "0x38e4f7",
    -- "from": "0x7435ed30a8b4aeb0877cef0c6e8cffe834eb865f",
    -- "gasUsed": "0x5208",
    -- "logs": [],
    -- "logsBloom": "0x00000000000000000000000000000000000000000000000000000000000000000000000000000000000000000000000000000000000000000000000000000000000000000000000000000000000000000000000000000000000000000000000000000000000000000000000000000000000000000000000000000000000000000000000000000000000000000000000000000000000000000000000000000000000000000000000000000000000000000000000000000000000000000000000000000000000000000000000000000000000000000000000000000000000000000000000000000000000000000000000000000000000000000000000000000000",
    -- "status": "0x1",
    -- "to": "0x1f5bde34b4afc686f136c7a3cb6ec376f7357759",
    -- "transactionHash": "0xe4a4bd6a4fad4df86c1222128b9d79a1dd0686cf4a0e1d506731482b7266d483",
    -- "transactionIndex": "0x0",
    -- "type": "0x0"
  }
}
interop Engine engine_newPayloadV4: reply=map[latestValidHash:0x23a229f69acd6ffb1d98dbae859e4fde6bcb6db51786ec54d07085d74bf473d4 status:VALID validationError:<nil>] error=<nil>
interop Engine engine_newPayloadV4: reply=map[latestValidHash:0xb643aaad7876814b2319a5ac15e3efd4c5a928f711683d4d3abee5b525fc349d status:VALID validationError:<nil>] error=<nil>
interop Engine engine_newPayloadV4: reply=map[latestValidHash:0x59c52ea8dd1dfdb037aec4a2f28907fb1cf4ca5401b48590182eaa5415e8e6f3 status:VALID validationError:<nil>] error=<nil>
interop Engine engine_newPayloadV4: reply=map[latestValidHash:0x3ae39139cb5ef4492f48c7ed41f861621a0f7af2c15ee458b09914e7fc97dfe9 status:VALID validationError:<nil>] error=<nil>
interop Engine engine_newPayloadV4: reply=map[latestValidHash:0x008d1333b89a6507babffba8a8605f2426aa21a829ad0c20131d40dc72300628 status:VALID validationError:<nil>] error=<nil>
interop Engine engine_newPayloadV4: reply=map[latestValidHash:0xb75975dcf8dc29c9d8f63272511a20eb5c16c8466634e83f6b840d3baaa54110 status:VALID validationError:<nil>] error=<nil>
interop Engine engine_newPayloadV4: reply=map[latestValidHash:0xced04ae80b11fac8e3619bba83e9f8a3490159e045f1ac504955e69a783dbbcd status:VALID validationError:<nil>] error=<nil>
interop Engine engine_newPayloadV4: reply=map[latestValidHash:0xa3b4b86837197906688c55979962fcf57fc43f7d1796cdacce350f2a4590ef8e status:VALID validationError:<nil>] error=<nil>
interop Engine engine_newPayloadV4: reply=map[latestValidHash:0x89760635a073492746414d5e8ea50ceaaaf035f603e37543a36328af11d6de32 status:VALID validationError:<nil>] error=<nil>
interop forkchoice accepted: [map[finalizedBlockHash:0x9901db3a31e7004c45911fca4480b7dce86a4baeab819eb4959d7316f687d54c headBlockHash:0x89760635a073492746414d5e8ea50ceaaaf035f603e37543a36328af11d6de32 safeBlockHash:0x9901db3a31e7004c45911fca4480b7dce86a4baeab819eb4959d7316f687d54c] <nil>]
>>  {"jsonrpc": "2.0", "id": 1, "method": "trace_block", "params": ["0x2d"]}
<<  {"jsonrpc":"2.0","result":[{"action":{"author":"0x0000000000000000000000000000000000000000","rewardType":"block","value":"0x0"},"blockHash":"0xb75975dcf8dc29c9d8f63272511a20eb5c16c8466634e83f6b840d3baaa54110","blockNumber":45,"subtraces":0,"traceAddress":[],"type":"reward"}],"id":1}
response differs from expected (-- client, ++ test):
{
  "id": 1,
  "jsonrpc": "2.0",
  "result": -- [] ++ {}
}
>>  {"jsonrpc": "2.0", "id": 1, "method": "trace_filter", "params": [{"fromBlock": "0x28", "toBlock": "0x30"}]}
<<  {"jsonrpc":"2.0","result":[{"action":{"author":"0x0000000000000000000000000000000000000000","rewardType":"block","value":"0x0"},"blockHash":"0x23a229f69acd6ffb1d98dbae859e4fde6bcb6db51786ec54d07085d74bf473d4","blockNumber":40,"subtraces":0,"traceAddress":[],"type":"reward"},{"action":{"author":"0x0000000000000000000000000000000000000000","rewardType":"block","value":"0x0"},"blockHash":"0xb643aaad7876814b2319a5ac15e3efd4c5a928f711683d4d3abee5b525fc349d","blockNumber":41,"subtraces":0,"traceAddress":[],"type":"reward"},{"action":{"author":"0x0000000000000000000000000000000000000000","rewardType":"block","value":"0x0"},"blockHash":"0x59c52ea8dd1dfdb037aec4a2f28907fb1cf4ca5401b48590182eaa5415e8e6f3","blockNumber":42,"subtraces":0,"traceAddress":[],"type":"reward"},{"action":{"author":"0x0000000000000000000000000000000000000000","rewardType":"block","value":"0x0"},"blockHash":"0x3ae39139cb5ef4492f48c7ed41f861621a0f7af2c15ee458b09914e7fc97dfe9","blockNumber":43,"subtraces":0,"traceAddress":[],"type":"reward"},{"action":{"author":"0x0000000000000000000000000000000000000000","rewardType":"block","value":"0x0"},"blockHash":"0x008d1333b89a6507babffba8a8605f2426aa21a829ad0c20131d40dc72300628","blockNumber":44,"subtraces":0,"traceAddress":[],"type":"reward"},{"action":{"author":"0x0000000000000000000000000000000000000000","rewardType":"block","value":"0x0"},"blockHash":"0xb75975dcf8dc29c9d8f63272511a20eb5c16c8466634e83f6b840d3baaa54110","blockNumber":45,"subtraces":0,"traceAddress":[],"type":"reward"},{"action":{"author":"0x0000000000000000000000000000000000000000","rewardType":"block","value":"0x0"},"blockHash":"0xced04ae80b11fac8e3619bba83e9f8a3490159e045f1ac504955e69a783dbbcd","blockNumber":46,"subtraces":0,"traceAddress":[],"type":"reward"},{"action":{"author":"0x0000000000000000000000000000000000000000","rewardType":"block","value":"0x0"},"blockHash":"0xa3b4b86837197906688c55979962fcf57fc43f7d1796cdacce350f2a4590ef8e","blockNumber":47,"subtraces":0,"traceAddress":[],"type":"reward"},{"action":{"author":"0x0000000000000000000000000000000000000000","rewardType":"block","value":"0x0"},"blockHash":"0x89760635a073492746414d5e8ea50ceaaaf035f603e37543a36328af11d6de32","blockNumber":48,"subtraces":0,"traceAddress":[],"type":"reward"}],"id":1}
response differs from expected (-- client, ++ test):
{
  "id": 1,
  "jsonrpc": "2.0",
  "result": -- [] ++ {}
}
>>  {"jsonrpc": "2.0", "id": 1, "method": "eth_getBlockByNumber", "params": ["0x30", false]}
<<  {"jsonrpc":"2.0","result":{"difficulty":"0x0","extraData":"0x","gasLimit":"0x5f5e100","gasUsed":"0x0","hash":"0x89760635a073492746414d5e8ea50ceaaaf035f603e37543a36328af11d6de32","logsBloom":"0x00000000000000000000000000000000000000000000000000000000000000000000000000000000000000000000000000000000000000000000000000000000000000000000000000000000000000000000000000000000000000000000000000000000000000000000000000000000000000000000000000000000000000000000000000000000000000000000000000000000000000000000000000000000000000000000000000000000000000000000000000000000000000000000000000000000000000000000000000000000000000000000000000000000000000000000000000000000000000000000000000000000000000000000000000000000","miner":"0x0000000000000000000000000000000000000000","mixHash":"0x0000000000000000000000000000000000000000000000000000000000000000","nonce":"0x0000000000000000","number":"0x30","parentHash":"0xa3b4b86837197906688c55979962fcf57fc43f7d1796cdacce350f2a4590ef8e","receiptsRoot":"0x56e81f171bcc55a6ff8345e692c0f86e5b48e01b996cadc001622fb5e363b421","sha3Uncles":"0x1dcc4de8dec75d7aab85b567b6ccd41ad312451b948a7413f0a142fd40d49347","size":"0x265","stateRoot":"0xe679c81a19539811969c8d19a159ade831d70b65332e61695bf8ff5084c2a975","timestamp":"0x1e0","baseFeePerGas":"0x198413","transactions":[],"transactionsRoot":"0x56e81f171bcc55a6ff8345e692c0f86e5b48e01b996cadc001622fb5e363b421","uncles":[],"withdrawals":[],"withdrawalsRoot":"0x56e81f171bcc55a6ff8345e692c0f86e5b48e01b996cadc001622fb5e363b421","blobGasUsed":"0x0","excessBlobGas":"0x0","parentBeaconBlockRoot":"0x5b5b49487967b3b60bd859ba2fb13290c6eaf67e97e9f9f9dda935c08564b5f6","requestsHash":"0xe3b0c44298fc1c149afbf4c8996fb92427ae41e4649b934ca495991b7852b855"},"id":1}
response differs from expected (-- client, ++ test):
{
  "id": 1,
  "jsonrpc": "2.0",
  "result": {
    -- "baseFeePerGas": "0x198413",
    -- "blobGasUsed": "0x0",
    ++ "capture_only": true,
    -- "difficulty": "0x0",
    -- "excessBlobGas": "0x0",
    -- "extraData": "0x",
    -- "gasLimit": "0x5f5e100",
    -- "gasUsed": "0x0",
    -- "hash": "0x89760635a073492746414d5e8ea50ceaaaf035f603e37543a36328af11d6de32",
    -- "logsBloom": "0x00000000000000000000000000000000000000000000000000000000000000000000000000000000000000000000000000000000000000000000000000000000000000000000000000000000000000000000000000000000000000000000000000000000000000000000000000000000000000000000000000000000000000000000000000000000000000000000000000000000000000000000000000000000000000000000000000000000000000000000000000000000000000000000000000000000000000000000000000000000000000000000000000000000000000000000000000000000000000000000000000000000000000000000000000000000",
    -- "miner": "0x0000000000000000000000000000000000000000",
    -- "mixHash": "0x0000000000000000000000000000000000000000000000000000000000000000",
    -- "nonce": "0x0000000000000000",
    -- "number": "0x30",
    -- "parentBeaconBlockRoot": "0x5b5b49487967b3b60bd859ba2fb13290c6eaf67e97e9f9f9dda935c08564b5f6",
    -- "parentHash": "0xa3b4b86837197906688c55979962fcf57fc43f7d1796cdacce350f2a4590ef8e",
    -- "receiptsRoot": "0x56e81f171bcc55a6ff8345e692c0f86e5b48e01b996cadc001622fb5e363b421",
    -- "requestsHash": "0xe3b0c44298fc1c149afbf4c8996fb92427ae41e4649b934ca495991b7852b855",
    -- "sha3Uncles": "0x1dcc4de8dec75d7aab85b567b6ccd41ad312451b948a7413f0a142fd40d49347",
    -- "size": "0x265",
    -- "stateRoot": "0xe679c81a19539811969c8d19a159ade831d70b65332e61695bf8ff5084c2a975",
    -- "timestamp": "0x1e0",
    -- "transactions": [],
    -- "transactionsRoot": "0x56e81f171bcc55a6ff8345e692c0f86e5b48e01b996cadc001622fb5e363b421",
    -- "uncles": [],
    -- "withdrawals": [],
    -- "withdrawalsRoot": "0x56e81f171bcc55a6ff8345e692c0f86e5b48e01b996cadc001622fb5e363b421"
  }
}
>>  {"jsonrpc": "2.0", "id": 1, "method": "eth_blockNumber", "params": []}
<<  {"jsonrpc":"2.0","result":"0x30","id":1}
response differs from expected (-- client, ++ test):
{
  "id": 1,
  "jsonrpc": "2.0",
  "result": -- "0x30" ++ {}
}
>>  {"jsonrpc": "2.0", "id": 1, "method": "eth_getTransactionReceipt", "params": ["0xe4a4bd6a4fad4df86c1222128b9d79a1dd0686cf4a0e1d506731482b7266d483"]}
<<  {"jsonrpc":"2.0","result":null,"id":1}
response differs from expected (-- client, ++ test):
{
  "id": 1,
  "jsonrpc": "2.0",
  "result": -- null ++ {}
}
interop forkchoice accepted: [map[finalizedBlockHash:0x9901db3a31e7004c45911fca4480b7dce86a4baeab819eb4959d7316f687d54c headBlockHash:0xf0b1510b2a9c8d4c4bd1ff2c578ddbffc04741aa06b3cc8680a343741ef15e84 safeBlockHash:0x9901db3a31e7004c45911fca4480b7dce86a4baeab819eb4959d7316f687d54c] <nil>]
>>  {"jsonrpc": "2.0", "id": 1, "method": "trace_block", "params": ["0x2d"]}
<<  {"jsonrpc":"2.0","result":[{"action":{"callType":"call","from":"0x7435ed30a8b4aeb0877cef0c6e8cffe834eb865f","gas":"0x0","input":"0x","to":"0x16c57edf7fa9d9525378b0b81bf8a3ced0620c1c","value":"0x1"},"blockHash":"0xe6d9078b4964bc1b329fb12242254e21cf88ffa9a88058e515d6e79f7d8fce0d","blockNumber":45,"result":{"gasUsed":"0x0","output":"0x"},"subtraces":0,"traceAddress":[],"transactionHash":"0x8d872ca87b7f1343eab260d3f69260e8efde5dcf5532a23c18e1c25cadaa2df7","transactionPosition":0,"type":"call"},{"action":{"callType":"call","from":"0x7435ed30a8b4aeb0877cef0c6e8cffe834eb865f","gas":"0x0","input":"0x","to":"0x14e46043e63d0e3cdcf2530519f4cfaf35058cb2","value":"0x1"},"blockHash":"0xe6d9078b4964bc1b329fb12242254e21cf88ffa9a88058e515d6e79f7d8fce0d","blockNumber":45,"result":{"gasUsed":"0x0","output":"0x"},"subtraces":0,"traceAddress":[],"transactionHash":"0x07782b90d866d9c854fc70a3609e69f378a7d392a61f7cd712136d79e3f98a6f","transactionPosition":1,"type":"call"},{"action":{"author":"0x0000000000000000000000000000000000000000","rewardType":"block","value":"0x0"},"blockHash":"0xe6d9078b4964bc1b329fb12242254e21cf88ffa9a88058e515d6e79f7d8fce0d","blockNumber":45,"subtraces":0,"traceAddress":[],"type":"reward"}],"id":1}
response differs from expected (-- client, ++ test):
{
  "id": 1,
  "jsonrpc": "2.0",
  "result": -- [] ++ {}
}
>>  {"jsonrpc": "2.0", "id": 1, "method": "trace_filter", "params": [{"fromBlock": "0x28", "toBlock": "0x30"}]}
<<  {"jsonrpc":"2.0","result":[{"action":{"callType":"call","from":"0x7435ed30a8b4aeb0877cef0c6e8cffe834eb865f","gas":"0x11ba0","input":"0x036464a71961a53a656d6974","to":"0x7dcd17433742f4c0ca53122ab541d0ba67fc27df","value":"0x2"},"blockHash":"0xfc2b688f6d286950eff2cf6f1b10a6bf63e92a20fcdf8db7377ef647b154eb52","blockNumber":40,"result":{"gasUsed":"0x5f9c","output":"0x"},"subtraces":0,"traceAddress":[],"transactionHash":"0x0efc1e4671e41e768fa107ecf72ab35e03d5a8b7e3f5bbe29cb28dc1eea265a2","transactionPosition":0,"type":"call"},{"action":{"callType":"call","from":"0x7435ed30a8b4aeb0877cef0c6e8cffe834eb865f","gas":"0x11ba0","input":"0x9ec58f808778768f656d6974","to":"0x7dcd17433742f4c0ca53122ab541d0ba67fc27df","value":"0x2"},"blockHash":"0xfc2b688f6d286950eff2cf6f1b10a6bf63e92a20fcdf8db7377ef647b154eb52","blockNumber":40,"result":{"gasUsed":"0x5f9c","output":"0x"},"subtraces":0,"traceAddress":[],"transactionHash":"0x1942a6223310f991ab036dccb28259dd634e39e08152d383afc422481e5ab2c2","transactionPosition":1,"type":"call"},{"action":{"callType":"call","from":"0x7435ed30a8b4aeb0877cef0c6e8cffe834eb865f","gas":"0x11ba0","input":"0xcd417355d4039279656d6974","to":"0x7dcd17433742f4c0ca53122ab541d0ba67fc27df","value":"0x3"},"blockHash":"0xfc2b688f6d286950eff2cf6f1b10a6bf63e92a20fcdf8db7377ef647b154eb52","blockNumber":40,"result":{"gasUsed":"0x5f9c","output":"0x"},"subtraces":0,"traceAddress":[],"transactionHash":"0xbc3230ca851b7baad39753405e55d96f2124d1e5e8ab9cd76c638bba601423ac","transactionPosition":2,"type":"call"},{"action":{"author":"0x0000000000000000000000000000000000000000","rewardType":"block","value":"0x0"},"blockHash":"0xfc2b688f6d286950eff2cf6f1b10a6bf63e92a20fcdf8db7377ef647b154eb52","blockNumber":40,"subtraces":0,"traceAddress":[],"type":"reward"},{"action":{"callType":"call","from":"0x7435ed30a8b4aeb0877cef0c6e8cffe834eb865f","gas":"0x133d8","input":"0x3186f4d423ee1407656d6974","to":"0x7dcd17433742f4c0ca53122ab541d0ba67fc27df","value":"0x2"},"blockHash":"0x9bc6bd9fb238298cb6a4260fc4306ab426b3e2d41607e719dde8c4ca41817da7","blockNumber":41,"result":{"gasUsed":"0x6fa0","output":"0x"},"subtraces":0,"traceAddress":[],"transactionHash":"0x6a2b2c1d5d3bae710fa3c9f79035e0b6b98d65df9cb05e425087c93ce9bf08ed","transactionPosition":0,"type":"call"},{"action":{"callType":"call","from":"0x7435ed30a8b4aeb0877cef0c6e8cffe834eb865f","gas":"0x0","input":"0x","to":"0x717f8aa2b982bee0e29f573d31df288663e1ce16","value":"0x1"},"blockHash":"0x9bc6bd9fb238298cb6a4260fc4306ab426b3e2d41607e719dde8c4ca41817da7","blockNumber":41,"result":{"gasUsed":"0x0","output":"0x"},"subtraces":0,"traceAddress":[],"transactionHash":"0x9249eb130af4bcf26d420f09df8a51f4947e387f9e325e8b223237c9602208a1","transactionPosition":1,"type":"call"},{"action":{"callType":"call","from":"0x7435ed30a8b4aeb0877cef0c6e8cffe834eb865f","gas":"0x0","input":"0x","to":"0x4a0f1452281bcec5bd90c3dce6162a5995bfe9df","value":"0x1"},"blockHash":"0x9bc6bd9fb238298cb6a4260fc4306ab426b3e2d41607e719dde8c4ca41817da7","blockNumber":41,"result":{"gasUsed":"0x0","output":"0x"},"subtraces":0,"traceAddress":[],"transactionHash":"0xbdda348fd5169ff5cc8c761147a64b34ceb2e913d7bf5e8ddf8e497ca3e3460f","transactionPosition":2,"type":"call"},{"action":{"author":"0x0000000000000000000000000000000000000000","rewardType":"block","value":"0x0"},"blockHash":"0x9bc6bd9fb238298cb6a4260fc4306ab426b3e2d41607e719dde8c4ca41817da7","blockNumber":41,"subtraces":0,"traceAddress":[],"type":"reward"},{"action":{"callType":"call","from":"0x7435ed30a8b4aeb0877cef0c6e8cffe834eb865f","gas":"0x0","input":"0x","to":"0x1f5bde34b4afc686f136c7a3cb6ec376f7357759","value":"0x1"},"blockHash":"0x6cb3089f8b5ff993ed24ed9ccbfa8bae322848d722842e6453576f30029b1434","blockNumber":42,"result":{"gasUsed":"0x0","output":"0x"},"subtraces":0,"traceAddress":[],"transactionHash":"0xe4a4bd6a4fad4df86c1222128b9d79a1dd0686cf4a0e1d506731482b7266d483","transactionPosition":0,"type":"call"},{"action":{"callType":"call","from":"0x7435ed30a8b4aeb0877cef0c6e8cffe834eb865f","gas":"0x13488","input":"0x01","to":"0x9dcd17433742f4c0ca53122ab541d0ba67fc27d3","value":"0x0"},"blockHash":"0x6cb3089f8b5ff993ed24ed9ccbfa8bae322848d722842e6453576f30029b1434","blockNumber":42,"subtraces":0,"traceAddress":[],"transactionHash":"0x7a15f2b6b479009c2d8f167dfc8490654348e85aa4968583bab1d4c3c17284bb","transactionPosition":1,"type":"call","error":"Reverted"},{"action":{"author":"0x0000000000000000000000000000000000000000","rewardType":"block","value":"0x0"},"blockHash":"0x6cb3089f8b5ff993ed24ed9ccbfa8bae322848d722842e6453576f30029b1434","blockNumber":42,"subtraces":0,"traceAddress":[],"type":"reward"},{"action":{"callType":"call","from":"0x7435ed30a8b4aeb0877cef0c6e8cffe834eb865f","gas":"0x8d5b8","input":"0x","to":"0x9dcd17433742f4c0ca53122ab541d0ba67fc27d0","value":"0x0"},"blockHash":"0x22e8e9edaefc674ba389450dc41088e521fb2d33330a72c8b7aa2bf1b2281ffe","blockNumber":43,"result":{"gasUsed":"0x1fc63","output":"0xffee"},"subtraces":7,"traceAddress":[],"transactionHash":"0x651d033b62050d4a32ffb16281c8685790d1233922a4ec2dcd5c6c1a66461226","transactionPosition":0,"type":"call"},{"action":{"callType":"call","from":"0x9dcd17433742f4c0ca53122ab541d0ba67fc27d0","gas":"0xf35c","input":"0xff01","to":"0x9dcd17433742f4c0ca53122ab541d0ba67fc27d1","value":"0x1"},"blockHash":"0x22e8e9edaefc674ba389450dc41088e521fb2d33330a72c8b7aa2bf1b2281ffe","blockNumber":43,"result":{"gasUsed":"0x48","output":"0xffee"},"subtraces":0,"traceAddress":[0],"transactionHash":"0x651d033b62050d4a32ffb16281c8685790d1233922a4ec2dcd5c6c1a66461226","transactionPosition":0,"type":"call"},{"action":{"callType":"call","from":"0x9dcd17433742f4c0ca53122ab541d0ba67fc27d0","gas":"0xea60","input":"0x0000000000000000000000000000000000000000000000000000000000000001","to":"0x9dcd17433742f4c0ca53122ab541d0ba67fc27d3","value":"0x0"},"blockHash":"0x22e8e9edaefc674ba389450dc41088e521fb2d33330a72c8b7aa2bf1b2281ffe","blockNumber":43,"subtraces":0,"traceAddress":[1],"transactionHash":"0x651d033b62050d4a32ffb16281c8685790d1233922a4ec2dcd5c6c1a66461226","transactionPosition":0,"type":"call","error":"Reverted"},{"action":{"callType":"staticcall","from":"0x9dcd17433742f4c0ca53122ab541d0ba67fc27d0","gas":"0xea60","input":"0x","to":"0x9dcd17433742f4c0ca53122ab541d0ba67fc27d2","value":"0x0"},"blockHash":"0x22e8e9edaefc674ba389450dc41088e521fb2d33330a72c8b7aa2bf1b2281ffe","blockNumber":43,"result":{"gasUsed":"0x7d","output":"0x000000000000000000000000000000000000000000000000000000000000002b000000000000000000000000000000000000000000000000000c72dd9d5e883e0000000000000000000000000000000000000000000000000000000000000000000000000000000000000000000000000000000000000000000000000031c9f400000000000000000000000000000000000000000000000000000000000000000000000000000000000000007435ed30a8b4aeb0877cef0c6e8cffe834eb865f0000000000000000000000000000000000000000000000000000000000000000"},"subtraces":0,"traceAddress":[2],"transactionHash":"0x651d033b62050d4a32ffb16281c8685790d1233922a4ec2dcd5c6c1a66461226","transactionPosition":0,"type":"call"},{"action":{"callType":"staticcall","from":"0x9dcd17433742f4c0ca53122ab541d0ba67fc27d0","gas":"0xea60","input":"0x","to":"0x7dcd17433742f4c0ca53122ab541d0ba67fc27df","value":"0x0"},"blockHash":"0x22e8e9edaefc674ba389450dc41088e521fb2d33330a72c8b7aa2bf1b2281ffe","blockNumber":43,"subtraces":0,"traceAddress":[3],"transactionHash":"0x651d033b62050d4a32ffb16281c8685790d1233922a4ec2dcd5c6c1a66461226","transactionPosition":0,"type":"call","error":"Static call violation"},{"action":{"callType":"delegatecall","from":"0x9dcd17433742f4c0ca53122ab541d0ba67fc27d0","gas":"0xea60","input":"0x00000000","to":"0x7dcd17433742f4c0ca53122ab541d0ba67fc27df","value":"0x0"},"blockHash":"0x22e8e9edaefc674ba389450dc41088e521fb2d33330a72c8b7aa2bf1b2281ffe","blockNumber":43,"result":{"gasUsed":"0x2cd4","output":"0x"},"subtraces":0,"traceAddress":[4],"transactionHash":"0x651d033b62050d4a32ffb16281c8685790d1233922a4ec2dcd5c6c1a66461226","transactionPosition":0,"type":"call"},{"action":{"callType":"callcode","from":"0x9dcd17433742f4c0ca53122ab541d0ba67fc27d0","gas":"0xea60","input":"0xff01","to":"0x9dcd17433742f4c0ca53122ab541d0ba67fc27d1","value":"0x0"},"blockHash":"0x22e8e9edaefc674ba389450dc41088e521fb2d33330a72c8b7aa2bf1b2281ffe","blockNumber":43,"result":{"gasUsed":"0x48","output":"0xffee"},"subtraces":0,"traceAddress":[5],"transactionHash":"0x651d033b62050d4a32ffb16281c8685790d1233922a4ec2dcd5c6c1a66461226","transactionPosition":0,"type":"call"},{"action":{"creationMethod":"create","from":"0x9dcd17433742f4c0ca53122ab541d0ba67fc27d0","gas":"0x6d70b","init":"0x5b646368696c6460006000a133ff","value":"0x0"},"blockHash":"0x22e8e9edaefc674ba389450dc41088e521fb2d33330a72c8b7aa2bf1b2281ffe","blockNumber":43,"result":{"address":"0x05032e03adbca6d5d04236000a2bbb6b4fec87f5","code":"0x","gasUsed":"0x1682"},"subtraces":1,"traceAddress":[6],"transactionHash":"0x651d033b62050d4a32ffb16281c8685790d1233922a4ec2dcd5c6c1a66461226","transactionPosition":0,"type":"create"},{"action":{"address":"0x05032e03adbca6d5d04236000a2bbb6b4fec87f5","balance":"0x0","refundAddress":"0x9dcd17433742f4c0ca53122ab541d0ba67fc27d0"},"blockHash":"0x22e8e9edaefc674ba389450dc41088e521fb2d33330a72c8b7aa2bf1b2281ffe","blockNumber":43,"subtraces":0,"traceAddress":[6,0],"transactionHash":"0x651d033b62050d4a32ffb16281c8685790d1233922a4ec2dcd5c6c1a66461226","transactionPosition":0,"type":"suicide"},{"action":{"callType":"call","from":"0x7435ed30a8b4aeb0877cef0c6e8cffe834eb865f","gas":"0x11ba0","input":"0xebe7a54f122c1cf1656d6974","to":"0x7dcd17433742f4c0ca53122ab541d0ba67fc27df","value":"0x2"},"blockHash":"0x22e8e9edaefc674ba389450dc41088e521fb2d33330a72c8b7aa2bf1b2281ffe","blockNumber":43,"result":{"gasUsed":"0x5f9c","output":"0x"},"subtraces":0,"traceAddress":[],"transactionHash":"0xfa7de1862f93f2da0e1450d833da95e5e04ea7381a471f7388c1e9c92e551deb","transactionPosition":1,"type":"call"},{"action":{"callType":"call","from":"0x7435ed30a8b4aeb0877cef0c6e8cffe834eb865f","gas":"0x11ba0","input":"0xcef26346bf2d1331656d6974","to":"0x7dcd17433742f4c0ca53122ab541d0ba67fc27df","value":"0x2"},"blockHash":"0x22e8e9edaefc674ba389450dc41088e521fb2d33330a72c8b7aa2bf1b2281ffe","blockNumber":43,"result":{"gasUsed":"0x5f9c","output":"0x"},"subtraces":0,"traceAddress":[],"transactionHash":"0x321a8dba67e9c086a4877a6c33c1564471683da311f72005650d102ba847522c","transactionPosition":2,"type":"call"},{"action":{"author":"0x0000000000000000000000000000000000000000","rewardType":"block","value":"0x0"},"blockHash":"0x22e8e9edaefc674ba389450dc41088e521fb2d33330a72c8b7aa2bf1b2281ffe","blockNumber":43,"subtraces":0,"traceAddress":[],"type":"reward"},{"action":{"callType":"call","from":"0x7435ed30a8b4aeb0877cef0c6e8cffe834eb865f","gas":"0x11ba0","input":"0x2276cc05d723a1e7656d6974","to":"0x7dcd17433742f4c0ca53122ab541d0ba67fc27df","value":"0x3"},"blockHash":"0x8ee9c89c042749060aa7225c9568cfbeb4ae658041f42cf5cfa90ef3cbc8c250","blockNumber":44,"result":{"gasUsed":"0x5f9c","output":"0x"},"subtraces":0,"traceAddress":[],"transactionHash":"0x04fd4668ef5f466780ea8c866659e563d8659a626e5de911ea4a687cda38e4b5","transactionPosition":0,"type":"call"},{"action":{"callType":"call","from":"0x7435ed30a8b4aeb0877cef0c6e8cffe834eb865f","gas":"0x133d8","input":"0x7656ae13bace34c5656d6974","to":"0x7dcd17433742f4c0ca53122ab541d0ba67fc27df","value":"0x2"},"blockHash":"0x8ee9c89c042749060aa7225c9568cfbeb4ae658041f42cf5cfa90ef3cbc8c250","blockNumber":44,"result":{"gasUsed":"0x6fa0","output":"0x"},"subtraces":0,"traceAddress":[],"transactionHash":"0x213aa25f0673a954b12f125f001fdfdfc9c4e5ce3f8a5aeb8292f04f5feb15b4","transactionPosition":1,"type":"call"},{"action":{"callType":"call","from":"0x7435ed30a8b4aeb0877cef0c6e8cffe834eb865f","gas":"0x0","input":"0x","to":"0xd803681e487e6ac18053afc5a6cd813c86ec3e4d","value":"0x1"},"blockHash":"0x8ee9c89c042749060aa7225c9568cfbeb4ae658041f42cf5cfa90ef3cbc8c250","blockNumber":44,"result":{"gasUsed":"0x0","output":"0x"},"subtraces":0,"traceAddress":[],"transactionHash":"0x894b329288125359a28bb1e9c07bf6147ed1e1982b0e487a51a0c724d7fa7486","transactionPosition":2,"type":"call"},{"action":{"author":"0x0000000000000000000000000000000000000000","rewardType":"block","value":"0x0"},"blockHash":"0x8ee9c89c042749060aa7225c9568cfbeb4ae658041f42cf5cfa90ef3cbc8c250","blockNumber":44,"subtraces":0,"traceAddress":[],"type":"reward"},{"action":{"callType":"call","from":"0x7435ed30a8b4aeb0877cef0c6e8cffe834eb865f","gas":"0x0","input":"0x","to":"0x16c57edf7fa9d9525378b0b81bf8a3ced0620c1c","value":"0x1"},"blockHash":"0xe6d9078b4964bc1b329fb12242254e21cf88ffa9a88058e515d6e79f7d8fce0d","blockNumber":45,"result":{"gasUsed":"0x0","output":"0x"},"subtraces":0,"traceAddress":[],"transactionHash":"0x8d872ca87b7f1343eab260d3f69260e8efde5dcf5532a23c18e1c25cadaa2df7","transactionPosition":0,"type":"call"},{"action":{"callType":"call","from":"0x7435ed30a8b4aeb0877cef0c6e8cffe834eb865f","gas":"0x0","input":"0x","to":"0x14e46043e63d0e3cdcf2530519f4cfaf35058cb2","value":"0x1"},"blockHash":"0xe6d9078b4964bc1b329fb12242254e21cf88ffa9a88058e515d6e79f7d8fce0d","blockNumber":45,"result":{"gasUsed":"0x0","output":"0x"},"subtraces":0,"traceAddress":[],"transactionHash":"0x07782b90d866d9c854fc70a3609e69f378a7d392a61f7cd712136d79e3f98a6f","transactionPosition":1,"type":"call"},{"action":{"author":"0x0000000000000000000000000000000000000000","rewardType":"block","value":"0x0"},"blockHash":"0xe6d9078b4964bc1b329fb12242254e21cf88ffa9a88058e515d6e79f7d8fce0d","blockNumber":45,"subtraces":0,"traceAddress":[],"type":"reward"},{"action":{"callType":"call","from":"0x7435ed30a8b4aeb0877cef0c6e8cffe834eb865f","gas":"0x13488","input":"0x01","to":"0x9dcd17433742f4c0ca53122ab541d0ba67fc27d3","value":"0x0"},"blockHash":"0x5b3627e612c821267b54826693cfde431298fd7cdb8f8ec6ea90d952c494e7e8","blockNumber":46,"subtraces":0,"traceAddress":[],"transactionHash":"0x6992fed2b2fc6c77cb7ffc2a1351d8e5dadf08cf2736fb6d1a0ed5786f3d5206","transactionPosition":0,"type":"call","error":"Reverted"},{"action":{"callType":"call","from":"0x7435ed30a8b4aeb0877cef0c6e8cffe834eb865f","gas":"0x8d5b8","input":"0x","to":"0x9dcd17433742f4c0ca53122ab541d0ba67fc27d0","value":"0x0"},"blockHash":"0x5b3627e612c821267b54826693cfde431298fd7cdb8f8ec6ea90d952c494e7e8","blockNumber":46,"result":{"gasUsed":"0x1fc63","output":"0xffee"},"subtraces":7,"traceAddress":[],"transactionHash":"0x64b5f6ae3b44a9623caeecbb78c9cf65f9a23781c585d75642e8f52b71bc1599","transactionPosition":1,"type":"call"},{"action":{"callType":"call","from":"0x9dcd17433742f4c0ca53122ab541d0ba67fc27d0","gas":"0xf35c","input":"0xff01","to":"0x9dcd17433742f4c0ca53122ab541d0ba67fc27d1","value":"0x1"},"blockHash":"0x5b3627e612c821267b54826693cfde431298fd7cdb8f8ec6ea90d952c494e7e8","blockNumber":46,"result":{"gasUsed":"0x48","output":"0xffee"},"subtraces":0,"traceAddress":[0],"transactionHash":"0x64b5f6ae3b44a9623caeecbb78c9cf65f9a23781c585d75642e8f52b71bc1599","transactionPosition":1,"type":"call"},{"action":{"callType":"call","from":"0x9dcd17433742f4c0ca53122ab541d0ba67fc27d0","gas":"0xea60","input":"0x0000000000000000000000000000000000000000000000000000000000000001","to":"0x9dcd17433742f4c0ca53122ab541d0ba67fc27d3","value":"0x0"},"blockHash":"0x5b3627e612c821267b54826693cfde431298fd7cdb8f8ec6ea90d952c494e7e8","blockNumber":46,"subtraces":0,"traceAddress":[1],"transactionHash":"0x64b5f6ae3b44a9623caeecbb78c9cf65f9a23781c585d75642e8f52b71bc1599","transactionPosition":1,"type":"call","error":"Reverted"},{"action":{"callType":"staticcall","from":"0x9dcd17433742f4c0ca53122ab541d0ba67fc27d0","gas":"0xea60","input":"0x","to":"0x9dcd17433742f4c0ca53122ab541d0ba67fc27d2","value":"0x0"},"blockHash":"0x5b3627e612c821267b54826693cfde431298fd7cdb8f8ec6ea90d952c494e7e8","blockNumber":46,"result":{"gasUsed":"0x7d","output":"0x000000000000000000000000000000000000000000000000000000000000002e000000000000000000000000000000000000000000000000000c72dd9d5e883e0000000000000000000000000000000000000000000000000000000000000000000000000000000000000000000000000000000000000000000000000021650900000000000000000000000000000000000000000000000000000000000000000000000000000000000000007435ed30a8b4aeb0877cef0c6e8cffe834eb865f0000000000000000000000000000000000000000000000000000000000000000"},"subtraces":0,"traceAddress":[2],"transactionHash":"0x64b5f6ae3b44a9623caeecbb78c9cf65f9a23781c585d75642e8f52b71bc1599","transactionPosition":1,"type":"call"},{"action":{"callType":"staticcall","from":"0x9dcd17433742f4c0ca53122ab541d0ba67fc27d0","gas":"0xea60","input":"0x","to":"0x7dcd17433742f4c0ca53122ab541d0ba67fc27df","value":"0x0"},"blockHash":"0x5b3627e612c821267b54826693cfde431298fd7cdb8f8ec6ea90d952c494e7e8","blockNumber":46,"subtraces":0,"traceAddress":[3],"transactionHash":"0x64b5f6ae3b44a9623caeecbb78c9cf65f9a23781c585d75642e8f52b71bc1599","transactionPosition":1,"type":"call","error":"Static call violation"},{"action":{"callType":"delegatecall","from":"0x9dcd17433742f4c0ca53122ab541d0ba67fc27d0","gas":"0xea60","input":"0x00000000","to":"0x7dcd17433742f4c0ca53122ab541d0ba67fc27df","value":"0x0"},"blockHash":"0x5b3627e612c821267b54826693cfde431298fd7cdb8f8ec6ea90d952c494e7e8","blockNumber":46,"result":{"gasUsed":"0x2cd4","output":"0x"},"subtraces":0,"traceAddress":[4],"transactionHash":"0x64b5f6ae3b44a9623caeecbb78c9cf65f9a23781c585d75642e8f52b71bc1599","transactionPosition":1,"type":"call"},{"action":{"callType":"callcode","from":"0x9dcd17433742f4c0ca53122ab541d0ba67fc27d0","gas":"0xea60","input":"0xff01","to":"0x9dcd17433742f4c0ca53122ab541d0ba67fc27d1","value":"0x0"},"blockHash":"0x5b3627e612c821267b54826693cfde431298fd7cdb8f8ec6ea90d952c494e7e8","blockNumber":46,"result":{"gasUsed":"0x48","output":"0xffee"},"subtraces":0,"traceAddress":[5],"transactionHash":"0x64b5f6ae3b44a9623caeecbb78c9cf65f9a23781c585d75642e8f52b71bc1599","transactionPosition":1,"type":"call"},{"action":{"creationMethod":"create","from":"0x9dcd17433742f4c0ca53122ab541d0ba67fc27d0","gas":"0x6d70b","init":"0x5b646368696c6460006000a133ff","value":"0x0"},"blockHash":"0x5b3627e612c821267b54826693cfde431298fd7cdb8f8ec6ea90d952c494e7e8","blockNumber":46,"result":{"address":"0x9ee5c90ad0a83dd07800c64adb87c584092f8e37","code":"0x","gasUsed":"0x1682"},"subtraces":1,"traceAddress":[6],"transactionHash":"0x64b5f6ae3b44a9623caeecbb78c9cf65f9a23781c585d75642e8f52b71bc1599","transactionPosition":1,"type":"create"},{"action":{"address":"0x9ee5c90ad0a83dd07800c64adb87c584092f8e37","balance":"0x0","refundAddress":"0x9dcd17433742f4c0ca53122ab541d0ba67fc27d0"},"blockHash":"0x5b3627e612c821267b54826693cfde431298fd7cdb8f8ec6ea90d952c494e7e8","blockNumber":46,"subtraces":0,"traceAddress":[6,0],"transactionHash":"0x64b5f6ae3b44a9623caeecbb78c9cf65f9a23781c585d75642e8f52b71bc1599","transactionPosition":1,"type":"suicide"},{"action":{"callType":"call","from":"0x7435ed30a8b4aeb0877cef0c6e8cffe834eb865f","gas":"0x11ba0","input":"0x515a531d2825dec2656d6974","to":"0x7dcd17433742f4c0ca53122ab541d0ba67fc27df","value":"0x2"},"blockHash":"0x5b3627e612c821267b54826693cfde431298fd7cdb8f8ec6ea90d952c494e7e8","blockNumber":46,"result":{"gasUsed":"0x5f9c","output":"0x"},"subtraces":0,"traceAddress":[],"transactionHash":"0x2cd66c5f92f7f966a3ae2e79fa501284a5da51a3d9d233159854d17c427b1441","transactionPosition":2,"type":"call"},{"action":{"author":"0x0000000000000000000000000000000000000000","rewardType":"block","value":"0x0"},"blockHash":"0x5b3627e612c821267b54826693cfde431298fd7cdb8f8ec6ea90d952c494e7e8","blockNumber":46,"subtraces":0,"traceAddress":[],"type":"reward"},{"action":{"callType":"call","from":"0x7435ed30a8b4aeb0877cef0c6e8cffe834eb865f","gas":"0x11ba0","input":"0xea41c6626bd2d71a656d6974","to":"0x7dcd17433742f4c0ca53122ab541d0ba67fc27df","value":"0x2"},"blockHash":"0xaede89efdac80ce5f55b93ee934eddc67b5c8a4282b18a86ca635d69234301f3","blockNumber":47,"result":{"gasUsed":"0x5f9c","output":"0x"},"subtraces":0,"traceAddress":[],"transactionHash":"0xc81daa5f275b0b347590ec8558e530da183a7ff86c377221a59c96faf5bea12c","transactionPosition":0,"type":"call"},{"action":{"callType":"call","from":"0x7435ed30a8b4aeb0877cef0c6e8cffe834eb865f","gas":"0x11ba0","input":"0x65682bc386966217656d6974","to":"0x7dcd17433742f4c0ca53122ab541d0ba67fc27df","value":"0x3"},"blockHash":"0xaede89efdac80ce5f55b93ee934eddc67b5c8a4282b18a86ca635d69234301f3","blockNumber":47,"result":{"gasUsed":"0x5f9c","output":"0x"},"subtraces":0,"traceAddress":[],"transactionHash":"0x1d37878b27d1e686d15b99cb406684e3c50be2fb0cadce5daee795b48c2003bb","transactionPosition":1,"type":"call"},{"action":{"callType":"call","from":"0x7435ed30a8b4aeb0877cef0c6e8cffe834eb865f","gas":"0x133d8","input":"0x156e2b9e3a273c7b656d6974","to":"0x7dcd17433742f4c0ca53122ab541d0ba67fc27df","value":"0x2"},"blockHash":"0xaede89efdac80ce5f55b93ee934eddc67b5c8a4282b18a86ca635d69234301f3","blockNumber":47,"result":{"gasUsed":"0x6fa0","output":"0x"},"subtraces":0,"traceAddress":[],"transactionHash":"0x62f97493d38267cf7b80fd4e9a048bb77cceed36ac0ddd1072736cff48915821","transactionPosition":2,"type":"call"},{"action":{"author":"0x0000000000000000000000000000000000000000","rewardType":"block","value":"0x0"},"blockHash":"0xaede89efdac80ce5f55b93ee934eddc67b5c8a4282b18a86ca635d69234301f3","blockNumber":47,"subtraces":0,"traceAddress":[],"type":"reward"},{"action":{"callType":"call","from":"0x7435ed30a8b4aeb0877cef0c6e8cffe834eb865f","gas":"0x0","input":"0x","to":"0x83c7e323d189f18725ac510004fdc2941f8c4a78","value":"0x1"},"blockHash":"0xf0b1510b2a9c8d4c4bd1ff2c578ddbffc04741aa06b3cc8680a343741ef15e84","blockNumber":48,"result":{"gasUsed":"0x0","output":"0x"},"subtraces":0,"traceAddress":[],"transactionHash":"0x8e96b39ab5e268215283ab40d65139edc6f281f4d79444b6b0a87861c5f8a1d5","transactionPosition":0,"type":"call"},{"action":{"callType":"call","from":"0x7435ed30a8b4aeb0877cef0c6e8cffe834eb865f","gas":"0x0","input":"0x","to":"0x2d389075be5be9f2246ad654ce152cf05990b209","value":"0x1"},"blockHash":"0xf0b1510b2a9c8d4c4bd1ff2c578ddbffc04741aa06b3cc8680a343741ef15e84","blockNumber":48,"result":{"gasUsed":"0x0","output":"0x"},"subtraces":0,"traceAddress":[],"transactionHash":"0x7045e365111563c3f68594c54d9c4d7e3445f0cfc9671f68e8a0122f849f3f18","transactionPosition":1,"type":"call"},{"action":{"callType":"call","from":"0x7435ed30a8b4aeb0877cef0c6e8cffe834eb865f","gas":"0x0","input":"0x","to":"0x3ae75c08b4c907eb63a8960c45b86e1e9ab6123c","value":"0x1"},"blockHash":"0xf0b1510b2a9c8d4c4bd1ff2c578ddbffc04741aa06b3cc8680a343741ef15e84","blockNumber":48,"result":{"gasUsed":"0x0","output":"0x"},"subtraces":0,"traceAddress":[],"transactionHash":"0xbe7d79a54b361c1515802fdf8e3843694b3a93350a9097b84c5582686c77163c","transactionPosition":2,"type":"call"},{"action":{"author":"0x0000000000000000000000000000000000000000","rewardType":"block","value":"0x0"},"blockHash":"0xf0b1510b2a9c8d4c4bd1ff2c578ddbffc04741aa06b3cc8680a343741ef15e84","blockNumber":48,"subtraces":0,"traceAddress":[],"type":"reward"}],"id":1}
response differs from expected (-- client, ++ test):
{
  "id": 1,
  "jsonrpc": "2.0",
  "result": -- [] ++ {}
}
>>  {"jsonrpc": "2.0", "id": 1, "method": "eth_getBlockByNumber", "params": ["0x30", false]}
<<  {"jsonrpc":"2.0","result":{"difficulty":"0x0","extraData":"0x","gasLimit":"0x5f5e100","gasUsed":"0xf618","hash":"0xf0b1510b2a9c8d4c4bd1ff2c578ddbffc04741aa06b3cc8680a343741ef15e84","logsBloom":"0x00000000000000000000000000000000000000000000000000000000000000000000000000000000000000000000000000000000000000000000000000000000000000000000000000000000000000000000000000000000000000000000000000000000000000000000000000000000000000000000000000000000000000000000000000000000000000000000000000000000000000000000000000000000000000000000000000000000000000000000000000000000000000000000000000000000000000000000000000000000000000000000000000000000000000000000000000000000000000000000000000000000000000000000000000000000","miner":"0x0000000000000000000000000000000000000000","mixHash":"0x0000000000000000000000000000000000000000000000000000000000000000","nonce":"0x0000000000000000","number":"0x30","parentHash":"0xaede89efdac80ce5f55b93ee934eddc67b5c8a4282b18a86ca635d69234301f3","receiptsRoot":"0x4b7fefa97a453e0ee0cea1d51ca4ab3729f3a2a6a8388a5a3b13765eec3720b7","sha3Uncles":"0x1dcc4de8dec75d7aab85b567b6ccd41ad312451b948a7413f0a142fd40d49347","size":"0x3b8","stateRoot":"0xbce840ac9806ecb3d791bf55bfcfa9460ff3275996aff265fc75e2a2f3efdb26","timestamp":"0x1e0","baseFeePerGas":"0x199876","transactions":["0x8e96b39ab5e268215283ab40d65139edc6f281f4d79444b6b0a87861c5f8a1d5","0x7045e365111563c3f68594c54d9c4d7e3445f0cfc9671f68e8a0122f849f3f18","0xbe7d79a54b361c1515802fdf8e3843694b3a93350a9097b84c5582686c77163c"],"transactionsRoot":"0x3d96f46f0efae36059fcba93396d90ed19260e009e9dac0057a1d87e66dc17d0","uncles":[],"withdrawals":[],"withdrawalsRoot":"0x56e81f171bcc55a6ff8345e692c0f86e5b48e01b996cadc001622fb5e363b421","blobGasUsed":"0x0","excessBlobGas":"0x0","parentBeaconBlockRoot":"0x5b5b49487967b3b60bd859ba2fb13290c6eaf67e97e9f9f9dda935c08564b5f6","requestsHash":"0xe3b0c44298fc1c149afbf4c8996fb92427ae41e4649b934ca495991b7852b855"},"id":1}
response differs from expected (-- client, ++ test):
{
  "id": 1,
  "jsonrpc": "2.0",
  "result": {
    -- "baseFeePerGas": "0x199876",
    -- "blobGasUsed": "0x0",
    ++ "capture_only": true,
    -- "difficulty": "0x0",
    -- "excessBlobGas": "0x0",
    -- "extraData": "0x",
    -- "gasLimit": "0x5f5e100",
    -- "gasUsed": "0xf618",
    -- "hash": "0xf0b1510b2a9c8d4c4bd1ff2c578ddbffc04741aa06b3cc8680a343741ef15e84",
    -- "logsBloom": "0x00000000000000000000000000000000000000000000000000000000000000000000000000000000000000000000000000000000000000000000000000000000000000000000000000000000000000000000000000000000000000000000000000000000000000000000000000000000000000000000000000000000000000000000000000000000000000000000000000000000000000000000000000000000000000000000000000000000000000000000000000000000000000000000000000000000000000000000000000000000000000000000000000000000000000000000000000000000000000000000000000000000000000000000000000000000",
    -- "miner": "0x0000000000000000000000000000000000000000",
    -- "mixHash": "0x0000000000000000000000000000000000000000000000000000000000000000",
    -- "nonce": "0x0000000000000000",
    -- "number": "0x30",
    -- "parentBeaconBlockRoot": "0x5b5b49487967b3b60bd859ba2fb13290c6eaf67e97e9f9f9dda935c08564b5f6",
    -- "parentHash": "0xaede89efdac80ce5f55b93ee934eddc67b5c8a4282b18a86ca635d69234301f3",
    -- "receiptsRoot": "0x4b7fefa97a453e0ee0cea1d51ca4ab3729f3a2a6a8388a5a3b13765eec3720b7",
    -- "requestsHash": "0xe3b0c44298fc1c149afbf4c8996fb92427ae41e4649b934ca495991b7852b855",
    -- "sha3Uncles": "0x1dcc4de8dec75d7aab85b567b6ccd41ad312451b948a7413f0a142fd40d49347",
    -- "size": "0x3b8",
    -- "stateRoot": "0xbce840ac9806ecb3d791bf55bfcfa9460ff3275996aff265fc75e2a2f3efdb26",
    -- "timestamp": "0x1e0",
    -- "transactions": [
      -- "0x8e96b39ab5e268215283ab40d65139edc6f281f4d79444b6b0a87861c5f8a1d5",
      -- "0x7045e365111563c3f68594c54d9c4d7e3445f0cfc9671f68e8a0122f849f3f18",
      -- "0xbe7d79a54b361c1515802fdf8e3843694b3a93350a9097b84c5582686c77163c"
    -- ],
    -- "transactionsRoot": "0x3d96f46f0efae36059fcba93396d90ed19260e009e9dac0057a1d87e66dc17d0",
    -- "uncles": [],
    -- "withdrawals": [],
    -- "withdrawalsRoot": "0x56e81f171bcc55a6ff8345e692c0f86e5b48e01b996cadc001622fb5e363b421"
  }
}
>>  {"jsonrpc": "2.0", "id": 1, "method": "eth_blockNumber", "params": []}
<<  {"jsonrpc":"2.0","result":"0x30","id":1}
response differs from expected (-- client, ++ test):
{
  "id": 1,
  "jsonrpc": "2.0",
  "result": -- "0x30" ++ {}
}
>>  {"jsonrpc": "2.0", "id": 1, "method": "eth_getTransactionReceipt", "params": ["0xe4a4bd6a4fad4df86c1222128b9d79a1dd0686cf4a0e1d506731482b7266d483"]}
<<  {"jsonrpc":"2.0","result":{"transactionHash":"0xe4a4bd6a4fad4df86c1222128b9d79a1dd0686cf4a0e1d506731482b7266d483","transactionIndex":"0x0","blockHash":"0x6cb3089f8b5ff993ed24ed9ccbfa8bae322848d722842e6453576f30029b1434","blockNumber":"0x2a","cumulativeGasUsed":"0x5208","gasUsed":"0x5208","effectiveGasPrice":"0x38e4f7","from":"0x7435ed30a8b4aeb0877cef0c6e8cffe834eb865f","to":"0x1f5bde34b4afc686f136c7a3cb6ec376f7357759","contractAddress":null,"logs":[],"logsBloom":"0x00000000000000000000000000000000000000000000000000000000000000000000000000000000000000000000000000000000000000000000000000000000000000000000000000000000000000000000000000000000000000000000000000000000000000000000000000000000000000000000000000000000000000000000000000000000000000000000000000000000000000000000000000000000000000000000000000000000000000000000000000000000000000000000000000000000000000000000000000000000000000000000000000000000000000000000000000000000000000000000000000000000000000000000000000000000","status":"0x1","type":"0x0"},"id":1}
response differs from expected (-- client, ++ test):
{
  "id": 1,
  "jsonrpc": "2.0",
  "result": {
    -- "blockHash": "0x6cb3089f8b5ff993ed24ed9ccbfa8bae322848d722842e6453576f30029b1434",
    -- "blockNumber": "0x2a",
    ++ "capture_only": true,
    -- "contractAddress": null,
    -- "cumulativeGasUsed": "0x5208",
    -- "effectiveGasPrice": "0x38e4f7",
    -- "from": "0x7435ed30a8b4aeb0877cef0c6e8cffe834eb865f",
    -- "gasUsed": "0x5208",
    -- "logs": [],
    -- "logsBloom": "0x00000000000000000000000000000000000000000000000000000000000000000000000000000000000000000000000000000000000000000000000000000000000000000000000000000000000000000000000000000000000000000000000000000000000000000000000000000000000000000000000000000000000000000000000000000000000000000000000000000000000000000000000000000000000000000000000000000000000000000000000000000000000000000000000000000000000000000000000000000000000000000000000000000000000000000000000000000000000000000000000000000000000000000000000000000000",
    -- "status": "0x1",
    -- "to": "0x1f5bde34b4afc686f136c7a3cb6ec376f7357759",
    -- "transactionHash": "0xe4a4bd6a4fad4df86c1222128b9d79a1dd0686cf4a0e1d506731482b7266d483",
    -- "transactionIndex": "0x0",
    -- "type": "0x0"
  }
}
sending engine_forkchoiceUpdatedV3: [map[finalizedBlockHash:0x9901db3a31e7004c45911fca4480b7dce86a4baeab819eb4959d7316f687d54c headBlockHash:0xf0b1510b2a9c8d4c4bd1ff2c578ddbffc04741aa06b3cc8680a343741ef15e84 safeBlockHash:0x9901db3a31e7004c45911fca4480b7dce86a4baeab819eb4959d7316f687d54c] <nil>]
response: map[payloadId:<nil> payloadStatus:map[latestValidHash:0xf0b1510b2a9c8d4c4bd1ff2c578ddbffc04741aa06b3cc8680a343741ef15e84 status:VALID validationError:<nil>]]
>>  {"jsonrpc": "2.0", "id": 1, "method": "eth_getBlockByNumber", "params": ["0x30", false]}
<<  {"jsonrpc":"2.0","id":1,"result":{"hash":"0xf0b1510b2a9c8d4c4bd1ff2c578ddbffc04741aa06b3cc8680a343741ef15e84","parentHash":"0xaede89efdac80ce5f55b93ee934eddc67b5c8a4282b18a86ca635d69234301f3","sha3Uncles":"0x1dcc4de8dec75d7aab85b567b6ccd41ad312451b948a7413f0a142fd40d49347","miner":"0x0000000000000000000000000000000000000000","stateRoot":"0xbce840ac9806ecb3d791bf55bfcfa9460ff3275996aff265fc75e2a2f3efdb26","transactionsRoot":"0x3d96f46f0efae36059fcba93396d90ed19260e009e9dac0057a1d87e66dc17d0","receiptsRoot":"0x4b7fefa97a453e0ee0cea1d51ca4ab3729f3a2a6a8388a5a3b13765eec3720b7","logsBloom":"0x00000000000000000000000000000000000000000000000000000000000000000000000000000000000000000000000000000000000000000000000000000000000000000000000000000000000000000000000000000000000000000000000000000000000000000000000000000000000000000000000000000000000000000000000000000000000000000000000000000000000000000000000000000000000000000000000000000000000000000000000000000000000000000000000000000000000000000000000000000000000000000000000000000000000000000000000000000000000000000000000000000000000000000000000000000000","difficulty":"0x0","number":"0x30","gasLimit":"0x5f5e100","gasUsed":"0xf618","timestamp":"0x1e0","extraData":"0x","mixHash":"0x0000000000000000000000000000000000000000000000000000000000000000","nonce":"0x0000000000000000","baseFeePerGas":"0x199876","withdrawalsRoot":"0x56e81f171bcc55a6ff8345e692c0f86e5b48e01b996cadc001622fb5e363b421","blobGasUsed":"0x0","excessBlobGas":"0x0","parentBeaconBlockRoot":"0x5b5b49487967b3b60bd859ba2fb13290c6eaf67e97e9f9f9dda935c08564b5f6","requestsHash":"0xe3b0c44298fc1c149afbf4c8996fb92427ae41e4649b934ca495991b7852b855","size":"0x3b8","uncles":[],"transactions":["0x8e96b39ab5e268215283ab40d65139edc6f281f4d79444b6b0a87861c5f8a1d5","0x7045e365111563c3f68594c54d9c4d7e3445f0cfc9671f68e8a0122f849f3f18","0xbe7d79a54b361c1515802fdf8e3843694b3a93350a9097b84c5582686c77163c"],"withdrawals":[]}}
response differs from expected (-- client, ++ test):
{
  "id": 1,
  "jsonrpc": "2.0",
  "result": {
    -- "baseFeePerGas": "0x199876",
    -- "blobGasUsed": "0x0",
    ++ "capture_only": true,
    -- "difficulty": "0x0",
    -- "excessBlobGas": "0x0",
    -- "extraData": "0x",
    -- "gasLimit": "0x5f5e100",
    -- "gasUsed": "0xf618",
    -- "hash": "0xf0b1510b2a9c8d4c4bd1ff2c578ddbffc04741aa06b3cc8680a343741ef15e84",
    -- "logsBloom": "0x00000000000000000000000000000000000000000000000000000000000000000000000000000000000000000000000000000000000000000000000000000000000000000000000000000000000000000000000000000000000000000000000000000000000000000000000000000000000000000000000000000000000000000000000000000000000000000000000000000000000000000000000000000000000000000000000000000000000000000000000000000000000000000000000000000000000000000000000000000000000000000000000000000000000000000000000000000000000000000000000000000000000000000000000000000000",
    -- "miner": "0x0000000000000000000000000000000000000000",
    -- "mixHash": "0x0000000000000000000000000000000000000000000000000000000000000000",
    -- "nonce": "0x0000000000000000",
    -- "number": "0x30",
    -- "parentBeaconBlockRoot": "0x5b5b49487967b3b60bd859ba2fb13290c6eaf67e97e9f9f9dda935c08564b5f6",
    -- "parentHash": "0xaede89efdac80ce5f55b93ee934eddc67b5c8a4282b18a86ca635d69234301f3",
    -- "receiptsRoot": "0x4b7fefa97a453e0ee0cea1d51ca4ab3729f3a2a6a8388a5a3b13765eec3720b7",
    -- "requestsHash": "0xe3b0c44298fc1c149afbf4c8996fb92427ae41e4649b934ca495991b7852b855",
    -- "sha3Uncles": "0x1dcc4de8dec75d7aab85b567b6ccd41ad312451b948a7413f0a142fd40d49347",
    -- "size": "0x3b8",
    -- "stateRoot": "0xbce840ac9806ecb3d791bf55bfcfa9460ff3275996aff265fc75e2a2f3efdb26",
    -- "timestamp": "0x1e0",
    -- "transactions": [
      -- "0x8e96b39ab5e268215283ab40d65139edc6f281f4d79444b6b0a87861c5f8a1d5",
      -- "0x7045e365111563c3f68594c54d9c4d7e3445f0cfc9671f68e8a0122f849f3f18",
      -- "0xbe7d79a54b361c1515802fdf8e3843694b3a93350a9097b84c5582686c77163c"
    -- ],
    -- "transactionsRoot": "0x3d96f46f0efae36059fcba93396d90ed19260e009e9dac0057a1d87e66dc17d0",
    -- "uncles": [],
    -- "withdrawals": [],
    -- "withdrawalsRoot": "0x56e81f171bcc55a6ff8345e692c0f86e5b48e01b996cadc001622fb5e363b421"
  }
}
>>  {"jsonrpc": "2.0", "id": 1, "method": "eth_getBlockByNumber", "params": ["latest", false]}
<<  {"jsonrpc":"2.0","id":1,"result":{"hash":"0xf0b1510b2a9c8d4c4bd1ff2c578ddbffc04741aa06b3cc8680a343741ef15e84","parentHash":"0xaede89efdac80ce5f55b93ee934eddc67b5c8a4282b18a86ca635d69234301f3","sha3Uncles":"0x1dcc4de8dec75d7aab85b567b6ccd41ad312451b948a7413f0a142fd40d49347","miner":"0x0000000000000000000000000000000000000000","stateRoot":"0xbce840ac9806ecb3d791bf55bfcfa9460ff3275996aff265fc75e2a2f3efdb26","transactionsRoot":"0x3d96f46f0efae36059fcba93396d90ed19260e009e9dac0057a1d87e66dc17d0","receiptsRoot":"0x4b7fefa97a453e0ee0cea1d51ca4ab3729f3a2a6a8388a5a3b13765eec3720b7","logsBloom":"0x00000000000000000000000000000000000000000000000000000000000000000000000000000000000000000000000000000000000000000000000000000000000000000000000000000000000000000000000000000000000000000000000000000000000000000000000000000000000000000000000000000000000000000000000000000000000000000000000000000000000000000000000000000000000000000000000000000000000000000000000000000000000000000000000000000000000000000000000000000000000000000000000000000000000000000000000000000000000000000000000000000000000000000000000000000000","difficulty":"0x0","number":"0x30","gasLimit":"0x5f5e100","gasUsed":"0xf618","timestamp":"0x1e0","extraData":"0x","mixHash":"0x0000000000000000000000000000000000000000000000000000000000000000","nonce":"0x0000000000000000","baseFeePerGas":"0x199876","withdrawalsRoot":"0x56e81f171bcc55a6ff8345e692c0f86e5b48e01b996cadc001622fb5e363b421","blobGasUsed":"0x0","excessBlobGas":"0x0","parentBeaconBlockRoot":"0x5b5b49487967b3b60bd859ba2fb13290c6eaf67e97e9f9f9dda935c08564b5f6","requestsHash":"0xe3b0c44298fc1c149afbf4c8996fb92427ae41e4649b934ca495991b7852b855","size":"0x3b8","uncles":[],"transactions":["0x8e96b39ab5e268215283ab40d65139edc6f281f4d79444b6b0a87861c5f8a1d5","0x7045e365111563c3f68594c54d9c4d7e3445f0cfc9671f68e8a0122f849f3f18","0xbe7d79a54b361c1515802fdf8e3843694b3a93350a9097b84c5582686c77163c"],"withdrawals":[]}}
response differs from expected (-- client, ++ test):
{
  "id": 1,
  "jsonrpc": "2.0",
  "result": {
    -- "baseFeePerGas": "0x199876",
    -- "blobGasUsed": "0x0",
    ++ "capture_only": true,
    -- "difficulty": "0x0",
    -- "excessBlobGas": "0x0",
    -- "extraData": "0x",
    -- "gasLimit": "0x5f5e100",
    -- "gasUsed": "0xf618",
    -- "hash": "0xf0b1510b2a9c8d4c4bd1ff2c578ddbffc04741aa06b3cc8680a343741ef15e84",
    -- "logsBloom": "0x00000000000000000000000000000000000000000000000000000000000000000000000000000000000000000000000000000000000000000000000000000000000000000000000000000000000000000000000000000000000000000000000000000000000000000000000000000000000000000000000000000000000000000000000000000000000000000000000000000000000000000000000000000000000000000000000000000000000000000000000000000000000000000000000000000000000000000000000000000000000000000000000000000000000000000000000000000000000000000000000000000000000000000000000000000000",
    -- "miner": "0x0000000000000000000000000000000000000000",
    -- "mixHash": "0x0000000000000000000000000000000000000000000000000000000000000000",
    -- "nonce": "0x0000000000000000",
    -- "number": "0x30",
    -- "parentBeaconBlockRoot": "0x5b5b49487967b3b60bd859ba2fb13290c6eaf67e97e9f9f9dda935c08564b5f6",
    -- "parentHash": "0xaede89efdac80ce5f55b93ee934eddc67b5c8a4282b18a86ca635d69234301f3",
    -- "receiptsRoot": "0x4b7fefa97a453e0ee0cea1d51ca4ab3729f3a2a6a8388a5a3b13765eec3720b7",
    -- "requestsHash": "0xe3b0c44298fc1c149afbf4c8996fb92427ae41e4649b934ca495991b7852b855",
    -- "sha3Uncles": "0x1dcc4de8dec75d7aab85b567b6ccd41ad312451b948a7413f0a142fd40d49347",
    -- "size": "0x3b8",
    -- "stateRoot": "0xbce840ac9806ecb3d791bf55bfcfa9460ff3275996aff265fc75e2a2f3efdb26",
    -- "timestamp": "0x1e0",
    -- "transactions": [
      -- "0x8e96b39ab5e268215283ab40d65139edc6f281f4d79444b6b0a87861c5f8a1d5",
      -- "0x7045e365111563c3f68594c54d9c4d7e3445f0cfc9671f68e8a0122f849f3f18",
      -- "0xbe7d79a54b361c1515802fdf8e3843694b3a93350a9097b84c5582686c77163c"
    -- ],
    -- "transactionsRoot": "0x3d96f46f0efae36059fcba93396d90ed19260e009e9dac0057a1d87e66dc17d0",
    -- "uncles": [],
    -- "withdrawals": [],
    -- "withdrawalsRoot": "0x56e81f171bcc55a6ff8345e692c0f86e5b48e01b996cadc001622fb5e363b421"
  }
}
>>  {"jsonrpc": "2.0", "id": 1, "method": "web3_clientVersion", "params": []}
<<  {"jsonrpc":"2.0","id":1,"result":"reth/v2.5.2-58a51b3/x86_64-unknown-linux-gnu"}
response differs from expected (-- client, ++ test):
{
  "id": 1,
  "jsonrpc": "2.0",
  "result": -- "reth/v2.5.2-58a51b3/x86_64-unknown-linux-gnu" ++ {}
}
>>  {"jsonrpc": "2.0", "id": 1, "method": "trace_block", "params": ["0x2d"]}
<<  {"jsonrpc":"2.0","id":1,"result":[{"action":{"from":"0x7435ed30a8b4aeb0877cef0c6e8cffe834eb865f","callType":"call","gas":"0x0","input":"0x","to":"0x16c57edf7fa9d9525378b0b81bf8a3ced0620c1c","value":"0x1"},"blockHash":"0xe6d9078b4964bc1b329fb12242254e21cf88ffa9a88058e515d6e79f7d8fce0d","blockNumber":45,"result":{"gasUsed":"0x0","output":"0x"},"subtraces":0,"traceAddress":[],"transactionHash":"0x8d872ca87b7f1343eab260d3f69260e8efde5dcf5532a23c18e1c25cadaa2df7","transactionPosition":0,"type":"call"},{"action":{"from":"0x7435ed30a8b4aeb0877cef0c6e8cffe834eb865f","callType":"call","gas":"0x0","input":"0x","to":"0x14e46043e63d0e3cdcf2530519f4cfaf35058cb2","value":"0x1"},"blockHash":"0xe6d9078b4964bc1b329fb12242254e21cf88ffa9a88058e515d6e79f7d8fce0d","blockNumber":45,"result":{"gasUsed":"0x0","output":"0x"},"subtraces":0,"traceAddress":[],"transactionHash":"0x07782b90d866d9c854fc70a3609e69f378a7d392a61f7cd712136d79e3f98a6f","transactionPosition":1,"type":"call"}]}
response differs from expected (-- client, ++ test):
{
  "id": 1,
  "jsonrpc": "2.0",
  "result": -- [] ++ {}
}
>>  {"jsonrpc": "2.0", "id": 1, "method": "trace_filter", "params": [{"fromBlock": "0x28", "toBlock": "0x30"}]}
<<  {"jsonrpc":"2.0","id":1,"result":[{"action":{"from":"0x7435ed30a8b4aeb0877cef0c6e8cffe834eb865f","callType":"call","gas":"0x11ba0","input":"0x036464a71961a53a656d6974","to":"0x7dcd17433742f4c0ca53122ab541d0ba67fc27df","value":"0x2"},"blockHash":"0xfc2b688f6d286950eff2cf6f1b10a6bf63e92a20fcdf8db7377ef647b154eb52","blockNumber":40,"result":{"gasUsed":"0x5f9c","output":"0x"},"subtraces":0,"traceAddress":[],"transactionHash":"0x0efc1e4671e41e768fa107ecf72ab35e03d5a8b7e3f5bbe29cb28dc1eea265a2","transactionPosition":0,"type":"call"},{"action":{"from":"0x7435ed30a8b4aeb0877cef0c6e8cffe834eb865f","callType":"call","gas":"0x11ba0","input":"0x9ec58f808778768f656d6974","to":"0x7dcd17433742f4c0ca53122ab541d0ba67fc27df","value":"0x2"},"blockHash":"0xfc2b688f6d286950eff2cf6f1b10a6bf63e92a20fcdf8db7377ef647b154eb52","blockNumber":40,"result":{"gasUsed":"0x5f9c","output":"0x"},"subtraces":0,"traceAddress":[],"transactionHash":"0x1942a6223310f991ab036dccb28259dd634e39e08152d383afc422481e5ab2c2","transactionPosition":1,"type":"call"},{"action":{"from":"0x7435ed30a8b4aeb0877cef0c6e8cffe834eb865f","callType":"call","gas":"0x11ba0","input":"0xcd417355d4039279656d6974","to":"0x7dcd17433742f4c0ca53122ab541d0ba67fc27df","value":"0x3"},"blockHash":"0xfc2b688f6d286950eff2cf6f1b10a6bf63e92a20fcdf8db7377ef647b154eb52","blockNumber":40,"result":{"gasUsed":"0x5f9c","output":"0x"},"subtraces":0,"traceAddress":[],"transactionHash":"0xbc3230ca851b7baad39753405e55d96f2124d1e5e8ab9cd76c638bba601423ac","transactionPosition":2,"type":"call"},{"action":{"from":"0x7435ed30a8b4aeb0877cef0c6e8cffe834eb865f","callType":"call","gas":"0x133d8","input":"0x3186f4d423ee1407656d6974","to":"0x7dcd17433742f4c0ca53122ab541d0ba67fc27df","value":"0x2"},"blockHash":"0x9bc6bd9fb238298cb6a4260fc4306ab426b3e2d41607e719dde8c4ca41817da7","blockNumber":41,"result":{"gasUsed":"0x6fa0","output":"0x"},"subtraces":0,"traceAddress":[],"transactionHash":"0x6a2b2c1d5d3bae710fa3c9f79035e0b6b98d65df9cb05e425087c93ce9bf08ed","transactionPosition":0,"type":"call"},{"action":{"from":"0x7435ed30a8b4aeb0877cef0c6e8cffe834eb865f","callType":"call","gas":"0x0","input":"0x","to":"0x717f8aa2b982bee0e29f573d31df288663e1ce16","value":"0x1"},"blockHash":"0x9bc6bd9fb238298cb6a4260fc4306ab426b3e2d41607e719dde8c4ca41817da7","blockNumber":41,"result":{"gasUsed":"0x0","output":"0x"},"subtraces":0,"traceAddress":[],"transactionHash":"0x9249eb130af4bcf26d420f09df8a51f4947e387f9e325e8b223237c9602208a1","transactionPosition":1,"type":"call"},{"action":{"from":"0x7435ed30a8b4aeb0877cef0c6e8cffe834eb865f","callType":"call","gas":"0x0","input":"0x","to":"0x4a0f1452281bcec5bd90c3dce6162a5995bfe9df","value":"0x1"},"blockHash":"0x9bc6bd9fb238298cb6a4260fc4306ab426b3e2d41607e719dde8c4ca41817da7","blockNumber":41,"result":{"gasUsed":"0x0","output":"0x"},"subtraces":0,"traceAddress":[],"transactionHash":"0xbdda348fd5169ff5cc8c761147a64b34ceb2e913d7bf5e8ddf8e497ca3e3460f","transactionPosition":2,"type":"call"},{"action":{"from":"0x7435ed30a8b4aeb0877cef0c6e8cffe834eb865f","callType":"call","gas":"0x0","input":"0x","to":"0x1f5bde34b4afc686f136c7a3cb6ec376f7357759","value":"0x1"},"blockHash":"0x6cb3089f8b5ff993ed24ed9ccbfa8bae322848d722842e6453576f30029b1434","blockNumber":42,"result":{"gasUsed":"0x0","output":"0x"},"subtraces":0,"traceAddress":[],"transactionHash":"0xe4a4bd6a4fad4df86c1222128b9d79a1dd0686cf4a0e1d506731482b7266d483","transactionPosition":0,"type":"call"},{"action":{"from":"0x7435ed30a8b4aeb0877cef0c6e8cffe834eb865f","callType":"call","gas":"0x13488","input":"0x01","to":"0x9dcd17433742f4c0ca53122ab541d0ba67fc27d3","value":"0x0"},"blockHash":"0x6cb3089f8b5ff993ed24ed9ccbfa8bae322848d722842e6453576f30029b1434","blockNumber":42,"error":"Reverted","result":{"gasUsed":"0x889","output":"0x08c379a00000000000000000000000000000000000000000000000000000000000000020000000000000000000000000000000000000000000000000000000000000000a75736572206572726f72"},"subtraces":0,"traceAddress":[],"transactionHash":"0x7a15f2b6b479009c2d8f167dfc8490654348e85aa4968583bab1d4c3c17284bb","transactionPosition":1,"type":"call"},{"action":{"from":"0x7435ed30a8b4aeb0877cef0c6e8cffe834eb865f","callType":"call","gas":"0x8d5b8","input":"0x","to":"0x9dcd17433742f4c0ca53122ab541d0ba67fc27d0","value":"0x0"},"blockHash":"0x22e8e9edaefc674ba389450dc41088e521fb2d33330a72c8b7aa2bf1b2281ffe","blockNumber":43,"result":{"gasUsed":"0x1fc63","output":"0xffee"},"subtraces":7,"traceAddress":[],"transactionHash":"0x651d033b62050d4a32ffb16281c8685790d1233922a4ec2dcd5c6c1a66461226","transactionPosition":0,"type":"call"},{"action":{"from":"0x9dcd17433742f4c0ca53122ab541d0ba67fc27d0","callType":"call","gas":"0xf35c","input":"0xff01","to":"0x9dcd17433742f4c0ca53122ab541d0ba67fc27d1","value":"0x1"},"blockHash":"0x22e8e9edaefc674ba389450dc41088e521fb2d33330a72c8b7aa2bf1b2281ffe","blockNumber":43,"result":{"gasUsed":"0x48","output":"0xffee"},"subtraces":0,"traceAddress":[0],"transactionHash":"0x651d033b62050d4a32ffb16281c8685790d1233922a4ec2dcd5c6c1a66461226","transactionPosition":0,"type":"call"},{"action":{"from":"0x9dcd17433742f4c0ca53122ab541d0ba67fc27d0","callType":"call","gas":"0xea60","input":"0x0000000000000000000000000000000000000000000000000000000000000001","to":"0x9dcd17433742f4c0ca53122ab541d0ba67fc27d3","value":"0x0"},"blockHash":"0x22e8e9edaefc674ba389450dc41088e521fb2d33330a72c8b7aa2bf1b2281ffe","blockNumber":43,"error":"Reverted","result":{"gasUsed":"0x889","output":"0x08c379a00000000000000000000000000000000000000000000000000000000000000020000000000000000000000000000000000000000000000000000000000000000a75736572206572726f72"},"subtraces":0,"traceAddress":[1],"transactionHash":"0x651d033b62050d4a32ffb16281c8685790d1233922a4ec2dcd5c6c1a66461226","transactionPosition":0,"type":"call"},{"action":{"from":"0x9dcd17433742f4c0ca53122ab541d0ba67fc27d0","callType":"staticcall","gas":"0xea60","input":"0x","to":"0x9dcd17433742f4c0ca53122ab541d0ba67fc27d2","value":"0x0"},"blockHash":"0x22e8e9edaefc674ba389450dc41088e521fb2d33330a72c8b7aa2bf1b2281ffe","blockNumber":43,"result":{"gasUsed":"0x7d","output":"0x000000000000000000000000000000000000000000000000000000000000002b000000000000000000000000000000000000000000000000000c72dd9d5e883e0000000000000000000000000000000000000000000000000000000000000000000000000000000000000000000000000000000000000000000000000031c9f400000000000000000000000000000000000000000000000000000000000000000000000000000000000000007435ed30a8b4aeb0877cef0c6e8cffe834eb865f0000000000000000000000000000000000000000000000000000000000000000"},"subtraces":0,"traceAddress":[2],"transactionHash":"0x651d033b62050d4a32ffb16281c8685790d1233922a4ec2dcd5c6c1a66461226","transactionPosition":0,"type":"call"},{"action":{"from":"0x9dcd17433742f4c0ca53122ab541d0ba67fc27d0","callType":"staticcall","gas":"0xea60","input":"0x","to":"0x7dcd17433742f4c0ca53122ab541d0ba67fc27df","value":"0x0"},"blockHash":"0x22e8e9edaefc674ba389450dc41088e521fb2d33330a72c8b7aa2bf1b2281ffe","blockNumber":43,"error":"StateChangeDuringStaticCall","result":null,"subtraces":0,"traceAddress":[3],"transactionHash":"0x651d033b62050d4a32ffb16281c8685790d1233922a4ec2dcd5c6c1a66461226","transactionPosition":0,"type":"call"},{"action":{"from":"0x9dcd17433742f4c0ca53122ab541d0ba67fc27d0","callType":"delegatecall","gas":"0xea60","input":"0x00000000","to":"0x7dcd17433742f4c0ca53122ab541d0ba67fc27df","value":"0x0"},"blockHash":"0x22e8e9edaefc674ba389450dc41088e521fb2d33330a72c8b7aa2bf1b2281ffe","blockNumber":43,"result":{"gasUsed":"0x2cd4","output":"0x"},"subtraces":0,"traceAddress":[4],"transactionHash":"0x651d033b62050d4a32ffb16281c8685790d1233922a4ec2dcd5c6c1a66461226","transactionPosition":0,"type":"call"},{"action":{"from":"0x9dcd17433742f4c0ca53122ab541d0ba67fc27d0","callType":"callcode","gas":"0xea60","input":"0xff01","to":"0x9dcd17433742f4c0ca53122ab541d0ba67fc27d1","value":"0x0"},"blockHash":"0x22e8e9edaefc674ba389450dc41088e521fb2d33330a72c8b7aa2bf1b2281ffe","blockNumber":43,"result":{"gasUsed":"0x48","output":"0xffee"},"subtraces":0,"traceAddress":[5],"transactionHash":"0x651d033b62050d4a32ffb16281c8685790d1233922a4ec2dcd5c6c1a66461226","transactionPosition":0,"type":"call"},{"action":{"from":"0x9dcd17433742f4c0ca53122ab541d0ba67fc27d0","gas":"0x6d70b","init":"0x5b646368696c6460006000a133ff","value":"0x0","creationMethod":"create"},"blockHash":"0x22e8e9edaefc674ba389450dc41088e521fb2d33330a72c8b7aa2bf1b2281ffe","blockNumber":43,"result":{"address":"0x05032e03adbca6d5d04236000a2bbb6b4fec87f5","code":"0x","gasUsed":"0x1682"},"subtraces":1,"traceAddress":[6],"transactionHash":"0x651d033b62050d4a32ffb16281c8685790d1233922a4ec2dcd5c6c1a66461226","transactionPosition":0,"type":"create"},{"action":{"address":"0x05032e03adbca6d5d04236000a2bbb6b4fec87f5","balance":"0x0","refundAddress":"0x9dcd17433742f4c0ca53122ab541d0ba67fc27d0"},"blockHash":"0x22e8e9edaefc674ba389450dc41088e521fb2d33330a72c8b7aa2bf1b2281ffe","blockNumber":43,"result":null,"subtraces":0,"traceAddress":[6,0],"transactionHash":"0x651d033b62050d4a32ffb16281c8685790d1233922a4ec2dcd5c6c1a66461226","transactionPosition":0,"type":"suicide"},{"action":{"from":"0x7435ed30a8b4aeb0877cef0c6e8cffe834eb865f","callType":"call","gas":"0x11ba0","input":"0xebe7a54f122c1cf1656d6974","to":"0x7dcd17433742f4c0ca53122ab541d0ba67fc27df","value":"0x2"},"blockHash":"0x22e8e9edaefc674ba389450dc41088e521fb2d33330a72c8b7aa2bf1b2281ffe","blockNumber":43,"result":{"gasUsed":"0x5f9c","output":"0x"},"subtraces":0,"traceAddress":[],"transactionHash":"0xfa7de1862f93f2da0e1450d833da95e5e04ea7381a471f7388c1e9c92e551deb","transactionPosition":1,"type":"call"},{"action":{"from":"0x7435ed30a8b4aeb0877cef0c6e8cffe834eb865f","callType":"call","gas":"0x11ba0","input":"0xcef26346bf2d1331656d6974","to":"0x7dcd17433742f4c0ca53122ab541d0ba67fc27df","value":"0x2"},"blockHash":"0x22e8e9edaefc674ba389450dc41088e521fb2d33330a72c8b7aa2bf1b2281ffe","blockNumber":43,"result":{"gasUsed":"0x5f9c","output":"0x"},"subtraces":0,"traceAddress":[],"transactionHash":"0x321a8dba67e9c086a4877a6c33c1564471683da311f72005650d102ba847522c","transactionPosition":2,"type":"call"},{"action":{"from":"0x7435ed30a8b4aeb0877cef0c6e8cffe834eb865f","callType":"call","gas":"0x11ba0","input":"0x2276cc05d723a1e7656d6974","to":"0x7dcd17433742f4c0ca53122ab541d0ba67fc27df","value":"0x3"},"blockHash":"0x8ee9c89c042749060aa7225c9568cfbeb4ae658041f42cf5cfa90ef3cbc8c250","blockNumber":44,"result":{"gasUsed":"0x5f9c","output":"0x"},"subtraces":0,"traceAddress":[],"transactionHash":"0x04fd4668ef5f466780ea8c866659e563d8659a626e5de911ea4a687cda38e4b5","transactionPosition":0,"type":"call"},{"action":{"from":"0x7435ed30a8b4aeb0877cef0c6e8cffe834eb865f","callType":"call","gas":"0x133d8","input":"0x7656ae13bace34c5656d6974","to":"0x7dcd17433742f4c0ca53122ab541d0ba67fc27df","value":"0x2"},"blockHash":"0x8ee9c89c042749060aa7225c9568cfbeb4ae658041f42cf5cfa90ef3cbc8c250","blockNumber":44,"result":{"gasUsed":"0x6fa0","output":"0x"},"subtraces":0,"traceAddress":[],"transactionHash":"0x213aa25f0673a954b12f125f001fdfdfc9c4e5ce3f8a5aeb8292f04f5feb15b4","transactionPosition":1,"type":"call"},{"action":{"from":"0x7435ed30a8b4aeb0877cef0c6e8cffe834eb865f","callType":"call","gas":"0x0","input":"0x","to":"0xd803681e487e6ac18053afc5a6cd813c86ec3e4d","value":"0x1"},"blockHash":"0x8ee9c89c042749060aa7225c9568cfbeb4ae658041f42cf5cfa90ef3cbc8c250","blockNumber":44,"result":{"gasUsed":"0x0","output":"0x"},"subtraces":0,"traceAddress":[],"transactionHash":"0x894b329288125359a28bb1e9c07bf6147ed1e1982b0e487a51a0c724d7fa7486","transactionPosition":2,"type":"call"},{"action":{"from":"0x7435ed30a8b4aeb0877cef0c6e8cffe834eb865f","callType":"call","gas":"0x0","input":"0x","to":"0x16c57edf7fa9d9525378b0b81bf8a3ced0620c1c","value":"0x1"},"blockHash":"0xe6d9078b4964bc1b329fb12242254e21cf88ffa9a88058e515d6e79f7d8fce0d","blockNumber":45,"result":{"gasUsed":"0x0","output":"0x"},"subtraces":0,"traceAddress":[],"transactionHash":"0x8d872ca87b7f1343eab260d3f69260e8efde5dcf5532a23c18e1c25cadaa2df7","transactionPosition":0,"type":"call"},{"action":{"from":"0x7435ed30a8b4aeb0877cef0c6e8cffe834eb865f","callType":"call","gas":"0x0","input":"0x","to":"0x14e46043e63d0e3cdcf2530519f4cfaf35058cb2","value":"0x1"},"blockHash":"0xe6d9078b4964bc1b329fb12242254e21cf88ffa9a88058e515d6e79f7d8fce0d","blockNumber":45,"result":{"gasUsed":"0x0","output":"0x"},"subtraces":0,"traceAddress":[],"transactionHash":"0x07782b90d866d9c854fc70a3609e69f378a7d392a61f7cd712136d79e3f98a6f","transactionPosition":1,"type":"call"},{"action":{"from":"0x7435ed30a8b4aeb0877cef0c6e8cffe834eb865f","callType":"call","gas":"0x13488","input":"0x01","to":"0x9dcd17433742f4c0ca53122ab541d0ba67fc27d3","value":"0x0"},"blockHash":"0x5b3627e612c821267b54826693cfde431298fd7cdb8f8ec6ea90d952c494e7e8","blockNumber":46,"error":"Reverted","result":{"gasUsed":"0x889","output":"0x08c379a00000000000000000000000000000000000000000000000000000000000000020000000000000000000000000000000000000000000000000000000000000000a75736572206572726f72"},"subtraces":0,"traceAddress":[],"transactionHash":"0x6992fed2b2fc6c77cb7ffc2a1351d8e5dadf08cf2736fb6d1a0ed5786f3d5206","transactionPosition":0,"type":"call"},{"action":{"from":"0x7435ed30a8b4aeb0877cef0c6e8cffe834eb865f","callType":"call","gas":"0x8d5b8","input":"0x","to":"0x9dcd17433742f4c0ca53122ab541d0ba67fc27d0","value":"0x0"},"blockHash":"0x5b3627e612c821267b54826693cfde431298fd7cdb8f8ec6ea90d952c494e7e8","blockNumber":46,"result":{"gasUsed":"0x1fc63","output":"0xffee"},"subtraces":7,"traceAddress":[],"transactionHash":"0x64b5f6ae3b44a9623caeecbb78c9cf65f9a23781c585d75642e8f52b71bc1599","transactionPosition":1,"type":"call"},{"action":{"from":"0x9dcd17433742f4c0ca53122ab541d0ba67fc27d0","callType":"call","gas":"0xf35c","input":"0xff01","to":"0x9dcd17433742f4c0ca53122ab541d0ba67fc27d1","value":"0x1"},"blockHash":"0x5b3627e612c821267b54826693cfde431298fd7cdb8f8ec6ea90d952c494e7e8","blockNumber":46,"result":{"gasUsed":"0x48","output":"0xffee"},"subtraces":0,"traceAddress":[0],"transactionHash":"0x64b5f6ae3b44a9623caeecbb78c9cf65f9a23781c585d75642e8f52b71bc1599","transactionPosition":1,"type":"call"},{"action":{"from":"0x9dcd17433742f4c0ca53122ab541d0ba67fc27d0","callType":"call","gas":"0xea60","input":"0x0000000000000000000000000000000000000000000000000000000000000001","to":"0x9dcd17433742f4c0ca53122ab541d0ba67fc27d3","value":"0x0"},"blockHash":"0x5b3627e612c821267b54826693cfde431298fd7cdb8f8ec6ea90d952c494e7e8","blockNumber":46,"error":"Reverted","result":{"gasUsed":"0x889","output":"0x08c379a00000000000000000000000000000000000000000000000000000000000000020000000000000000000000000000000000000000000000000000000000000000a75736572206572726f72"},"subtraces":0,"traceAddress":[1],"transactionHash":"0x64b5f6ae3b44a9623caeecbb78c9cf65f9a23781c585d75642e8f52b71bc1599","transactionPosition":1,"type":"call"},{"action":{"from":"0x9dcd17433742f4c0ca53122ab541d0ba67fc27d0","callType":"staticcall","gas":"0xea60","input":"0x","to":"0x9dcd17433742f4c0ca53122ab541d0ba67fc27d2","value":"0x0"},"blockHash":"0x5b3627e612c821267b54826693cfde431298fd7cdb8f8ec6ea90d952c494e7e8","blockNumber":46,"result":{"gasUsed":"0x7d","output":"0x000000000000000000000000000000000000000000000000000000000000002e000000000000000000000000000000000000000000000000000c72dd9d5e883e0000000000000000000000000000000000000000000000000000000000000000000000000000000000000000000000000000000000000000000000000021650900000000000000000000000000000000000000000000000000000000000000000000000000000000000000007435ed30a8b4aeb0877cef0c6e8cffe834eb865f0000000000000000000000000000000000000000000000000000000000000000"},"subtraces":0,"traceAddress":[2],"transactionHash":"0x64b5f6ae3b44a9623caeecbb78c9cf65f9a23781c585d75642e8f52b71bc1599","transactionPosition":1,"type":"call"},{"action":{"from":"0x9dcd17433742f4c0ca53122ab541d0ba67fc27d0","callType":"staticcall","gas":"0xea60","input":"0x","to":"0x7dcd17433742f4c0ca53122ab541d0ba67fc27df","value":"0x0"},"blockHash":"0x5b3627e612c821267b54826693cfde431298fd7cdb8f8ec6ea90d952c494e7e8","blockNumber":46,"error":"StateChangeDuringStaticCall","result":null,"subtraces":0,"traceAddress":[3],"transactionHash":"0x64b5f6ae3b44a9623caeecbb78c9cf65f9a23781c585d75642e8f52b71bc1599","transactionPosition":1,"type":"call"},{"action":{"from":"0x9dcd17433742f4c0ca53122ab541d0ba67fc27d0","callType":"delegatecall","gas":"0xea60","input":"0x00000000","to":"0x7dcd17433742f4c0ca53122ab541d0ba67fc27df","value":"0x0"},"blockHash":"0x5b3627e612c821267b54826693cfde431298fd7cdb8f8ec6ea90d952c494e7e8","blockNumber":46,"result":{"gasUsed":"0x2cd4","output":"0x"},"subtraces":0,"traceAddress":[4],"transactionHash":"0x64b5f6ae3b44a9623caeecbb78c9cf65f9a23781c585d75642e8f52b71bc1599","transactionPosition":1,"type":"call"},{"action":{"from":"0x9dcd17433742f4c0ca53122ab541d0ba67fc27d0","callType":"callcode","gas":"0xea60","input":"0xff01","to":"0x9dcd17433742f4c0ca53122ab541d0ba67fc27d1","value":"0x0"},"blockHash":"0x5b3627e612c821267b54826693cfde431298fd7cdb8f8ec6ea90d952c494e7e8","blockNumber":46,"result":{"gasUsed":"0x48","output":"0xffee"},"subtraces":0,"traceAddress":[5],"transactionHash":"0x64b5f6ae3b44a9623caeecbb78c9cf65f9a23781c585d75642e8f52b71bc1599","transactionPosition":1,"type":"call"},{"action":{"from":"0x9dcd17433742f4c0ca53122ab541d0ba67fc27d0","gas":"0x6d70b","init":"0x5b646368696c6460006000a133ff","value":"0x0","creationMethod":"create"},"blockHash":"0x5b3627e612c821267b54826693cfde431298fd7cdb8f8ec6ea90d952c494e7e8","blockNumber":46,"result":{"address":"0x9ee5c90ad0a83dd07800c64adb87c584092f8e37","code":"0x","gasUsed":"0x1682"},"subtraces":1,"traceAddress":[6],"transactionHash":"0x64b5f6ae3b44a9623caeecbb78c9cf65f9a23781c585d75642e8f52b71bc1599","transactionPosition":1,"type":"create"},{"action":{"address":"0x9ee5c90ad0a83dd07800c64adb87c584092f8e37","balance":"0x0","refundAddress":"0x9dcd17433742f4c0ca53122ab541d0ba67fc27d0"},"blockHash":"0x5b3627e612c821267b54826693cfde431298fd7cdb8f8ec6ea90d952c494e7e8","blockNumber":46,"result":null,"subtraces":0,"traceAddress":[6,0],"transactionHash":"0x64b5f6ae3b44a9623caeecbb78c9cf65f9a23781c585d75642e8f52b71bc1599","transactionPosition":1,"type":"suicide"},{"action":{"from":"0x7435ed30a8b4aeb0877cef0c6e8cffe834eb865f","callType":"call","gas":"0x11ba0","input":"0x515a531d2825dec2656d6974","to":"0x7dcd17433742f4c0ca53122ab541d0ba67fc27df","value":"0x2"},"blockHash":"0x5b3627e612c821267b54826693cfde431298fd7cdb8f8ec6ea90d952c494e7e8","blockNumber":46,"result":{"gasUsed":"0x5f9c","output":"0x"},"subtraces":0,"traceAddress":[],"transactionHash":"0x2cd66c5f92f7f966a3ae2e79fa501284a5da51a3d9d233159854d17c427b1441","transactionPosition":2,"type":"call"},{"action":{"from":"0x7435ed30a8b4aeb0877cef0c6e8cffe834eb865f","callType":"call","gas":"0x11ba0","input":"0xea41c6626bd2d71a656d6974","to":"0x7dcd17433742f4c0ca53122ab541d0ba67fc27df","value":"0x2"},"blockHash":"0xaede89efdac80ce5f55b93ee934eddc67b5c8a4282b18a86ca635d69234301f3","blockNumber":47,"result":{"gasUsed":"0x5f9c","output":"0x"},"subtraces":0,"traceAddress":[],"transactionHash":"0xc81daa5f275b0b347590ec8558e530da183a7ff86c377221a59c96faf5bea12c","transactionPosition":0,"type":"call"},{"action":{"from":"0x7435ed30a8b4aeb0877cef0c6e8cffe834eb865f","callType":"call","gas":"0x11ba0","input":"0x65682bc386966217656d6974","to":"0x7dcd17433742f4c0ca53122ab541d0ba67fc27df","value":"0x3"},"blockHash":"0xaede89efdac80ce5f55b93ee934eddc67b5c8a4282b18a86ca635d69234301f3","blockNumber":47,"result":{"gasUsed":"0x5f9c","output":"0x"},"subtraces":0,"traceAddress":[],"transactionHash":"0x1d37878b27d1e686d15b99cb406684e3c50be2fb0cadce5daee795b48c2003bb","transactionPosition":1,"type":"call"},{"action":{"from":"0x7435ed30a8b4aeb0877cef0c6e8cffe834eb865f","callType":"call","gas":"0x133d8","input":"0x156e2b9e3a273c7b656d6974","to":"0x7dcd17433742f4c0ca53122ab541d0ba67fc27df","value":"0x2"},"blockHash":"0xaede89efdac80ce5f55b93ee934eddc67b5c8a4282b18a86ca635d69234301f3","blockNumber":47,"result":{"gasUsed":"0x6fa0","output":"0x"},"subtraces":0,"traceAddress":[],"transactionHash":"0x62f97493d38267cf7b80fd4e9a048bb77cceed36ac0ddd1072736cff48915821","transactionPosition":2,"type":"call"},{"action":{"from":"0x7435ed30a8b4aeb0877cef0c6e8cffe834eb865f","callType":"call","gas":"0x0","input":"0x","to":"0x83c7e323d189f18725ac510004fdc2941f8c4a78","value":"0x1"},"blockHash":"0xf0b1510b2a9c8d4c4bd1ff2c578ddbffc04741aa06b3cc8680a343741ef15e84","blockNumber":48,"result":{"gasUsed":"0x0","output":"0x"},"subtraces":0,"traceAddress":[],"transactionHash":"0x8e96b39ab5e268215283ab40d65139edc6f281f4d79444b6b0a87861c5f8a1d5","transactionPosition":0,"type":"call"},{"action":{"from":"0x7435ed30a8b4aeb0877cef0c6e8cffe834eb865f","callType":"call","gas":"0x0","input":"0x","to":"0x2d389075be5be9f2246ad654ce152cf05990b209","value":"0x1"},"blockHash":"0xf0b1510b2a9c8d4c4bd1ff2c578ddbffc04741aa06b3cc8680a343741ef15e84","blockNumber":48,"result":{"gasUsed":"0x0","output":"0x"},"subtraces":0,"traceAddress":[],"transactionHash":"0x7045e365111563c3f68594c54d9c4d7e3445f0cfc9671f68e8a0122f849f3f18","transactionPosition":1,"type":"call"},{"action":{"from":"0x7435ed30a8b4aeb0877cef0c6e8cffe834eb865f","callType":"call","gas":"0x0","input":"0x","to":"0x3ae75c08b4c907eb63a8960c45b86e1e9ab6123c","value":"0x1"},"blockHash":"0xf0b1510b2a9c8d4c4bd1ff2c578ddbffc04741aa06b3cc8680a343741ef15e84","blockNumber":48,"result":{"gasUsed":"0x0","output":"0x"},"subtraces":0,"traceAddress":[],"transactionHash":"0xbe7d79a54b361c1515802fdf8e3843694b3a93350a9097b84c5582686c77163c","transactionPosition":2,"type":"call"}]}
response differs from expected (-- client, ++ test):
{
  "id": 1,
  "jsonrpc": "2.0",
  "result": -- [] ++ {}
}
>>  {"jsonrpc": "2.0", "id": 1, "method": "eth_getBlockByNumber", "params": ["0x30", false]}
<<  {"jsonrpc":"2.0","id":1,"result":{"hash":"0xf0b1510b2a9c8d4c4bd1ff2c578ddbffc04741aa06b3cc8680a343741ef15e84","parentHash":"0xaede89efdac80ce5f55b93ee934eddc67b5c8a4282b18a86ca635d69234301f3","sha3Uncles":"0x1dcc4de8dec75d7aab85b567b6ccd41ad312451b948a7413f0a142fd40d49347","miner":"0x0000000000000000000000000000000000000000","stateRoot":"0xbce840ac9806ecb3d791bf55bfcfa9460ff3275996aff265fc75e2a2f3efdb26","transactionsRoot":"0x3d96f46f0efae36059fcba93396d90ed19260e009e9dac0057a1d87e66dc17d0","receiptsRoot":"0x4b7fefa97a453e0ee0cea1d51ca4ab3729f3a2a6a8388a5a3b13765eec3720b7","logsBloom":"0x00000000000000000000000000000000000000000000000000000000000000000000000000000000000000000000000000000000000000000000000000000000000000000000000000000000000000000000000000000000000000000000000000000000000000000000000000000000000000000000000000000000000000000000000000000000000000000000000000000000000000000000000000000000000000000000000000000000000000000000000000000000000000000000000000000000000000000000000000000000000000000000000000000000000000000000000000000000000000000000000000000000000000000000000000000000","difficulty":"0x0","number":"0x30","gasLimit":"0x5f5e100","gasUsed":"0xf618","timestamp":"0x1e0","extraData":"0x","mixHash":"0x0000000000000000000000000000000000000000000000000000000000000000","nonce":"0x0000000000000000","baseFeePerGas":"0x199876","withdrawalsRoot":"0x56e81f171bcc55a6ff8345e692c0f86e5b48e01b996cadc001622fb5e363b421","blobGasUsed":"0x0","excessBlobGas":"0x0","parentBeaconBlockRoot":"0x5b5b49487967b3b60bd859ba2fb13290c6eaf67e97e9f9f9dda935c08564b5f6","requestsHash":"0xe3b0c44298fc1c149afbf4c8996fb92427ae41e4649b934ca495991b7852b855","size":"0x3b8","uncles":[],"transactions":["0x8e96b39ab5e268215283ab40d65139edc6f281f4d79444b6b0a87861c5f8a1d5","0x7045e365111563c3f68594c54d9c4d7e3445f0cfc9671f68e8a0122f849f3f18","0xbe7d79a54b361c1515802fdf8e3843694b3a93350a9097b84c5582686c77163c"],"withdrawals":[]}}
response differs from expected (-- client, ++ test):
{
  "id": 1,
  "jsonrpc": "2.0",
  "result": {
    -- "baseFeePerGas": "0x199876",
    -- "blobGasUsed": "0x0",
    ++ "capture_only": true,
    -- "difficulty": "0x0",
    -- "excessBlobGas": "0x0",
    -- "extraData": "0x",
    -- "gasLimit": "0x5f5e100",
    -- "gasUsed": "0xf618",
    -- "hash": "0xf0b1510b2a9c8d4c4bd1ff2c578ddbffc04741aa06b3cc8680a343741ef15e84",
    -- "logsBloom": "0x00000000000000000000000000000000000000000000000000000000000000000000000000000000000000000000000000000000000000000000000000000000000000000000000000000000000000000000000000000000000000000000000000000000000000000000000000000000000000000000000000000000000000000000000000000000000000000000000000000000000000000000000000000000000000000000000000000000000000000000000000000000000000000000000000000000000000000000000000000000000000000000000000000000000000000000000000000000000000000000000000000000000000000000000000000000",
    -- "miner": "0x0000000000000000000000000000000000000000",
    -- "mixHash": "0x0000000000000000000000000000000000000000000000000000000000000000",
    -- "nonce": "0x0000000000000000",
    -- "number": "0x30",
    -- "parentBeaconBlockRoot": "0x5b5b49487967b3b60bd859ba2fb13290c6eaf67e97e9f9f9dda935c08564b5f6",
    -- "parentHash": "0xaede89efdac80ce5f55b93ee934eddc67b5c8a4282b18a86ca635d69234301f3",
    -- "receiptsRoot": "0x4b7fefa97a453e0ee0cea1d51ca4ab3729f3a2a6a8388a5a3b13765eec3720b7",
    -- "requestsHash": "0xe3b0c44298fc1c149afbf4c8996fb92427ae41e4649b934ca495991b7852b855",
    -- "sha3Uncles": "0x1dcc4de8dec75d7aab85b567b6ccd41ad312451b948a7413f0a142fd40d49347",
    -- "size": "0x3b8",
    -- "stateRoot": "0xbce840ac9806ecb3d791bf55bfcfa9460ff3275996aff265fc75e2a2f3efdb26",
    -- "timestamp": "0x1e0",
    -- "transactions": [
      -- "0x8e96b39ab5e268215283ab40d65139edc6f281f4d79444b6b0a87861c5f8a1d5",
      -- "0x7045e365111563c3f68594c54d9c4d7e3445f0cfc9671f68e8a0122f849f3f18",
      -- "0xbe7d79a54b361c1515802fdf8e3843694b3a93350a9097b84c5582686c77163c"
    -- ],
    -- "transactionsRoot": "0x3d96f46f0efae36059fcba93396d90ed19260e009e9dac0057a1d87e66dc17d0",
    -- "uncles": [],
    -- "withdrawals": [],
    -- "withdrawalsRoot": "0x56e81f171bcc55a6ff8345e692c0f86e5b48e01b996cadc001622fb5e363b421"
  }
}
>>  {"jsonrpc": "2.0", "id": 1, "method": "eth_blockNumber", "params": []}
<<  {"jsonrpc":"2.0","id":1,"result":"0x30"}
response differs from expected (-- client, ++ test):
{
  "id": 1,
  "jsonrpc": "2.0",
  "result": -- "0x30" ++ {}
}
>>  {"jsonrpc": "2.0", "id": 1, "method": "eth_getTransactionReceipt", "params": ["0xe4a4bd6a4fad4df86c1222128b9d79a1dd0686cf4a0e1d506731482b7266d483"]}
<<  {"jsonrpc":"2.0","id":1,"result":{"type":"0x0","status":"0x1","cumulativeGasUsed":"0x5208","logs":[],"logsBloom":"0x00000000000000000000000000000000000000000000000000000000000000000000000000000000000000000000000000000000000000000000000000000000000000000000000000000000000000000000000000000000000000000000000000000000000000000000000000000000000000000000000000000000000000000000000000000000000000000000000000000000000000000000000000000000000000000000000000000000000000000000000000000000000000000000000000000000000000000000000000000000000000000000000000000000000000000000000000000000000000000000000000000000000000000000000000000000","transactionHash":"0xe4a4bd6a4fad4df86c1222128b9d79a1dd0686cf4a0e1d506731482b7266d483","transactionIndex":"0x0","blockHash":"0x6cb3089f8b5ff993ed24ed9ccbfa8bae322848d722842e6453576f30029b1434","blockNumber":"0x2a","gasUsed":"0x5208","effectiveGasPrice":"0x38e4f7","from":"0x7435ed30a8b4aeb0877cef0c6e8cffe834eb865f","to":"0x1f5bde34b4afc686f136c7a3cb6ec376f7357759","contractAddress":null}}
response differs from expected (-- client, ++ test):
{
  "id": 1,
  "jsonrpc": "2.0",
  "result": {
    -- "blockHash": "0x6cb3089f8b5ff993ed24ed9ccbfa8bae322848d722842e6453576f30029b1434",
    -- "blockNumber": "0x2a",
    ++ "capture_only": true,
    -- "contractAddress": null,
    -- "cumulativeGasUsed": "0x5208",
    -- "effectiveGasPrice": "0x38e4f7",
    -- "from": "0x7435ed30a8b4aeb0877cef0c6e8cffe834eb865f",
    -- "gasUsed": "0x5208",
    -- "logs": [],
    -- "logsBloom": "0x00000000000000000000000000000000000000000000000000000000000000000000000000000000000000000000000000000000000000000000000000000000000000000000000000000000000000000000000000000000000000000000000000000000000000000000000000000000000000000000000000000000000000000000000000000000000000000000000000000000000000000000000000000000000000000000000000000000000000000000000000000000000000000000000000000000000000000000000000000000000000000000000000000000000000000000000000000000000000000000000000000000000000000000000000000000",
    -- "status": "0x1",
    -- "to": "0x1f5bde34b4afc686f136c7a3cb6ec376f7357759",
    -- "transactionHash": "0xe4a4bd6a4fad4df86c1222128b9d79a1dd0686cf4a0e1d506731482b7266d483",
    -- "transactionIndex": "0x0",
    -- "type": "0x0"
  }
}
interop Engine engine_newPayloadV4: reply=map[latestValidHash:0x23a229f69acd6ffb1d98dbae859e4fde6bcb6db51786ec54d07085d74bf473d4 status:VALID validationError:<nil>] error=<nil>
interop Engine engine_newPayloadV4: reply=map[latestValidHash:0xb643aaad7876814b2319a5ac15e3efd4c5a928f711683d4d3abee5b525fc349d status:VALID validationError:<nil>] error=<nil>
interop Engine engine_newPayloadV4: reply=map[latestValidHash:0x59c52ea8dd1dfdb037aec4a2f28907fb1cf4ca5401b48590182eaa5415e8e6f3 status:VALID validationError:<nil>] error=<nil>
interop Engine engine_newPayloadV4: reply=map[latestValidHash:0x3ae39139cb5ef4492f48c7ed41f861621a0f7af2c15ee458b09914e7fc97dfe9 status:VALID validationError:<nil>] error=<nil>
interop Engine engine_newPayloadV4: reply=map[latestValidHash:0x008d1333b89a6507babffba8a8605f2426aa21a829ad0c20131d40dc72300628 status:VALID validationError:<nil>] error=<nil>
interop Engine engine_newPayloadV4: reply=map[latestValidHash:0xb75975dcf8dc29c9d8f63272511a20eb5c16c8466634e83f6b840d3baaa54110 status:VALID validationError:<nil>] error=<nil>
interop Engine engine_newPayloadV4: reply=map[latestValidHash:0xced04ae80b11fac8e3619bba83e9f8a3490159e045f1ac504955e69a783dbbcd status:VALID validationError:<nil>] error=<nil>
interop Engine engine_newPayloadV4: reply=map[latestValidHash:0xa3b4b86837197906688c55979962fcf57fc43f7d1796cdacce350f2a4590ef8e status:VALID validationError:<nil>] error=<nil>
interop Engine engine_newPayloadV4: reply=map[latestValidHash:0x89760635a073492746414d5e8ea50ceaaaf035f603e37543a36328af11d6de32 status:VALID validationError:<nil>] error=<nil>
interop forkchoice accepted: [map[finalizedBlockHash:0x9901db3a31e7004c45911fca4480b7dce86a4baeab819eb4959d7316f687d54c headBlockHash:0x89760635a073492746414d5e8ea50ceaaaf035f603e37543a36328af11d6de32 safeBlockHash:0x9901db3a31e7004c45911fca4480b7dce86a4baeab819eb4959d7316f687d54c] <nil>]
>>  {"jsonrpc": "2.0", "id": 1, "method": "trace_block", "params": ["0x2d"]}
<<  {"jsonrpc":"2.0","id":1,"result":[]}
response differs from expected (-- client, ++ test):
{
  "id": 1,
  "jsonrpc": "2.0",
  "result": -- [] ++ {}
}
>>  {"jsonrpc": "2.0", "id": 1, "method": "trace_filter", "params": [{"fromBlock": "0x28", "toBlock": "0x30"}]}
<<  {"jsonrpc":"2.0","id":1,"result":[]}
response differs from expected (-- client, ++ test):
{
  "id": 1,
  "jsonrpc": "2.0",
  "result": -- [] ++ {}
}
>>  {"jsonrpc": "2.0", "id": 1, "method": "eth_getBlockByNumber", "params": ["0x30", false]}
<<  {"jsonrpc":"2.0","id":1,"result":{"hash":"0x89760635a073492746414d5e8ea50ceaaaf035f603e37543a36328af11d6de32","parentHash":"0xa3b4b86837197906688c55979962fcf57fc43f7d1796cdacce350f2a4590ef8e","sha3Uncles":"0x1dcc4de8dec75d7aab85b567b6ccd41ad312451b948a7413f0a142fd40d49347","miner":"0x0000000000000000000000000000000000000000","stateRoot":"0xe679c81a19539811969c8d19a159ade831d70b65332e61695bf8ff5084c2a975","transactionsRoot":"0x56e81f171bcc55a6ff8345e692c0f86e5b48e01b996cadc001622fb5e363b421","receiptsRoot":"0x56e81f171bcc55a6ff8345e692c0f86e5b48e01b996cadc001622fb5e363b421","logsBloom":"0x00000000000000000000000000000000000000000000000000000000000000000000000000000000000000000000000000000000000000000000000000000000000000000000000000000000000000000000000000000000000000000000000000000000000000000000000000000000000000000000000000000000000000000000000000000000000000000000000000000000000000000000000000000000000000000000000000000000000000000000000000000000000000000000000000000000000000000000000000000000000000000000000000000000000000000000000000000000000000000000000000000000000000000000000000000000","difficulty":"0x0","number":"0x30","gasLimit":"0x5f5e100","gasUsed":"0x0","timestamp":"0x1e0","extraData":"0x","mixHash":"0x0000000000000000000000000000000000000000000000000000000000000000","nonce":"0x0000000000000000","baseFeePerGas":"0x198413","withdrawalsRoot":"0x56e81f171bcc55a6ff8345e692c0f86e5b48e01b996cadc001622fb5e363b421","blobGasUsed":"0x0","excessBlobGas":"0x0","parentBeaconBlockRoot":"0x5b5b49487967b3b60bd859ba2fb13290c6eaf67e97e9f9f9dda935c08564b5f6","requestsHash":"0xe3b0c44298fc1c149afbf4c8996fb92427ae41e4649b934ca495991b7852b855","size":"0x265","uncles":[],"transactions":[],"withdrawals":[]}}
response differs from expected (-- client, ++ test):
{
  "id": 1,
  "jsonrpc": "2.0",
  "result": {
    -- "baseFeePerGas": "0x198413",
    -- "blobGasUsed": "0x0",
    ++ "capture_only": true,
    -- "difficulty": "0x0",
    -- "excessBlobGas": "0x0",
    -- "extraData": "0x",
    -- "gasLimit": "0x5f5e100",
    -- "gasUsed": "0x0",
    -- "hash": "0x89760635a073492746414d5e8ea50ceaaaf035f603e37543a36328af11d6de32",
    -- "logsBloom": "0x00000000000000000000000000000000000000000000000000000000000000000000000000000000000000000000000000000000000000000000000000000000000000000000000000000000000000000000000000000000000000000000000000000000000000000000000000000000000000000000000000000000000000000000000000000000000000000000000000000000000000000000000000000000000000000000000000000000000000000000000000000000000000000000000000000000000000000000000000000000000000000000000000000000000000000000000000000000000000000000000000000000000000000000000000000000",
    -- "miner": "0x0000000000000000000000000000000000000000",
    -- "mixHash": "0x0000000000000000000000000000000000000000000000000000000000000000",
    -- "nonce": "0x0000000000000000",
    -- "number": "0x30",
    -- "parentBeaconBlockRoot": "0x5b5b49487967b3b60bd859ba2fb13290c6eaf67e97e9f9f9dda935c08564b5f6",
    -- "parentHash": "0xa3b4b86837197906688c55979962fcf57fc43f7d1796cdacce350f2a4590ef8e",
    -- "receiptsRoot": "0x56e81f171bcc55a6ff8345e692c0f86e5b48e01b996cadc001622fb5e363b421",
    -- "requestsHash": "0xe3b0c44298fc1c149afbf4c8996fb92427ae41e4649b934ca495991b7852b855",
    -- "sha3Uncles": "0x1dcc4de8dec75d7aab85b567b6ccd41ad312451b948a7413f0a142fd40d49347",
    -- "size": "0x265",
    -- "stateRoot": "0xe679c81a19539811969c8d19a159ade831d70b65332e61695bf8ff5084c2a975",
    -- "timestamp": "0x1e0",
    -- "transactions": [],
    -- "transactionsRoot": "0x56e81f171bcc55a6ff8345e692c0f86e5b48e01b996cadc001622fb5e363b421",
    -- "uncles": [],
    -- "withdrawals": [],
    -- "withdrawalsRoot": "0x56e81f171bcc55a6ff8345e692c0f86e5b48e01b996cadc001622fb5e363b421"
  }
}
>>  {"jsonrpc": "2.0", "id": 1, "method": "eth_blockNumber", "params": []}
<<  {"jsonrpc":"2.0","id":1,"result":"0x30"}
response differs from expected (-- client, ++ test):
{
  "id": 1,
  "jsonrpc": "2.0",
  "result": -- "0x30" ++ {}
}
>>  {"jsonrpc": "2.0", "id": 1, "method": "eth_getTransactionReceipt", "params": ["0xe4a4bd6a4fad4df86c1222128b9d79a1dd0686cf4a0e1d506731482b7266d483"]}
<<  {"jsonrpc":"2.0","id":1,"result":{"type":"0x0","status":"0x1","cumulativeGasUsed":"0x5208","logs":[],"logsBloom":"0x00000000000000000000000000000000000000000000000000000000000000000000000000000000000000000000000000000000000000000000000000000000000000000000000000000000000000000000000000000000000000000000000000000000000000000000000000000000000000000000000000000000000000000000000000000000000000000000000000000000000000000000000000000000000000000000000000000000000000000000000000000000000000000000000000000000000000000000000000000000000000000000000000000000000000000000000000000000000000000000000000000000000000000000000000000000","transactionHash":"0xe4a4bd6a4fad4df86c1222128b9d79a1dd0686cf4a0e1d506731482b7266d483","transactionIndex":"0x0","blockHash":"0x6cb3089f8b5ff993ed24ed9ccbfa8bae322848d722842e6453576f30029b1434","blockNumber":"0x2a","gasUsed":"0x5208","effectiveGasPrice":"0x38e4f7","from":"0x7435ed30a8b4aeb0877cef0c6e8cffe834eb865f","to":"0x1f5bde34b4afc686f136c7a3cb6ec376f7357759","contractAddress":null}}
response differs from expected (-- client, ++ test):
{
  "id": 1,
  "jsonrpc": "2.0",
  "result": {
    -- "blockHash": "0x6cb3089f8b5ff993ed24ed9ccbfa8bae322848d722842e6453576f30029b1434",
    -- "blockNumber": "0x2a",
    ++ "capture_only": true,
    -- "contractAddress": null,
    -- "cumulativeGasUsed": "0x5208",
    -- "effectiveGasPrice": "0x38e4f7",
    -- "from": "0x7435ed30a8b4aeb0877cef0c6e8cffe834eb865f",
    -- "gasUsed": "0x5208",
    -- "logs": [],
    -- "logsBloom": "0x00000000000000000000000000000000000000000000000000000000000000000000000000000000000000000000000000000000000000000000000000000000000000000000000000000000000000000000000000000000000000000000000000000000000000000000000000000000000000000000000000000000000000000000000000000000000000000000000000000000000000000000000000000000000000000000000000000000000000000000000000000000000000000000000000000000000000000000000000000000000000000000000000000000000000000000000000000000000000000000000000000000000000000000000000000000",
    -- "status": "0x1",
    -- "to": "0x1f5bde34b4afc686f136c7a3cb6ec376f7357759",
    -- "transactionHash": "0xe4a4bd6a4fad4df86c1222128b9d79a1dd0686cf4a0e1d506731482b7266d483",
    -- "transactionIndex": "0x0",
    -- "type": "0x0"
  }
}
interop forkchoice accepted: [map[finalizedBlockHash:0x9901db3a31e7004c45911fca4480b7dce86a4baeab819eb4959d7316f687d54c headBlockHash:0xf0b1510b2a9c8d4c4bd1ff2c578ddbffc04741aa06b3cc8680a343741ef15e84 safeBlockHash:0x9901db3a31e7004c45911fca4480b7dce86a4baeab819eb4959d7316f687d54c] <nil>]
canonical RPC head did not become 0xf0b1510b2a9c8d4c4bd1ff2c578ddbffc04741aa06b3cc8680a343741ef15e84
sending engine_forkchoiceUpdatedV3: [map[finalizedBlockHash:0x9901db3a31e7004c45911fca4480b7dce86a4baeab819eb4959d7316f687d54c headBlockHash:0xf0b1510b2a9c8d4c4bd1ff2c578ddbffc04741aa06b3cc8680a343741ef15e84 safeBlockHash:0x9901db3a31e7004c45911fca4480b7dce86a4baeab819eb4959d7316f687d54c] <nil>]
response: map[payloadId:<nil> payloadStatus:map[latestValidHash:0xf0b1510b2a9c8d4c4bd1ff2c578ddbffc04741aa06b3cc8680a343741ef15e84 status:VALID validationError:<nil>]]
>>  {"jsonrpc": "2.0", "id": 1, "method": "eth_getBlockByNumber", "params": ["0x30", false]}
<<  {"jsonrpc":"2.0","id":1,"result":{"hash":"0xf0b1510b2a9c8d4c4bd1ff2c578ddbffc04741aa06b3cc8680a343741ef15e84","parentHash":"0xaede89efdac80ce5f55b93ee934eddc67b5c8a4282b18a86ca635d69234301f3","sha3Uncles":"0x1dcc4de8dec75d7aab85b567b6ccd41ad312451b948a7413f0a142fd40d49347","miner":"0x0000000000000000000000000000000000000000","stateRoot":"0xbce840ac9806ecb3d791bf55bfcfa9460ff3275996aff265fc75e2a2f3efdb26","transactionsRoot":"0x3d96f46f0efae36059fcba93396d90ed19260e009e9dac0057a1d87e66dc17d0","receiptsRoot":"0x4b7fefa97a453e0ee0cea1d51ca4ab3729f3a2a6a8388a5a3b13765eec3720b7","logsBloom":"0x00000000000000000000000000000000000000000000000000000000000000000000000000000000000000000000000000000000000000000000000000000000000000000000000000000000000000000000000000000000000000000000000000000000000000000000000000000000000000000000000000000000000000000000000000000000000000000000000000000000000000000000000000000000000000000000000000000000000000000000000000000000000000000000000000000000000000000000000000000000000000000000000000000000000000000000000000000000000000000000000000000000000000000000000000000000","difficulty":"0x0","number":"0x30","gasLimit":"0x5f5e100","gasUsed":"0xf618","timestamp":"0x1e0","extraData":"0x","mixHash":"0x0000000000000000000000000000000000000000000000000000000000000000","nonce":"0x0000000000000000","baseFeePerGas":"0x199876","withdrawalsRoot":"0x56e81f171bcc55a6ff8345e692c0f86e5b48e01b996cadc001622fb5e363b421","blobGasUsed":"0x0","excessBlobGas":"0x0","parentBeaconBlockRoot":"0x5b5b49487967b3b60bd859ba2fb13290c6eaf67e97e9f9f9dda935c08564b5f6","requestsHash":"0xe3b0c44298fc1c149afbf4c8996fb92427ae41e4649b934ca495991b7852b855","size":"0x3b8","uncles":[],"transactions":["0x8e96b39ab5e268215283ab40d65139edc6f281f4d79444b6b0a87861c5f8a1d5","0x7045e365111563c3f68594c54d9c4d7e3445f0cfc9671f68e8a0122f849f3f18","0xbe7d79a54b361c1515802fdf8e3843694b3a93350a9097b84c5582686c77163c"],"withdrawals":[]}}
response differs from expected (-- client, ++ test):
{
  "id": 1,
  "jsonrpc": "2.0",
  "result": {
    -- "baseFeePerGas": "0x199876",
    -- "blobGasUsed": "0x0",
    ++ "capture_only": true,
    -- "difficulty": "0x0",
    -- "excessBlobGas": "0x0",
    -- "extraData": "0x",
    -- "gasLimit": "0x5f5e100",
    -- "gasUsed": "0xf618",
    -- "hash": "0xf0b1510b2a9c8d4c4bd1ff2c578ddbffc04741aa06b3cc8680a343741ef15e84",
    -- "logsBloom": "0x00000000000000000000000000000000000000000000000000000000000000000000000000000000000000000000000000000000000000000000000000000000000000000000000000000000000000000000000000000000000000000000000000000000000000000000000000000000000000000000000000000000000000000000000000000000000000000000000000000000000000000000000000000000000000000000000000000000000000000000000000000000000000000000000000000000000000000000000000000000000000000000000000000000000000000000000000000000000000000000000000000000000000000000000000000000",
    -- "miner": "0x0000000000000000000000000000000000000000",
    -- "mixHash": "0x0000000000000000000000000000000000000000000000000000000000000000",
    -- "nonce": "0x0000000000000000",
    -- "number": "0x30",
    -- "parentBeaconBlockRoot": "0x5b5b49487967b3b60bd859ba2fb13290c6eaf67e97e9f9f9dda935c08564b5f6",
    -- "parentHash": "0xaede89efdac80ce5f55b93ee934eddc67b5c8a4282b18a86ca635d69234301f3",
    -- "receiptsRoot": "0x4b7fefa97a453e0ee0cea1d51ca4ab3729f3a2a6a8388a5a3b13765eec3720b7",
    -- "requestsHash": "0xe3b0c44298fc1c149afbf4c8996fb92427ae41e4649b934ca495991b7852b855",
    -- "sha3Uncles": "0x1dcc4de8dec75d7aab85b567b6ccd41ad312451b948a7413f0a142fd40d49347",
    -- "size": "0x3b8",
    -- "stateRoot": "0xbce840ac9806ecb3d791bf55bfcfa9460ff3275996aff265fc75e2a2f3efdb26",
    -- "timestamp": "0x1e0",
    -- "transactions": [
      -- "0x8e96b39ab5e268215283ab40d65139edc6f281f4d79444b6b0a87861c5f8a1d5",
      -- "0x7045e365111563c3f68594c54d9c4d7e3445f0cfc9671f68e8a0122f849f3f18",
      -- "0xbe7d79a54b361c1515802fdf8e3843694b3a93350a9097b84c5582686c77163c"
    -- ],
    -- "transactionsRoot": "0x3d96f46f0efae36059fcba93396d90ed19260e009e9dac0057a1d87e66dc17d0",
    -- "uncles": [],
    -- "withdrawals": [],
    -- "withdrawalsRoot": "0x56e81f171bcc55a6ff8345e692c0f86e5b48e01b996cadc001622fb5e363b421"
  }
}
>>  {"jsonrpc": "2.0", "id": 1, "method": "eth_getBlockByNumber", "params": ["latest", false]}
<<  {"jsonrpc":"2.0","id":1,"result":{"hash":"0xf0b1510b2a9c8d4c4bd1ff2c578ddbffc04741aa06b3cc8680a343741ef15e84","parentHash":"0xaede89efdac80ce5f55b93ee934eddc67b5c8a4282b18a86ca635d69234301f3","sha3Uncles":"0x1dcc4de8dec75d7aab85b567b6ccd41ad312451b948a7413f0a142fd40d49347","miner":"0x0000000000000000000000000000000000000000","stateRoot":"0xbce840ac9806ecb3d791bf55bfcfa9460ff3275996aff265fc75e2a2f3efdb26","transactionsRoot":"0x3d96f46f0efae36059fcba93396d90ed19260e009e9dac0057a1d87e66dc17d0","receiptsRoot":"0x4b7fefa97a453e0ee0cea1d51ca4ab3729f3a2a6a8388a5a3b13765eec3720b7","logsBloom":"0x00000000000000000000000000000000000000000000000000000000000000000000000000000000000000000000000000000000000000000000000000000000000000000000000000000000000000000000000000000000000000000000000000000000000000000000000000000000000000000000000000000000000000000000000000000000000000000000000000000000000000000000000000000000000000000000000000000000000000000000000000000000000000000000000000000000000000000000000000000000000000000000000000000000000000000000000000000000000000000000000000000000000000000000000000000000","difficulty":"0x0","number":"0x30","gasLimit":"0x5f5e100","gasUsed":"0xf618","timestamp":"0x1e0","extraData":"0x","mixHash":"0x0000000000000000000000000000000000000000000000000000000000000000","nonce":"0x0000000000000000","baseFeePerGas":"0x199876","withdrawalsRoot":"0x56e81f171bcc55a6ff8345e692c0f86e5b48e01b996cadc001622fb5e363b421","blobGasUsed":"0x0","excessBlobGas":"0x0","parentBeaconBlockRoot":"0x5b5b49487967b3b60bd859ba2fb13290c6eaf67e97e9f9f9dda935c08564b5f6","requestsHash":"0xe3b0c44298fc1c149afbf4c8996fb92427ae41e4649b934ca495991b7852b855","size":"0x3b8","uncles":[],"transactions":["0x8e96b39ab5e268215283ab40d65139edc6f281f4d79444b6b0a87861c5f8a1d5","0x7045e365111563c3f68594c54d9c4d7e3445f0cfc9671f68e8a0122f849f3f18","0xbe7d79a54b361c1515802fdf8e3843694b3a93350a9097b84c5582686c77163c"],"withdrawals":[]}}
response differs from expected (-- client, ++ test):
{
  "id": 1,
  "jsonrpc": "2.0",
  "result": {
    -- "baseFeePerGas": "0x199876",
    -- "blobGasUsed": "0x0",
    ++ "capture_only": true,
    -- "difficulty": "0x0",
    -- "excessBlobGas": "0x0",
    -- "extraData": "0x",
    -- "gasLimit": "0x5f5e100",
    -- "gasUsed": "0xf618",
    -- "hash": "0xf0b1510b2a9c8d4c4bd1ff2c578ddbffc04741aa06b3cc8680a343741ef15e84",
    -- "logsBloom": "0x00000000000000000000000000000000000000000000000000000000000000000000000000000000000000000000000000000000000000000000000000000000000000000000000000000000000000000000000000000000000000000000000000000000000000000000000000000000000000000000000000000000000000000000000000000000000000000000000000000000000000000000000000000000000000000000000000000000000000000000000000000000000000000000000000000000000000000000000000000000000000000000000000000000000000000000000000000000000000000000000000000000000000000000000000000000",
    -- "miner": "0x0000000000000000000000000000000000000000",
    -- "mixHash": "0x0000000000000000000000000000000000000000000000000000000000000000",
    -- "nonce": "0x0000000000000000",
    -- "number": "0x30",
    -- "parentBeaconBlockRoot": "0x5b5b49487967b3b60bd859ba2fb13290c6eaf67e97e9f9f9dda935c08564b5f6",
    -- "parentHash": "0xaede89efdac80ce5f55b93ee934eddc67b5c8a4282b18a86ca635d69234301f3",
    -- "receiptsRoot": "0x4b7fefa97a453e0ee0cea1d51ca4ab3729f3a2a6a8388a5a3b13765eec3720b7",
    -- "requestsHash": "0xe3b0c44298fc1c149afbf4c8996fb92427ae41e4649b934ca495991b7852b855",
    -- "sha3Uncles": "0x1dcc4de8dec75d7aab85b567b6ccd41ad312451b948a7413f0a142fd40d49347",
    -- "size": "0x3b8",
    -- "stateRoot": "0xbce840ac9806ecb3d791bf55bfcfa9460ff3275996aff265fc75e2a2f3efdb26",
    -- "timestamp": "0x1e0",
    -- "transactions": [
      -- "0x8e96b39ab5e268215283ab40d65139edc6f281f4d79444b6b0a87861c5f8a1d5",
      -- "0x7045e365111563c3f68594c54d9c4d7e3445f0cfc9671f68e8a0122f849f3f18",
      -- "0xbe7d79a54b361c1515802fdf8e3843694b3a93350a9097b84c5582686c77163c"
    -- ],
    -- "transactionsRoot": "0x3d96f46f0efae36059fcba93396d90ed19260e009e9dac0057a1d87e66dc17d0",
    -- "uncles": [],
    -- "withdrawals": [],
    -- "withdrawalsRoot": "0x56e81f171bcc55a6ff8345e692c0f86e5b48e01b996cadc001622fb5e363b421"
  }
}
>>  {"jsonrpc": "2.0", "id": 1, "method": "web3_clientVersion", "params": []}
<<  {"jsonrpc":"2.0","id":1,"result":"reth/v2.6.0-73a3a00/x86_64-unknown-linux-gnu"}
response differs from expected (-- client, ++ test):
{
  "id": 1,
  "jsonrpc": "2.0",
  "result": -- "reth/v2.6.0-73a3a00/x86_64-unknown-linux-gnu" ++ {}
}
>>  {"jsonrpc": "2.0", "id": 1, "method": "trace_block", "params": ["0x2d"]}
<<  {"jsonrpc":"2.0","id":1,"result":[{"action":{"from":"0x7435ed30a8b4aeb0877cef0c6e8cffe834eb865f","callType":"call","gas":"0x0","input":"0x","to":"0x16c57edf7fa9d9525378b0b81bf8a3ced0620c1c","value":"0x1"},"blockHash":"0xe6d9078b4964bc1b329fb12242254e21cf88ffa9a88058e515d6e79f7d8fce0d","blockNumber":45,"result":{"gasUsed":"0x0","output":"0x"},"subtraces":0,"traceAddress":[],"transactionHash":"0x8d872ca87b7f1343eab260d3f69260e8efde5dcf5532a23c18e1c25cadaa2df7","transactionPosition":0,"type":"call"},{"action":{"from":"0x7435ed30a8b4aeb0877cef0c6e8cffe834eb865f","callType":"call","gas":"0x0","input":"0x","to":"0x14e46043e63d0e3cdcf2530519f4cfaf35058cb2","value":"0x1"},"blockHash":"0xe6d9078b4964bc1b329fb12242254e21cf88ffa9a88058e515d6e79f7d8fce0d","blockNumber":45,"result":{"gasUsed":"0x0","output":"0x"},"subtraces":0,"traceAddress":[],"transactionHash":"0x07782b90d866d9c854fc70a3609e69f378a7d392a61f7cd712136d79e3f98a6f","transactionPosition":1,"type":"call"}]}
response differs from expected (-- client, ++ test):
{
  "id": 1,
  "jsonrpc": "2.0",
  "result": -- [] ++ {}
}
>>  {"jsonrpc": "2.0", "id": 1, "method": "trace_filter", "params": [{"fromBlock": "0x28", "toBlock": "0x30"}]}
<<  {"jsonrpc":"2.0","id":1,"result":[{"action":{"from":"0x7435ed30a8b4aeb0877cef0c6e8cffe834eb865f","callType":"call","gas":"0x11ba0","input":"0x036464a71961a53a656d6974","to":"0x7dcd17433742f4c0ca53122ab541d0ba67fc27df","value":"0x2"},"blockHash":"0xfc2b688f6d286950eff2cf6f1b10a6bf63e92a20fcdf8db7377ef647b154eb52","blockNumber":40,"result":{"gasUsed":"0x5f9c","output":"0x"},"subtraces":0,"traceAddress":[],"transactionHash":"0x0efc1e4671e41e768fa107ecf72ab35e03d5a8b7e3f5bbe29cb28dc1eea265a2","transactionPosition":0,"type":"call"},{"action":{"from":"0x7435ed30a8b4aeb0877cef0c6e8cffe834eb865f","callType":"call","gas":"0x11ba0","input":"0x9ec58f808778768f656d6974","to":"0x7dcd17433742f4c0ca53122ab541d0ba67fc27df","value":"0x2"},"blockHash":"0xfc2b688f6d286950eff2cf6f1b10a6bf63e92a20fcdf8db7377ef647b154eb52","blockNumber":40,"result":{"gasUsed":"0x5f9c","output":"0x"},"subtraces":0,"traceAddress":[],"transactionHash":"0x1942a6223310f991ab036dccb28259dd634e39e08152d383afc422481e5ab2c2","transactionPosition":1,"type":"call"},{"action":{"from":"0x7435ed30a8b4aeb0877cef0c6e8cffe834eb865f","callType":"call","gas":"0x11ba0","input":"0xcd417355d4039279656d6974","to":"0x7dcd17433742f4c0ca53122ab541d0ba67fc27df","value":"0x3"},"blockHash":"0xfc2b688f6d286950eff2cf6f1b10a6bf63e92a20fcdf8db7377ef647b154eb52","blockNumber":40,"result":{"gasUsed":"0x5f9c","output":"0x"},"subtraces":0,"traceAddress":[],"transactionHash":"0xbc3230ca851b7baad39753405e55d96f2124d1e5e8ab9cd76c638bba601423ac","transactionPosition":2,"type":"call"},{"action":{"from":"0x7435ed30a8b4aeb0877cef0c6e8cffe834eb865f","callType":"call","gas":"0x133d8","input":"0x3186f4d423ee1407656d6974","to":"0x7dcd17433742f4c0ca53122ab541d0ba67fc27df","value":"0x2"},"blockHash":"0x9bc6bd9fb238298cb6a4260fc4306ab426b3e2d41607e719dde8c4ca41817da7","blockNumber":41,"result":{"gasUsed":"0x6fa0","output":"0x"},"subtraces":0,"traceAddress":[],"transactionHash":"0x6a2b2c1d5d3bae710fa3c9f79035e0b6b98d65df9cb05e425087c93ce9bf08ed","transactionPosition":0,"type":"call"},{"action":{"from":"0x7435ed30a8b4aeb0877cef0c6e8cffe834eb865f","callType":"call","gas":"0x0","input":"0x","to":"0x717f8aa2b982bee0e29f573d31df288663e1ce16","value":"0x1"},"blockHash":"0x9bc6bd9fb238298cb6a4260fc4306ab426b3e2d41607e719dde8c4ca41817da7","blockNumber":41,"result":{"gasUsed":"0x0","output":"0x"},"subtraces":0,"traceAddress":[],"transactionHash":"0x9249eb130af4bcf26d420f09df8a51f4947e387f9e325e8b223237c9602208a1","transactionPosition":1,"type":"call"},{"action":{"from":"0x7435ed30a8b4aeb0877cef0c6e8cffe834eb865f","callType":"call","gas":"0x0","input":"0x","to":"0x4a0f1452281bcec5bd90c3dce6162a5995bfe9df","value":"0x1"},"blockHash":"0x9bc6bd9fb238298cb6a4260fc4306ab426b3e2d41607e719dde8c4ca41817da7","blockNumber":41,"result":{"gasUsed":"0x0","output":"0x"},"subtraces":0,"traceAddress":[],"transactionHash":"0xbdda348fd5169ff5cc8c761147a64b34ceb2e913d7bf5e8ddf8e497ca3e3460f","transactionPosition":2,"type":"call"},{"action":{"from":"0x7435ed30a8b4aeb0877cef0c6e8cffe834eb865f","callType":"call","gas":"0x0","input":"0x","to":"0x1f5bde34b4afc686f136c7a3cb6ec376f7357759","value":"0x1"},"blockHash":"0x6cb3089f8b5ff993ed24ed9ccbfa8bae322848d722842e6453576f30029b1434","blockNumber":42,"result":{"gasUsed":"0x0","output":"0x"},"subtraces":0,"traceAddress":[],"transactionHash":"0xe4a4bd6a4fad4df86c1222128b9d79a1dd0686cf4a0e1d506731482b7266d483","transactionPosition":0,"type":"call"},{"action":{"from":"0x7435ed30a8b4aeb0877cef0c6e8cffe834eb865f","callType":"call","gas":"0x13488","input":"0x01","to":"0x9dcd17433742f4c0ca53122ab541d0ba67fc27d3","value":"0x0"},"blockHash":"0x6cb3089f8b5ff993ed24ed9ccbfa8bae322848d722842e6453576f30029b1434","blockNumber":42,"error":"Reverted","result":{"gasUsed":"0x889","output":"0x08c379a00000000000000000000000000000000000000000000000000000000000000020000000000000000000000000000000000000000000000000000000000000000a75736572206572726f72"},"subtraces":0,"traceAddress":[],"transactionHash":"0x7a15f2b6b479009c2d8f167dfc8490654348e85aa4968583bab1d4c3c17284bb","transactionPosition":1,"type":"call"},{"action":{"from":"0x7435ed30a8b4aeb0877cef0c6e8cffe834eb865f","callType":"call","gas":"0x8d5b8","input":"0x","to":"0x9dcd17433742f4c0ca53122ab541d0ba67fc27d0","value":"0x0"},"blockHash":"0x22e8e9edaefc674ba389450dc41088e521fb2d33330a72c8b7aa2bf1b2281ffe","blockNumber":43,"result":{"gasUsed":"0x1fc63","output":"0xffee"},"subtraces":7,"traceAddress":[],"transactionHash":"0x651d033b62050d4a32ffb16281c8685790d1233922a4ec2dcd5c6c1a66461226","transactionPosition":0,"type":"call"},{"action":{"from":"0x9dcd17433742f4c0ca53122ab541d0ba67fc27d0","callType":"call","gas":"0xf35c","input":"0xff01","to":"0x9dcd17433742f4c0ca53122ab541d0ba67fc27d1","value":"0x1"},"blockHash":"0x22e8e9edaefc674ba389450dc41088e521fb2d33330a72c8b7aa2bf1b2281ffe","blockNumber":43,"result":{"gasUsed":"0x48","output":"0xffee"},"subtraces":0,"traceAddress":[0],"transactionHash":"0x651d033b62050d4a32ffb16281c8685790d1233922a4ec2dcd5c6c1a66461226","transactionPosition":0,"type":"call"},{"action":{"from":"0x9dcd17433742f4c0ca53122ab541d0ba67fc27d0","callType":"call","gas":"0xea60","input":"0x0000000000000000000000000000000000000000000000000000000000000001","to":"0x9dcd17433742f4c0ca53122ab541d0ba67fc27d3","value":"0x0"},"blockHash":"0x22e8e9edaefc674ba389450dc41088e521fb2d33330a72c8b7aa2bf1b2281ffe","blockNumber":43,"error":"Reverted","result":{"gasUsed":"0x889","output":"0x08c379a00000000000000000000000000000000000000000000000000000000000000020000000000000000000000000000000000000000000000000000000000000000a75736572206572726f72"},"subtraces":0,"traceAddress":[1],"transactionHash":"0x651d033b62050d4a32ffb16281c8685790d1233922a4ec2dcd5c6c1a66461226","transactionPosition":0,"type":"call"},{"action":{"from":"0x9dcd17433742f4c0ca53122ab541d0ba67fc27d0","callType":"staticcall","gas":"0xea60","input":"0x","to":"0x9dcd17433742f4c0ca53122ab541d0ba67fc27d2","value":"0x0"},"blockHash":"0x22e8e9edaefc674ba389450dc41088e521fb2d33330a72c8b7aa2bf1b2281ffe","blockNumber":43,"result":{"gasUsed":"0x7d","output":"0x000000000000000000000000000000000000000000000000000000000000002b000000000000000000000000000000000000000000000000000c72dd9d5e883e0000000000000000000000000000000000000000000000000000000000000000000000000000000000000000000000000000000000000000000000000031c9f400000000000000000000000000000000000000000000000000000000000000000000000000000000000000007435ed30a8b4aeb0877cef0c6e8cffe834eb865f0000000000000000000000000000000000000000000000000000000000000000"},"subtraces":0,"traceAddress":[2],"transactionHash":"0x651d033b62050d4a32ffb16281c8685790d1233922a4ec2dcd5c6c1a66461226","transactionPosition":0,"type":"call"},{"action":{"from":"0x9dcd17433742f4c0ca53122ab541d0ba67fc27d0","callType":"staticcall","gas":"0xea60","input":"0x","to":"0x7dcd17433742f4c0ca53122ab541d0ba67fc27df","value":"0x0"},"blockHash":"0x22e8e9edaefc674ba389450dc41088e521fb2d33330a72c8b7aa2bf1b2281ffe","blockNumber":43,"error":"StateChangeDuringStaticCall","result":null,"subtraces":0,"traceAddress":[3],"transactionHash":"0x651d033b62050d4a32ffb16281c8685790d1233922a4ec2dcd5c6c1a66461226","transactionPosition":0,"type":"call"},{"action":{"from":"0x9dcd17433742f4c0ca53122ab541d0ba67fc27d0","callType":"delegatecall","gas":"0xea60","input":"0x00000000","to":"0x7dcd17433742f4c0ca53122ab541d0ba67fc27df","value":"0x0"},"blockHash":"0x22e8e9edaefc674ba389450dc41088e521fb2d33330a72c8b7aa2bf1b2281ffe","blockNumber":43,"result":{"gasUsed":"0x2cd4","output":"0x"},"subtraces":0,"traceAddress":[4],"transactionHash":"0x651d033b62050d4a32ffb16281c8685790d1233922a4ec2dcd5c6c1a66461226","transactionPosition":0,"type":"call"},{"action":{"from":"0x9dcd17433742f4c0ca53122ab541d0ba67fc27d0","callType":"callcode","gas":"0xea60","input":"0xff01","to":"0x9dcd17433742f4c0ca53122ab541d0ba67fc27d1","value":"0x0"},"blockHash":"0x22e8e9edaefc674ba389450dc41088e521fb2d33330a72c8b7aa2bf1b2281ffe","blockNumber":43,"result":{"gasUsed":"0x48","output":"0xffee"},"subtraces":0,"traceAddress":[5],"transactionHash":"0x651d033b62050d4a32ffb16281c8685790d1233922a4ec2dcd5c6c1a66461226","transactionPosition":0,"type":"call"},{"action":{"from":"0x9dcd17433742f4c0ca53122ab541d0ba67fc27d0","gas":"0x6d70b","init":"0x5b646368696c6460006000a133ff","value":"0x0","creationMethod":"create"},"blockHash":"0x22e8e9edaefc674ba389450dc41088e521fb2d33330a72c8b7aa2bf1b2281ffe","blockNumber":43,"result":{"address":"0x05032e03adbca6d5d04236000a2bbb6b4fec87f5","code":"0x","gasUsed":"0x1682"},"subtraces":1,"traceAddress":[6],"transactionHash":"0x651d033b62050d4a32ffb16281c8685790d1233922a4ec2dcd5c6c1a66461226","transactionPosition":0,"type":"create"},{"action":{"address":"0x05032e03adbca6d5d04236000a2bbb6b4fec87f5","balance":"0x0","refundAddress":"0x9dcd17433742f4c0ca53122ab541d0ba67fc27d0"},"blockHash":"0x22e8e9edaefc674ba389450dc41088e521fb2d33330a72c8b7aa2bf1b2281ffe","blockNumber":43,"result":null,"subtraces":0,"traceAddress":[6,0],"transactionHash":"0x651d033b62050d4a32ffb16281c8685790d1233922a4ec2dcd5c6c1a66461226","transactionPosition":0,"type":"suicide"},{"action":{"from":"0x7435ed30a8b4aeb0877cef0c6e8cffe834eb865f","callType":"call","gas":"0x11ba0","input":"0xebe7a54f122c1cf1656d6974","to":"0x7dcd17433742f4c0ca53122ab541d0ba67fc27df","value":"0x2"},"blockHash":"0x22e8e9edaefc674ba389450dc41088e521fb2d33330a72c8b7aa2bf1b2281ffe","blockNumber":43,"result":{"gasUsed":"0x5f9c","output":"0x"},"subtraces":0,"traceAddress":[],"transactionHash":"0xfa7de1862f93f2da0e1450d833da95e5e04ea7381a471f7388c1e9c92e551deb","transactionPosition":1,"type":"call"},{"action":{"from":"0x7435ed30a8b4aeb0877cef0c6e8cffe834eb865f","callType":"call","gas":"0x11ba0","input":"0xcef26346bf2d1331656d6974","to":"0x7dcd17433742f4c0ca53122ab541d0ba67fc27df","value":"0x2"},"blockHash":"0x22e8e9edaefc674ba389450dc41088e521fb2d33330a72c8b7aa2bf1b2281ffe","blockNumber":43,"result":{"gasUsed":"0x5f9c","output":"0x"},"subtraces":0,"traceAddress":[],"transactionHash":"0x321a8dba67e9c086a4877a6c33c1564471683da311f72005650d102ba847522c","transactionPosition":2,"type":"call"},{"action":{"from":"0x7435ed30a8b4aeb0877cef0c6e8cffe834eb865f","callType":"call","gas":"0x11ba0","input":"0x2276cc05d723a1e7656d6974","to":"0x7dcd17433742f4c0ca53122ab541d0ba67fc27df","value":"0x3"},"blockHash":"0x8ee9c89c042749060aa7225c9568cfbeb4ae658041f42cf5cfa90ef3cbc8c250","blockNumber":44,"result":{"gasUsed":"0x5f9c","output":"0x"},"subtraces":0,"traceAddress":[],"transactionHash":"0x04fd4668ef5f466780ea8c866659e563d8659a626e5de911ea4a687cda38e4b5","transactionPosition":0,"type":"call"},{"action":{"from":"0x7435ed30a8b4aeb0877cef0c6e8cffe834eb865f","callType":"call","gas":"0x133d8","input":"0x7656ae13bace34c5656d6974","to":"0x7dcd17433742f4c0ca53122ab541d0ba67fc27df","value":"0x2"},"blockHash":"0x8ee9c89c042749060aa7225c9568cfbeb4ae658041f42cf5cfa90ef3cbc8c250","blockNumber":44,"result":{"gasUsed":"0x6fa0","output":"0x"},"subtraces":0,"traceAddress":[],"transactionHash":"0x213aa25f0673a954b12f125f001fdfdfc9c4e5ce3f8a5aeb8292f04f5feb15b4","transactionPosition":1,"type":"call"},{"action":{"from":"0x7435ed30a8b4aeb0877cef0c6e8cffe834eb865f","callType":"call","gas":"0x0","input":"0x","to":"0xd803681e487e6ac18053afc5a6cd813c86ec3e4d","value":"0x1"},"blockHash":"0x8ee9c89c042749060aa7225c9568cfbeb4ae658041f42cf5cfa90ef3cbc8c250","blockNumber":44,"result":{"gasUsed":"0x0","output":"0x"},"subtraces":0,"traceAddress":[],"transactionHash":"0x894b329288125359a28bb1e9c07bf6147ed1e1982b0e487a51a0c724d7fa7486","transactionPosition":2,"type":"call"},{"action":{"from":"0x7435ed30a8b4aeb0877cef0c6e8cffe834eb865f","callType":"call","gas":"0x0","input":"0x","to":"0x16c57edf7fa9d9525378b0b81bf8a3ced0620c1c","value":"0x1"},"blockHash":"0xe6d9078b4964bc1b329fb12242254e21cf88ffa9a88058e515d6e79f7d8fce0d","blockNumber":45,"result":{"gasUsed":"0x0","output":"0x"},"subtraces":0,"traceAddress":[],"transactionHash":"0x8d872ca87b7f1343eab260d3f69260e8efde5dcf5532a23c18e1c25cadaa2df7","transactionPosition":0,"type":"call"},{"action":{"from":"0x7435ed30a8b4aeb0877cef0c6e8cffe834eb865f","callType":"call","gas":"0x0","input":"0x","to":"0x14e46043e63d0e3cdcf2530519f4cfaf35058cb2","value":"0x1"},"blockHash":"0xe6d9078b4964bc1b329fb12242254e21cf88ffa9a88058e515d6e79f7d8fce0d","blockNumber":45,"result":{"gasUsed":"0x0","output":"0x"},"subtraces":0,"traceAddress":[],"transactionHash":"0x07782b90d866d9c854fc70a3609e69f378a7d392a61f7cd712136d79e3f98a6f","transactionPosition":1,"type":"call"},{"action":{"from":"0x7435ed30a8b4aeb0877cef0c6e8cffe834eb865f","callType":"call","gas":"0x13488","input":"0x01","to":"0x9dcd17433742f4c0ca53122ab541d0ba67fc27d3","value":"0x0"},"blockHash":"0x5b3627e612c821267b54826693cfde431298fd7cdb8f8ec6ea90d952c494e7e8","blockNumber":46,"error":"Reverted","result":{"gasUsed":"0x889","output":"0x08c379a00000000000000000000000000000000000000000000000000000000000000020000000000000000000000000000000000000000000000000000000000000000a75736572206572726f72"},"subtraces":0,"traceAddress":[],"transactionHash":"0x6992fed2b2fc6c77cb7ffc2a1351d8e5dadf08cf2736fb6d1a0ed5786f3d5206","transactionPosition":0,"type":"call"},{"action":{"from":"0x7435ed30a8b4aeb0877cef0c6e8cffe834eb865f","callType":"call","gas":"0x8d5b8","input":"0x","to":"0x9dcd17433742f4c0ca53122ab541d0ba67fc27d0","value":"0x0"},"blockHash":"0x5b3627e612c821267b54826693cfde431298fd7cdb8f8ec6ea90d952c494e7e8","blockNumber":46,"result":{"gasUsed":"0x1fc63","output":"0xffee"},"subtraces":7,"traceAddress":[],"transactionHash":"0x64b5f6ae3b44a9623caeecbb78c9cf65f9a23781c585d75642e8f52b71bc1599","transactionPosition":1,"type":"call"},{"action":{"from":"0x9dcd17433742f4c0ca53122ab541d0ba67fc27d0","callType":"call","gas":"0xf35c","input":"0xff01","to":"0x9dcd17433742f4c0ca53122ab541d0ba67fc27d1","value":"0x1"},"blockHash":"0x5b3627e612c821267b54826693cfde431298fd7cdb8f8ec6ea90d952c494e7e8","blockNumber":46,"result":{"gasUsed":"0x48","output":"0xffee"},"subtraces":0,"traceAddress":[0],"transactionHash":"0x64b5f6ae3b44a9623caeecbb78c9cf65f9a23781c585d75642e8f52b71bc1599","transactionPosition":1,"type":"call"},{"action":{"from":"0x9dcd17433742f4c0ca53122ab541d0ba67fc27d0","callType":"call","gas":"0xea60","input":"0x0000000000000000000000000000000000000000000000000000000000000001","to":"0x9dcd17433742f4c0ca53122ab541d0ba67fc27d3","value":"0x0"},"blockHash":"0x5b3627e612c821267b54826693cfde431298fd7cdb8f8ec6ea90d952c494e7e8","blockNumber":46,"error":"Reverted","result":{"gasUsed":"0x889","output":"0x08c379a00000000000000000000000000000000000000000000000000000000000000020000000000000000000000000000000000000000000000000000000000000000a75736572206572726f72"},"subtraces":0,"traceAddress":[1],"transactionHash":"0x64b5f6ae3b44a9623caeecbb78c9cf65f9a23781c585d75642e8f52b71bc1599","transactionPosition":1,"type":"call"},{"action":{"from":"0x9dcd17433742f4c0ca53122ab541d0ba67fc27d0","callType":"staticcall","gas":"0xea60","input":"0x","to":"0x9dcd17433742f4c0ca53122ab541d0ba67fc27d2","value":"0x0"},"blockHash":"0x5b3627e612c821267b54826693cfde431298fd7cdb8f8ec6ea90d952c494e7e8","blockNumber":46,"result":{"gasUsed":"0x7d","output":"0x000000000000000000000000000000000000000000000000000000000000002e000000000000000000000000000000000000000000000000000c72dd9d5e883e0000000000000000000000000000000000000000000000000000000000000000000000000000000000000000000000000000000000000000000000000021650900000000000000000000000000000000000000000000000000000000000000000000000000000000000000007435ed30a8b4aeb0877cef0c6e8cffe834eb865f0000000000000000000000000000000000000000000000000000000000000000"},"subtraces":0,"traceAddress":[2],"transactionHash":"0x64b5f6ae3b44a9623caeecbb78c9cf65f9a23781c585d75642e8f52b71bc1599","transactionPosition":1,"type":"call"},{"action":{"from":"0x9dcd17433742f4c0ca53122ab541d0ba67fc27d0","callType":"staticcall","gas":"0xea60","input":"0x","to":"0x7dcd17433742f4c0ca53122ab541d0ba67fc27df","value":"0x0"},"blockHash":"0x5b3627e612c821267b54826693cfde431298fd7cdb8f8ec6ea90d952c494e7e8","blockNumber":46,"error":"StateChangeDuringStaticCall","result":null,"subtraces":0,"traceAddress":[3],"transactionHash":"0x64b5f6ae3b44a9623caeecbb78c9cf65f9a23781c585d75642e8f52b71bc1599","transactionPosition":1,"type":"call"},{"action":{"from":"0x9dcd17433742f4c0ca53122ab541d0ba67fc27d0","callType":"delegatecall","gas":"0xea60","input":"0x00000000","to":"0x7dcd17433742f4c0ca53122ab541d0ba67fc27df","value":"0x0"},"blockHash":"0x5b3627e612c821267b54826693cfde431298fd7cdb8f8ec6ea90d952c494e7e8","blockNumber":46,"result":{"gasUsed":"0x2cd4","output":"0x"},"subtraces":0,"traceAddress":[4],"transactionHash":"0x64b5f6ae3b44a9623caeecbb78c9cf65f9a23781c585d75642e8f52b71bc1599","transactionPosition":1,"type":"call"},{"action":{"from":"0x9dcd17433742f4c0ca53122ab541d0ba67fc27d0","callType":"callcode","gas":"0xea60","input":"0xff01","to":"0x9dcd17433742f4c0ca53122ab541d0ba67fc27d1","value":"0x0"},"blockHash":"0x5b3627e612c821267b54826693cfde431298fd7cdb8f8ec6ea90d952c494e7e8","blockNumber":46,"result":{"gasUsed":"0x48","output":"0xffee"},"subtraces":0,"traceAddress":[5],"transactionHash":"0x64b5f6ae3b44a9623caeecbb78c9cf65f9a23781c585d75642e8f52b71bc1599","transactionPosition":1,"type":"call"},{"action":{"from":"0x9dcd17433742f4c0ca53122ab541d0ba67fc27d0","gas":"0x6d70b","init":"0x5b646368696c6460006000a133ff","value":"0x0","creationMethod":"create"},"blockHash":"0x5b3627e612c821267b54826693cfde431298fd7cdb8f8ec6ea90d952c494e7e8","blockNumber":46,"result":{"address":"0x9ee5c90ad0a83dd07800c64adb87c584092f8e37","code":"0x","gasUsed":"0x1682"},"subtraces":1,"traceAddress":[6],"transactionHash":"0x64b5f6ae3b44a9623caeecbb78c9cf65f9a23781c585d75642e8f52b71bc1599","transactionPosition":1,"type":"create"},{"action":{"address":"0x9ee5c90ad0a83dd07800c64adb87c584092f8e37","balance":"0x0","refundAddress":"0x9dcd17433742f4c0ca53122ab541d0ba67fc27d0"},"blockHash":"0x5b3627e612c821267b54826693cfde431298fd7cdb8f8ec6ea90d952c494e7e8","blockNumber":46,"result":null,"subtraces":0,"traceAddress":[6,0],"transactionHash":"0x64b5f6ae3b44a9623caeecbb78c9cf65f9a23781c585d75642e8f52b71bc1599","transactionPosition":1,"type":"suicide"},{"action":{"from":"0x7435ed30a8b4aeb0877cef0c6e8cffe834eb865f","callType":"call","gas":"0x11ba0","input":"0x515a531d2825dec2656d6974","to":"0x7dcd17433742f4c0ca53122ab541d0ba67fc27df","value":"0x2"},"blockHash":"0x5b3627e612c821267b54826693cfde431298fd7cdb8f8ec6ea90d952c494e7e8","blockNumber":46,"result":{"gasUsed":"0x5f9c","output":"0x"},"subtraces":0,"traceAddress":[],"transactionHash":"0x2cd66c5f92f7f966a3ae2e79fa501284a5da51a3d9d233159854d17c427b1441","transactionPosition":2,"type":"call"},{"action":{"from":"0x7435ed30a8b4aeb0877cef0c6e8cffe834eb865f","callType":"call","gas":"0x11ba0","input":"0xea41c6626bd2d71a656d6974","to":"0x7dcd17433742f4c0ca53122ab541d0ba67fc27df","value":"0x2"},"blockHash":"0xaede89efdac80ce5f55b93ee934eddc67b5c8a4282b18a86ca635d69234301f3","blockNumber":47,"result":{"gasUsed":"0x5f9c","output":"0x"},"subtraces":0,"traceAddress":[],"transactionHash":"0xc81daa5f275b0b347590ec8558e530da183a7ff86c377221a59c96faf5bea12c","transactionPosition":0,"type":"call"},{"action":{"from":"0x7435ed30a8b4aeb0877cef0c6e8cffe834eb865f","callType":"call","gas":"0x11ba0","input":"0x65682bc386966217656d6974","to":"0x7dcd17433742f4c0ca53122ab541d0ba67fc27df","value":"0x3"},"blockHash":"0xaede89efdac80ce5f55b93ee934eddc67b5c8a4282b18a86ca635d69234301f3","blockNumber":47,"result":{"gasUsed":"0x5f9c","output":"0x"},"subtraces":0,"traceAddress":[],"transactionHash":"0x1d37878b27d1e686d15b99cb406684e3c50be2fb0cadce5daee795b48c2003bb","transactionPosition":1,"type":"call"},{"action":{"from":"0x7435ed30a8b4aeb0877cef0c6e8cffe834eb865f","callType":"call","gas":"0x133d8","input":"0x156e2b9e3a273c7b656d6974","to":"0x7dcd17433742f4c0ca53122ab541d0ba67fc27df","value":"0x2"},"blockHash":"0xaede89efdac80ce5f55b93ee934eddc67b5c8a4282b18a86ca635d69234301f3","blockNumber":47,"result":{"gasUsed":"0x6fa0","output":"0x"},"subtraces":0,"traceAddress":[],"transactionHash":"0x62f97493d38267cf7b80fd4e9a048bb77cceed36ac0ddd1072736cff48915821","transactionPosition":2,"type":"call"},{"action":{"from":"0x7435ed30a8b4aeb0877cef0c6e8cffe834eb865f","callType":"call","gas":"0x0","input":"0x","to":"0x83c7e323d189f18725ac510004fdc2941f8c4a78","value":"0x1"},"blockHash":"0xf0b1510b2a9c8d4c4bd1ff2c578ddbffc04741aa06b3cc8680a343741ef15e84","blockNumber":48,"result":{"gasUsed":"0x0","output":"0x"},"subtraces":0,"traceAddress":[],"transactionHash":"0x8e96b39ab5e268215283ab40d65139edc6f281f4d79444b6b0a87861c5f8a1d5","transactionPosition":0,"type":"call"},{"action":{"from":"0x7435ed30a8b4aeb0877cef0c6e8cffe834eb865f","callType":"call","gas":"0x0","input":"0x","to":"0x2d389075be5be9f2246ad654ce152cf05990b209","value":"0x1"},"blockHash":"0xf0b1510b2a9c8d4c4bd1ff2c578ddbffc04741aa06b3cc8680a343741ef15e84","blockNumber":48,"result":{"gasUsed":"0x0","output":"0x"},"subtraces":0,"traceAddress":[],"transactionHash":"0x7045e365111563c3f68594c54d9c4d7e3445f0cfc9671f68e8a0122f849f3f18","transactionPosition":1,"type":"call"},{"action":{"from":"0x7435ed30a8b4aeb0877cef0c6e8cffe834eb865f","callType":"call","gas":"0x0","input":"0x","to":"0x3ae75c08b4c907eb63a8960c45b86e1e9ab6123c","value":"0x1"},"blockHash":"0xf0b1510b2a9c8d4c4bd1ff2c578ddbffc04741aa06b3cc8680a343741ef15e84","blockNumber":48,"result":{"gasUsed":"0x0","output":"0x"},"subtraces":0,"traceAddress":[],"transactionHash":"0xbe7d79a54b361c1515802fdf8e3843694b3a93350a9097b84c5582686c77163c","transactionPosition":2,"type":"call"}]}
response differs from expected (-- client, ++ test):
{
  "id": 1,
  "jsonrpc": "2.0",
  "result": -- [] ++ {}
}
>>  {"jsonrpc": "2.0", "id": 1, "method": "eth_getBlockByNumber", "params": ["0x30", false]}
<<  {"jsonrpc":"2.0","id":1,"result":{"hash":"0xf0b1510b2a9c8d4c4bd1ff2c578ddbffc04741aa06b3cc8680a343741ef15e84","parentHash":"0xaede89efdac80ce5f55b93ee934eddc67b5c8a4282b18a86ca635d69234301f3","sha3Uncles":"0x1dcc4de8dec75d7aab85b567b6ccd41ad312451b948a7413f0a142fd40d49347","miner":"0x0000000000000000000000000000000000000000","stateRoot":"0xbce840ac9806ecb3d791bf55bfcfa9460ff3275996aff265fc75e2a2f3efdb26","transactionsRoot":"0x3d96f46f0efae36059fcba93396d90ed19260e009e9dac0057a1d87e66dc17d0","receiptsRoot":"0x4b7fefa97a453e0ee0cea1d51ca4ab3729f3a2a6a8388a5a3b13765eec3720b7","logsBloom":"0x00000000000000000000000000000000000000000000000000000000000000000000000000000000000000000000000000000000000000000000000000000000000000000000000000000000000000000000000000000000000000000000000000000000000000000000000000000000000000000000000000000000000000000000000000000000000000000000000000000000000000000000000000000000000000000000000000000000000000000000000000000000000000000000000000000000000000000000000000000000000000000000000000000000000000000000000000000000000000000000000000000000000000000000000000000000","difficulty":"0x0","number":"0x30","gasLimit":"0x5f5e100","gasUsed":"0xf618","timestamp":"0x1e0","extraData":"0x","mixHash":"0x0000000000000000000000000000000000000000000000000000000000000000","nonce":"0x0000000000000000","baseFeePerGas":"0x199876","withdrawalsRoot":"0x56e81f171bcc55a6ff8345e692c0f86e5b48e01b996cadc001622fb5e363b421","blobGasUsed":"0x0","excessBlobGas":"0x0","parentBeaconBlockRoot":"0x5b5b49487967b3b60bd859ba2fb13290c6eaf67e97e9f9f9dda935c08564b5f6","requestsHash":"0xe3b0c44298fc1c149afbf4c8996fb92427ae41e4649b934ca495991b7852b855","size":"0x3b8","uncles":[],"transactions":["0x8e96b39ab5e268215283ab40d65139edc6f281f4d79444b6b0a87861c5f8a1d5","0x7045e365111563c3f68594c54d9c4d7e3445f0cfc9671f68e8a0122f849f3f18","0xbe7d79a54b361c1515802fdf8e3843694b3a93350a9097b84c5582686c77163c"],"withdrawals":[]}}
response differs from expected (-- client, ++ test):
{
  "id": 1,
  "jsonrpc": "2.0",
  "result": {
    -- "baseFeePerGas": "0x199876",
    -- "blobGasUsed": "0x0",
    ++ "capture_only": true,
    -- "difficulty": "0x0",
    -- "excessBlobGas": "0x0",
    -- "extraData": "0x",
    -- "gasLimit": "0x5f5e100",
    -- "gasUsed": "0xf618",
    -- "hash": "0xf0b1510b2a9c8d4c4bd1ff2c578ddbffc04741aa06b3cc8680a343741ef15e84",
    -- "logsBloom": "0x00000000000000000000000000000000000000000000000000000000000000000000000000000000000000000000000000000000000000000000000000000000000000000000000000000000000000000000000000000000000000000000000000000000000000000000000000000000000000000000000000000000000000000000000000000000000000000000000000000000000000000000000000000000000000000000000000000000000000000000000000000000000000000000000000000000000000000000000000000000000000000000000000000000000000000000000000000000000000000000000000000000000000000000000000000000",
    -- "miner": "0x0000000000000000000000000000000000000000",
    -- "mixHash": "0x0000000000000000000000000000000000000000000000000000000000000000",
    -- "nonce": "0x0000000000000000",
    -- "number": "0x30",
    -- "parentBeaconBlockRoot": "0x5b5b49487967b3b60bd859ba2fb13290c6eaf67e97e9f9f9dda935c08564b5f6",
    -- "parentHash": "0xaede89efdac80ce5f55b93ee934eddc67b5c8a4282b18a86ca635d69234301f3",
    -- "receiptsRoot": "0x4b7fefa97a453e0ee0cea1d51ca4ab3729f3a2a6a8388a5a3b13765eec3720b7",
    -- "requestsHash": "0xe3b0c44298fc1c149afbf4c8996fb92427ae41e4649b934ca495991b7852b855",
    -- "sha3Uncles": "0x1dcc4de8dec75d7aab85b567b6ccd41ad312451b948a7413f0a142fd40d49347",
    -- "size": "0x3b8",
    -- "stateRoot": "0xbce840ac9806ecb3d791bf55bfcfa9460ff3275996aff265fc75e2a2f3efdb26",
    -- "timestamp": "0x1e0",
    -- "transactions": [
      -- "0x8e96b39ab5e268215283ab40d65139edc6f281f4d79444b6b0a87861c5f8a1d5",
      -- "0x7045e365111563c3f68594c54d9c4d7e3445f0cfc9671f68e8a0122f849f3f18",
      -- "0xbe7d79a54b361c1515802fdf8e3843694b3a93350a9097b84c5582686c77163c"
    -- ],
    -- "transactionsRoot": "0x3d96f46f0efae36059fcba93396d90ed19260e009e9dac0057a1d87e66dc17d0",
    -- "uncles": [],
    -- "withdrawals": [],
    -- "withdrawalsRoot": "0x56e81f171bcc55a6ff8345e692c0f86e5b48e01b996cadc001622fb5e363b421"
  }
}
>>  {"jsonrpc": "2.0", "id": 1, "method": "eth_blockNumber", "params": []}
<<  {"jsonrpc":"2.0","id":1,"result":"0x30"}
response differs from expected (-- client, ++ test):
{
  "id": 1,
  "jsonrpc": "2.0",
  "result": -- "0x30" ++ {}
}
>>  {"jsonrpc": "2.0", "id": 1, "method": "eth_getTransactionReceipt", "params": ["0xe4a4bd6a4fad4df86c1222128b9d79a1dd0686cf4a0e1d506731482b7266d483"]}
<<  {"jsonrpc":"2.0","id":1,"result":{"type":"0x0","status":"0x1","cumulativeGasUsed":"0x5208","logs":[],"logsBloom":"0x00000000000000000000000000000000000000000000000000000000000000000000000000000000000000000000000000000000000000000000000000000000000000000000000000000000000000000000000000000000000000000000000000000000000000000000000000000000000000000000000000000000000000000000000000000000000000000000000000000000000000000000000000000000000000000000000000000000000000000000000000000000000000000000000000000000000000000000000000000000000000000000000000000000000000000000000000000000000000000000000000000000000000000000000000000000","transactionHash":"0xe4a4bd6a4fad4df86c1222128b9d79a1dd0686cf4a0e1d506731482b7266d483","transactionIndex":"0x0","blockHash":"0x6cb3089f8b5ff993ed24ed9ccbfa8bae322848d722842e6453576f30029b1434","blockNumber":"0x2a","gasUsed":"0x5208","effectiveGasPrice":"0x38e4f7","from":"0x7435ed30a8b4aeb0877cef0c6e8cffe834eb865f","to":"0x1f5bde34b4afc686f136c7a3cb6ec376f7357759","contractAddress":null}}
response differs from expected (-- client, ++ test):
{
  "id": 1,
  "jsonrpc": "2.0",
  "result": {
    -- "blockHash": "0x6cb3089f8b5ff993ed24ed9ccbfa8bae322848d722842e6453576f30029b1434",
    -- "blockNumber": "0x2a",
    ++ "capture_only": true,
    -- "contractAddress": null,
    -- "cumulativeGasUsed": "0x5208",
    -- "effectiveGasPrice": "0x38e4f7",
    -- "from": "0x7435ed30a8b4aeb0877cef0c6e8cffe834eb865f",
    -- "gasUsed": "0x5208",
    -- "logs": [],
    -- "logsBloom": "0x00000000000000000000000000000000000000000000000000000000000000000000000000000000000000000000000000000000000000000000000000000000000000000000000000000000000000000000000000000000000000000000000000000000000000000000000000000000000000000000000000000000000000000000000000000000000000000000000000000000000000000000000000000000000000000000000000000000000000000000000000000000000000000000000000000000000000000000000000000000000000000000000000000000000000000000000000000000000000000000000000000000000000000000000000000000",
    -- "status": "0x1",
    -- "to": "0x1f5bde34b4afc686f136c7a3cb6ec376f7357759",
    -- "transactionHash": "0xe4a4bd6a4fad4df86c1222128b9d79a1dd0686cf4a0e1d506731482b7266d483",
    -- "transactionIndex": "0x0",
    -- "type": "0x0"
  }
}
interop Engine engine_newPayloadV4: reply=map[latestValidHash:0x23a229f69acd6ffb1d98dbae859e4fde6bcb6db51786ec54d07085d74bf473d4 status:VALID validationError:<nil>] error=<nil>
interop Engine engine_newPayloadV4: reply=map[latestValidHash:0xb643aaad7876814b2319a5ac15e3efd4c5a928f711683d4d3abee5b525fc349d status:VALID validationError:<nil>] error=<nil>
interop Engine engine_newPayloadV4: reply=map[latestValidHash:0x59c52ea8dd1dfdb037aec4a2f28907fb1cf4ca5401b48590182eaa5415e8e6f3 status:VALID validationError:<nil>] error=<nil>
interop Engine engine_newPayloadV4: reply=map[latestValidHash:0x3ae39139cb5ef4492f48c7ed41f861621a0f7af2c15ee458b09914e7fc97dfe9 status:VALID validationError:<nil>] error=<nil>
interop Engine engine_newPayloadV4: reply=map[latestValidHash:0x008d1333b89a6507babffba8a8605f2426aa21a829ad0c20131d40dc72300628 status:VALID validationError:<nil>] error=<nil>
interop Engine engine_newPayloadV4: reply=map[latestValidHash:0xb75975dcf8dc29c9d8f63272511a20eb5c16c8466634e83f6b840d3baaa54110 status:VALID validationError:<nil>] error=<nil>
interop Engine engine_newPayloadV4: reply=map[latestValidHash:0xced04ae80b11fac8e3619bba83e9f8a3490159e045f1ac504955e69a783dbbcd status:VALID validationError:<nil>] error=<nil>
interop Engine engine_newPayloadV4: reply=map[latestValidHash:0xa3b4b86837197906688c55979962fcf57fc43f7d1796cdacce350f2a4590ef8e status:VALID validationError:<nil>] error=<nil>
interop Engine engine_newPayloadV4: reply=map[latestValidHash:0x89760635a073492746414d5e8ea50ceaaaf035f603e37543a36328af11d6de32 status:VALID validationError:<nil>] error=<nil>
interop forkchoice accepted: [map[finalizedBlockHash:0x9901db3a31e7004c45911fca4480b7dce86a4baeab819eb4959d7316f687d54c headBlockHash:0x89760635a073492746414d5e8ea50ceaaaf035f603e37543a36328af11d6de32 safeBlockHash:0x9901db3a31e7004c45911fca4480b7dce86a4baeab819eb4959d7316f687d54c] <nil>]
>>  {"jsonrpc": "2.0", "id": 1, "method": "trace_block", "params": ["0x2d"]}
<<  {"jsonrpc":"2.0","id":1,"result":[]}
response differs from expected (-- client, ++ test):
{
  "id": 1,
  "jsonrpc": "2.0",
  "result": -- [] ++ {}
}
>>  {"jsonrpc": "2.0", "id": 1, "method": "trace_filter", "params": [{"fromBlock": "0x28", "toBlock": "0x30"}]}
<<  {"jsonrpc":"2.0","id":1,"result":[]}
response differs from expected (-- client, ++ test):
{
  "id": 1,
  "jsonrpc": "2.0",
  "result": -- [] ++ {}
}
>>  {"jsonrpc": "2.0", "id": 1, "method": "eth_getBlockByNumber", "params": ["0x30", false]}
<<  {"jsonrpc":"2.0","id":1,"result":{"hash":"0x89760635a073492746414d5e8ea50ceaaaf035f603e37543a36328af11d6de32","parentHash":"0xa3b4b86837197906688c55979962fcf57fc43f7d1796cdacce350f2a4590ef8e","sha3Uncles":"0x1dcc4de8dec75d7aab85b567b6ccd41ad312451b948a7413f0a142fd40d49347","miner":"0x0000000000000000000000000000000000000000","stateRoot":"0xe679c81a19539811969c8d19a159ade831d70b65332e61695bf8ff5084c2a975","transactionsRoot":"0x56e81f171bcc55a6ff8345e692c0f86e5b48e01b996cadc001622fb5e363b421","receiptsRoot":"0x56e81f171bcc55a6ff8345e692c0f86e5b48e01b996cadc001622fb5e363b421","logsBloom":"0x00000000000000000000000000000000000000000000000000000000000000000000000000000000000000000000000000000000000000000000000000000000000000000000000000000000000000000000000000000000000000000000000000000000000000000000000000000000000000000000000000000000000000000000000000000000000000000000000000000000000000000000000000000000000000000000000000000000000000000000000000000000000000000000000000000000000000000000000000000000000000000000000000000000000000000000000000000000000000000000000000000000000000000000000000000000","difficulty":"0x0","number":"0x30","gasLimit":"0x5f5e100","gasUsed":"0x0","timestamp":"0x1e0","extraData":"0x","mixHash":"0x0000000000000000000000000000000000000000000000000000000000000000","nonce":"0x0000000000000000","baseFeePerGas":"0x198413","withdrawalsRoot":"0x56e81f171bcc55a6ff8345e692c0f86e5b48e01b996cadc001622fb5e363b421","blobGasUsed":"0x0","excessBlobGas":"0x0","parentBeaconBlockRoot":"0x5b5b49487967b3b60bd859ba2fb13290c6eaf67e97e9f9f9dda935c08564b5f6","requestsHash":"0xe3b0c44298fc1c149afbf4c8996fb92427ae41e4649b934ca495991b7852b855","size":"0x265","uncles":[],"transactions":[],"withdrawals":[]}}
response differs from expected (-- client, ++ test):
{
  "id": 1,
  "jsonrpc": "2.0",
  "result": {
    -- "baseFeePerGas": "0x198413",
    -- "blobGasUsed": "0x0",
    ++ "capture_only": true,
    -- "difficulty": "0x0",
    -- "excessBlobGas": "0x0",
    -- "extraData": "0x",
    -- "gasLimit": "0x5f5e100",
    -- "gasUsed": "0x0",
    -- "hash": "0x89760635a073492746414d5e8ea50ceaaaf035f603e37543a36328af11d6de32",
    -- "logsBloom": "0x00000000000000000000000000000000000000000000000000000000000000000000000000000000000000000000000000000000000000000000000000000000000000000000000000000000000000000000000000000000000000000000000000000000000000000000000000000000000000000000000000000000000000000000000000000000000000000000000000000000000000000000000000000000000000000000000000000000000000000000000000000000000000000000000000000000000000000000000000000000000000000000000000000000000000000000000000000000000000000000000000000000000000000000000000000000",
    -- "miner": "0x0000000000000000000000000000000000000000",
    -- "mixHash": "0x0000000000000000000000000000000000000000000000000000000000000000",
    -- "nonce": "0x0000000000000000",
    -- "number": "0x30",
    -- "parentBeaconBlockRoot": "0x5b5b49487967b3b60bd859ba2fb13290c6eaf67e97e9f9f9dda935c08564b5f6",
    -- "parentHash": "0xa3b4b86837197906688c55979962fcf57fc43f7d1796cdacce350f2a4590ef8e",
    -- "receiptsRoot": "0x56e81f171bcc55a6ff8345e692c0f86e5b48e01b996cadc001622fb5e363b421",
    -- "requestsHash": "0xe3b0c44298fc1c149afbf4c8996fb92427ae41e4649b934ca495991b7852b855",
    -- "sha3Uncles": "0x1dcc4de8dec75d7aab85b567b6ccd41ad312451b948a7413f0a142fd40d49347",
    -- "size": "0x265",
    -- "stateRoot": "0xe679c81a19539811969c8d19a159ade831d70b65332e61695bf8ff5084c2a975",
    -- "timestamp": "0x1e0",
    -- "transactions": [],
    -- "transactionsRoot": "0x56e81f171bcc55a6ff8345e692c0f86e5b48e01b996cadc001622fb5e363b421",
    -- "uncles": [],
    -- "withdrawals": [],
    -- "withdrawalsRoot": "0x56e81f171bcc55a6ff8345e692c0f86e5b48e01b996cadc001622fb5e363b421"
  }
}
>>  {"jsonrpc": "2.0", "id": 1, "method": "eth_blockNumber", "params": []}
<<  {"jsonrpc":"2.0","id":1,"result":"0x30"}
response differs from expected (-- client, ++ test):
{
  "id": 1,
  "jsonrpc": "2.0",
  "result": -- "0x30" ++ {}
}
>>  {"jsonrpc": "2.0", "id": 1, "method": "eth_getTransactionReceipt", "params": ["0xe4a4bd6a4fad4df86c1222128b9d79a1dd0686cf4a0e1d506731482b7266d483"]}
<<  {"jsonrpc":"2.0","id":1,"result":null}
response differs from expected (-- client, ++ test):
{
  "id": 1,
  "jsonrpc": "2.0",
  "result": -- null ++ {}
}
interop forkchoice accepted: [map[finalizedBlockHash:0x9901db3a31e7004c45911fca4480b7dce86a4baeab819eb4959d7316f687d54c headBlockHash:0xf0b1510b2a9c8d4c4bd1ff2c578ddbffc04741aa06b3cc8680a343741ef15e84 safeBlockHash:0x9901db3a31e7004c45911fca4480b7dce86a4baeab819eb4959d7316f687d54c] <nil>]
>>  {"jsonrpc": "2.0", "id": 1, "method": "trace_block", "params": ["0x2d"]}
<<  {"jsonrpc":"2.0","id":1,"result":[{"action":{"from":"0x7435ed30a8b4aeb0877cef0c6e8cffe834eb865f","callType":"call","gas":"0x0","input":"0x","to":"0x16c57edf7fa9d9525378b0b81bf8a3ced0620c1c","value":"0x1"},"blockHash":"0xe6d9078b4964bc1b329fb12242254e21cf88ffa9a88058e515d6e79f7d8fce0d","blockNumber":45,"result":{"gasUsed":"0x0","output":"0x"},"subtraces":0,"traceAddress":[],"transactionHash":"0x8d872ca87b7f1343eab260d3f69260e8efde5dcf5532a23c18e1c25cadaa2df7","transactionPosition":0,"type":"call"},{"action":{"from":"0x7435ed30a8b4aeb0877cef0c6e8cffe834eb865f","callType":"call","gas":"0x0","input":"0x","to":"0x14e46043e63d0e3cdcf2530519f4cfaf35058cb2","value":"0x1"},"blockHash":"0xe6d9078b4964bc1b329fb12242254e21cf88ffa9a88058e515d6e79f7d8fce0d","blockNumber":45,"result":{"gasUsed":"0x0","output":"0x"},"subtraces":0,"traceAddress":[],"transactionHash":"0x07782b90d866d9c854fc70a3609e69f378a7d392a61f7cd712136d79e3f98a6f","transactionPosition":1,"type":"call"}]}
response differs from expected (-- client, ++ test):
{
  "id": 1,
  "jsonrpc": "2.0",
  "result": -- [] ++ {}
}
>>  {"jsonrpc": "2.0", "id": 1, "method": "trace_filter", "params": [{"fromBlock": "0x28", "toBlock": "0x30"}]}
<<  {"jsonrpc":"2.0","id":1,"result":[{"action":{"from":"0x7435ed30a8b4aeb0877cef0c6e8cffe834eb865f","callType":"call","gas":"0x11ba0","input":"0x036464a71961a53a656d6974","to":"0x7dcd17433742f4c0ca53122ab541d0ba67fc27df","value":"0x2"},"blockHash":"0xfc2b688f6d286950eff2cf6f1b10a6bf63e92a20fcdf8db7377ef647b154eb52","blockNumber":40,"result":{"gasUsed":"0x5f9c","output":"0x"},"subtraces":0,"traceAddress":[],"transactionHash":"0x0efc1e4671e41e768fa107ecf72ab35e03d5a8b7e3f5bbe29cb28dc1eea265a2","transactionPosition":0,"type":"call"},{"action":{"from":"0x7435ed30a8b4aeb0877cef0c6e8cffe834eb865f","callType":"call","gas":"0x11ba0","input":"0x9ec58f808778768f656d6974","to":"0x7dcd17433742f4c0ca53122ab541d0ba67fc27df","value":"0x2"},"blockHash":"0xfc2b688f6d286950eff2cf6f1b10a6bf63e92a20fcdf8db7377ef647b154eb52","blockNumber":40,"result":{"gasUsed":"0x5f9c","output":"0x"},"subtraces":0,"traceAddress":[],"transactionHash":"0x1942a6223310f991ab036dccb28259dd634e39e08152d383afc422481e5ab2c2","transactionPosition":1,"type":"call"},{"action":{"from":"0x7435ed30a8b4aeb0877cef0c6e8cffe834eb865f","callType":"call","gas":"0x11ba0","input":"0xcd417355d4039279656d6974","to":"0x7dcd17433742f4c0ca53122ab541d0ba67fc27df","value":"0x3"},"blockHash":"0xfc2b688f6d286950eff2cf6f1b10a6bf63e92a20fcdf8db7377ef647b154eb52","blockNumber":40,"result":{"gasUsed":"0x5f9c","output":"0x"},"subtraces":0,"traceAddress":[],"transactionHash":"0xbc3230ca851b7baad39753405e55d96f2124d1e5e8ab9cd76c638bba601423ac","transactionPosition":2,"type":"call"},{"action":{"from":"0x7435ed30a8b4aeb0877cef0c6e8cffe834eb865f","callType":"call","gas":"0x133d8","input":"0x3186f4d423ee1407656d6974","to":"0x7dcd17433742f4c0ca53122ab541d0ba67fc27df","value":"0x2"},"blockHash":"0x9bc6bd9fb238298cb6a4260fc4306ab426b3e2d41607e719dde8c4ca41817da7","blockNumber":41,"result":{"gasUsed":"0x6fa0","output":"0x"},"subtraces":0,"traceAddress":[],"transactionHash":"0x6a2b2c1d5d3bae710fa3c9f79035e0b6b98d65df9cb05e425087c93ce9bf08ed","transactionPosition":0,"type":"call"},{"action":{"from":"0x7435ed30a8b4aeb0877cef0c6e8cffe834eb865f","callType":"call","gas":"0x0","input":"0x","to":"0x717f8aa2b982bee0e29f573d31df288663e1ce16","value":"0x1"},"blockHash":"0x9bc6bd9fb238298cb6a4260fc4306ab426b3e2d41607e719dde8c4ca41817da7","blockNumber":41,"result":{"gasUsed":"0x0","output":"0x"},"subtraces":0,"traceAddress":[],"transactionHash":"0x9249eb130af4bcf26d420f09df8a51f4947e387f9e325e8b223237c9602208a1","transactionPosition":1,"type":"call"},{"action":{"from":"0x7435ed30a8b4aeb0877cef0c6e8cffe834eb865f","callType":"call","gas":"0x0","input":"0x","to":"0x4a0f1452281bcec5bd90c3dce6162a5995bfe9df","value":"0x1"},"blockHash":"0x9bc6bd9fb238298cb6a4260fc4306ab426b3e2d41607e719dde8c4ca41817da7","blockNumber":41,"result":{"gasUsed":"0x0","output":"0x"},"subtraces":0,"traceAddress":[],"transactionHash":"0xbdda348fd5169ff5cc8c761147a64b34ceb2e913d7bf5e8ddf8e497ca3e3460f","transactionPosition":2,"type":"call"},{"action":{"from":"0x7435ed30a8b4aeb0877cef0c6e8cffe834eb865f","callType":"call","gas":"0x0","input":"0x","to":"0x1f5bde34b4afc686f136c7a3cb6ec376f7357759","value":"0x1"},"blockHash":"0x6cb3089f8b5ff993ed24ed9ccbfa8bae322848d722842e6453576f30029b1434","blockNumber":42,"result":{"gasUsed":"0x0","output":"0x"},"subtraces":0,"traceAddress":[],"transactionHash":"0xe4a4bd6a4fad4df86c1222128b9d79a1dd0686cf4a0e1d506731482b7266d483","transactionPosition":0,"type":"call"},{"action":{"from":"0x7435ed30a8b4aeb0877cef0c6e8cffe834eb865f","callType":"call","gas":"0x13488","input":"0x01","to":"0x9dcd17433742f4c0ca53122ab541d0ba67fc27d3","value":"0x0"},"blockHash":"0x6cb3089f8b5ff993ed24ed9ccbfa8bae322848d722842e6453576f30029b1434","blockNumber":42,"error":"Reverted","result":{"gasUsed":"0x889","output":"0x08c379a00000000000000000000000000000000000000000000000000000000000000020000000000000000000000000000000000000000000000000000000000000000a75736572206572726f72"},"subtraces":0,"traceAddress":[],"transactionHash":"0x7a15f2b6b479009c2d8f167dfc8490654348e85aa4968583bab1d4c3c17284bb","transactionPosition":1,"type":"call"},{"action":{"from":"0x7435ed30a8b4aeb0877cef0c6e8cffe834eb865f","callType":"call","gas":"0x8d5b8","input":"0x","to":"0x9dcd17433742f4c0ca53122ab541d0ba67fc27d0","value":"0x0"},"blockHash":"0x22e8e9edaefc674ba389450dc41088e521fb2d33330a72c8b7aa2bf1b2281ffe","blockNumber":43,"result":{"gasUsed":"0x1fc63","output":"0xffee"},"subtraces":7,"traceAddress":[],"transactionHash":"0x651d033b62050d4a32ffb16281c8685790d1233922a4ec2dcd5c6c1a66461226","transactionPosition":0,"type":"call"},{"action":{"from":"0x9dcd17433742f4c0ca53122ab541d0ba67fc27d0","callType":"call","gas":"0xf35c","input":"0xff01","to":"0x9dcd17433742f4c0ca53122ab541d0ba67fc27d1","value":"0x1"},"blockHash":"0x22e8e9edaefc674ba389450dc41088e521fb2d33330a72c8b7aa2bf1b2281ffe","blockNumber":43,"result":{"gasUsed":"0x48","output":"0xffee"},"subtraces":0,"traceAddress":[0],"transactionHash":"0x651d033b62050d4a32ffb16281c8685790d1233922a4ec2dcd5c6c1a66461226","transactionPosition":0,"type":"call"},{"action":{"from":"0x9dcd17433742f4c0ca53122ab541d0ba67fc27d0","callType":"call","gas":"0xea60","input":"0x0000000000000000000000000000000000000000000000000000000000000001","to":"0x9dcd17433742f4c0ca53122ab541d0ba67fc27d3","value":"0x0"},"blockHash":"0x22e8e9edaefc674ba389450dc41088e521fb2d33330a72c8b7aa2bf1b2281ffe","blockNumber":43,"error":"Reverted","result":{"gasUsed":"0x889","output":"0x08c379a00000000000000000000000000000000000000000000000000000000000000020000000000000000000000000000000000000000000000000000000000000000a75736572206572726f72"},"subtraces":0,"traceAddress":[1],"transactionHash":"0x651d033b62050d4a32ffb16281c8685790d1233922a4ec2dcd5c6c1a66461226","transactionPosition":0,"type":"call"},{"action":{"from":"0x9dcd17433742f4c0ca53122ab541d0ba67fc27d0","callType":"staticcall","gas":"0xea60","input":"0x","to":"0x9dcd17433742f4c0ca53122ab541d0ba67fc27d2","value":"0x0"},"blockHash":"0x22e8e9edaefc674ba389450dc41088e521fb2d33330a72c8b7aa2bf1b2281ffe","blockNumber":43,"result":{"gasUsed":"0x7d","output":"0x000000000000000000000000000000000000000000000000000000000000002b000000000000000000000000000000000000000000000000000c72dd9d5e883e0000000000000000000000000000000000000000000000000000000000000000000000000000000000000000000000000000000000000000000000000031c9f400000000000000000000000000000000000000000000000000000000000000000000000000000000000000007435ed30a8b4aeb0877cef0c6e8cffe834eb865f0000000000000000000000000000000000000000000000000000000000000000"},"subtraces":0,"traceAddress":[2],"transactionHash":"0x651d033b62050d4a32ffb16281c8685790d1233922a4ec2dcd5c6c1a66461226","transactionPosition":0,"type":"call"},{"action":{"from":"0x9dcd17433742f4c0ca53122ab541d0ba67fc27d0","callType":"staticcall","gas":"0xea60","input":"0x","to":"0x7dcd17433742f4c0ca53122ab541d0ba67fc27df","value":"0x0"},"blockHash":"0x22e8e9edaefc674ba389450dc41088e521fb2d33330a72c8b7aa2bf1b2281ffe","blockNumber":43,"error":"StateChangeDuringStaticCall","result":null,"subtraces":0,"traceAddress":[3],"transactionHash":"0x651d033b62050d4a32ffb16281c8685790d1233922a4ec2dcd5c6c1a66461226","transactionPosition":0,"type":"call"},{"action":{"from":"0x9dcd17433742f4c0ca53122ab541d0ba67fc27d0","callType":"delegatecall","gas":"0xea60","input":"0x00000000","to":"0x7dcd17433742f4c0ca53122ab541d0ba67fc27df","value":"0x0"},"blockHash":"0x22e8e9edaefc674ba389450dc41088e521fb2d33330a72c8b7aa2bf1b2281ffe","blockNumber":43,"result":{"gasUsed":"0x2cd4","output":"0x"},"subtraces":0,"traceAddress":[4],"transactionHash":"0x651d033b62050d4a32ffb16281c8685790d1233922a4ec2dcd5c6c1a66461226","transactionPosition":0,"type":"call"},{"action":{"from":"0x9dcd17433742f4c0ca53122ab541d0ba67fc27d0","callType":"callcode","gas":"0xea60","input":"0xff01","to":"0x9dcd17433742f4c0ca53122ab541d0ba67fc27d1","value":"0x0"},"blockHash":"0x22e8e9edaefc674ba389450dc41088e521fb2d33330a72c8b7aa2bf1b2281ffe","blockNumber":43,"result":{"gasUsed":"0x48","output":"0xffee"},"subtraces":0,"traceAddress":[5],"transactionHash":"0x651d033b62050d4a32ffb16281c8685790d1233922a4ec2dcd5c6c1a66461226","transactionPosition":0,"type":"call"},{"action":{"from":"0x9dcd17433742f4c0ca53122ab541d0ba67fc27d0","gas":"0x6d70b","init":"0x5b646368696c6460006000a133ff","value":"0x0","creationMethod":"create"},"blockHash":"0x22e8e9edaefc674ba389450dc41088e521fb2d33330a72c8b7aa2bf1b2281ffe","blockNumber":43,"result":{"address":"0x05032e03adbca6d5d04236000a2bbb6b4fec87f5","code":"0x","gasUsed":"0x1682"},"subtraces":1,"traceAddress":[6],"transactionHash":"0x651d033b62050d4a32ffb16281c8685790d1233922a4ec2dcd5c6c1a66461226","transactionPosition":0,"type":"create"},{"action":{"address":"0x05032e03adbca6d5d04236000a2bbb6b4fec87f5","balance":"0x0","refundAddress":"0x9dcd17433742f4c0ca53122ab541d0ba67fc27d0"},"blockHash":"0x22e8e9edaefc674ba389450dc41088e521fb2d33330a72c8b7aa2bf1b2281ffe","blockNumber":43,"result":null,"subtraces":0,"traceAddress":[6,0],"transactionHash":"0x651d033b62050d4a32ffb16281c8685790d1233922a4ec2dcd5c6c1a66461226","transactionPosition":0,"type":"suicide"},{"action":{"from":"0x7435ed30a8b4aeb0877cef0c6e8cffe834eb865f","callType":"call","gas":"0x11ba0","input":"0xebe7a54f122c1cf1656d6974","to":"0x7dcd17433742f4c0ca53122ab541d0ba67fc27df","value":"0x2"},"blockHash":"0x22e8e9edaefc674ba389450dc41088e521fb2d33330a72c8b7aa2bf1b2281ffe","blockNumber":43,"result":{"gasUsed":"0x5f9c","output":"0x"},"subtraces":0,"traceAddress":[],"transactionHash":"0xfa7de1862f93f2da0e1450d833da95e5e04ea7381a471f7388c1e9c92e551deb","transactionPosition":1,"type":"call"},{"action":{"from":"0x7435ed30a8b4aeb0877cef0c6e8cffe834eb865f","callType":"call","gas":"0x11ba0","input":"0xcef26346bf2d1331656d6974","to":"0x7dcd17433742f4c0ca53122ab541d0ba67fc27df","value":"0x2"},"blockHash":"0x22e8e9edaefc674ba389450dc41088e521fb2d33330a72c8b7aa2bf1b2281ffe","blockNumber":43,"result":{"gasUsed":"0x5f9c","output":"0x"},"subtraces":0,"traceAddress":[],"transactionHash":"0x321a8dba67e9c086a4877a6c33c1564471683da311f72005650d102ba847522c","transactionPosition":2,"type":"call"},{"action":{"from":"0x7435ed30a8b4aeb0877cef0c6e8cffe834eb865f","callType":"call","gas":"0x11ba0","input":"0x2276cc05d723a1e7656d6974","to":"0x7dcd17433742f4c0ca53122ab541d0ba67fc27df","value":"0x3"},"blockHash":"0x8ee9c89c042749060aa7225c9568cfbeb4ae658041f42cf5cfa90ef3cbc8c250","blockNumber":44,"result":{"gasUsed":"0x5f9c","output":"0x"},"subtraces":0,"traceAddress":[],"transactionHash":"0x04fd4668ef5f466780ea8c866659e563d8659a626e5de911ea4a687cda38e4b5","transactionPosition":0,"type":"call"},{"action":{"from":"0x7435ed30a8b4aeb0877cef0c6e8cffe834eb865f","callType":"call","gas":"0x133d8","input":"0x7656ae13bace34c5656d6974","to":"0x7dcd17433742f4c0ca53122ab541d0ba67fc27df","value":"0x2"},"blockHash":"0x8ee9c89c042749060aa7225c9568cfbeb4ae658041f42cf5cfa90ef3cbc8c250","blockNumber":44,"result":{"gasUsed":"0x6fa0","output":"0x"},"subtraces":0,"traceAddress":[],"transactionHash":"0x213aa25f0673a954b12f125f001fdfdfc9c4e5ce3f8a5aeb8292f04f5feb15b4","transactionPosition":1,"type":"call"},{"action":{"from":"0x7435ed30a8b4aeb0877cef0c6e8cffe834eb865f","callType":"call","gas":"0x0","input":"0x","to":"0xd803681e487e6ac18053afc5a6cd813c86ec3e4d","value":"0x1"},"blockHash":"0x8ee9c89c042749060aa7225c9568cfbeb4ae658041f42cf5cfa90ef3cbc8c250","blockNumber":44,"result":{"gasUsed":"0x0","output":"0x"},"subtraces":0,"traceAddress":[],"transactionHash":"0x894b329288125359a28bb1e9c07bf6147ed1e1982b0e487a51a0c724d7fa7486","transactionPosition":2,"type":"call"},{"action":{"from":"0x7435ed30a8b4aeb0877cef0c6e8cffe834eb865f","callType":"call","gas":"0x0","input":"0x","to":"0x16c57edf7fa9d9525378b0b81bf8a3ced0620c1c","value":"0x1"},"blockHash":"0xe6d9078b4964bc1b329fb12242254e21cf88ffa9a88058e515d6e79f7d8fce0d","blockNumber":45,"result":{"gasUsed":"0x0","output":"0x"},"subtraces":0,"traceAddress":[],"transactionHash":"0x8d872ca87b7f1343eab260d3f69260e8efde5dcf5532a23c18e1c25cadaa2df7","transactionPosition":0,"type":"call"},{"action":{"from":"0x7435ed30a8b4aeb0877cef0c6e8cffe834eb865f","callType":"call","gas":"0x0","input":"0x","to":"0x14e46043e63d0e3cdcf2530519f4cfaf35058cb2","value":"0x1"},"blockHash":"0xe6d9078b4964bc1b329fb12242254e21cf88ffa9a88058e515d6e79f7d8fce0d","blockNumber":45,"result":{"gasUsed":"0x0","output":"0x"},"subtraces":0,"traceAddress":[],"transactionHash":"0x07782b90d866d9c854fc70a3609e69f378a7d392a61f7cd712136d79e3f98a6f","transactionPosition":1,"type":"call"},{"action":{"from":"0x7435ed30a8b4aeb0877cef0c6e8cffe834eb865f","callType":"call","gas":"0x13488","input":"0x01","to":"0x9dcd17433742f4c0ca53122ab541d0ba67fc27d3","value":"0x0"},"blockHash":"0x5b3627e612c821267b54826693cfde431298fd7cdb8f8ec6ea90d952c494e7e8","blockNumber":46,"error":"Reverted","result":{"gasUsed":"0x889","output":"0x08c379a00000000000000000000000000000000000000000000000000000000000000020000000000000000000000000000000000000000000000000000000000000000a75736572206572726f72"},"subtraces":0,"traceAddress":[],"transactionHash":"0x6992fed2b2fc6c77cb7ffc2a1351d8e5dadf08cf2736fb6d1a0ed5786f3d5206","transactionPosition":0,"type":"call"},{"action":{"from":"0x7435ed30a8b4aeb0877cef0c6e8cffe834eb865f","callType":"call","gas":"0x8d5b8","input":"0x","to":"0x9dcd17433742f4c0ca53122ab541d0ba67fc27d0","value":"0x0"},"blockHash":"0x5b3627e612c821267b54826693cfde431298fd7cdb8f8ec6ea90d952c494e7e8","blockNumber":46,"result":{"gasUsed":"0x1fc63","output":"0xffee"},"subtraces":7,"traceAddress":[],"transactionHash":"0x64b5f6ae3b44a9623caeecbb78c9cf65f9a23781c585d75642e8f52b71bc1599","transactionPosition":1,"type":"call"},{"action":{"from":"0x9dcd17433742f4c0ca53122ab541d0ba67fc27d0","callType":"call","gas":"0xf35c","input":"0xff01","to":"0x9dcd17433742f4c0ca53122ab541d0ba67fc27d1","value":"0x1"},"blockHash":"0x5b3627e612c821267b54826693cfde431298fd7cdb8f8ec6ea90d952c494e7e8","blockNumber":46,"result":{"gasUsed":"0x48","output":"0xffee"},"subtraces":0,"traceAddress":[0],"transactionHash":"0x64b5f6ae3b44a9623caeecbb78c9cf65f9a23781c585d75642e8f52b71bc1599","transactionPosition":1,"type":"call"},{"action":{"from":"0x9dcd17433742f4c0ca53122ab541d0ba67fc27d0","callType":"call","gas":"0xea60","input":"0x0000000000000000000000000000000000000000000000000000000000000001","to":"0x9dcd17433742f4c0ca53122ab541d0ba67fc27d3","value":"0x0"},"blockHash":"0x5b3627e612c821267b54826693cfde431298fd7cdb8f8ec6ea90d952c494e7e8","blockNumber":46,"error":"Reverted","result":{"gasUsed":"0x889","output":"0x08c379a00000000000000000000000000000000000000000000000000000000000000020000000000000000000000000000000000000000000000000000000000000000a75736572206572726f72"},"subtraces":0,"traceAddress":[1],"transactionHash":"0x64b5f6ae3b44a9623caeecbb78c9cf65f9a23781c585d75642e8f52b71bc1599","transactionPosition":1,"type":"call"},{"action":{"from":"0x9dcd17433742f4c0ca53122ab541d0ba67fc27d0","callType":"staticcall","gas":"0xea60","input":"0x","to":"0x9dcd17433742f4c0ca53122ab541d0ba67fc27d2","value":"0x0"},"blockHash":"0x5b3627e612c821267b54826693cfde431298fd7cdb8f8ec6ea90d952c494e7e8","blockNumber":46,"result":{"gasUsed":"0x7d","output":"0x000000000000000000000000000000000000000000000000000000000000002e000000000000000000000000000000000000000000000000000c72dd9d5e883e0000000000000000000000000000000000000000000000000000000000000000000000000000000000000000000000000000000000000000000000000021650900000000000000000000000000000000000000000000000000000000000000000000000000000000000000007435ed30a8b4aeb0877cef0c6e8cffe834eb865f0000000000000000000000000000000000000000000000000000000000000000"},"subtraces":0,"traceAddress":[2],"transactionHash":"0x64b5f6ae3b44a9623caeecbb78c9cf65f9a23781c585d75642e8f52b71bc1599","transactionPosition":1,"type":"call"},{"action":{"from":"0x9dcd17433742f4c0ca53122ab541d0ba67fc27d0","callType":"staticcall","gas":"0xea60","input":"0x","to":"0x7dcd17433742f4c0ca53122ab541d0ba67fc27df","value":"0x0"},"blockHash":"0x5b3627e612c821267b54826693cfde431298fd7cdb8f8ec6ea90d952c494e7e8","blockNumber":46,"error":"StateChangeDuringStaticCall","result":null,"subtraces":0,"traceAddress":[3],"transactionHash":"0x64b5f6ae3b44a9623caeecbb78c9cf65f9a23781c585d75642e8f52b71bc1599","transactionPosition":1,"type":"call"},{"action":{"from":"0x9dcd17433742f4c0ca53122ab541d0ba67fc27d0","callType":"delegatecall","gas":"0xea60","input":"0x00000000","to":"0x7dcd17433742f4c0ca53122ab541d0ba67fc27df","value":"0x0"},"blockHash":"0x5b3627e612c821267b54826693cfde431298fd7cdb8f8ec6ea90d952c494e7e8","blockNumber":46,"result":{"gasUsed":"0x2cd4","output":"0x"},"subtraces":0,"traceAddress":[4],"transactionHash":"0x64b5f6ae3b44a9623caeecbb78c9cf65f9a23781c585d75642e8f52b71bc1599","transactionPosition":1,"type":"call"},{"action":{"from":"0x9dcd17433742f4c0ca53122ab541d0ba67fc27d0","callType":"callcode","gas":"0xea60","input":"0xff01","to":"0x9dcd17433742f4c0ca53122ab541d0ba67fc27d1","value":"0x0"},"blockHash":"0x5b3627e612c821267b54826693cfde431298fd7cdb8f8ec6ea90d952c494e7e8","blockNumber":46,"result":{"gasUsed":"0x48","output":"0xffee"},"subtraces":0,"traceAddress":[5],"transactionHash":"0x64b5f6ae3b44a9623caeecbb78c9cf65f9a23781c585d75642e8f52b71bc1599","transactionPosition":1,"type":"call"},{"action":{"from":"0x9dcd17433742f4c0ca53122ab541d0ba67fc27d0","gas":"0x6d70b","init":"0x5b646368696c6460006000a133ff","value":"0x0","creationMethod":"create"},"blockHash":"0x5b3627e612c821267b54826693cfde431298fd7cdb8f8ec6ea90d952c494e7e8","blockNumber":46,"result":{"address":"0x9ee5c90ad0a83dd07800c64adb87c584092f8e37","code":"0x","gasUsed":"0x1682"},"subtraces":1,"traceAddress":[6],"transactionHash":"0x64b5f6ae3b44a9623caeecbb78c9cf65f9a23781c585d75642e8f52b71bc1599","transactionPosition":1,"type":"create"},{"action":{"address":"0x9ee5c90ad0a83dd07800c64adb87c584092f8e37","balance":"0x0","refundAddress":"0x9dcd17433742f4c0ca53122ab541d0ba67fc27d0"},"blockHash":"0x5b3627e612c821267b54826693cfde431298fd7cdb8f8ec6ea90d952c494e7e8","blockNumber":46,"result":null,"subtraces":0,"traceAddress":[6,0],"transactionHash":"0x64b5f6ae3b44a9623caeecbb78c9cf65f9a23781c585d75642e8f52b71bc1599","transactionPosition":1,"type":"suicide"},{"action":{"from":"0x7435ed30a8b4aeb0877cef0c6e8cffe834eb865f","callType":"call","gas":"0x11ba0","input":"0x515a531d2825dec2656d6974","to":"0x7dcd17433742f4c0ca53122ab541d0ba67fc27df","value":"0x2"},"blockHash":"0x5b3627e612c821267b54826693cfde431298fd7cdb8f8ec6ea90d952c494e7e8","blockNumber":46,"result":{"gasUsed":"0x5f9c","output":"0x"},"subtraces":0,"traceAddress":[],"transactionHash":"0x2cd66c5f92f7f966a3ae2e79fa501284a5da51a3d9d233159854d17c427b1441","transactionPosition":2,"type":"call"},{"action":{"from":"0x7435ed30a8b4aeb0877cef0c6e8cffe834eb865f","callType":"call","gas":"0x11ba0","input":"0xea41c6626bd2d71a656d6974","to":"0x7dcd17433742f4c0ca53122ab541d0ba67fc27df","value":"0x2"},"blockHash":"0xaede89efdac80ce5f55b93ee934eddc67b5c8a4282b18a86ca635d69234301f3","blockNumber":47,"result":{"gasUsed":"0x5f9c","output":"0x"},"subtraces":0,"traceAddress":[],"transactionHash":"0xc81daa5f275b0b347590ec8558e530da183a7ff86c377221a59c96faf5bea12c","transactionPosition":0,"type":"call"},{"action":{"from":"0x7435ed30a8b4aeb0877cef0c6e8cffe834eb865f","callType":"call","gas":"0x11ba0","input":"0x65682bc386966217656d6974","to":"0x7dcd17433742f4c0ca53122ab541d0ba67fc27df","value":"0x3"},"blockHash":"0xaede89efdac80ce5f55b93ee934eddc67b5c8a4282b18a86ca635d69234301f3","blockNumber":47,"result":{"gasUsed":"0x5f9c","output":"0x"},"subtraces":0,"traceAddress":[],"transactionHash":"0x1d37878b27d1e686d15b99cb406684e3c50be2fb0cadce5daee795b48c2003bb","transactionPosition":1,"type":"call"},{"action":{"from":"0x7435ed30a8b4aeb0877cef0c6e8cffe834eb865f","callType":"call","gas":"0x133d8","input":"0x156e2b9e3a273c7b656d6974","to":"0x7dcd17433742f4c0ca53122ab541d0ba67fc27df","value":"0x2"},"blockHash":"0xaede89efdac80ce5f55b93ee934eddc67b5c8a4282b18a86ca635d69234301f3","blockNumber":47,"result":{"gasUsed":"0x6fa0","output":"0x"},"subtraces":0,"traceAddress":[],"transactionHash":"0x62f97493d38267cf7b80fd4e9a048bb77cceed36ac0ddd1072736cff48915821","transactionPosition":2,"type":"call"},{"action":{"from":"0x7435ed30a8b4aeb0877cef0c6e8cffe834eb865f","callType":"call","gas":"0x0","input":"0x","to":"0x83c7e323d189f18725ac510004fdc2941f8c4a78","value":"0x1"},"blockHash":"0xf0b1510b2a9c8d4c4bd1ff2c578ddbffc04741aa06b3cc8680a343741ef15e84","blockNumber":48,"result":{"gasUsed":"0x0","output":"0x"},"subtraces":0,"traceAddress":[],"transactionHash":"0x8e96b39ab5e268215283ab40d65139edc6f281f4d79444b6b0a87861c5f8a1d5","transactionPosition":0,"type":"call"},{"action":{"from":"0x7435ed30a8b4aeb0877cef0c6e8cffe834eb865f","callType":"call","gas":"0x0","input":"0x","to":"0x2d389075be5be9f2246ad654ce152cf05990b209","value":"0x1"},"blockHash":"0xf0b1510b2a9c8d4c4bd1ff2c578ddbffc04741aa06b3cc8680a343741ef15e84","blockNumber":48,"result":{"gasUsed":"0x0","output":"0x"},"subtraces":0,"traceAddress":[],"transactionHash":"0x7045e365111563c3f68594c54d9c4d7e3445f0cfc9671f68e8a0122f849f3f18","transactionPosition":1,"type":"call"},{"action":{"from":"0x7435ed30a8b4aeb0877cef0c6e8cffe834eb865f","callType":"call","gas":"0x0","input":"0x","to":"0x3ae75c08b4c907eb63a8960c45b86e1e9ab6123c","value":"0x1"},"blockHash":"0xf0b1510b2a9c8d4c4bd1ff2c578ddbffc04741aa06b3cc8680a343741ef15e84","blockNumber":48,"result":{"gasUsed":"0x0","output":"0x"},"subtraces":0,"traceAddress":[],"transactionHash":"0xbe7d79a54b361c1515802fdf8e3843694b3a93350a9097b84c5582686c77163c","transactionPosition":2,"type":"call"}]}
response differs from expected (-- client, ++ test):
{
  "id": 1,
  "jsonrpc": "2.0",
  "result": -- [] ++ {}
}
>>  {"jsonrpc": "2.0", "id": 1, "method": "eth_getBlockByNumber", "params": ["0x30", false]}
<<  {"jsonrpc":"2.0","id":1,"result":{"hash":"0xf0b1510b2a9c8d4c4bd1ff2c578ddbffc04741aa06b3cc8680a343741ef15e84","parentHash":"0xaede89efdac80ce5f55b93ee934eddc67b5c8a4282b18a86ca635d69234301f3","sha3Uncles":"0x1dcc4de8dec75d7aab85b567b6ccd41ad312451b948a7413f0a142fd40d49347","miner":"0x0000000000000000000000000000000000000000","stateRoot":"0xbce840ac9806ecb3d791bf55bfcfa9460ff3275996aff265fc75e2a2f3efdb26","transactionsRoot":"0x3d96f46f0efae36059fcba93396d90ed19260e009e9dac0057a1d87e66dc17d0","receiptsRoot":"0x4b7fefa97a453e0ee0cea1d51ca4ab3729f3a2a6a8388a5a3b13765eec3720b7","logsBloom":"0x00000000000000000000000000000000000000000000000000000000000000000000000000000000000000000000000000000000000000000000000000000000000000000000000000000000000000000000000000000000000000000000000000000000000000000000000000000000000000000000000000000000000000000000000000000000000000000000000000000000000000000000000000000000000000000000000000000000000000000000000000000000000000000000000000000000000000000000000000000000000000000000000000000000000000000000000000000000000000000000000000000000000000000000000000000000","difficulty":"0x0","number":"0x30","gasLimit":"0x5f5e100","gasUsed":"0xf618","timestamp":"0x1e0","extraData":"0x","mixHash":"0x0000000000000000000000000000000000000000000000000000000000000000","nonce":"0x0000000000000000","baseFeePerGas":"0x199876","withdrawalsRoot":"0x56e81f171bcc55a6ff8345e692c0f86e5b48e01b996cadc001622fb5e363b421","blobGasUsed":"0x0","excessBlobGas":"0x0","parentBeaconBlockRoot":"0x5b5b49487967b3b60bd859ba2fb13290c6eaf67e97e9f9f9dda935c08564b5f6","requestsHash":"0xe3b0c44298fc1c149afbf4c8996fb92427ae41e4649b934ca495991b7852b855","size":"0x3b8","uncles":[],"transactions":["0x8e96b39ab5e268215283ab40d65139edc6f281f4d79444b6b0a87861c5f8a1d5","0x7045e365111563c3f68594c54d9c4d7e3445f0cfc9671f68e8a0122f849f3f18","0xbe7d79a54b361c1515802fdf8e3843694b3a93350a9097b84c5582686c77163c"],"withdrawals":[]}}
response differs from expected (-- client, ++ test):
{
  "id": 1,
  "jsonrpc": "2.0",
  "result": {
    -- "baseFeePerGas": "0x199876",
    -- "blobGasUsed": "0x0",
    ++ "capture_only": true,
    -- "difficulty": "0x0",
    -- "excessBlobGas": "0x0",
    -- "extraData": "0x",
    -- "gasLimit": "0x5f5e100",
    -- "gasUsed": "0xf618",
    -- "hash": "0xf0b1510b2a9c8d4c4bd1ff2c578ddbffc04741aa06b3cc8680a343741ef15e84",
    -- "logsBloom": "0x00000000000000000000000000000000000000000000000000000000000000000000000000000000000000000000000000000000000000000000000000000000000000000000000000000000000000000000000000000000000000000000000000000000000000000000000000000000000000000000000000000000000000000000000000000000000000000000000000000000000000000000000000000000000000000000000000000000000000000000000000000000000000000000000000000000000000000000000000000000000000000000000000000000000000000000000000000000000000000000000000000000000000000000000000000000",
    -- "miner": "0x0000000000000000000000000000000000000000",
    -- "mixHash": "0x0000000000000000000000000000000000000000000000000000000000000000",
    -- "nonce": "0x0000000000000000",
    -- "number": "0x30",
    -- "parentBeaconBlockRoot": "0x5b5b49487967b3b60bd859ba2fb13290c6eaf67e97e9f9f9dda935c08564b5f6",
    -- "parentHash": "0xaede89efdac80ce5f55b93ee934eddc67b5c8a4282b18a86ca635d69234301f3",
    -- "receiptsRoot": "0x4b7fefa97a453e0ee0cea1d51ca4ab3729f3a2a6a8388a5a3b13765eec3720b7",
    -- "requestsHash": "0xe3b0c44298fc1c149afbf4c8996fb92427ae41e4649b934ca495991b7852b855",
    -- "sha3Uncles": "0x1dcc4de8dec75d7aab85b567b6ccd41ad312451b948a7413f0a142fd40d49347",
    -- "size": "0x3b8",
    -- "stateRoot": "0xbce840ac9806ecb3d791bf55bfcfa9460ff3275996aff265fc75e2a2f3efdb26",
    -- "timestamp": "0x1e0",
    -- "transactions": [
      -- "0x8e96b39ab5e268215283ab40d65139edc6f281f4d79444b6b0a87861c5f8a1d5",
      -- "0x7045e365111563c3f68594c54d9c4d7e3445f0cfc9671f68e8a0122f849f3f18",
      -- "0xbe7d79a54b361c1515802fdf8e3843694b3a93350a9097b84c5582686c77163c"
    -- ],
    -- "transactionsRoot": "0x3d96f46f0efae36059fcba93396d90ed19260e009e9dac0057a1d87e66dc17d0",
    -- "uncles": [],
    -- "withdrawals": [],
    -- "withdrawalsRoot": "0x56e81f171bcc55a6ff8345e692c0f86e5b48e01b996cadc001622fb5e363b421"
  }
}
>>  {"jsonrpc": "2.0", "id": 1, "method": "eth_blockNumber", "params": []}
<<  {"jsonrpc":"2.0","id":1,"result":"0x30"}
response differs from expected (-- client, ++ test):
{
  "id": 1,
  "jsonrpc": "2.0",
  "result": -- "0x30" ++ {}
}
>>  {"jsonrpc": "2.0", "id": 1, "method": "eth_getTransactionReceipt", "params": ["0xe4a4bd6a4fad4df86c1222128b9d79a1dd0686cf4a0e1d506731482b7266d483"]}
<<  {"jsonrpc":"2.0","id":1,"result":{"type":"0x0","status":"0x1","cumulativeGasUsed":"0x5208","logs":[],"logsBloom":"0x00000000000000000000000000000000000000000000000000000000000000000000000000000000000000000000000000000000000000000000000000000000000000000000000000000000000000000000000000000000000000000000000000000000000000000000000000000000000000000000000000000000000000000000000000000000000000000000000000000000000000000000000000000000000000000000000000000000000000000000000000000000000000000000000000000000000000000000000000000000000000000000000000000000000000000000000000000000000000000000000000000000000000000000000000000000","transactionHash":"0xe4a4bd6a4fad4df86c1222128b9d79a1dd0686cf4a0e1d506731482b7266d483","transactionIndex":"0x0","blockHash":"0x6cb3089f8b5ff993ed24ed9ccbfa8bae322848d722842e6453576f30029b1434","blockNumber":"0x2a","gasUsed":"0x5208","effectiveGasPrice":"0x38e4f7","from":"0x7435ed30a8b4aeb0877cef0c6e8cffe834eb865f","to":"0x1f5bde34b4afc686f136c7a3cb6ec376f7357759","contractAddress":null}}
response differs from expected (-- client, ++ test):
{
  "id": 1,
  "jsonrpc": "2.0",
  "result": {
    -- "blockHash": "0x6cb3089f8b5ff993ed24ed9ccbfa8bae322848d722842e6453576f30029b1434",
    -- "blockNumber": "0x2a",
    ++ "capture_only": true,
    -- "contractAddress": null,
    -- "cumulativeGasUsed": "0x5208",
    -- "effectiveGasPrice": "0x38e4f7",
    -- "from": "0x7435ed30a8b4aeb0877cef0c6e8cffe834eb865f",
    -- "gasUsed": "0x5208",
    -- "logs": [],
    -- "logsBloom": "0x00000000000000000000000000000000000000000000000000000000000000000000000000000000000000000000000000000000000000000000000000000000000000000000000000000000000000000000000000000000000000000000000000000000000000000000000000000000000000000000000000000000000000000000000000000000000000000000000000000000000000000000000000000000000000000000000000000000000000000000000000000000000000000000000000000000000000000000000000000000000000000000000000000000000000000000000000000000000000000000000000000000000000000000000000000000",
    -- "status": "0x1",
    -- "to": "0x1f5bde34b4afc686f136c7a3cb6ec376f7357759",
    -- "transactionHash": "0xe4a4bd6a4fad4df86c1222128b9d79a1dd0686cf4a0e1d506731482b7266d483",
    -- "transactionIndex": "0x0",
    -- "type": "0x0"
  }
}
