Sep 23 02:58:11.941 INF building image image=hive/hiveproxy nocache=false pull=false
Sep 23 02:58:12.015 INF building 8 clients...
Sep 23 02:58:12.015 INF building image image=hive/clients/besu_development:latest dir=clients/besu nocache=false pull=false baseimage=trace-interop/besu tag=a85249905183f65c98c9e8c282955e40487c4ff8af8db8b8e306d58292231744
Sep 23 02:58:12.138 INF building image image=hive/clients/besu_release:latest dir=clients/besu nocache=false pull=false baseimage=trace-interop/besu tag=f3713c713ca4f9e89c09e1478d2a85116ba9ce8343129d709420ba2af009598b
Sep 23 02:58:12.262 INF building image image=hive/clients/erigon_development:latest dir=clients/erigon nocache=false pull=false baseimage=trace-interop/erigon tag=8269576669f1b4a55572ee7d1a7e4489244cd57bb545293391d1ebd5e0fac002
Sep 23 02:58:12.412 INF building image image=hive/clients/erigon_release:latest dir=clients/erigon nocache=false pull=false baseimage=trace-interop/erigon tag=8668d9c5adc01ad1d12aa25380e384079080bdde7e0ce93f11bed422d82ca0ac
Sep 23 02:58:54.768 INF building image image=hive/clients/nethermind_development:latest dir=clients/nethermind nocache=false pull=false baseimage=trace-interop/nethermind tag=e68f6cd253c312443b306b7e1e61381a38fd174dd16fe7e9bc55487245718182
Sep 23 02:58:54.919 INF building image image=hive/clients/nethermind_release:latest dir=clients/nethermind nocache=false pull=false baseimage=trace-interop/nethermind tag=a5098d75bfa8d4da1992ba8404b357fde6d53241315396e26b88e16e5f67bb59
Sep 23 02:58:55.057 INF building image image=hive/clients/reth_development:latest dir=clients/reth nocache=false pull=false baseimage=trace-interop/reth tag=1d6a97ef686d7c6099c5426c77334ca5891ce5d362fe5f3049ac2ea0df76de86
Sep 23 02:58:55.197 INF building image image=hive/clients/reth_release:latest dir=clients/reth nocache=false pull=false baseimage=trace-interop/reth tag=e939dc4a471d9d27224e430f607a954d692ca5037a1350ee2036397d14532ca7
Sep 23 02:58:55.323 INF building 1 simulators...
Sep 23 02:58:55.323 INF building image image=hive/simulators/ethereum/rpc-compat:latest dir=simulators/ethereum/rpc-compat nocache=false pull=false
Sep 23 02:59:18.235 INF creating output directory folder=/home/banteg/dev/trace-harness-audit/evidence/2026-09-23/harness-audit-native-a/hive
Sep 23 02:59:18.245 INF running simulation: ethereum/rpc-compat
Sep 23 02:59:18.561 INF hiveproxy started container=043e6f212db8 addr=172.17.0.2:8081
Sep 23 02:59:18.887 INF API: suite started suite=0 name=rpc-compat
Sep 23 02:59:18.890 INF API: test started suite=0 test=1 name="client launch (besu_development)"
Sep 23 02:59:28.063 INF API: client besu_development started suite=0 test=1 container=743b3b5a
Sep 23 02:59:28.341 INF API: test started suite=0 test=2 name="interop/_control/head (besu_development)"
Sep 23 02:59:28.356 INF API: test ended suite=0 test=2 pass=false
Sep 23 02:59:28.358 INF API: test started suite=0 test=3 name="interop/_control/latest (besu_development)"
Sep 23 02:59:28.363 INF API: test ended suite=0 test=3 pass=false
Sep 23 02:59:28.364 INF API: test started suite=0 test=4 name="interop/_control/version (besu_development)"
Sep 23 02:59:28.369 INF API: test ended suite=0 test=4 pass=false
Sep 23 02:59:28.370 INF API: test started suite=0 test=5 name="interop/auth-clear (besu_development)"
Sep 23 02:59:28.438 INF API: test ended suite=0 test=5 pass=false
Sep 23 02:59:28.439 INF API: test started suite=0 test=6 name="interop/auth-replace (besu_development)"
Sep 23 02:59:28.460 INF API: test ended suite=0 test=6 pass=false
Sep 23 02:59:28.461 INF API: test started suite=0 test=7 name="interop/auth-set-revert (besu_development)"
Sep 23 02:59:28.483 INF API: test ended suite=0 test=7 pass=false
Sep 23 02:59:28.484 INF API: test started suite=0 test=8 name="interop/auth-set (besu_development)"
Sep 23 02:59:28.507 INF API: test ended suite=0 test=8 pass=false
Sep 23 02:59:28.509 INF API: test started suite=0 test=9 name="interop/block-2 (besu_development)"
Sep 23 02:59:28.592 INF API: test ended suite=0 test=9 pass=false
Sep 23 02:59:28.593 INF API: test started suite=0 test=10 name="interop/block-3 (besu_development)"
Sep 23 02:59:28.615 INF API: test ended suite=0 test=10 pass=false
Sep 23 02:59:28.616 INF API: test started suite=0 test=11 name="interop/call-destroy (besu_development)"
Sep 23 02:59:28.654 INF API: test ended suite=0 test=11 pass=false
Sep 23 02:59:28.655 INF API: test started suite=0 test=12 name="interop/call-gas7400 (besu_development)"
Sep 23 02:59:28.682 INF API: test ended suite=0 test=12 pass=false
Sep 23 02:59:28.683 INF API: test started suite=0 test=13 name="interop/call-mcopy (besu_development)"
Sep 23 02:59:28.692 INF API: test ended suite=0 test=13 pass=false
Sep 23 02:59:28.692 INF API: test started suite=0 test=14 name="interop/call-mixed-create (besu_development)"
Sep 23 02:59:28.704 INF API: test ended suite=0 test=14 pass=false
Sep 23 02:59:28.705 INF API: test started suite=0 test=15 name="interop/call-null-mode (besu_development)"
Sep 23 02:59:28.715 INF API: test ended suite=0 test=15 pass=false
Sep 23 02:59:28.716 INF API: test started suite=0 test=16 name="interop/call-return42 (besu_development)"
Sep 23 02:59:28.724 INF API: test ended suite=0 test=16 pass=false
Sep 23 02:59:28.725 INF API: test started suite=0 test=17 name="interop/call-scalar-mode (besu_development)"
Sep 23 02:59:28.731 INF API: test ended suite=0 test=17 pass=false
Sep 23 02:59:28.732 INF API: test started suite=0 test=18 name="interop/call-siblings-ok-revert (besu_development)"
Sep 23 02:59:28.745 INF API: test ended suite=0 test=18 pass=false
Sep 23 02:59:28.746 INF API: test started suite=0 test=19 name="interop/call-siblings-revert-ok (besu_development)"
Sep 23 02:59:28.757 INF API: test ended suite=0 test=19 pass=false
Sep 23 02:59:28.758 INF API: test started suite=0 test=20 name="interop/call-unknown-field (besu_development)"
Sep 23 02:59:28.764 INF API: test ended suite=0 test=20 pass=false
Sep 23 02:59:28.765 INF API: test started suite=0 test=21 name="interop/call-unknown-mode (besu_development)"
Sep 23 02:59:28.770 INF API: test ended suite=0 test=21 pass=false
Sep 23 02:59:28.771 INF API: test started suite=0 test=22 name="interop/call-wrong-type (besu_development)"
Sep 23 02:59:28.775 INF API: test ended suite=0 test=22 pass=false
Sep 23 02:59:28.776 INF API: test started suite=0 test=23 name="interop/control-chain (besu_development)"
Sep 23 02:59:28.781 INF API: test ended suite=0 test=23 pass=false
Sep 23 02:59:28.781 INF API: test started suite=0 test=24 name="interop/control-code-delegated (besu_development)"
Sep 23 02:59:28.790 INF API: test ended suite=0 test=24 pass=false
Sep 23 02:59:28.791 INF API: test started suite=0 test=25 name="interop/control-code-destroy (besu_development)"
Sep 23 02:59:28.796 INF API: test ended suite=0 test=25 pass=false
Sep 23 02:59:28.797 INF API: test started suite=0 test=26 name="interop/control-code-gas7400 (besu_development)"
Sep 23 02:59:28.801 INF API: test ended suite=0 test=26 pass=false
Sep 23 02:59:28.802 INF API: test started suite=0 test=27 name="interop/control-code-mcopy (besu_development)"
Sep 23 02:59:28.805 INF API: test ended suite=0 test=27 pass=false
Sep 23 02:59:28.806 INF API: test started suite=0 test=28 name="interop/control-code-mixed-create (besu_development)"
Sep 23 02:59:28.811 INF API: test ended suite=0 test=28 pass=false
Sep 23 02:59:28.812 INF API: test started suite=0 test=29 name="interop/control-code-prefunded-empty (besu_development)"
Sep 23 02:59:28.817 INF API: test ended suite=0 test=29 pass=false
Sep 23 02:59:28.818 INF API: test started suite=0 test=30 name="interop/control-code-return42 (besu_development)"
Sep 23 02:59:28.823 INF API: test ended suite=0 test=30 pass=false
Sep 23 02:59:28.824 INF API: test started suite=0 test=31 name="interop/control-code-revert (besu_development)"
Sep 23 02:59:28.829 INF API: test ended suite=0 test=31 pass=false
Sep 23 02:59:28.829 INF API: test started suite=0 test=32 name="interop/control-code-siblings-ok-revert (besu_development)"
Sep 23 02:59:28.832 INF API: test ended suite=0 test=32 pass=false
Sep 23 02:59:28.833 INF API: test started suite=0 test=33 name="interop/control-code-siblings-revert-ok (besu_development)"
Sep 23 02:59:28.836 INF API: test ended suite=0 test=33 pass=false
Sep 23 02:59:28.837 INF API: test started suite=0 test=34 name="interop/control-code-storage (besu_development)"
Sep 23 02:59:28.840 INF API: test ended suite=0 test=34 pass=false
Sep 23 02:59:28.841 INF API: test started suite=0 test=35 name="interop/control-code-undelegated (besu_development)"
Sep 23 02:59:28.845 INF API: test ended suite=0 test=35 pass=false
Sep 23 02:59:28.846 INF API: test started suite=0 test=36 name="interop/control-head (besu_development)"
Sep 23 02:59:28.851 INF API: test ended suite=0 test=36 pass=false
Sep 23 02:59:28.852 INF API: test started suite=0 test=37 name="interop/control-height (besu_development)"
Sep 23 02:59:28.856 INF API: test ended suite=0 test=37 pass=false
Sep 23 02:59:28.857 INF API: test started suite=0 test=38 name="interop/control-nonce (besu_development)"
Sep 23 02:59:28.862 INF API: test ended suite=0 test=38 pass=false
Sep 23 02:59:28.863 INF API: test started suite=0 test=39 name="interop/control-storage-after-many (besu_development)"
Sep 23 02:59:28.869 INF API: test ended suite=0 test=39 pass=false
Sep 23 02:59:28.870 INF API: test started suite=0 test=40 name="interop/control-version (besu_development)"
Sep 23 02:59:28.875 INF API: test ended suite=0 test=40 pass=false
Sep 23 02:59:28.876 INF API: test started suite=0 test=41 name="interop/debug-destroy (besu_development)"
Sep 23 02:59:28.917 INF API: test ended suite=0 test=41 pass=false
Sep 23 02:59:28.918 INF API: test started suite=0 test=42 name="interop/debug-gas7400-opcodes (besu_development)"
Sep 23 02:59:28.935 INF API: test ended suite=0 test=42 pass=false
Sep 23 02:59:28.936 INF API: test started suite=0 test=43 name="interop/debug-gas7400 (besu_development)"
Sep 23 02:59:28.948 INF API: test ended suite=0 test=43 pass=false
Sep 23 02:59:28.950 INF API: test started suite=0 test=44 name="interop/debug-mcopy (besu_development)"
Sep 23 02:59:28.957 INF API: test ended suite=0 test=44 pass=false
Sep 23 02:59:28.958 INF API: test started suite=0 test=45 name="interop/debug-mixed-create (besu_development)"
Sep 23 02:59:28.964 INF API: test ended suite=0 test=45 pass=false
Sep 23 02:59:28.965 INF API: test started suite=0 test=46 name="interop/debug-return42 (besu_development)"
Sep 23 02:59:28.970 INF API: test ended suite=0 test=46 pass=false
Sep 23 02:59:28.971 INF API: test started suite=0 test=47 name="interop/debug-siblings-ok-revert (besu_development)"
Sep 23 02:59:28.976 INF API: test ended suite=0 test=47 pass=false
Sep 23 02:59:28.976 INF API: test started suite=0 test=48 name="interop/debug-siblings-revert-ok (besu_development)"
Sep 23 02:59:28.983 INF API: test ended suite=0 test=48 pass=false
Sep 23 02:59:28.983 INF API: test started suite=0 test=49 name="interop/empty-types (besu_development)"
Sep 23 02:59:28.990 INF API: test ended suite=0 test=49 pass=false
Sep 23 02:59:28.990 INF API: test started suite=0 test=50 name="interop/filter-all (besu_development)"
Sep 23 02:59:29.013 INF API: test ended suite=0 test=50 pass=false
Sep 23 02:59:29.014 INF API: test started suite=0 test=51 name="interop/filter-both-null (besu_development)"
Sep 23 02:59:29.023 INF API: test ended suite=0 test=51 pass=false
Sep 23 02:59:29.024 INF API: test started suite=0 test=52 name="interop/filter-both-unknown-mode (besu_development)"
Sep 23 02:59:29.028 INF API: test ended suite=0 test=52 pass=false
Sep 23 02:59:29.028 INF API: test started suite=0 test=53 name="interop/filter-created-to (besu_development)"
Sep 23 02:59:29.035 INF API: test ended suite=0 test=53 pass=false
Sep 23 02:59:29.036 INF API: test started suite=0 test=54 name="interop/filter-creator-from (besu_development)"
Sep 23 02:59:29.042 INF API: test ended suite=0 test=54 pass=false
Sep 23 02:59:29.043 INF API: test started suite=0 test=55 name="interop/filter-from-empty-to-set (besu_development)"
Sep 23 02:59:29.052 INF API: test ended suite=0 test=55 pass=false
Sep 23 02:59:29.053 INF API: test started suite=0 test=56 name="interop/filter-from-null (besu_development)"
Sep 23 02:59:29.070 INF API: test ended suite=0 test=56 pass=false
Sep 23 02:59:29.071 INF API: test started suite=0 test=57 name="interop/filter-from-only-intersection (besu_development)"
Sep 23 02:59:29.076 INF API: test ended suite=0 test=57 pass=false
Sep 23 02:59:29.077 INF API: test started suite=0 test=58 name="interop/filter-from-only-union (besu_development)"
Sep 23 02:59:29.081 INF API: test ended suite=0 test=58 pass=false
Sep 23 02:59:29.081 INF API: test started suite=0 test=59 name="interop/filter-negative-count (besu_development)"
Sep 23 02:59:31.087 INF API: test ended suite=0 test=59 pass=false
Sep 23 02:59:31.088 INF API: test started suite=0 test=60 name="interop/filter-page-0 (besu_development)"
Sep 23 02:59:31.115 INF API: test ended suite=0 test=60 pass=false
Sep 23 02:59:31.116 INF API: test started suite=0 test=61 name="interop/filter-page-1 (besu_development)"
Sep 23 02:59:31.138 INF API: test ended suite=0 test=61 pass=false
Sep 23 02:59:31.138 INF API: test started suite=0 test=62 name="interop/filter-page-2 (besu_development)"
Sep 23 02:59:31.160 INF API: test ended suite=0 test=62 pass=false
Sep 23 02:59:31.161 INF API: test started suite=0 test=63 name="interop/filter-past-end-page (besu_development)"
Sep 23 02:59:31.170 INF API: test ended suite=0 test=63 pass=false
Sep 23 02:59:31.171 INF API: test started suite=0 test=64 name="interop/filter-snapshot (besu_development)"
Sep 23 02:59:31.180 INF API: test ended suite=0 test=64 pass=false
Sep 23 02:59:31.181 INF API: test started suite=0 test=65 name="interop/filter-suicide-beneficiary (besu_development)"
Sep 23 02:59:31.193 INF API: test ended suite=0 test=65 pass=false
Sep 23 02:59:31.194 INF API: test started suite=0 test=66 name="interop/filter-suicide-from (besu_development)"
Sep 23 02:59:31.203 INF API: test ended suite=0 test=66 pass=false
Sep 23 02:59:31.204 INF API: test started suite=0 test=67 name="interop/filter-to-empty-from-set (besu_development)"
Sep 23 02:59:31.212 INF API: test ended suite=0 test=67 pass=false
Sep 23 02:59:31.213 INF API: test started suite=0 test=68 name="interop/filter-to-null (besu_development)"
Sep 23 02:59:31.226 INF API: test ended suite=0 test=68 pass=false
Sep 23 02:59:31.227 INF API: test started suite=0 test=69 name="interop/filter-to-only-intersection (besu_development)"
Sep 23 02:59:31.231 INF API: test ended suite=0 test=69 pass=false
Sep 23 02:59:31.232 INF API: test started suite=0 test=70 name="interop/filter-to-only-union (besu_development)"
Sep 23 02:59:31.235 INF API: test ended suite=0 test=70 pass=false
Sep 23 02:59:31.236 INF API: test started suite=0 test=71 name="interop/filter-two-blocks (besu_development)"
Sep 23 02:59:31.249 INF API: test ended suite=0 test=71 pass=false
Sep 23 02:59:31.250 INF API: test started suite=0 test=72 name="interop/filter-unknown-field (besu_development)"
Sep 23 02:59:31.255 INF API: test ended suite=0 test=72 pass=false
Sep 23 02:59:31.256 INF API: test started suite=0 test=73 name="interop/filter-wrong-address-type (besu_development)"
Sep 23 02:59:31.268 INF API: test ended suite=0 test=73 pass=false
Sep 23 02:59:31.269 INF API: test started suite=0 test=74 name="interop/get-integer-path (besu_development)"
Sep 23 02:59:31.273 INF API: test ended suite=0 test=74 pass=false
Sep 23 02:59:31.274 INF API: test started suite=0 test=75 name="interop/get-nested-parent (besu_development)"
Sep 23 02:59:31.289 INF API: test ended suite=0 test=75 pass=false
Sep 23 02:59:31.290 INF API: test started suite=0 test=76 name="interop/get-nested-positive (besu_development)"
Sep 23 02:59:31.296 INF API: test ended suite=0 test=76 pass=false
Sep 23 02:59:31.297 INF API: test started suite=0 test=77 name="interop/get-path-wrong-type (besu_development)"
Sep 23 02:59:31.301 INF API: test ended suite=0 test=77 pass=false
Sep 23 02:59:31.302 INF API: test started suite=0 test=78 name="interop/many-storage-write-read (besu_development)"
Sep 23 02:59:31.329 INF API: test ended suite=0 test=78 pass=false
Sep 23 02:59:31.330 INF API: test started suite=0 test=79 name="interop/many-storage-write-revert-read (besu_development)"
Sep 23 02:59:31.338 INF API: test ended suite=0 test=79 pass=false
Sep 23 02:59:31.339 INF API: test started suite=0 test=80 name="interop/missing-block-block (besu_development)"
Sep 23 02:59:31.343 INF API: test ended suite=0 test=80 pass=false
Sep 23 02:59:31.345 INF API: test started suite=0 test=81 name="interop/missing-block-call (besu_development)"
Sep 23 02:59:31.349 INF API: test ended suite=0 test=81 pass=false
Sep 23 02:59:31.350 INF API: test started suite=0 test=82 name="interop/missing-block-filter (besu_development)"
Sep 23 02:59:31.355 INF API: test ended suite=0 test=82 pass=false
Sep 23 02:59:31.356 INF API: test started suite=0 test=83 name="interop/prefunded-empty (besu_development)"
Sep 23 02:59:31.363 INF API: test ended suite=0 test=83 pass=false
Sep 23 02:59:31.363 INF API: test started suite=0 test=84 name="interop/raw-below-basefee (besu_development)"
Sep 23 02:59:31.368 INF API: test ended suite=0 test=84 pass=false
Sep 23 02:59:31.369 INF API: test started suite=0 test=85 name="interop/raw-insufficient-funds (besu_development)"
Sep 23 02:59:31.375 INF API: test ended suite=0 test=85 pass=false
Sep 23 02:59:31.376 INF API: test started suite=0 test=86 name="interop/raw-low-gas (besu_development)"
Sep 23 02:59:31.381 INF API: test ended suite=0 test=86 pass=false
Sep 23 02:59:31.381 INF API: test started suite=0 test=87 name="interop/raw-nonce-high (besu_development)"
Sep 23 02:59:31.385 INF API: test ended suite=0 test=87 pass=false
Sep 23 02:59:31.386 INF API: test started suite=0 test=88 name="interop/raw-valid (besu_development)"
Sep 23 02:59:31.391 INF API: test ended suite=0 test=88 pass=false
Sep 23 02:59:31.392 INF API: test started suite=0 test=89 name="interop/raw-wrong-chain (besu_development)"
Sep 23 02:59:31.397 INF API: test ended suite=0 test=89 pass=false
Sep 23 02:59:31.398 INF API: test started suite=0 test=90 name="interop/state-only-nonempty-output (besu_development)"
Sep 23 02:59:31.402 INF API: test ended suite=0 test=90 pass=false
Sep 23 02:59:31.403 INF API: test started suite=0 test=91 name="interop/transaction-tree (besu_development)"
Sep 23 02:59:31.413 INF API: test ended suite=0 test=91 pass=false
Sep 23 02:59:31.414 INF API: test started suite=0 test=92 name="interop/vm-only-nonempty-output (besu_development)"
Sep 23 02:59:31.422 INF API: test ended suite=0 test=92 pass=false
Sep 23 02:59:31.789 INF API: test ended suite=0 test=1 pass=true
Sep 23 02:59:31.791 INF API: test started suite=0 test=93 name="client launch (besu_release)"
Sep 23 02:59:41.428 INF API: client besu_release started suite=0 test=93 container=0ec2d250
Sep 23 02:59:41.692 INF API: test started suite=0 test=94 name="interop/_control/head (besu_release)"
Sep 23 02:59:41.707 INF API: test ended suite=0 test=94 pass=false
Sep 23 02:59:41.708 INF API: test started suite=0 test=95 name="interop/_control/latest (besu_release)"
Sep 23 02:59:41.714 INF API: test ended suite=0 test=95 pass=false
Sep 23 02:59:41.714 INF API: test started suite=0 test=96 name="interop/_control/version (besu_release)"
Sep 23 02:59:41.720 INF API: test ended suite=0 test=96 pass=false
Sep 23 02:59:41.720 INF API: test started suite=0 test=97 name="interop/auth-clear (besu_release)"
Sep 23 02:59:41.783 INF API: test ended suite=0 test=97 pass=false
Sep 23 02:59:41.785 INF API: test started suite=0 test=98 name="interop/auth-replace (besu_release)"
Sep 23 02:59:41.810 INF API: test ended suite=0 test=98 pass=false
Sep 23 02:59:41.811 INF API: test started suite=0 test=99 name="interop/auth-set-revert (besu_release)"
Sep 23 02:59:41.831 INF API: test ended suite=0 test=99 pass=false
Sep 23 02:59:41.832 INF API: test started suite=0 test=100 name="interop/auth-set (besu_release)"
Sep 23 02:59:41.853 INF API: test ended suite=0 test=100 pass=false
Sep 23 02:59:41.854 INF API: test started suite=0 test=101 name="interop/block-2 (besu_release)"
Sep 23 02:59:41.949 INF API: test ended suite=0 test=101 pass=false
Sep 23 02:59:41.950 INF API: test started suite=0 test=102 name="interop/block-3 (besu_release)"
Sep 23 02:59:41.976 INF API: test ended suite=0 test=102 pass=false
Sep 23 02:59:41.978 INF API: test started suite=0 test=103 name="interop/call-destroy (besu_release)"
Sep 23 02:59:42.019 INF API: test ended suite=0 test=103 pass=false
Sep 23 02:59:42.020 INF API: test started suite=0 test=104 name="interop/call-gas7400 (besu_release)"
Sep 23 02:59:42.049 INF API: test ended suite=0 test=104 pass=false
Sep 23 02:59:42.050 INF API: test started suite=0 test=105 name="interop/call-mcopy (besu_release)"
Sep 23 02:59:42.062 INF API: test ended suite=0 test=105 pass=false
Sep 23 02:59:42.063 INF API: test started suite=0 test=106 name="interop/call-mixed-create (besu_release)"
Sep 23 02:59:42.076 INF API: test ended suite=0 test=106 pass=false
Sep 23 02:59:42.078 INF API: test started suite=0 test=107 name="interop/call-null-mode (besu_release)"
Sep 23 02:59:42.092 INF API: test ended suite=0 test=107 pass=false
Sep 23 02:59:42.093 INF API: test started suite=0 test=108 name="interop/call-return42 (besu_release)"
Sep 23 02:59:42.103 INF API: test ended suite=0 test=108 pass=false
Sep 23 02:59:42.104 INF API: test started suite=0 test=109 name="interop/call-scalar-mode (besu_release)"
Sep 23 02:59:42.122 INF API: test ended suite=0 test=109 pass=false
Sep 23 02:59:42.125 INF API: test started suite=0 test=110 name="interop/call-siblings-ok-revert (besu_release)"
Sep 23 02:59:42.149 INF API: test ended suite=0 test=110 pass=false
Sep 23 02:59:42.151 INF API: test started suite=0 test=111 name="interop/call-siblings-revert-ok (besu_release)"
Sep 23 02:59:42.184 INF API: test ended suite=0 test=111 pass=false
Sep 23 02:59:42.185 INF API: test started suite=0 test=112 name="interop/call-unknown-field (besu_release)"
Sep 23 02:59:42.203 INF API: test ended suite=0 test=112 pass=false
Sep 23 02:59:42.204 INF API: test started suite=0 test=113 name="interop/call-unknown-mode (besu_release)"
Sep 23 02:59:42.216 INF API: test ended suite=0 test=113 pass=false
Sep 23 02:59:42.218 INF API: test started suite=0 test=114 name="interop/call-wrong-type (besu_release)"
Sep 23 02:59:42.236 INF API: test ended suite=0 test=114 pass=false
Sep 23 02:59:42.237 INF API: test started suite=0 test=115 name="interop/control-chain (besu_release)"
Sep 23 02:59:42.250 INF API: test ended suite=0 test=115 pass=false
Sep 23 02:59:42.251 INF API: test started suite=0 test=116 name="interop/control-code-delegated (besu_release)"
Sep 23 02:59:42.269 INF API: test ended suite=0 test=116 pass=false
Sep 23 02:59:42.270 INF API: test started suite=0 test=117 name="interop/control-code-destroy (besu_release)"
Sep 23 02:59:42.282 INF API: test ended suite=0 test=117 pass=false
Sep 23 02:59:42.283 INF API: test started suite=0 test=118 name="interop/control-code-gas7400 (besu_release)"
Sep 23 02:59:42.295 INF API: test ended suite=0 test=118 pass=false
Sep 23 02:59:42.297 INF API: test started suite=0 test=119 name="interop/control-code-mcopy (besu_release)"
Sep 23 02:59:42.301 INF API: test ended suite=0 test=119 pass=false
Sep 23 02:59:42.302 INF API: test started suite=0 test=120 name="interop/control-code-mixed-create (besu_release)"
Sep 23 02:59:42.307 INF API: test ended suite=0 test=120 pass=false
Sep 23 02:59:42.308 INF API: test started suite=0 test=121 name="interop/control-code-prefunded-empty (besu_release)"
Sep 23 02:59:42.314 INF API: test ended suite=0 test=121 pass=false
Sep 23 02:59:42.314 INF API: test started suite=0 test=122 name="interop/control-code-return42 (besu_release)"
Sep 23 02:59:42.320 INF API: test ended suite=0 test=122 pass=false
Sep 23 02:59:42.321 INF API: test started suite=0 test=123 name="interop/control-code-revert (besu_release)"
Sep 23 02:59:42.327 INF API: test ended suite=0 test=123 pass=false
Sep 23 02:59:42.328 INF API: test started suite=0 test=124 name="interop/control-code-siblings-ok-revert (besu_release)"
Sep 23 02:59:42.334 INF API: test ended suite=0 test=124 pass=false
Sep 23 02:59:42.335 INF API: test started suite=0 test=125 name="interop/control-code-siblings-revert-ok (besu_release)"
Sep 23 02:59:42.339 INF API: test ended suite=0 test=125 pass=false
Sep 23 02:59:42.340 INF API: test started suite=0 test=126 name="interop/control-code-storage (besu_release)"
Sep 23 02:59:42.344 INF API: test ended suite=0 test=126 pass=false
Sep 23 02:59:42.345 INF API: test started suite=0 test=127 name="interop/control-code-undelegated (besu_release)"
Sep 23 02:59:42.350 INF API: test ended suite=0 test=127 pass=false
Sep 23 02:59:42.351 INF API: test started suite=0 test=128 name="interop/control-head (besu_release)"
Sep 23 02:59:42.356 INF API: test ended suite=0 test=128 pass=false
Sep 23 02:59:42.357 INF API: test started suite=0 test=129 name="interop/control-height (besu_release)"
Sep 23 02:59:42.362 INF API: test ended suite=0 test=129 pass=false
Sep 23 02:59:42.363 INF API: test started suite=0 test=130 name="interop/control-nonce (besu_release)"
Sep 23 02:59:42.367 INF API: test ended suite=0 test=130 pass=false
Sep 23 02:59:42.368 INF API: test started suite=0 test=131 name="interop/control-storage-after-many (besu_release)"
Sep 23 02:59:42.373 INF API: test ended suite=0 test=131 pass=false
Sep 23 02:59:42.374 INF API: test started suite=0 test=132 name="interop/control-version (besu_release)"
Sep 23 02:59:42.377 INF API: test ended suite=0 test=132 pass=false
Sep 23 02:59:42.378 INF API: test started suite=0 test=133 name="interop/debug-destroy (besu_release)"
Sep 23 02:59:42.406 INF API: test ended suite=0 test=133 pass=false
Sep 23 02:59:42.407 INF API: test started suite=0 test=134 name="interop/debug-gas7400-opcodes (besu_release)"
Sep 23 02:59:42.422 INF API: test ended suite=0 test=134 pass=false
Sep 23 02:59:42.423 INF API: test started suite=0 test=135 name="interop/debug-gas7400 (besu_release)"
Sep 23 02:59:42.429 INF API: test ended suite=0 test=135 pass=false
Sep 23 02:59:42.430 INF API: test started suite=0 test=136 name="interop/debug-mcopy (besu_release)"
Sep 23 02:59:42.435 INF API: test ended suite=0 test=136 pass=false
Sep 23 02:59:42.436 INF API: test started suite=0 test=137 name="interop/debug-mixed-create (besu_release)"
Sep 23 02:59:42.443 INF API: test ended suite=0 test=137 pass=false
Sep 23 02:59:42.444 INF API: test started suite=0 test=138 name="interop/debug-return42 (besu_release)"
Sep 23 02:59:42.450 INF API: test ended suite=0 test=138 pass=false
Sep 23 02:59:42.450 INF API: test started suite=0 test=139 name="interop/debug-siblings-ok-revert (besu_release)"
Sep 23 02:59:42.457 INF API: test ended suite=0 test=139 pass=false
Sep 23 02:59:42.458 INF API: test started suite=0 test=140 name="interop/debug-siblings-revert-ok (besu_release)"
Sep 23 02:59:42.463 INF API: test ended suite=0 test=140 pass=false
Sep 23 02:59:42.464 INF API: test started suite=0 test=141 name="interop/empty-types (besu_release)"
Sep 23 02:59:42.470 INF API: test ended suite=0 test=141 pass=false
Sep 23 02:59:42.471 INF API: test started suite=0 test=142 name="interop/filter-all (besu_release)"
Sep 23 02:59:42.497 INF API: test ended suite=0 test=142 pass=false
Sep 23 02:59:42.498 INF API: test started suite=0 test=143 name="interop/filter-both-null (besu_release)"
Sep 23 02:59:42.510 INF API: test ended suite=0 test=143 pass=false
Sep 23 02:59:42.511 INF API: test started suite=0 test=144 name="interop/filter-both-unknown-mode (besu_release)"
Sep 23 02:59:42.516 INF API: test ended suite=0 test=144 pass=false
Sep 23 02:59:42.517 INF API: test started suite=0 test=145 name="interop/filter-created-to (besu_release)"
Sep 23 02:59:42.525 INF API: test ended suite=0 test=145 pass=false
Sep 23 02:59:42.526 INF API: test started suite=0 test=146 name="interop/filter-creator-from (besu_release)"
Sep 23 02:59:42.535 INF API: test ended suite=0 test=146 pass=false
Sep 23 02:59:42.536 INF API: test started suite=0 test=147 name="interop/filter-from-empty-to-set (besu_release)"
Sep 23 02:59:42.544 INF API: test ended suite=0 test=147 pass=false
Sep 23 02:59:42.545 INF API: test started suite=0 test=148 name="interop/filter-from-null (besu_release)"
Sep 23 02:59:42.554 INF API: test ended suite=0 test=148 pass=false
Sep 23 02:59:42.556 INF API: test started suite=0 test=149 name="interop/filter-from-only-intersection (besu_release)"
Sep 23 02:59:42.560 INF API: test ended suite=0 test=149 pass=false
Sep 23 02:59:42.561 INF API: test started suite=0 test=150 name="interop/filter-from-only-union (besu_release)"
Sep 23 02:59:42.564 INF API: test ended suite=0 test=150 pass=false
Sep 23 02:59:42.565 INF API: test started suite=0 test=151 name="interop/filter-negative-count (besu_release)"
Sep 23 02:59:44.577 INF API: test ended suite=0 test=151 pass=false
Sep 23 02:59:44.578 INF API: test started suite=0 test=152 name="interop/filter-page-0 (besu_release)"
Sep 23 02:59:44.598 INF API: test ended suite=0 test=152 pass=false
Sep 23 02:59:44.600 INF API: test started suite=0 test=153 name="interop/filter-page-1 (besu_release)"
Sep 23 02:59:44.622 INF API: test ended suite=0 test=153 pass=false
Sep 23 02:59:44.623 INF API: test started suite=0 test=154 name="interop/filter-page-2 (besu_release)"
Sep 23 02:59:44.643 INF API: test ended suite=0 test=154 pass=false
Sep 23 02:59:44.643 INF API: test started suite=0 test=155 name="interop/filter-past-end-page (besu_release)"
Sep 23 02:59:44.667 INF API: test ended suite=0 test=155 pass=false
Sep 23 02:59:44.668 INF API: test started suite=0 test=156 name="interop/filter-snapshot (besu_release)"
Sep 23 02:59:44.691 INF API: test ended suite=0 test=156 pass=false
Sep 23 02:59:44.692 INF API: test started suite=0 test=157 name="interop/filter-suicide-beneficiary (besu_release)"
Sep 23 02:59:44.701 INF API: test ended suite=0 test=157 pass=false
Sep 23 02:59:44.702 INF API: test started suite=0 test=158 name="interop/filter-suicide-from (besu_release)"
Sep 23 02:59:44.709 INF API: test ended suite=0 test=158 pass=false
Sep 23 02:59:44.710 INF API: test started suite=0 test=159 name="interop/filter-to-empty-from-set (besu_release)"
Sep 23 02:59:44.718 INF API: test ended suite=0 test=159 pass=false
Sep 23 02:59:44.719 INF API: test started suite=0 test=160 name="interop/filter-to-null (besu_release)"
Sep 23 02:59:44.731 INF API: test ended suite=0 test=160 pass=false
Sep 23 02:59:44.732 INF API: test started suite=0 test=161 name="interop/filter-to-only-intersection (besu_release)"
Sep 23 02:59:44.736 INF API: test ended suite=0 test=161 pass=false
Sep 23 02:59:44.737 INF API: test started suite=0 test=162 name="interop/filter-to-only-union (besu_release)"
Sep 23 02:59:44.740 INF API: test ended suite=0 test=162 pass=false
Sep 23 02:59:44.741 INF API: test started suite=0 test=163 name="interop/filter-two-blocks (besu_release)"
Sep 23 02:59:44.753 INF API: test ended suite=0 test=163 pass=false
Sep 23 02:59:44.754 INF API: test started suite=0 test=164 name="interop/filter-unknown-field (besu_release)"
Sep 23 02:59:44.758 INF API: test ended suite=0 test=164 pass=false
Sep 23 02:59:44.759 INF API: test started suite=0 test=165 name="interop/filter-wrong-address-type (besu_release)"
Sep 23 02:59:44.768 INF API: test ended suite=0 test=165 pass=false
Sep 23 02:59:44.769 INF API: test started suite=0 test=166 name="interop/get-integer-path (besu_release)"
Sep 23 02:59:44.773 INF API: test ended suite=0 test=166 pass=false
Sep 23 02:59:44.774 INF API: test started suite=0 test=167 name="interop/get-nested-parent (besu_release)"
Sep 23 02:59:44.787 INF API: test ended suite=0 test=167 pass=false
Sep 23 02:59:44.788 INF API: test started suite=0 test=168 name="interop/get-nested-positive (besu_release)"
Sep 23 02:59:44.797 INF API: test ended suite=0 test=168 pass=false
Sep 23 02:59:44.798 INF API: test started suite=0 test=169 name="interop/get-path-wrong-type (besu_release)"
Sep 23 02:59:44.802 INF API: test ended suite=0 test=169 pass=false
Sep 23 02:59:44.803 INF API: test started suite=0 test=170 name="interop/many-storage-write-read (besu_release)"
Sep 23 02:59:44.818 INF API: test ended suite=0 test=170 pass=false
Sep 23 02:59:44.819 INF API: test started suite=0 test=171 name="interop/many-storage-write-revert-read (besu_release)"
Sep 23 02:59:44.827 INF API: test ended suite=0 test=171 pass=false
Sep 23 02:59:44.828 INF API: test started suite=0 test=172 name="interop/missing-block-block (besu_release)"
Sep 23 02:59:44.832 INF API: test ended suite=0 test=172 pass=false
Sep 23 02:59:44.833 INF API: test started suite=0 test=173 name="interop/missing-block-call (besu_release)"
Sep 23 02:59:44.837 INF API: test ended suite=0 test=173 pass=false
Sep 23 02:59:44.838 INF API: test started suite=0 test=174 name="interop/missing-block-filter (besu_release)"
Sep 23 02:59:44.842 INF API: test ended suite=0 test=174 pass=false
Sep 23 02:59:44.843 INF API: test started suite=0 test=175 name="interop/prefunded-empty (besu_release)"
Sep 23 02:59:44.848 INF API: test ended suite=0 test=175 pass=false
Sep 23 02:59:44.849 INF API: test started suite=0 test=176 name="interop/raw-below-basefee (besu_release)"
Sep 23 02:59:44.853 INF API: test ended suite=0 test=176 pass=false
Sep 23 02:59:44.854 INF API: test started suite=0 test=177 name="interop/raw-insufficient-funds (besu_release)"
Sep 23 02:59:44.859 INF API: test ended suite=0 test=177 pass=false
Sep 23 02:59:44.860 INF API: test started suite=0 test=178 name="interop/raw-low-gas (besu_release)"
Sep 23 02:59:44.865 INF API: test ended suite=0 test=178 pass=false
Sep 23 02:59:44.866 INF API: test started suite=0 test=179 name="interop/raw-nonce-high (besu_release)"
Sep 23 02:59:44.870 INF API: test ended suite=0 test=179 pass=false
Sep 23 02:59:44.871 INF API: test started suite=0 test=180 name="interop/raw-valid (besu_release)"
Sep 23 02:59:44.877 INF API: test ended suite=0 test=180 pass=false
Sep 23 02:59:44.878 INF API: test started suite=0 test=181 name="interop/raw-wrong-chain (besu_release)"
Sep 23 02:59:44.884 INF API: test ended suite=0 test=181 pass=false
Sep 23 02:59:44.885 INF API: test started suite=0 test=182 name="interop/state-only-nonempty-output (besu_release)"
Sep 23 02:59:44.890 INF API: test ended suite=0 test=182 pass=false
Sep 23 02:59:44.891 INF API: test started suite=0 test=183 name="interop/transaction-tree (besu_release)"
Sep 23 02:59:44.899 INF API: test ended suite=0 test=183 pass=false
Sep 23 02:59:44.900 INF API: test started suite=0 test=184 name="interop/vm-only-nonempty-output (besu_release)"
Sep 23 02:59:44.905 INF API: test ended suite=0 test=184 pass=false
Sep 23 02:59:45.428 INF API: test ended suite=0 test=93 pass=true
Sep 23 02:59:45.430 INF API: test started suite=0 test=185 name="client launch (erigon_development)"
Sep 23 02:59:46.977 INF API: client erigon_development started suite=0 test=185 container=8bebce54
Sep 23 02:59:46.992 INF API: test started suite=0 test=186 name="interop/_control/head (erigon_development)"
Sep 23 02:59:46.993 INF API: test ended suite=0 test=186 pass=false
Sep 23 02:59:46.994 INF API: test started suite=0 test=187 name="interop/_control/latest (erigon_development)"
Sep 23 02:59:46.996 INF API: test ended suite=0 test=187 pass=false
Sep 23 02:59:46.996 INF API: test started suite=0 test=188 name="interop/_control/version (erigon_development)"
Sep 23 02:59:46.997 INF API: test ended suite=0 test=188 pass=false
Sep 23 02:59:46.998 INF API: test started suite=0 test=189 name="interop/auth-clear (erigon_development)"
Sep 23 02:59:47.000 INF API: test ended suite=0 test=189 pass=false
Sep 23 02:59:47.000 INF API: test started suite=0 test=190 name="interop/auth-replace (erigon_development)"
Sep 23 02:59:47.002 INF API: test ended suite=0 test=190 pass=false
Sep 23 02:59:47.003 INF API: test started suite=0 test=191 name="interop/auth-set-revert (erigon_development)"
Sep 23 02:59:47.005 INF API: test ended suite=0 test=191 pass=false
Sep 23 02:59:47.006 INF API: test started suite=0 test=192 name="interop/auth-set (erigon_development)"
Sep 23 02:59:47.008 INF API: test ended suite=0 test=192 pass=false
Sep 23 02:59:47.009 INF API: test started suite=0 test=193 name="interop/block-2 (erigon_development)"
Sep 23 02:59:47.012 INF API: test ended suite=0 test=193 pass=false
Sep 23 02:59:47.013 INF API: test started suite=0 test=194 name="interop/block-3 (erigon_development)"
Sep 23 02:59:47.014 INF API: test ended suite=0 test=194 pass=false
Sep 23 02:59:47.015 INF API: test started suite=0 test=195 name="interop/call-destroy (erigon_development)"
Sep 23 02:59:47.017 INF API: test ended suite=0 test=195 pass=false
Sep 23 02:59:47.018 INF API: test started suite=0 test=196 name="interop/call-gas7400 (erigon_development)"
Sep 23 02:59:47.025 INF API: test ended suite=0 test=196 pass=false
Sep 23 02:59:47.026 INF API: test started suite=0 test=197 name="interop/call-mcopy (erigon_development)"
Sep 23 02:59:47.028 INF API: test ended suite=0 test=197 pass=false
Sep 23 02:59:47.029 INF API: test started suite=0 test=198 name="interop/call-mixed-create (erigon_development)"
Sep 23 02:59:47.032 INF API: test ended suite=0 test=198 pass=false
Sep 23 02:59:47.033 INF API: test started suite=0 test=199 name="interop/call-null-mode (erigon_development)"
Sep 23 02:59:47.034 INF API: test ended suite=0 test=199 pass=false
Sep 23 02:59:47.035 INF API: test started suite=0 test=200 name="interop/call-return42 (erigon_development)"
Sep 23 02:59:47.037 INF API: test ended suite=0 test=200 pass=false
Sep 23 02:59:47.038 INF API: test started suite=0 test=201 name="interop/call-scalar-mode (erigon_development)"
Sep 23 02:59:47.040 INF API: test ended suite=0 test=201 pass=false
Sep 23 02:59:47.040 INF API: test started suite=0 test=202 name="interop/call-siblings-ok-revert (erigon_development)"
Sep 23 02:59:47.043 INF API: test ended suite=0 test=202 pass=false
Sep 23 02:59:47.044 INF API: test started suite=0 test=203 name="interop/call-siblings-revert-ok (erigon_development)"
Sep 23 02:59:47.046 INF API: test ended suite=0 test=203 pass=false
Sep 23 02:59:47.047 INF API: test started suite=0 test=204 name="interop/call-unknown-field (erigon_development)"
Sep 23 02:59:47.048 INF API: test ended suite=0 test=204 pass=false
Sep 23 02:59:47.049 INF API: test started suite=0 test=205 name="interop/call-unknown-mode (erigon_development)"
Sep 23 02:59:47.050 INF API: test ended suite=0 test=205 pass=false
Sep 23 02:59:47.051 INF API: test started suite=0 test=206 name="interop/call-wrong-type (erigon_development)"
Sep 23 02:59:47.052 INF API: test ended suite=0 test=206 pass=false
Sep 23 02:59:47.053 INF API: test started suite=0 test=207 name="interop/control-chain (erigon_development)"
Sep 23 02:59:47.054 INF API: test ended suite=0 test=207 pass=false
Sep 23 02:59:47.054 INF API: test started suite=0 test=208 name="interop/control-code-delegated (erigon_development)"
Sep 23 02:59:47.055 INF API: test ended suite=0 test=208 pass=false
Sep 23 02:59:47.056 INF API: test started suite=0 test=209 name="interop/control-code-destroy (erigon_development)"
Sep 23 02:59:47.057 INF API: test ended suite=0 test=209 pass=false
Sep 23 02:59:47.058 INF API: test started suite=0 test=210 name="interop/control-code-gas7400 (erigon_development)"
Sep 23 02:59:47.059 INF API: test ended suite=0 test=210 pass=false
Sep 23 02:59:47.059 INF API: test started suite=0 test=211 name="interop/control-code-mcopy (erigon_development)"
Sep 23 02:59:47.060 INF API: test ended suite=0 test=211 pass=false
Sep 23 02:59:47.061 INF API: test started suite=0 test=212 name="interop/control-code-mixed-create (erigon_development)"
Sep 23 02:59:47.062 INF API: test ended suite=0 test=212 pass=false
Sep 23 02:59:47.062 INF API: test started suite=0 test=213 name="interop/control-code-prefunded-empty (erigon_development)"
Sep 23 02:59:47.063 INF API: test ended suite=0 test=213 pass=false
Sep 23 02:59:47.064 INF API: test started suite=0 test=214 name="interop/control-code-return42 (erigon_development)"
Sep 23 02:59:47.065 INF API: test ended suite=0 test=214 pass=false
Sep 23 02:59:47.065 INF API: test started suite=0 test=215 name="interop/control-code-revert (erigon_development)"
Sep 23 02:59:47.066 INF API: test ended suite=0 test=215 pass=false
Sep 23 02:59:47.067 INF API: test started suite=0 test=216 name="interop/control-code-siblings-ok-revert (erigon_development)"
Sep 23 02:59:47.067 INF API: test ended suite=0 test=216 pass=false
Sep 23 02:59:47.068 INF API: test started suite=0 test=217 name="interop/control-code-siblings-revert-ok (erigon_development)"
Sep 23 02:59:47.069 INF API: test ended suite=0 test=217 pass=false
Sep 23 02:59:47.070 INF API: test started suite=0 test=218 name="interop/control-code-storage (erigon_development)"
Sep 23 02:59:47.072 INF API: test ended suite=0 test=218 pass=false
Sep 23 02:59:47.072 INF API: test started suite=0 test=219 name="interop/control-code-undelegated (erigon_development)"
Sep 23 02:59:47.073 INF API: test ended suite=0 test=219 pass=false
Sep 23 02:59:47.074 INF API: test started suite=0 test=220 name="interop/control-head (erigon_development)"
Sep 23 02:59:47.075 INF API: test ended suite=0 test=220 pass=false
Sep 23 02:59:47.076 INF API: test started suite=0 test=221 name="interop/control-height (erigon_development)"
Sep 23 02:59:47.077 INF API: test ended suite=0 test=221 pass=false
Sep 23 02:59:47.078 INF API: test started suite=0 test=222 name="interop/control-nonce (erigon_development)"
Sep 23 02:59:47.079 INF API: test ended suite=0 test=222 pass=false
Sep 23 02:59:47.080 INF API: test started suite=0 test=223 name="interop/control-storage-after-many (erigon_development)"
Sep 23 02:59:47.081 INF API: test ended suite=0 test=223 pass=false
Sep 23 02:59:47.082 INF API: test started suite=0 test=224 name="interop/control-version (erigon_development)"
Sep 23 02:59:47.083 INF API: test ended suite=0 test=224 pass=false
Sep 23 02:59:47.084 INF API: test started suite=0 test=225 name="interop/debug-destroy (erigon_development)"
Sep 23 02:59:47.085 INF API: test ended suite=0 test=225 pass=false
Sep 23 02:59:47.086 INF API: test started suite=0 test=226 name="interop/debug-gas7400-opcodes (erigon_development)"
Sep 23 02:59:47.087 INF API: test ended suite=0 test=226 pass=false
Sep 23 02:59:47.088 INF API: test started suite=0 test=227 name="interop/debug-gas7400 (erigon_development)"
Sep 23 02:59:47.089 INF API: test ended suite=0 test=227 pass=false
Sep 23 02:59:47.090 INF API: test started suite=0 test=228 name="interop/debug-mcopy (erigon_development)"
Sep 23 02:59:47.091 INF API: test ended suite=0 test=228 pass=false
Sep 23 02:59:47.091 INF API: test started suite=0 test=229 name="interop/debug-mixed-create (erigon_development)"
Sep 23 02:59:47.093 INF API: test ended suite=0 test=229 pass=false
Sep 23 02:59:47.094 INF API: test started suite=0 test=230 name="interop/debug-return42 (erigon_development)"
Sep 23 02:59:47.095 INF API: test ended suite=0 test=230 pass=false
Sep 23 02:59:47.096 INF API: test started suite=0 test=231 name="interop/debug-siblings-ok-revert (erigon_development)"
Sep 23 02:59:47.097 INF API: test ended suite=0 test=231 pass=false
Sep 23 02:59:47.098 INF API: test started suite=0 test=232 name="interop/debug-siblings-revert-ok (erigon_development)"
Sep 23 02:59:47.099 INF API: test ended suite=0 test=232 pass=false
Sep 23 02:59:47.099 INF API: test started suite=0 test=233 name="interop/empty-types (erigon_development)"
Sep 23 02:59:47.100 INF API: test ended suite=0 test=233 pass=false
Sep 23 02:59:47.101 INF API: test started suite=0 test=234 name="interop/filter-all (erigon_development)"
Sep 23 02:59:47.106 INF API: test ended suite=0 test=234 pass=false
Sep 23 02:59:47.106 INF API: test started suite=0 test=235 name="interop/filter-both-null (erigon_development)"
Sep 23 02:59:47.109 INF API: test ended suite=0 test=235 pass=false
Sep 23 02:59:47.110 INF API: test started suite=0 test=236 name="interop/filter-both-unknown-mode (erigon_development)"
Sep 23 02:59:47.114 INF API: test ended suite=0 test=236 pass=false
Sep 23 02:59:47.114 INF API: test started suite=0 test=237 name="interop/filter-created-to (erigon_development)"
Sep 23 02:59:47.116 INF API: test ended suite=0 test=237 pass=false
Sep 23 02:59:47.116 INF API: test started suite=0 test=238 name="interop/filter-creator-from (erigon_development)"
Sep 23 02:59:47.119 INF API: test ended suite=0 test=238 pass=false
Sep 23 02:59:47.120 INF API: test started suite=0 test=239 name="interop/filter-from-empty-to-set (erigon_development)"
Sep 23 02:59:47.121 INF API: test ended suite=0 test=239 pass=false
Sep 23 02:59:47.122 INF API: test started suite=0 test=240 name="interop/filter-from-null (erigon_development)"
Sep 23 02:59:47.124 INF API: test ended suite=0 test=240 pass=false
Sep 23 02:59:47.125 INF API: test started suite=0 test=241 name="interop/filter-from-only-intersection (erigon_development)"
Sep 23 02:59:47.126 INF API: test ended suite=0 test=241 pass=false
Sep 23 02:59:47.126 INF API: test started suite=0 test=242 name="interop/filter-from-only-union (erigon_development)"
Sep 23 02:59:47.129 INF API: test ended suite=0 test=242 pass=false
Sep 23 02:59:47.129 INF API: test started suite=0 test=243 name="interop/filter-negative-count (erigon_development)"
Sep 23 02:59:47.130 INF API: test ended suite=0 test=243 pass=false
Sep 23 02:59:47.131 INF API: test started suite=0 test=244 name="interop/filter-page-0 (erigon_development)"
Sep 23 02:59:47.134 INF API: test ended suite=0 test=244 pass=false
Sep 23 02:59:47.135 INF API: test started suite=0 test=245 name="interop/filter-page-1 (erigon_development)"
Sep 23 02:59:47.137 INF API: test ended suite=0 test=245 pass=false
Sep 23 02:59:47.138 INF API: test started suite=0 test=246 name="interop/filter-page-2 (erigon_development)"
Sep 23 02:59:47.145 INF API: test ended suite=0 test=246 pass=false
Sep 23 02:59:47.145 INF API: test started suite=0 test=247 name="interop/filter-past-end-page (erigon_development)"
Sep 23 02:59:47.147 INF API: test ended suite=0 test=247 pass=false
Sep 23 02:59:47.148 INF API: test started suite=0 test=248 name="interop/filter-snapshot (erigon_development)"
Sep 23 02:59:47.151 INF API: test ended suite=0 test=248 pass=false
Sep 23 02:59:47.151 INF API: test started suite=0 test=249 name="interop/filter-suicide-beneficiary (erigon_development)"
Sep 23 02:59:47.153 INF API: test ended suite=0 test=249 pass=false
Sep 23 02:59:47.154 INF API: test started suite=0 test=250 name="interop/filter-suicide-from (erigon_development)"
Sep 23 02:59:47.155 INF API: test ended suite=0 test=250 pass=false
Sep 23 02:59:47.155 INF API: test started suite=0 test=251 name="interop/filter-to-empty-from-set (erigon_development)"
Sep 23 02:59:47.158 INF API: test ended suite=0 test=251 pass=false
Sep 23 02:59:47.158 INF API: test started suite=0 test=252 name="interop/filter-to-null (erigon_development)"
Sep 23 02:59:47.162 INF API: test ended suite=0 test=252 pass=false
Sep 23 02:59:47.162 INF API: test started suite=0 test=253 name="interop/filter-to-only-intersection (erigon_development)"
Sep 23 02:59:47.164 INF API: test ended suite=0 test=253 pass=false
Sep 23 02:59:47.164 INF API: test started suite=0 test=254 name="interop/filter-to-only-union (erigon_development)"
Sep 23 02:59:47.165 INF API: test ended suite=0 test=254 pass=false
Sep 23 02:59:47.166 INF API: test started suite=0 test=255 name="interop/filter-two-blocks (erigon_development)"
Sep 23 02:59:47.172 INF API: test ended suite=0 test=255 pass=false
Sep 23 02:59:47.173 INF API: test started suite=0 test=256 name="interop/filter-unknown-field (erigon_development)"
Sep 23 02:59:47.177 INF API: test ended suite=0 test=256 pass=false
Sep 23 02:59:47.177 INF API: test started suite=0 test=257 name="interop/filter-wrong-address-type (erigon_development)"
Sep 23 02:59:47.179 INF API: test ended suite=0 test=257 pass=false
Sep 23 02:59:47.179 INF API: test started suite=0 test=258 name="interop/get-integer-path (erigon_development)"
Sep 23 02:59:47.180 INF API: test ended suite=0 test=258 pass=false
Sep 23 02:59:47.181 INF API: test started suite=0 test=259 name="interop/get-nested-parent (erigon_development)"
Sep 23 02:59:47.183 INF API: test ended suite=0 test=259 pass=false
Sep 23 02:59:47.184 INF API: test started suite=0 test=260 name="interop/get-nested-positive (erigon_development)"
Sep 23 02:59:47.186 INF API: test ended suite=0 test=260 pass=false
Sep 23 02:59:47.187 INF API: test started suite=0 test=261 name="interop/get-path-wrong-type (erigon_development)"
Sep 23 02:59:47.188 INF API: test ended suite=0 test=261 pass=false
Sep 23 02:59:47.188 INF API: test started suite=0 test=262 name="interop/many-storage-write-read (erigon_development)"
Sep 23 02:59:47.190 INF API: test ended suite=0 test=262 pass=false
Sep 23 02:59:47.191 INF API: test started suite=0 test=263 name="interop/many-storage-write-revert-read (erigon_development)"
Sep 23 02:59:47.192 INF API: test ended suite=0 test=263 pass=false
Sep 23 02:59:47.193 INF API: test started suite=0 test=264 name="interop/missing-block-block (erigon_development)"
Sep 23 02:59:47.194 INF API: test ended suite=0 test=264 pass=false
Sep 23 02:59:47.195 INF API: test started suite=0 test=265 name="interop/missing-block-call (erigon_development)"
Sep 23 02:59:47.196 INF API: test ended suite=0 test=265 pass=false
Sep 23 02:59:47.197 INF API: test started suite=0 test=266 name="interop/missing-block-filter (erigon_development)"
Sep 23 02:59:47.197 INF API: test ended suite=0 test=266 pass=false
Sep 23 02:59:47.198 INF API: test started suite=0 test=267 name="interop/prefunded-empty (erigon_development)"
Sep 23 02:59:47.200 INF API: test ended suite=0 test=267 pass=false
Sep 23 02:59:47.200 INF API: test started suite=0 test=268 name="interop/raw-below-basefee (erigon_development)"
Sep 23 02:59:47.202 INF API: test ended suite=0 test=268 pass=false
Sep 23 02:59:47.202 INF API: test started suite=0 test=269 name="interop/raw-insufficient-funds (erigon_development)"
Sep 23 02:59:47.204 INF API: test ended suite=0 test=269 pass=false
Sep 23 02:59:47.204 INF API: test started suite=0 test=270 name="interop/raw-low-gas (erigon_development)"
Sep 23 02:59:47.205 INF API: test ended suite=0 test=270 pass=false
Sep 23 02:59:47.206 INF API: test started suite=0 test=271 name="interop/raw-nonce-high (erigon_development)"
Sep 23 02:59:47.207 INF API: test ended suite=0 test=271 pass=false
Sep 23 02:59:47.207 INF API: test started suite=0 test=272 name="interop/raw-valid (erigon_development)"
Sep 23 02:59:47.208 INF API: test ended suite=0 test=272 pass=false
Sep 23 02:59:47.209 INF API: test started suite=0 test=273 name="interop/raw-wrong-chain (erigon_development)"
Sep 23 02:59:47.210 INF API: test ended suite=0 test=273 pass=false
Sep 23 02:59:47.210 INF API: test started suite=0 test=274 name="interop/state-only-nonempty-output (erigon_development)"
Sep 23 02:59:47.211 INF API: test ended suite=0 test=274 pass=false
Sep 23 02:59:47.212 INF API: test started suite=0 test=275 name="interop/transaction-tree (erigon_development)"
Sep 23 02:59:47.213 INF API: test ended suite=0 test=275 pass=false
Sep 23 02:59:47.214 INF API: test started suite=0 test=276 name="interop/vm-only-nonempty-output (erigon_development)"
Sep 23 02:59:47.215 INF API: test ended suite=0 test=276 pass=false
Sep 23 02:59:47.496 INF API: test ended suite=0 test=185 pass=true
Sep 23 02:59:47.497 INF API: test started suite=0 test=277 name="client launch (erigon_release)"
Sep 23 02:59:49.160 INF API: client erigon_release started suite=0 test=277 container=9634df8c
Sep 23 02:59:49.175 INF API: test started suite=0 test=278 name="interop/_control/head (erigon_release)"
Sep 23 02:59:49.177 INF API: test ended suite=0 test=278 pass=false
Sep 23 02:59:49.178 INF API: test started suite=0 test=279 name="interop/_control/latest (erigon_release)"
Sep 23 02:59:49.179 INF API: test ended suite=0 test=279 pass=false
Sep 23 02:59:49.180 INF API: test started suite=0 test=280 name="interop/_control/version (erigon_release)"
Sep 23 02:59:49.181 INF API: test ended suite=0 test=280 pass=false
Sep 23 02:59:49.181 INF API: test started suite=0 test=281 name="interop/auth-clear (erigon_release)"
Sep 23 02:59:49.184 INF API: test ended suite=0 test=281 pass=false
Sep 23 02:59:49.185 INF API: test started suite=0 test=282 name="interop/auth-replace (erigon_release)"
Sep 23 02:59:49.187 INF API: test ended suite=0 test=282 pass=false
Sep 23 02:59:49.187 INF API: test started suite=0 test=283 name="interop/auth-set-revert (erigon_release)"
Sep 23 02:59:49.190 INF API: test ended suite=0 test=283 pass=false
Sep 23 02:59:49.191 INF API: test started suite=0 test=284 name="interop/auth-set (erigon_release)"
Sep 23 02:59:49.192 INF API: test ended suite=0 test=284 pass=false
Sep 23 02:59:49.193 INF API: test started suite=0 test=285 name="interop/block-2 (erigon_release)"
Sep 23 02:59:49.196 INF API: test ended suite=0 test=285 pass=false
Sep 23 02:59:49.196 INF API: test started suite=0 test=286 name="interop/block-3 (erigon_release)"
Sep 23 02:59:49.198 INF API: test ended suite=0 test=286 pass=false
Sep 23 02:59:49.199 INF API: test started suite=0 test=287 name="interop/call-destroy (erigon_release)"
Sep 23 02:59:49.201 INF API: test ended suite=0 test=287 pass=false
Sep 23 02:59:49.202 INF API: test started suite=0 test=288 name="interop/call-gas7400 (erigon_release)"
Sep 23 02:59:49.209 INF API: test ended suite=0 test=288 pass=false
Sep 23 02:59:49.210 INF API: test started suite=0 test=289 name="interop/call-mcopy (erigon_release)"
Sep 23 02:59:49.211 INF API: test ended suite=0 test=289 pass=false
Sep 23 02:59:49.212 INF API: test started suite=0 test=290 name="interop/call-mixed-create (erigon_release)"
Sep 23 02:59:49.215 INF API: test ended suite=0 test=290 pass=false
Sep 23 02:59:49.216 INF API: test started suite=0 test=291 name="interop/call-null-mode (erigon_release)"
Sep 23 02:59:49.218 INF API: test ended suite=0 test=291 pass=false
Sep 23 02:59:49.218 INF API: test started suite=0 test=292 name="interop/call-return42 (erigon_release)"
Sep 23 02:59:49.221 INF API: test ended suite=0 test=292 pass=false
Sep 23 02:59:49.222 INF API: test started suite=0 test=293 name="interop/call-scalar-mode (erigon_release)"
Sep 23 02:59:49.223 INF API: test ended suite=0 test=293 pass=false
Sep 23 02:59:49.224 INF API: test started suite=0 test=294 name="interop/call-siblings-ok-revert (erigon_release)"
Sep 23 02:59:49.226 INF API: test ended suite=0 test=294 pass=false
Sep 23 02:59:49.227 INF API: test started suite=0 test=295 name="interop/call-siblings-revert-ok (erigon_release)"
Sep 23 02:59:49.230 INF API: test ended suite=0 test=295 pass=false
Sep 23 02:59:49.231 INF API: test started suite=0 test=296 name="interop/call-unknown-field (erigon_release)"
Sep 23 02:59:49.232 INF API: test ended suite=0 test=296 pass=false
Sep 23 02:59:49.233 INF API: test started suite=0 test=297 name="interop/call-unknown-mode (erigon_release)"
Sep 23 02:59:49.234 INF API: test ended suite=0 test=297 pass=false
Sep 23 02:59:49.235 INF API: test started suite=0 test=298 name="interop/call-wrong-type (erigon_release)"
Sep 23 02:59:49.236 INF API: test ended suite=0 test=298 pass=false
Sep 23 02:59:49.237 INF API: test started suite=0 test=299 name="interop/control-chain (erigon_release)"
Sep 23 02:59:49.238 INF API: test ended suite=0 test=299 pass=false
Sep 23 02:59:49.238 INF API: test started suite=0 test=300 name="interop/control-code-delegated (erigon_release)"
Sep 23 02:59:49.239 INF API: test ended suite=0 test=300 pass=false
Sep 23 02:59:49.240 INF API: test started suite=0 test=301 name="interop/control-code-destroy (erigon_release)"
Sep 23 02:59:49.241 INF API: test ended suite=0 test=301 pass=false
Sep 23 02:59:49.242 INF API: test started suite=0 test=302 name="interop/control-code-gas7400 (erigon_release)"
Sep 23 02:59:49.243 INF API: test ended suite=0 test=302 pass=false
Sep 23 02:59:49.244 INF API: test started suite=0 test=303 name="interop/control-code-mcopy (erigon_release)"
Sep 23 02:59:49.245 INF API: test ended suite=0 test=303 pass=false
Sep 23 02:59:49.246 INF API: test started suite=0 test=304 name="interop/control-code-mixed-create (erigon_release)"
Sep 23 02:59:49.247 INF API: test ended suite=0 test=304 pass=false
Sep 23 02:59:49.248 INF API: test started suite=0 test=305 name="interop/control-code-prefunded-empty (erigon_release)"
Sep 23 02:59:49.249 INF API: test ended suite=0 test=305 pass=false
Sep 23 02:59:49.249 INF API: test started suite=0 test=306 name="interop/control-code-return42 (erigon_release)"
Sep 23 02:59:49.251 INF API: test ended suite=0 test=306 pass=false
Sep 23 02:59:49.251 INF API: test started suite=0 test=307 name="interop/control-code-revert (erigon_release)"
Sep 23 02:59:49.252 INF API: test ended suite=0 test=307 pass=false
Sep 23 02:59:49.253 INF API: test started suite=0 test=308 name="interop/control-code-siblings-ok-revert (erigon_release)"
Sep 23 02:59:49.255 INF API: test ended suite=0 test=308 pass=false
Sep 23 02:59:49.255 INF API: test started suite=0 test=309 name="interop/control-code-siblings-revert-ok (erigon_release)"
Sep 23 02:59:49.256 INF API: test ended suite=0 test=309 pass=false
Sep 23 02:59:49.257 INF API: test started suite=0 test=310 name="interop/control-code-storage (erigon_release)"
Sep 23 02:59:49.258 INF API: test ended suite=0 test=310 pass=false
Sep 23 02:59:49.259 INF API: test started suite=0 test=311 name="interop/control-code-undelegated (erigon_release)"
Sep 23 02:59:49.260 INF API: test ended suite=0 test=311 pass=false
Sep 23 02:59:49.261 INF API: test started suite=0 test=312 name="interop/control-head (erigon_release)"
Sep 23 02:59:49.263 INF API: test ended suite=0 test=312 pass=false
Sep 23 02:59:49.264 INF API: test started suite=0 test=313 name="interop/control-height (erigon_release)"
Sep 23 02:59:49.265 INF API: test ended suite=0 test=313 pass=false
Sep 23 02:59:49.265 INF API: test started suite=0 test=314 name="interop/control-nonce (erigon_release)"
Sep 23 02:59:49.266 INF API: test ended suite=0 test=314 pass=false
Sep 23 02:59:49.267 INF API: test started suite=0 test=315 name="interop/control-storage-after-many (erigon_release)"
Sep 23 02:59:49.268 INF API: test ended suite=0 test=315 pass=false
Sep 23 02:59:49.269 INF API: test started suite=0 test=316 name="interop/control-version (erigon_release)"
Sep 23 02:59:49.270 INF API: test ended suite=0 test=316 pass=false
Sep 23 02:59:49.270 INF API: test started suite=0 test=317 name="interop/debug-destroy (erigon_release)"
Sep 23 02:59:49.274 INF API: test ended suite=0 test=317 pass=false
Sep 23 02:59:49.275 INF API: test started suite=0 test=318 name="interop/debug-gas7400-opcodes (erigon_release)"
Sep 23 02:59:49.277 INF API: test ended suite=0 test=318 pass=false
Sep 23 02:59:49.277 INF API: test started suite=0 test=319 name="interop/debug-gas7400 (erigon_release)"
Sep 23 02:59:49.279 INF API: test ended suite=0 test=319 pass=false
Sep 23 02:59:49.280 INF API: test started suite=0 test=320 name="interop/debug-mcopy (erigon_release)"
Sep 23 02:59:49.282 INF API: test ended suite=0 test=320 pass=false
Sep 23 02:59:49.282 INF API: test started suite=0 test=321 name="interop/debug-mixed-create (erigon_release)"
Sep 23 02:59:49.284 INF API: test ended suite=0 test=321 pass=false
Sep 23 02:59:49.285 INF API: test started suite=0 test=322 name="interop/debug-return42 (erigon_release)"
Sep 23 02:59:49.286 INF API: test ended suite=0 test=322 pass=false
Sep 23 02:59:49.286 INF API: test started suite=0 test=323 name="interop/debug-siblings-ok-revert (erigon_release)"
Sep 23 02:59:49.288 INF API: test ended suite=0 test=323 pass=false
Sep 23 02:59:49.289 INF API: test started suite=0 test=324 name="interop/debug-siblings-revert-ok (erigon_release)"
Sep 23 02:59:49.290 INF API: test ended suite=0 test=324 pass=false
Sep 23 02:59:49.291 INF API: test started suite=0 test=325 name="interop/empty-types (erigon_release)"
Sep 23 02:59:49.292 INF API: test ended suite=0 test=325 pass=false
Sep 23 02:59:49.293 INF API: test started suite=0 test=326 name="interop/filter-all (erigon_release)"
Sep 23 02:59:49.296 INF API: test ended suite=0 test=326 pass=false
Sep 23 02:59:49.297 INF API: test started suite=0 test=327 name="interop/filter-both-null (erigon_release)"
Sep 23 02:59:49.299 INF API: test ended suite=0 test=327 pass=false
Sep 23 02:59:49.300 INF API: test started suite=0 test=328 name="interop/filter-both-unknown-mode (erigon_release)"
Sep 23 02:59:49.304 INF API: test ended suite=0 test=328 pass=false
Sep 23 02:59:49.305 INF API: test started suite=0 test=329 name="interop/filter-created-to (erigon_release)"
Sep 23 02:59:49.307 INF API: test ended suite=0 test=329 pass=false
Sep 23 02:59:49.308 INF API: test started suite=0 test=330 name="interop/filter-creator-from (erigon_release)"
Sep 23 02:59:49.311 INF API: test ended suite=0 test=330 pass=false
Sep 23 02:59:49.311 INF API: test started suite=0 test=331 name="interop/filter-from-empty-to-set (erigon_release)"
Sep 23 02:59:49.313 INF API: test ended suite=0 test=331 pass=false
Sep 23 02:59:49.313 INF API: test started suite=0 test=332 name="interop/filter-from-null (erigon_release)"
Sep 23 02:59:49.317 INF API: test ended suite=0 test=332 pass=false
Sep 23 02:59:49.318 INF API: test started suite=0 test=333 name="interop/filter-from-only-intersection (erigon_release)"
Sep 23 02:59:49.319 INF API: test ended suite=0 test=333 pass=false
Sep 23 02:59:49.320 INF API: test started suite=0 test=334 name="interop/filter-from-only-union (erigon_release)"
Sep 23 02:59:49.324 INF API: test ended suite=0 test=334 pass=false
Sep 23 02:59:49.325 INF API: test started suite=0 test=335 name="interop/filter-negative-count (erigon_release)"
Sep 23 02:59:49.326 INF API: test ended suite=0 test=335 pass=false
Sep 23 02:59:49.327 INF API: test started suite=0 test=336 name="interop/filter-page-0 (erigon_release)"
Sep 23 02:59:49.329 INF API: test ended suite=0 test=336 pass=false
Sep 23 02:59:49.330 INF API: test started suite=0 test=337 name="interop/filter-page-1 (erigon_release)"
Sep 23 02:59:49.333 INF API: test ended suite=0 test=337 pass=false
Sep 23 02:59:49.333 INF API: test started suite=0 test=338 name="interop/filter-page-2 (erigon_release)"
Sep 23 02:59:49.337 INF API: test ended suite=0 test=338 pass=false
Sep 23 02:59:49.338 INF API: test started suite=0 test=339 name="interop/filter-past-end-page (erigon_release)"
Sep 23 02:59:49.341 INF API: test ended suite=0 test=339 pass=false
Sep 23 02:59:49.342 INF API: test started suite=0 test=340 name="interop/filter-snapshot (erigon_release)"
Sep 23 02:59:49.345 INF API: test ended suite=0 test=340 pass=false
Sep 23 02:59:49.345 INF API: test started suite=0 test=341 name="interop/filter-suicide-beneficiary (erigon_release)"
Sep 23 02:59:49.347 INF API: test ended suite=0 test=341 pass=false
Sep 23 02:59:49.348 INF API: test started suite=0 test=342 name="interop/filter-suicide-from (erigon_release)"
Sep 23 02:59:49.350 INF API: test ended suite=0 test=342 pass=false
Sep 23 02:59:49.350 INF API: test started suite=0 test=343 name="interop/filter-to-empty-from-set (erigon_release)"
Sep 23 02:59:49.353 INF API: test ended suite=0 test=343 pass=false
Sep 23 02:59:49.353 INF API: test started suite=0 test=344 name="interop/filter-to-null (erigon_release)"
Sep 23 02:59:49.357 INF API: test ended suite=0 test=344 pass=false
Sep 23 02:59:49.357 INF API: test started suite=0 test=345 name="interop/filter-to-only-intersection (erigon_release)"
Sep 23 02:59:49.358 INF API: test ended suite=0 test=345 pass=false
Sep 23 02:59:49.359 INF API: test started suite=0 test=346 name="interop/filter-to-only-union (erigon_release)"
Sep 23 02:59:49.361 INF API: test ended suite=0 test=346 pass=false
Sep 23 02:59:49.362 INF API: test started suite=0 test=347 name="interop/filter-two-blocks (erigon_release)"
Sep 23 02:59:49.367 INF API: test ended suite=0 test=347 pass=false
Sep 23 02:59:49.368 INF API: test started suite=0 test=348 name="interop/filter-unknown-field (erigon_release)"
Sep 23 02:59:49.372 INF API: test ended suite=0 test=348 pass=false
Sep 23 02:59:49.373 INF API: test started suite=0 test=349 name="interop/filter-wrong-address-type (erigon_release)"
Sep 23 02:59:49.374 INF API: test ended suite=0 test=349 pass=false
Sep 23 02:59:49.375 INF API: test started suite=0 test=350 name="interop/get-integer-path (erigon_release)"
Sep 23 02:59:49.375 INF API: test ended suite=0 test=350 pass=false
Sep 23 02:59:49.376 INF API: test started suite=0 test=351 name="interop/get-nested-parent (erigon_release)"
Sep 23 02:59:49.378 INF API: test ended suite=0 test=351 pass=false
Sep 23 02:59:49.379 INF API: test started suite=0 test=352 name="interop/get-nested-positive (erigon_release)"
Sep 23 02:59:49.380 INF API: test ended suite=0 test=352 pass=false
Sep 23 02:59:49.381 INF API: test started suite=0 test=353 name="interop/get-path-wrong-type (erigon_release)"
Sep 23 02:59:49.382 INF API: test ended suite=0 test=353 pass=false
Sep 23 02:59:49.382 INF API: test started suite=0 test=354 name="interop/many-storage-write-read (erigon_release)"
Sep 23 02:59:49.384 INF API: test ended suite=0 test=354 pass=false
Sep 23 02:59:49.385 INF API: test started suite=0 test=355 name="interop/many-storage-write-revert-read (erigon_release)"
Sep 23 02:59:49.387 INF API: test ended suite=0 test=355 pass=false
Sep 23 02:59:49.388 INF API: test started suite=0 test=356 name="interop/missing-block-block (erigon_release)"
Sep 23 02:59:49.389 INF API: test ended suite=0 test=356 pass=false
Sep 23 02:59:49.390 INF API: test started suite=0 test=357 name="interop/missing-block-call (erigon_release)"
Sep 23 02:59:49.391 INF API: test ended suite=0 test=357 pass=false
Sep 23 02:59:49.391 INF API: test started suite=0 test=358 name="interop/missing-block-filter (erigon_release)"
Sep 23 02:59:49.393 INF API: test ended suite=0 test=358 pass=false
Sep 23 02:59:49.394 INF API: test started suite=0 test=359 name="interop/prefunded-empty (erigon_release)"
Sep 23 02:59:49.395 INF API: test ended suite=0 test=359 pass=false
Sep 23 02:59:49.396 INF API: test started suite=0 test=360 name="interop/raw-below-basefee (erigon_release)"
Sep 23 02:59:49.398 INF API: test ended suite=0 test=360 pass=false
Sep 23 02:59:49.399 INF API: test started suite=0 test=361 name="interop/raw-insufficient-funds (erigon_release)"
Sep 23 02:59:49.400 INF API: test ended suite=0 test=361 pass=false
Sep 23 02:59:49.401 INF API: test started suite=0 test=362 name="interop/raw-low-gas (erigon_release)"
Sep 23 02:59:49.402 INF API: test ended suite=0 test=362 pass=false
Sep 23 02:59:49.403 INF API: test started suite=0 test=363 name="interop/raw-nonce-high (erigon_release)"
Sep 23 02:59:49.405 INF API: test ended suite=0 test=363 pass=false
Sep 23 02:59:49.406 INF API: test started suite=0 test=364 name="interop/raw-valid (erigon_release)"
Sep 23 02:59:49.407 INF API: test ended suite=0 test=364 pass=false
Sep 23 02:59:49.408 INF API: test started suite=0 test=365 name="interop/raw-wrong-chain (erigon_release)"
Sep 23 02:59:49.409 INF API: test ended suite=0 test=365 pass=false
Sep 23 02:59:49.410 INF API: test started suite=0 test=366 name="interop/state-only-nonempty-output (erigon_release)"
Sep 23 02:59:49.411 INF API: test ended suite=0 test=366 pass=false
Sep 23 02:59:49.412 INF API: test started suite=0 test=367 name="interop/transaction-tree (erigon_release)"
Sep 23 02:59:49.414 INF API: test ended suite=0 test=367 pass=false
Sep 23 02:59:49.415 INF API: test started suite=0 test=368 name="interop/vm-only-nonempty-output (erigon_release)"
Sep 23 02:59:49.416 INF API: test ended suite=0 test=368 pass=false
Sep 23 02:59:49.831 INF API: test ended suite=0 test=277 pass=true
Sep 23 02:59:49.833 INF API: test started suite=0 test=369 name="client launch (nethermind_development)"
Sep 23 02:59:58.403 INF API: client nethermind_development started suite=0 test=369 container=2dc6b6b7
Sep 23 02:59:58.674 INF API: test started suite=0 test=370 name="interop/_control/head (nethermind_development)"
Sep 23 02:59:58.689 INF API: test ended suite=0 test=370 pass=false
Sep 23 02:59:58.690 INF API: test started suite=0 test=371 name="interop/_control/latest (nethermind_development)"
Sep 23 02:59:58.692 INF API: test ended suite=0 test=371 pass=false
Sep 23 02:59:58.693 INF API: test started suite=0 test=372 name="interop/_control/version (nethermind_development)"
Sep 23 02:59:58.696 INF API: test ended suite=0 test=372 pass=false
Sep 23 02:59:58.697 INF API: test started suite=0 test=373 name="interop/auth-clear (nethermind_development)"
Sep 23 02:59:58.841 INF API: test ended suite=0 test=373 pass=false
Sep 23 02:59:58.843 INF API: test started suite=0 test=374 name="interop/auth-replace (nethermind_development)"
Sep 23 02:59:58.869 INF API: test ended suite=0 test=374 pass=false
Sep 23 02:59:58.870 INF API: test started suite=0 test=375 name="interop/auth-set-revert (nethermind_development)"
Sep 23 02:59:58.883 INF API: test ended suite=0 test=375 pass=false
Sep 23 02:59:58.884 INF API: test started suite=0 test=376 name="interop/auth-set (nethermind_development)"
Sep 23 02:59:58.906 INF API: test ended suite=0 test=376 pass=false
Sep 23 02:59:58.907 INF API: test started suite=0 test=377 name="interop/block-2 (nethermind_development)"
Sep 23 02:59:58.948 INF API: test ended suite=0 test=377 pass=false
Sep 23 02:59:58.949 INF API: test started suite=0 test=378 name="interop/block-3 (nethermind_development)"
Sep 23 02:59:58.962 INF API: test ended suite=0 test=378 pass=false
Sep 23 02:59:58.963 INF API: test started suite=0 test=379 name="interop/call-destroy (nethermind_development)"
Sep 23 02:59:59.003 INF API: test ended suite=0 test=379 pass=false
Sep 23 02:59:59.005 INF API: test started suite=0 test=380 name="interop/call-gas7400 (nethermind_development)"
Sep 23 02:59:59.035 INF API: test ended suite=0 test=380 pass=false
Sep 23 02:59:59.037 INF API: test started suite=0 test=381 name="interop/call-mcopy (nethermind_development)"
Sep 23 02:59:59.057 INF API: test ended suite=0 test=381 pass=false
Sep 23 02:59:59.059 INF API: test started suite=0 test=382 name="interop/call-mixed-create (nethermind_development)"
Sep 23 02:59:59.087 INF API: test ended suite=0 test=382 pass=false
Sep 23 02:59:59.088 INF API: test started suite=0 test=383 name="interop/call-null-mode (nethermind_development)"
Sep 23 02:59:59.101 INF API: test ended suite=0 test=383 pass=false
Sep 23 02:59:59.102 INF API: test started suite=0 test=384 name="interop/call-return42 (nethermind_development)"
Sep 23 02:59:59.106 INF API: test ended suite=0 test=384 pass=false
Sep 23 02:59:59.107 INF API: test started suite=0 test=385 name="interop/call-scalar-mode (nethermind_development)"
Sep 23 02:59:59.110 INF API: test ended suite=0 test=385 pass=false
Sep 23 02:59:59.111 INF API: test started suite=0 test=386 name="interop/call-siblings-ok-revert (nethermind_development)"
Sep 23 02:59:59.129 INF API: test ended suite=0 test=386 pass=false
Sep 23 02:59:59.130 INF API: test started suite=0 test=387 name="interop/call-siblings-revert-ok (nethermind_development)"
Sep 23 02:59:59.134 INF API: test ended suite=0 test=387 pass=false
Sep 23 02:59:59.135 INF API: test started suite=0 test=388 name="interop/call-unknown-field (nethermind_development)"
Sep 23 02:59:59.137 INF API: test ended suite=0 test=388 pass=false
Sep 23 02:59:59.138 INF API: test started suite=0 test=389 name="interop/call-unknown-mode (nethermind_development)"
Sep 23 02:59:59.143 INF API: test ended suite=0 test=389 pass=false
Sep 23 02:59:59.144 INF API: test started suite=0 test=390 name="interop/call-wrong-type (nethermind_development)"
Sep 23 02:59:59.145 INF API: test ended suite=0 test=390 pass=false
Sep 23 02:59:59.146 INF API: test started suite=0 test=391 name="interop/control-chain (nethermind_development)"
Sep 23 02:59:59.150 INF API: test ended suite=0 test=391 pass=false
Sep 23 02:59:59.151 INF API: test started suite=0 test=392 name="interop/control-code-delegated (nethermind_development)"
Sep 23 02:59:59.153 INF API: test ended suite=0 test=392 pass=false
Sep 23 02:59:59.154 INF API: test started suite=0 test=393 name="interop/control-code-destroy (nethermind_development)"
Sep 23 02:59:59.155 INF API: test ended suite=0 test=393 pass=false
Sep 23 02:59:59.156 INF API: test started suite=0 test=394 name="interop/control-code-gas7400 (nethermind_development)"
Sep 23 02:59:59.157 INF API: test ended suite=0 test=394 pass=false
Sep 23 02:59:59.157 INF API: test started suite=0 test=395 name="interop/control-code-mcopy (nethermind_development)"
Sep 23 02:59:59.158 INF API: test ended suite=0 test=395 pass=false
Sep 23 02:59:59.159 INF API: test started suite=0 test=396 name="interop/control-code-mixed-create (nethermind_development)"
Sep 23 02:59:59.160 INF API: test ended suite=0 test=396 pass=false
Sep 23 02:59:59.161 INF API: test started suite=0 test=397 name="interop/control-code-prefunded-empty (nethermind_development)"
Sep 23 02:59:59.162 INF API: test ended suite=0 test=397 pass=false
Sep 23 02:59:59.163 INF API: test started suite=0 test=398 name="interop/control-code-return42 (nethermind_development)"
Sep 23 02:59:59.164 INF API: test ended suite=0 test=398 pass=false
Sep 23 02:59:59.165 INF API: test started suite=0 test=399 name="interop/control-code-revert (nethermind_development)"
Sep 23 02:59:59.166 INF API: test ended suite=0 test=399 pass=false
Sep 23 02:59:59.167 INF API: test started suite=0 test=400 name="interop/control-code-siblings-ok-revert (nethermind_development)"
Sep 23 02:59:59.168 INF API: test ended suite=0 test=400 pass=false
Sep 23 02:59:59.169 INF API: test started suite=0 test=401 name="interop/control-code-siblings-revert-ok (nethermind_development)"
Sep 23 02:59:59.170 INF API: test ended suite=0 test=401 pass=false
Sep 23 02:59:59.171 INF API: test started suite=0 test=402 name="interop/control-code-storage (nethermind_development)"
Sep 23 02:59:59.172 INF API: test ended suite=0 test=402 pass=false
Sep 23 02:59:59.172 INF API: test started suite=0 test=403 name="interop/control-code-undelegated (nethermind_development)"
Sep 23 02:59:59.174 INF API: test ended suite=0 test=403 pass=false
Sep 23 02:59:59.174 INF API: test started suite=0 test=404 name="interop/control-head (nethermind_development)"
Sep 23 02:59:59.176 INF API: test ended suite=0 test=404 pass=false
Sep 23 02:59:59.177 INF API: test started suite=0 test=405 name="interop/control-height (nethermind_development)"
Sep 23 02:59:59.181 INF API: test ended suite=0 test=405 pass=false
Sep 23 02:59:59.182 INF API: test started suite=0 test=406 name="interop/control-nonce (nethermind_development)"
Sep 23 02:59:59.186 INF API: test ended suite=0 test=406 pass=false
Sep 23 02:59:59.187 INF API: test started suite=0 test=407 name="interop/control-storage-after-many (nethermind_development)"
Sep 23 02:59:59.190 INF API: test ended suite=0 test=407 pass=false
Sep 23 02:59:59.190 INF API: test started suite=0 test=408 name="interop/control-version (nethermind_development)"
Sep 23 02:59:59.191 INF API: test ended suite=0 test=408 pass=false
Sep 23 02:59:59.192 INF API: test started suite=0 test=409 name="interop/debug-destroy (nethermind_development)"
Sep 23 02:59:59.320 INF API: test ended suite=0 test=409 pass=false
Sep 23 02:59:59.322 INF API: test started suite=0 test=410 name="interop/debug-gas7400-opcodes (nethermind_development)"
Sep 23 02:59:59.336 INF API: test ended suite=0 test=410 pass=false
Sep 23 02:59:59.336 INF API: test started suite=0 test=411 name="interop/debug-gas7400 (nethermind_development)"
Sep 23 02:59:59.339 INF API: test ended suite=0 test=411 pass=false
Sep 23 02:59:59.339 INF API: test started suite=0 test=412 name="interop/debug-mcopy (nethermind_development)"
Sep 23 02:59:59.346 INF API: test ended suite=0 test=412 pass=false
Sep 23 02:59:59.347 INF API: test started suite=0 test=413 name="interop/debug-mixed-create (nethermind_development)"
Sep 23 02:59:59.353 INF API: test ended suite=0 test=413 pass=false
Sep 23 02:59:59.354 INF API: test started suite=0 test=414 name="interop/debug-return42 (nethermind_development)"
Sep 23 02:59:59.356 INF API: test ended suite=0 test=414 pass=false
Sep 23 02:59:59.357 INF API: test started suite=0 test=415 name="interop/debug-siblings-ok-revert (nethermind_development)"
Sep 23 02:59:59.361 INF API: test ended suite=0 test=415 pass=false
Sep 23 02:59:59.361 INF API: test started suite=0 test=416 name="interop/debug-siblings-revert-ok (nethermind_development)"
Sep 23 02:59:59.364 INF API: test ended suite=0 test=416 pass=false
Sep 23 02:59:59.365 INF API: test started suite=0 test=417 name="interop/empty-types (nethermind_development)"
Sep 23 02:59:59.405 INF API: test ended suite=0 test=417 pass=false
Sep 23 02:59:59.406 INF API: test started suite=0 test=418 name="interop/filter-all (nethermind_development)"
Sep 23 02:59:59.416 INF API: test ended suite=0 test=418 pass=false
Sep 23 02:59:59.417 INF API: test started suite=0 test=419 name="interop/filter-both-null (nethermind_development)"
Sep 23 02:59:59.422 INF API: test ended suite=0 test=419 pass=false
Sep 23 02:59:59.423 INF API: test started suite=0 test=420 name="interop/filter-both-unknown-mode (nethermind_development)"
Sep 23 02:59:59.427 INF API: test ended suite=0 test=420 pass=false
Sep 23 02:59:59.427 INF API: test started suite=0 test=421 name="interop/filter-created-to (nethermind_development)"
Sep 23 02:59:59.430 INF API: test ended suite=0 test=421 pass=false
Sep 23 02:59:59.431 INF API: test started suite=0 test=422 name="interop/filter-creator-from (nethermind_development)"
Sep 23 02:59:59.434 INF API: test ended suite=0 test=422 pass=false
Sep 23 02:59:59.434 INF API: test started suite=0 test=423 name="interop/filter-from-empty-to-set (nethermind_development)"
Sep 23 02:59:59.437 INF API: test ended suite=0 test=423 pass=false
Sep 23 02:59:59.438 INF API: test started suite=0 test=424 name="interop/filter-from-null (nethermind_development)"
Sep 23 02:59:59.441 INF API: test ended suite=0 test=424 pass=false
Sep 23 02:59:59.442 INF API: test started suite=0 test=425 name="interop/filter-from-only-intersection (nethermind_development)"
Sep 23 02:59:59.446 INF API: test ended suite=0 test=425 pass=false
Sep 23 02:59:59.446 INF API: test started suite=0 test=426 name="interop/filter-from-only-union (nethermind_development)"
Sep 23 02:59:59.449 INF API: test ended suite=0 test=426 pass=false
Sep 23 02:59:59.450 INF API: test started suite=0 test=427 name="interop/filter-negative-count (nethermind_development)"
Sep 23 02:59:59.454 INF API: test ended suite=0 test=427 pass=false
Sep 23 02:59:59.455 INF API: test started suite=0 test=428 name="interop/filter-page-0 (nethermind_development)"
Sep 23 02:59:59.458 INF API: test ended suite=0 test=428 pass=false
Sep 23 02:59:59.459 INF API: test started suite=0 test=429 name="interop/filter-page-1 (nethermind_development)"
Sep 23 02:59:59.461 INF API: test ended suite=0 test=429 pass=false
Sep 23 02:59:59.462 INF API: test started suite=0 test=430 name="interop/filter-page-2 (nethermind_development)"
Sep 23 02:59:59.466 INF API: test ended suite=0 test=430 pass=false
Sep 23 02:59:59.466 INF API: test started suite=0 test=431 name="interop/filter-past-end-page (nethermind_development)"
Sep 23 02:59:59.469 INF API: test ended suite=0 test=431 pass=false
Sep 23 02:59:59.470 INF API: test started suite=0 test=432 name="interop/filter-snapshot (nethermind_development)"
Sep 23 02:59:59.473 INF API: test ended suite=0 test=432 pass=false
Sep 23 02:59:59.473 INF API: test started suite=0 test=433 name="interop/filter-suicide-beneficiary (nethermind_development)"
Sep 23 02:59:59.476 INF API: test ended suite=0 test=433 pass=false
Sep 23 02:59:59.477 INF API: test started suite=0 test=434 name="interop/filter-suicide-from (nethermind_development)"
Sep 23 02:59:59.479 INF API: test ended suite=0 test=434 pass=false
Sep 23 02:59:59.480 INF API: test started suite=0 test=435 name="interop/filter-to-empty-from-set (nethermind_development)"
Sep 23 02:59:59.482 INF API: test ended suite=0 test=435 pass=false
Sep 23 02:59:59.483 INF API: test started suite=0 test=436 name="interop/filter-to-null (nethermind_development)"
Sep 23 02:59:59.486 INF API: test ended suite=0 test=436 pass=false
Sep 23 02:59:59.487 INF API: test started suite=0 test=437 name="interop/filter-to-only-intersection (nethermind_development)"
Sep 23 02:59:59.489 INF API: test ended suite=0 test=437 pass=false
Sep 23 02:59:59.490 INF API: test started suite=0 test=438 name="interop/filter-to-only-union (nethermind_development)"
Sep 23 02:59:59.492 INF API: test ended suite=0 test=438 pass=false
Sep 23 02:59:59.493 INF API: test started suite=0 test=439 name="interop/filter-two-blocks (nethermind_development)"
Sep 23 02:59:59.497 INF API: test ended suite=0 test=439 pass=false
Sep 23 02:59:59.498 INF API: test started suite=0 test=440 name="interop/filter-unknown-field (nethermind_development)"
Sep 23 02:59:59.501 INF API: test ended suite=0 test=440 pass=false
Sep 23 02:59:59.502 INF API: test started suite=0 test=441 name="interop/filter-wrong-address-type (nethermind_development)"
Sep 23 02:59:59.504 INF API: test ended suite=0 test=441 pass=false
Sep 23 02:59:59.504 INF API: test started suite=0 test=442 name="interop/get-integer-path (nethermind_development)"
Sep 23 02:59:59.508 INF API: test ended suite=0 test=442 pass=false
Sep 23 02:59:59.509 INF API: test started suite=0 test=443 name="interop/get-nested-parent (nethermind_development)"
Sep 23 02:59:59.520 INF API: test ended suite=0 test=443 pass=false
Sep 23 02:59:59.520 INF API: test started suite=0 test=444 name="interop/get-nested-positive (nethermind_development)"
Sep 23 02:59:59.523 INF API: test ended suite=0 test=444 pass=false
Sep 23 02:59:59.523 INF API: test started suite=0 test=445 name="interop/get-path-wrong-type (nethermind_development)"
Sep 23 02:59:59.524 INF API: test ended suite=0 test=445 pass=false
Sep 23 02:59:59.525 INF API: test started suite=0 test=446 name="interop/many-storage-write-read (nethermind_development)"
Sep 23 02:59:59.547 INF API: test ended suite=0 test=446 pass=false
Sep 23 02:59:59.548 INF API: test started suite=0 test=447 name="interop/many-storage-write-revert-read (nethermind_development)"
Sep 23 02:59:59.552 INF API: test ended suite=0 test=447 pass=false
Sep 23 02:59:59.553 INF API: test started suite=0 test=448 name="interop/missing-block-block (nethermind_development)"
Sep 23 02:59:59.555 INF API: test ended suite=0 test=448 pass=false
Sep 23 02:59:59.564 INF API: test started suite=0 test=449 name="interop/missing-block-call (nethermind_development)"
Sep 23 02:59:59.565 INF API: test ended suite=0 test=449 pass=false
Sep 23 02:59:59.574 INF API: test started suite=0 test=450 name="interop/missing-block-filter (nethermind_development)"
Sep 23 02:59:59.575 INF API: test ended suite=0 test=450 pass=false
Sep 23 02:59:59.579 INF API: test started suite=0 test=451 name="interop/prefunded-empty (nethermind_development)"
Sep 23 02:59:59.583 INF API: test ended suite=0 test=451 pass=false
Sep 23 02:59:59.583 INF API: test started suite=0 test=452 name="interop/raw-below-basefee (nethermind_development)"
Sep 23 02:59:59.589 INF API: test ended suite=0 test=452 pass=false
Sep 23 02:59:59.590 INF API: test started suite=0 test=453 name="interop/raw-insufficient-funds (nethermind_development)"
Sep 23 02:59:59.596 INF API: test ended suite=0 test=453 pass=false
Sep 23 02:59:59.611 INF API: test started suite=0 test=454 name="interop/raw-low-gas (nethermind_development)"
Sep 23 02:59:59.613 INF API: test ended suite=0 test=454 pass=false
Sep 23 02:59:59.614 INF API: test started suite=0 test=455 name="interop/raw-nonce-high (nethermind_development)"
Sep 23 02:59:59.616 INF API: test ended suite=0 test=455 pass=false
Sep 23 02:59:59.617 INF API: test started suite=0 test=456 name="interop/raw-valid (nethermind_development)"
Sep 23 02:59:59.619 INF API: test ended suite=0 test=456 pass=false
Sep 23 02:59:59.620 INF API: test started suite=0 test=457 name="interop/raw-wrong-chain (nethermind_development)"
Sep 23 02:59:59.621 INF API: test ended suite=0 test=457 pass=false
Sep 23 02:59:59.622 INF API: test started suite=0 test=458 name="interop/state-only-nonempty-output (nethermind_development)"
Sep 23 02:59:59.624 INF API: test ended suite=0 test=458 pass=false
Sep 23 02:59:59.625 INF API: test started suite=0 test=459 name="interop/transaction-tree (nethermind_development)"
Sep 23 02:59:59.628 INF API: test ended suite=0 test=459 pass=false
Sep 23 02:59:59.629 INF API: test started suite=0 test=460 name="interop/vm-only-nonempty-output (nethermind_development)"
Sep 23 02:59:59.631 INF API: test ended suite=0 test=460 pass=false
Sep 23 02:59:59.964 INF API: test ended suite=0 test=369 pass=true
Sep 23 02:59:59.965 INF API: test started suite=0 test=461 name="client launch (nethermind_release)"
Sep 23 03:00:07.429 INF API: client nethermind_release started suite=0 test=461 container=e36cc6af
Sep 23 03:00:07.590 INF API: test started suite=0 test=462 name="interop/_control/head (nethermind_release)"
Sep 23 03:00:07.605 INF API: test ended suite=0 test=462 pass=false
Sep 23 03:00:07.606 INF API: test started suite=0 test=463 name="interop/_control/latest (nethermind_release)"
Sep 23 03:00:07.607 INF API: test ended suite=0 test=463 pass=false
Sep 23 03:00:07.608 INF API: test started suite=0 test=464 name="interop/_control/version (nethermind_release)"
Sep 23 03:00:07.611 INF API: test ended suite=0 test=464 pass=false
Sep 23 03:00:07.612 INF API: test started suite=0 test=465 name="interop/auth-clear (nethermind_release)"
Sep 23 03:00:07.693 INF API: test ended suite=0 test=465 pass=false
Sep 23 03:00:07.695 INF API: test started suite=0 test=466 name="interop/auth-replace (nethermind_release)"
Sep 23 03:00:07.704 INF API: test ended suite=0 test=466 pass=false
Sep 23 03:00:07.705 INF API: test started suite=0 test=467 name="interop/auth-set-revert (nethermind_release)"
Sep 23 03:00:07.708 INF API: test ended suite=0 test=467 pass=false
Sep 23 03:00:07.709 INF API: test started suite=0 test=468 name="interop/auth-set (nethermind_release)"
Sep 23 03:00:07.712 INF API: test ended suite=0 test=468 pass=false
Sep 23 03:00:07.713 INF API: test started suite=0 test=469 name="interop/block-2 (nethermind_release)"
Sep 23 03:00:07.738 INF API: test ended suite=0 test=469 pass=false
Sep 23 03:00:07.739 INF API: test started suite=0 test=470 name="interop/block-3 (nethermind_release)"
Sep 23 03:00:07.742 INF API: test ended suite=0 test=470 pass=false
Sep 23 03:00:07.743 INF API: test started suite=0 test=471 name="interop/call-destroy (nethermind_release)"
Sep 23 03:00:07.759 INF API: test ended suite=0 test=471 pass=false
Sep 23 03:00:07.760 INF API: test started suite=0 test=472 name="interop/call-gas7400 (nethermind_release)"
Sep 23 03:00:07.770 INF API: test ended suite=0 test=472 pass=false
Sep 23 03:00:07.771 INF API: test started suite=0 test=473 name="interop/call-mcopy (nethermind_release)"
Sep 23 03:00:07.774 INF API: test ended suite=0 test=473 pass=false
Sep 23 03:00:07.775 INF API: test started suite=0 test=474 name="interop/call-mixed-create (nethermind_release)"
Sep 23 03:00:07.780 INF API: test ended suite=0 test=474 pass=false
Sep 23 03:00:07.780 INF API: test started suite=0 test=475 name="interop/call-null-mode (nethermind_release)"
Sep 23 03:00:07.809 INF API: test ended suite=0 test=475 pass=false
Sep 23 03:00:07.810 INF API: test started suite=0 test=476 name="interop/call-return42 (nethermind_release)"
Sep 23 03:00:07.813 INF API: test ended suite=0 test=476 pass=false
Sep 23 03:00:07.814 INF API: test started suite=0 test=477 name="interop/call-scalar-mode (nethermind_release)"
Sep 23 03:00:07.820 INF API: test ended suite=0 test=477 pass=false
Sep 23 03:00:07.821 INF API: test started suite=0 test=478 name="interop/call-siblings-ok-revert (nethermind_release)"
Sep 23 03:00:07.825 INF API: test ended suite=0 test=478 pass=false
Sep 23 03:00:07.826 INF API: test started suite=0 test=479 name="interop/call-siblings-revert-ok (nethermind_release)"
Sep 23 03:00:07.829 INF API: test ended suite=0 test=479 pass=false
Sep 23 03:00:07.830 INF API: test started suite=0 test=480 name="interop/call-unknown-field (nethermind_release)"
Sep 23 03:00:07.832 INF API: test ended suite=0 test=480 pass=false
Sep 23 03:00:07.833 INF API: test started suite=0 test=481 name="interop/call-unknown-mode (nethermind_release)"
Sep 23 03:00:07.836 INF API: test ended suite=0 test=481 pass=false
Sep 23 03:00:07.837 INF API: test started suite=0 test=482 name="interop/call-wrong-type (nethermind_release)"
Sep 23 03:00:07.842 INF API: test ended suite=0 test=482 pass=false
Sep 23 03:00:07.843 INF API: test started suite=0 test=483 name="interop/control-chain (nethermind_release)"
Sep 23 03:00:07.846 INF API: test ended suite=0 test=483 pass=false
Sep 23 03:00:07.847 INF API: test started suite=0 test=484 name="interop/control-code-delegated (nethermind_release)"
Sep 23 03:00:07.850 INF API: test ended suite=0 test=484 pass=false
Sep 23 03:00:07.851 INF API: test started suite=0 test=485 name="interop/control-code-destroy (nethermind_release)"
Sep 23 03:00:07.852 INF API: test ended suite=0 test=485 pass=false
Sep 23 03:00:07.853 INF API: test started suite=0 test=486 name="interop/control-code-gas7400 (nethermind_release)"
Sep 23 03:00:07.854 INF API: test ended suite=0 test=486 pass=false
Sep 23 03:00:07.855 INF API: test started suite=0 test=487 name="interop/control-code-mcopy (nethermind_release)"
Sep 23 03:00:07.856 INF API: test ended suite=0 test=487 pass=false
Sep 23 03:00:07.857 INF API: test started suite=0 test=488 name="interop/control-code-mixed-create (nethermind_release)"
Sep 23 03:00:07.858 INF API: test ended suite=0 test=488 pass=false
Sep 23 03:00:07.859 INF API: test started suite=0 test=489 name="interop/control-code-prefunded-empty (nethermind_release)"
Sep 23 03:00:07.860 INF API: test ended suite=0 test=489 pass=false
Sep 23 03:00:07.861 INF API: test started suite=0 test=490 name="interop/control-code-return42 (nethermind_release)"
Sep 23 03:00:07.862 INF API: test ended suite=0 test=490 pass=false
Sep 23 03:00:07.862 INF API: test started suite=0 test=491 name="interop/control-code-revert (nethermind_release)"
Sep 23 03:00:07.863 INF API: test ended suite=0 test=491 pass=false
Sep 23 03:00:07.864 INF API: test started suite=0 test=492 name="interop/control-code-siblings-ok-revert (nethermind_release)"
Sep 23 03:00:07.865 INF API: test ended suite=0 test=492 pass=false
Sep 23 03:00:07.866 INF API: test started suite=0 test=493 name="interop/control-code-siblings-revert-ok (nethermind_release)"
Sep 23 03:00:07.867 INF API: test ended suite=0 test=493 pass=false
Sep 23 03:00:07.867 INF API: test started suite=0 test=494 name="interop/control-code-storage (nethermind_release)"
Sep 23 03:00:07.868 INF API: test ended suite=0 test=494 pass=false
Sep 23 03:00:07.869 INF API: test started suite=0 test=495 name="interop/control-code-undelegated (nethermind_release)"
Sep 23 03:00:07.870 INF API: test ended suite=0 test=495 pass=false
Sep 23 03:00:07.870 INF API: test started suite=0 test=496 name="interop/control-head (nethermind_release)"
Sep 23 03:00:07.872 INF API: test ended suite=0 test=496 pass=false
Sep 23 03:00:07.872 INF API: test started suite=0 test=497 name="interop/control-height (nethermind_release)"
Sep 23 03:00:07.876 INF API: test ended suite=0 test=497 pass=false
Sep 23 03:00:07.877 INF API: test started suite=0 test=498 name="interop/control-nonce (nethermind_release)"
Sep 23 03:00:07.882 INF API: test ended suite=0 test=498 pass=false
Sep 23 03:00:07.882 INF API: test started suite=0 test=499 name="interop/control-storage-after-many (nethermind_release)"
Sep 23 03:00:07.884 INF API: test ended suite=0 test=499 pass=false
Sep 23 03:00:07.885 INF API: test started suite=0 test=500 name="interop/control-version (nethermind_release)"
Sep 23 03:00:07.886 INF API: test ended suite=0 test=500 pass=false
Sep 23 03:00:07.887 INF API: test started suite=0 test=501 name="interop/debug-destroy (nethermind_release)"
Sep 23 03:00:07.960 INF API: test ended suite=0 test=501 pass=false
Sep 23 03:00:07.961 INF API: test started suite=0 test=502 name="interop/debug-gas7400-opcodes (nethermind_release)"
Sep 23 03:00:07.972 INF API: test ended suite=0 test=502 pass=false
Sep 23 03:00:07.972 INF API: test started suite=0 test=503 name="interop/debug-gas7400 (nethermind_release)"
Sep 23 03:00:07.975 INF API: test ended suite=0 test=503 pass=false
Sep 23 03:00:07.976 INF API: test started suite=0 test=504 name="interop/debug-mcopy (nethermind_release)"
Sep 23 03:00:07.978 INF API: test ended suite=0 test=504 pass=false
Sep 23 03:00:07.978 INF API: test started suite=0 test=505 name="interop/debug-mixed-create (nethermind_release)"
Sep 23 03:00:07.983 INF API: test ended suite=0 test=505 pass=false
Sep 23 03:00:07.984 INF API: test started suite=0 test=506 name="interop/debug-return42 (nethermind_release)"
Sep 23 03:00:07.986 INF API: test ended suite=0 test=506 pass=false
Sep 23 03:00:07.987 INF API: test started suite=0 test=507 name="interop/debug-siblings-ok-revert (nethermind_release)"
Sep 23 03:00:07.989 INF API: test ended suite=0 test=507 pass=false
Sep 23 03:00:07.990 INF API: test started suite=0 test=508 name="interop/debug-siblings-revert-ok (nethermind_release)"
Sep 23 03:00:07.992 INF API: test ended suite=0 test=508 pass=false
Sep 23 03:00:07.993 INF API: test started suite=0 test=509 name="interop/empty-types (nethermind_release)"
Sep 23 03:00:07.999 INF API: test ended suite=0 test=509 pass=false
Sep 23 03:00:07.999 INF API: test started suite=0 test=510 name="interop/filter-all (nethermind_release)"
Sep 23 03:00:08.008 INF API: test ended suite=0 test=510 pass=false
Sep 23 03:00:08.009 INF API: test started suite=0 test=511 name="interop/filter-both-null (nethermind_release)"
Sep 23 03:00:08.013 INF API: test ended suite=0 test=511 pass=false
Sep 23 03:00:08.014 INF API: test started suite=0 test=512 name="interop/filter-both-unknown-mode (nethermind_release)"
Sep 23 03:00:08.017 INF API: test ended suite=0 test=512 pass=false
Sep 23 03:00:08.018 INF API: test started suite=0 test=513 name="interop/filter-created-to (nethermind_release)"
Sep 23 03:00:08.020 INF API: test ended suite=0 test=513 pass=false
Sep 23 03:00:08.021 INF API: test started suite=0 test=514 name="interop/filter-creator-from (nethermind_release)"
Sep 23 03:00:08.024 INF API: test ended suite=0 test=514 pass=false
Sep 23 03:00:08.025 INF API: test started suite=0 test=515 name="interop/filter-from-empty-to-set (nethermind_release)"
Sep 23 03:00:08.028 INF API: test ended suite=0 test=515 pass=false
Sep 23 03:00:08.028 INF API: test started suite=0 test=516 name="interop/filter-from-null (nethermind_release)"
Sep 23 03:00:08.032 INF API: test ended suite=0 test=516 pass=false
Sep 23 03:00:08.033 INF API: test started suite=0 test=517 name="interop/filter-from-only-intersection (nethermind_release)"
Sep 23 03:00:08.036 INF API: test ended suite=0 test=517 pass=false
Sep 23 03:00:08.037 INF API: test started suite=0 test=518 name="interop/filter-from-only-union (nethermind_release)"
Sep 23 03:00:08.040 INF API: test ended suite=0 test=518 pass=false
Sep 23 03:00:08.041 INF API: test started suite=0 test=519 name="interop/filter-negative-count (nethermind_release)"
Sep 23 03:00:08.045 INF API: test ended suite=0 test=519 pass=false
Sep 23 03:00:08.046 INF API: test started suite=0 test=520 name="interop/filter-page-0 (nethermind_release)"
Sep 23 03:00:08.050 INF API: test ended suite=0 test=520 pass=false
Sep 23 03:00:08.050 INF API: test started suite=0 test=521 name="interop/filter-page-1 (nethermind_release)"
Sep 23 03:00:08.053 INF API: test ended suite=0 test=521 pass=false
Sep 23 03:00:08.054 INF API: test started suite=0 test=522 name="interop/filter-page-2 (nethermind_release)"
Sep 23 03:00:08.057 INF API: test ended suite=0 test=522 pass=false
Sep 23 03:00:08.058 INF API: test started suite=0 test=523 name="interop/filter-past-end-page (nethermind_release)"
Sep 23 03:00:08.061 INF API: test ended suite=0 test=523 pass=false
Sep 23 03:00:08.061 INF API: test started suite=0 test=524 name="interop/filter-snapshot (nethermind_release)"
Sep 23 03:00:08.065 INF API: test ended suite=0 test=524 pass=false
Sep 23 03:00:08.066 INF API: test started suite=0 test=525 name="interop/filter-suicide-beneficiary (nethermind_release)"
Sep 23 03:00:08.069 INF API: test ended suite=0 test=525 pass=false
Sep 23 03:00:08.070 INF API: test started suite=0 test=526 name="interop/filter-suicide-from (nethermind_release)"
Sep 23 03:00:08.073 INF API: test ended suite=0 test=526 pass=false
Sep 23 03:00:08.074 INF API: test started suite=0 test=527 name="interop/filter-to-empty-from-set (nethermind_release)"
Sep 23 03:00:08.076 INF API: test ended suite=0 test=527 pass=false
Sep 23 03:00:08.077 INF API: test started suite=0 test=528 name="interop/filter-to-null (nethermind_release)"
Sep 23 03:00:08.080 INF API: test ended suite=0 test=528 pass=false
Sep 23 03:00:08.081 INF API: test started suite=0 test=529 name="interop/filter-to-only-intersection (nethermind_release)"
Sep 23 03:00:08.084 INF API: test ended suite=0 test=529 pass=false
Sep 23 03:00:08.084 INF API: test started suite=0 test=530 name="interop/filter-to-only-union (nethermind_release)"
Sep 23 03:00:08.087 INF API: test ended suite=0 test=530 pass=false
Sep 23 03:00:08.088 INF API: test started suite=0 test=531 name="interop/filter-two-blocks (nethermind_release)"
Sep 23 03:00:08.093 INF API: test ended suite=0 test=531 pass=false
Sep 23 03:00:08.094 INF API: test started suite=0 test=532 name="interop/filter-unknown-field (nethermind_release)"
Sep 23 03:00:08.098 INF API: test ended suite=0 test=532 pass=false
Sep 23 03:00:08.099 INF API: test started suite=0 test=533 name="interop/filter-wrong-address-type (nethermind_release)"
Sep 23 03:00:08.101 INF API: test ended suite=0 test=533 pass=false
Sep 23 03:00:08.102 INF API: test started suite=0 test=534 name="interop/get-integer-path (nethermind_release)"
Sep 23 03:00:08.112 INF API: test ended suite=0 test=534 pass=false
Sep 23 03:00:08.112 INF API: test started suite=0 test=535 name="interop/get-nested-parent (nethermind_release)"
Sep 23 03:00:08.115 INF API: test ended suite=0 test=535 pass=false
Sep 23 03:00:08.116 INF API: test started suite=0 test=536 name="interop/get-nested-positive (nethermind_release)"
Sep 23 03:00:08.119 INF API: test ended suite=0 test=536 pass=false
Sep 23 03:00:08.120 INF API: test started suite=0 test=537 name="interop/get-path-wrong-type (nethermind_release)"
Sep 23 03:00:08.121 INF API: test ended suite=0 test=537 pass=false
Sep 23 03:00:08.122 INF API: test started suite=0 test=538 name="interop/many-storage-write-read (nethermind_release)"
Sep 23 03:00:08.142 INF API: test ended suite=0 test=538 pass=false
Sep 23 03:00:08.143 INF API: test started suite=0 test=539 name="interop/many-storage-write-revert-read (nethermind_release)"
Sep 23 03:00:08.147 INF API: test ended suite=0 test=539 pass=false
Sep 23 03:00:08.148 INF API: test started suite=0 test=540 name="interop/missing-block-block (nethermind_release)"
Sep 23 03:00:08.151 INF API: test ended suite=0 test=540 pass=false
Sep 23 03:00:08.151 INF API: test started suite=0 test=541 name="interop/missing-block-call (nethermind_release)"
Sep 23 03:00:08.153 INF API: test ended suite=0 test=541 pass=false
Sep 23 03:00:08.153 INF API: test started suite=0 test=542 name="interop/missing-block-filter (nethermind_release)"
Sep 23 03:00:08.155 INF API: test ended suite=0 test=542 pass=false
Sep 23 03:00:08.156 INF API: test started suite=0 test=543 name="interop/prefunded-empty (nethermind_release)"
Sep 23 03:00:08.159 INF API: test ended suite=0 test=543 pass=false
Sep 23 03:00:08.160 INF API: test started suite=0 test=544 name="interop/raw-below-basefee (nethermind_release)"
Sep 23 03:00:08.166 INF API: test ended suite=0 test=544 pass=false
Sep 23 03:00:08.167 INF API: test started suite=0 test=545 name="interop/raw-insufficient-funds (nethermind_release)"
Sep 23 03:00:08.172 INF API: test ended suite=0 test=545 pass=false
Sep 23 03:00:08.173 INF API: test started suite=0 test=546 name="interop/raw-low-gas (nethermind_release)"
Sep 23 03:00:08.175 INF API: test ended suite=0 test=546 pass=false
Sep 23 03:00:08.176 INF API: test started suite=0 test=547 name="interop/raw-nonce-high (nethermind_release)"
Sep 23 03:00:08.178 INF API: test ended suite=0 test=547 pass=false
Sep 23 03:00:08.179 INF API: test started suite=0 test=548 name="interop/raw-valid (nethermind_release)"
Sep 23 03:00:08.182 INF API: test ended suite=0 test=548 pass=false
Sep 23 03:00:08.183 INF API: test started suite=0 test=549 name="interop/raw-wrong-chain (nethermind_release)"
Sep 23 03:00:08.185 INF API: test ended suite=0 test=549 pass=false
Sep 23 03:00:08.186 INF API: test started suite=0 test=550 name="interop/state-only-nonempty-output (nethermind_release)"
Sep 23 03:00:08.189 INF API: test ended suite=0 test=550 pass=false
Sep 23 03:00:08.190 INF API: test started suite=0 test=551 name="interop/transaction-tree (nethermind_release)"
Sep 23 03:00:08.194 INF API: test ended suite=0 test=551 pass=false
Sep 23 03:00:08.195 INF API: test started suite=0 test=552 name="interop/vm-only-nonempty-output (nethermind_release)"
Sep 23 03:00:08.197 INF API: test ended suite=0 test=552 pass=false
Sep 23 03:00:08.551 INF API: test ended suite=0 test=461 pass=true
Sep 23 03:00:08.552 INF API: test started suite=0 test=553 name="client launch (reth_development)"
Sep 23 03:00:12.482 INF API: client reth_development started suite=0 test=553 container=5c19322a
Sep 23 03:00:12.498 INF API: test started suite=0 test=554 name="interop/_control/head (reth_development)"
Sep 23 03:00:12.499 INF API: test ended suite=0 test=554 pass=false
Sep 23 03:00:12.500 INF API: test started suite=0 test=555 name="interop/_control/latest (reth_development)"
Sep 23 03:00:12.502 INF API: test ended suite=0 test=555 pass=false
Sep 23 03:00:12.503 INF API: test started suite=0 test=556 name="interop/_control/version (reth_development)"
Sep 23 03:00:12.504 INF API: test ended suite=0 test=556 pass=false
Sep 23 03:00:12.505 INF API: test started suite=0 test=557 name="interop/auth-clear (reth_development)"
Sep 23 03:00:12.506 INF API: test ended suite=0 test=557 pass=false
Sep 23 03:00:12.507 INF API: test started suite=0 test=558 name="interop/auth-replace (reth_development)"
Sep 23 03:00:12.509 INF API: test ended suite=0 test=558 pass=false
Sep 23 03:00:12.510 INF API: test started suite=0 test=559 name="interop/auth-set-revert (reth_development)"
Sep 23 03:00:12.512 INF API: test ended suite=0 test=559 pass=false
Sep 23 03:00:12.512 INF API: test started suite=0 test=560 name="interop/auth-set (reth_development)"
Sep 23 03:00:12.514 INF API: test ended suite=0 test=560 pass=false
Sep 23 03:00:12.515 INF API: test started suite=0 test=561 name="interop/block-2 (reth_development)"
Sep 23 03:00:12.519 INF API: test ended suite=0 test=561 pass=false
Sep 23 03:00:12.520 INF API: test started suite=0 test=562 name="interop/block-3 (reth_development)"
Sep 23 03:00:12.521 INF API: test ended suite=0 test=562 pass=false
Sep 23 03:00:12.522 INF API: test started suite=0 test=563 name="interop/call-destroy (reth_development)"
Sep 23 03:00:12.525 INF API: test ended suite=0 test=563 pass=false
Sep 23 03:00:12.525 INF API: test started suite=0 test=564 name="interop/call-gas7400 (reth_development)"
Sep 23 03:00:12.532 INF API: test ended suite=0 test=564 pass=false
Sep 23 03:00:12.533 INF API: test started suite=0 test=565 name="interop/call-mcopy (reth_development)"
Sep 23 03:00:12.535 INF API: test ended suite=0 test=565 pass=false
Sep 23 03:00:12.535 INF API: test started suite=0 test=566 name="interop/call-mixed-create (reth_development)"
Sep 23 03:00:12.539 INF API: test ended suite=0 test=566 pass=false
Sep 23 03:00:12.539 INF API: test started suite=0 test=567 name="interop/call-null-mode (reth_development)"
Sep 23 03:00:12.543 INF API: test ended suite=0 test=567 pass=false
Sep 23 03:00:12.544 INF API: test started suite=0 test=568 name="interop/call-return42 (reth_development)"
Sep 23 03:00:12.545 INF API: test ended suite=0 test=568 pass=false
Sep 23 03:00:12.546 INF API: test started suite=0 test=569 name="interop/call-scalar-mode (reth_development)"
Sep 23 03:00:12.547 INF API: test ended suite=0 test=569 pass=false
Sep 23 03:00:12.548 INF API: test started suite=0 test=570 name="interop/call-siblings-ok-revert (reth_development)"
Sep 23 03:00:12.550 INF API: test ended suite=0 test=570 pass=false
Sep 23 03:00:12.551 INF API: test started suite=0 test=571 name="interop/call-siblings-revert-ok (reth_development)"
Sep 23 03:00:12.554 INF API: test ended suite=0 test=571 pass=false
Sep 23 03:00:12.555 INF API: test started suite=0 test=572 name="interop/call-unknown-field (reth_development)"
Sep 23 03:00:12.556 INF API: test ended suite=0 test=572 pass=false
Sep 23 03:00:12.557 INF API: test started suite=0 test=573 name="interop/call-unknown-mode (reth_development)"
Sep 23 03:00:12.558 INF API: test ended suite=0 test=573 pass=false
Sep 23 03:00:12.559 INF API: test started suite=0 test=574 name="interop/call-wrong-type (reth_development)"
Sep 23 03:00:12.560 INF API: test ended suite=0 test=574 pass=false
Sep 23 03:00:12.561 INF API: test started suite=0 test=575 name="interop/control-chain (reth_development)"
Sep 23 03:00:12.562 INF API: test ended suite=0 test=575 pass=false
Sep 23 03:00:12.563 INF API: test started suite=0 test=576 name="interop/control-code-delegated (reth_development)"
Sep 23 03:00:12.565 INF API: test ended suite=0 test=576 pass=false
Sep 23 03:00:12.566 INF API: test started suite=0 test=577 name="interop/control-code-destroy (reth_development)"
Sep 23 03:00:12.567 INF API: test ended suite=0 test=577 pass=false
Sep 23 03:00:12.567 INF API: test started suite=0 test=578 name="interop/control-code-gas7400 (reth_development)"
Sep 23 03:00:12.569 INF API: test ended suite=0 test=578 pass=false
Sep 23 03:00:12.569 INF API: test started suite=0 test=579 name="interop/control-code-mcopy (reth_development)"
Sep 23 03:00:12.570 INF API: test ended suite=0 test=579 pass=false
Sep 23 03:00:12.571 INF API: test started suite=0 test=580 name="interop/control-code-mixed-create (reth_development)"
Sep 23 03:00:12.573 INF API: test ended suite=0 test=580 pass=false
Sep 23 03:00:12.574 INF API: test started suite=0 test=581 name="interop/control-code-prefunded-empty (reth_development)"
Sep 23 03:00:12.575 INF API: test ended suite=0 test=581 pass=false
Sep 23 03:00:12.576 INF API: test started suite=0 test=582 name="interop/control-code-return42 (reth_development)"
Sep 23 03:00:12.577 INF API: test ended suite=0 test=582 pass=false
Sep 23 03:00:12.578 INF API: test started suite=0 test=583 name="interop/control-code-revert (reth_development)"
Sep 23 03:00:12.579 INF API: test ended suite=0 test=583 pass=false
Sep 23 03:00:12.580 INF API: test started suite=0 test=584 name="interop/control-code-siblings-ok-revert (reth_development)"
Sep 23 03:00:12.581 INF API: test ended suite=0 test=584 pass=false
Sep 23 03:00:12.582 INF API: test started suite=0 test=585 name="interop/control-code-siblings-revert-ok (reth_development)"
Sep 23 03:00:12.583 INF API: test ended suite=0 test=585 pass=false
Sep 23 03:00:12.584 INF API: test started suite=0 test=586 name="interop/control-code-storage (reth_development)"
Sep 23 03:00:12.585 INF API: test ended suite=0 test=586 pass=false
Sep 23 03:00:12.586 INF API: test started suite=0 test=587 name="interop/control-code-undelegated (reth_development)"
Sep 23 03:00:12.587 INF API: test ended suite=0 test=587 pass=false
Sep 23 03:00:12.588 INF API: test started suite=0 test=588 name="interop/control-head (reth_development)"
Sep 23 03:00:12.589 INF API: test ended suite=0 test=588 pass=false
Sep 23 03:00:12.590 INF API: test started suite=0 test=589 name="interop/control-height (reth_development)"
Sep 23 03:00:12.593 INF API: test ended suite=0 test=589 pass=false
Sep 23 03:00:12.594 INF API: test started suite=0 test=590 name="interop/control-nonce (reth_development)"
Sep 23 03:00:12.595 INF API: test ended suite=0 test=590 pass=false
Sep 23 03:00:12.596 INF API: test started suite=0 test=591 name="interop/control-storage-after-many (reth_development)"
Sep 23 03:00:12.597 INF API: test ended suite=0 test=591 pass=false
Sep 23 03:00:12.598 INF API: test started suite=0 test=592 name="interop/control-version (reth_development)"
Sep 23 03:00:12.600 INF API: test ended suite=0 test=592 pass=false
Sep 23 03:00:12.601 INF API: test started suite=0 test=593 name="interop/debug-destroy (reth_development)"
Sep 23 03:00:12.611 INF API: test ended suite=0 test=593 pass=false
Sep 23 03:00:12.612 INF API: test started suite=0 test=594 name="interop/debug-gas7400-opcodes (reth_development)"
Sep 23 03:00:12.613 INF API: test ended suite=0 test=594 pass=false
Sep 23 03:00:12.614 INF API: test started suite=0 test=595 name="interop/debug-gas7400 (reth_development)"
Sep 23 03:00:12.616 INF API: test ended suite=0 test=595 pass=false
Sep 23 03:00:12.616 INF API: test started suite=0 test=596 name="interop/debug-mcopy (reth_development)"
Sep 23 03:00:12.617 INF API: test ended suite=0 test=596 pass=false
Sep 23 03:00:12.618 INF API: test started suite=0 test=597 name="interop/debug-mixed-create (reth_development)"
Sep 23 03:00:12.620 INF API: test ended suite=0 test=597 pass=false
Sep 23 03:00:12.620 INF API: test started suite=0 test=598 name="interop/debug-return42 (reth_development)"
Sep 23 03:00:12.622 INF API: test ended suite=0 test=598 pass=false
Sep 23 03:00:12.622 INF API: test started suite=0 test=599 name="interop/debug-siblings-ok-revert (reth_development)"
Sep 23 03:00:12.624 INF API: test ended suite=0 test=599 pass=false
Sep 23 03:00:12.625 INF API: test started suite=0 test=600 name="interop/debug-siblings-revert-ok (reth_development)"
Sep 23 03:00:12.627 INF API: test ended suite=0 test=600 pass=false
Sep 23 03:00:12.627 INF API: test started suite=0 test=601 name="interop/empty-types (reth_development)"
Sep 23 03:00:12.629 INF API: test ended suite=0 test=601 pass=false
Sep 23 03:00:12.629 INF API: test started suite=0 test=602 name="interop/filter-all (reth_development)"
Sep 23 03:00:12.634 INF API: test ended suite=0 test=602 pass=false
Sep 23 03:00:12.635 INF API: test started suite=0 test=603 name="interop/filter-both-null (reth_development)"
Sep 23 03:00:12.636 INF API: test ended suite=0 test=603 pass=false
Sep 23 03:00:12.637 INF API: test started suite=0 test=604 name="interop/filter-both-unknown-mode (reth_development)"
Sep 23 03:00:12.638 INF API: test ended suite=0 test=604 pass=false
Sep 23 03:00:12.638 INF API: test started suite=0 test=605 name="interop/filter-created-to (reth_development)"
Sep 23 03:00:12.641 INF API: test ended suite=0 test=605 pass=false
Sep 23 03:00:12.641 INF API: test started suite=0 test=606 name="interop/filter-creator-from (reth_development)"
Sep 23 03:00:12.644 INF API: test ended suite=0 test=606 pass=false
Sep 23 03:00:12.645 INF API: test started suite=0 test=607 name="interop/filter-from-empty-to-set (reth_development)"
Sep 23 03:00:12.647 INF API: test ended suite=0 test=607 pass=false
Sep 23 03:00:12.648 INF API: test started suite=0 test=608 name="interop/filter-from-null (reth_development)"
Sep 23 03:00:12.649 INF API: test ended suite=0 test=608 pass=false
Sep 23 03:00:12.649 INF API: test started suite=0 test=609 name="interop/filter-from-only-intersection (reth_development)"
Sep 23 03:00:12.652 INF API: test ended suite=0 test=609 pass=false
Sep 23 03:00:12.653 INF API: test started suite=0 test=610 name="interop/filter-from-only-union (reth_development)"
Sep 23 03:00:12.655 INF API: test ended suite=0 test=610 pass=false
Sep 23 03:00:12.656 INF API: test started suite=0 test=611 name="interop/filter-negative-count (reth_development)"
Sep 23 03:00:12.657 INF API: test ended suite=0 test=611 pass=false
Sep 23 03:00:12.658 INF API: test started suite=0 test=612 name="interop/filter-page-0 (reth_development)"
Sep 23 03:00:12.660 INF API: test ended suite=0 test=612 pass=false
Sep 23 03:00:12.661 INF API: test started suite=0 test=613 name="interop/filter-page-1 (reth_development)"
Sep 23 03:00:12.664 INF API: test ended suite=0 test=613 pass=false
Sep 23 03:00:12.664 INF API: test started suite=0 test=614 name="interop/filter-page-2 (reth_development)"
Sep 23 03:00:12.667 INF API: test ended suite=0 test=614 pass=false
Sep 23 03:00:12.668 INF API: test started suite=0 test=615 name="interop/filter-past-end-page (reth_development)"
Sep 23 03:00:12.670 INF API: test ended suite=0 test=615 pass=false
Sep 23 03:00:12.670 INF API: test started suite=0 test=616 name="interop/filter-snapshot (reth_development)"
Sep 23 03:00:12.673 INF API: test ended suite=0 test=616 pass=false
Sep 23 03:00:12.674 INF API: test started suite=0 test=617 name="interop/filter-suicide-beneficiary (reth_development)"
Sep 23 03:00:12.675 INF API: test ended suite=0 test=617 pass=false
Sep 23 03:00:12.676 INF API: test started suite=0 test=618 name="interop/filter-suicide-from (reth_development)"
Sep 23 03:00:12.678 INF API: test ended suite=0 test=618 pass=false
Sep 23 03:00:12.679 INF API: test started suite=0 test=619 name="interop/filter-to-empty-from-set (reth_development)"
Sep 23 03:00:12.680 INF API: test ended suite=0 test=619 pass=false
Sep 23 03:00:12.681 INF API: test started suite=0 test=620 name="interop/filter-to-null (reth_development)"
Sep 23 03:00:12.682 INF API: test ended suite=0 test=620 pass=false
Sep 23 03:00:12.683 INF API: test started suite=0 test=621 name="interop/filter-to-only-intersection (reth_development)"
Sep 23 03:00:12.685 INF API: test ended suite=0 test=621 pass=false
Sep 23 03:00:12.686 INF API: test started suite=0 test=622 name="interop/filter-to-only-union (reth_development)"
Sep 23 03:00:12.687 INF API: test ended suite=0 test=622 pass=false
Sep 23 03:00:12.688 INF API: test started suite=0 test=623 name="interop/filter-two-blocks (reth_development)"
Sep 23 03:00:12.690 INF API: test ended suite=0 test=623 pass=false
Sep 23 03:00:12.691 INF API: test started suite=0 test=624 name="interop/filter-unknown-field (reth_development)"
Sep 23 03:00:12.692 INF API: test ended suite=0 test=624 pass=false
Sep 23 03:00:12.692 INF API: test started suite=0 test=625 name="interop/filter-wrong-address-type (reth_development)"
Sep 23 03:00:12.693 INF API: test ended suite=0 test=625 pass=false
Sep 23 03:00:12.694 INF API: test started suite=0 test=626 name="interop/get-integer-path (reth_development)"
Sep 23 03:00:12.695 INF API: test ended suite=0 test=626 pass=false
Sep 23 03:00:12.696 INF API: test started suite=0 test=627 name="interop/get-nested-parent (reth_development)"
Sep 23 03:00:12.700 INF API: test ended suite=0 test=627 pass=false
Sep 23 03:00:12.701 INF API: test started suite=0 test=628 name="interop/get-nested-positive (reth_development)"
Sep 23 03:00:12.701 INF API: test ended suite=0 test=628 pass=false
Sep 23 03:00:12.703 INF API: test started suite=0 test=629 name="interop/get-path-wrong-type (reth_development)"
Sep 23 03:00:12.704 INF API: test ended suite=0 test=629 pass=false
Sep 23 03:00:12.705 INF API: test started suite=0 test=630 name="interop/many-storage-write-read (reth_development)"
Sep 23 03:00:12.708 INF API: test ended suite=0 test=630 pass=false
Sep 23 03:00:12.708 INF API: test started suite=0 test=631 name="interop/many-storage-write-revert-read (reth_development)"
Sep 23 03:00:12.710 INF API: test ended suite=0 test=631 pass=false
Sep 23 03:00:12.711 INF API: test started suite=0 test=632 name="interop/missing-block-block (reth_development)"
Sep 23 03:00:12.712 INF API: test ended suite=0 test=632 pass=false
Sep 23 03:00:12.713 INF API: test started suite=0 test=633 name="interop/missing-block-call (reth_development)"
Sep 23 03:00:12.714 INF API: test ended suite=0 test=633 pass=false
Sep 23 03:00:12.714 INF API: test started suite=0 test=634 name="interop/missing-block-filter (reth_development)"
Sep 23 03:00:12.715 INF API: test ended suite=0 test=634 pass=false
Sep 23 03:00:12.716 INF API: test started suite=0 test=635 name="interop/prefunded-empty (reth_development)"
Sep 23 03:00:12.718 INF API: test ended suite=0 test=635 pass=false
Sep 23 03:00:12.718 INF API: test started suite=0 test=636 name="interop/raw-below-basefee (reth_development)"
Sep 23 03:00:12.720 INF API: test ended suite=0 test=636 pass=false
Sep 23 03:00:12.720 INF API: test started suite=0 test=637 name="interop/raw-insufficient-funds (reth_development)"
Sep 23 03:00:12.722 INF API: test ended suite=0 test=637 pass=false
Sep 23 03:00:12.723 INF API: test started suite=0 test=638 name="interop/raw-low-gas (reth_development)"
Sep 23 03:00:12.724 INF API: test ended suite=0 test=638 pass=false
Sep 23 03:00:12.725 INF API: test started suite=0 test=639 name="interop/raw-nonce-high (reth_development)"
Sep 23 03:00:12.727 INF API: test ended suite=0 test=639 pass=false
Sep 23 03:00:12.727 INF API: test started suite=0 test=640 name="interop/raw-valid (reth_development)"
Sep 23 03:00:12.729 INF API: test ended suite=0 test=640 pass=false
Sep 23 03:00:12.730 INF API: test started suite=0 test=641 name="interop/raw-wrong-chain (reth_development)"
Sep 23 03:00:12.731 INF API: test ended suite=0 test=641 pass=false
Sep 23 03:00:12.732 INF API: test started suite=0 test=642 name="interop/state-only-nonempty-output (reth_development)"
Sep 23 03:00:12.733 INF API: test ended suite=0 test=642 pass=false
Sep 23 03:00:12.734 INF API: test started suite=0 test=643 name="interop/transaction-tree (reth_development)"
Sep 23 03:00:12.737 INF API: test ended suite=0 test=643 pass=false
Sep 23 03:00:12.738 INF API: test started suite=0 test=644 name="interop/vm-only-nonempty-output (reth_development)"
Sep 23 03:00:12.739 INF API: test ended suite=0 test=644 pass=false
Sep 23 03:00:13.025 INF API: test ended suite=0 test=553 pass=true
Sep 23 03:00:13.027 INF API: test started suite=0 test=645 name="client launch (reth_release)"
Sep 23 03:00:15.262 INF API: client reth_release started suite=0 test=645 container=4e6fb95c
Sep 23 03:00:15.290 INF API: test started suite=0 test=646 name="interop/_control/head (reth_release)"
Sep 23 03:00:15.310 INF API: test ended suite=0 test=646 pass=false
Sep 23 03:00:15.314 INF API: test started suite=0 test=647 name="interop/_control/latest (reth_release)"
Sep 23 03:00:15.318 INF API: test ended suite=0 test=647 pass=false
Sep 23 03:00:15.321 INF API: test started suite=0 test=648 name="interop/_control/version (reth_release)"
Sep 23 03:00:15.327 INF API: test ended suite=0 test=648 pass=false
Sep 23 03:00:15.330 INF API: test started suite=0 test=649 name="interop/auth-clear (reth_release)"
Sep 23 03:00:15.334 INF API: test ended suite=0 test=649 pass=false
Sep 23 03:00:15.336 INF API: test started suite=0 test=650 name="interop/auth-replace (reth_release)"
Sep 23 03:00:15.339 INF API: test ended suite=0 test=650 pass=false
Sep 23 03:00:15.340 INF API: test started suite=0 test=651 name="interop/auth-set-revert (reth_release)"
Sep 23 03:00:15.344 INF API: test ended suite=0 test=651 pass=false
Sep 23 03:00:15.346 INF API: test started suite=0 test=652 name="interop/auth-set (reth_release)"
Sep 23 03:00:15.349 INF API: test ended suite=0 test=652 pass=false
Sep 23 03:00:15.352 INF API: test started suite=0 test=653 name="interop/block-2 (reth_release)"
Sep 23 03:00:15.362 INF API: test ended suite=0 test=653 pass=false
Sep 23 03:00:15.364 INF API: test started suite=0 test=654 name="interop/block-3 (reth_release)"
Sep 23 03:00:15.369 INF API: test ended suite=0 test=654 pass=false
Sep 23 03:00:15.370 INF API: test started suite=0 test=655 name="interop/call-destroy (reth_release)"
Sep 23 03:00:15.374 INF API: test ended suite=0 test=655 pass=false
Sep 23 03:00:15.375 INF API: test started suite=0 test=656 name="interop/call-gas7400 (reth_release)"
Sep 23 03:00:15.385 INF API: test ended suite=0 test=656 pass=false
Sep 23 03:00:15.388 INF API: test started suite=0 test=657 name="interop/call-mcopy (reth_release)"
Sep 23 03:00:15.394 INF API: test ended suite=0 test=657 pass=false
Sep 23 03:00:15.397 INF API: test started suite=0 test=658 name="interop/call-mixed-create (reth_release)"
Sep 23 03:00:15.403 INF API: test ended suite=0 test=658 pass=false
Sep 23 03:00:15.405 INF API: test started suite=0 test=659 name="interop/call-null-mode (reth_release)"
Sep 23 03:00:15.410 INF API: test ended suite=0 test=659 pass=false
Sep 23 03:00:15.412 INF API: test started suite=0 test=660 name="interop/call-return42 (reth_release)"
Sep 23 03:00:15.417 INF API: test ended suite=0 test=660 pass=false
Sep 23 03:00:15.419 INF API: test started suite=0 test=661 name="interop/call-scalar-mode (reth_release)"
Sep 23 03:00:15.422 INF API: test ended suite=0 test=661 pass=false
Sep 23 03:00:15.425 INF API: test started suite=0 test=662 name="interop/call-siblings-ok-revert (reth_release)"
Sep 23 03:00:15.432 INF API: test ended suite=0 test=662 pass=false
Sep 23 03:00:15.434 INF API: test started suite=0 test=663 name="interop/call-siblings-revert-ok (reth_release)"
Sep 23 03:00:15.442 INF API: test ended suite=0 test=663 pass=false
Sep 23 03:00:15.444 INF API: test started suite=0 test=664 name="interop/call-unknown-field (reth_release)"
Sep 23 03:00:15.447 INF API: test ended suite=0 test=664 pass=false
Sep 23 03:00:15.450 INF API: test started suite=0 test=665 name="interop/call-unknown-mode (reth_release)"
Sep 23 03:00:15.456 INF API: test ended suite=0 test=665 pass=false
Sep 23 03:00:15.459 INF API: test started suite=0 test=666 name="interop/call-wrong-type (reth_release)"
Sep 23 03:00:15.463 INF API: test ended suite=0 test=666 pass=false
Sep 23 03:00:15.467 INF API: test started suite=0 test=667 name="interop/control-chain (reth_release)"
Sep 23 03:00:15.476 INF API: test ended suite=0 test=667 pass=false
Sep 23 03:00:15.478 INF API: test started suite=0 test=668 name="interop/control-code-delegated (reth_release)"
Sep 23 03:00:15.484 INF API: test ended suite=0 test=668 pass=false
Sep 23 03:00:15.489 INF API: test started suite=0 test=669 name="interop/control-code-destroy (reth_release)"
Sep 23 03:00:15.492 INF API: test ended suite=0 test=669 pass=false
Sep 23 03:00:15.494 INF API: test started suite=0 test=670 name="interop/control-code-gas7400 (reth_release)"
Sep 23 03:00:15.497 INF API: test ended suite=0 test=670 pass=false
Sep 23 03:00:15.501 INF API: test started suite=0 test=671 name="interop/control-code-mcopy (reth_release)"
Sep 23 03:00:15.505 INF API: test ended suite=0 test=671 pass=false
Sep 23 03:00:15.506 INF API: test started suite=0 test=672 name="interop/control-code-mixed-create (reth_release)"
Sep 23 03:00:15.510 INF API: test ended suite=0 test=672 pass=false
Sep 23 03:00:15.512 INF API: test started suite=0 test=673 name="interop/control-code-prefunded-empty (reth_release)"
Sep 23 03:00:15.515 INF API: test ended suite=0 test=673 pass=false
Sep 23 03:00:15.517 INF API: test started suite=0 test=674 name="interop/control-code-return42 (reth_release)"
Sep 23 03:00:15.520 INF API: test ended suite=0 test=674 pass=false
Sep 23 03:00:15.522 INF API: test started suite=0 test=675 name="interop/control-code-revert (reth_release)"
Sep 23 03:00:15.525 INF API: test ended suite=0 test=675 pass=false
Sep 23 03:00:15.526 INF API: test started suite=0 test=676 name="interop/control-code-siblings-ok-revert (reth_release)"
Sep 23 03:00:15.529 INF API: test ended suite=0 test=676 pass=false
Sep 23 03:00:15.531 INF API: test started suite=0 test=677 name="interop/control-code-siblings-revert-ok (reth_release)"
Sep 23 03:00:15.537 INF API: test ended suite=0 test=677 pass=false
Sep 23 03:00:15.538 INF API: test started suite=0 test=678 name="interop/control-code-storage (reth_release)"
Sep 23 03:00:15.541 INF API: test ended suite=0 test=678 pass=false
Sep 23 03:00:15.543 INF API: test started suite=0 test=679 name="interop/control-code-undelegated (reth_release)"
Sep 23 03:00:15.545 INF API: test ended suite=0 test=679 pass=false
Sep 23 03:00:15.546 INF API: test started suite=0 test=680 name="interop/control-head (reth_release)"
Sep 23 03:00:15.548 INF API: test ended suite=0 test=680 pass=false
Sep 23 03:00:15.551 INF API: test started suite=0 test=681 name="interop/control-height (reth_release)"
Sep 23 03:00:15.554 INF API: test ended suite=0 test=681 pass=false
Sep 23 03:00:15.556 INF API: test started suite=0 test=682 name="interop/control-nonce (reth_release)"
Sep 23 03:00:15.559 INF API: test ended suite=0 test=682 pass=false
Sep 23 03:00:15.561 INF API: test started suite=0 test=683 name="interop/control-storage-after-many (reth_release)"
Sep 23 03:00:15.563 INF API: test ended suite=0 test=683 pass=false
Sep 23 03:00:15.564 INF API: test started suite=0 test=684 name="interop/control-version (reth_release)"
Sep 23 03:00:15.568 INF API: test ended suite=0 test=684 pass=false
Sep 23 03:00:15.569 INF API: test started suite=0 test=685 name="interop/debug-destroy (reth_release)"
Sep 23 03:00:15.577 INF API: test ended suite=0 test=685 pass=false
Sep 23 03:00:15.579 INF API: test started suite=0 test=686 name="interop/debug-gas7400-opcodes (reth_release)"
Sep 23 03:00:15.583 INF API: test ended suite=0 test=686 pass=false
Sep 23 03:00:15.585 INF API: test started suite=0 test=687 name="interop/debug-gas7400 (reth_release)"
Sep 23 03:00:15.587 INF API: test ended suite=0 test=687 pass=false
Sep 23 03:00:15.588 INF API: test started suite=0 test=688 name="interop/debug-mcopy (reth_release)"
Sep 23 03:00:15.590 INF API: test ended suite=0 test=688 pass=false
Sep 23 03:00:15.591 INF API: test started suite=0 test=689 name="interop/debug-mixed-create (reth_release)"
Sep 23 03:00:15.594 INF API: test ended suite=0 test=689 pass=false
Sep 23 03:00:15.595 INF API: test started suite=0 test=690 name="interop/debug-return42 (reth_release)"
Sep 23 03:00:15.598 INF API: test ended suite=0 test=690 pass=false
Sep 23 03:00:15.599 INF API: test started suite=0 test=691 name="interop/debug-siblings-ok-revert (reth_release)"
Sep 23 03:00:15.602 INF API: test ended suite=0 test=691 pass=false
Sep 23 03:00:15.603 INF API: test started suite=0 test=692 name="interop/debug-siblings-revert-ok (reth_release)"
Sep 23 03:00:15.605 INF API: test ended suite=0 test=692 pass=false
Sep 23 03:00:15.607 INF API: test started suite=0 test=693 name="interop/empty-types (reth_release)"
Sep 23 03:00:15.610 INF API: test ended suite=0 test=693 pass=false
Sep 23 03:00:15.612 INF API: test started suite=0 test=694 name="interop/filter-all (reth_release)"
Sep 23 03:00:15.616 INF API: test ended suite=0 test=694 pass=false
Sep 23 03:00:15.617 INF API: test started suite=0 test=695 name="interop/filter-both-null (reth_release)"
Sep 23 03:00:15.620 INF API: test ended suite=0 test=695 pass=false
Sep 23 03:00:15.622 INF API: test started suite=0 test=696 name="interop/filter-both-unknown-mode (reth_release)"
Sep 23 03:00:15.624 INF API: test ended suite=0 test=696 pass=false
Sep 23 03:00:15.625 INF API: test started suite=0 test=697 name="interop/filter-created-to (reth_release)"
Sep 23 03:00:15.629 INF API: test ended suite=0 test=697 pass=false
Sep 23 03:00:15.631 INF API: test started suite=0 test=698 name="interop/filter-creator-from (reth_release)"
Sep 23 03:00:15.634 INF API: test ended suite=0 test=698 pass=false
Sep 23 03:00:15.636 INF API: test started suite=0 test=699 name="interop/filter-from-empty-to-set (reth_release)"
Sep 23 03:00:15.638 INF API: test ended suite=0 test=699 pass=false
Sep 23 03:00:15.639 INF API: test started suite=0 test=700 name="interop/filter-from-null (reth_release)"
Sep 23 03:00:15.641 INF API: test ended suite=0 test=700 pass=false
Sep 23 03:00:15.642 INF API: test started suite=0 test=701 name="interop/filter-from-only-intersection (reth_release)"
Sep 23 03:00:15.645 INF API: test ended suite=0 test=701 pass=false
Sep 23 03:00:15.647 INF API: test started suite=0 test=702 name="interop/filter-from-only-union (reth_release)"
Sep 23 03:00:15.652 INF API: test ended suite=0 test=702 pass=false
Sep 23 03:00:15.653 INF API: test started suite=0 test=703 name="interop/filter-negative-count (reth_release)"
Sep 23 03:00:15.658 INF API: test ended suite=0 test=703 pass=false
Sep 23 03:00:15.659 INF API: test started suite=0 test=704 name="interop/filter-page-0 (reth_release)"
Sep 23 03:00:15.662 INF API: test ended suite=0 test=704 pass=false
Sep 23 03:00:15.664 INF API: test started suite=0 test=705 name="interop/filter-page-1 (reth_release)"
Sep 23 03:00:15.668 INF API: test ended suite=0 test=705 pass=false
Sep 23 03:00:15.670 INF API: test started suite=0 test=706 name="interop/filter-page-2 (reth_release)"
Sep 23 03:00:15.678 INF API: test ended suite=0 test=706 pass=false
Sep 23 03:00:15.681 INF API: test started suite=0 test=707 name="interop/filter-past-end-page (reth_release)"
Sep 23 03:00:15.686 INF API: test ended suite=0 test=707 pass=false
Sep 23 03:00:15.688 INF API: test started suite=0 test=708 name="interop/filter-snapshot (reth_release)"
Sep 23 03:00:15.693 INF API: test ended suite=0 test=708 pass=false
Sep 23 03:00:15.695 INF API: test started suite=0 test=709 name="interop/filter-suicide-beneficiary (reth_release)"
Sep 23 03:00:15.697 INF API: test ended suite=0 test=709 pass=false
Sep 23 03:00:15.699 INF API: test started suite=0 test=710 name="interop/filter-suicide-from (reth_release)"
Sep 23 03:00:15.702 INF API: test ended suite=0 test=710 pass=false
Sep 23 03:00:15.703 INF API: test started suite=0 test=711 name="interop/filter-to-empty-from-set (reth_release)"
Sep 23 03:00:15.706 INF API: test ended suite=0 test=711 pass=false
Sep 23 03:00:15.707 INF API: test started suite=0 test=712 name="interop/filter-to-null (reth_release)"
Sep 23 03:00:15.709 INF API: test ended suite=0 test=712 pass=false
Sep 23 03:00:15.710 INF API: test started suite=0 test=713 name="interop/filter-to-only-intersection (reth_release)"
Sep 23 03:00:15.714 INF API: test ended suite=0 test=713 pass=false
Sep 23 03:00:15.715 INF API: test started suite=0 test=714 name="interop/filter-to-only-union (reth_release)"
Sep 23 03:00:15.717 INF API: test ended suite=0 test=714 pass=false
Sep 23 03:00:15.718 INF API: test started suite=0 test=715 name="interop/filter-two-blocks (reth_release)"
Sep 23 03:00:15.722 INF API: test ended suite=0 test=715 pass=false
Sep 23 03:00:15.722 INF API: test started suite=0 test=716 name="interop/filter-unknown-field (reth_release)"
Sep 23 03:00:15.724 INF API: test ended suite=0 test=716 pass=false
Sep 23 03:00:15.725 INF API: test started suite=0 test=717 name="interop/filter-wrong-address-type (reth_release)"
Sep 23 03:00:15.726 INF API: test ended suite=0 test=717 pass=false
Sep 23 03:00:15.727 INF API: test started suite=0 test=718 name="interop/get-integer-path (reth_release)"
Sep 23 03:00:15.729 INF API: test ended suite=0 test=718 pass=false
Sep 23 03:00:15.730 INF API: test started suite=0 test=719 name="interop/get-nested-parent (reth_release)"
Sep 23 03:00:15.733 INF API: test ended suite=0 test=719 pass=false
Sep 23 03:00:15.734 INF API: test started suite=0 test=720 name="interop/get-nested-positive (reth_release)"
Sep 23 03:00:15.735 INF API: test ended suite=0 test=720 pass=false
Sep 23 03:00:15.736 INF API: test started suite=0 test=721 name="interop/get-path-wrong-type (reth_release)"
Sep 23 03:00:15.737 INF API: test ended suite=0 test=721 pass=false
Sep 23 03:00:15.738 INF API: test started suite=0 test=722 name="interop/many-storage-write-read (reth_release)"
Sep 23 03:00:15.740 INF API: test ended suite=0 test=722 pass=false
Sep 23 03:00:15.742 INF API: test started suite=0 test=723 name="interop/many-storage-write-revert-read (reth_release)"
Sep 23 03:00:15.745 INF API: test ended suite=0 test=723 pass=false
Sep 23 03:00:15.745 INF API: test started suite=0 test=724 name="interop/missing-block-block (reth_release)"
Sep 23 03:00:15.747 INF API: test ended suite=0 test=724 pass=false
Sep 23 03:00:15.748 INF API: test started suite=0 test=725 name="interop/missing-block-call (reth_release)"
Sep 23 03:00:15.749 INF API: test ended suite=0 test=725 pass=false
Sep 23 03:00:15.750 INF API: test started suite=0 test=726 name="interop/missing-block-filter (reth_release)"
Sep 23 03:00:15.751 INF API: test ended suite=0 test=726 pass=false
Sep 23 03:00:15.752 INF API: test started suite=0 test=727 name="interop/prefunded-empty (reth_release)"
Sep 23 03:00:15.754 INF API: test ended suite=0 test=727 pass=false
Sep 23 03:00:15.755 INF API: test started suite=0 test=728 name="interop/raw-below-basefee (reth_release)"
Sep 23 03:00:15.756 INF API: test ended suite=0 test=728 pass=false
Sep 23 03:00:15.757 INF API: test started suite=0 test=729 name="interop/raw-insufficient-funds (reth_release)"
Sep 23 03:00:15.760 INF API: test ended suite=0 test=729 pass=false
Sep 23 03:00:15.761 INF API: test started suite=0 test=730 name="interop/raw-low-gas (reth_release)"
Sep 23 03:00:15.763 INF API: test ended suite=0 test=730 pass=false
Sep 23 03:00:15.763 INF API: test started suite=0 test=731 name="interop/raw-nonce-high (reth_release)"
Sep 23 03:00:15.765 INF API: test ended suite=0 test=731 pass=false
Sep 23 03:00:15.766 INF API: test started suite=0 test=732 name="interop/raw-valid (reth_release)"
Sep 23 03:00:15.769 INF API: test ended suite=0 test=732 pass=false
Sep 23 03:00:15.770 INF API: test started suite=0 test=733 name="interop/raw-wrong-chain (reth_release)"
Sep 23 03:00:15.771 INF API: test ended suite=0 test=733 pass=false
Sep 23 03:00:15.772 INF API: test started suite=0 test=734 name="interop/state-only-nonempty-output (reth_release)"
Sep 23 03:00:15.774 INF API: test ended suite=0 test=734 pass=false
Sep 23 03:00:15.775 INF API: test started suite=0 test=735 name="interop/transaction-tree (reth_release)"
Sep 23 03:00:15.777 INF API: test ended suite=0 test=735 pass=false
Sep 23 03:00:15.778 INF API: test started suite=0 test=736 name="interop/vm-only-nonempty-output (reth_release)"
Sep 23 03:00:15.780 INF API: test ended suite=0 test=736 pass=false
Sep 23 03:00:16.073 INF API: test ended suite=0 test=645 pass=true
Sep 23 03:00:16.084 INF API: suite ended suite=0
Sep 23 03:00:16.948 INF simulation ethereum/rpc-compat finished suites=1 tests=736 failed=728
728 tests failed
