Sep 24 22:52:57.946 INF building image image=hive/hiveproxy nocache=false pull=false
Sep 24 22:52:58.070 INF building 9 clients...
Sep 24 22:52:58.070 INF building image image=hive/clients/besu_development:latest dir=clients/besu nocache=false pull=false baseimage=trace-interop/besu tag=08ff27ec6642686495169a70672d126ad494b48d3152537529a0628d7841b46c
Sep 24 22:53:22.787 INF building image image=hive/clients/besu_release:latest dir=clients/besu nocache=false pull=false baseimage=trace-interop/besu tag=f3713c713ca4f9e89c09e1478d2a85116ba9ce8343129d709420ba2af009598b
Sep 24 22:53:22.915 INF building image image=hive/clients/erigon_development:latest dir=clients/erigon nocache=false pull=false baseimage=trace-interop/erigon tag=96ed3bf9e6103fa7348e8223f07becfaf1d19b43fb66524f295bdb83e12dbee5
Sep 24 22:53:23.054 INF building image image=hive/clients/erigon_release:latest dir=clients/erigon nocache=false pull=false baseimage=trace-interop/erigon tag=8668d9c5adc01ad1d12aa25380e384079080bdde7e0ce93f11bed422d82ca0ac
Sep 24 22:53:23.195 INF building image image=hive/clients/go-ethereum_trace:latest dir=clients/go-ethereum nocache=false pull=false baseimage=trace-interop/go-ethereum tag=06c86d469c85929160da6503691f9971d03cf659495075282b81f8919c86f97c
Sep 24 22:53:28.132 INF building image image=hive/clients/nethermind_development:latest dir=clients/nethermind nocache=false pull=false baseimage=trace-interop/nethermind tag=9a73261ff8a3adbf940d822db3557cedadd5702cd98862b875d8645f9db6302a
Sep 24 22:53:43.512 INF building image image=hive/clients/nethermind_release:latest dir=clients/nethermind nocache=false pull=false baseimage=trace-interop/nethermind tag=d6b98371fce49848629f4841a9ef2cfc416c90ee187bc82291e97ca77cb108e4
Sep 24 22:53:43.556 INF building image image=hive/clients/reth_development:latest dir=clients/reth nocache=false pull=false baseimage=trace-interop/reth tag=935f179789c1d4fc921c181a4fa21f3262e5d0509061ddbad4398b37db3f33bf
Sep 24 22:53:43.592 INF building image image=hive/clients/reth_release:latest dir=clients/reth nocache=false pull=false baseimage=trace-interop/reth tag=e939dc4a471d9d27224e430f607a954d692ca5037a1350ee2036397d14532ca7
Sep 24 22:53:43.630 INF building 1 simulators...
Sep 24 22:53:43.630 INF building image image=hive/simulators/ethereum/rpc-compat:latest dir=simulators/ethereum/rpc-compat nocache=false pull=false
Sep 24 22:53:43.669 INF creating output directory folder=/home/banteg/dev/trace-adopted-20260924/evidence/2026-09-24/adopted-stances/initial/hive
Sep 24 22:53:43.780 INF running simulation: ethereum/rpc-compat
Sep 24 22:53:43.931 INF hiveproxy started container=7d6329987b0b addr=172.17.0.2:8081
Sep 24 22:53:44.147 INF API: suite started suite=0 name=rpc-compat
Sep 24 22:53:44.149 INF API: test started suite=0 test=1 name="client launch (besu_development)"
Sep 24 22:53:52.826 INF API: client besu_development started suite=0 test=1 container=81268e71
Sep 24 22:53:53.097 INF API: test started suite=0 test=2 name="interop/_control/head (besu_development)"
Sep 24 22:53:53.107 INF API: test ended suite=0 test=2 pass=false
Sep 24 22:53:53.109 INF API: test started suite=0 test=3 name="interop/_control/latest (besu_development)"
Sep 24 22:53:53.118 INF API: test ended suite=0 test=3 pass=false
Sep 24 22:53:53.119 INF API: test started suite=0 test=4 name="interop/_control/receipt/0x4e0240fe2995f7a21013fbe4af0ad9330daac8c29008e22b7d71b4672357f014 (besu_development)"
Sep 24 22:53:53.148 INF API: test ended suite=0 test=4 pass=false
Sep 24 22:53:53.150 INF API: test started suite=0 test=5 name="interop/_control/receipt/0x512b5deddff16d21ebba7b730d935b4287dbb839e77eb05b37b34ce5eb229933 (besu_development)"
Sep 24 22:53:53.160 INF API: test ended suite=0 test=5 pass=false
Sep 24 22:53:53.162 INF API: test started suite=0 test=6 name="interop/_control/receipt/0x55d219e322321525fb6d15c388d730e0f6d0ae119e68163ffcea6d3ee50fa738 (besu_development)"
Sep 24 22:53:53.174 INF API: test ended suite=0 test=6 pass=false
Sep 24 22:53:53.175 INF API: test started suite=0 test=7 name="interop/_control/receipt/0x827f578f78815feb24e5d992addb5d6d184958aad72d02c213271f4b4ac780ae (besu_development)"
Sep 24 22:53:53.187 INF API: test ended suite=0 test=7 pass=false
Sep 24 22:53:53.188 INF API: test started suite=0 test=8 name="interop/_control/receipt/0x99a8eb5c9ab03c42137bcb263c525487dac03192bebd5c6762c8511e3b867afe (besu_development)"
Sep 24 22:53:53.196 INF API: test ended suite=0 test=8 pass=false
Sep 24 22:53:53.197 INF API: test started suite=0 test=9 name="interop/_control/receipt/0x9ec036cb031f2ffa622a8162eef40431fa33684e50217af50d3bbf856f21ca22 (besu_development)"
Sep 24 22:53:53.202 INF API: test ended suite=0 test=9 pass=false
Sep 24 22:53:53.203 INF API: test started suite=0 test=10 name="interop/_control/receipt/0xb54bc1221b206db9ee0449a716ddde73c1e2d0f72d2e789fcb51230fe851cc8a (besu_development)"
Sep 24 22:53:53.211 INF API: test ended suite=0 test=10 pass=false
Sep 24 22:53:53.213 INF API: test started suite=0 test=11 name="interop/_control/version (besu_development)"
Sep 24 22:53:53.218 INF API: test ended suite=0 test=11 pass=false
Sep 24 22:53:53.219 INF API: test started suite=0 test=12 name="interop/block-transfer (besu_development)"
Sep 24 22:53:53.283 INF API: test ended suite=0 test=12 pass=false
Sep 24 22:53:53.285 INF API: test started suite=0 test=13 name="interop/block-tree (besu_development)"
Sep 24 22:53:53.311 INF API: test ended suite=0 test=13 pass=false
Sep 24 22:53:53.313 INF API: test started suite=0 test=14 name="interop/call-constructor-priced (besu_development)"
Sep 24 22:53:53.377 INF API: test ended suite=0 test=14 pass=false
Sep 24 22:53:53.378 INF API: test started suite=0 test=15 name="interop/call-constructor (besu_development)"
Sep 24 22:53:53.396 INF API: test ended suite=0 test=15 pass=false
Sep 24 22:53:53.397 INF API: test started suite=0 test=16 name="interop/call-empty-types-priced (besu_development)"
Sep 24 22:53:53.406 INF API: test ended suite=0 test=16 pass=false
Sep 24 22:53:53.407 INF API: test started suite=0 test=17 name="interop/call-empty-types (besu_development)"
Sep 24 22:53:53.414 INF API: test ended suite=0 test=17 pass=false
Sep 24 22:53:53.415 INF API: test started suite=0 test=18 name="interop/call-identity (besu_development)"
Sep 24 22:53:53.422 INF API: test ended suite=0 test=18 pass=false
Sep 24 22:53:53.423 INF API: test started suite=0 test=19 name="interop/call-many-priced (besu_development)"
Sep 24 22:53:53.444 INF API: test ended suite=0 test=19 pass=false
Sep 24 22:53:53.445 INF API: test started suite=0 test=20 name="interop/call-many-transfers (besu_development)"
Sep 24 22:53:53.453 INF API: test ended suite=0 test=20 pass=false
Sep 24 22:53:53.453 INF API: test started suite=0 test=21 name="interop/call-many (besu_development)"
Sep 24 22:53:53.460 INF API: test ended suite=0 test=21 pass=false
Sep 24 22:53:53.461 INF API: test started suite=0 test=22 name="interop/call-transfer-stateDiff (besu_development)"
Sep 24 22:53:53.467 INF API: test ended suite=0 test=22 pass=false
Sep 24 22:53:53.468 INF API: test started suite=0 test=23 name="interop/call-transfer-trace (besu_development)"
Sep 24 22:53:53.473 INF API: test ended suite=0 test=23 pass=false
Sep 24 22:53:53.474 INF API: test started suite=0 test=24 name="interop/call-transfer-vmTrace (besu_development)"
Sep 24 22:53:53.479 INF API: test ended suite=0 test=24 pass=false
Sep 24 22:53:53.480 INF API: test started suite=0 test=25 name="interop/call-tree-stateDiff-priced (besu_development)"
Sep 24 22:53:53.487 INF API: test ended suite=0 test=25 pass=false
Sep 24 22:53:53.488 INF API: test started suite=0 test=26 name="interop/call-tree-stateDiff (besu_development)"
Sep 24 22:53:53.494 INF API: test ended suite=0 test=26 pass=false
Sep 24 22:53:53.495 INF API: test started suite=0 test=27 name="interop/call-tree-trace-priced (besu_development)"
Sep 24 22:53:53.503 INF API: test ended suite=0 test=27 pass=false
Sep 24 22:53:53.504 INF API: test started suite=0 test=28 name="interop/call-tree-trace (besu_development)"
Sep 24 22:53:53.510 INF API: test ended suite=0 test=28 pass=false
Sep 24 22:53:53.511 INF API: test started suite=0 test=29 name="interop/call-tree-vmTrace-priced (besu_development)"
Sep 24 22:53:53.537 INF API: test ended suite=0 test=29 pass=false
Sep 24 22:53:53.538 INF API: test started suite=0 test=30 name="interop/call-tree-vmTrace (besu_development)"
Sep 24 22:53:53.545 INF API: test ended suite=0 test=30 pass=false
Sep 24 22:53:53.546 INF API: test started suite=0 test=31 name="interop/control-chain-id (besu_development)"
Sep 24 22:53:53.551 INF API: test ended suite=0 test=31 pass=false
Sep 24 22:53:53.552 INF API: test started suite=0 test=32 name="interop/control-head (besu_development)"
Sep 24 22:53:53.557 INF API: test ended suite=0 test=32 pass=false
Sep 24 22:53:53.557 INF API: test started suite=0 test=33 name="interop/control-height (besu_development)"
Sep 24 22:53:53.561 INF API: test ended suite=0 test=33 pass=false
Sep 24 22:53:53.562 INF API: test started suite=0 test=34 name="interop/control-sender-nonce (besu_development)"
Sep 24 22:53:53.568 INF API: test ended suite=0 test=34 pass=false
Sep 24 22:53:53.569 INF API: test started suite=0 test=35 name="interop/control-tree-receipt (besu_development)"
Sep 24 22:53:53.573 INF API: test ended suite=0 test=35 pass=false
Sep 24 22:53:53.574 INF API: test started suite=0 test=36 name="interop/control-version (besu_development)"
Sep 24 22:53:53.578 INF API: test ended suite=0 test=36 pass=false
Sep 24 22:53:53.579 INF API: test started suite=0 test=37 name="interop/filter-all (besu_development)"
Sep 24 22:53:53.597 INF API: test ended suite=0 test=37 pass=false
Sep 24 22:53:53.598 INF API: test started suite=0 test=38 name="interop/filter-both (besu_development)"
Sep 24 22:53:53.608 INF API: test ended suite=0 test=38 pass=false
Sep 24 22:53:53.609 INF API: test started suite=0 test=39 name="interop/filter-empty (besu_development)"
Sep 24 22:53:53.621 INF API: test ended suite=0 test=39 pass=false
Sep 24 22:53:53.622 INF API: test started suite=0 test=40 name="interop/filter-from (besu_development)"
Sep 24 22:53:53.631 INF API: test ended suite=0 test=40 pass=false
Sep 24 22:53:53.632 INF API: test started suite=0 test=41 name="interop/filter-intersection (besu_development)"
Sep 24 22:53:53.638 INF API: test ended suite=0 test=41 pass=false
Sep 24 22:53:53.639 INF API: test started suite=0 test=42 name="interop/filter-page (besu_development)"
Sep 24 22:53:53.649 INF API: test ended suite=0 test=42 pass=false
Sep 24 22:53:53.650 INF API: test started suite=0 test=43 name="interop/filter-to (besu_development)"
Sep 24 22:53:53.658 INF API: test ended suite=0 test=43 pass=false
Sep 24 22:53:53.659 INF API: test started suite=0 test=44 name="interop/filter-transfer (besu_development)"
Sep 24 22:53:53.666 INF API: test ended suite=0 test=44 pass=false
Sep 24 22:53:53.668 INF API: test started suite=0 test=45 name="interop/filter-union (besu_development)"
Sep 24 22:53:53.672 INF API: test ended suite=0 test=45 pass=false
Sep 24 22:53:53.672 INF API: test started suite=0 test=46 name="interop/filter-zero (besu_development)"
Sep 24 22:53:56.678 INF API: test ended suite=0 test=46 pass=false
Sep 24 22:53:56.679 INF API: test started suite=0 test=47 name="interop/get-missing-tx (besu_development)"
Sep 24 22:53:56.686 INF API: test ended suite=0 test=47 pass=false
Sep 24 22:53:56.686 INF API: test started suite=0 test=48 name="interop/get-missing (besu_development)"
Sep 24 22:53:56.702 INF API: test ended suite=0 test=48 pass=false
Sep 24 22:53:56.703 INF API: test started suite=0 test=49 name="interop/get-nested (besu_development)"
Sep 24 22:53:56.711 INF API: test ended suite=0 test=49 pass=false
Sep 24 22:53:56.712 INF API: test started suite=0 test=50 name="interop/get-one (besu_development)"
Sep 24 22:53:56.721 INF API: test ended suite=0 test=50 pass=false
Sep 24 22:53:56.721 INF API: test started suite=0 test=51 name="interop/get-root (besu_development)"
Sep 24 22:53:56.729 INF API: test ended suite=0 test=51 pass=false
Sep 24 22:53:56.730 INF API: test started suite=0 test=52 name="interop/get-transfer-root (besu_development)"
Sep 24 22:53:56.736 INF API: test ended suite=0 test=52 pass=false
Sep 24 22:53:56.736 INF API: test started suite=0 test=53 name="interop/get-zero (besu_development)"
Sep 24 22:53:56.745 INF API: test ended suite=0 test=53 pass=false
Sep 24 22:53:56.746 INF API: test started suite=0 test=54 name="interop/raw-invalid (besu_development)"
Sep 24 22:53:56.750 INF API: test ended suite=0 test=54 pass=false
Sep 24 22:53:56.750 INF API: test started suite=0 test=55 name="interop/raw-valid-current-nonce (besu_development)"
Sep 24 22:53:56.757 INF API: test ended suite=0 test=55 pass=false
Sep 24 22:53:56.758 INF API: test started suite=0 test=56 name="interop/raw-valid-default-block (besu_development)"
Sep 24 22:53:56.763 INF API: test ended suite=0 test=56 pass=false
Sep 24 22:53:56.764 INF API: test started suite=0 test=57 name="interop/raw-valid (besu_development)"
Sep 24 22:53:56.767 INF API: test ended suite=0 test=57 pass=false
Sep 24 22:53:56.768 INF API: test started suite=0 test=58 name="interop/replay-7702-stateDiff (besu_development)"
Sep 24 22:53:56.771 INF API: test ended suite=0 test=58 pass=false
Sep 24 22:53:56.772 INF API: test started suite=0 test=59 name="interop/replay-7702-trace (besu_development)"
Sep 24 22:53:56.775 INF API: test ended suite=0 test=59 pass=false
Sep 24 22:53:56.776 INF API: test started suite=0 test=60 name="interop/replay-7702-vmTrace (besu_development)"
Sep 24 22:53:56.779 INF API: test ended suite=0 test=60 pass=false
Sep 24 22:53:56.779 INF API: test started suite=0 test=61 name="interop/replay-block-transfer (besu_development)"
Sep 24 22:53:56.789 INF API: test ended suite=0 test=61 pass=false
Sep 24 22:53:56.790 INF API: test started suite=0 test=62 name="interop/replay-block-tree (besu_development)"
Sep 24 22:53:57.814 INF API: test ended suite=0 test=62 pass=false
Sep 24 22:53:57.815 INF API: test started suite=0 test=63 name="interop/replay-missing (besu_development)"
Sep 24 22:53:57.819 INF API: test ended suite=0 test=63 pass=false
Sep 24 22:53:57.820 INF API: test started suite=0 test=64 name="interop/replay-revert-stateDiff (besu_development)"
Sep 24 22:53:57.824 INF API: test ended suite=0 test=64 pass=false
Sep 24 22:53:57.825 INF API: test started suite=0 test=65 name="interop/replay-revert-trace (besu_development)"
Sep 24 22:53:57.829 INF API: test ended suite=0 test=65 pass=false
Sep 24 22:53:57.830 INF API: test started suite=0 test=66 name="interop/replay-revert-vmTrace (besu_development)"
Sep 24 22:53:57.833 INF API: test ended suite=0 test=66 pass=false
Sep 24 22:53:57.834 INF API: test started suite=0 test=67 name="interop/replay-transfer-stateDiff (besu_development)"
Sep 24 22:53:57.838 INF API: test ended suite=0 test=67 pass=false
Sep 24 22:53:57.839 INF API: test started suite=0 test=68 name="interop/replay-transfer-trace (besu_development)"
Sep 24 22:53:57.842 INF API: test ended suite=0 test=68 pass=false
Sep 24 22:53:57.843 INF API: test started suite=0 test=69 name="interop/replay-transfer-vmTrace (besu_development)"
Sep 24 22:53:57.846 INF API: test ended suite=0 test=69 pass=false
Sep 24 22:53:57.847 INF API: test started suite=0 test=70 name="interop/replay-tree-stateDiff (besu_development)"
Sep 24 22:53:57.851 INF API: test ended suite=0 test=70 pass=false
Sep 24 22:53:57.852 INF API: test started suite=0 test=71 name="interop/replay-tree-trace (besu_development)"
Sep 24 22:53:57.855 INF API: test ended suite=0 test=71 pass=false
Sep 24 22:53:57.856 INF API: test started suite=0 test=72 name="interop/replay-tree-vmTrace (besu_development)"
Sep 24 22:53:57.859 INF API: test ended suite=0 test=72 pass=false
Sep 24 22:53:57.860 INF API: test started suite=0 test=73 name="interop/transaction-7702 (besu_development)"
Sep 24 22:53:57.867 INF API: test ended suite=0 test=73 pass=false
Sep 24 22:53:57.868 INF API: test started suite=0 test=74 name="interop/transaction-missing (besu_development)"
Sep 24 22:53:57.871 INF API: test ended suite=0 test=74 pass=false
Sep 24 22:53:57.872 INF API: test started suite=0 test=75 name="interop/transaction-revert (besu_development)"
Sep 24 22:53:57.881 INF API: test ended suite=0 test=75 pass=false
Sep 24 22:53:57.882 INF API: test started suite=0 test=76 name="interop/transaction-transfer (besu_development)"
Sep 24 22:53:57.888 INF API: test ended suite=0 test=76 pass=false
Sep 24 22:53:57.889 INF API: test started suite=0 test=77 name="interop/transaction-tree (besu_development)"
Sep 24 22:53:57.897 INF API: test ended suite=0 test=77 pass=false
Sep 24 22:53:58.076 INF API: test ended suite=0 test=1 pass=true
Sep 24 22:53:58.077 INF API: test started suite=0 test=78 name="client launch (besu_release)"
Sep 24 22:54:07.920 INF API: client besu_release started suite=0 test=78 container=2acc1ce3
Sep 24 22:54:08.214 INF API: test started suite=0 test=79 name="interop/_control/head (besu_release)"
Sep 24 22:54:08.222 INF API: test ended suite=0 test=79 pass=false
Sep 24 22:54:08.224 INF API: test started suite=0 test=80 name="interop/_control/latest (besu_release)"
Sep 24 22:54:08.234 INF API: test ended suite=0 test=80 pass=false
Sep 24 22:54:08.235 INF API: test started suite=0 test=81 name="interop/_control/receipt/0x4e0240fe2995f7a21013fbe4af0ad9330daac8c29008e22b7d71b4672357f014 (besu_release)"
Sep 24 22:54:08.255 INF API: test ended suite=0 test=81 pass=false
Sep 24 22:54:08.256 INF API: test started suite=0 test=82 name="interop/_control/receipt/0x512b5deddff16d21ebba7b730d935b4287dbb839e77eb05b37b34ce5eb229933 (besu_release)"
Sep 24 22:54:08.263 INF API: test ended suite=0 test=82 pass=false
Sep 24 22:54:08.264 INF API: test started suite=0 test=83 name="interop/_control/receipt/0x55d219e322321525fb6d15c388d730e0f6d0ae119e68163ffcea6d3ee50fa738 (besu_release)"
Sep 24 22:54:08.274 INF API: test ended suite=0 test=83 pass=false
Sep 24 22:54:08.275 INF API: test started suite=0 test=84 name="interop/_control/receipt/0x827f578f78815feb24e5d992addb5d6d184958aad72d02c213271f4b4ac780ae (besu_release)"
Sep 24 22:54:08.282 INF API: test ended suite=0 test=84 pass=false
Sep 24 22:54:08.283 INF API: test started suite=0 test=85 name="interop/_control/receipt/0x99a8eb5c9ab03c42137bcb263c525487dac03192bebd5c6762c8511e3b867afe (besu_release)"
Sep 24 22:54:08.288 INF API: test ended suite=0 test=85 pass=false
Sep 24 22:54:08.289 INF API: test started suite=0 test=86 name="interop/_control/receipt/0x9ec036cb031f2ffa622a8162eef40431fa33684e50217af50d3bbf856f21ca22 (besu_release)"
Sep 24 22:54:08.294 INF API: test ended suite=0 test=86 pass=false
Sep 24 22:54:08.295 INF API: test started suite=0 test=87 name="interop/_control/receipt/0xb54bc1221b206db9ee0449a716ddde73c1e2d0f72d2e789fcb51230fe851cc8a (besu_release)"
Sep 24 22:54:08.303 INF API: test ended suite=0 test=87 pass=false
Sep 24 22:54:08.304 INF API: test started suite=0 test=88 name="interop/_control/version (besu_release)"
Sep 24 22:54:08.310 INF API: test ended suite=0 test=88 pass=false
Sep 24 22:54:08.311 INF API: test started suite=0 test=89 name="interop/block-transfer (besu_release)"
Sep 24 22:54:08.380 INF API: test ended suite=0 test=89 pass=false
Sep 24 22:54:08.381 INF API: test started suite=0 test=90 name="interop/block-tree (besu_release)"
Sep 24 22:54:08.411 INF API: test ended suite=0 test=90 pass=false
Sep 24 22:54:08.412 INF API: test started suite=0 test=91 name="interop/call-constructor-priced (besu_release)"
Sep 24 22:54:08.498 INF API: test ended suite=0 test=91 pass=false
Sep 24 22:54:08.499 INF API: test started suite=0 test=92 name="interop/call-constructor (besu_release)"
Sep 24 22:54:08.529 INF API: test ended suite=0 test=92 pass=false
Sep 24 22:54:08.530 INF API: test started suite=0 test=93 name="interop/call-empty-types-priced (besu_release)"
Sep 24 22:54:08.540 INF API: test ended suite=0 test=93 pass=false
Sep 24 22:54:08.541 INF API: test started suite=0 test=94 name="interop/call-empty-types (besu_release)"
Sep 24 22:54:08.555 INF API: test ended suite=0 test=94 pass=false
Sep 24 22:54:08.556 INF API: test started suite=0 test=95 name="interop/call-identity (besu_release)"
Sep 24 22:54:08.563 INF API: test ended suite=0 test=95 pass=false
Sep 24 22:54:08.564 INF API: test started suite=0 test=96 name="interop/call-many-priced (besu_release)"
Sep 24 22:54:08.585 INF API: test ended suite=0 test=96 pass=false
Sep 24 22:54:08.586 INF API: test started suite=0 test=97 name="interop/call-many-transfers (besu_release)"
Sep 24 22:54:08.592 INF API: test ended suite=0 test=97 pass=false
Sep 24 22:54:08.593 INF API: test started suite=0 test=98 name="interop/call-many (besu_release)"
Sep 24 22:54:08.604 INF API: test ended suite=0 test=98 pass=false
Sep 24 22:54:08.605 INF API: test started suite=0 test=99 name="interop/call-transfer-stateDiff (besu_release)"
Sep 24 22:54:08.610 INF API: test ended suite=0 test=99 pass=false
Sep 24 22:54:08.610 INF API: test started suite=0 test=100 name="interop/call-transfer-trace (besu_release)"
Sep 24 22:54:08.614 INF API: test ended suite=0 test=100 pass=false
Sep 24 22:54:08.615 INF API: test started suite=0 test=101 name="interop/call-transfer-vmTrace (besu_release)"
Sep 24 22:54:08.619 INF API: test ended suite=0 test=101 pass=false
Sep 24 22:54:08.620 INF API: test started suite=0 test=102 name="interop/call-tree-stateDiff-priced (besu_release)"
Sep 24 22:54:08.627 INF API: test ended suite=0 test=102 pass=false
Sep 24 22:54:08.628 INF API: test started suite=0 test=103 name="interop/call-tree-stateDiff (besu_release)"
Sep 24 22:54:08.643 INF API: test ended suite=0 test=103 pass=false
Sep 24 22:54:08.644 INF API: test started suite=0 test=104 name="interop/call-tree-trace-priced (besu_release)"
Sep 24 22:54:08.651 INF API: test ended suite=0 test=104 pass=false
Sep 24 22:54:08.652 INF API: test started suite=0 test=105 name="interop/call-tree-trace (besu_release)"
Sep 24 22:54:08.661 INF API: test ended suite=0 test=105 pass=false
Sep 24 22:54:08.662 INF API: test started suite=0 test=106 name="interop/call-tree-vmTrace-priced (besu_release)"
Sep 24 22:54:08.690 INF API: test ended suite=0 test=106 pass=false
Sep 24 22:54:08.691 INF API: test started suite=0 test=107 name="interop/call-tree-vmTrace (besu_release)"
Sep 24 22:54:08.703 INF API: test ended suite=0 test=107 pass=false
Sep 24 22:54:08.704 INF API: test started suite=0 test=108 name="interop/control-chain-id (besu_release)"
Sep 24 22:54:08.707 INF API: test ended suite=0 test=108 pass=false
Sep 24 22:54:08.708 INF API: test started suite=0 test=109 name="interop/control-head (besu_release)"
Sep 24 22:54:08.712 INF API: test ended suite=0 test=109 pass=false
Sep 24 22:54:08.713 INF API: test started suite=0 test=110 name="interop/control-height (besu_release)"
Sep 24 22:54:08.716 INF API: test ended suite=0 test=110 pass=false
Sep 24 22:54:08.717 INF API: test started suite=0 test=111 name="interop/control-sender-nonce (besu_release)"
Sep 24 22:54:08.723 INF API: test ended suite=0 test=111 pass=false
Sep 24 22:54:08.723 INF API: test started suite=0 test=112 name="interop/control-tree-receipt (besu_release)"
Sep 24 22:54:08.727 INF API: test ended suite=0 test=112 pass=false
Sep 24 22:54:08.727 INF API: test started suite=0 test=113 name="interop/control-version (besu_release)"
Sep 24 22:54:08.730 INF API: test ended suite=0 test=113 pass=false
Sep 24 22:54:08.731 INF API: test started suite=0 test=114 name="interop/filter-all (besu_release)"
Sep 24 22:54:08.749 INF API: test ended suite=0 test=114 pass=false
Sep 24 22:54:08.750 INF API: test started suite=0 test=115 name="interop/filter-both (besu_release)"
Sep 24 22:54:08.759 INF API: test ended suite=0 test=115 pass=false
Sep 24 22:54:08.760 INF API: test started suite=0 test=116 name="interop/filter-empty (besu_release)"
Sep 24 22:54:08.769 INF API: test ended suite=0 test=116 pass=false
Sep 24 22:54:08.770 INF API: test started suite=0 test=117 name="interop/filter-from (besu_release)"
Sep 24 22:54:08.778 INF API: test ended suite=0 test=117 pass=false
Sep 24 22:54:08.779 INF API: test started suite=0 test=118 name="interop/filter-intersection (besu_release)"
Sep 24 22:54:08.785 INF API: test ended suite=0 test=118 pass=false
Sep 24 22:54:08.786 INF API: test started suite=0 test=119 name="interop/filter-page (besu_release)"
Sep 24 22:54:08.795 INF API: test ended suite=0 test=119 pass=false
Sep 24 22:54:08.796 INF API: test started suite=0 test=120 name="interop/filter-to (besu_release)"
Sep 24 22:54:08.806 INF API: test ended suite=0 test=120 pass=false
Sep 24 22:54:08.807 INF API: test started suite=0 test=121 name="interop/filter-transfer (besu_release)"
Sep 24 22:54:08.814 INF API: test ended suite=0 test=121 pass=false
Sep 24 22:54:08.815 INF API: test started suite=0 test=122 name="interop/filter-union (besu_release)"
Sep 24 22:54:08.818 INF API: test ended suite=0 test=122 pass=false
Sep 24 22:54:08.819 INF API: test started suite=0 test=123 name="interop/filter-zero (besu_release)"
Sep 24 22:54:10.830 INF API: test ended suite=0 test=123 pass=false
Sep 24 22:54:10.832 INF API: test started suite=0 test=124 name="interop/get-missing-tx (besu_release)"
Sep 24 22:54:10.847 INF API: test ended suite=0 test=124 pass=false
Sep 24 22:54:10.848 INF API: test started suite=0 test=125 name="interop/get-missing (besu_release)"
Sep 24 22:54:10.865 INF API: test ended suite=0 test=125 pass=false
Sep 24 22:54:10.866 INF API: test started suite=0 test=126 name="interop/get-nested (besu_release)"
Sep 24 22:54:10.878 INF API: test ended suite=0 test=126 pass=false
Sep 24 22:54:10.879 INF API: test started suite=0 test=127 name="interop/get-one (besu_release)"
Sep 24 22:54:10.897 INF API: test ended suite=0 test=127 pass=false
Sep 24 22:54:10.898 INF API: test started suite=0 test=128 name="interop/get-root (besu_release)"
Sep 24 22:54:10.921 INF API: test ended suite=0 test=128 pass=false
Sep 24 22:54:10.922 INF API: test started suite=0 test=129 name="interop/get-transfer-root (besu_release)"
Sep 24 22:54:10.938 INF API: test ended suite=0 test=129 pass=false
Sep 24 22:54:10.939 INF API: test started suite=0 test=130 name="interop/get-zero (besu_release)"
Sep 24 22:54:10.957 INF API: test ended suite=0 test=130 pass=false
Sep 24 22:54:10.958 INF API: test started suite=0 test=131 name="interop/raw-invalid (besu_release)"
Sep 24 22:54:10.969 INF API: test ended suite=0 test=131 pass=false
Sep 24 22:54:10.970 INF API: test started suite=0 test=132 name="interop/raw-valid-current-nonce (besu_release)"
Sep 24 22:54:10.990 INF API: test ended suite=0 test=132 pass=false
Sep 24 22:54:10.991 INF API: test started suite=0 test=133 name="interop/raw-valid-default-block (besu_release)"
Sep 24 22:54:11.006 INF API: test ended suite=0 test=133 pass=false
Sep 24 22:54:11.007 INF API: test started suite=0 test=134 name="interop/raw-valid (besu_release)"
Sep 24 22:54:11.012 INF API: test ended suite=0 test=134 pass=false
Sep 24 22:54:11.013 INF API: test started suite=0 test=135 name="interop/replay-7702-stateDiff (besu_release)"
Sep 24 22:54:11.016 INF API: test ended suite=0 test=135 pass=false
Sep 24 22:54:11.017 INF API: test started suite=0 test=136 name="interop/replay-7702-trace (besu_release)"
Sep 24 22:54:11.027 INF API: test ended suite=0 test=136 pass=false
Sep 24 22:54:11.029 INF API: test started suite=0 test=137 name="interop/replay-7702-vmTrace (besu_release)"
Sep 24 22:54:11.032 INF API: test ended suite=0 test=137 pass=false
Sep 24 22:54:11.033 INF API: test started suite=0 test=138 name="interop/replay-block-transfer (besu_release)"
Sep 24 22:54:11.044 INF API: test ended suite=0 test=138 pass=false
Sep 24 22:54:11.045 INF API: test started suite=0 test=139 name="interop/replay-block-tree (besu_release)"
Sep 24 22:54:11.067 INF API: test ended suite=0 test=139 pass=false
Sep 24 22:54:11.068 INF API: test started suite=0 test=140 name="interop/replay-missing (besu_release)"
Sep 24 22:54:11.071 INF API: test ended suite=0 test=140 pass=false
Sep 24 22:54:11.072 INF API: test started suite=0 test=141 name="interop/replay-revert-stateDiff (besu_release)"
Sep 24 22:54:11.076 INF API: test ended suite=0 test=141 pass=false
Sep 24 22:54:11.077 INF API: test started suite=0 test=142 name="interop/replay-revert-trace (besu_release)"
Sep 24 22:54:11.080 INF API: test ended suite=0 test=142 pass=false
Sep 24 22:54:11.081 INF API: test started suite=0 test=143 name="interop/replay-revert-vmTrace (besu_release)"
Sep 24 22:54:11.083 INF API: test ended suite=0 test=143 pass=false
Sep 24 22:54:11.084 INF API: test started suite=0 test=144 name="interop/replay-transfer-stateDiff (besu_release)"
Sep 24 22:54:11.087 INF API: test ended suite=0 test=144 pass=false
Sep 24 22:54:11.088 INF API: test started suite=0 test=145 name="interop/replay-transfer-trace (besu_release)"
Sep 24 22:54:11.090 INF API: test ended suite=0 test=145 pass=false
Sep 24 22:54:11.091 INF API: test started suite=0 test=146 name="interop/replay-transfer-vmTrace (besu_release)"
Sep 24 22:54:11.093 INF API: test ended suite=0 test=146 pass=false
Sep 24 22:54:11.094 INF API: test started suite=0 test=147 name="interop/replay-tree-stateDiff (besu_release)"
Sep 24 22:54:11.097 INF API: test ended suite=0 test=147 pass=false
Sep 24 22:54:11.098 INF API: test started suite=0 test=148 name="interop/replay-tree-trace (besu_release)"
Sep 24 22:54:11.100 INF API: test ended suite=0 test=148 pass=false
Sep 24 22:54:11.101 INF API: test started suite=0 test=149 name="interop/replay-tree-vmTrace (besu_release)"
Sep 24 22:54:11.103 INF API: test ended suite=0 test=149 pass=false
Sep 24 22:54:11.104 INF API: test started suite=0 test=150 name="interop/transaction-7702 (besu_release)"
Sep 24 22:54:11.111 INF API: test ended suite=0 test=150 pass=false
Sep 24 22:54:11.112 INF API: test started suite=0 test=151 name="interop/transaction-missing (besu_release)"
Sep 24 22:54:11.114 INF API: test ended suite=0 test=151 pass=false
Sep 24 22:54:11.115 INF API: test started suite=0 test=152 name="interop/transaction-revert (besu_release)"
Sep 24 22:54:11.121 INF API: test ended suite=0 test=152 pass=false
Sep 24 22:54:11.122 INF API: test started suite=0 test=153 name="interop/transaction-transfer (besu_release)"
Sep 24 22:54:11.126 INF API: test ended suite=0 test=153 pass=false
Sep 24 22:54:11.127 INF API: test started suite=0 test=154 name="interop/transaction-tree (besu_release)"
Sep 24 22:54:11.133 INF API: test ended suite=0 test=154 pass=false
Sep 24 22:54:11.594 INF API: test ended suite=0 test=78 pass=true
Sep 24 22:54:11.595 INF API: test started suite=0 test=155 name="client launch (erigon_development)"
Sep 24 22:54:13.314 INF API: client erigon_development started suite=0 test=155 container=21c64548
Sep 24 22:54:13.326 INF API: test started suite=0 test=156 name="interop/_control/head (erigon_development)"
Sep 24 22:54:13.328 INF API: test ended suite=0 test=156 pass=false
Sep 24 22:54:13.329 INF API: test started suite=0 test=157 name="interop/_control/latest (erigon_development)"
Sep 24 22:54:13.331 INF API: test ended suite=0 test=157 pass=false
Sep 24 22:54:13.331 INF API: test started suite=0 test=158 name="interop/_control/receipt/0x4e0240fe2995f7a21013fbe4af0ad9330daac8c29008e22b7d71b4672357f014 (erigon_development)"
Sep 24 22:54:13.334 INF API: test ended suite=0 test=158 pass=false
Sep 24 22:54:13.334 INF API: test started suite=0 test=159 name="interop/_control/receipt/0x512b5deddff16d21ebba7b730d935b4287dbb839e77eb05b37b34ce5eb229933 (erigon_development)"
Sep 24 22:54:13.336 INF API: test ended suite=0 test=159 pass=false
Sep 24 22:54:13.337 INF API: test started suite=0 test=160 name="interop/_control/receipt/0x55d219e322321525fb6d15c388d730e0f6d0ae119e68163ffcea6d3ee50fa738 (erigon_development)"
Sep 24 22:54:13.339 INF API: test ended suite=0 test=160 pass=false
Sep 24 22:54:13.340 INF API: test started suite=0 test=161 name="interop/_control/receipt/0x827f578f78815feb24e5d992addb5d6d184958aad72d02c213271f4b4ac780ae (erigon_development)"
Sep 24 22:54:13.341 INF API: test ended suite=0 test=161 pass=false
Sep 24 22:54:13.342 INF API: test started suite=0 test=162 name="interop/_control/receipt/0x99a8eb5c9ab03c42137bcb263c525487dac03192bebd5c6762c8511e3b867afe (erigon_development)"
Sep 24 22:54:13.344 INF API: test ended suite=0 test=162 pass=false
Sep 24 22:54:13.345 INF API: test started suite=0 test=163 name="interop/_control/receipt/0x9ec036cb031f2ffa622a8162eef40431fa33684e50217af50d3bbf856f21ca22 (erigon_development)"
Sep 24 22:54:13.346 INF API: test ended suite=0 test=163 pass=false
Sep 24 22:54:13.347 INF API: test started suite=0 test=164 name="interop/_control/receipt/0xb54bc1221b206db9ee0449a716ddde73c1e2d0f72d2e789fcb51230fe851cc8a (erigon_development)"
Sep 24 22:54:13.348 INF API: test ended suite=0 test=164 pass=false
Sep 24 22:54:13.349 INF API: test started suite=0 test=165 name="interop/_control/version (erigon_development)"
Sep 24 22:54:13.350 INF API: test ended suite=0 test=165 pass=false
Sep 24 22:54:13.351 INF API: test started suite=0 test=166 name="interop/block-transfer (erigon_development)"
Sep 24 22:54:13.356 INF API: test ended suite=0 test=166 pass=false
Sep 24 22:54:13.357 INF API: test started suite=0 test=167 name="interop/block-tree (erigon_development)"
Sep 24 22:54:13.360 INF API: test ended suite=0 test=167 pass=false
Sep 24 22:54:13.360 INF API: test started suite=0 test=168 name="interop/call-constructor-priced (erigon_development)"
Sep 24 22:54:13.363 INF API: test ended suite=0 test=168 pass=false
Sep 24 22:54:13.364 INF API: test started suite=0 test=169 name="interop/call-constructor (erigon_development)"
Sep 24 22:54:13.365 INF API: test ended suite=0 test=169 pass=false
Sep 24 22:54:13.366 INF API: test started suite=0 test=170 name="interop/call-empty-types-priced (erigon_development)"
Sep 24 22:54:13.367 INF API: test ended suite=0 test=170 pass=false
Sep 24 22:54:13.368 INF API: test started suite=0 test=171 name="interop/call-empty-types (erigon_development)"
Sep 24 22:54:13.369 INF API: test ended suite=0 test=171 pass=false
Sep 24 22:54:13.370 INF API: test started suite=0 test=172 name="interop/call-identity (erigon_development)"
Sep 24 22:54:13.371 INF API: test ended suite=0 test=172 pass=false
Sep 24 22:54:13.372 INF API: test started suite=0 test=173 name="interop/call-many-priced (erigon_development)"
Sep 24 22:54:13.374 INF API: test ended suite=0 test=173 pass=false
Sep 24 22:54:13.375 INF API: test started suite=0 test=174 name="interop/call-many-transfers (erigon_development)"
Sep 24 22:54:13.378 INF API: test ended suite=0 test=174 pass=false
Sep 24 22:54:13.379 INF API: test started suite=0 test=175 name="interop/call-many (erigon_development)"
Sep 24 22:54:13.380 INF API: test ended suite=0 test=175 pass=false
Sep 24 22:54:13.381 INF API: test started suite=0 test=176 name="interop/call-transfer-stateDiff (erigon_development)"
Sep 24 22:54:13.383 INF API: test ended suite=0 test=176 pass=false
Sep 24 22:54:13.383 INF API: test started suite=0 test=177 name="interop/call-transfer-trace (erigon_development)"
Sep 24 22:54:13.385 INF API: test ended suite=0 test=177 pass=false
Sep 24 22:54:13.386 INF API: test started suite=0 test=178 name="interop/call-transfer-vmTrace (erigon_development)"
Sep 24 22:54:13.387 INF API: test ended suite=0 test=178 pass=false
Sep 24 22:54:13.388 INF API: test started suite=0 test=179 name="interop/call-tree-stateDiff-priced (erigon_development)"
Sep 24 22:54:13.390 INF API: test ended suite=0 test=179 pass=false
Sep 24 22:54:13.391 INF API: test started suite=0 test=180 name="interop/call-tree-stateDiff (erigon_development)"
Sep 24 22:54:13.392 INF API: test ended suite=0 test=180 pass=false
Sep 24 22:54:13.393 INF API: test started suite=0 test=181 name="interop/call-tree-trace-priced (erigon_development)"
Sep 24 22:54:13.396 INF API: test ended suite=0 test=181 pass=false
Sep 24 22:54:13.397 INF API: test started suite=0 test=182 name="interop/call-tree-trace (erigon_development)"
Sep 24 22:54:13.398 INF API: test ended suite=0 test=182 pass=false
Sep 24 22:54:13.398 INF API: test started suite=0 test=183 name="interop/call-tree-vmTrace-priced (erigon_development)"
Sep 24 22:54:13.409 INF API: test ended suite=0 test=183 pass=false
Sep 24 22:54:13.411 INF API: test started suite=0 test=184 name="interop/call-tree-vmTrace (erigon_development)"
Sep 24 22:54:13.413 INF API: test ended suite=0 test=184 pass=false
Sep 24 22:54:13.414 INF API: test started suite=0 test=185 name="interop/control-chain-id (erigon_development)"
Sep 24 22:54:13.416 INF API: test ended suite=0 test=185 pass=false
Sep 24 22:54:13.417 INF API: test started suite=0 test=186 name="interop/control-head (erigon_development)"
Sep 24 22:54:13.418 INF API: test ended suite=0 test=186 pass=false
Sep 24 22:54:13.419 INF API: test started suite=0 test=187 name="interop/control-height (erigon_development)"
Sep 24 22:54:13.420 INF API: test ended suite=0 test=187 pass=false
Sep 24 22:54:13.421 INF API: test started suite=0 test=188 name="interop/control-sender-nonce (erigon_development)"
Sep 24 22:54:13.422 INF API: test ended suite=0 test=188 pass=false
Sep 24 22:54:13.423 INF API: test started suite=0 test=189 name="interop/control-tree-receipt (erigon_development)"
Sep 24 22:54:13.425 INF API: test ended suite=0 test=189 pass=false
Sep 24 22:54:13.426 INF API: test started suite=0 test=190 name="interop/control-version (erigon_development)"
Sep 24 22:54:13.427 INF API: test ended suite=0 test=190 pass=false
Sep 24 22:54:13.427 INF API: test started suite=0 test=191 name="interop/filter-all (erigon_development)"
Sep 24 22:54:13.430 INF API: test ended suite=0 test=191 pass=false
Sep 24 22:54:13.431 INF API: test started suite=0 test=192 name="interop/filter-both (erigon_development)"
Sep 24 22:54:13.435 INF API: test ended suite=0 test=192 pass=false
Sep 24 22:54:13.435 INF API: test started suite=0 test=193 name="interop/filter-empty (erigon_development)"
Sep 24 22:54:13.437 INF API: test ended suite=0 test=193 pass=false
Sep 24 22:54:13.438 INF API: test started suite=0 test=194 name="interop/filter-from (erigon_development)"
Sep 24 22:54:13.441 INF API: test ended suite=0 test=194 pass=false
Sep 24 22:54:13.442 INF API: test started suite=0 test=195 name="interop/filter-intersection (erigon_development)"
Sep 24 22:54:13.445 INF API: test ended suite=0 test=195 pass=false
Sep 24 22:54:13.446 INF API: test started suite=0 test=196 name="interop/filter-page (erigon_development)"
Sep 24 22:54:13.448 INF API: test ended suite=0 test=196 pass=false
Sep 24 22:54:13.449 INF API: test started suite=0 test=197 name="interop/filter-to (erigon_development)"
Sep 24 22:54:13.450 INF API: test ended suite=0 test=197 pass=false
Sep 24 22:54:13.451 INF API: test started suite=0 test=198 name="interop/filter-transfer (erigon_development)"
Sep 24 22:54:13.453 INF API: test ended suite=0 test=198 pass=false
Sep 24 22:54:13.454 INF API: test started suite=0 test=199 name="interop/filter-union (erigon_development)"
Sep 24 22:54:13.456 INF API: test ended suite=0 test=199 pass=false
Sep 24 22:54:13.456 INF API: test started suite=0 test=200 name="interop/filter-zero (erigon_development)"
Sep 24 22:54:13.457 INF API: test ended suite=0 test=200 pass=false
Sep 24 22:54:13.458 INF API: test started suite=0 test=201 name="interop/get-missing-tx (erigon_development)"
Sep 24 22:54:13.459 INF API: test ended suite=0 test=201 pass=false
Sep 24 22:54:13.460 INF API: test started suite=0 test=202 name="interop/get-missing (erigon_development)"
Sep 24 22:54:13.461 INF API: test ended suite=0 test=202 pass=false
Sep 24 22:54:13.462 INF API: test started suite=0 test=203 name="interop/get-nested (erigon_development)"
Sep 24 22:54:13.463 INF API: test ended suite=0 test=203 pass=false
Sep 24 22:54:13.464 INF API: test started suite=0 test=204 name="interop/get-one (erigon_development)"
Sep 24 22:54:13.465 INF API: test ended suite=0 test=204 pass=false
Sep 24 22:54:13.466 INF API: test started suite=0 test=205 name="interop/get-root (erigon_development)"
Sep 24 22:54:13.468 INF API: test ended suite=0 test=205 pass=false
Sep 24 22:54:13.468 INF API: test started suite=0 test=206 name="interop/get-transfer-root (erigon_development)"
Sep 24 22:54:13.470 INF API: test ended suite=0 test=206 pass=false
Sep 24 22:54:13.471 INF API: test started suite=0 test=207 name="interop/get-zero (erigon_development)"
Sep 24 22:54:13.473 INF API: test ended suite=0 test=207 pass=false
Sep 24 22:54:13.474 INF API: test started suite=0 test=208 name="interop/raw-invalid (erigon_development)"
Sep 24 22:54:13.475 INF API: test ended suite=0 test=208 pass=false
Sep 24 22:54:13.475 INF API: test started suite=0 test=209 name="interop/raw-valid-current-nonce (erigon_development)"
Sep 24 22:54:13.477 INF API: test ended suite=0 test=209 pass=false
Sep 24 22:54:13.478 INF API: test started suite=0 test=210 name="interop/raw-valid-default-block (erigon_development)"
Sep 24 22:54:13.479 INF API: test ended suite=0 test=210 pass=false
Sep 24 22:54:13.480 INF API: test started suite=0 test=211 name="interop/raw-valid (erigon_development)"
Sep 24 22:54:13.481 INF API: test ended suite=0 test=211 pass=false
Sep 24 22:54:13.482 INF API: test started suite=0 test=212 name="interop/replay-7702-stateDiff (erigon_development)"
Sep 24 22:54:13.483 INF API: test ended suite=0 test=212 pass=false
Sep 24 22:54:13.484 INF API: test started suite=0 test=213 name="interop/replay-7702-trace (erigon_development)"
Sep 24 22:54:13.486 INF API: test ended suite=0 test=213 pass=false
Sep 24 22:54:13.486 INF API: test started suite=0 test=214 name="interop/replay-7702-vmTrace (erigon_development)"
Sep 24 22:54:13.488 INF API: test ended suite=0 test=214 pass=false
Sep 24 22:54:13.489 INF API: test started suite=0 test=215 name="interop/replay-block-transfer (erigon_development)"
Sep 24 22:54:13.490 INF API: test ended suite=0 test=215 pass=false
Sep 24 22:54:13.491 INF API: test started suite=0 test=216 name="interop/replay-block-tree (erigon_development)"
Sep 24 22:54:13.501 INF API: test ended suite=0 test=216 pass=false
Sep 24 22:54:13.502 INF API: test started suite=0 test=217 name="interop/replay-missing (erigon_development)"
Sep 24 22:54:13.503 INF API: test ended suite=0 test=217 pass=false
Sep 24 22:54:13.504 INF API: test started suite=0 test=218 name="interop/replay-revert-stateDiff (erigon_development)"
Sep 24 22:54:13.507 INF API: test ended suite=0 test=218 pass=false
Sep 24 22:54:13.507 INF API: test started suite=0 test=219 name="interop/replay-revert-trace (erigon_development)"
Sep 24 22:54:13.509 INF API: test ended suite=0 test=219 pass=false
Sep 24 22:54:13.510 INF API: test started suite=0 test=220 name="interop/replay-revert-vmTrace (erigon_development)"
Sep 24 22:54:13.512 INF API: test ended suite=0 test=220 pass=false
Sep 24 22:54:13.513 INF API: test started suite=0 test=221 name="interop/replay-transfer-stateDiff (erigon_development)"
Sep 24 22:54:13.514 INF API: test ended suite=0 test=221 pass=false
Sep 24 22:54:13.515 INF API: test started suite=0 test=222 name="interop/replay-transfer-trace (erigon_development)"
Sep 24 22:54:13.516 INF API: test ended suite=0 test=222 pass=false
Sep 24 22:54:13.517 INF API: test started suite=0 test=223 name="interop/replay-transfer-vmTrace (erigon_development)"
Sep 24 22:54:13.518 INF API: test ended suite=0 test=223 pass=false
Sep 24 22:54:13.519 INF API: test started suite=0 test=224 name="interop/replay-tree-stateDiff (erigon_development)"
Sep 24 22:54:13.521 INF API: test ended suite=0 test=224 pass=false
Sep 24 22:54:13.522 INF API: test started suite=0 test=225 name="interop/replay-tree-trace (erigon_development)"
Sep 24 22:54:13.525 INF API: test ended suite=0 test=225 pass=false
Sep 24 22:54:13.525 INF API: test started suite=0 test=226 name="interop/replay-tree-vmTrace (erigon_development)"
Sep 24 22:54:13.536 INF API: test ended suite=0 test=226 pass=false
Sep 24 22:54:13.537 INF API: test started suite=0 test=227 name="interop/transaction-7702 (erigon_development)"
Sep 24 22:54:13.538 INF API: test ended suite=0 test=227 pass=false
Sep 24 22:54:13.539 INF API: test started suite=0 test=228 name="interop/transaction-missing (erigon_development)"
Sep 24 22:54:13.540 INF API: test ended suite=0 test=228 pass=false
Sep 24 22:54:13.540 INF API: test started suite=0 test=229 name="interop/transaction-revert (erigon_development)"
Sep 24 22:54:13.542 INF API: test ended suite=0 test=229 pass=false
Sep 24 22:54:13.542 INF API: test started suite=0 test=230 name="interop/transaction-transfer (erigon_development)"
Sep 24 22:54:13.543 INF API: test ended suite=0 test=230 pass=false
Sep 24 22:54:13.544 INF API: test started suite=0 test=231 name="interop/transaction-tree (erigon_development)"
Sep 24 22:54:13.546 INF API: test ended suite=0 test=231 pass=false
Sep 24 22:54:13.877 INF API: test ended suite=0 test=155 pass=true
Sep 24 22:54:13.879 INF API: test started suite=0 test=232 name="client launch (erigon_release)"
Sep 24 22:54:16.044 INF API: client erigon_release started suite=0 test=232 container=665dbe08
Sep 24 22:54:16.059 INF API: test started suite=0 test=233 name="interop/_control/head (erigon_release)"
Sep 24 22:54:16.061 INF API: test ended suite=0 test=233 pass=false
Sep 24 22:54:16.062 INF API: test started suite=0 test=234 name="interop/_control/latest (erigon_release)"
Sep 24 22:54:16.063 INF API: test ended suite=0 test=234 pass=false
Sep 24 22:54:16.064 INF API: test started suite=0 test=235 name="interop/_control/receipt/0x4e0240fe2995f7a21013fbe4af0ad9330daac8c29008e22b7d71b4672357f014 (erigon_release)"
Sep 24 22:54:16.067 INF API: test ended suite=0 test=235 pass=false
Sep 24 22:54:16.068 INF API: test started suite=0 test=236 name="interop/_control/receipt/0x512b5deddff16d21ebba7b730d935b4287dbb839e77eb05b37b34ce5eb229933 (erigon_release)"
Sep 24 22:54:16.069 INF API: test ended suite=0 test=236 pass=false
Sep 24 22:54:16.070 INF API: test started suite=0 test=237 name="interop/_control/receipt/0x55d219e322321525fb6d15c388d730e0f6d0ae119e68163ffcea6d3ee50fa738 (erigon_release)"
Sep 24 22:54:16.072 INF API: test ended suite=0 test=237 pass=false
Sep 24 22:54:16.072 INF API: test started suite=0 test=238 name="interop/_control/receipt/0x827f578f78815feb24e5d992addb5d6d184958aad72d02c213271f4b4ac780ae (erigon_release)"
Sep 24 22:54:16.074 INF API: test ended suite=0 test=238 pass=false
Sep 24 22:54:16.074 INF API: test started suite=0 test=239 name="interop/_control/receipt/0x99a8eb5c9ab03c42137bcb263c525487dac03192bebd5c6762c8511e3b867afe (erigon_release)"
Sep 24 22:54:16.076 INF API: test ended suite=0 test=239 pass=false
Sep 24 22:54:16.076 INF API: test started suite=0 test=240 name="interop/_control/receipt/0x9ec036cb031f2ffa622a8162eef40431fa33684e50217af50d3bbf856f21ca22 (erigon_release)"
Sep 24 22:54:16.078 INF API: test ended suite=0 test=240 pass=false
Sep 24 22:54:16.078 INF API: test started suite=0 test=241 name="interop/_control/receipt/0xb54bc1221b206db9ee0449a716ddde73c1e2d0f72d2e789fcb51230fe851cc8a (erigon_release)"
Sep 24 22:54:16.080 INF API: test ended suite=0 test=241 pass=false
Sep 24 22:54:16.081 INF API: test started suite=0 test=242 name="interop/_control/version (erigon_release)"
Sep 24 22:54:16.082 INF API: test ended suite=0 test=242 pass=false
Sep 24 22:54:16.083 INF API: test started suite=0 test=243 name="interop/block-transfer (erigon_release)"
Sep 24 22:54:16.089 INF API: test ended suite=0 test=243 pass=false
Sep 24 22:54:16.090 INF API: test started suite=0 test=244 name="interop/block-tree (erigon_release)"
Sep 24 22:54:16.092 INF API: test ended suite=0 test=244 pass=false
Sep 24 22:54:16.093 INF API: test started suite=0 test=245 name="interop/call-constructor-priced (erigon_release)"
Sep 24 22:54:16.096 INF API: test ended suite=0 test=245 pass=false
Sep 24 22:54:16.096 INF API: test started suite=0 test=246 name="interop/call-constructor (erigon_release)"
Sep 24 22:54:16.097 INF API: test ended suite=0 test=246 pass=false
Sep 24 22:54:16.098 INF API: test started suite=0 test=247 name="interop/call-empty-types-priced (erigon_release)"
Sep 24 22:54:16.101 INF API: test ended suite=0 test=247 pass=false
Sep 24 22:54:16.102 INF API: test started suite=0 test=248 name="interop/call-empty-types (erigon_release)"
Sep 24 22:54:16.104 INF API: test ended suite=0 test=248 pass=false
Sep 24 22:54:16.105 INF API: test started suite=0 test=249 name="interop/call-identity (erigon_release)"
Sep 24 22:54:16.106 INF API: test ended suite=0 test=249 pass=false
Sep 24 22:54:16.106 INF API: test started suite=0 test=250 name="interop/call-many-priced (erigon_release)"
Sep 24 22:54:16.109 INF API: test ended suite=0 test=250 pass=false
Sep 24 22:54:16.109 INF API: test started suite=0 test=251 name="interop/call-many-transfers (erigon_release)"
Sep 24 22:54:16.110 INF API: test ended suite=0 test=251 pass=false
Sep 24 22:54:16.111 INF API: test started suite=0 test=252 name="interop/call-many (erigon_release)"
Sep 24 22:54:16.112 INF API: test ended suite=0 test=252 pass=false
Sep 24 22:54:16.113 INF API: test started suite=0 test=253 name="interop/call-transfer-stateDiff (erigon_release)"
Sep 24 22:54:16.114 INF API: test ended suite=0 test=253 pass=false
Sep 24 22:54:16.115 INF API: test started suite=0 test=254 name="interop/call-transfer-trace (erigon_release)"
Sep 24 22:54:16.116 INF API: test ended suite=0 test=254 pass=false
Sep 24 22:54:16.117 INF API: test started suite=0 test=255 name="interop/call-transfer-vmTrace (erigon_release)"
Sep 24 22:54:16.118 INF API: test ended suite=0 test=255 pass=false
Sep 24 22:54:16.119 INF API: test started suite=0 test=256 name="interop/call-tree-stateDiff-priced (erigon_release)"
Sep 24 22:54:16.121 INF API: test ended suite=0 test=256 pass=false
Sep 24 22:54:16.121 INF API: test started suite=0 test=257 name="interop/call-tree-stateDiff (erigon_release)"
Sep 24 22:54:16.123 INF API: test ended suite=0 test=257 pass=false
Sep 24 22:54:16.124 INF API: test started suite=0 test=258 name="interop/call-tree-trace-priced (erigon_release)"
Sep 24 22:54:16.126 INF API: test ended suite=0 test=258 pass=false
Sep 24 22:54:16.127 INF API: test started suite=0 test=259 name="interop/call-tree-trace (erigon_release)"
Sep 24 22:54:16.128 INF API: test ended suite=0 test=259 pass=false
Sep 24 22:54:16.129 INF API: test started suite=0 test=260 name="interop/call-tree-vmTrace-priced (erigon_release)"
Sep 24 22:54:16.137 INF API: test ended suite=0 test=260 pass=false
Sep 24 22:54:16.139 INF API: test started suite=0 test=261 name="interop/call-tree-vmTrace (erigon_release)"
Sep 24 22:54:16.140 INF API: test ended suite=0 test=261 pass=false
Sep 24 22:54:16.141 INF API: test started suite=0 test=262 name="interop/control-chain-id (erigon_release)"
Sep 24 22:54:16.142 INF API: test ended suite=0 test=262 pass=false
Sep 24 22:54:16.143 INF API: test started suite=0 test=263 name="interop/control-head (erigon_release)"
Sep 24 22:54:16.144 INF API: test ended suite=0 test=263 pass=false
Sep 24 22:54:16.145 INF API: test started suite=0 test=264 name="interop/control-height (erigon_release)"
Sep 24 22:54:16.146 INF API: test ended suite=0 test=264 pass=false
Sep 24 22:54:16.146 INF API: test started suite=0 test=265 name="interop/control-sender-nonce (erigon_release)"
Sep 24 22:54:16.148 INF API: test ended suite=0 test=265 pass=false
Sep 24 22:54:16.148 INF API: test started suite=0 test=266 name="interop/control-tree-receipt (erigon_release)"
Sep 24 22:54:16.150 INF API: test ended suite=0 test=266 pass=false
Sep 24 22:54:16.151 INF API: test started suite=0 test=267 name="interop/control-version (erigon_release)"
Sep 24 22:54:16.152 INF API: test ended suite=0 test=267 pass=false
Sep 24 22:54:16.152 INF API: test started suite=0 test=268 name="interop/filter-all (erigon_release)"
Sep 24 22:54:16.156 INF API: test ended suite=0 test=268 pass=false
Sep 24 22:54:16.157 INF API: test started suite=0 test=269 name="interop/filter-both (erigon_release)"
Sep 24 22:54:16.161 INF API: test ended suite=0 test=269 pass=false
Sep 24 22:54:16.161 INF API: test started suite=0 test=270 name="interop/filter-empty (erigon_release)"
Sep 24 22:54:16.164 INF API: test ended suite=0 test=270 pass=false
Sep 24 22:54:16.165 INF API: test started suite=0 test=271 name="interop/filter-from (erigon_release)"
Sep 24 22:54:16.167 INF API: test ended suite=0 test=271 pass=false
Sep 24 22:54:16.168 INF API: test started suite=0 test=272 name="interop/filter-intersection (erigon_release)"
Sep 24 22:54:16.170 INF API: test ended suite=0 test=272 pass=false
Sep 24 22:54:16.171 INF API: test started suite=0 test=273 name="interop/filter-page (erigon_release)"
Sep 24 22:54:16.173 INF API: test ended suite=0 test=273 pass=false
Sep 24 22:54:16.174 INF API: test started suite=0 test=274 name="interop/filter-to (erigon_release)"
Sep 24 22:54:16.176 INF API: test ended suite=0 test=274 pass=false
Sep 24 22:54:16.177 INF API: test started suite=0 test=275 name="interop/filter-transfer (erigon_release)"
Sep 24 22:54:16.180 INF API: test ended suite=0 test=275 pass=false
Sep 24 22:54:16.180 INF API: test started suite=0 test=276 name="interop/filter-union (erigon_release)"
Sep 24 22:54:16.184 INF API: test ended suite=0 test=276 pass=false
Sep 24 22:54:16.185 INF API: test started suite=0 test=277 name="interop/filter-zero (erigon_release)"
Sep 24 22:54:16.188 INF API: test ended suite=0 test=277 pass=false
Sep 24 22:54:16.189 INF API: test started suite=0 test=278 name="interop/get-missing-tx (erigon_release)"
Sep 24 22:54:16.190 INF API: test ended suite=0 test=278 pass=false
Sep 24 22:54:16.190 INF API: test started suite=0 test=279 name="interop/get-missing (erigon_release)"
Sep 24 22:54:16.192 INF API: test ended suite=0 test=279 pass=false
Sep 24 22:54:16.193 INF API: test started suite=0 test=280 name="interop/get-nested (erigon_release)"
Sep 24 22:54:16.194 INF API: test ended suite=0 test=280 pass=false
Sep 24 22:54:16.194 INF API: test started suite=0 test=281 name="interop/get-one (erigon_release)"
Sep 24 22:54:16.196 INF API: test ended suite=0 test=281 pass=false
Sep 24 22:54:16.197 INF API: test started suite=0 test=282 name="interop/get-root (erigon_release)"
Sep 24 22:54:16.199 INF API: test ended suite=0 test=282 pass=false
Sep 24 22:54:16.200 INF API: test started suite=0 test=283 name="interop/get-transfer-root (erigon_release)"
Sep 24 22:54:16.202 INF API: test ended suite=0 test=283 pass=false
Sep 24 22:54:16.202 INF API: test started suite=0 test=284 name="interop/get-zero (erigon_release)"
Sep 24 22:54:16.204 INF API: test ended suite=0 test=284 pass=false
Sep 24 22:54:16.205 INF API: test started suite=0 test=285 name="interop/raw-invalid (erigon_release)"
Sep 24 22:54:16.206 INF API: test ended suite=0 test=285 pass=false
Sep 24 22:54:16.207 INF API: test started suite=0 test=286 name="interop/raw-valid-current-nonce (erigon_release)"
Sep 24 22:54:16.209 INF API: test ended suite=0 test=286 pass=false
Sep 24 22:54:16.209 INF API: test started suite=0 test=287 name="interop/raw-valid-default-block (erigon_release)"
Sep 24 22:54:16.211 INF API: test ended suite=0 test=287 pass=false
Sep 24 22:54:16.211 INF API: test started suite=0 test=288 name="interop/raw-valid (erigon_release)"
Sep 24 22:54:16.213 INF API: test ended suite=0 test=288 pass=false
Sep 24 22:54:16.213 INF API: test started suite=0 test=289 name="interop/replay-7702-stateDiff (erigon_release)"
Sep 24 22:54:16.216 INF API: test ended suite=0 test=289 pass=false
Sep 24 22:54:16.216 INF API: test started suite=0 test=290 name="interop/replay-7702-trace (erigon_release)"
Sep 24 22:54:16.218 INF API: test ended suite=0 test=290 pass=false
Sep 24 22:54:16.219 INF API: test started suite=0 test=291 name="interop/replay-7702-vmTrace (erigon_release)"
Sep 24 22:54:16.220 INF API: test ended suite=0 test=291 pass=false
Sep 24 22:54:16.221 INF API: test started suite=0 test=292 name="interop/replay-block-transfer (erigon_release)"
Sep 24 22:54:16.222 INF API: test ended suite=0 test=292 pass=false
Sep 24 22:54:16.223 INF API: test started suite=0 test=293 name="interop/replay-block-tree (erigon_release)"
Sep 24 22:54:16.235 INF API: test ended suite=0 test=293 pass=false
Sep 24 22:54:16.236 INF API: test started suite=0 test=294 name="interop/replay-missing (erigon_release)"
Sep 24 22:54:16.237 INF API: test ended suite=0 test=294 pass=false
Sep 24 22:54:16.238 INF API: test started suite=0 test=295 name="interop/replay-revert-stateDiff (erigon_release)"
Sep 24 22:54:16.239 INF API: test ended suite=0 test=295 pass=false
Sep 24 22:54:16.240 INF API: test started suite=0 test=296 name="interop/replay-revert-trace (erigon_release)"
Sep 24 22:54:16.241 INF API: test ended suite=0 test=296 pass=false
Sep 24 22:54:16.242 INF API: test started suite=0 test=297 name="interop/replay-revert-vmTrace (erigon_release)"
Sep 24 22:54:16.244 INF API: test ended suite=0 test=297 pass=false
Sep 24 22:54:16.244 INF API: test started suite=0 test=298 name="interop/replay-transfer-stateDiff (erigon_release)"
Sep 24 22:54:16.246 INF API: test ended suite=0 test=298 pass=false
Sep 24 22:54:16.247 INF API: test started suite=0 test=299 name="interop/replay-transfer-trace (erigon_release)"
Sep 24 22:54:16.248 INF API: test ended suite=0 test=299 pass=false
Sep 24 22:54:16.249 INF API: test started suite=0 test=300 name="interop/replay-transfer-vmTrace (erigon_release)"
Sep 24 22:54:16.250 INF API: test ended suite=0 test=300 pass=false
Sep 24 22:54:16.251 INF API: test started suite=0 test=301 name="interop/replay-tree-stateDiff (erigon_release)"
Sep 24 22:54:16.253 INF API: test ended suite=0 test=301 pass=false
Sep 24 22:54:16.253 INF API: test started suite=0 test=302 name="interop/replay-tree-trace (erigon_release)"
Sep 24 22:54:16.256 INF API: test ended suite=0 test=302 pass=false
Sep 24 22:54:16.256 INF API: test started suite=0 test=303 name="interop/replay-tree-vmTrace (erigon_release)"
Sep 24 22:54:16.265 INF API: test ended suite=0 test=303 pass=false
Sep 24 22:54:16.266 INF API: test started suite=0 test=304 name="interop/transaction-7702 (erigon_release)"
Sep 24 22:54:16.268 INF API: test ended suite=0 test=304 pass=false
Sep 24 22:54:16.268 INF API: test started suite=0 test=305 name="interop/transaction-missing (erigon_release)"
Sep 24 22:54:16.269 INF API: test ended suite=0 test=305 pass=false
Sep 24 22:54:16.270 INF API: test started suite=0 test=306 name="interop/transaction-revert (erigon_release)"
Sep 24 22:54:16.272 INF API: test ended suite=0 test=306 pass=false
Sep 24 22:54:16.272 INF API: test started suite=0 test=307 name="interop/transaction-transfer (erigon_release)"
Sep 24 22:54:16.273 INF API: test ended suite=0 test=307 pass=false
Sep 24 22:54:16.274 INF API: test started suite=0 test=308 name="interop/transaction-tree (erigon_release)"
Sep 24 22:54:16.276 INF API: test ended suite=0 test=308 pass=false
Sep 24 22:54:16.582 INF API: test ended suite=0 test=232 pass=true
Sep 24 22:54:16.583 INF API: test started suite=0 test=309 name="client launch (go-ethereum_trace)"
Sep 24 22:54:18.812 INF API: client go-ethereum_trace started suite=0 test=309 container=ef9e3842
Sep 24 22:54:18.828 INF API: test started suite=0 test=310 name="interop/_control/head (go-ethereum_trace)"
Sep 24 22:54:18.830 INF API: test ended suite=0 test=310 pass=false
Sep 24 22:54:18.831 INF API: test started suite=0 test=311 name="interop/_control/latest (go-ethereum_trace)"
Sep 24 22:54:18.833 INF API: test ended suite=0 test=311 pass=false
Sep 24 22:54:18.833 INF API: test started suite=0 test=312 name="interop/_control/receipt/0x4e0240fe2995f7a21013fbe4af0ad9330daac8c29008e22b7d71b4672357f014 (go-ethereum_trace)"
Sep 24 22:54:18.835 INF API: test ended suite=0 test=312 pass=false
Sep 24 22:54:18.836 INF API: test started suite=0 test=313 name="interop/_control/receipt/0x512b5deddff16d21ebba7b730d935b4287dbb839e77eb05b37b34ce5eb229933 (go-ethereum_trace)"
Sep 24 22:54:18.837 INF API: test ended suite=0 test=313 pass=false
Sep 24 22:54:18.837 INF API: test started suite=0 test=314 name="interop/_control/receipt/0x55d219e322321525fb6d15c388d730e0f6d0ae119e68163ffcea6d3ee50fa738 (go-ethereum_trace)"
Sep 24 22:54:18.841 INF API: test ended suite=0 test=314 pass=false
Sep 24 22:54:18.842 INF API: test started suite=0 test=315 name="interop/_control/receipt/0x827f578f78815feb24e5d992addb5d6d184958aad72d02c213271f4b4ac780ae (go-ethereum_trace)"
Sep 24 22:54:18.844 INF API: test ended suite=0 test=315 pass=false
Sep 24 22:54:18.845 INF API: test started suite=0 test=316 name="interop/_control/receipt/0x99a8eb5c9ab03c42137bcb263c525487dac03192bebd5c6762c8511e3b867afe (go-ethereum_trace)"
Sep 24 22:54:18.846 INF API: test ended suite=0 test=316 pass=false
Sep 24 22:54:18.847 INF API: test started suite=0 test=317 name="interop/_control/receipt/0x9ec036cb031f2ffa622a8162eef40431fa33684e50217af50d3bbf856f21ca22 (go-ethereum_trace)"
Sep 24 22:54:18.849 INF API: test ended suite=0 test=317 pass=false
Sep 24 22:54:18.849 INF API: test started suite=0 test=318 name="interop/_control/receipt/0xb54bc1221b206db9ee0449a716ddde73c1e2d0f72d2e789fcb51230fe851cc8a (go-ethereum_trace)"
Sep 24 22:54:18.852 INF API: test ended suite=0 test=318 pass=false
Sep 24 22:54:18.852 INF API: test started suite=0 test=319 name="interop/_control/version (go-ethereum_trace)"
Sep 24 22:54:18.853 INF API: test ended suite=0 test=319 pass=false
Sep 24 22:54:18.854 INF API: test started suite=0 test=320 name="interop/block-transfer (go-ethereum_trace)"
Sep 24 22:54:18.858 INF API: test ended suite=0 test=320 pass=false
Sep 24 22:54:18.859 INF API: test started suite=0 test=321 name="interop/block-tree (go-ethereum_trace)"
Sep 24 22:54:18.864 INF API: test ended suite=0 test=321 pass=false
Sep 24 22:54:18.865 INF API: test started suite=0 test=322 name="interop/call-constructor-priced (go-ethereum_trace)"
Sep 24 22:54:18.867 INF API: test ended suite=0 test=322 pass=false
Sep 24 22:54:18.868 INF API: test started suite=0 test=323 name="interop/call-constructor (go-ethereum_trace)"
Sep 24 22:54:18.870 INF API: test ended suite=0 test=323 pass=false
Sep 24 22:54:18.871 INF API: test started suite=0 test=324 name="interop/call-empty-types-priced (go-ethereum_trace)"
Sep 24 22:54:18.873 INF API: test ended suite=0 test=324 pass=false
Sep 24 22:54:18.874 INF API: test started suite=0 test=325 name="interop/call-empty-types (go-ethereum_trace)"
Sep 24 22:54:18.875 INF API: test ended suite=0 test=325 pass=false
Sep 24 22:54:18.876 INF API: test started suite=0 test=326 name="interop/call-identity (go-ethereum_trace)"
Sep 24 22:54:18.879 INF API: test ended suite=0 test=326 pass=false
Sep 24 22:54:18.879 INF API: test started suite=0 test=327 name="interop/call-many-priced (go-ethereum_trace)"
Sep 24 22:54:18.882 INF API: test ended suite=0 test=327 pass=false
Sep 24 22:54:18.883 INF API: test started suite=0 test=328 name="interop/call-many-transfers (go-ethereum_trace)"
Sep 24 22:54:18.885 INF API: test ended suite=0 test=328 pass=false
Sep 24 22:54:18.885 INF API: test started suite=0 test=329 name="interop/call-many (go-ethereum_trace)"
Sep 24 22:54:18.887 INF API: test ended suite=0 test=329 pass=false
Sep 24 22:54:18.888 INF API: test started suite=0 test=330 name="interop/call-transfer-stateDiff (go-ethereum_trace)"
Sep 24 22:54:18.890 INF API: test ended suite=0 test=330 pass=false
Sep 24 22:54:18.890 INF API: test started suite=0 test=331 name="interop/call-transfer-trace (go-ethereum_trace)"
Sep 24 22:54:18.892 INF API: test ended suite=0 test=331 pass=false
Sep 24 22:54:18.892 INF API: test started suite=0 test=332 name="interop/call-transfer-vmTrace (go-ethereum_trace)"
Sep 24 22:54:18.894 INF API: test ended suite=0 test=332 pass=false
Sep 24 22:54:18.895 INF API: test started suite=0 test=333 name="interop/call-tree-stateDiff-priced (go-ethereum_trace)"
Sep 24 22:54:18.897 INF API: test ended suite=0 test=333 pass=false
Sep 24 22:54:18.897 INF API: test started suite=0 test=334 name="interop/call-tree-stateDiff (go-ethereum_trace)"
Sep 24 22:54:18.902 INF API: test ended suite=0 test=334 pass=false
Sep 24 22:54:18.903 INF API: test started suite=0 test=335 name="interop/call-tree-trace-priced (go-ethereum_trace)"
Sep 24 22:54:18.906 INF API: test ended suite=0 test=335 pass=false
Sep 24 22:54:18.907 INF API: test started suite=0 test=336 name="interop/call-tree-trace (go-ethereum_trace)"
Sep 24 22:54:18.909 INF API: test ended suite=0 test=336 pass=false
Sep 24 22:54:18.910 INF API: test started suite=0 test=337 name="interop/call-tree-vmTrace-priced (go-ethereum_trace)"
Sep 24 22:54:18.920 INF API: test ended suite=0 test=337 pass=false
Sep 24 22:54:18.921 INF API: test started suite=0 test=338 name="interop/call-tree-vmTrace (go-ethereum_trace)"
Sep 24 22:54:18.929 INF API: test ended suite=0 test=338 pass=false
Sep 24 22:54:18.930 INF API: test started suite=0 test=339 name="interop/control-chain-id (go-ethereum_trace)"
Sep 24 22:54:18.931 INF API: test ended suite=0 test=339 pass=false
Sep 24 22:54:18.931 INF API: test started suite=0 test=340 name="interop/control-head (go-ethereum_trace)"
Sep 24 22:54:18.933 INF API: test ended suite=0 test=340 pass=false
Sep 24 22:54:18.934 INF API: test started suite=0 test=341 name="interop/control-height (go-ethereum_trace)"
Sep 24 22:54:18.935 INF API: test ended suite=0 test=341 pass=false
Sep 24 22:54:18.935 INF API: test started suite=0 test=342 name="interop/control-sender-nonce (go-ethereum_trace)"
Sep 24 22:54:18.937 INF API: test ended suite=0 test=342 pass=false
Sep 24 22:54:18.937 INF API: test started suite=0 test=343 name="interop/control-tree-receipt (go-ethereum_trace)"
Sep 24 22:54:18.939 INF API: test ended suite=0 test=343 pass=false
Sep 24 22:54:18.940 INF API: test started suite=0 test=344 name="interop/control-version (go-ethereum_trace)"
Sep 24 22:54:18.941 INF API: test ended suite=0 test=344 pass=false
Sep 24 22:54:18.942 INF API: test started suite=0 test=345 name="interop/filter-all (go-ethereum_trace)"
Sep 24 22:54:18.946 INF API: test ended suite=0 test=345 pass=false
Sep 24 22:54:18.946 INF API: test started suite=0 test=346 name="interop/filter-both (go-ethereum_trace)"
Sep 24 22:54:18.948 INF API: test ended suite=0 test=346 pass=false
Sep 24 22:54:18.949 INF API: test started suite=0 test=347 name="interop/filter-empty (go-ethereum_trace)"
Sep 24 22:54:18.953 INF API: test ended suite=0 test=347 pass=false
Sep 24 22:54:18.953 INF API: test started suite=0 test=348 name="interop/filter-from (go-ethereum_trace)"
Sep 24 22:54:18.956 INF API: test ended suite=0 test=348 pass=false
Sep 24 22:54:18.957 INF API: test started suite=0 test=349 name="interop/filter-intersection (go-ethereum_trace)"
Sep 24 22:54:18.960 INF API: test ended suite=0 test=349 pass=false
Sep 24 22:54:18.960 INF API: test started suite=0 test=350 name="interop/filter-page (go-ethereum_trace)"
Sep 24 22:54:18.963 INF API: test ended suite=0 test=350 pass=false
Sep 24 22:54:18.964 INF API: test started suite=0 test=351 name="interop/filter-to (go-ethereum_trace)"
Sep 24 22:54:18.969 INF API: test ended suite=0 test=351 pass=false
Sep 24 22:54:18.970 INF API: test started suite=0 test=352 name="interop/filter-transfer (go-ethereum_trace)"
Sep 24 22:54:18.971 INF API: test ended suite=0 test=352 pass=false
Sep 24 22:54:18.972 INF API: test started suite=0 test=353 name="interop/filter-union (go-ethereum_trace)"
Sep 24 22:54:18.974 INF API: test ended suite=0 test=353 pass=false
Sep 24 22:54:18.975 INF API: test started suite=0 test=354 name="interop/filter-zero (go-ethereum_trace)"
Sep 24 22:54:18.976 INF API: test ended suite=0 test=354 pass=false
Sep 24 22:54:18.976 INF API: test started suite=0 test=355 name="interop/get-missing-tx (go-ethereum_trace)"
Sep 24 22:54:18.977 INF API: test ended suite=0 test=355 pass=false
Sep 24 22:54:18.978 INF API: test started suite=0 test=356 name="interop/get-missing (go-ethereum_trace)"
Sep 24 22:54:18.979 INF API: test ended suite=0 test=356 pass=false
Sep 24 22:54:18.980 INF API: test started suite=0 test=357 name="interop/get-nested (go-ethereum_trace)"
Sep 24 22:54:18.982 INF API: test ended suite=0 test=357 pass=false
Sep 24 22:54:18.983 INF API: test started suite=0 test=358 name="interop/get-one (go-ethereum_trace)"
Sep 24 22:54:18.984 INF API: test ended suite=0 test=358 pass=false
Sep 24 22:54:18.985 INF API: test started suite=0 test=359 name="interop/get-root (go-ethereum_trace)"
Sep 24 22:54:18.987 INF API: test ended suite=0 test=359 pass=false
Sep 24 22:54:18.988 INF API: test started suite=0 test=360 name="interop/get-transfer-root (go-ethereum_trace)"
Sep 24 22:54:18.989 INF API: test ended suite=0 test=360 pass=false
Sep 24 22:54:18.990 INF API: test started suite=0 test=361 name="interop/get-zero (go-ethereum_trace)"
Sep 24 22:54:18.991 INF API: test ended suite=0 test=361 pass=false
Sep 24 22:54:18.992 INF API: test started suite=0 test=362 name="interop/raw-invalid (go-ethereum_trace)"
Sep 24 22:54:18.999 INF API: test ended suite=0 test=362 pass=false
Sep 24 22:54:19.000 INF API: test started suite=0 test=363 name="interop/raw-valid-current-nonce (go-ethereum_trace)"
Sep 24 22:54:19.003 INF API: test ended suite=0 test=363 pass=false
Sep 24 22:54:19.003 INF API: test started suite=0 test=364 name="interop/raw-valid-default-block (go-ethereum_trace)"
Sep 24 22:54:19.011 INF API: test ended suite=0 test=364 pass=false
Sep 24 22:54:19.012 INF API: test started suite=0 test=365 name="interop/raw-valid (go-ethereum_trace)"
Sep 24 22:54:19.027 INF API: test ended suite=0 test=365 pass=false
Sep 24 22:54:19.028 INF API: test started suite=0 test=366 name="interop/replay-7702-stateDiff (go-ethereum_trace)"
Sep 24 22:54:19.030 INF API: test ended suite=0 test=366 pass=false
Sep 24 22:54:19.031 INF API: test started suite=0 test=367 name="interop/replay-7702-trace (go-ethereum_trace)"
Sep 24 22:54:19.034 INF API: test ended suite=0 test=367 pass=false
Sep 24 22:54:19.034 INF API: test started suite=0 test=368 name="interop/replay-7702-vmTrace (go-ethereum_trace)"
Sep 24 22:54:19.037 INF API: test ended suite=0 test=368 pass=false
Sep 24 22:54:19.038 INF API: test started suite=0 test=369 name="interop/replay-block-transfer (go-ethereum_trace)"
Sep 24 22:54:19.039 INF API: test ended suite=0 test=369 pass=false
Sep 24 22:54:19.040 INF API: test started suite=0 test=370 name="interop/replay-block-tree (go-ethereum_trace)"
Sep 24 22:54:19.048 INF API: test ended suite=0 test=370 pass=false
Sep 24 22:54:19.049 INF API: test started suite=0 test=371 name="interop/replay-missing (go-ethereum_trace)"
Sep 24 22:54:19.050 INF API: test ended suite=0 test=371 pass=false
Sep 24 22:54:19.050 INF API: test started suite=0 test=372 name="interop/replay-revert-stateDiff (go-ethereum_trace)"
Sep 24 22:54:19.052 INF API: test ended suite=0 test=372 pass=false
Sep 24 22:54:19.053 INF API: test started suite=0 test=373 name="interop/replay-revert-trace (go-ethereum_trace)"
Sep 24 22:54:19.054 INF API: test ended suite=0 test=373 pass=false
Sep 24 22:54:19.055 INF API: test started suite=0 test=374 name="interop/replay-revert-vmTrace (go-ethereum_trace)"
Sep 24 22:54:19.057 INF API: test ended suite=0 test=374 pass=false
Sep 24 22:54:19.058 INF API: test started suite=0 test=375 name="interop/replay-transfer-stateDiff (go-ethereum_trace)"
Sep 24 22:54:19.060 INF API: test ended suite=0 test=375 pass=false
Sep 24 22:54:19.061 INF API: test started suite=0 test=376 name="interop/replay-transfer-trace (go-ethereum_trace)"
Sep 24 22:54:19.062 INF API: test ended suite=0 test=376 pass=false
Sep 24 22:54:19.063 INF API: test started suite=0 test=377 name="interop/replay-transfer-vmTrace (go-ethereum_trace)"
Sep 24 22:54:19.064 INF API: test ended suite=0 test=377 pass=false
Sep 24 22:54:19.065 INF API: test started suite=0 test=378 name="interop/replay-tree-stateDiff (go-ethereum_trace)"
Sep 24 22:54:19.067 INF API: test ended suite=0 test=378 pass=false
Sep 24 22:54:19.068 INF API: test started suite=0 test=379 name="interop/replay-tree-trace (go-ethereum_trace)"
Sep 24 22:54:19.071 INF API: test ended suite=0 test=379 pass=false
Sep 24 22:54:19.072 INF API: test started suite=0 test=380 name="interop/replay-tree-vmTrace (go-ethereum_trace)"
Sep 24 22:54:19.080 INF API: test ended suite=0 test=380 pass=false
Sep 24 22:54:19.081 INF API: test started suite=0 test=381 name="interop/transaction-7702 (go-ethereum_trace)"
Sep 24 22:54:19.084 INF API: test ended suite=0 test=381 pass=false
Sep 24 22:54:19.085 INF API: test started suite=0 test=382 name="interop/transaction-missing (go-ethereum_trace)"
Sep 24 22:54:19.087 INF API: test ended suite=0 test=382 pass=false
Sep 24 22:54:19.088 INF API: test started suite=0 test=383 name="interop/transaction-revert (go-ethereum_trace)"
Sep 24 22:54:19.089 INF API: test ended suite=0 test=383 pass=false
Sep 24 22:54:19.090 INF API: test started suite=0 test=384 name="interop/transaction-transfer (go-ethereum_trace)"
Sep 24 22:54:19.094 INF API: test ended suite=0 test=384 pass=false
Sep 24 22:54:19.095 INF API: test started suite=0 test=385 name="interop/transaction-tree (go-ethereum_trace)"
Sep 24 22:54:19.097 INF API: test ended suite=0 test=385 pass=false
Sep 24 22:54:19.425 INF API: test ended suite=0 test=309 pass=true
Sep 24 22:54:19.426 INF API: test started suite=0 test=386 name="client launch (nethermind_development)"
Sep 24 22:54:27.869 INF API: client nethermind_development started suite=0 test=386 container=4aa15dd4
Sep 24 22:54:28.019 INF API: test started suite=0 test=387 name="interop/_control/head (nethermind_development)"
Sep 24 22:54:28.035 INF API: test ended suite=0 test=387 pass=false
Sep 24 22:54:28.035 INF API: test started suite=0 test=388 name="interop/_control/latest (nethermind_development)"
Sep 24 22:54:28.037 INF API: test ended suite=0 test=388 pass=false
Sep 24 22:54:28.038 INF API: test started suite=0 test=389 name="interop/_control/receipt/0x4e0240fe2995f7a21013fbe4af0ad9330daac8c29008e22b7d71b4672357f014 (nethermind_development)"
Sep 24 22:54:28.059 INF API: test ended suite=0 test=389 pass=false
Sep 24 22:54:28.060 INF API: test started suite=0 test=390 name="interop/_control/receipt/0x512b5deddff16d21ebba7b730d935b4287dbb839e77eb05b37b34ce5eb229933 (nethermind_development)"
Sep 24 22:54:28.062 INF API: test ended suite=0 test=390 pass=false
Sep 24 22:54:28.062 INF API: test started suite=0 test=391 name="interop/_control/receipt/0x55d219e322321525fb6d15c388d730e0f6d0ae119e68163ffcea6d3ee50fa738 (nethermind_development)"
Sep 24 22:54:28.067 INF API: test ended suite=0 test=391 pass=false
Sep 24 22:54:28.067 INF API: test started suite=0 test=392 name="interop/_control/receipt/0x827f578f78815feb24e5d992addb5d6d184958aad72d02c213271f4b4ac780ae (nethermind_development)"
Sep 24 22:54:28.069 INF API: test ended suite=0 test=392 pass=false
Sep 24 22:54:28.069 INF API: test started suite=0 test=393 name="interop/_control/receipt/0x99a8eb5c9ab03c42137bcb263c525487dac03192bebd5c6762c8511e3b867afe (nethermind_development)"
Sep 24 22:54:28.071 INF API: test ended suite=0 test=393 pass=false
Sep 24 22:54:28.071 INF API: test started suite=0 test=394 name="interop/_control/receipt/0x9ec036cb031f2ffa622a8162eef40431fa33684e50217af50d3bbf856f21ca22 (nethermind_development)"
Sep 24 22:54:28.073 INF API: test ended suite=0 test=394 pass=false
Sep 24 22:54:28.073 INF API: test started suite=0 test=395 name="interop/_control/receipt/0xb54bc1221b206db9ee0449a716ddde73c1e2d0f72d2e789fcb51230fe851cc8a (nethermind_development)"
Sep 24 22:54:28.075 INF API: test ended suite=0 test=395 pass=false
Sep 24 22:54:28.075 INF API: test started suite=0 test=396 name="interop/_control/version (nethermind_development)"
Sep 24 22:54:28.077 INF API: test ended suite=0 test=396 pass=false
Sep 24 22:54:28.078 INF API: test started suite=0 test=397 name="interop/block-transfer (nethermind_development)"
Sep 24 22:54:28.168 INF API: test ended suite=0 test=397 pass=false
Sep 24 22:54:28.169 INF API: test started suite=0 test=398 name="interop/block-tree (nethermind_development)"
Sep 24 22:54:28.181 INF API: test ended suite=0 test=398 pass=false
Sep 24 22:54:28.182 INF API: test started suite=0 test=399 name="interop/call-constructor-priced (nethermind_development)"
Sep 24 22:54:28.266 INF API: test ended suite=0 test=399 pass=false
Sep 24 22:54:28.267 INF API: test started suite=0 test=400 name="interop/call-constructor (nethermind_development)"
Sep 24 22:54:28.271 INF API: test ended suite=0 test=400 pass=false
Sep 24 22:54:28.272 INF API: test started suite=0 test=401 name="interop/call-empty-types-priced (nethermind_development)"
Sep 24 22:54:28.274 INF API: test ended suite=0 test=401 pass=false
Sep 24 22:54:28.275 INF API: test started suite=0 test=402 name="interop/call-empty-types (nethermind_development)"
Sep 24 22:54:28.277 INF API: test ended suite=0 test=402 pass=false
Sep 24 22:54:28.278 INF API: test started suite=0 test=403 name="interop/call-identity (nethermind_development)"
Sep 24 22:54:28.281 INF API: test ended suite=0 test=403 pass=false
Sep 24 22:54:28.282 INF API: test started suite=0 test=404 name="interop/call-many-priced (nethermind_development)"
Sep 24 22:54:28.296 INF API: test ended suite=0 test=404 pass=false
Sep 24 22:54:28.297 INF API: test started suite=0 test=405 name="interop/call-many-transfers (nethermind_development)"
Sep 24 22:54:28.301 INF API: test ended suite=0 test=405 pass=false
Sep 24 22:54:28.302 INF API: test started suite=0 test=406 name="interop/call-many (nethermind_development)"
Sep 24 22:54:28.307 INF API: test ended suite=0 test=406 pass=false
Sep 24 22:54:28.307 INF API: test started suite=0 test=407 name="interop/call-transfer-stateDiff (nethermind_development)"
Sep 24 22:54:28.309 INF API: test ended suite=0 test=407 pass=false
Sep 24 22:54:28.310 INF API: test started suite=0 test=408 name="interop/call-transfer-trace (nethermind_development)"
Sep 24 22:54:28.312 INF API: test ended suite=0 test=408 pass=false
Sep 24 22:54:28.313 INF API: test started suite=0 test=409 name="interop/call-transfer-vmTrace (nethermind_development)"
Sep 24 22:54:28.314 INF API: test ended suite=0 test=409 pass=false
Sep 24 22:54:28.315 INF API: test started suite=0 test=410 name="interop/call-tree-stateDiff-priced (nethermind_development)"
Sep 24 22:54:28.330 INF API: test ended suite=0 test=410 pass=false
Sep 24 22:54:28.330 INF API: test started suite=0 test=411 name="interop/call-tree-stateDiff (nethermind_development)"
Sep 24 22:54:28.333 INF API: test ended suite=0 test=411 pass=false
Sep 24 22:54:28.334 INF API: test started suite=0 test=412 name="interop/call-tree-trace-priced (nethermind_development)"
Sep 24 22:54:28.338 INF API: test ended suite=0 test=412 pass=false
Sep 24 22:54:28.338 INF API: test started suite=0 test=413 name="interop/call-tree-trace (nethermind_development)"
Sep 24 22:54:28.342 INF API: test ended suite=0 test=413 pass=false
Sep 24 22:54:28.342 INF API: test started suite=0 test=414 name="interop/call-tree-vmTrace-priced (nethermind_development)"
Sep 24 22:54:28.501 INF API: test ended suite=0 test=414 pass=false
Sep 24 22:54:28.503 INF API: test started suite=0 test=415 name="interop/call-tree-vmTrace (nethermind_development)"
Sep 24 22:54:28.511 INF API: test ended suite=0 test=415 pass=false
Sep 24 22:54:28.512 INF API: test started suite=0 test=416 name="interop/control-chain-id (nethermind_development)"
Sep 24 22:54:28.515 INF API: test ended suite=0 test=416 pass=false
Sep 24 22:54:28.515 INF API: test started suite=0 test=417 name="interop/control-head (nethermind_development)"
Sep 24 22:54:28.517 INF API: test ended suite=0 test=417 pass=false
Sep 24 22:54:28.517 INF API: test started suite=0 test=418 name="interop/control-height (nethermind_development)"
Sep 24 22:54:28.521 INF API: test ended suite=0 test=418 pass=false
Sep 24 22:54:28.522 INF API: test started suite=0 test=419 name="interop/control-sender-nonce (nethermind_development)"
Sep 24 22:54:28.526 INF API: test ended suite=0 test=419 pass=false
Sep 24 22:54:28.526 INF API: test started suite=0 test=420 name="interop/control-tree-receipt (nethermind_development)"
Sep 24 22:54:28.528 INF API: test ended suite=0 test=420 pass=false
Sep 24 22:54:28.529 INF API: test started suite=0 test=421 name="interop/control-version (nethermind_development)"
Sep 24 22:54:28.530 INF API: test ended suite=0 test=421 pass=false
Sep 24 22:54:28.530 INF API: test started suite=0 test=422 name="interop/filter-all (nethermind_development)"
Sep 24 22:54:28.539 INF API: test ended suite=0 test=422 pass=false
Sep 24 22:54:28.540 INF API: test started suite=0 test=423 name="interop/filter-both (nethermind_development)"
Sep 24 22:54:28.544 INF API: test ended suite=0 test=423 pass=false
Sep 24 22:54:28.545 INF API: test started suite=0 test=424 name="interop/filter-empty (nethermind_development)"
Sep 24 22:54:28.547 INF API: test ended suite=0 test=424 pass=false
Sep 24 22:54:28.548 INF API: test started suite=0 test=425 name="interop/filter-from (nethermind_development)"
Sep 24 22:54:28.551 INF API: test ended suite=0 test=425 pass=false
Sep 24 22:54:28.552 INF API: test started suite=0 test=426 name="interop/filter-intersection (nethermind_development)"
Sep 24 22:54:28.554 INF API: test ended suite=0 test=426 pass=false
Sep 24 22:54:28.555 INF API: test started suite=0 test=427 name="interop/filter-page (nethermind_development)"
Sep 24 22:54:28.559 INF API: test ended suite=0 test=427 pass=false
Sep 24 22:54:28.560 INF API: test started suite=0 test=428 name="interop/filter-to (nethermind_development)"
Sep 24 22:54:28.563 INF API: test ended suite=0 test=428 pass=false
Sep 24 22:54:28.563 INF API: test started suite=0 test=429 name="interop/filter-transfer (nethermind_development)"
Sep 24 22:54:28.565 INF API: test ended suite=0 test=429 pass=false
Sep 24 22:54:28.566 INF API: test started suite=0 test=430 name="interop/filter-union (nethermind_development)"
Sep 24 22:54:28.568 INF API: test ended suite=0 test=430 pass=false
Sep 24 22:54:28.569 INF API: test started suite=0 test=431 name="interop/filter-zero (nethermind_development)"
Sep 24 22:54:28.572 INF API: test ended suite=0 test=431 pass=false
Sep 24 22:54:28.572 INF API: test started suite=0 test=432 name="interop/get-missing-tx (nethermind_development)"
Sep 24 22:54:28.578 INF API: test ended suite=0 test=432 pass=false
Sep 24 22:54:28.583 INF API: test started suite=0 test=433 name="interop/get-missing (nethermind_development)"
Sep 24 22:54:28.594 INF API: test ended suite=0 test=433 pass=false
Sep 24 22:54:28.594 INF API: test started suite=0 test=434 name="interop/get-nested (nethermind_development)"
Sep 24 22:54:28.598 INF API: test ended suite=0 test=434 pass=false
Sep 24 22:54:28.599 INF API: test started suite=0 test=435 name="interop/get-one (nethermind_development)"
Sep 24 22:54:28.601 INF API: test ended suite=0 test=435 pass=false
Sep 24 22:54:28.601 INF API: test started suite=0 test=436 name="interop/get-root (nethermind_development)"
Sep 24 22:54:28.603 INF API: test ended suite=0 test=436 pass=false
Sep 24 22:54:28.604 INF API: test started suite=0 test=437 name="interop/get-transfer-root (nethermind_development)"
Sep 24 22:54:28.605 INF API: test ended suite=0 test=437 pass=false
Sep 24 22:54:28.606 INF API: test started suite=0 test=438 name="interop/get-zero (nethermind_development)"
Sep 24 22:54:28.608 INF API: test ended suite=0 test=438 pass=false
Sep 24 22:54:28.608 INF API: test started suite=0 test=439 name="interop/raw-invalid (nethermind_development)"
Sep 24 22:54:28.610 INF API: test ended suite=0 test=439 pass=false
Sep 24 22:54:28.611 INF API: test started suite=0 test=440 name="interop/raw-valid-current-nonce (nethermind_development)"
Sep 24 22:54:28.614 INF API: test ended suite=0 test=440 pass=false
Sep 24 22:54:28.615 INF API: test started suite=0 test=441 name="interop/raw-valid-default-block (nethermind_development)"
Sep 24 22:54:28.617 INF API: test ended suite=0 test=441 pass=false
Sep 24 22:54:28.618 INF API: test started suite=0 test=442 name="interop/raw-valid (nethermind_development)"
Sep 24 22:54:28.620 INF API: test ended suite=0 test=442 pass=false
Sep 24 22:54:28.620 INF API: test started suite=0 test=443 name="interop/replay-7702-stateDiff (nethermind_development)"
Sep 24 22:54:28.624 INF API: test ended suite=0 test=443 pass=false
Sep 24 22:54:28.624 INF API: test started suite=0 test=444 name="interop/replay-7702-trace (nethermind_development)"
Sep 24 22:54:28.626 INF API: test ended suite=0 test=444 pass=false
Sep 24 22:54:28.627 INF API: test started suite=0 test=445 name="interop/replay-7702-vmTrace (nethermind_development)"
Sep 24 22:54:28.629 INF API: test ended suite=0 test=445 pass=false
Sep 24 22:54:28.630 INF API: test started suite=0 test=446 name="interop/replay-block-transfer (nethermind_development)"
Sep 24 22:54:28.632 INF API: test ended suite=0 test=446 pass=false
Sep 24 22:54:28.633 INF API: test started suite=0 test=447 name="interop/replay-block-tree (nethermind_development)"
Sep 24 22:54:28.646 INF API: test ended suite=0 test=447 pass=false
Sep 24 22:54:28.647 INF API: test started suite=0 test=448 name="interop/replay-missing (nethermind_development)"
Sep 24 22:54:28.649 INF API: test ended suite=0 test=448 pass=false
Sep 24 22:54:28.656 INF API: test started suite=0 test=449 name="interop/replay-revert-stateDiff (nethermind_development)"
Sep 24 22:54:28.658 INF API: test ended suite=0 test=449 pass=false
Sep 24 22:54:28.659 INF API: test started suite=0 test=450 name="interop/replay-revert-trace (nethermind_development)"
Sep 24 22:54:28.661 INF API: test ended suite=0 test=450 pass=false
Sep 24 22:54:28.661 INF API: test started suite=0 test=451 name="interop/replay-revert-vmTrace (nethermind_development)"
Sep 24 22:54:28.663 INF API: test ended suite=0 test=451 pass=false
Sep 24 22:54:28.664 INF API: test started suite=0 test=452 name="interop/replay-transfer-stateDiff (nethermind_development)"
Sep 24 22:54:28.666 INF API: test ended suite=0 test=452 pass=false
Sep 24 22:54:28.666 INF API: test started suite=0 test=453 name="interop/replay-transfer-trace (nethermind_development)"
Sep 24 22:54:28.668 INF API: test ended suite=0 test=453 pass=false
Sep 24 22:54:28.668 INF API: test started suite=0 test=454 name="interop/replay-transfer-vmTrace (nethermind_development)"
Sep 24 22:54:28.670 INF API: test ended suite=0 test=454 pass=false
Sep 24 22:54:28.670 INF API: test started suite=0 test=455 name="interop/replay-tree-stateDiff (nethermind_development)"
Sep 24 22:54:28.672 INF API: test ended suite=0 test=455 pass=false
Sep 24 22:54:28.673 INF API: test started suite=0 test=456 name="interop/replay-tree-trace (nethermind_development)"
Sep 24 22:54:28.675 INF API: test ended suite=0 test=456 pass=false
Sep 24 22:54:28.676 INF API: test started suite=0 test=457 name="interop/replay-tree-vmTrace (nethermind_development)"
Sep 24 22:54:28.683 INF API: test ended suite=0 test=457 pass=false
Sep 24 22:54:28.684 INF API: test started suite=0 test=458 name="interop/transaction-7702 (nethermind_development)"
Sep 24 22:54:28.687 INF API: test ended suite=0 test=458 pass=false
Sep 24 22:54:28.688 INF API: test started suite=0 test=459 name="interop/transaction-missing (nethermind_development)"
Sep 24 22:54:28.689 INF API: test ended suite=0 test=459 pass=false
Sep 24 22:54:28.690 INF API: test started suite=0 test=460 name="interop/transaction-revert (nethermind_development)"
Sep 24 22:54:28.691 INF API: test ended suite=0 test=460 pass=false
Sep 24 22:54:28.692 INF API: test started suite=0 test=461 name="interop/transaction-transfer (nethermind_development)"
Sep 24 22:54:28.694 INF API: test ended suite=0 test=461 pass=false
Sep 24 22:54:28.694 INF API: test started suite=0 test=462 name="interop/transaction-tree (nethermind_development)"
Sep 24 22:54:28.697 INF API: test ended suite=0 test=462 pass=false
Sep 24 22:54:28.986 INF API: test ended suite=0 test=386 pass=true
Sep 24 22:54:28.988 INF API: test started suite=0 test=463 name="client launch (nethermind_release)"
Sep 24 22:54:36.938 INF API: client nethermind_release started suite=0 test=463 container=73e9121d
Sep 24 22:54:37.077 INF API: test started suite=0 test=464 name="interop/_control/head (nethermind_release)"
Sep 24 22:54:37.092 INF API: test ended suite=0 test=464 pass=false
Sep 24 22:54:37.093 INF API: test started suite=0 test=465 name="interop/_control/latest (nethermind_release)"
Sep 24 22:54:37.095 INF API: test ended suite=0 test=465 pass=false
Sep 24 22:54:37.096 INF API: test started suite=0 test=466 name="interop/_control/receipt/0x4e0240fe2995f7a21013fbe4af0ad9330daac8c29008e22b7d71b4672357f014 (nethermind_release)"
Sep 24 22:54:37.118 INF API: test ended suite=0 test=466 pass=false
Sep 24 22:54:37.119 INF API: test started suite=0 test=467 name="interop/_control/receipt/0x512b5deddff16d21ebba7b730d935b4287dbb839e77eb05b37b34ce5eb229933 (nethermind_release)"
Sep 24 22:54:37.121 INF API: test ended suite=0 test=467 pass=false
Sep 24 22:54:37.121 INF API: test started suite=0 test=468 name="interop/_control/receipt/0x55d219e322321525fb6d15c388d730e0f6d0ae119e68163ffcea6d3ee50fa738 (nethermind_release)"
Sep 24 22:54:37.126 INF API: test ended suite=0 test=468 pass=false
Sep 24 22:54:37.127 INF API: test started suite=0 test=469 name="interop/_control/receipt/0x827f578f78815feb24e5d992addb5d6d184958aad72d02c213271f4b4ac780ae (nethermind_release)"
Sep 24 22:54:37.129 INF API: test ended suite=0 test=469 pass=false
Sep 24 22:54:37.130 INF API: test started suite=0 test=470 name="interop/_control/receipt/0x99a8eb5c9ab03c42137bcb263c525487dac03192bebd5c6762c8511e3b867afe (nethermind_release)"
Sep 24 22:54:37.131 INF API: test ended suite=0 test=470 pass=false
Sep 24 22:54:37.132 INF API: test started suite=0 test=471 name="interop/_control/receipt/0x9ec036cb031f2ffa622a8162eef40431fa33684e50217af50d3bbf856f21ca22 (nethermind_release)"
Sep 24 22:54:37.133 INF API: test ended suite=0 test=471 pass=false
Sep 24 22:54:37.134 INF API: test started suite=0 test=472 name="interop/_control/receipt/0xb54bc1221b206db9ee0449a716ddde73c1e2d0f72d2e789fcb51230fe851cc8a (nethermind_release)"
Sep 24 22:54:37.135 INF API: test ended suite=0 test=472 pass=false
Sep 24 22:54:37.136 INF API: test started suite=0 test=473 name="interop/_control/version (nethermind_release)"
Sep 24 22:54:37.138 INF API: test ended suite=0 test=473 pass=false
Sep 24 22:54:37.139 INF API: test started suite=0 test=474 name="interop/block-transfer (nethermind_release)"
Sep 24 22:54:37.212 INF API: test ended suite=0 test=474 pass=false
Sep 24 22:54:37.213 INF API: test started suite=0 test=475 name="interop/block-tree (nethermind_release)"
Sep 24 22:54:37.222 INF API: test ended suite=0 test=475 pass=false
Sep 24 22:54:37.223 INF API: test started suite=0 test=476 name="interop/call-constructor-priced (nethermind_release)"
Sep 24 22:54:37.300 INF API: test ended suite=0 test=476 pass=false
Sep 24 22:54:37.301 INF API: test started suite=0 test=477 name="interop/call-constructor (nethermind_release)"
Sep 24 22:54:37.313 INF API: test ended suite=0 test=477 pass=false
Sep 24 22:54:37.314 INF API: test started suite=0 test=478 name="interop/call-empty-types-priced (nethermind_release)"
Sep 24 22:54:37.347 INF API: test ended suite=0 test=478 pass=false
Sep 24 22:54:37.348 INF API: test started suite=0 test=479 name="interop/call-empty-types (nethermind_release)"
Sep 24 22:54:37.350 INF API: test ended suite=0 test=479 pass=false
Sep 24 22:54:37.350 INF API: test started suite=0 test=480 name="interop/call-identity (nethermind_release)"
Sep 24 22:54:37.357 INF API: test ended suite=0 test=480 pass=false
Sep 24 22:54:37.358 INF API: test started suite=0 test=481 name="interop/call-many-priced (nethermind_release)"
Sep 24 22:54:37.372 INF API: test ended suite=0 test=481 pass=false
Sep 24 22:54:37.373 INF API: test started suite=0 test=482 name="interop/call-many-transfers (nethermind_release)"
Sep 24 22:54:37.376 INF API: test ended suite=0 test=482 pass=false
Sep 24 22:54:37.377 INF API: test started suite=0 test=483 name="interop/call-many (nethermind_release)"
Sep 24 22:54:37.381 INF API: test ended suite=0 test=483 pass=false
Sep 24 22:54:37.382 INF API: test started suite=0 test=484 name="interop/call-transfer-stateDiff (nethermind_release)"
Sep 24 22:54:37.385 INF API: test ended suite=0 test=484 pass=false
Sep 24 22:54:37.386 INF API: test started suite=0 test=485 name="interop/call-transfer-trace (nethermind_release)"
Sep 24 22:54:37.388 INF API: test ended suite=0 test=485 pass=false
Sep 24 22:54:37.389 INF API: test started suite=0 test=486 name="interop/call-transfer-vmTrace (nethermind_release)"
Sep 24 22:54:37.392 INF API: test ended suite=0 test=486 pass=false
Sep 24 22:54:37.392 INF API: test started suite=0 test=487 name="interop/call-tree-stateDiff-priced (nethermind_release)"
Sep 24 22:54:37.408 INF API: test ended suite=0 test=487 pass=false
Sep 24 22:54:37.409 INF API: test started suite=0 test=488 name="interop/call-tree-stateDiff (nethermind_release)"
Sep 24 22:54:37.413 INF API: test ended suite=0 test=488 pass=false
Sep 24 22:54:37.414 INF API: test started suite=0 test=489 name="interop/call-tree-trace-priced (nethermind_release)"
Sep 24 22:54:37.418 INF API: test ended suite=0 test=489 pass=false
Sep 24 22:54:37.418 INF API: test started suite=0 test=490 name="interop/call-tree-trace (nethermind_release)"
Sep 24 22:54:37.422 INF API: test ended suite=0 test=490 pass=false
Sep 24 22:54:37.423 INF API: test started suite=0 test=491 name="interop/call-tree-vmTrace-priced (nethermind_release)"
Sep 24 22:54:37.441 INF API: test ended suite=0 test=491 pass=false
Sep 24 22:54:37.442 INF API: test started suite=0 test=492 name="interop/call-tree-vmTrace (nethermind_release)"
Sep 24 22:54:37.454 INF API: test ended suite=0 test=492 pass=false
Sep 24 22:54:37.456 INF API: test started suite=0 test=493 name="interop/control-chain-id (nethermind_release)"
Sep 24 22:54:37.460 INF API: test ended suite=0 test=493 pass=false
Sep 24 22:54:37.460 INF API: test started suite=0 test=494 name="interop/control-head (nethermind_release)"
Sep 24 22:54:37.462 INF API: test ended suite=0 test=494 pass=false
Sep 24 22:54:37.463 INF API: test started suite=0 test=495 name="interop/control-height (nethermind_release)"
Sep 24 22:54:37.469 INF API: test ended suite=0 test=495 pass=false
Sep 24 22:54:37.469 INF API: test started suite=0 test=496 name="interop/control-sender-nonce (nethermind_release)"
Sep 24 22:54:37.474 INF API: test ended suite=0 test=496 pass=false
Sep 24 22:54:37.475 INF API: test started suite=0 test=497 name="interop/control-tree-receipt (nethermind_release)"
Sep 24 22:54:37.476 INF API: test ended suite=0 test=497 pass=false
Sep 24 22:54:37.477 INF API: test started suite=0 test=498 name="interop/control-version (nethermind_release)"
Sep 24 22:54:37.479 INF API: test ended suite=0 test=498 pass=false
Sep 24 22:54:37.479 INF API: test started suite=0 test=499 name="interop/filter-all (nethermind_release)"
Sep 24 22:54:37.489 INF API: test ended suite=0 test=499 pass=false
Sep 24 22:54:37.490 INF API: test started suite=0 test=500 name="interop/filter-both (nethermind_release)"
Sep 24 22:54:37.495 INF API: test ended suite=0 test=500 pass=false
Sep 24 22:54:37.496 INF API: test started suite=0 test=501 name="interop/filter-empty (nethermind_release)"
Sep 24 22:54:37.499 INF API: test ended suite=0 test=501 pass=false
Sep 24 22:54:37.500 INF API: test started suite=0 test=502 name="interop/filter-from (nethermind_release)"
Sep 24 22:54:37.503 INF API: test ended suite=0 test=502 pass=false
Sep 24 22:54:37.504 INF API: test started suite=0 test=503 name="interop/filter-intersection (nethermind_release)"
Sep 24 22:54:37.506 INF API: test ended suite=0 test=503 pass=false
Sep 24 22:54:37.507 INF API: test started suite=0 test=504 name="interop/filter-page (nethermind_release)"
Sep 24 22:54:37.514 INF API: test ended suite=0 test=504 pass=false
Sep 24 22:54:37.515 INF API: test started suite=0 test=505 name="interop/filter-to (nethermind_release)"
Sep 24 22:54:37.519 INF API: test ended suite=0 test=505 pass=false
Sep 24 22:54:37.520 INF API: test started suite=0 test=506 name="interop/filter-transfer (nethermind_release)"
Sep 24 22:54:37.523 INF API: test ended suite=0 test=506 pass=false
Sep 24 22:54:37.524 INF API: test started suite=0 test=507 name="interop/filter-union (nethermind_release)"
Sep 24 22:54:37.527 INF API: test ended suite=0 test=507 pass=false
Sep 24 22:54:37.528 INF API: test started suite=0 test=508 name="interop/filter-zero (nethermind_release)"
Sep 24 22:54:37.531 INF API: test ended suite=0 test=508 pass=false
Sep 24 22:54:37.532 INF API: test started suite=0 test=509 name="interop/get-missing-tx (nethermind_release)"
Sep 24 22:54:37.540 INF API: test ended suite=0 test=509 pass=false
Sep 24 22:54:37.541 INF API: test started suite=0 test=510 name="interop/get-missing (nethermind_release)"
Sep 24 22:54:37.553 INF API: test ended suite=0 test=510 pass=false
Sep 24 22:54:37.554 INF API: test started suite=0 test=511 name="interop/get-nested (nethermind_release)"
Sep 24 22:54:37.560 INF API: test ended suite=0 test=511 pass=false
Sep 24 22:54:37.560 INF API: test started suite=0 test=512 name="interop/get-one (nethermind_release)"
Sep 24 22:54:37.564 INF API: test ended suite=0 test=512 pass=false
Sep 24 22:54:37.564 INF API: test started suite=0 test=513 name="interop/get-root (nethermind_release)"
Sep 24 22:54:37.568 INF API: test ended suite=0 test=513 pass=false
Sep 24 22:54:37.569 INF API: test started suite=0 test=514 name="interop/get-transfer-root (nethermind_release)"
Sep 24 22:54:37.572 INF API: test ended suite=0 test=514 pass=false
Sep 24 22:54:37.573 INF API: test started suite=0 test=515 name="interop/get-zero (nethermind_release)"
Sep 24 22:54:37.576 INF API: test ended suite=0 test=515 pass=false
Sep 24 22:54:37.577 INF API: test started suite=0 test=516 name="interop/raw-invalid (nethermind_release)"
Sep 24 22:54:37.579 INF API: test ended suite=0 test=516 pass=false
Sep 24 22:54:37.587 INF API: test started suite=0 test=517 name="interop/raw-valid-current-nonce (nethermind_release)"
Sep 24 22:54:37.591 INF API: test ended suite=0 test=517 pass=false
Sep 24 22:54:37.592 INF API: test started suite=0 test=518 name="interop/raw-valid-default-block (nethermind_release)"
Sep 24 22:54:37.596 INF API: test ended suite=0 test=518 pass=false
Sep 24 22:54:37.597 INF API: test started suite=0 test=519 name="interop/raw-valid (nethermind_release)"
Sep 24 22:54:37.598 INF API: test ended suite=0 test=519 pass=false
Sep 24 22:54:37.599 INF API: test started suite=0 test=520 name="interop/replay-7702-stateDiff (nethermind_release)"
Sep 24 22:54:37.604 INF API: test ended suite=0 test=520 pass=false
Sep 24 22:54:37.605 INF API: test started suite=0 test=521 name="interop/replay-7702-trace (nethermind_release)"
Sep 24 22:54:37.609 INF API: test ended suite=0 test=521 pass=false
Sep 24 22:54:37.610 INF API: test started suite=0 test=522 name="interop/replay-7702-vmTrace (nethermind_release)"
Sep 24 22:54:37.613 INF API: test ended suite=0 test=522 pass=false
Sep 24 22:54:37.613 INF API: test started suite=0 test=523 name="interop/replay-block-transfer (nethermind_release)"
Sep 24 22:54:37.617 INF API: test ended suite=0 test=523 pass=false
Sep 24 22:54:37.618 INF API: test started suite=0 test=524 name="interop/replay-block-tree (nethermind_release)"
Sep 24 22:54:37.629 INF API: test ended suite=0 test=524 pass=false
Sep 24 22:54:37.630 INF API: test started suite=0 test=525 name="interop/replay-missing (nethermind_release)"
Sep 24 22:54:37.632 INF API: test ended suite=0 test=525 pass=false
Sep 24 22:54:37.634 INF API: test started suite=0 test=526 name="interop/replay-revert-stateDiff (nethermind_release)"
Sep 24 22:54:37.637 INF API: test ended suite=0 test=526 pass=false
Sep 24 22:54:37.638 INF API: test started suite=0 test=527 name="interop/replay-revert-trace (nethermind_release)"
Sep 24 22:54:37.641 INF API: test ended suite=0 test=527 pass=false
Sep 24 22:54:37.642 INF API: test started suite=0 test=528 name="interop/replay-revert-vmTrace (nethermind_release)"
Sep 24 22:54:37.646 INF API: test ended suite=0 test=528 pass=false
Sep 24 22:54:37.647 INF API: test started suite=0 test=529 name="interop/replay-transfer-stateDiff (nethermind_release)"
Sep 24 22:54:37.650 INF API: test ended suite=0 test=529 pass=false
Sep 24 22:54:37.651 INF API: test started suite=0 test=530 name="interop/replay-transfer-trace (nethermind_release)"
Sep 24 22:54:37.654 INF API: test ended suite=0 test=530 pass=false
Sep 24 22:54:37.655 INF API: test started suite=0 test=531 name="interop/replay-transfer-vmTrace (nethermind_release)"
Sep 24 22:54:37.657 INF API: test ended suite=0 test=531 pass=false
Sep 24 22:54:37.658 INF API: test started suite=0 test=532 name="interop/replay-tree-stateDiff (nethermind_release)"
Sep 24 22:54:37.662 INF API: test ended suite=0 test=532 pass=false
Sep 24 22:54:37.662 INF API: test started suite=0 test=533 name="interop/replay-tree-trace (nethermind_release)"
Sep 24 22:54:37.666 INF API: test ended suite=0 test=533 pass=false
Sep 24 22:54:37.667 INF API: test started suite=0 test=534 name="interop/replay-tree-vmTrace (nethermind_release)"
Sep 24 22:54:37.678 INF API: test ended suite=0 test=534 pass=false
Sep 24 22:54:37.679 INF API: test started suite=0 test=535 name="interop/transaction-7702 (nethermind_release)"
Sep 24 22:54:37.683 INF API: test ended suite=0 test=535 pass=false
Sep 24 22:54:37.684 INF API: test started suite=0 test=536 name="interop/transaction-missing (nethermind_release)"
Sep 24 22:54:37.685 INF API: test ended suite=0 test=536 pass=false
Sep 24 22:54:37.691 INF API: test started suite=0 test=537 name="interop/transaction-revert (nethermind_release)"
Sep 24 22:54:37.695 INF API: test ended suite=0 test=537 pass=false
Sep 24 22:54:37.696 INF API: test started suite=0 test=538 name="interop/transaction-transfer (nethermind_release)"
Sep 24 22:54:37.699 INF API: test ended suite=0 test=538 pass=false
Sep 24 22:54:37.700 INF API: test started suite=0 test=539 name="interop/transaction-tree (nethermind_release)"
Sep 24 22:54:37.704 INF API: test ended suite=0 test=539 pass=false
Sep 24 22:54:38.120 INF API: test ended suite=0 test=463 pass=true
Sep 24 22:54:38.124 INF API: test started suite=0 test=540 name="client launch (reth_development)"
Sep 24 22:54:40.610 INF API: client reth_development started suite=0 test=540 container=027db377
Sep 24 22:54:40.644 INF API: test started suite=0 test=541 name="interop/_control/head (reth_development)"
Sep 24 22:54:40.659 INF API: test ended suite=0 test=541 pass=false
Sep 24 22:54:40.660 INF API: test started suite=0 test=542 name="interop/_control/latest (reth_development)"
Sep 24 22:54:40.661 INF API: test ended suite=0 test=542 pass=false
Sep 24 22:54:40.662 INF API: test started suite=0 test=543 name="interop/_control/receipt/0x4e0240fe2995f7a21013fbe4af0ad9330daac8c29008e22b7d71b4672357f014 (reth_development)"
Sep 24 22:54:40.667 INF API: test ended suite=0 test=543 pass=false
Sep 24 22:54:40.668 INF API: test started suite=0 test=544 name="interop/_control/receipt/0x512b5deddff16d21ebba7b730d935b4287dbb839e77eb05b37b34ce5eb229933 (reth_development)"
Sep 24 22:54:40.670 INF API: test ended suite=0 test=544 pass=false
Sep 24 22:54:40.671 INF API: test started suite=0 test=545 name="interop/_control/receipt/0x55d219e322321525fb6d15c388d730e0f6d0ae119e68163ffcea6d3ee50fa738 (reth_development)"
Sep 24 22:54:40.672 INF API: test ended suite=0 test=545 pass=false
Sep 24 22:54:40.673 INF API: test started suite=0 test=546 name="interop/_control/receipt/0x827f578f78815feb24e5d992addb5d6d184958aad72d02c213271f4b4ac780ae (reth_development)"
Sep 24 22:54:40.675 INF API: test ended suite=0 test=546 pass=false
Sep 24 22:54:40.675 INF API: test started suite=0 test=547 name="interop/_control/receipt/0x99a8eb5c9ab03c42137bcb263c525487dac03192bebd5c6762c8511e3b867afe (reth_development)"
Sep 24 22:54:40.677 INF API: test ended suite=0 test=547 pass=false
Sep 24 22:54:40.677 INF API: test started suite=0 test=548 name="interop/_control/receipt/0x9ec036cb031f2ffa622a8162eef40431fa33684e50217af50d3bbf856f21ca22 (reth_development)"
Sep 24 22:54:40.679 INF API: test ended suite=0 test=548 pass=false
Sep 24 22:54:40.680 INF API: test started suite=0 test=549 name="interop/_control/receipt/0xb54bc1221b206db9ee0449a716ddde73c1e2d0f72d2e789fcb51230fe851cc8a (reth_development)"
Sep 24 22:54:40.681 INF API: test ended suite=0 test=549 pass=false
Sep 24 22:54:40.682 INF API: test started suite=0 test=550 name="interop/_control/version (reth_development)"
Sep 24 22:54:40.686 INF API: test ended suite=0 test=550 pass=false
Sep 24 22:54:40.687 INF API: test started suite=0 test=551 name="interop/block-transfer (reth_development)"
Sep 24 22:54:40.697 INF API: test ended suite=0 test=551 pass=false
Sep 24 22:54:40.698 INF API: test started suite=0 test=552 name="interop/block-tree (reth_development)"
Sep 24 22:54:40.704 INF API: test ended suite=0 test=552 pass=false
Sep 24 22:54:40.705 INF API: test started suite=0 test=553 name="interop/call-constructor-priced (reth_development)"
Sep 24 22:54:40.711 INF API: test ended suite=0 test=553 pass=false
Sep 24 22:54:40.711 INF API: test started suite=0 test=554 name="interop/call-constructor (reth_development)"
Sep 24 22:54:40.715 INF API: test ended suite=0 test=554 pass=false
Sep 24 22:54:40.716 INF API: test started suite=0 test=555 name="interop/call-empty-types-priced (reth_development)"
Sep 24 22:54:40.717 INF API: test ended suite=0 test=555 pass=false
Sep 24 22:54:40.718 INF API: test started suite=0 test=556 name="interop/call-empty-types (reth_development)"
Sep 24 22:54:40.720 INF API: test ended suite=0 test=556 pass=false
Sep 24 22:54:40.721 INF API: test started suite=0 test=557 name="interop/call-identity (reth_development)"
Sep 24 22:54:40.722 INF API: test ended suite=0 test=557 pass=false
Sep 24 22:54:40.723 INF API: test started suite=0 test=558 name="interop/call-many-priced (reth_development)"
Sep 24 22:54:40.728 INF API: test ended suite=0 test=558 pass=false
Sep 24 22:54:40.728 INF API: test started suite=0 test=559 name="interop/call-many-transfers (reth_development)"
Sep 24 22:54:40.730 INF API: test ended suite=0 test=559 pass=false
Sep 24 22:54:40.730 INF API: test started suite=0 test=560 name="interop/call-many (reth_development)"
Sep 24 22:54:40.732 INF API: test ended suite=0 test=560 pass=false
Sep 24 22:54:40.733 INF API: test started suite=0 test=561 name="interop/call-transfer-stateDiff (reth_development)"
Sep 24 22:54:40.734 INF API: test ended suite=0 test=561 pass=false
Sep 24 22:54:40.735 INF API: test started suite=0 test=562 name="interop/call-transfer-trace (reth_development)"
Sep 24 22:54:40.737 INF API: test ended suite=0 test=562 pass=false
Sep 24 22:54:40.738 INF API: test started suite=0 test=563 name="interop/call-transfer-vmTrace (reth_development)"
Sep 24 22:54:40.739 INF API: test ended suite=0 test=563 pass=false
Sep 24 22:54:40.740 INF API: test started suite=0 test=564 name="interop/call-tree-stateDiff-priced (reth_development)"
Sep 24 22:54:40.741 INF API: test ended suite=0 test=564 pass=false
Sep 24 22:54:40.742 INF API: test started suite=0 test=565 name="interop/call-tree-stateDiff (reth_development)"
Sep 24 22:54:40.743 INF API: test ended suite=0 test=565 pass=false
Sep 24 22:54:40.744 INF API: test started suite=0 test=566 name="interop/call-tree-trace-priced (reth_development)"
Sep 24 22:54:40.746 INF API: test ended suite=0 test=566 pass=false
Sep 24 22:54:40.747 INF API: test started suite=0 test=567 name="interop/call-tree-trace (reth_development)"
Sep 24 22:54:40.748 INF API: test ended suite=0 test=567 pass=false
Sep 24 22:54:40.749 INF API: test started suite=0 test=568 name="interop/call-tree-vmTrace-priced (reth_development)"
Sep 24 22:54:40.764 INF API: test ended suite=0 test=568 pass=false
Sep 24 22:54:40.765 INF API: test started suite=0 test=569 name="interop/call-tree-vmTrace (reth_development)"
Sep 24 22:54:40.780 INF API: test ended suite=0 test=569 pass=false
Sep 24 22:54:40.782 INF API: test started suite=0 test=570 name="interop/control-chain-id (reth_development)"
Sep 24 22:54:40.784 INF API: test ended suite=0 test=570 pass=false
Sep 24 22:54:40.785 INF API: test started suite=0 test=571 name="interop/control-head (reth_development)"
Sep 24 22:54:40.786 INF API: test ended suite=0 test=571 pass=false
Sep 24 22:54:40.787 INF API: test started suite=0 test=572 name="interop/control-height (reth_development)"
Sep 24 22:54:40.788 INF API: test ended suite=0 test=572 pass=false
Sep 24 22:54:40.789 INF API: test started suite=0 test=573 name="interop/control-sender-nonce (reth_development)"
Sep 24 22:54:40.792 INF API: test ended suite=0 test=573 pass=false
Sep 24 22:54:40.792 INF API: test started suite=0 test=574 name="interop/control-tree-receipt (reth_development)"
Sep 24 22:54:40.795 INF API: test ended suite=0 test=574 pass=false
Sep 24 22:54:40.796 INF API: test started suite=0 test=575 name="interop/control-version (reth_development)"
Sep 24 22:54:40.797 INF API: test ended suite=0 test=575 pass=false
Sep 24 22:54:40.798 INF API: test started suite=0 test=576 name="interop/filter-all (reth_development)"
Sep 24 22:54:40.803 INF API: test ended suite=0 test=576 pass=false
Sep 24 22:54:40.804 INF API: test started suite=0 test=577 name="interop/filter-both (reth_development)"
Sep 24 22:54:40.806 INF API: test ended suite=0 test=577 pass=false
Sep 24 22:54:40.807 INF API: test started suite=0 test=578 name="interop/filter-empty (reth_development)"
Sep 24 22:54:40.809 INF API: test ended suite=0 test=578 pass=false
Sep 24 22:54:40.810 INF API: test started suite=0 test=579 name="interop/filter-from (reth_development)"
Sep 24 22:54:40.811 INF API: test ended suite=0 test=579 pass=false
Sep 24 22:54:40.812 INF API: test started suite=0 test=580 name="interop/filter-intersection (reth_development)"
Sep 24 22:54:40.814 INF API: test ended suite=0 test=580 pass=false
Sep 24 22:54:40.815 INF API: test started suite=0 test=581 name="interop/filter-page (reth_development)"
Sep 24 22:54:40.816 INF API: test ended suite=0 test=581 pass=false
Sep 24 22:54:40.817 INF API: test started suite=0 test=582 name="interop/filter-to (reth_development)"
Sep 24 22:54:40.819 INF API: test ended suite=0 test=582 pass=false
Sep 24 22:54:40.820 INF API: test started suite=0 test=583 name="interop/filter-transfer (reth_development)"
Sep 24 22:54:40.821 INF API: test ended suite=0 test=583 pass=false
Sep 24 22:54:40.822 INF API: test started suite=0 test=584 name="interop/filter-union (reth_development)"
Sep 24 22:54:40.824 INF API: test ended suite=0 test=584 pass=false
Sep 24 22:54:40.825 INF API: test started suite=0 test=585 name="interop/filter-zero (reth_development)"
Sep 24 22:54:40.826 INF API: test ended suite=0 test=585 pass=false
Sep 24 22:54:40.827 INF API: test started suite=0 test=586 name="interop/get-missing-tx (reth_development)"
Sep 24 22:54:40.829 INF API: test ended suite=0 test=586 pass=false
Sep 24 22:54:40.829 INF API: test started suite=0 test=587 name="interop/get-missing (reth_development)"
Sep 24 22:54:40.831 INF API: test ended suite=0 test=587 pass=false
Sep 24 22:54:40.832 INF API: test started suite=0 test=588 name="interop/get-nested (reth_development)"
Sep 24 22:54:40.833 INF API: test ended suite=0 test=588 pass=false
Sep 24 22:54:40.834 INF API: test started suite=0 test=589 name="interop/get-one (reth_development)"
Sep 24 22:54:40.835 INF API: test ended suite=0 test=589 pass=false
Sep 24 22:54:40.836 INF API: test started suite=0 test=590 name="interop/get-root (reth_development)"
Sep 24 22:54:40.838 INF API: test ended suite=0 test=590 pass=false
Sep 24 22:54:40.839 INF API: test started suite=0 test=591 name="interop/get-transfer-root (reth_development)"
Sep 24 22:54:40.841 INF API: test ended suite=0 test=591 pass=false
Sep 24 22:54:40.842 INF API: test started suite=0 test=592 name="interop/get-zero (reth_development)"
Sep 24 22:54:40.843 INF API: test ended suite=0 test=592 pass=false
Sep 24 22:54:40.844 INF API: test started suite=0 test=593 name="interop/raw-invalid (reth_development)"
Sep 24 22:54:40.845 INF API: test ended suite=0 test=593 pass=false
Sep 24 22:54:40.846 INF API: test started suite=0 test=594 name="interop/raw-valid-current-nonce (reth_development)"
Sep 24 22:54:40.848 INF API: test ended suite=0 test=594 pass=false
Sep 24 22:54:40.849 INF API: test started suite=0 test=595 name="interop/raw-valid-default-block (reth_development)"
Sep 24 22:54:40.850 INF API: test ended suite=0 test=595 pass=false
Sep 24 22:54:40.851 INF API: test started suite=0 test=596 name="interop/raw-valid (reth_development)"
Sep 24 22:54:40.852 INF API: test ended suite=0 test=596 pass=false
Sep 24 22:54:40.853 INF API: test started suite=0 test=597 name="interop/replay-7702-stateDiff (reth_development)"
Sep 24 22:54:40.856 INF API: test ended suite=0 test=597 pass=false
Sep 24 22:54:40.857 INF API: test started suite=0 test=598 name="interop/replay-7702-trace (reth_development)"
Sep 24 22:54:40.859 INF API: test ended suite=0 test=598 pass=false
Sep 24 22:54:40.860 INF API: test started suite=0 test=599 name="interop/replay-7702-vmTrace (reth_development)"
Sep 24 22:54:40.861 INF API: test ended suite=0 test=599 pass=false
Sep 24 22:54:40.862 INF API: test started suite=0 test=600 name="interop/replay-block-transfer (reth_development)"
Sep 24 22:54:40.865 INF API: test ended suite=0 test=600 pass=false
Sep 24 22:54:40.866 INF API: test started suite=0 test=601 name="interop/replay-block-tree (reth_development)"
Sep 24 22:54:40.875 INF API: test ended suite=0 test=601 pass=false
Sep 24 22:54:40.876 INF API: test started suite=0 test=602 name="interop/replay-missing (reth_development)"
Sep 24 22:54:40.877 INF API: test ended suite=0 test=602 pass=false
Sep 24 22:54:40.878 INF API: test started suite=0 test=603 name="interop/replay-revert-stateDiff (reth_development)"
Sep 24 22:54:40.879 INF API: test ended suite=0 test=603 pass=false
Sep 24 22:54:40.880 INF API: test started suite=0 test=604 name="interop/replay-revert-trace (reth_development)"
Sep 24 22:54:40.881 INF API: test ended suite=0 test=604 pass=false
Sep 24 22:54:40.882 INF API: test started suite=0 test=605 name="interop/replay-revert-vmTrace (reth_development)"
Sep 24 22:54:40.885 INF API: test ended suite=0 test=605 pass=false
Sep 24 22:54:40.886 INF API: test started suite=0 test=606 name="interop/replay-transfer-stateDiff (reth_development)"
Sep 24 22:54:40.887 INF API: test ended suite=0 test=606 pass=false
Sep 24 22:54:40.888 INF API: test started suite=0 test=607 name="interop/replay-transfer-trace (reth_development)"
Sep 24 22:54:40.890 INF API: test ended suite=0 test=607 pass=false
Sep 24 22:54:40.890 INF API: test started suite=0 test=608 name="interop/replay-transfer-vmTrace (reth_development)"
Sep 24 22:54:40.892 INF API: test ended suite=0 test=608 pass=false
Sep 24 22:54:40.892 INF API: test started suite=0 test=609 name="interop/replay-tree-stateDiff (reth_development)"
Sep 24 22:54:40.894 INF API: test ended suite=0 test=609 pass=false
Sep 24 22:54:40.895 INF API: test started suite=0 test=610 name="interop/replay-tree-trace (reth_development)"
Sep 24 22:54:40.897 INF API: test ended suite=0 test=610 pass=false
Sep 24 22:54:40.898 INF API: test started suite=0 test=611 name="interop/replay-tree-vmTrace (reth_development)"
Sep 24 22:54:40.913 INF API: test ended suite=0 test=611 pass=false
Sep 24 22:54:40.914 INF API: test started suite=0 test=612 name="interop/transaction-7702 (reth_development)"
Sep 24 22:54:40.916 INF API: test ended suite=0 test=612 pass=false
Sep 24 22:54:40.917 INF API: test started suite=0 test=613 name="interop/transaction-missing (reth_development)"
Sep 24 22:54:40.918 INF API: test ended suite=0 test=613 pass=false
Sep 24 22:54:40.919 INF API: test started suite=0 test=614 name="interop/transaction-revert (reth_development)"
Sep 24 22:54:40.921 INF API: test ended suite=0 test=614 pass=false
Sep 24 22:54:40.922 INF API: test started suite=0 test=615 name="interop/transaction-transfer (reth_development)"
Sep 24 22:54:40.924 INF API: test ended suite=0 test=615 pass=false
Sep 24 22:54:40.925 INF API: test started suite=0 test=616 name="interop/transaction-tree (reth_development)"
Sep 24 22:54:40.927 INF API: test ended suite=0 test=616 pass=false
Sep 24 22:54:41.336 INF API: test ended suite=0 test=540 pass=true
Sep 24 22:54:41.338 INF API: test started suite=0 test=617 name="client launch (reth_release)"
Sep 24 22:54:43.849 INF API: client reth_release started suite=0 test=617 container=1719156b
Sep 24 22:54:43.886 INF API: test started suite=0 test=618 name="interop/_control/head (reth_release)"
Sep 24 22:54:43.901 INF API: test ended suite=0 test=618 pass=false
Sep 24 22:54:43.903 INF API: test started suite=0 test=619 name="interop/_control/latest (reth_release)"
Sep 24 22:54:43.904 INF API: test ended suite=0 test=619 pass=false
Sep 24 22:54:43.905 INF API: test started suite=0 test=620 name="interop/_control/receipt/0x4e0240fe2995f7a21013fbe4af0ad9330daac8c29008e22b7d71b4672357f014 (reth_release)"
Sep 24 22:54:43.911 INF API: test ended suite=0 test=620 pass=false
Sep 24 22:54:43.912 INF API: test started suite=0 test=621 name="interop/_control/receipt/0x512b5deddff16d21ebba7b730d935b4287dbb839e77eb05b37b34ce5eb229933 (reth_release)"
Sep 24 22:54:43.914 INF API: test ended suite=0 test=621 pass=false
Sep 24 22:54:43.914 INF API: test started suite=0 test=622 name="interop/_control/receipt/0x55d219e322321525fb6d15c388d730e0f6d0ae119e68163ffcea6d3ee50fa738 (reth_release)"
Sep 24 22:54:43.916 INF API: test ended suite=0 test=622 pass=false
Sep 24 22:54:43.917 INF API: test started suite=0 test=623 name="interop/_control/receipt/0x827f578f78815feb24e5d992addb5d6d184958aad72d02c213271f4b4ac780ae (reth_release)"
Sep 24 22:54:43.919 INF API: test ended suite=0 test=623 pass=false
Sep 24 22:54:43.920 INF API: test started suite=0 test=624 name="interop/_control/receipt/0x99a8eb5c9ab03c42137bcb263c525487dac03192bebd5c6762c8511e3b867afe (reth_release)"
Sep 24 22:54:43.922 INF API: test ended suite=0 test=624 pass=false
Sep 24 22:54:43.922 INF API: test started suite=0 test=625 name="interop/_control/receipt/0x9ec036cb031f2ffa622a8162eef40431fa33684e50217af50d3bbf856f21ca22 (reth_release)"
Sep 24 22:54:43.924 INF API: test ended suite=0 test=625 pass=false
Sep 24 22:54:43.925 INF API: test started suite=0 test=626 name="interop/_control/receipt/0xb54bc1221b206db9ee0449a716ddde73c1e2d0f72d2e789fcb51230fe851cc8a (reth_release)"
Sep 24 22:54:43.926 INF API: test ended suite=0 test=626 pass=false
Sep 24 22:54:43.927 INF API: test started suite=0 test=627 name="interop/_control/version (reth_release)"
Sep 24 22:54:43.928 INF API: test ended suite=0 test=627 pass=false
Sep 24 22:54:43.929 INF API: test started suite=0 test=628 name="interop/block-transfer (reth_release)"
Sep 24 22:54:43.939 INF API: test ended suite=0 test=628 pass=false
Sep 24 22:54:43.940 INF API: test started suite=0 test=629 name="interop/block-tree (reth_release)"
Sep 24 22:54:43.946 INF API: test ended suite=0 test=629 pass=false
Sep 24 22:54:43.946 INF API: test started suite=0 test=630 name="interop/call-constructor-priced (reth_release)"
Sep 24 22:54:43.951 INF API: test ended suite=0 test=630 pass=false
Sep 24 22:54:43.952 INF API: test started suite=0 test=631 name="interop/call-constructor (reth_release)"
Sep 24 22:54:43.954 INF API: test ended suite=0 test=631 pass=false
Sep 24 22:54:43.954 INF API: test started suite=0 test=632 name="interop/call-empty-types-priced (reth_release)"
Sep 24 22:54:43.955 INF API: test ended suite=0 test=632 pass=false
Sep 24 22:54:43.956 INF API: test started suite=0 test=633 name="interop/call-empty-types (reth_release)"
Sep 24 22:54:43.958 INF API: test ended suite=0 test=633 pass=false
Sep 24 22:54:43.958 INF API: test started suite=0 test=634 name="interop/call-identity (reth_release)"
Sep 24 22:54:43.960 INF API: test ended suite=0 test=634 pass=false
Sep 24 22:54:43.961 INF API: test started suite=0 test=635 name="interop/call-many-priced (reth_release)"
Sep 24 22:54:43.963 INF API: test ended suite=0 test=635 pass=false
Sep 24 22:54:43.964 INF API: test started suite=0 test=636 name="interop/call-many-transfers (reth_release)"
Sep 24 22:54:43.965 INF API: test ended suite=0 test=636 pass=false
Sep 24 22:54:43.966 INF API: test started suite=0 test=637 name="interop/call-many (reth_release)"
Sep 24 22:54:43.968 INF API: test ended suite=0 test=637 pass=false
Sep 24 22:54:43.968 INF API: test started suite=0 test=638 name="interop/call-transfer-stateDiff (reth_release)"
Sep 24 22:54:43.969 INF API: test ended suite=0 test=638 pass=false
Sep 24 22:54:43.970 INF API: test started suite=0 test=639 name="interop/call-transfer-trace (reth_release)"
Sep 24 22:54:43.971 INF API: test ended suite=0 test=639 pass=false
Sep 24 22:54:43.972 INF API: test started suite=0 test=640 name="interop/call-transfer-vmTrace (reth_release)"
Sep 24 22:54:43.974 INF API: test ended suite=0 test=640 pass=false
Sep 24 22:54:43.975 INF API: test started suite=0 test=641 name="interop/call-tree-stateDiff-priced (reth_release)"
Sep 24 22:54:43.977 INF API: test ended suite=0 test=641 pass=false
Sep 24 22:54:43.977 INF API: test started suite=0 test=642 name="interop/call-tree-stateDiff (reth_release)"
Sep 24 22:54:43.979 INF API: test ended suite=0 test=642 pass=false
Sep 24 22:54:43.979 INF API: test started suite=0 test=643 name="interop/call-tree-trace-priced (reth_release)"
Sep 24 22:54:43.981 INF API: test ended suite=0 test=643 pass=false
Sep 24 22:54:43.982 INF API: test started suite=0 test=644 name="interop/call-tree-trace (reth_release)"
Sep 24 22:54:43.983 INF API: test ended suite=0 test=644 pass=false
Sep 24 22:54:43.984 INF API: test started suite=0 test=645 name="interop/call-tree-vmTrace-priced (reth_release)"
Sep 24 22:54:43.999 INF API: test ended suite=0 test=645 pass=false
Sep 24 22:54:44.000 INF API: test started suite=0 test=646 name="interop/call-tree-vmTrace (reth_release)"
Sep 24 22:54:44.013 INF API: test ended suite=0 test=646 pass=false
Sep 24 22:54:44.014 INF API: test started suite=0 test=647 name="interop/control-chain-id (reth_release)"
Sep 24 22:54:44.015 INF API: test ended suite=0 test=647 pass=false
Sep 24 22:54:44.016 INF API: test started suite=0 test=648 name="interop/control-head (reth_release)"
Sep 24 22:54:44.017 INF API: test ended suite=0 test=648 pass=false
Sep 24 22:54:44.018 INF API: test started suite=0 test=649 name="interop/control-height (reth_release)"
Sep 24 22:54:44.019 INF API: test ended suite=0 test=649 pass=false
Sep 24 22:54:44.020 INF API: test started suite=0 test=650 name="interop/control-sender-nonce (reth_release)"
Sep 24 22:54:44.021 INF API: test ended suite=0 test=650 pass=false
Sep 24 22:54:44.022 INF API: test started suite=0 test=651 name="interop/control-tree-receipt (reth_release)"
Sep 24 22:54:44.024 INF API: test ended suite=0 test=651 pass=false
Sep 24 22:54:44.025 INF API: test started suite=0 test=652 name="interop/control-version (reth_release)"
Sep 24 22:54:44.026 INF API: test ended suite=0 test=652 pass=false
Sep 24 22:54:44.026 INF API: test started suite=0 test=653 name="interop/filter-all (reth_release)"
Sep 24 22:54:44.029 INF API: test ended suite=0 test=653 pass=false
Sep 24 22:54:44.030 INF API: test started suite=0 test=654 name="interop/filter-both (reth_release)"
Sep 24 22:54:44.032 INF API: test ended suite=0 test=654 pass=false
Sep 24 22:54:44.033 INF API: test started suite=0 test=655 name="interop/filter-empty (reth_release)"
Sep 24 22:54:44.036 INF API: test ended suite=0 test=655 pass=false
Sep 24 22:54:44.036 INF API: test started suite=0 test=656 name="interop/filter-from (reth_release)"
Sep 24 22:54:44.038 INF API: test ended suite=0 test=656 pass=false
Sep 24 22:54:44.039 INF API: test started suite=0 test=657 name="interop/filter-intersection (reth_release)"
Sep 24 22:54:44.044 INF API: test ended suite=0 test=657 pass=false
Sep 24 22:54:44.044 INF API: test started suite=0 test=658 name="interop/filter-page (reth_release)"
Sep 24 22:54:44.046 INF API: test ended suite=0 test=658 pass=false
Sep 24 22:54:44.047 INF API: test started suite=0 test=659 name="interop/filter-to (reth_release)"
Sep 24 22:54:44.049 INF API: test ended suite=0 test=659 pass=false
Sep 24 22:54:44.050 INF API: test started suite=0 test=660 name="interop/filter-transfer (reth_release)"
Sep 24 22:54:44.051 INF API: test ended suite=0 test=660 pass=false
Sep 24 22:54:44.052 INF API: test started suite=0 test=661 name="interop/filter-union (reth_release)"
Sep 24 22:54:44.054 INF API: test ended suite=0 test=661 pass=false
Sep 24 22:54:44.055 INF API: test started suite=0 test=662 name="interop/filter-zero (reth_release)"
Sep 24 22:54:44.056 INF API: test ended suite=0 test=662 pass=false
Sep 24 22:54:44.057 INF API: test started suite=0 test=663 name="interop/get-missing-tx (reth_release)"
Sep 24 22:54:44.060 INF API: test ended suite=0 test=663 pass=false
Sep 24 22:54:44.060 INF API: test started suite=0 test=664 name="interop/get-missing (reth_release)"
Sep 24 22:54:44.063 INF API: test ended suite=0 test=664 pass=false
Sep 24 22:54:44.063 INF API: test started suite=0 test=665 name="interop/get-nested (reth_release)"
Sep 24 22:54:44.065 INF API: test ended suite=0 test=665 pass=false
Sep 24 22:54:44.065 INF API: test started suite=0 test=666 name="interop/get-one (reth_release)"
Sep 24 22:54:44.067 INF API: test ended suite=0 test=666 pass=false
Sep 24 22:54:44.068 INF API: test started suite=0 test=667 name="interop/get-root (reth_release)"
Sep 24 22:54:44.069 INF API: test ended suite=0 test=667 pass=false
Sep 24 22:54:44.070 INF API: test started suite=0 test=668 name="interop/get-transfer-root (reth_release)"
Sep 24 22:54:44.071 INF API: test ended suite=0 test=668 pass=false
Sep 24 22:54:44.072 INF API: test started suite=0 test=669 name="interop/get-zero (reth_release)"
Sep 24 22:54:44.074 INF API: test ended suite=0 test=669 pass=false
Sep 24 22:54:44.074 INF API: test started suite=0 test=670 name="interop/raw-invalid (reth_release)"
Sep 24 22:54:44.076 INF API: test ended suite=0 test=670 pass=false
Sep 24 22:54:44.076 INF API: test started suite=0 test=671 name="interop/raw-valid-current-nonce (reth_release)"
Sep 24 22:54:44.078 INF API: test ended suite=0 test=671 pass=false
Sep 24 22:54:44.078 INF API: test started suite=0 test=672 name="interop/raw-valid-default-block (reth_release)"
Sep 24 22:54:44.080 INF API: test ended suite=0 test=672 pass=false
Sep 24 22:54:44.081 INF API: test started suite=0 test=673 name="interop/raw-valid (reth_release)"
Sep 24 22:54:44.082 INF API: test ended suite=0 test=673 pass=false
Sep 24 22:54:44.083 INF API: test started suite=0 test=674 name="interop/replay-7702-stateDiff (reth_release)"
Sep 24 22:54:44.085 INF API: test ended suite=0 test=674 pass=false
Sep 24 22:54:44.086 INF API: test started suite=0 test=675 name="interop/replay-7702-trace (reth_release)"
Sep 24 22:54:44.088 INF API: test ended suite=0 test=675 pass=false
Sep 24 22:54:44.088 INF API: test started suite=0 test=676 name="interop/replay-7702-vmTrace (reth_release)"
Sep 24 22:54:44.090 INF API: test ended suite=0 test=676 pass=false
Sep 24 22:54:44.091 INF API: test started suite=0 test=677 name="interop/replay-block-transfer (reth_release)"
Sep 24 22:54:44.092 INF API: test ended suite=0 test=677 pass=false
Sep 24 22:54:44.093 INF API: test started suite=0 test=678 name="interop/replay-block-tree (reth_release)"
Sep 24 22:54:44.102 INF API: test ended suite=0 test=678 pass=false
Sep 24 22:54:44.103 INF API: test started suite=0 test=679 name="interop/replay-missing (reth_release)"
Sep 24 22:54:44.104 INF API: test ended suite=0 test=679 pass=false
Sep 24 22:54:44.105 INF API: test started suite=0 test=680 name="interop/replay-revert-stateDiff (reth_release)"
Sep 24 22:54:44.107 INF API: test ended suite=0 test=680 pass=false
Sep 24 22:54:44.108 INF API: test started suite=0 test=681 name="interop/replay-revert-trace (reth_release)"
Sep 24 22:54:44.110 INF API: test ended suite=0 test=681 pass=false
Sep 24 22:54:44.111 INF API: test started suite=0 test=682 name="interop/replay-revert-vmTrace (reth_release)"
Sep 24 22:54:44.113 INF API: test ended suite=0 test=682 pass=false
Sep 24 22:54:44.114 INF API: test started suite=0 test=683 name="interop/replay-transfer-stateDiff (reth_release)"
Sep 24 22:54:44.116 INF API: test ended suite=0 test=683 pass=false
Sep 24 22:54:44.117 INF API: test started suite=0 test=684 name="interop/replay-transfer-trace (reth_release)"
Sep 24 22:54:44.118 INF API: test ended suite=0 test=684 pass=false
Sep 24 22:54:44.120 INF API: test started suite=0 test=685 name="interop/replay-transfer-vmTrace (reth_release)"
Sep 24 22:54:44.122 INF API: test ended suite=0 test=685 pass=false
Sep 24 22:54:44.122 INF API: test started suite=0 test=686 name="interop/replay-tree-stateDiff (reth_release)"
Sep 24 22:54:44.125 INF API: test ended suite=0 test=686 pass=false
Sep 24 22:54:44.126 INF API: test started suite=0 test=687 name="interop/replay-tree-trace (reth_release)"
Sep 24 22:54:44.128 INF API: test ended suite=0 test=687 pass=false
Sep 24 22:54:44.129 INF API: test started suite=0 test=688 name="interop/replay-tree-vmTrace (reth_release)"
Sep 24 22:54:44.144 INF API: test ended suite=0 test=688 pass=false
Sep 24 22:54:44.145 INF API: test started suite=0 test=689 name="interop/transaction-7702 (reth_release)"
Sep 24 22:54:44.147 INF API: test ended suite=0 test=689 pass=false
Sep 24 22:54:44.148 INF API: test started suite=0 test=690 name="interop/transaction-missing (reth_release)"
Sep 24 22:54:44.149 INF API: test ended suite=0 test=690 pass=false
Sep 24 22:54:44.150 INF API: test started suite=0 test=691 name="interop/transaction-revert (reth_release)"
Sep 24 22:54:44.152 INF API: test ended suite=0 test=691 pass=false
Sep 24 22:54:44.152 INF API: test started suite=0 test=692 name="interop/transaction-transfer (reth_release)"
Sep 24 22:54:44.154 INF API: test ended suite=0 test=692 pass=false
Sep 24 22:54:44.154 INF API: test started suite=0 test=693 name="interop/transaction-tree (reth_release)"
Sep 24 22:54:44.157 INF API: test ended suite=0 test=693 pass=false
Sep 24 22:54:44.438 INF API: test ended suite=0 test=617 pass=true
Sep 24 22:54:44.448 INF API: suite ended suite=0
Sep 24 22:54:45.075 INF simulation ethereum/rpc-compat finished suites=1 tests=693 failed=684
684 tests failed
