Sep 21 20:51:28.897 INF building image image=hive/hiveproxy nocache=false pull=false
Sep 21 20:51:28.955 INF building 8 clients...
Sep 21 20:51:28.955 INF building image image=hive/clients/besu_development:latest dir=clients/besu nocache=false pull=false baseimage=trace-interop/besu tag=a85249905183f65c98c9e8c282955e40487c4ff8af8db8b8e306d58292231744
Sep 21 20:51:29.103 INF building image image=hive/clients/besu_release:latest dir=clients/besu nocache=false pull=false baseimage=trace-interop/besu tag=f3713c713ca4f9e89c09e1478d2a85116ba9ce8343129d709420ba2af009598b
Sep 21 20:51:29.246 INF building image image=hive/clients/erigon_development:latest dir=clients/erigon nocache=false pull=false baseimage=trace-interop/erigon tag=8269576669f1b4a55572ee7d1a7e4489244cd57bb545293391d1ebd5e0fac002
Sep 21 20:51:29.400 INF building image image=hive/clients/erigon_release:latest dir=clients/erigon nocache=false pull=false baseimage=trace-interop/erigon tag=8668d9c5adc01ad1d12aa25380e384079080bdde7e0ce93f11bed422d82ca0ac
Sep 21 20:52:25.988 INF building image image=hive/clients/nethermind_development:latest dir=clients/nethermind nocache=false pull=false baseimage=trace-interop/nethermind tag=e68f6cd253c312443b306b7e1e61381a38fd174dd16fe7e9bc55487245718182
Sep 21 20:52:26.172 INF building image image=hive/clients/nethermind_release:latest dir=clients/nethermind nocache=false pull=false baseimage=trace-interop/nethermind tag=a5098d75bfa8d4da1992ba8404b357fde6d53241315396e26b88e16e5f67bb59
Sep 21 20:52:26.402 INF building image image=hive/clients/reth_development:latest dir=clients/reth nocache=false pull=false baseimage=trace-interop/reth tag=1d6a97ef686d7c6099c5426c77334ca5891ce5d362fe5f3049ac2ea0df76de86
Sep 21 20:52:26.565 INF building image image=hive/clients/reth_release:latest dir=clients/reth nocache=false pull=false baseimage=trace-interop/reth tag=e939dc4a471d9d27224e430f607a954d692ca5037a1350ee2036397d14532ca7
Sep 21 20:52:26.736 INF building 1 simulators...
Sep 21 20:52:26.736 INF building image image=hive/simulators/ethereum/rpc-compat:latest dir=simulators/ethereum/rpc-compat nocache=false pull=false
Sep 21 20:52:26.804 INF creating output directory folder=/home/banteg/dev/trace-interop/runs/verified-initial/hive
Sep 21 20:52:26.812 INF running simulation: ethereum/rpc-compat
Sep 21 20:52:27.164 INF hiveproxy started container=071d07efbf5d addr=172.17.0.2:8081
Sep 21 20:52:27.551 INF API: suite started suite=0 name=rpc-compat
Sep 21 20:52:27.553 INF API: test started suite=0 test=1 name="client launch (besu_development)"
Sep 21 20:52:40.938 INF API: client besu_development started suite=0 test=1 container=243c93f1
Sep 21 20:52:41.178 INF API: test started suite=0 test=2 name="interop/_control/head (besu_development)"
Sep 21 20:52:41.227 INF API: test ended suite=0 test=2 pass=false
Sep 21 20:52:41.228 INF API: test started suite=0 test=3 name="interop/_control/version (besu_development)"
Sep 21 20:52:41.240 INF API: test ended suite=0 test=3 pass=false
Sep 21 20:52:41.241 INF API: test started suite=0 test=4 name="interop/block-transfer (besu_development)"
Sep 21 20:52:41.334 INF API: test ended suite=0 test=4 pass=false
Sep 21 20:52:41.335 INF API: test started suite=0 test=5 name="interop/block-tree (besu_development)"
Sep 21 20:52:41.384 INF API: test ended suite=0 test=5 pass=false
Sep 21 20:52:41.385 INF API: test started suite=0 test=6 name="interop/call-constructor-priced (besu_development)"
Sep 21 20:52:41.463 INF API: test ended suite=0 test=6 pass=false
Sep 21 20:52:41.464 INF API: test started suite=0 test=7 name="interop/call-constructor (besu_development)"
Sep 21 20:52:41.497 INF API: test ended suite=0 test=7 pass=false
Sep 21 20:52:41.498 INF API: test started suite=0 test=8 name="interop/call-empty-types-priced (besu_development)"
Sep 21 20:52:41.510 INF API: test ended suite=0 test=8 pass=false
Sep 21 20:52:41.511 INF API: test started suite=0 test=9 name="interop/call-empty-types (besu_development)"
Sep 21 20:52:41.526 INF API: test ended suite=0 test=9 pass=false
Sep 21 20:52:41.527 INF API: test started suite=0 test=10 name="interop/call-identity (besu_development)"
Sep 21 20:52:41.536 INF API: test ended suite=0 test=10 pass=false
Sep 21 20:52:41.537 INF API: test started suite=0 test=11 name="interop/call-many-priced (besu_development)"
Sep 21 20:52:41.573 INF API: test ended suite=0 test=11 pass=false
Sep 21 20:52:41.575 INF API: test started suite=0 test=12 name="interop/call-many-transfers (besu_development)"
Sep 21 20:52:41.609 INF API: test ended suite=0 test=12 pass=false
Sep 21 20:52:41.611 INF API: test started suite=0 test=13 name="interop/call-many (besu_development)"
Sep 21 20:52:41.633 INF API: test ended suite=0 test=13 pass=false
Sep 21 20:52:41.635 INF API: test started suite=0 test=14 name="interop/call-transfer-stateDiff (besu_development)"
Sep 21 20:52:41.647 INF API: test ended suite=0 test=14 pass=false
Sep 21 20:52:41.648 INF API: test started suite=0 test=15 name="interop/call-transfer-trace (besu_development)"
Sep 21 20:52:41.655 INF API: test ended suite=0 test=15 pass=false
Sep 21 20:52:41.656 INF API: test started suite=0 test=16 name="interop/call-transfer-vmTrace (besu_development)"
Sep 21 20:52:41.663 INF API: test ended suite=0 test=16 pass=false
Sep 21 20:52:41.664 INF API: test started suite=0 test=17 name="interop/call-tree-stateDiff-priced (besu_development)"
Sep 21 20:52:41.677 INF API: test ended suite=0 test=17 pass=false
Sep 21 20:52:41.679 INF API: test started suite=0 test=18 name="interop/call-tree-stateDiff (besu_development)"
Sep 21 20:52:41.693 INF API: test ended suite=0 test=18 pass=false
Sep 21 20:52:41.695 INF API: test started suite=0 test=19 name="interop/call-tree-trace-priced (besu_development)"
Sep 21 20:52:41.705 INF API: test ended suite=0 test=19 pass=false
Sep 21 20:52:41.707 INF API: test started suite=0 test=20 name="interop/call-tree-trace (besu_development)"
Sep 21 20:52:41.720 INF API: test ended suite=0 test=20 pass=false
Sep 21 20:52:41.722 INF API: test started suite=0 test=21 name="interop/call-tree-vmTrace-priced (besu_development)"
Sep 21 20:52:41.755 INF API: test ended suite=0 test=21 pass=false
Sep 21 20:52:41.757 INF API: test started suite=0 test=22 name="interop/call-tree-vmTrace (besu_development)"
Sep 21 20:52:41.784 INF API: test ended suite=0 test=22 pass=false
Sep 21 20:52:41.788 INF API: test started suite=0 test=23 name="interop/control-chain-id (besu_development)"
Sep 21 20:52:41.802 INF API: test ended suite=0 test=23 pass=false
Sep 21 20:52:41.805 INF API: test started suite=0 test=24 name="interop/control-head (besu_development)"
Sep 21 20:52:41.816 INF API: test ended suite=0 test=24 pass=false
Sep 21 20:52:41.819 INF API: test started suite=0 test=25 name="interop/control-height (besu_development)"
Sep 21 20:52:41.829 INF API: test ended suite=0 test=25 pass=false
Sep 21 20:52:41.832 INF API: test started suite=0 test=26 name="interop/control-sender-nonce (besu_development)"
Sep 21 20:52:41.853 INF API: test ended suite=0 test=26 pass=false
Sep 21 20:52:41.856 INF API: test started suite=0 test=27 name="interop/control-tree-receipt (besu_development)"
Sep 21 20:52:41.901 INF API: test ended suite=0 test=27 pass=false
Sep 21 20:52:41.902 INF API: test started suite=0 test=28 name="interop/control-version (besu_development)"
Sep 21 20:52:41.914 INF API: test ended suite=0 test=28 pass=false
Sep 21 20:52:41.916 INF API: test started suite=0 test=29 name="interop/filter-all (besu_development)"
Sep 21 20:52:41.955 INF API: test ended suite=0 test=29 pass=false
Sep 21 20:52:41.956 INF API: test started suite=0 test=30 name="interop/filter-both (besu_development)"
Sep 21 20:52:41.980 INF API: test ended suite=0 test=30 pass=false
Sep 21 20:52:41.982 INF API: test started suite=0 test=31 name="interop/filter-empty (besu_development)"
Sep 21 20:52:42.003 INF API: test ended suite=0 test=31 pass=false
Sep 21 20:52:42.004 INF API: test started suite=0 test=32 name="interop/filter-from (besu_development)"
Sep 21 20:52:42.029 INF API: test ended suite=0 test=32 pass=false
Sep 21 20:52:42.031 INF API: test started suite=0 test=33 name="interop/filter-intersection (besu_development)"
Sep 21 20:52:42.050 INF API: test ended suite=0 test=33 pass=false
Sep 21 20:52:42.052 INF API: test started suite=0 test=34 name="interop/filter-page (besu_development)"
Sep 21 20:52:42.072 INF API: test ended suite=0 test=34 pass=false
Sep 21 20:52:42.073 INF API: test started suite=0 test=35 name="interop/filter-to (besu_development)"
Sep 21 20:52:42.088 INF API: test ended suite=0 test=35 pass=false
Sep 21 20:52:42.089 INF API: test started suite=0 test=36 name="interop/filter-transfer (besu_development)"
Sep 21 20:52:42.106 INF API: test ended suite=0 test=36 pass=false
Sep 21 20:52:42.107 INF API: test started suite=0 test=37 name="interop/filter-union (besu_development)"
Sep 21 20:52:42.119 INF API: test ended suite=0 test=37 pass=false
Sep 21 20:52:42.120 INF API: test started suite=0 test=38 name="interop/filter-zero (besu_development)"
Sep 21 20:52:45.131 INF API: test ended suite=0 test=38 pass=false
Sep 21 20:52:45.132 INF API: test started suite=0 test=39 name="interop/get-missing-tx (besu_development)"
Sep 21 20:52:45.144 INF API: test ended suite=0 test=39 pass=false
Sep 21 20:52:45.145 INF API: test started suite=0 test=40 name="interop/get-missing (besu_development)"
Sep 21 20:52:45.165 INF API: test ended suite=0 test=40 pass=false
Sep 21 20:52:45.166 INF API: test started suite=0 test=41 name="interop/get-nested (besu_development)"
Sep 21 20:52:45.179 INF API: test ended suite=0 test=41 pass=false
Sep 21 20:52:45.180 INF API: test started suite=0 test=42 name="interop/get-one (besu_development)"
Sep 21 20:52:45.195 INF API: test ended suite=0 test=42 pass=false
Sep 21 20:52:45.196 INF API: test started suite=0 test=43 name="interop/get-root (besu_development)"
Sep 21 20:52:45.217 INF API: test ended suite=0 test=43 pass=false
Sep 21 20:52:45.219 INF API: test started suite=0 test=44 name="interop/get-transfer-root (besu_development)"
Sep 21 20:52:45.231 INF API: test ended suite=0 test=44 pass=false
Sep 21 20:52:45.232 INF API: test started suite=0 test=45 name="interop/get-zero (besu_development)"
Sep 21 20:52:45.253 INF API: test ended suite=0 test=45 pass=false
Sep 21 20:52:45.254 INF API: test started suite=0 test=46 name="interop/raw-invalid (besu_development)"
Sep 21 20:52:45.270 INF API: test ended suite=0 test=46 pass=false
Sep 21 20:52:45.271 INF API: test started suite=0 test=47 name="interop/raw-valid-current-nonce (besu_development)"
Sep 21 20:52:45.286 INF API: test ended suite=0 test=47 pass=false
Sep 21 20:52:45.287 INF API: test started suite=0 test=48 name="interop/raw-valid-default-block (besu_development)"
Sep 21 20:52:45.293 INF API: test ended suite=0 test=48 pass=false
Sep 21 20:52:45.294 INF API: test started suite=0 test=49 name="interop/raw-valid (besu_development)"
Sep 21 20:52:45.298 INF API: test ended suite=0 test=49 pass=false
Sep 21 20:52:45.299 INF API: test started suite=0 test=50 name="interop/replay-7702-stateDiff (besu_development)"
Sep 21 20:52:45.302 INF API: test ended suite=0 test=50 pass=false
Sep 21 20:52:45.303 INF API: test started suite=0 test=51 name="interop/replay-7702-trace (besu_development)"
Sep 21 20:52:45.306 INF API: test ended suite=0 test=51 pass=false
Sep 21 20:52:45.307 INF API: test started suite=0 test=52 name="interop/replay-7702-vmTrace (besu_development)"
Sep 21 20:52:45.310 INF API: test ended suite=0 test=52 pass=false
Sep 21 20:52:45.311 INF API: test started suite=0 test=53 name="interop/replay-block-transfer (besu_development)"
Sep 21 20:52:45.321 INF API: test ended suite=0 test=53 pass=false
Sep 21 20:52:45.322 INF API: test started suite=0 test=54 name="interop/replay-block-tree (besu_development)"
Sep 21 20:52:46.360 INF API: test ended suite=0 test=54 pass=false
Sep 21 20:52:46.361 INF API: test started suite=0 test=55 name="interop/replay-missing (besu_development)"
Sep 21 20:52:46.365 INF API: test ended suite=0 test=55 pass=false
Sep 21 20:52:46.366 INF API: test started suite=0 test=56 name="interop/replay-revert-stateDiff (besu_development)"
Sep 21 20:52:46.369 INF API: test ended suite=0 test=56 pass=false
Sep 21 20:52:46.371 INF API: test started suite=0 test=57 name="interop/replay-revert-trace (besu_development)"
Sep 21 20:52:46.374 INF API: test ended suite=0 test=57 pass=false
Sep 21 20:52:46.374 INF API: test started suite=0 test=58 name="interop/replay-revert-vmTrace (besu_development)"
Sep 21 20:52:46.377 INF API: test ended suite=0 test=58 pass=false
Sep 21 20:52:46.378 INF API: test started suite=0 test=59 name="interop/replay-transfer-stateDiff (besu_development)"
Sep 21 20:52:46.381 INF API: test ended suite=0 test=59 pass=false
Sep 21 20:52:46.382 INF API: test started suite=0 test=60 name="interop/replay-transfer-trace (besu_development)"
Sep 21 20:52:46.385 INF API: test ended suite=0 test=60 pass=false
Sep 21 20:52:46.385 INF API: test started suite=0 test=61 name="interop/replay-transfer-vmTrace (besu_development)"
Sep 21 20:52:46.387 INF API: test ended suite=0 test=61 pass=false
Sep 21 20:52:46.388 INF API: test started suite=0 test=62 name="interop/replay-tree-stateDiff (besu_development)"
Sep 21 20:52:46.391 INF API: test ended suite=0 test=62 pass=false
Sep 21 20:52:46.392 INF API: test started suite=0 test=63 name="interop/replay-tree-trace (besu_development)"
Sep 21 20:52:46.394 INF API: test ended suite=0 test=63 pass=false
Sep 21 20:52:46.395 INF API: test started suite=0 test=64 name="interop/replay-tree-vmTrace (besu_development)"
Sep 21 20:52:46.398 INF API: test ended suite=0 test=64 pass=false
Sep 21 20:52:46.399 INF API: test started suite=0 test=65 name="interop/transaction-7702 (besu_development)"
Sep 21 20:52:46.407 INF API: test ended suite=0 test=65 pass=false
Sep 21 20:52:46.408 INF API: test started suite=0 test=66 name="interop/transaction-missing (besu_development)"
Sep 21 20:52:46.411 INF API: test ended suite=0 test=66 pass=false
Sep 21 20:52:46.412 INF API: test started suite=0 test=67 name="interop/transaction-revert (besu_development)"
Sep 21 20:52:46.419 INF API: test ended suite=0 test=67 pass=false
Sep 21 20:52:46.420 INF API: test started suite=0 test=68 name="interop/transaction-transfer (besu_development)"
Sep 21 20:52:46.425 INF API: test ended suite=0 test=68 pass=false
Sep 21 20:52:46.426 INF API: test started suite=0 test=69 name="interop/transaction-tree (besu_development)"
Sep 21 20:52:46.434 INF API: test ended suite=0 test=69 pass=false
Sep 21 20:52:47.007 INF API: test ended suite=0 test=1 pass=true
Sep 21 20:52:47.009 INF API: test started suite=0 test=70 name="client launch (besu_release)"
Sep 21 20:52:56.852 INF API: client besu_release started suite=0 test=70 container=a37ec6e7
Sep 21 20:52:57.114 INF API: test started suite=0 test=71 name="interop/_control/head (besu_release)"
Sep 21 20:52:57.166 INF API: test ended suite=0 test=71 pass=false
Sep 21 20:52:57.167 INF API: test started suite=0 test=72 name="interop/_control/version (besu_release)"
Sep 21 20:52:57.179 INF API: test ended suite=0 test=72 pass=false
Sep 21 20:52:57.181 INF API: test started suite=0 test=73 name="interop/block-transfer (besu_release)"
Sep 21 20:52:57.260 INF API: test ended suite=0 test=73 pass=false
Sep 21 20:52:57.261 INF API: test started suite=0 test=74 name="interop/block-tree (besu_release)"
Sep 21 20:52:57.313 INF API: test ended suite=0 test=74 pass=false
Sep 21 20:52:57.315 INF API: test started suite=0 test=75 name="interop/call-constructor-priced (besu_release)"
Sep 21 20:52:57.414 INF API: test ended suite=0 test=75 pass=false
Sep 21 20:52:57.415 INF API: test started suite=0 test=76 name="interop/call-constructor (besu_release)"
Sep 21 20:52:57.449 INF API: test ended suite=0 test=76 pass=false
Sep 21 20:52:57.450 INF API: test started suite=0 test=77 name="interop/call-empty-types-priced (besu_release)"
Sep 21 20:52:57.465 INF API: test ended suite=0 test=77 pass=false
Sep 21 20:52:57.466 INF API: test started suite=0 test=78 name="interop/call-empty-types (besu_release)"
Sep 21 20:52:57.477 INF API: test ended suite=0 test=78 pass=false
Sep 21 20:52:57.478 INF API: test started suite=0 test=79 name="interop/call-identity (besu_release)"
Sep 21 20:52:57.485 INF API: test ended suite=0 test=79 pass=false
Sep 21 20:52:57.486 INF API: test started suite=0 test=80 name="interop/call-many-priced (besu_release)"
Sep 21 20:52:57.521 INF API: test ended suite=0 test=80 pass=false
Sep 21 20:52:57.522 INF API: test started suite=0 test=81 name="interop/call-many-transfers (besu_release)"
Sep 21 20:52:57.540 INF API: test ended suite=0 test=81 pass=false
Sep 21 20:52:57.541 INF API: test started suite=0 test=82 name="interop/call-many (besu_release)"
Sep 21 20:52:57.552 INF API: test ended suite=0 test=82 pass=false
Sep 21 20:52:57.553 INF API: test started suite=0 test=83 name="interop/call-transfer-stateDiff (besu_release)"
Sep 21 20:52:57.559 INF API: test ended suite=0 test=83 pass=false
Sep 21 20:52:57.560 INF API: test started suite=0 test=84 name="interop/call-transfer-trace (besu_release)"
Sep 21 20:52:57.567 INF API: test ended suite=0 test=84 pass=false
Sep 21 20:52:57.568 INF API: test started suite=0 test=85 name="interop/call-transfer-vmTrace (besu_release)"
Sep 21 20:52:57.573 INF API: test ended suite=0 test=85 pass=false
Sep 21 20:52:57.574 INF API: test started suite=0 test=86 name="interop/call-tree-stateDiff-priced (besu_release)"
Sep 21 20:52:57.589 INF API: test ended suite=0 test=86 pass=false
Sep 21 20:52:57.590 INF API: test started suite=0 test=87 name="interop/call-tree-stateDiff (besu_release)"
Sep 21 20:52:57.608 INF API: test ended suite=0 test=87 pass=false
Sep 21 20:52:57.609 INF API: test started suite=0 test=88 name="interop/call-tree-trace-priced (besu_release)"
Sep 21 20:52:57.619 INF API: test ended suite=0 test=88 pass=false
Sep 21 20:52:57.620 INF API: test started suite=0 test=89 name="interop/call-tree-trace (besu_release)"
Sep 21 20:52:57.630 INF API: test ended suite=0 test=89 pass=false
Sep 21 20:52:57.631 INF API: test started suite=0 test=90 name="interop/call-tree-vmTrace-priced (besu_release)"
Sep 21 20:52:57.659 INF API: test ended suite=0 test=90 pass=false
Sep 21 20:52:57.660 INF API: test started suite=0 test=91 name="interop/call-tree-vmTrace (besu_release)"
Sep 21 20:52:57.672 INF API: test ended suite=0 test=91 pass=false
Sep 21 20:52:57.673 INF API: test started suite=0 test=92 name="interop/control-chain-id (besu_release)"
Sep 21 20:52:57.677 INF API: test ended suite=0 test=92 pass=false
Sep 21 20:52:57.678 INF API: test started suite=0 test=93 name="interop/control-head (besu_release)"
Sep 21 20:52:57.681 INF API: test ended suite=0 test=93 pass=false
Sep 21 20:52:57.682 INF API: test started suite=0 test=94 name="interop/control-height (besu_release)"
Sep 21 20:52:57.685 INF API: test ended suite=0 test=94 pass=false
Sep 21 20:52:57.686 INF API: test started suite=0 test=95 name="interop/control-sender-nonce (besu_release)"
Sep 21 20:52:57.692 INF API: test ended suite=0 test=95 pass=false
Sep 21 20:52:57.693 INF API: test started suite=0 test=96 name="interop/control-tree-receipt (besu_release)"
Sep 21 20:52:57.709 INF API: test ended suite=0 test=96 pass=false
Sep 21 20:52:57.709 INF API: test started suite=0 test=97 name="interop/control-version (besu_release)"
Sep 21 20:52:57.712 INF API: test ended suite=0 test=97 pass=false
Sep 21 20:52:57.713 INF API: test started suite=0 test=98 name="interop/filter-all (besu_release)"
Sep 21 20:52:57.735 INF API: test ended suite=0 test=98 pass=false
Sep 21 20:52:57.736 INF API: test started suite=0 test=99 name="interop/filter-both (besu_release)"
Sep 21 20:52:57.747 INF API: test ended suite=0 test=99 pass=false
Sep 21 20:52:57.748 INF API: test started suite=0 test=100 name="interop/filter-empty (besu_release)"
Sep 21 20:52:57.757 INF API: test ended suite=0 test=100 pass=false
Sep 21 20:52:57.758 INF API: test started suite=0 test=101 name="interop/filter-from (besu_release)"
Sep 21 20:52:57.768 INF API: test ended suite=0 test=101 pass=false
Sep 21 20:52:57.769 INF API: test started suite=0 test=102 name="interop/filter-intersection (besu_release)"
Sep 21 20:52:57.777 INF API: test ended suite=0 test=102 pass=false
Sep 21 20:52:57.778 INF API: test started suite=0 test=103 name="interop/filter-page (besu_release)"
Sep 21 20:52:57.788 INF API: test ended suite=0 test=103 pass=false
Sep 21 20:52:57.789 INF API: test started suite=0 test=104 name="interop/filter-to (besu_release)"
Sep 21 20:52:57.796 INF API: test ended suite=0 test=104 pass=false
Sep 21 20:52:57.797 INF API: test started suite=0 test=105 name="interop/filter-transfer (besu_release)"
Sep 21 20:52:57.802 INF API: test ended suite=0 test=105 pass=false
Sep 21 20:52:57.803 INF API: test started suite=0 test=106 name="interop/filter-union (besu_release)"
Sep 21 20:52:57.806 INF API: test ended suite=0 test=106 pass=false
Sep 21 20:52:57.807 INF API: test started suite=0 test=107 name="interop/filter-zero (besu_release)"
Sep 21 20:52:59.819 INF API: test ended suite=0 test=107 pass=false
Sep 21 20:52:59.821 INF API: test started suite=0 test=108 name="interop/get-missing-tx (besu_release)"
Sep 21 20:52:59.836 INF API: test ended suite=0 test=108 pass=false
Sep 21 20:52:59.837 INF API: test started suite=0 test=109 name="interop/get-missing (besu_release)"
Sep 21 20:52:59.855 INF API: test ended suite=0 test=109 pass=false
Sep 21 20:52:59.856 INF API: test started suite=0 test=110 name="interop/get-nested (besu_release)"
Sep 21 20:52:59.878 INF API: test ended suite=0 test=110 pass=false
Sep 21 20:52:59.879 INF API: test started suite=0 test=111 name="interop/get-one (besu_release)"
Sep 21 20:52:59.898 INF API: test ended suite=0 test=111 pass=false
Sep 21 20:52:59.899 INF API: test started suite=0 test=112 name="interop/get-root (besu_release)"
Sep 21 20:52:59.918 INF API: test ended suite=0 test=112 pass=false
Sep 21 20:52:59.919 INF API: test started suite=0 test=113 name="interop/get-transfer-root (besu_release)"
Sep 21 20:52:59.932 INF API: test ended suite=0 test=113 pass=false
Sep 21 20:52:59.933 INF API: test started suite=0 test=114 name="interop/get-zero (besu_release)"
Sep 21 20:52:59.942 INF API: test ended suite=0 test=114 pass=false
Sep 21 20:52:59.943 INF API: test started suite=0 test=115 name="interop/raw-invalid (besu_release)"
Sep 21 20:52:59.946 INF API: test ended suite=0 test=115 pass=false
Sep 21 20:52:59.946 INF API: test started suite=0 test=116 name="interop/raw-valid-current-nonce (besu_release)"
Sep 21 20:52:59.953 INF API: test ended suite=0 test=116 pass=false
Sep 21 20:52:59.954 INF API: test started suite=0 test=117 name="interop/raw-valid-default-block (besu_release)"
Sep 21 20:52:59.958 INF API: test ended suite=0 test=117 pass=false
Sep 21 20:52:59.959 INF API: test started suite=0 test=118 name="interop/raw-valid (besu_release)"
Sep 21 20:52:59.961 INF API: test ended suite=0 test=118 pass=false
Sep 21 20:52:59.962 INF API: test started suite=0 test=119 name="interop/replay-7702-stateDiff (besu_release)"
Sep 21 20:52:59.965 INF API: test ended suite=0 test=119 pass=false
Sep 21 20:52:59.965 INF API: test started suite=0 test=120 name="interop/replay-7702-trace (besu_release)"
Sep 21 20:52:59.969 INF API: test ended suite=0 test=120 pass=false
Sep 21 20:52:59.970 INF API: test started suite=0 test=121 name="interop/replay-7702-vmTrace (besu_release)"
Sep 21 20:52:59.973 INF API: test ended suite=0 test=121 pass=false
Sep 21 20:52:59.973 INF API: test started suite=0 test=122 name="interop/replay-block-transfer (besu_release)"
Sep 21 20:52:59.981 INF API: test ended suite=0 test=122 pass=false
Sep 21 20:52:59.982 INF API: test started suite=0 test=123 name="interop/replay-block-tree (besu_release)"
Sep 21 20:53:00.004 INF API: test ended suite=0 test=123 pass=false
Sep 21 20:53:00.005 INF API: test started suite=0 test=124 name="interop/replay-missing (besu_release)"
Sep 21 20:53:00.008 INF API: test ended suite=0 test=124 pass=false
Sep 21 20:53:00.009 INF API: test started suite=0 test=125 name="interop/replay-revert-stateDiff (besu_release)"
Sep 21 20:53:00.012 INF API: test ended suite=0 test=125 pass=false
Sep 21 20:53:00.013 INF API: test started suite=0 test=126 name="interop/replay-revert-trace (besu_release)"
Sep 21 20:53:00.015 INF API: test ended suite=0 test=126 pass=false
Sep 21 20:53:00.016 INF API: test started suite=0 test=127 name="interop/replay-revert-vmTrace (besu_release)"
Sep 21 20:53:00.018 INF API: test ended suite=0 test=127 pass=false
Sep 21 20:53:00.019 INF API: test started suite=0 test=128 name="interop/replay-transfer-stateDiff (besu_release)"
Sep 21 20:53:00.021 INF API: test ended suite=0 test=128 pass=false
Sep 21 20:53:00.022 INF API: test started suite=0 test=129 name="interop/replay-transfer-trace (besu_release)"
Sep 21 20:53:00.025 INF API: test ended suite=0 test=129 pass=false
Sep 21 20:53:00.026 INF API: test started suite=0 test=130 name="interop/replay-transfer-vmTrace (besu_release)"
Sep 21 20:53:00.029 INF API: test ended suite=0 test=130 pass=false
Sep 21 20:53:00.029 INF API: test started suite=0 test=131 name="interop/replay-tree-stateDiff (besu_release)"
Sep 21 20:53:00.032 INF API: test ended suite=0 test=131 pass=false
Sep 21 20:53:00.033 INF API: test started suite=0 test=132 name="interop/replay-tree-trace (besu_release)"
Sep 21 20:53:00.036 INF API: test ended suite=0 test=132 pass=false
Sep 21 20:53:00.037 INF API: test started suite=0 test=133 name="interop/replay-tree-vmTrace (besu_release)"
Sep 21 20:53:00.040 INF API: test ended suite=0 test=133 pass=false
Sep 21 20:53:00.041 INF API: test started suite=0 test=134 name="interop/transaction-7702 (besu_release)"
Sep 21 20:53:00.049 INF API: test ended suite=0 test=134 pass=false
Sep 21 20:53:00.050 INF API: test started suite=0 test=135 name="interop/transaction-missing (besu_release)"
Sep 21 20:53:00.054 INF API: test ended suite=0 test=135 pass=false
Sep 21 20:53:00.054 INF API: test started suite=0 test=136 name="interop/transaction-revert (besu_release)"
Sep 21 20:53:00.063 INF API: test ended suite=0 test=136 pass=false
Sep 21 20:53:00.064 INF API: test started suite=0 test=137 name="interop/transaction-transfer (besu_release)"
Sep 21 20:53:00.067 INF API: test ended suite=0 test=137 pass=false
Sep 21 20:53:00.068 INF API: test started suite=0 test=138 name="interop/transaction-tree (besu_release)"
Sep 21 20:53:00.075 INF API: test ended suite=0 test=138 pass=false
Sep 21 20:53:00.597 INF API: test ended suite=0 test=70 pass=true
Sep 21 20:53:00.599 INF API: test started suite=0 test=139 name="client launch (erigon_development)"
Sep 21 20:53:02.186 INF API: client erigon_development started suite=0 test=139 container=78de1014
Sep 21 20:53:02.199 INF API: test started suite=0 test=140 name="interop/_control/head (erigon_development)"
Sep 21 20:53:02.202 INF API: test ended suite=0 test=140 pass=false
Sep 21 20:53:02.203 INF API: test started suite=0 test=141 name="interop/_control/version (erigon_development)"
Sep 21 20:53:02.204 INF API: test ended suite=0 test=141 pass=false
Sep 21 20:53:02.205 INF API: test started suite=0 test=142 name="interop/block-transfer (erigon_development)"
Sep 21 20:53:02.207 INF API: test ended suite=0 test=142 pass=false
Sep 21 20:53:02.207 INF API: test started suite=0 test=143 name="interop/block-tree (erigon_development)"
Sep 21 20:53:02.210 INF API: test ended suite=0 test=143 pass=false
Sep 21 20:53:02.211 INF API: test started suite=0 test=144 name="interop/call-constructor-priced (erigon_development)"
Sep 21 20:53:02.213 INF API: test ended suite=0 test=144 pass=false
Sep 21 20:53:02.214 INF API: test started suite=0 test=145 name="interop/call-constructor (erigon_development)"
Sep 21 20:53:02.215 INF API: test ended suite=0 test=145 pass=false
Sep 21 20:53:02.216 INF API: test started suite=0 test=146 name="interop/call-empty-types-priced (erigon_development)"
Sep 21 20:53:02.217 INF API: test ended suite=0 test=146 pass=false
Sep 21 20:53:02.218 INF API: test started suite=0 test=147 name="interop/call-empty-types (erigon_development)"
Sep 21 20:53:02.219 INF API: test ended suite=0 test=147 pass=false
Sep 21 20:53:02.220 INF API: test started suite=0 test=148 name="interop/call-identity (erigon_development)"
Sep 21 20:53:02.222 INF API: test ended suite=0 test=148 pass=false
Sep 21 20:53:02.222 INF API: test started suite=0 test=149 name="interop/call-many-priced (erigon_development)"
Sep 21 20:53:02.224 INF API: test ended suite=0 test=149 pass=false
Sep 21 20:53:02.225 INF API: test started suite=0 test=150 name="interop/call-many-transfers (erigon_development)"
Sep 21 20:53:02.226 INF API: test ended suite=0 test=150 pass=false
Sep 21 20:53:02.227 INF API: test started suite=0 test=151 name="interop/call-many (erigon_development)"
Sep 21 20:53:02.228 INF API: test ended suite=0 test=151 pass=false
Sep 21 20:53:02.228 INF API: test started suite=0 test=152 name="interop/call-transfer-stateDiff (erigon_development)"
Sep 21 20:53:02.229 INF API: test ended suite=0 test=152 pass=false
Sep 21 20:53:02.230 INF API: test started suite=0 test=153 name="interop/call-transfer-trace (erigon_development)"
Sep 21 20:53:02.231 INF API: test ended suite=0 test=153 pass=false
Sep 21 20:53:02.231 INF API: test started suite=0 test=154 name="interop/call-transfer-vmTrace (erigon_development)"
Sep 21 20:53:02.232 INF API: test ended suite=0 test=154 pass=false
Sep 21 20:53:02.233 INF API: test started suite=0 test=155 name="interop/call-tree-stateDiff-priced (erigon_development)"
Sep 21 20:53:02.235 INF API: test ended suite=0 test=155 pass=false
Sep 21 20:53:02.236 INF API: test started suite=0 test=156 name="interop/call-tree-stateDiff (erigon_development)"
Sep 21 20:53:02.237 INF API: test ended suite=0 test=156 pass=false
Sep 21 20:53:02.238 INF API: test started suite=0 test=157 name="interop/call-tree-trace-priced (erigon_development)"
Sep 21 20:53:02.241 INF API: test ended suite=0 test=157 pass=false
Sep 21 20:53:02.242 INF API: test started suite=0 test=158 name="interop/call-tree-trace (erigon_development)"
Sep 21 20:53:02.243 INF API: test ended suite=0 test=158 pass=false
Sep 21 20:53:02.244 INF API: test started suite=0 test=159 name="interop/call-tree-vmTrace-priced (erigon_development)"
Sep 21 20:53:02.253 INF API: test ended suite=0 test=159 pass=false
Sep 21 20:53:02.254 INF API: test started suite=0 test=160 name="interop/call-tree-vmTrace (erigon_development)"
Sep 21 20:53:02.255 INF API: test ended suite=0 test=160 pass=false
Sep 21 20:53:02.256 INF API: test started suite=0 test=161 name="interop/control-chain-id (erigon_development)"
Sep 21 20:53:02.257 INF API: test ended suite=0 test=161 pass=false
Sep 21 20:53:02.257 INF API: test started suite=0 test=162 name="interop/control-head (erigon_development)"
Sep 21 20:53:02.259 INF API: test ended suite=0 test=162 pass=false
Sep 21 20:53:02.260 INF API: test started suite=0 test=163 name="interop/control-height (erigon_development)"
Sep 21 20:53:02.261 INF API: test ended suite=0 test=163 pass=false
Sep 21 20:53:02.262 INF API: test started suite=0 test=164 name="interop/control-sender-nonce (erigon_development)"
Sep 21 20:53:02.263 INF API: test ended suite=0 test=164 pass=false
Sep 21 20:53:02.264 INF API: test started suite=0 test=165 name="interop/control-tree-receipt (erigon_development)"
Sep 21 20:53:02.265 INF API: test ended suite=0 test=165 pass=false
Sep 21 20:53:02.266 INF API: test started suite=0 test=166 name="interop/control-version (erigon_development)"
Sep 21 20:53:02.267 INF API: test ended suite=0 test=166 pass=false
Sep 21 20:53:02.267 INF API: test started suite=0 test=167 name="interop/filter-all (erigon_development)"
Sep 21 20:53:02.271 INF API: test ended suite=0 test=167 pass=false
Sep 21 20:53:02.272 INF API: test started suite=0 test=168 name="interop/filter-both (erigon_development)"
Sep 21 20:53:02.274 INF API: test ended suite=0 test=168 pass=false
Sep 21 20:53:02.275 INF API: test started suite=0 test=169 name="interop/filter-empty (erigon_development)"
Sep 21 20:53:02.277 INF API: test ended suite=0 test=169 pass=false
Sep 21 20:53:02.278 INF API: test started suite=0 test=170 name="interop/filter-from (erigon_development)"
Sep 21 20:53:02.282 INF API: test ended suite=0 test=170 pass=false
Sep 21 20:53:02.282 INF API: test started suite=0 test=171 name="interop/filter-intersection (erigon_development)"
Sep 21 20:53:02.284 INF API: test ended suite=0 test=171 pass=false
Sep 21 20:53:02.285 INF API: test started suite=0 test=172 name="interop/filter-page (erigon_development)"
Sep 21 20:53:02.286 INF API: test ended suite=0 test=172 pass=false
Sep 21 20:53:02.287 INF API: test started suite=0 test=173 name="interop/filter-to (erigon_development)"
Sep 21 20:53:02.289 INF API: test ended suite=0 test=173 pass=false
Sep 21 20:53:02.290 INF API: test started suite=0 test=174 name="interop/filter-transfer (erigon_development)"
Sep 21 20:53:02.292 INF API: test ended suite=0 test=174 pass=false
Sep 21 20:53:02.292 INF API: test started suite=0 test=175 name="interop/filter-union (erigon_development)"
Sep 21 20:53:02.295 INF API: test ended suite=0 test=175 pass=false
Sep 21 20:53:02.296 INF API: test started suite=0 test=176 name="interop/filter-zero (erigon_development)"
Sep 21 20:53:02.298 INF API: test ended suite=0 test=176 pass=false
Sep 21 20:53:02.300 INF API: test started suite=0 test=177 name="interop/get-missing-tx (erigon_development)"
Sep 21 20:53:02.302 INF API: test ended suite=0 test=177 pass=false
Sep 21 20:53:02.303 INF API: test started suite=0 test=178 name="interop/get-missing (erigon_development)"
Sep 21 20:53:02.304 INF API: test ended suite=0 test=178 pass=false
Sep 21 20:53:02.305 INF API: test started suite=0 test=179 name="interop/get-nested (erigon_development)"
Sep 21 20:53:02.307 INF API: test ended suite=0 test=179 pass=false
Sep 21 20:53:02.308 INF API: test started suite=0 test=180 name="interop/get-one (erigon_development)"
Sep 21 20:53:02.309 INF API: test ended suite=0 test=180 pass=false
Sep 21 20:53:02.310 INF API: test started suite=0 test=181 name="interop/get-root (erigon_development)"
Sep 21 20:53:02.312 INF API: test ended suite=0 test=181 pass=false
Sep 21 20:53:02.313 INF API: test started suite=0 test=182 name="interop/get-transfer-root (erigon_development)"
Sep 21 20:53:02.314 INF API: test ended suite=0 test=182 pass=false
Sep 21 20:53:02.315 INF API: test started suite=0 test=183 name="interop/get-zero (erigon_development)"
Sep 21 20:53:02.316 INF API: test ended suite=0 test=183 pass=false
Sep 21 20:53:02.317 INF API: test started suite=0 test=184 name="interop/raw-invalid (erigon_development)"
Sep 21 20:53:02.318 INF API: test ended suite=0 test=184 pass=false
Sep 21 20:53:02.319 INF API: test started suite=0 test=185 name="interop/raw-valid-current-nonce (erigon_development)"
Sep 21 20:53:02.320 INF API: test ended suite=0 test=185 pass=false
Sep 21 20:53:02.321 INF API: test started suite=0 test=186 name="interop/raw-valid-default-block (erigon_development)"
Sep 21 20:53:02.322 INF API: test ended suite=0 test=186 pass=false
Sep 21 20:53:02.323 INF API: test started suite=0 test=187 name="interop/raw-valid (erigon_development)"
Sep 21 20:53:02.324 INF API: test ended suite=0 test=187 pass=false
Sep 21 20:53:02.325 INF API: test started suite=0 test=188 name="interop/replay-7702-stateDiff (erigon_development)"
Sep 21 20:53:02.327 INF API: test ended suite=0 test=188 pass=false
Sep 21 20:53:02.327 INF API: test started suite=0 test=189 name="interop/replay-7702-trace (erigon_development)"
Sep 21 20:53:02.329 INF API: test ended suite=0 test=189 pass=false
Sep 21 20:53:02.330 INF API: test started suite=0 test=190 name="interop/replay-7702-vmTrace (erigon_development)"
Sep 21 20:53:02.331 INF API: test ended suite=0 test=190 pass=false
Sep 21 20:53:02.332 INF API: test started suite=0 test=191 name="interop/replay-block-transfer (erigon_development)"
Sep 21 20:53:02.333 INF API: test ended suite=0 test=191 pass=false
Sep 21 20:53:02.334 INF API: test started suite=0 test=192 name="interop/replay-block-tree (erigon_development)"
Sep 21 20:53:02.341 INF API: test ended suite=0 test=192 pass=false
Sep 21 20:53:02.342 INF API: test started suite=0 test=193 name="interop/replay-missing (erigon_development)"
Sep 21 20:53:02.343 INF API: test ended suite=0 test=193 pass=false
Sep 21 20:53:02.344 INF API: test started suite=0 test=194 name="interop/replay-revert-stateDiff (erigon_development)"
Sep 21 20:53:02.346 INF API: test ended suite=0 test=194 pass=false
Sep 21 20:53:02.346 INF API: test started suite=0 test=195 name="interop/replay-revert-trace (erigon_development)"
Sep 21 20:53:02.348 INF API: test ended suite=0 test=195 pass=false
Sep 21 20:53:02.349 INF API: test started suite=0 test=196 name="interop/replay-revert-vmTrace (erigon_development)"
Sep 21 20:53:02.351 INF API: test ended suite=0 test=196 pass=false
Sep 21 20:53:02.351 INF API: test started suite=0 test=197 name="interop/replay-transfer-stateDiff (erigon_development)"
Sep 21 20:53:02.353 INF API: test ended suite=0 test=197 pass=false
Sep 21 20:53:02.353 INF API: test started suite=0 test=198 name="interop/replay-transfer-trace (erigon_development)"
Sep 21 20:53:02.355 INF API: test ended suite=0 test=198 pass=false
Sep 21 20:53:02.356 INF API: test started suite=0 test=199 name="interop/replay-transfer-vmTrace (erigon_development)"
Sep 21 20:53:02.358 INF API: test ended suite=0 test=199 pass=false
Sep 21 20:53:02.358 INF API: test started suite=0 test=200 name="interop/replay-tree-stateDiff (erigon_development)"
Sep 21 20:53:02.360 INF API: test ended suite=0 test=200 pass=false
Sep 21 20:53:02.361 INF API: test started suite=0 test=201 name="interop/replay-tree-trace (erigon_development)"
Sep 21 20:53:02.363 INF API: test ended suite=0 test=201 pass=false
Sep 21 20:53:02.364 INF API: test started suite=0 test=202 name="interop/replay-tree-vmTrace (erigon_development)"
Sep 21 20:53:02.373 INF API: test ended suite=0 test=202 pass=false
Sep 21 20:53:02.374 INF API: test started suite=0 test=203 name="interop/transaction-7702 (erigon_development)"
Sep 21 20:53:02.375 INF API: test ended suite=0 test=203 pass=false
Sep 21 20:53:02.376 INF API: test started suite=0 test=204 name="interop/transaction-missing (erigon_development)"
Sep 21 20:53:02.377 INF API: test ended suite=0 test=204 pass=false
Sep 21 20:53:02.378 INF API: test started suite=0 test=205 name="interop/transaction-revert (erigon_development)"
Sep 21 20:53:02.379 INF API: test ended suite=0 test=205 pass=false
Sep 21 20:53:02.380 INF API: test started suite=0 test=206 name="interop/transaction-transfer (erigon_development)"
Sep 21 20:53:02.381 INF API: test ended suite=0 test=206 pass=false
Sep 21 20:53:02.383 INF API: test started suite=0 test=207 name="interop/transaction-tree (erigon_development)"
Sep 21 20:53:02.385 INF API: test ended suite=0 test=207 pass=false
Sep 21 20:53:02.661 INF API: test ended suite=0 test=139 pass=true
Sep 21 20:53:02.662 INF API: test started suite=0 test=208 name="client launch (erigon_release)"
Sep 21 20:53:04.275 INF API: client erigon_release started suite=0 test=208 container=8b99f528
Sep 21 20:53:04.290 INF API: test started suite=0 test=209 name="interop/_control/head (erigon_release)"
Sep 21 20:53:04.293 INF API: test ended suite=0 test=209 pass=false
Sep 21 20:53:04.294 INF API: test started suite=0 test=210 name="interop/_control/version (erigon_release)"
Sep 21 20:53:04.295 INF API: test ended suite=0 test=210 pass=false
Sep 21 20:53:04.296 INF API: test started suite=0 test=211 name="interop/block-transfer (erigon_release)"
Sep 21 20:53:04.298 INF API: test ended suite=0 test=211 pass=false
Sep 21 20:53:04.298 INF API: test started suite=0 test=212 name="interop/block-tree (erigon_release)"
Sep 21 20:53:04.301 INF API: test ended suite=0 test=212 pass=false
Sep 21 20:53:04.302 INF API: test started suite=0 test=213 name="interop/call-constructor-priced (erigon_release)"
Sep 21 20:53:04.303 INF API: test ended suite=0 test=213 pass=false
Sep 21 20:53:04.304 INF API: test started suite=0 test=214 name="interop/call-constructor (erigon_release)"
Sep 21 20:53:04.305 INF API: test ended suite=0 test=214 pass=false
Sep 21 20:53:04.306 INF API: test started suite=0 test=215 name="interop/call-empty-types-priced (erigon_release)"
Sep 21 20:53:04.307 INF API: test ended suite=0 test=215 pass=false
Sep 21 20:53:04.308 INF API: test started suite=0 test=216 name="interop/call-empty-types (erigon_release)"
Sep 21 20:53:04.309 INF API: test ended suite=0 test=216 pass=false
Sep 21 20:53:04.310 INF API: test started suite=0 test=217 name="interop/call-identity (erigon_release)"
Sep 21 20:53:04.311 INF API: test ended suite=0 test=217 pass=false
Sep 21 20:53:04.312 INF API: test started suite=0 test=218 name="interop/call-many-priced (erigon_release)"
Sep 21 20:53:04.314 INF API: test ended suite=0 test=218 pass=false
Sep 21 20:53:04.315 INF API: test started suite=0 test=219 name="interop/call-many-transfers (erigon_release)"
Sep 21 20:53:04.316 INF API: test ended suite=0 test=219 pass=false
Sep 21 20:53:04.316 INF API: test started suite=0 test=220 name="interop/call-many (erigon_release)"
Sep 21 20:53:04.317 INF API: test ended suite=0 test=220 pass=false
Sep 21 20:53:04.318 INF API: test started suite=0 test=221 name="interop/call-transfer-stateDiff (erigon_release)"
Sep 21 20:53:04.319 INF API: test ended suite=0 test=221 pass=false
Sep 21 20:53:04.320 INF API: test started suite=0 test=222 name="interop/call-transfer-trace (erigon_release)"
Sep 21 20:53:04.321 INF API: test ended suite=0 test=222 pass=false
Sep 21 20:53:04.322 INF API: test started suite=0 test=223 name="interop/call-transfer-vmTrace (erigon_release)"
Sep 21 20:53:04.323 INF API: test ended suite=0 test=223 pass=false
Sep 21 20:53:04.324 INF API: test started suite=0 test=224 name="interop/call-tree-stateDiff-priced (erigon_release)"
Sep 21 20:53:04.327 INF API: test ended suite=0 test=224 pass=false
Sep 21 20:53:04.327 INF API: test started suite=0 test=225 name="interop/call-tree-stateDiff (erigon_release)"
Sep 21 20:53:04.329 INF API: test ended suite=0 test=225 pass=false
Sep 21 20:53:04.329 INF API: test started suite=0 test=226 name="interop/call-tree-trace-priced (erigon_release)"
Sep 21 20:53:04.331 INF API: test ended suite=0 test=226 pass=false
Sep 21 20:53:04.332 INF API: test started suite=0 test=227 name="interop/call-tree-trace (erigon_release)"
Sep 21 20:53:04.333 INF API: test ended suite=0 test=227 pass=false
Sep 21 20:53:04.333 INF API: test started suite=0 test=228 name="interop/call-tree-vmTrace-priced (erigon_release)"
Sep 21 20:53:04.342 INF API: test ended suite=0 test=228 pass=false
Sep 21 20:53:04.343 INF API: test started suite=0 test=229 name="interop/call-tree-vmTrace (erigon_release)"
Sep 21 20:53:04.344 INF API: test ended suite=0 test=229 pass=false
Sep 21 20:53:04.345 INF API: test started suite=0 test=230 name="interop/control-chain-id (erigon_release)"
Sep 21 20:53:04.346 INF API: test ended suite=0 test=230 pass=false
Sep 21 20:53:04.346 INF API: test started suite=0 test=231 name="interop/control-head (erigon_release)"
Sep 21 20:53:04.347 INF API: test ended suite=0 test=231 pass=false
Sep 21 20:53:04.348 INF API: test started suite=0 test=232 name="interop/control-height (erigon_release)"
Sep 21 20:53:04.349 INF API: test ended suite=0 test=232 pass=false
Sep 21 20:53:04.349 INF API: test started suite=0 test=233 name="interop/control-sender-nonce (erigon_release)"
Sep 21 20:53:04.350 INF API: test ended suite=0 test=233 pass=false
Sep 21 20:53:04.351 INF API: test started suite=0 test=234 name="interop/control-tree-receipt (erigon_release)"
Sep 21 20:53:04.353 INF API: test ended suite=0 test=234 pass=false
Sep 21 20:53:04.353 INF API: test started suite=0 test=235 name="interop/control-version (erigon_release)"
Sep 21 20:53:04.355 INF API: test ended suite=0 test=235 pass=false
Sep 21 20:53:04.356 INF API: test started suite=0 test=236 name="interop/filter-all (erigon_release)"
Sep 21 20:53:04.359 INF API: test ended suite=0 test=236 pass=false
Sep 21 20:53:04.360 INF API: test started suite=0 test=237 name="interop/filter-both (erigon_release)"
Sep 21 20:53:04.364 INF API: test ended suite=0 test=237 pass=false
Sep 21 20:53:04.365 INF API: test started suite=0 test=238 name="interop/filter-empty (erigon_release)"
Sep 21 20:53:04.369 INF API: test ended suite=0 test=238 pass=false
Sep 21 20:53:04.369 INF API: test started suite=0 test=239 name="interop/filter-from (erigon_release)"
Sep 21 20:53:04.372 INF API: test ended suite=0 test=239 pass=false
Sep 21 20:53:04.373 INF API: test started suite=0 test=240 name="interop/filter-intersection (erigon_release)"
Sep 21 20:53:04.374 INF API: test ended suite=0 test=240 pass=false
Sep 21 20:53:04.375 INF API: test started suite=0 test=241 name="interop/filter-page (erigon_release)"
Sep 21 20:53:04.377 INF API: test ended suite=0 test=241 pass=false
Sep 21 20:53:04.378 INF API: test started suite=0 test=242 name="interop/filter-to (erigon_release)"
Sep 21 20:53:04.380 INF API: test ended suite=0 test=242 pass=false
Sep 21 20:53:04.381 INF API: test started suite=0 test=243 name="interop/filter-transfer (erigon_release)"
Sep 21 20:53:04.383 INF API: test ended suite=0 test=243 pass=false
Sep 21 20:53:04.384 INF API: test started suite=0 test=244 name="interop/filter-union (erigon_release)"
Sep 21 20:53:04.388 INF API: test ended suite=0 test=244 pass=false
Sep 21 20:53:04.388 INF API: test started suite=0 test=245 name="interop/filter-zero (erigon_release)"
Sep 21 20:53:04.390 INF API: test ended suite=0 test=245 pass=false
Sep 21 20:53:04.391 INF API: test started suite=0 test=246 name="interop/get-missing-tx (erigon_release)"
Sep 21 20:53:04.392 INF API: test ended suite=0 test=246 pass=false
Sep 21 20:53:04.393 INF API: test started suite=0 test=247 name="interop/get-missing (erigon_release)"
Sep 21 20:53:04.395 INF API: test ended suite=0 test=247 pass=false
Sep 21 20:53:04.395 INF API: test started suite=0 test=248 name="interop/get-nested (erigon_release)"
Sep 21 20:53:04.396 INF API: test ended suite=0 test=248 pass=false
Sep 21 20:53:04.397 INF API: test started suite=0 test=249 name="interop/get-one (erigon_release)"
Sep 21 20:53:04.399 INF API: test ended suite=0 test=249 pass=false
Sep 21 20:53:04.399 INF API: test started suite=0 test=250 name="interop/get-root (erigon_release)"
Sep 21 20:53:04.401 INF API: test ended suite=0 test=250 pass=false
Sep 21 20:53:04.402 INF API: test started suite=0 test=251 name="interop/get-transfer-root (erigon_release)"
Sep 21 20:53:04.404 INF API: test ended suite=0 test=251 pass=false
Sep 21 20:53:04.404 INF API: test started suite=0 test=252 name="interop/get-zero (erigon_release)"
Sep 21 20:53:04.406 INF API: test ended suite=0 test=252 pass=false
Sep 21 20:53:04.406 INF API: test started suite=0 test=253 name="interop/raw-invalid (erigon_release)"
Sep 21 20:53:04.407 INF API: test ended suite=0 test=253 pass=false
Sep 21 20:53:04.408 INF API: test started suite=0 test=254 name="interop/raw-valid-current-nonce (erigon_release)"
Sep 21 20:53:04.410 INF API: test ended suite=0 test=254 pass=false
Sep 21 20:53:04.410 INF API: test started suite=0 test=255 name="interop/raw-valid-default-block (erigon_release)"
Sep 21 20:53:04.412 INF API: test ended suite=0 test=255 pass=false
Sep 21 20:53:04.413 INF API: test started suite=0 test=256 name="interop/raw-valid (erigon_release)"
Sep 21 20:53:04.414 INF API: test ended suite=0 test=256 pass=false
Sep 21 20:53:04.415 INF API: test started suite=0 test=257 name="interop/replay-7702-stateDiff (erigon_release)"
Sep 21 20:53:04.417 INF API: test ended suite=0 test=257 pass=false
Sep 21 20:53:04.418 INF API: test started suite=0 test=258 name="interop/replay-7702-trace (erigon_release)"
Sep 21 20:53:04.420 INF API: test ended suite=0 test=258 pass=false
Sep 21 20:53:04.420 INF API: test started suite=0 test=259 name="interop/replay-7702-vmTrace (erigon_release)"
Sep 21 20:53:04.422 INF API: test ended suite=0 test=259 pass=false
Sep 21 20:53:04.423 INF API: test started suite=0 test=260 name="interop/replay-block-transfer (erigon_release)"
Sep 21 20:53:04.425 INF API: test ended suite=0 test=260 pass=false
Sep 21 20:53:04.425 INF API: test started suite=0 test=261 name="interop/replay-block-tree (erigon_release)"
Sep 21 20:53:04.434 INF API: test ended suite=0 test=261 pass=false
Sep 21 20:53:04.435 INF API: test started suite=0 test=262 name="interop/replay-missing (erigon_release)"
Sep 21 20:53:04.436 INF API: test ended suite=0 test=262 pass=false
Sep 21 20:53:04.437 INF API: test started suite=0 test=263 name="interop/replay-revert-stateDiff (erigon_release)"
Sep 21 20:53:04.438 INF API: test ended suite=0 test=263 pass=false
Sep 21 20:53:04.439 INF API: test started suite=0 test=264 name="interop/replay-revert-trace (erigon_release)"
Sep 21 20:53:04.441 INF API: test ended suite=0 test=264 pass=false
Sep 21 20:53:04.441 INF API: test started suite=0 test=265 name="interop/replay-revert-vmTrace (erigon_release)"
Sep 21 20:53:04.444 INF API: test ended suite=0 test=265 pass=false
Sep 21 20:53:04.445 INF API: test started suite=0 test=266 name="interop/replay-transfer-stateDiff (erigon_release)"
Sep 21 20:53:04.447 INF API: test ended suite=0 test=266 pass=false
Sep 21 20:53:04.448 INF API: test started suite=0 test=267 name="interop/replay-transfer-trace (erigon_release)"
Sep 21 20:53:04.449 INF API: test ended suite=0 test=267 pass=false
Sep 21 20:53:04.450 INF API: test started suite=0 test=268 name="interop/replay-transfer-vmTrace (erigon_release)"
Sep 21 20:53:04.451 INF API: test ended suite=0 test=268 pass=false
Sep 21 20:53:04.452 INF API: test started suite=0 test=269 name="interop/replay-tree-stateDiff (erigon_release)"
Sep 21 20:53:04.454 INF API: test ended suite=0 test=269 pass=false
Sep 21 20:53:04.455 INF API: test started suite=0 test=270 name="interop/replay-tree-trace (erigon_release)"
Sep 21 20:53:04.458 INF API: test ended suite=0 test=270 pass=false
Sep 21 20:53:04.459 INF API: test started suite=0 test=271 name="interop/replay-tree-vmTrace (erigon_release)"
Sep 21 20:53:04.470 INF API: test ended suite=0 test=271 pass=false
Sep 21 20:53:04.471 INF API: test started suite=0 test=272 name="interop/transaction-7702 (erigon_release)"
Sep 21 20:53:04.472 INF API: test ended suite=0 test=272 pass=false
Sep 21 20:53:04.473 INF API: test started suite=0 test=273 name="interop/transaction-missing (erigon_release)"
Sep 21 20:53:04.474 INF API: test ended suite=0 test=273 pass=false
Sep 21 20:53:04.475 INF API: test started suite=0 test=274 name="interop/transaction-revert (erigon_release)"
Sep 21 20:53:04.476 INF API: test ended suite=0 test=274 pass=false
Sep 21 20:53:04.477 INF API: test started suite=0 test=275 name="interop/transaction-transfer (erigon_release)"
Sep 21 20:53:04.478 INF API: test ended suite=0 test=275 pass=false
Sep 21 20:53:04.479 INF API: test started suite=0 test=276 name="interop/transaction-tree (erigon_release)"
Sep 21 20:53:04.481 INF API: test ended suite=0 test=276 pass=false
Sep 21 20:53:04.939 INF API: test ended suite=0 test=208 pass=true
Sep 21 20:53:04.940 INF API: test started suite=0 test=277 name="client launch (nethermind_development)"
Sep 21 20:53:13.275 INF API: client nethermind_development started suite=0 test=277 container=ea3c35f8
Sep 21 20:53:13.371 INF API: test started suite=0 test=278 name="interop/_control/head (nethermind_development)"
Sep 21 20:53:13.441 INF API: test ended suite=0 test=278 pass=false
Sep 21 20:53:13.442 INF API: test started suite=0 test=279 name="interop/_control/version (nethermind_development)"
Sep 21 20:53:13.446 INF API: test ended suite=0 test=279 pass=false
Sep 21 20:53:13.447 INF API: test started suite=0 test=280 name="interop/block-transfer (nethermind_development)"
Sep 21 20:53:13.552 INF API: test ended suite=0 test=280 pass=false
Sep 21 20:53:13.553 INF API: test started suite=0 test=281 name="interop/block-tree (nethermind_development)"
Sep 21 20:53:13.561 INF API: test ended suite=0 test=281 pass=false
Sep 21 20:53:13.562 INF API: test started suite=0 test=282 name="interop/call-constructor-priced (nethermind_development)"
Sep 21 20:53:13.665 INF API: test ended suite=0 test=282 pass=false
Sep 21 20:53:13.666 INF API: test started suite=0 test=283 name="interop/call-constructor (nethermind_development)"
Sep 21 20:53:13.678 INF API: test ended suite=0 test=283 pass=false
Sep 21 20:53:13.679 INF API: test started suite=0 test=284 name="interop/call-empty-types-priced (nethermind_development)"
Sep 21 20:53:13.715 INF API: test ended suite=0 test=284 pass=false
Sep 21 20:53:13.716 INF API: test started suite=0 test=285 name="interop/call-empty-types (nethermind_development)"
Sep 21 20:53:13.718 INF API: test ended suite=0 test=285 pass=false
Sep 21 20:53:13.729 INF API: test started suite=0 test=286 name="interop/call-identity (nethermind_development)"
Sep 21 20:53:13.735 INF API: test ended suite=0 test=286 pass=false
Sep 21 20:53:13.736 INF API: test started suite=0 test=287 name="interop/call-many-priced (nethermind_development)"
Sep 21 20:53:13.749 INF API: test ended suite=0 test=287 pass=false
Sep 21 20:53:13.750 INF API: test started suite=0 test=288 name="interop/call-many-transfers (nethermind_development)"
Sep 21 20:53:13.754 INF API: test ended suite=0 test=288 pass=false
Sep 21 20:53:13.754 INF API: test started suite=0 test=289 name="interop/call-many (nethermind_development)"
Sep 21 20:53:13.758 INF API: test ended suite=0 test=289 pass=false
Sep 21 20:53:13.759 INF API: test started suite=0 test=290 name="interop/call-transfer-stateDiff (nethermind_development)"
Sep 21 20:53:13.761 INF API: test ended suite=0 test=290 pass=false
Sep 21 20:53:13.762 INF API: test started suite=0 test=291 name="interop/call-transfer-trace (nethermind_development)"
Sep 21 20:53:13.764 INF API: test ended suite=0 test=291 pass=false
Sep 21 20:53:13.765 INF API: test started suite=0 test=292 name="interop/call-transfer-vmTrace (nethermind_development)"
Sep 21 20:53:13.767 INF API: test ended suite=0 test=292 pass=false
Sep 21 20:53:13.767 INF API: test started suite=0 test=293 name="interop/call-tree-stateDiff-priced (nethermind_development)"
Sep 21 20:53:13.783 INF API: test ended suite=0 test=293 pass=false
Sep 21 20:53:13.784 INF API: test started suite=0 test=294 name="interop/call-tree-stateDiff (nethermind_development)"
Sep 21 20:53:13.788 INF API: test ended suite=0 test=294 pass=false
Sep 21 20:53:13.789 INF API: test started suite=0 test=295 name="interop/call-tree-trace-priced (nethermind_development)"
Sep 21 20:53:13.793 INF API: test ended suite=0 test=295 pass=false
Sep 21 20:53:13.794 INF API: test started suite=0 test=296 name="interop/call-tree-trace (nethermind_development)"
Sep 21 20:53:13.798 INF API: test ended suite=0 test=296 pass=false
Sep 21 20:53:13.799 INF API: test started suite=0 test=297 name="interop/call-tree-vmTrace-priced (nethermind_development)"
Sep 21 20:53:13.983 INF API: test ended suite=0 test=297 pass=false
Sep 21 20:53:13.984 INF API: test started suite=0 test=298 name="interop/call-tree-vmTrace (nethermind_development)"
Sep 21 20:53:13.994 INF API: test ended suite=0 test=298 pass=false
Sep 21 20:53:13.995 INF API: test started suite=0 test=299 name="interop/control-chain-id (nethermind_development)"
Sep 21 20:53:14.000 INF API: test ended suite=0 test=299 pass=false
Sep 21 20:53:14.001 INF API: test started suite=0 test=300 name="interop/control-head (nethermind_development)"
Sep 21 20:53:14.003 INF API: test ended suite=0 test=300 pass=false
Sep 21 20:53:14.004 INF API: test started suite=0 test=301 name="interop/control-height (nethermind_development)"
Sep 21 20:53:14.008 INF API: test ended suite=0 test=301 pass=false
Sep 21 20:53:14.009 INF API: test started suite=0 test=302 name="interop/control-sender-nonce (nethermind_development)"
Sep 21 20:53:14.013 INF API: test ended suite=0 test=302 pass=false
Sep 21 20:53:14.014 INF API: test started suite=0 test=303 name="interop/control-tree-receipt (nethermind_development)"
Sep 21 20:53:14.038 INF API: test ended suite=0 test=303 pass=false
Sep 21 20:53:14.040 INF API: test started suite=0 test=304 name="interop/control-version (nethermind_development)"
Sep 21 20:53:14.041 INF API: test ended suite=0 test=304 pass=false
Sep 21 20:53:14.042 INF API: test started suite=0 test=305 name="interop/filter-all (nethermind_development)"
Sep 21 20:53:14.051 INF API: test ended suite=0 test=305 pass=false
Sep 21 20:53:14.052 INF API: test started suite=0 test=306 name="interop/filter-both (nethermind_development)"
Sep 21 20:53:14.056 INF API: test ended suite=0 test=306 pass=false
Sep 21 20:53:14.057 INF API: test started suite=0 test=307 name="interop/filter-empty (nethermind_development)"
Sep 21 20:53:14.059 INF API: test ended suite=0 test=307 pass=false
Sep 21 20:53:14.060 INF API: test started suite=0 test=308 name="interop/filter-from (nethermind_development)"
Sep 21 20:53:14.064 INF API: test ended suite=0 test=308 pass=false
Sep 21 20:53:14.065 INF API: test started suite=0 test=309 name="interop/filter-intersection (nethermind_development)"
Sep 21 20:53:14.068 INF API: test ended suite=0 test=309 pass=false
Sep 21 20:53:14.069 INF API: test started suite=0 test=310 name="interop/filter-page (nethermind_development)"
Sep 21 20:53:14.074 INF API: test ended suite=0 test=310 pass=false
Sep 21 20:53:14.075 INF API: test started suite=0 test=311 name="interop/filter-to (nethermind_development)"
Sep 21 20:53:14.078 INF API: test ended suite=0 test=311 pass=false
Sep 21 20:53:14.078 INF API: test started suite=0 test=312 name="interop/filter-transfer (nethermind_development)"
Sep 21 20:53:14.080 INF API: test ended suite=0 test=312 pass=false
Sep 21 20:53:14.081 INF API: test started suite=0 test=313 name="interop/filter-union (nethermind_development)"
Sep 21 20:53:14.084 INF API: test ended suite=0 test=313 pass=false
Sep 21 20:53:14.085 INF API: test started suite=0 test=314 name="interop/filter-zero (nethermind_development)"
Sep 21 20:53:14.088 INF API: test ended suite=0 test=314 pass=false
Sep 21 20:53:14.088 INF API: test started suite=0 test=315 name="interop/get-missing-tx (nethermind_development)"
Sep 21 20:53:14.094 INF API: test ended suite=0 test=315 pass=false
Sep 21 20:53:14.095 INF API: test started suite=0 test=316 name="interop/get-missing (nethermind_development)"
Sep 21 20:53:14.105 INF API: test ended suite=0 test=316 pass=false
Sep 21 20:53:14.106 INF API: test started suite=0 test=317 name="interop/get-nested (nethermind_development)"
Sep 21 20:53:14.109 INF API: test ended suite=0 test=317 pass=false
Sep 21 20:53:14.110 INF API: test started suite=0 test=318 name="interop/get-one (nethermind_development)"
Sep 21 20:53:14.113 INF API: test ended suite=0 test=318 pass=false
Sep 21 20:53:14.114 INF API: test started suite=0 test=319 name="interop/get-root (nethermind_development)"
Sep 21 20:53:14.116 INF API: test ended suite=0 test=319 pass=false
Sep 21 20:53:14.117 INF API: test started suite=0 test=320 name="interop/get-transfer-root (nethermind_development)"
Sep 21 20:53:14.119 INF API: test ended suite=0 test=320 pass=false
Sep 21 20:53:14.120 INF API: test started suite=0 test=321 name="interop/get-zero (nethermind_development)"
Sep 21 20:53:14.123 INF API: test ended suite=0 test=321 pass=false
Sep 21 20:53:14.123 INF API: test started suite=0 test=322 name="interop/raw-invalid (nethermind_development)"
Sep 21 20:53:14.127 INF API: test ended suite=0 test=322 pass=false
Sep 21 20:53:14.138 INF API: test started suite=0 test=323 name="interop/raw-valid-current-nonce (nethermind_development)"
Sep 21 20:53:14.142 INF API: test ended suite=0 test=323 pass=false
Sep 21 20:53:14.143 INF API: test started suite=0 test=324 name="interop/raw-valid-default-block (nethermind_development)"
Sep 21 20:53:14.145 INF API: test ended suite=0 test=324 pass=false
Sep 21 20:53:14.146 INF API: test started suite=0 test=325 name="interop/raw-valid (nethermind_development)"
Sep 21 20:53:14.147 INF API: test ended suite=0 test=325 pass=false
Sep 21 20:53:14.148 INF API: test started suite=0 test=326 name="interop/replay-7702-stateDiff (nethermind_development)"
Sep 21 20:53:14.151 INF API: test ended suite=0 test=326 pass=false
Sep 21 20:53:14.152 INF API: test started suite=0 test=327 name="interop/replay-7702-trace (nethermind_development)"
Sep 21 20:53:14.154 INF API: test ended suite=0 test=327 pass=false
Sep 21 20:53:14.155 INF API: test started suite=0 test=328 name="interop/replay-7702-vmTrace (nethermind_development)"
Sep 21 20:53:14.157 INF API: test ended suite=0 test=328 pass=false
Sep 21 20:53:14.158 INF API: test started suite=0 test=329 name="interop/replay-block-transfer (nethermind_development)"
Sep 21 20:53:14.161 INF API: test ended suite=0 test=329 pass=false
Sep 21 20:53:14.161 INF API: test started suite=0 test=330 name="interop/replay-block-tree (nethermind_development)"
Sep 21 20:53:14.179 INF API: test ended suite=0 test=330 pass=false
Sep 21 20:53:14.180 INF API: test started suite=0 test=331 name="interop/replay-missing (nethermind_development)"
Sep 21 20:53:14.182 INF API: test ended suite=0 test=331 pass=false
Sep 21 20:53:14.190 INF API: test started suite=0 test=332 name="interop/replay-revert-stateDiff (nethermind_development)"
Sep 21 20:53:14.193 INF API: test ended suite=0 test=332 pass=false
Sep 21 20:53:14.194 INF API: test started suite=0 test=333 name="interop/replay-revert-trace (nethermind_development)"
Sep 21 20:53:14.196 INF API: test ended suite=0 test=333 pass=false
Sep 21 20:53:14.197 INF API: test started suite=0 test=334 name="interop/replay-revert-vmTrace (nethermind_development)"
Sep 21 20:53:14.200 INF API: test ended suite=0 test=334 pass=false
Sep 21 20:53:14.200 INF API: test started suite=0 test=335 name="interop/replay-transfer-stateDiff (nethermind_development)"
Sep 21 20:53:14.203 INF API: test ended suite=0 test=335 pass=false
Sep 21 20:53:14.204 INF API: test started suite=0 test=336 name="interop/replay-transfer-trace (nethermind_development)"
Sep 21 20:53:14.206 INF API: test ended suite=0 test=336 pass=false
Sep 21 20:53:14.207 INF API: test started suite=0 test=337 name="interop/replay-transfer-vmTrace (nethermind_development)"
Sep 21 20:53:14.209 INF API: test ended suite=0 test=337 pass=false
Sep 21 20:53:14.209 INF API: test started suite=0 test=338 name="interop/replay-tree-stateDiff (nethermind_development)"
Sep 21 20:53:14.212 INF API: test ended suite=0 test=338 pass=false
Sep 21 20:53:14.213 INF API: test started suite=0 test=339 name="interop/replay-tree-trace (nethermind_development)"
Sep 21 20:53:14.215 INF API: test ended suite=0 test=339 pass=false
Sep 21 20:53:14.216 INF API: test started suite=0 test=340 name="interop/replay-tree-vmTrace (nethermind_development)"
Sep 21 20:53:14.223 INF API: test ended suite=0 test=340 pass=false
Sep 21 20:53:14.224 INF API: test started suite=0 test=341 name="interop/transaction-7702 (nethermind_development)"
Sep 21 20:53:14.227 INF API: test ended suite=0 test=341 pass=false
Sep 21 20:53:14.228 INF API: test started suite=0 test=342 name="interop/transaction-missing (nethermind_development)"
Sep 21 20:53:14.230 INF API: test ended suite=0 test=342 pass=false
Sep 21 20:53:14.231 INF API: test started suite=0 test=343 name="interop/transaction-revert (nethermind_development)"
Sep 21 20:53:14.233 INF API: test ended suite=0 test=343 pass=false
Sep 21 20:53:14.233 INF API: test started suite=0 test=344 name="interop/transaction-transfer (nethermind_development)"
Sep 21 20:53:14.235 INF API: test ended suite=0 test=344 pass=false
Sep 21 20:53:14.236 INF API: test started suite=0 test=345 name="interop/transaction-tree (nethermind_development)"
Sep 21 20:53:14.238 INF API: test ended suite=0 test=345 pass=false
Sep 21 20:53:15.353 INF API: test ended suite=0 test=277 pass=true
Sep 21 20:53:15.355 INF API: test started suite=0 test=346 name="client launch (nethermind_release)"
Sep 21 20:53:24.226 INF API: client nethermind_release started suite=0 test=346 container=afaf79f5
Sep 21 20:53:24.317 INF API: test started suite=0 test=347 name="interop/_control/head (nethermind_release)"
Sep 21 20:53:24.404 INF API: test ended suite=0 test=347 pass=false
Sep 21 20:53:24.406 INF API: test started suite=0 test=348 name="interop/_control/version (nethermind_release)"
Sep 21 20:53:24.409 INF API: test ended suite=0 test=348 pass=false
Sep 21 20:53:24.410 INF API: test started suite=0 test=349 name="interop/block-transfer (nethermind_release)"
Sep 21 20:53:24.504 INF API: test ended suite=0 test=349 pass=false
Sep 21 20:53:24.505 INF API: test started suite=0 test=350 name="interop/block-tree (nethermind_release)"
Sep 21 20:53:24.514 INF API: test ended suite=0 test=350 pass=false
Sep 21 20:53:24.515 INF API: test started suite=0 test=351 name="interop/call-constructor-priced (nethermind_release)"
Sep 21 20:53:24.574 INF API: test ended suite=0 test=351 pass=false
Sep 21 20:53:24.575 INF API: test started suite=0 test=352 name="interop/call-constructor (nethermind_release)"
Sep 21 20:53:24.578 INF API: test ended suite=0 test=352 pass=false
Sep 21 20:53:24.579 INF API: test started suite=0 test=353 name="interop/call-empty-types-priced (nethermind_release)"
Sep 21 20:53:24.612 INF API: test ended suite=0 test=353 pass=false
Sep 21 20:53:24.613 INF API: test started suite=0 test=354 name="interop/call-empty-types (nethermind_release)"
Sep 21 20:53:24.616 INF API: test ended suite=0 test=354 pass=false
Sep 21 20:53:24.617 INF API: test started suite=0 test=355 name="interop/call-identity (nethermind_release)"
Sep 21 20:53:24.620 INF API: test ended suite=0 test=355 pass=false
Sep 21 20:53:24.621 INF API: test started suite=0 test=356 name="interop/call-many-priced (nethermind_release)"
Sep 21 20:53:24.632 INF API: test ended suite=0 test=356 pass=false
Sep 21 20:53:24.633 INF API: test started suite=0 test=357 name="interop/call-many-transfers (nethermind_release)"
Sep 21 20:53:24.637 INF API: test ended suite=0 test=357 pass=false
Sep 21 20:53:24.638 INF API: test started suite=0 test=358 name="interop/call-many (nethermind_release)"
Sep 21 20:53:24.641 INF API: test ended suite=0 test=358 pass=false
Sep 21 20:53:24.642 INF API: test started suite=0 test=359 name="interop/call-transfer-stateDiff (nethermind_release)"
Sep 21 20:53:24.644 INF API: test ended suite=0 test=359 pass=false
Sep 21 20:53:24.645 INF API: test started suite=0 test=360 name="interop/call-transfer-trace (nethermind_release)"
Sep 21 20:53:24.647 INF API: test ended suite=0 test=360 pass=false
Sep 21 20:53:24.648 INF API: test started suite=0 test=361 name="interop/call-transfer-vmTrace (nethermind_release)"
Sep 21 20:53:24.650 INF API: test ended suite=0 test=361 pass=false
Sep 21 20:53:24.651 INF API: test started suite=0 test=362 name="interop/call-tree-stateDiff-priced (nethermind_release)"
Sep 21 20:53:24.665 INF API: test ended suite=0 test=362 pass=false
Sep 21 20:53:24.666 INF API: test started suite=0 test=363 name="interop/call-tree-stateDiff (nethermind_release)"
Sep 21 20:53:24.668 INF API: test ended suite=0 test=363 pass=false
Sep 21 20:53:24.669 INF API: test started suite=0 test=364 name="interop/call-tree-trace-priced (nethermind_release)"
Sep 21 20:53:24.672 INF API: test ended suite=0 test=364 pass=false
Sep 21 20:53:24.673 INF API: test started suite=0 test=365 name="interop/call-tree-trace (nethermind_release)"
Sep 21 20:53:24.677 INF API: test ended suite=0 test=365 pass=false
Sep 21 20:53:24.677 INF API: test started suite=0 test=366 name="interop/call-tree-vmTrace-priced (nethermind_release)"
Sep 21 20:53:24.690 INF API: test ended suite=0 test=366 pass=false
Sep 21 20:53:24.691 INF API: test started suite=0 test=367 name="interop/call-tree-vmTrace (nethermind_release)"
Sep 21 20:53:24.701 INF API: test ended suite=0 test=367 pass=false
Sep 21 20:53:24.702 INF API: test started suite=0 test=368 name="interop/control-chain-id (nethermind_release)"
Sep 21 20:53:24.705 INF API: test ended suite=0 test=368 pass=false
Sep 21 20:53:24.706 INF API: test started suite=0 test=369 name="interop/control-head (nethermind_release)"
Sep 21 20:53:24.708 INF API: test ended suite=0 test=369 pass=false
Sep 21 20:53:24.709 INF API: test started suite=0 test=370 name="interop/control-height (nethermind_release)"
Sep 21 20:53:24.715 INF API: test ended suite=0 test=370 pass=false
Sep 21 20:53:24.716 INF API: test started suite=0 test=371 name="interop/control-sender-nonce (nethermind_release)"
Sep 21 20:53:24.720 INF API: test ended suite=0 test=371 pass=false
Sep 21 20:53:24.721 INF API: test started suite=0 test=372 name="interop/control-tree-receipt (nethermind_release)"
Sep 21 20:53:24.739 INF API: test ended suite=0 test=372 pass=false
Sep 21 20:53:24.740 INF API: test started suite=0 test=373 name="interop/control-version (nethermind_release)"
Sep 21 20:53:24.741 INF API: test ended suite=0 test=373 pass=false
Sep 21 20:53:24.742 INF API: test started suite=0 test=374 name="interop/filter-all (nethermind_release)"
Sep 21 20:53:24.751 INF API: test ended suite=0 test=374 pass=false
Sep 21 20:53:24.751 INF API: test started suite=0 test=375 name="interop/filter-both (nethermind_release)"
Sep 21 20:53:24.755 INF API: test ended suite=0 test=375 pass=false
Sep 21 20:53:24.756 INF API: test started suite=0 test=376 name="interop/filter-empty (nethermind_release)"
Sep 21 20:53:24.759 INF API: test ended suite=0 test=376 pass=false
Sep 21 20:53:24.759 INF API: test started suite=0 test=377 name="interop/filter-from (nethermind_release)"
Sep 21 20:53:24.763 INF API: test ended suite=0 test=377 pass=false
Sep 21 20:53:24.764 INF API: test started suite=0 test=378 name="interop/filter-intersection (nethermind_release)"
Sep 21 20:53:24.767 INF API: test ended suite=0 test=378 pass=false
Sep 21 20:53:24.768 INF API: test started suite=0 test=379 name="interop/filter-page (nethermind_release)"
Sep 21 20:53:24.773 INF API: test ended suite=0 test=379 pass=false
Sep 21 20:53:24.773 INF API: test started suite=0 test=380 name="interop/filter-to (nethermind_release)"
Sep 21 20:53:24.776 INF API: test ended suite=0 test=380 pass=false
Sep 21 20:53:24.777 INF API: test started suite=0 test=381 name="interop/filter-transfer (nethermind_release)"
Sep 21 20:53:24.779 INF API: test ended suite=0 test=381 pass=false
Sep 21 20:53:24.780 INF API: test started suite=0 test=382 name="interop/filter-union (nethermind_release)"
Sep 21 20:53:24.783 INF API: test ended suite=0 test=382 pass=false
Sep 21 20:53:24.783 INF API: test started suite=0 test=383 name="interop/filter-zero (nethermind_release)"
Sep 21 20:53:24.786 INF API: test ended suite=0 test=383 pass=false
Sep 21 20:53:24.787 INF API: test started suite=0 test=384 name="interop/get-missing-tx (nethermind_release)"
Sep 21 20:53:24.792 INF API: test ended suite=0 test=384 pass=false
Sep 21 20:53:24.793 INF API: test started suite=0 test=385 name="interop/get-missing (nethermind_release)"
Sep 21 20:53:24.801 INF API: test ended suite=0 test=385 pass=false
Sep 21 20:53:24.802 INF API: test started suite=0 test=386 name="interop/get-nested (nethermind_release)"
Sep 21 20:53:24.805 INF API: test ended suite=0 test=386 pass=false
Sep 21 20:53:24.806 INF API: test started suite=0 test=387 name="interop/get-one (nethermind_release)"
Sep 21 20:53:24.809 INF API: test ended suite=0 test=387 pass=false
Sep 21 20:53:24.810 INF API: test started suite=0 test=388 name="interop/get-root (nethermind_release)"
Sep 21 20:53:24.812 INF API: test ended suite=0 test=388 pass=false
Sep 21 20:53:24.813 INF API: test started suite=0 test=389 name="interop/get-transfer-root (nethermind_release)"
Sep 21 20:53:24.815 INF API: test ended suite=0 test=389 pass=false
Sep 21 20:53:24.816 INF API: test started suite=0 test=390 name="interop/get-zero (nethermind_release)"
Sep 21 20:53:24.818 INF API: test ended suite=0 test=390 pass=false
Sep 21 20:53:24.819 INF API: test started suite=0 test=391 name="interop/raw-invalid (nethermind_release)"
Sep 21 20:53:24.821 INF API: test ended suite=0 test=391 pass=false
Sep 21 20:53:24.832 INF API: test started suite=0 test=392 name="interop/raw-valid-current-nonce (nethermind_release)"
Sep 21 20:53:24.836 INF API: test ended suite=0 test=392 pass=false
Sep 21 20:53:24.837 INF API: test started suite=0 test=393 name="interop/raw-valid-default-block (nethermind_release)"
Sep 21 20:53:24.841 INF API: test ended suite=0 test=393 pass=false
Sep 21 20:53:24.842 INF API: test started suite=0 test=394 name="interop/raw-valid (nethermind_release)"
Sep 21 20:53:24.843 INF API: test ended suite=0 test=394 pass=false
Sep 21 20:53:24.855 INF API: test started suite=0 test=395 name="interop/replay-7702-stateDiff (nethermind_release)"
Sep 21 20:53:24.859 INF API: test ended suite=0 test=395 pass=false
Sep 21 20:53:24.860 INF API: test started suite=0 test=396 name="interop/replay-7702-trace (nethermind_release)"
Sep 21 20:53:24.863 INF API: test ended suite=0 test=396 pass=false
Sep 21 20:53:24.865 INF API: test started suite=0 test=397 name="interop/replay-7702-vmTrace (nethermind_release)"
Sep 21 20:53:24.868 INF API: test ended suite=0 test=397 pass=false
Sep 21 20:53:24.869 INF API: test started suite=0 test=398 name="interop/replay-block-transfer (nethermind_release)"
Sep 21 20:53:24.871 INF API: test ended suite=0 test=398 pass=false
Sep 21 20:53:24.872 INF API: test started suite=0 test=399 name="interop/replay-block-tree (nethermind_release)"
Sep 21 20:53:24.882 INF API: test ended suite=0 test=399 pass=false
Sep 21 20:53:24.883 INF API: test started suite=0 test=400 name="interop/replay-missing (nethermind_release)"
Sep 21 20:53:24.884 INF API: test ended suite=0 test=400 pass=false
Sep 21 20:53:24.888 INF API: test started suite=0 test=401 name="interop/replay-revert-stateDiff (nethermind_release)"
Sep 21 20:53:24.892 INF API: test ended suite=0 test=401 pass=false
Sep 21 20:53:24.892 INF API: test started suite=0 test=402 name="interop/replay-revert-trace (nethermind_release)"
Sep 21 20:53:24.895 INF API: test ended suite=0 test=402 pass=false
Sep 21 20:53:24.896 INF API: test started suite=0 test=403 name="interop/replay-revert-vmTrace (nethermind_release)"
Sep 21 20:53:24.899 INF API: test ended suite=0 test=403 pass=false
Sep 21 20:53:24.899 INF API: test started suite=0 test=404 name="interop/replay-transfer-stateDiff (nethermind_release)"
Sep 21 20:53:24.902 INF API: test ended suite=0 test=404 pass=false
Sep 21 20:53:24.903 INF API: test started suite=0 test=405 name="interop/replay-transfer-trace (nethermind_release)"
Sep 21 20:53:24.905 INF API: test ended suite=0 test=405 pass=false
Sep 21 20:53:24.906 INF API: test started suite=0 test=406 name="interop/replay-transfer-vmTrace (nethermind_release)"
Sep 21 20:53:24.909 INF API: test ended suite=0 test=406 pass=false
Sep 21 20:53:24.909 INF API: test started suite=0 test=407 name="interop/replay-tree-stateDiff (nethermind_release)"
Sep 21 20:53:24.913 INF API: test ended suite=0 test=407 pass=false
Sep 21 20:53:24.914 INF API: test started suite=0 test=408 name="interop/replay-tree-trace (nethermind_release)"
Sep 21 20:53:24.918 INF API: test ended suite=0 test=408 pass=false
Sep 21 20:53:24.918 INF API: test started suite=0 test=409 name="interop/replay-tree-vmTrace (nethermind_release)"
Sep 21 20:53:24.928 INF API: test ended suite=0 test=409 pass=false
Sep 21 20:53:24.929 INF API: test started suite=0 test=410 name="interop/transaction-7702 (nethermind_release)"
Sep 21 20:53:24.933 INF API: test ended suite=0 test=410 pass=false
Sep 21 20:53:24.934 INF API: test started suite=0 test=411 name="interop/transaction-missing (nethermind_release)"
Sep 21 20:53:24.935 INF API: test ended suite=0 test=411 pass=false
Sep 21 20:53:24.950 INF API: test started suite=0 test=412 name="interop/transaction-revert (nethermind_release)"
Sep 21 20:53:24.953 INF API: test ended suite=0 test=412 pass=false
Sep 21 20:53:24.954 INF API: test started suite=0 test=413 name="interop/transaction-transfer (nethermind_release)"
Sep 21 20:53:24.956 INF API: test ended suite=0 test=413 pass=false
Sep 21 20:53:24.957 INF API: test started suite=0 test=414 name="interop/transaction-tree (nethermind_release)"
Sep 21 20:53:24.961 INF API: test ended suite=0 test=414 pass=false
Sep 21 20:53:25.762 INF API: test ended suite=0 test=346 pass=true
Sep 21 20:53:25.764 INF API: test started suite=0 test=415 name="client launch (reth_development)"
Sep 21 20:53:28.456 INF API: client reth_development started suite=0 test=415 container=67a5ab15
Sep 21 20:53:28.471 INF API: test started suite=0 test=416 name="interop/_control/head (reth_development)"
Sep 21 20:53:28.474 INF API: test ended suite=0 test=416 pass=false
Sep 21 20:53:28.475 INF API: test started suite=0 test=417 name="interop/_control/version (reth_development)"
Sep 21 20:53:28.477 INF API: test ended suite=0 test=417 pass=false
Sep 21 20:53:28.478 INF API: test started suite=0 test=418 name="interop/block-transfer (reth_development)"
Sep 21 20:53:28.480 INF API: test ended suite=0 test=418 pass=false
Sep 21 20:53:28.481 INF API: test started suite=0 test=419 name="interop/block-tree (reth_development)"
Sep 21 20:53:28.484 INF API: test ended suite=0 test=419 pass=false
Sep 21 20:53:28.485 INF API: test started suite=0 test=420 name="interop/call-constructor-priced (reth_development)"
Sep 21 20:53:28.488 INF API: test ended suite=0 test=420 pass=false
Sep 21 20:53:28.489 INF API: test started suite=0 test=421 name="interop/call-constructor (reth_development)"
Sep 21 20:53:28.491 INF API: test ended suite=0 test=421 pass=false
Sep 21 20:53:28.492 INF API: test started suite=0 test=422 name="interop/call-empty-types-priced (reth_development)"
Sep 21 20:53:28.493 INF API: test ended suite=0 test=422 pass=false
Sep 21 20:53:28.494 INF API: test started suite=0 test=423 name="interop/call-empty-types (reth_development)"
Sep 21 20:53:28.496 INF API: test ended suite=0 test=423 pass=false
Sep 21 20:53:28.497 INF API: test started suite=0 test=424 name="interop/call-identity (reth_development)"
Sep 21 20:53:28.499 INF API: test ended suite=0 test=424 pass=false
Sep 21 20:53:28.500 INF API: test started suite=0 test=425 name="interop/call-many-priced (reth_development)"
Sep 21 20:53:28.502 INF API: test ended suite=0 test=425 pass=false
Sep 21 20:53:28.503 INF API: test started suite=0 test=426 name="interop/call-many-transfers (reth_development)"
Sep 21 20:53:28.505 INF API: test ended suite=0 test=426 pass=false
Sep 21 20:53:28.505 INF API: test started suite=0 test=427 name="interop/call-many (reth_development)"
Sep 21 20:53:28.508 INF API: test ended suite=0 test=427 pass=false
Sep 21 20:53:28.509 INF API: test started suite=0 test=428 name="interop/call-transfer-stateDiff (reth_development)"
Sep 21 20:53:28.510 INF API: test ended suite=0 test=428 pass=false
Sep 21 20:53:28.511 INF API: test started suite=0 test=429 name="interop/call-transfer-trace (reth_development)"
Sep 21 20:53:28.513 INF API: test ended suite=0 test=429 pass=false
Sep 21 20:53:28.514 INF API: test started suite=0 test=430 name="interop/call-transfer-vmTrace (reth_development)"
Sep 21 20:53:28.515 INF API: test ended suite=0 test=430 pass=false
Sep 21 20:53:28.516 INF API: test started suite=0 test=431 name="interop/call-tree-stateDiff-priced (reth_development)"
Sep 21 20:53:28.518 INF API: test ended suite=0 test=431 pass=false
Sep 21 20:53:28.518 INF API: test started suite=0 test=432 name="interop/call-tree-stateDiff (reth_development)"
Sep 21 20:53:28.521 INF API: test ended suite=0 test=432 pass=false
Sep 21 20:53:28.522 INF API: test started suite=0 test=433 name="interop/call-tree-trace-priced (reth_development)"
Sep 21 20:53:28.524 INF API: test ended suite=0 test=433 pass=false
Sep 21 20:53:28.525 INF API: test started suite=0 test=434 name="interop/call-tree-trace (reth_development)"
Sep 21 20:53:28.527 INF API: test ended suite=0 test=434 pass=false
Sep 21 20:53:28.528 INF API: test started suite=0 test=435 name="interop/call-tree-vmTrace-priced (reth_development)"
Sep 21 20:53:28.546 INF API: test ended suite=0 test=435 pass=false
Sep 21 20:53:28.547 INF API: test started suite=0 test=436 name="interop/call-tree-vmTrace (reth_development)"
Sep 21 20:53:28.562 INF API: test ended suite=0 test=436 pass=false
Sep 21 20:53:28.563 INF API: test started suite=0 test=437 name="interop/control-chain-id (reth_development)"
Sep 21 20:53:28.565 INF API: test ended suite=0 test=437 pass=false
Sep 21 20:53:28.566 INF API: test started suite=0 test=438 name="interop/control-head (reth_development)"
Sep 21 20:53:28.568 INF API: test ended suite=0 test=438 pass=false
Sep 21 20:53:28.568 INF API: test started suite=0 test=439 name="interop/control-height (reth_development)"
Sep 21 20:53:28.570 INF API: test ended suite=0 test=439 pass=false
Sep 21 20:53:28.570 INF API: test started suite=0 test=440 name="interop/control-sender-nonce (reth_development)"
Sep 21 20:53:28.572 INF API: test ended suite=0 test=440 pass=false
Sep 21 20:53:28.572 INF API: test started suite=0 test=441 name="interop/control-tree-receipt (reth_development)"
Sep 21 20:53:28.575 INF API: test ended suite=0 test=441 pass=false
Sep 21 20:53:28.575 INF API: test started suite=0 test=442 name="interop/control-version (reth_development)"
Sep 21 20:53:28.577 INF API: test ended suite=0 test=442 pass=false
Sep 21 20:53:28.577 INF API: test started suite=0 test=443 name="interop/filter-all (reth_development)"
Sep 21 20:53:28.581 INF API: test ended suite=0 test=443 pass=false
Sep 21 20:53:28.582 INF API: test started suite=0 test=444 name="interop/filter-both (reth_development)"
Sep 21 20:53:28.584 INF API: test ended suite=0 test=444 pass=false
Sep 21 20:53:28.585 INF API: test started suite=0 test=445 name="interop/filter-empty (reth_development)"
Sep 21 20:53:28.588 INF API: test ended suite=0 test=445 pass=false
Sep 21 20:53:28.589 INF API: test started suite=0 test=446 name="interop/filter-from (reth_development)"
Sep 21 20:53:28.591 INF API: test ended suite=0 test=446 pass=false
Sep 21 20:53:28.592 INF API: test started suite=0 test=447 name="interop/filter-intersection (reth_development)"
Sep 21 20:53:28.594 INF API: test ended suite=0 test=447 pass=false
Sep 21 20:53:28.596 INF API: test started suite=0 test=448 name="interop/filter-page (reth_development)"
Sep 21 20:53:28.598 INF API: test ended suite=0 test=448 pass=false
Sep 21 20:53:28.599 INF API: test started suite=0 test=449 name="interop/filter-to (reth_development)"
Sep 21 20:53:28.601 INF API: test ended suite=0 test=449 pass=false
Sep 21 20:53:28.602 INF API: test started suite=0 test=450 name="interop/filter-transfer (reth_development)"
Sep 21 20:53:28.604 INF API: test ended suite=0 test=450 pass=false
Sep 21 20:53:28.604 INF API: test started suite=0 test=451 name="interop/filter-union (reth_development)"
Sep 21 20:53:28.607 INF API: test ended suite=0 test=451 pass=false
Sep 21 20:53:28.608 INF API: test started suite=0 test=452 name="interop/filter-zero (reth_development)"
Sep 21 20:53:28.610 INF API: test ended suite=0 test=452 pass=false
Sep 21 20:53:28.611 INF API: test started suite=0 test=453 name="interop/get-missing-tx (reth_development)"
Sep 21 20:53:28.613 INF API: test ended suite=0 test=453 pass=false
Sep 21 20:53:28.613 INF API: test started suite=0 test=454 name="interop/get-missing (reth_development)"
Sep 21 20:53:28.616 INF API: test ended suite=0 test=454 pass=false
Sep 21 20:53:28.617 INF API: test started suite=0 test=455 name="interop/get-nested (reth_development)"
Sep 21 20:53:28.618 INF API: test ended suite=0 test=455 pass=false
Sep 21 20:53:28.619 INF API: test started suite=0 test=456 name="interop/get-one (reth_development)"
Sep 21 20:53:28.621 INF API: test ended suite=0 test=456 pass=false
Sep 21 20:53:28.622 INF API: test started suite=0 test=457 name="interop/get-root (reth_development)"
Sep 21 20:53:28.623 INF API: test ended suite=0 test=457 pass=false
Sep 21 20:53:28.623 INF API: test started suite=0 test=458 name="interop/get-transfer-root (reth_development)"
Sep 21 20:53:28.624 INF API: test ended suite=0 test=458 pass=false
Sep 21 20:53:28.625 INF API: test started suite=0 test=459 name="interop/get-zero (reth_development)"
Sep 21 20:53:28.627 INF API: test ended suite=0 test=459 pass=false
Sep 21 20:53:28.628 INF API: test started suite=0 test=460 name="interop/raw-invalid (reth_development)"
Sep 21 20:53:28.629 INF API: test ended suite=0 test=460 pass=false
Sep 21 20:53:28.630 INF API: test started suite=0 test=461 name="interop/raw-valid-current-nonce (reth_development)"
Sep 21 20:53:28.631 INF API: test ended suite=0 test=461 pass=false
Sep 21 20:53:28.632 INF API: test started suite=0 test=462 name="interop/raw-valid-default-block (reth_development)"
Sep 21 20:53:28.633 INF API: test ended suite=0 test=462 pass=false
Sep 21 20:53:28.634 INF API: test started suite=0 test=463 name="interop/raw-valid (reth_development)"
Sep 21 20:53:28.637 INF API: test ended suite=0 test=463 pass=false
Sep 21 20:53:28.637 INF API: test started suite=0 test=464 name="interop/replay-7702-stateDiff (reth_development)"
Sep 21 20:53:28.639 INF API: test ended suite=0 test=464 pass=false
Sep 21 20:53:28.640 INF API: test started suite=0 test=465 name="interop/replay-7702-trace (reth_development)"
Sep 21 20:53:28.642 INF API: test ended suite=0 test=465 pass=false
Sep 21 20:53:28.643 INF API: test started suite=0 test=466 name="interop/replay-7702-vmTrace (reth_development)"
Sep 21 20:53:28.645 INF API: test ended suite=0 test=466 pass=false
Sep 21 20:53:28.646 INF API: test started suite=0 test=467 name="interop/replay-block-transfer (reth_development)"
Sep 21 20:53:28.648 INF API: test ended suite=0 test=467 pass=false
Sep 21 20:53:28.649 INF API: test started suite=0 test=468 name="interop/replay-block-tree (reth_development)"
Sep 21 20:53:28.660 INF API: test ended suite=0 test=468 pass=false
Sep 21 20:53:28.661 INF API: test started suite=0 test=469 name="interop/replay-missing (reth_development)"
Sep 21 20:53:28.662 INF API: test ended suite=0 test=469 pass=false
Sep 21 20:53:28.663 INF API: test started suite=0 test=470 name="interop/replay-revert-stateDiff (reth_development)"
Sep 21 20:53:28.665 INF API: test ended suite=0 test=470 pass=false
Sep 21 20:53:28.666 INF API: test started suite=0 test=471 name="interop/replay-revert-trace (reth_development)"
Sep 21 20:53:28.667 INF API: test ended suite=0 test=471 pass=false
Sep 21 20:53:28.668 INF API: test started suite=0 test=472 name="interop/replay-revert-vmTrace (reth_development)"
Sep 21 20:53:28.671 INF API: test ended suite=0 test=472 pass=false
Sep 21 20:53:28.672 INF API: test started suite=0 test=473 name="interop/replay-transfer-stateDiff (reth_development)"
Sep 21 20:53:28.674 INF API: test ended suite=0 test=473 pass=false
Sep 21 20:53:28.674 INF API: test started suite=0 test=474 name="interop/replay-transfer-trace (reth_development)"
Sep 21 20:53:28.676 INF API: test ended suite=0 test=474 pass=false
Sep 21 20:53:28.677 INF API: test started suite=0 test=475 name="interop/replay-transfer-vmTrace (reth_development)"
Sep 21 20:53:28.679 INF API: test ended suite=0 test=475 pass=false
Sep 21 20:53:28.680 INF API: test started suite=0 test=476 name="interop/replay-tree-stateDiff (reth_development)"
Sep 21 20:53:28.681 INF API: test ended suite=0 test=476 pass=false
Sep 21 20:53:28.682 INF API: test started suite=0 test=477 name="interop/replay-tree-trace (reth_development)"
Sep 21 20:53:28.684 INF API: test ended suite=0 test=477 pass=false
Sep 21 20:53:28.685 INF API: test started suite=0 test=478 name="interop/replay-tree-vmTrace (reth_development)"
Sep 21 20:53:28.701 INF API: test ended suite=0 test=478 pass=false
Sep 21 20:53:28.703 INF API: test started suite=0 test=479 name="interop/transaction-7702 (reth_development)"
Sep 21 20:53:28.705 INF API: test ended suite=0 test=479 pass=false
Sep 21 20:53:28.706 INF API: test started suite=0 test=480 name="interop/transaction-missing (reth_development)"
Sep 21 20:53:28.707 INF API: test ended suite=0 test=480 pass=false
Sep 21 20:53:28.708 INF API: test started suite=0 test=481 name="interop/transaction-revert (reth_development)"
Sep 21 20:53:28.710 INF API: test ended suite=0 test=481 pass=false
Sep 21 20:53:28.711 INF API: test started suite=0 test=482 name="interop/transaction-transfer (reth_development)"
Sep 21 20:53:28.713 INF API: test ended suite=0 test=482 pass=false
Sep 21 20:53:28.713 INF API: test started suite=0 test=483 name="interop/transaction-tree (reth_development)"
Sep 21 20:53:28.716 INF API: test ended suite=0 test=483 pass=false
Sep 21 20:53:29.158 INF API: test ended suite=0 test=415 pass=true
Sep 21 20:53:29.159 INF API: test started suite=0 test=484 name="client launch (reth_release)"
Sep 21 20:53:31.889 INF API: client reth_release started suite=0 test=484 container=7ae7d957
Sep 21 20:53:31.897 INF API: test started suite=0 test=485 name="interop/_control/head (reth_release)"
Sep 21 20:53:31.899 INF API: test ended suite=0 test=485 pass=false
Sep 21 20:53:31.900 INF API: test started suite=0 test=486 name="interop/_control/version (reth_release)"
Sep 21 20:53:31.902 INF API: test ended suite=0 test=486 pass=false
Sep 21 20:53:31.902 INF API: test started suite=0 test=487 name="interop/block-transfer (reth_release)"
Sep 21 20:53:31.905 INF API: test ended suite=0 test=487 pass=false
Sep 21 20:53:31.905 INF API: test started suite=0 test=488 name="interop/block-tree (reth_release)"
Sep 21 20:53:31.909 INF API: test ended suite=0 test=488 pass=false
Sep 21 20:53:31.910 INF API: test started suite=0 test=489 name="interop/call-constructor-priced (reth_release)"
Sep 21 20:53:31.912 INF API: test ended suite=0 test=489 pass=false
Sep 21 20:53:31.913 INF API: test started suite=0 test=490 name="interop/call-constructor (reth_release)"
Sep 21 20:53:31.915 INF API: test ended suite=0 test=490 pass=false
Sep 21 20:53:31.916 INF API: test started suite=0 test=491 name="interop/call-empty-types-priced (reth_release)"
Sep 21 20:53:31.918 INF API: test ended suite=0 test=491 pass=false
Sep 21 20:53:31.918 INF API: test started suite=0 test=492 name="interop/call-empty-types (reth_release)"
Sep 21 20:53:31.920 INF API: test ended suite=0 test=492 pass=false
Sep 21 20:53:31.920 INF API: test started suite=0 test=493 name="interop/call-identity (reth_release)"
Sep 21 20:53:31.921 INF API: test ended suite=0 test=493 pass=false
Sep 21 20:53:31.922 INF API: test started suite=0 test=494 name="interop/call-many-priced (reth_release)"
Sep 21 20:53:31.923 INF API: test ended suite=0 test=494 pass=false
Sep 21 20:53:31.924 INF API: test started suite=0 test=495 name="interop/call-many-transfers (reth_release)"
Sep 21 20:53:31.925 INF API: test ended suite=0 test=495 pass=false
Sep 21 20:53:31.926 INF API: test started suite=0 test=496 name="interop/call-many (reth_release)"
Sep 21 20:53:31.928 INF API: test ended suite=0 test=496 pass=false
Sep 21 20:53:31.929 INF API: test started suite=0 test=497 name="interop/call-transfer-stateDiff (reth_release)"
Sep 21 20:53:31.930 INF API: test ended suite=0 test=497 pass=false
Sep 21 20:53:31.931 INF API: test started suite=0 test=498 name="interop/call-transfer-trace (reth_release)"
Sep 21 20:53:31.932 INF API: test ended suite=0 test=498 pass=false
Sep 21 20:53:31.933 INF API: test started suite=0 test=499 name="interop/call-transfer-vmTrace (reth_release)"
Sep 21 20:53:31.934 INF API: test ended suite=0 test=499 pass=false
Sep 21 20:53:31.935 INF API: test started suite=0 test=500 name="interop/call-tree-stateDiff-priced (reth_release)"
Sep 21 20:53:31.936 INF API: test ended suite=0 test=500 pass=false
Sep 21 20:53:31.937 INF API: test started suite=0 test=501 name="interop/call-tree-stateDiff (reth_release)"
Sep 21 20:53:31.939 INF API: test ended suite=0 test=501 pass=false
Sep 21 20:53:31.939 INF API: test started suite=0 test=502 name="interop/call-tree-trace-priced (reth_release)"
Sep 21 20:53:31.941 INF API: test ended suite=0 test=502 pass=false
Sep 21 20:53:31.942 INF API: test started suite=0 test=503 name="interop/call-tree-trace (reth_release)"
Sep 21 20:53:31.944 INF API: test ended suite=0 test=503 pass=false
Sep 21 20:53:31.945 INF API: test started suite=0 test=504 name="interop/call-tree-vmTrace-priced (reth_release)"
Sep 21 20:53:31.960 INF API: test ended suite=0 test=504 pass=false
Sep 21 20:53:31.960 INF API: test started suite=0 test=505 name="interop/call-tree-vmTrace (reth_release)"
Sep 21 20:53:31.976 INF API: test ended suite=0 test=505 pass=false
Sep 21 20:53:31.977 INF API: test started suite=0 test=506 name="interop/control-chain-id (reth_release)"
Sep 21 20:53:31.978 INF API: test ended suite=0 test=506 pass=false
Sep 21 20:53:31.979 INF API: test started suite=0 test=507 name="interop/control-head (reth_release)"
Sep 21 20:53:31.980 INF API: test ended suite=0 test=507 pass=false
Sep 21 20:53:31.981 INF API: test started suite=0 test=508 name="interop/control-height (reth_release)"
Sep 21 20:53:31.983 INF API: test ended suite=0 test=508 pass=false
Sep 21 20:53:31.983 INF API: test started suite=0 test=509 name="interop/control-sender-nonce (reth_release)"
Sep 21 20:53:31.984 INF API: test ended suite=0 test=509 pass=false
Sep 21 20:53:31.985 INF API: test started suite=0 test=510 name="interop/control-tree-receipt (reth_release)"
Sep 21 20:53:31.988 INF API: test ended suite=0 test=510 pass=false
Sep 21 20:53:31.988 INF API: test started suite=0 test=511 name="interop/control-version (reth_release)"
Sep 21 20:53:31.989 INF API: test ended suite=0 test=511 pass=false
Sep 21 20:53:31.990 INF API: test started suite=0 test=512 name="interop/filter-all (reth_release)"
Sep 21 20:53:31.994 INF API: test ended suite=0 test=512 pass=false
Sep 21 20:53:31.994 INF API: test started suite=0 test=513 name="interop/filter-both (reth_release)"
Sep 21 20:53:31.997 INF API: test ended suite=0 test=513 pass=false
Sep 21 20:53:31.998 INF API: test started suite=0 test=514 name="interop/filter-empty (reth_release)"
Sep 21 20:53:32.000 INF API: test ended suite=0 test=514 pass=false
Sep 21 20:53:32.001 INF API: test started suite=0 test=515 name="interop/filter-from (reth_release)"
Sep 21 20:53:32.003 INF API: test ended suite=0 test=515 pass=false
Sep 21 20:53:32.004 INF API: test started suite=0 test=516 name="interop/filter-intersection (reth_release)"
Sep 21 20:53:32.006 INF API: test ended suite=0 test=516 pass=false
Sep 21 20:53:32.007 INF API: test started suite=0 test=517 name="interop/filter-page (reth_release)"
Sep 21 20:53:32.009 INF API: test ended suite=0 test=517 pass=false
Sep 21 20:53:32.010 INF API: test started suite=0 test=518 name="interop/filter-to (reth_release)"
Sep 21 20:53:32.012 INF API: test ended suite=0 test=518 pass=false
Sep 21 20:53:32.013 INF API: test started suite=0 test=519 name="interop/filter-transfer (reth_release)"
Sep 21 20:53:32.014 INF API: test ended suite=0 test=519 pass=false
Sep 21 20:53:32.015 INF API: test started suite=0 test=520 name="interop/filter-union (reth_release)"
Sep 21 20:53:32.017 INF API: test ended suite=0 test=520 pass=false
Sep 21 20:53:32.018 INF API: test started suite=0 test=521 name="interop/filter-zero (reth_release)"
Sep 21 20:53:32.020 INF API: test ended suite=0 test=521 pass=false
Sep 21 20:53:32.020 INF API: test started suite=0 test=522 name="interop/get-missing-tx (reth_release)"
Sep 21 20:53:32.022 INF API: test ended suite=0 test=522 pass=false
Sep 21 20:53:32.022 INF API: test started suite=0 test=523 name="interop/get-missing (reth_release)"
Sep 21 20:53:32.024 INF API: test ended suite=0 test=523 pass=false
Sep 21 20:53:32.024 INF API: test started suite=0 test=524 name="interop/get-nested (reth_release)"
Sep 21 20:53:32.025 INF API: test ended suite=0 test=524 pass=false
Sep 21 20:53:32.026 INF API: test started suite=0 test=525 name="interop/get-one (reth_release)"
Sep 21 20:53:32.028 INF API: test ended suite=0 test=525 pass=false
Sep 21 20:53:32.028 INF API: test started suite=0 test=526 name="interop/get-root (reth_release)"
Sep 21 20:53:32.029 INF API: test ended suite=0 test=526 pass=false
Sep 21 20:53:32.030 INF API: test started suite=0 test=527 name="interop/get-transfer-root (reth_release)"
Sep 21 20:53:32.031 INF API: test ended suite=0 test=527 pass=false
Sep 21 20:53:32.032 INF API: test started suite=0 test=528 name="interop/get-zero (reth_release)"
Sep 21 20:53:32.033 INF API: test ended suite=0 test=528 pass=false
Sep 21 20:53:32.034 INF API: test started suite=0 test=529 name="interop/raw-invalid (reth_release)"
Sep 21 20:53:32.035 INF API: test ended suite=0 test=529 pass=false
Sep 21 20:53:32.036 INF API: test started suite=0 test=530 name="interop/raw-valid-current-nonce (reth_release)"
Sep 21 20:53:32.038 INF API: test ended suite=0 test=530 pass=false
Sep 21 20:53:32.038 INF API: test started suite=0 test=531 name="interop/raw-valid-default-block (reth_release)"
Sep 21 20:53:32.039 INF API: test ended suite=0 test=531 pass=false
Sep 21 20:53:32.040 INF API: test started suite=0 test=532 name="interop/raw-valid (reth_release)"
Sep 21 20:53:32.042 INF API: test ended suite=0 test=532 pass=false
Sep 21 20:53:32.042 INF API: test started suite=0 test=533 name="interop/replay-7702-stateDiff (reth_release)"
Sep 21 20:53:32.044 INF API: test ended suite=0 test=533 pass=false
Sep 21 20:53:32.044 INF API: test started suite=0 test=534 name="interop/replay-7702-trace (reth_release)"
Sep 21 20:53:32.046 INF API: test ended suite=0 test=534 pass=false
Sep 21 20:53:32.046 INF API: test started suite=0 test=535 name="interop/replay-7702-vmTrace (reth_release)"
Sep 21 20:53:32.048 INF API: test ended suite=0 test=535 pass=false
Sep 21 20:53:32.048 INF API: test started suite=0 test=536 name="interop/replay-block-transfer (reth_release)"
Sep 21 20:53:32.050 INF API: test ended suite=0 test=536 pass=false
Sep 21 20:53:32.050 INF API: test started suite=0 test=537 name="interop/replay-block-tree (reth_release)"
Sep 21 20:53:32.060 INF API: test ended suite=0 test=537 pass=false
Sep 21 20:53:32.061 INF API: test started suite=0 test=538 name="interop/replay-missing (reth_release)"
Sep 21 20:53:32.062 INF API: test ended suite=0 test=538 pass=false
Sep 21 20:53:32.063 INF API: test started suite=0 test=539 name="interop/replay-revert-stateDiff (reth_release)"
Sep 21 20:53:32.065 INF API: test ended suite=0 test=539 pass=false
Sep 21 20:53:32.066 INF API: test started suite=0 test=540 name="interop/replay-revert-trace (reth_release)"
Sep 21 20:53:32.068 INF API: test ended suite=0 test=540 pass=false
Sep 21 20:53:32.069 INF API: test started suite=0 test=541 name="interop/replay-revert-vmTrace (reth_release)"
Sep 21 20:53:32.071 INF API: test ended suite=0 test=541 pass=false
Sep 21 20:53:32.072 INF API: test started suite=0 test=542 name="interop/replay-transfer-stateDiff (reth_release)"
Sep 21 20:53:32.074 INF API: test ended suite=0 test=542 pass=false
Sep 21 20:53:32.074 INF API: test started suite=0 test=543 name="interop/replay-transfer-trace (reth_release)"
Sep 21 20:53:32.076 INF API: test ended suite=0 test=543 pass=false
Sep 21 20:53:32.077 INF API: test started suite=0 test=544 name="interop/replay-transfer-vmTrace (reth_release)"
Sep 21 20:53:32.078 INF API: test ended suite=0 test=544 pass=false
Sep 21 20:53:32.079 INF API: test started suite=0 test=545 name="interop/replay-tree-stateDiff (reth_release)"
Sep 21 20:53:32.080 INF API: test ended suite=0 test=545 pass=false
Sep 21 20:53:32.081 INF API: test started suite=0 test=546 name="interop/replay-tree-trace (reth_release)"
Sep 21 20:53:32.083 INF API: test ended suite=0 test=546 pass=false
Sep 21 20:53:32.084 INF API: test started suite=0 test=547 name="interop/replay-tree-vmTrace (reth_release)"
Sep 21 20:53:32.098 INF API: test ended suite=0 test=547 pass=false
Sep 21 20:53:32.099 INF API: test started suite=0 test=548 name="interop/transaction-7702 (reth_release)"
Sep 21 20:53:32.101 INF API: test ended suite=0 test=548 pass=false
Sep 21 20:53:32.102 INF API: test started suite=0 test=549 name="interop/transaction-missing (reth_release)"
Sep 21 20:53:32.103 INF API: test ended suite=0 test=549 pass=false
Sep 21 20:53:32.104 INF API: test started suite=0 test=550 name="interop/transaction-revert (reth_release)"
Sep 21 20:53:32.105 INF API: test ended suite=0 test=550 pass=false
Sep 21 20:53:32.106 INF API: test started suite=0 test=551 name="interop/transaction-transfer (reth_release)"
Sep 21 20:53:32.108 INF API: test ended suite=0 test=551 pass=false
Sep 21 20:53:32.108 INF API: test started suite=0 test=552 name="interop/transaction-tree (reth_release)"
Sep 21 20:53:32.111 INF API: test ended suite=0 test=552 pass=false
Sep 21 20:53:32.774 INF API: test ended suite=0 test=484 pass=true
Sep 21 20:53:32.793 INF API: suite ended suite=0
Sep 21 20:53:33.219 INF simulation ethereum/rpc-compat finished suites=1 tests=552 failed=544
544 tests failed
