Sep 24 17:06:00.510 INF building image image=hive/hiveproxy nocache=false pull=false
Sep 24 17:06:00.648 INF building 9 clients...
Sep 24 17:06:00.648 INF building image image=hive/clients/besu_development:latest dir=clients/besu nocache=false pull=false baseimage=trace-interop/besu tag=0bdabe53b1597932edebfa970aae1223b1e814a7897bfa776337f3f5f2d8f30d
Sep 24 17:06:00.803 INF building image image=hive/clients/besu_release:latest dir=clients/besu nocache=false pull=false baseimage=trace-interop/besu tag=f3713c713ca4f9e89c09e1478d2a85116ba9ce8343129d709420ba2af009598b
Sep 24 17:06:00.933 INF building image image=hive/clients/erigon_development:latest dir=clients/erigon nocache=false pull=false baseimage=trace-interop/erigon tag=96ed3bf9e6103fa7348e8223f07becfaf1d19b43fb66524f295bdb83e12dbee5
Sep 24 17:06:01.068 INF building image image=hive/clients/erigon_release:latest dir=clients/erigon nocache=false pull=false baseimage=trace-interop/erigon tag=8668d9c5adc01ad1d12aa25380e384079080bdde7e0ce93f11bed422d82ca0ac
Sep 24 17:06:01.193 INF building image image=hive/clients/go-ethereum_trace:latest dir=clients/go-ethereum nocache=false pull=false baseimage=trace-interop/go-ethereum tag=2a6e1bfcf91337fd9081f28b1a77efcf20c054ea99b30a316fa8a581c819fa74
Sep 24 17:06:01.375 INF building image image=hive/clients/nethermind_development:latest dir=clients/nethermind nocache=false pull=false baseimage=trace-interop/nethermind tag=891ce9bfe055df031239b4817239cde925175c0e172d74ddac9877cc37503eaf
Sep 24 17:06:01.521 INF building image image=hive/clients/nethermind_release:latest dir=clients/nethermind nocache=false pull=false baseimage=trace-interop/nethermind tag=d6b98371fce49848629f4841a9ef2cfc416c90ee187bc82291e97ca77cb108e4
Sep 24 17:06:01.681 INF building image image=hive/clients/reth_development:latest dir=clients/reth nocache=false pull=false baseimage=trace-interop/reth tag=935f179789c1d4fc921c181a4fa21f3262e5d0509061ddbad4398b37db3f33bf
Sep 24 17:06:01.831 INF building image image=hive/clients/reth_release:latest dir=clients/reth nocache=false pull=false baseimage=trace-interop/reth tag=e939dc4a471d9d27224e430f607a954d692ca5037a1350ee2036397d14532ca7
Sep 24 17:06:01.953 INF building 1 simulators...
Sep 24 17:06:01.953 INF building image image=hive/simulators/ethereum/rpc-compat:latest dir=simulators/ethereum/rpc-compat nocache=false pull=false
Sep 24 17:06:02.668 INF creating output directory folder=/home/banteg/dev/trace-h15-compat-20260924/evidence/2026-09-24/h15-call-compat/fee-compat/hive
Sep 24 17:06:02.678 INF running simulation: ethereum/rpc-compat
Sep 24 17:06:02.971 INF hiveproxy started container=5ad3b3c2fb13 addr=172.17.0.2:8081
Sep 24 17:06:03.286 INF API: suite started suite=0 name=rpc-compat
Sep 24 17:06:03.288 INF API: test started suite=0 test=1 name="client launch (besu_development)"
Sep 24 17:06:11.612 INF API: client besu_development started suite=0 test=1 container=271215b2
Sep 24 17:06:11.884 INF API: test started suite=0 test=2 name="interop/_control/empty-balance (besu_development)"
Sep 24 17:06:11.903 INF API: test ended suite=0 test=2 pass=false
Sep 24 17:06:11.904 INF API: test started suite=0 test=3 name="interop/_control/empty-code (besu_development)"
Sep 24 17:06:11.917 INF API: test ended suite=0 test=3 pass=false
Sep 24 17:06:11.918 INF API: test started suite=0 test=4 name="interop/_control/empty-nonce (besu_development)"
Sep 24 17:06:11.933 INF API: test ended suite=0 test=4 pass=false
Sep 24 17:06:11.934 INF API: test started suite=0 test=5 name="interop/_control/head (besu_development)"
Sep 24 17:06:11.939 INF API: test ended suite=0 test=5 pass=false
Sep 24 17:06:11.940 INF API: test started suite=0 test=6 name="interop/_control/latest (besu_development)"
Sep 24 17:06:11.946 INF API: test ended suite=0 test=6 pass=false
Sep 24 17:06:11.946 INF API: test started suite=0 test=7 name="interop/_control/miner-balance (besu_development)"
Sep 24 17:06:11.952 INF API: test ended suite=0 test=7 pass=false
Sep 24 17:06:11.953 INF API: test started suite=0 test=8 name="interop/_control/miner-code (besu_development)"
Sep 24 17:06:11.958 INF API: test ended suite=0 test=8 pass=false
Sep 24 17:06:11.959 INF API: test started suite=0 test=9 name="interop/_control/miner-nonce (besu_development)"
Sep 24 17:06:11.964 INF API: test ended suite=0 test=9 pass=false
Sep 24 17:06:11.965 INF API: test started suite=0 test=10 name="interop/_control/sender-balance (besu_development)"
Sep 24 17:06:11.970 INF API: test ended suite=0 test=10 pass=false
Sep 24 17:06:11.971 INF API: test started suite=0 test=11 name="interop/_control/sender-code (besu_development)"
Sep 24 17:06:11.977 INF API: test ended suite=0 test=11 pass=false
Sep 24 17:06:11.978 INF API: test started suite=0 test=12 name="interop/_control/sender-nonce (besu_development)"
Sep 24 17:06:11.986 INF API: test ended suite=0 test=12 pass=false
Sep 24 17:06:11.987 INF API: test started suite=0 test=13 name="interop/_control/version (besu_development)"
Sep 24 17:06:11.992 INF API: test ended suite=0 test=13 pass=false
Sep 24 17:06:11.993 INF API: test started suite=0 test=14 name="interop/defaults-cap-only-positive/eth (besu_development)"
Sep 24 17:06:12.044 INF API: test ended suite=0 test=14 pass=false
Sep 24 17:06:12.046 INF API: test started suite=0 test=15 name="interop/defaults-cap-only-positive/trace/none (besu_development)"
Sep 24 17:06:12.072 INF API: test ended suite=0 test=15 pass=false
Sep 24 17:06:12.073 INF API: test started suite=0 test=16 name="interop/defaults-cap-only-positive/trace/stateDiff-vmTrace (besu_development)"
Sep 24 17:06:12.112 INF API: test ended suite=0 test=16 pass=false
Sep 24 17:06:12.113 INF API: test started suite=0 test=17 name="interop/defaults-cap-only-positive/trace/stateDiff (besu_development)"
Sep 24 17:06:12.135 INF API: test ended suite=0 test=17 pass=false
Sep 24 17:06:12.136 INF API: test started suite=0 test=18 name="interop/defaults-cap-only-positive/trace/trace-stateDiff-vmTrace (besu_development)"
Sep 24 17:06:12.169 INF API: test ended suite=0 test=18 pass=false
Sep 24 17:06:12.170 INF API: test started suite=0 test=19 name="interop/defaults-cap-only-positive/trace/trace-stateDiff (besu_development)"
Sep 24 17:06:12.193 INF API: test ended suite=0 test=19 pass=false
Sep 24 17:06:12.195 INF API: test started suite=0 test=20 name="interop/defaults-cap-only-positive/trace/trace-vmTrace (besu_development)"
Sep 24 17:06:12.210 INF API: test ended suite=0 test=20 pass=false
Sep 24 17:06:12.212 INF API: test started suite=0 test=21 name="interop/defaults-cap-only-positive/trace/trace (besu_development)"
Sep 24 17:06:12.222 INF API: test ended suite=0 test=21 pass=false
Sep 24 17:06:12.223 INF API: test started suite=0 test=22 name="interop/defaults-cap-only-positive/trace/vmTrace (besu_development)"
Sep 24 17:06:12.236 INF API: test ended suite=0 test=22 pass=false
Sep 24 17:06:12.237 INF API: test started suite=0 test=23 name="interop/defaults-cap-only-zero/eth (besu_development)"
Sep 24 17:06:12.244 INF API: test ended suite=0 test=23 pass=false
Sep 24 17:06:12.246 INF API: test started suite=0 test=24 name="interop/defaults-cap-only-zero/trace/none (besu_development)"
Sep 24 17:06:12.270 INF API: test ended suite=0 test=24 pass=false
Sep 24 17:06:12.271 INF API: test started suite=0 test=25 name="interop/defaults-cap-only-zero/trace/stateDiff-vmTrace (besu_development)"
Sep 24 17:06:12.288 INF API: test ended suite=0 test=25 pass=false
Sep 24 17:06:12.289 INF API: test started suite=0 test=26 name="interop/defaults-cap-only-zero/trace/stateDiff (besu_development)"
Sep 24 17:06:12.309 INF API: test ended suite=0 test=26 pass=false
Sep 24 17:06:12.311 INF API: test started suite=0 test=27 name="interop/defaults-cap-only-zero/trace/trace-stateDiff-vmTrace (besu_development)"
Sep 24 17:06:12.328 INF API: test ended suite=0 test=27 pass=false
Sep 24 17:06:12.329 INF API: test started suite=0 test=28 name="interop/defaults-cap-only-zero/trace/trace-stateDiff (besu_development)"
Sep 24 17:06:12.347 INF API: test ended suite=0 test=28 pass=false
Sep 24 17:06:12.348 INF API: test started suite=0 test=29 name="interop/defaults-cap-only-zero/trace/trace-vmTrace (besu_development)"
Sep 24 17:06:12.366 INF API: test ended suite=0 test=29 pass=false
Sep 24 17:06:12.367 INF API: test started suite=0 test=30 name="interop/defaults-cap-only-zero/trace/trace (besu_development)"
Sep 24 17:06:12.378 INF API: test ended suite=0 test=30 pass=false
Sep 24 17:06:12.379 INF API: test started suite=0 test=31 name="interop/defaults-cap-only-zero/trace/vmTrace (besu_development)"
Sep 24 17:06:12.395 INF API: test ended suite=0 test=31 pass=false
Sep 24 17:06:12.396 INF API: test started suite=0 test=32 name="interop/defaults-omitted/eth (besu_development)"
Sep 24 17:06:12.404 INF API: test ended suite=0 test=32 pass=false
Sep 24 17:06:12.405 INF API: test started suite=0 test=33 name="interop/defaults-omitted/trace/none (besu_development)"
Sep 24 17:06:12.413 INF API: test ended suite=0 test=33 pass=false
Sep 24 17:06:12.414 INF API: test started suite=0 test=34 name="interop/defaults-omitted/trace/stateDiff-vmTrace (besu_development)"
Sep 24 17:06:12.429 INF API: test ended suite=0 test=34 pass=false
Sep 24 17:06:12.431 INF API: test started suite=0 test=35 name="interop/defaults-omitted/trace/stateDiff (besu_development)"
Sep 24 17:06:12.439 INF API: test ended suite=0 test=35 pass=false
Sep 24 17:06:12.440 INF API: test started suite=0 test=36 name="interop/defaults-omitted/trace/trace-stateDiff-vmTrace (besu_development)"
Sep 24 17:06:12.451 INF API: test ended suite=0 test=36 pass=false
Sep 24 17:06:12.453 INF API: test started suite=0 test=37 name="interop/defaults-omitted/trace/trace-stateDiff (besu_development)"
Sep 24 17:06:12.463 INF API: test ended suite=0 test=37 pass=false
Sep 24 17:06:12.464 INF API: test started suite=0 test=38 name="interop/defaults-omitted/trace/trace-vmTrace (besu_development)"
Sep 24 17:06:12.475 INF API: test ended suite=0 test=38 pass=false
Sep 24 17:06:12.476 INF API: test started suite=0 test=39 name="interop/defaults-omitted/trace/trace (besu_development)"
Sep 24 17:06:12.485 INF API: test ended suite=0 test=39 pass=false
Sep 24 17:06:12.486 INF API: test started suite=0 test=40 name="interop/defaults-omitted/trace/vmTrace (besu_development)"
Sep 24 17:06:12.496 INF API: test ended suite=0 test=40 pass=false
Sep 24 17:06:12.498 INF API: test started suite=0 test=41 name="interop/defaults-tip-only-positive/eth (besu_development)"
Sep 24 17:06:12.505 INF API: test ended suite=0 test=41 pass=false
Sep 24 17:06:12.506 INF API: test started suite=0 test=42 name="interop/defaults-tip-only-positive/trace/none (besu_development)"
Sep 24 17:06:12.519 INF API: test ended suite=0 test=42 pass=false
Sep 24 17:06:12.521 INF API: test started suite=0 test=43 name="interop/defaults-tip-only-positive/trace/stateDiff-vmTrace (besu_development)"
Sep 24 17:06:12.534 INF API: test ended suite=0 test=43 pass=false
Sep 24 17:06:12.536 INF API: test started suite=0 test=44 name="interop/defaults-tip-only-positive/trace/stateDiff (besu_development)"
Sep 24 17:06:12.552 INF API: test ended suite=0 test=44 pass=false
Sep 24 17:06:12.554 INF API: test started suite=0 test=45 name="interop/defaults-tip-only-positive/trace/trace-stateDiff-vmTrace (besu_development)"
Sep 24 17:06:12.571 INF API: test ended suite=0 test=45 pass=false
Sep 24 17:06:12.572 INF API: test started suite=0 test=46 name="interop/defaults-tip-only-positive/trace/trace-stateDiff (besu_development)"
Sep 24 17:06:12.588 INF API: test ended suite=0 test=46 pass=false
Sep 24 17:06:12.589 INF API: test started suite=0 test=47 name="interop/defaults-tip-only-positive/trace/trace-vmTrace (besu_development)"
Sep 24 17:06:12.605 INF API: test ended suite=0 test=47 pass=false
Sep 24 17:06:12.606 INF API: test started suite=0 test=48 name="interop/defaults-tip-only-positive/trace/trace (besu_development)"
Sep 24 17:06:12.617 INF API: test ended suite=0 test=48 pass=false
Sep 24 17:06:12.619 INF API: test started suite=0 test=49 name="interop/defaults-tip-only-positive/trace/vmTrace (besu_development)"
Sep 24 17:06:12.629 INF API: test ended suite=0 test=49 pass=false
Sep 24 17:06:12.631 INF API: test started suite=0 test=50 name="interop/defaults-tip-only-zero/eth (besu_development)"
Sep 24 17:06:12.637 INF API: test ended suite=0 test=50 pass=false
Sep 24 17:06:12.638 INF API: test started suite=0 test=51 name="interop/defaults-tip-only-zero/trace/none (besu_development)"
Sep 24 17:06:12.654 INF API: test ended suite=0 test=51 pass=false
Sep 24 17:06:12.655 INF API: test started suite=0 test=52 name="interop/defaults-tip-only-zero/trace/stateDiff-vmTrace (besu_development)"
Sep 24 17:06:12.661 INF API: test ended suite=0 test=52 pass=false
Sep 24 17:06:12.662 INF API: test started suite=0 test=53 name="interop/defaults-tip-only-zero/trace/stateDiff (besu_development)"
Sep 24 17:06:12.667 INF API: test ended suite=0 test=53 pass=false
Sep 24 17:06:12.668 INF API: test started suite=0 test=54 name="interop/defaults-tip-only-zero/trace/trace-stateDiff-vmTrace (besu_development)"
Sep 24 17:06:12.675 INF API: test ended suite=0 test=54 pass=false
Sep 24 17:06:12.676 INF API: test started suite=0 test=55 name="interop/defaults-tip-only-zero/trace/trace-stateDiff (besu_development)"
Sep 24 17:06:12.681 INF API: test ended suite=0 test=55 pass=false
Sep 24 17:06:12.682 INF API: test started suite=0 test=56 name="interop/defaults-tip-only-zero/trace/trace-vmTrace (besu_development)"
Sep 24 17:06:12.686 INF API: test ended suite=0 test=56 pass=false
Sep 24 17:06:12.687 INF API: test started suite=0 test=57 name="interop/defaults-tip-only-zero/trace/trace (besu_development)"
Sep 24 17:06:12.691 INF API: test ended suite=0 test=57 pass=false
Sep 24 17:06:12.692 INF API: test started suite=0 test=58 name="interop/defaults-tip-only-zero/trace/vmTrace (besu_development)"
Sep 24 17:06:12.696 INF API: test ended suite=0 test=58 pass=false
Sep 24 17:06:12.696 INF API: test started suite=0 test=59 name="interop/empty-sender-free/eth (besu_development)"
Sep 24 17:06:12.702 INF API: test ended suite=0 test=59 pass=false
Sep 24 17:06:12.703 INF API: test started suite=0 test=60 name="interop/empty-sender-free/trace/none (besu_development)"
Sep 24 17:06:12.707 INF API: test ended suite=0 test=60 pass=false
Sep 24 17:06:12.708 INF API: test started suite=0 test=61 name="interop/empty-sender-free/trace/stateDiff-vmTrace (besu_development)"
Sep 24 17:06:12.713 INF API: test ended suite=0 test=61 pass=false
Sep 24 17:06:12.714 INF API: test started suite=0 test=62 name="interop/empty-sender-free/trace/stateDiff (besu_development)"
Sep 24 17:06:12.719 INF API: test ended suite=0 test=62 pass=false
Sep 24 17:06:12.720 INF API: test started suite=0 test=63 name="interop/empty-sender-free/trace/trace-stateDiff-vmTrace (besu_development)"
Sep 24 17:06:12.724 INF API: test ended suite=0 test=63 pass=false
Sep 24 17:06:12.725 INF API: test started suite=0 test=64 name="interop/empty-sender-free/trace/trace-stateDiff (besu_development)"
Sep 24 17:06:12.730 INF API: test ended suite=0 test=64 pass=false
Sep 24 17:06:12.731 INF API: test started suite=0 test=65 name="interop/empty-sender-free/trace/trace-vmTrace (besu_development)"
Sep 24 17:06:12.737 INF API: test ended suite=0 test=65 pass=false
Sep 24 17:06:12.738 INF API: test started suite=0 test=66 name="interop/empty-sender-free/trace/trace (besu_development)"
Sep 24 17:06:12.743 INF API: test ended suite=0 test=66 pass=false
Sep 24 17:06:12.744 INF API: test started suite=0 test=67 name="interop/empty-sender-free/trace/vmTrace (besu_development)"
Sep 24 17:06:12.747 INF API: test ended suite=0 test=67 pass=false
Sep 24 17:06:12.748 INF API: test started suite=0 test=68 name="interop/empty-sender-priced/eth (besu_development)"
Sep 24 17:06:12.752 INF API: test ended suite=0 test=68 pass=false
Sep 24 17:06:12.753 INF API: test started suite=0 test=69 name="interop/empty-sender-priced/trace/none (besu_development)"
Sep 24 17:06:12.759 INF API: test ended suite=0 test=69 pass=false
Sep 24 17:06:12.759 INF API: test started suite=0 test=70 name="interop/empty-sender-priced/trace/stateDiff-vmTrace (besu_development)"
Sep 24 17:06:12.764 INF API: test ended suite=0 test=70 pass=false
Sep 24 17:06:12.765 INF API: test started suite=0 test=71 name="interop/empty-sender-priced/trace/stateDiff (besu_development)"
Sep 24 17:06:12.769 INF API: test ended suite=0 test=71 pass=false
Sep 24 17:06:12.770 INF API: test started suite=0 test=72 name="interop/empty-sender-priced/trace/trace-stateDiff-vmTrace (besu_development)"
Sep 24 17:06:12.774 INF API: test ended suite=0 test=72 pass=false
Sep 24 17:06:12.775 INF API: test started suite=0 test=73 name="interop/empty-sender-priced/trace/trace-stateDiff (besu_development)"
Sep 24 17:06:12.779 INF API: test ended suite=0 test=73 pass=false
Sep 24 17:06:12.780 INF API: test started suite=0 test=74 name="interop/empty-sender-priced/trace/trace-vmTrace (besu_development)"
Sep 24 17:06:12.785 INF API: test ended suite=0 test=74 pass=false
Sep 24 17:06:12.786 INF API: test started suite=0 test=75 name="interop/empty-sender-priced/trace/trace (besu_development)"
Sep 24 17:06:12.791 INF API: test ended suite=0 test=75 pass=false
Sep 24 17:06:12.792 INF API: test started suite=0 test=76 name="interop/empty-sender-priced/trace/vmTrace (besu_development)"
Sep 24 17:06:12.797 INF API: test ended suite=0 test=76 pass=false
Sep 24 17:06:12.798 INF API: test started suite=0 test=77 name="interop/funding-free-exact/eth (besu_development)"
Sep 24 17:06:12.802 INF API: test ended suite=0 test=77 pass=false
Sep 24 17:06:12.803 INF API: test started suite=0 test=78 name="interop/funding-free-exact/trace/none (besu_development)"
Sep 24 17:06:12.807 INF API: test ended suite=0 test=78 pass=false
Sep 24 17:06:12.808 INF API: test started suite=0 test=79 name="interop/funding-free-exact/trace/stateDiff-vmTrace (besu_development)"
Sep 24 17:06:12.812 INF API: test ended suite=0 test=79 pass=false
Sep 24 17:06:12.813 INF API: test started suite=0 test=80 name="interop/funding-free-exact/trace/stateDiff (besu_development)"
Sep 24 17:06:12.816 INF API: test ended suite=0 test=80 pass=false
Sep 24 17:06:12.817 INF API: test started suite=0 test=81 name="interop/funding-free-exact/trace/trace-stateDiff-vmTrace (besu_development)"
Sep 24 17:06:12.821 INF API: test ended suite=0 test=81 pass=false
Sep 24 17:06:12.822 INF API: test started suite=0 test=82 name="interop/funding-free-exact/trace/trace-stateDiff (besu_development)"
Sep 24 17:06:12.826 INF API: test ended suite=0 test=82 pass=false
Sep 24 17:06:12.826 INF API: test started suite=0 test=83 name="interop/funding-free-exact/trace/trace-vmTrace (besu_development)"
Sep 24 17:06:12.830 INF API: test ended suite=0 test=83 pass=false
Sep 24 17:06:12.831 INF API: test started suite=0 test=84 name="interop/funding-free-exact/trace/trace (besu_development)"
Sep 24 17:06:12.835 INF API: test ended suite=0 test=84 pass=false
Sep 24 17:06:12.836 INF API: test started suite=0 test=85 name="interop/funding-free-exact/trace/vmTrace (besu_development)"
Sep 24 17:06:12.841 INF API: test ended suite=0 test=85 pass=false
Sep 24 17:06:12.842 INF API: test started suite=0 test=86 name="interop/funding-free-short/eth (besu_development)"
Sep 24 17:06:12.854 INF API: test ended suite=0 test=86 pass=false
Sep 24 17:06:12.855 INF API: test started suite=0 test=87 name="interop/funding-free-short/trace/none (besu_development)"
Sep 24 17:06:12.862 INF API: test ended suite=0 test=87 pass=false
Sep 24 17:06:12.862 INF API: test started suite=0 test=88 name="interop/funding-free-short/trace/stateDiff-vmTrace (besu_development)"
Sep 24 17:06:12.867 INF API: test ended suite=0 test=88 pass=false
Sep 24 17:06:12.868 INF API: test started suite=0 test=89 name="interop/funding-free-short/trace/stateDiff (besu_development)"
Sep 24 17:06:12.872 INF API: test ended suite=0 test=89 pass=false
Sep 24 17:06:12.873 INF API: test started suite=0 test=90 name="interop/funding-free-short/trace/trace-stateDiff-vmTrace (besu_development)"
Sep 24 17:06:12.877 INF API: test ended suite=0 test=90 pass=false
Sep 24 17:06:12.878 INF API: test started suite=0 test=91 name="interop/funding-free-short/trace/trace-stateDiff (besu_development)"
Sep 24 17:06:12.893 INF API: test ended suite=0 test=91 pass=false
Sep 24 17:06:12.894 INF API: test started suite=0 test=92 name="interop/funding-free-short/trace/trace-vmTrace (besu_development)"
Sep 24 17:06:12.899 INF API: test ended suite=0 test=92 pass=false
Sep 24 17:06:12.900 INF API: test started suite=0 test=93 name="interop/funding-free-short/trace/trace (besu_development)"
Sep 24 17:06:12.903 INF API: test ended suite=0 test=93 pass=false
Sep 24 17:06:12.904 INF API: test started suite=0 test=94 name="interop/funding-free-short/trace/vmTrace (besu_development)"
Sep 24 17:06:12.907 INF API: test ended suite=0 test=94 pass=false
Sep 24 17:06:12.908 INF API: test started suite=0 test=95 name="interop/funding-legacy-exact/eth (besu_development)"
Sep 24 17:06:12.911 INF API: test ended suite=0 test=95 pass=false
Sep 24 17:06:12.912 INF API: test started suite=0 test=96 name="interop/funding-legacy-exact/trace/none (besu_development)"
Sep 24 17:06:12.917 INF API: test ended suite=0 test=96 pass=false
Sep 24 17:06:12.918 INF API: test started suite=0 test=97 name="interop/funding-legacy-exact/trace/stateDiff-vmTrace (besu_development)"
Sep 24 17:06:12.924 INF API: test ended suite=0 test=97 pass=false
Sep 24 17:06:12.926 INF API: test started suite=0 test=98 name="interop/funding-legacy-exact/trace/stateDiff (besu_development)"
Sep 24 17:06:12.932 INF API: test ended suite=0 test=98 pass=false
Sep 24 17:06:12.932 INF API: test started suite=0 test=99 name="interop/funding-legacy-exact/trace/trace-stateDiff-vmTrace (besu_development)"
Sep 24 17:06:12.939 INF API: test ended suite=0 test=99 pass=false
Sep 24 17:06:12.940 INF API: test started suite=0 test=100 name="interop/funding-legacy-exact/trace/trace-stateDiff (besu_development)"
Sep 24 17:06:12.945 INF API: test ended suite=0 test=100 pass=false
Sep 24 17:06:12.946 INF API: test started suite=0 test=101 name="interop/funding-legacy-exact/trace/trace-vmTrace (besu_development)"
Sep 24 17:06:12.952 INF API: test ended suite=0 test=101 pass=false
Sep 24 17:06:12.953 INF API: test started suite=0 test=102 name="interop/funding-legacy-exact/trace/trace (besu_development)"
Sep 24 17:06:12.958 INF API: test ended suite=0 test=102 pass=false
Sep 24 17:06:12.959 INF API: test started suite=0 test=103 name="interop/funding-legacy-exact/trace/vmTrace (besu_development)"
Sep 24 17:06:12.964 INF API: test ended suite=0 test=103 pass=false
Sep 24 17:06:12.965 INF API: test started suite=0 test=104 name="interop/funding-legacy-short/eth (besu_development)"
Sep 24 17:06:12.968 INF API: test ended suite=0 test=104 pass=false
Sep 24 17:06:12.969 INF API: test started suite=0 test=105 name="interop/funding-legacy-short/trace/none (besu_development)"
Sep 24 17:06:12.972 INF API: test ended suite=0 test=105 pass=false
Sep 24 17:06:12.973 INF API: test started suite=0 test=106 name="interop/funding-legacy-short/trace/stateDiff-vmTrace (besu_development)"
Sep 24 17:06:12.976 INF API: test ended suite=0 test=106 pass=false
Sep 24 17:06:12.977 INF API: test started suite=0 test=107 name="interop/funding-legacy-short/trace/stateDiff (besu_development)"
Sep 24 17:06:12.980 INF API: test ended suite=0 test=107 pass=false
Sep 24 17:06:12.981 INF API: test started suite=0 test=108 name="interop/funding-legacy-short/trace/trace-stateDiff-vmTrace (besu_development)"
Sep 24 17:06:12.984 INF API: test ended suite=0 test=108 pass=false
Sep 24 17:06:12.985 INF API: test started suite=0 test=109 name="interop/funding-legacy-short/trace/trace-stateDiff (besu_development)"
Sep 24 17:06:12.988 INF API: test ended suite=0 test=109 pass=false
Sep 24 17:06:12.989 INF API: test started suite=0 test=110 name="interop/funding-legacy-short/trace/trace-vmTrace (besu_development)"
Sep 24 17:06:12.992 INF API: test ended suite=0 test=110 pass=false
Sep 24 17:06:12.993 INF API: test started suite=0 test=111 name="interop/funding-legacy-short/trace/trace (besu_development)"
Sep 24 17:06:12.996 INF API: test ended suite=0 test=111 pass=false
Sep 24 17:06:12.997 INF API: test started suite=0 test=112 name="interop/funding-legacy-short/trace/vmTrace (besu_development)"
Sep 24 17:06:13.000 INF API: test ended suite=0 test=112 pass=false
Sep 24 17:06:13.000 INF API: test started suite=0 test=113 name="interop/funding-typed-effective-only/eth (besu_development)"
Sep 24 17:06:13.003 INF API: test ended suite=0 test=113 pass=false
Sep 24 17:06:13.004 INF API: test started suite=0 test=114 name="interop/funding-typed-effective-only/trace/none (besu_development)"
Sep 24 17:06:13.007 INF API: test ended suite=0 test=114 pass=false
Sep 24 17:06:13.008 INF API: test started suite=0 test=115 name="interop/funding-typed-effective-only/trace/stateDiff-vmTrace (besu_development)"
Sep 24 17:06:13.013 INF API: test ended suite=0 test=115 pass=false
Sep 24 17:06:13.013 INF API: test started suite=0 test=116 name="interop/funding-typed-effective-only/trace/stateDiff (besu_development)"
Sep 24 17:06:13.017 INF API: test ended suite=0 test=116 pass=false
Sep 24 17:06:13.018 INF API: test started suite=0 test=117 name="interop/funding-typed-effective-only/trace/trace-stateDiff-vmTrace (besu_development)"
Sep 24 17:06:13.021 INF API: test ended suite=0 test=117 pass=false
Sep 24 17:06:13.022 INF API: test started suite=0 test=118 name="interop/funding-typed-effective-only/trace/trace-stateDiff (besu_development)"
Sep 24 17:06:13.026 INF API: test ended suite=0 test=118 pass=false
Sep 24 17:06:13.027 INF API: test started suite=0 test=119 name="interop/funding-typed-effective-only/trace/trace-vmTrace (besu_development)"
Sep 24 17:06:13.030 INF API: test ended suite=0 test=119 pass=false
Sep 24 17:06:13.031 INF API: test started suite=0 test=120 name="interop/funding-typed-effective-only/trace/trace (besu_development)"
Sep 24 17:06:13.035 INF API: test ended suite=0 test=120 pass=false
Sep 24 17:06:13.036 INF API: test started suite=0 test=121 name="interop/funding-typed-effective-only/trace/vmTrace (besu_development)"
Sep 24 17:06:13.040 INF API: test ended suite=0 test=121 pass=false
Sep 24 17:06:13.040 INF API: test started suite=0 test=122 name="interop/funding-typed-exact/eth (besu_development)"
Sep 24 17:06:13.045 INF API: test ended suite=0 test=122 pass=false
Sep 24 17:06:13.046 INF API: test started suite=0 test=123 name="interop/funding-typed-exact/trace/none (besu_development)"
Sep 24 17:06:13.051 INF API: test ended suite=0 test=123 pass=false
Sep 24 17:06:13.051 INF API: test started suite=0 test=124 name="interop/funding-typed-exact/trace/stateDiff-vmTrace (besu_development)"
Sep 24 17:06:13.058 INF API: test ended suite=0 test=124 pass=false
Sep 24 17:06:13.059 INF API: test started suite=0 test=125 name="interop/funding-typed-exact/trace/stateDiff (besu_development)"
Sep 24 17:06:13.064 INF API: test ended suite=0 test=125 pass=false
Sep 24 17:06:13.065 INF API: test started suite=0 test=126 name="interop/funding-typed-exact/trace/trace-stateDiff-vmTrace (besu_development)"
Sep 24 17:06:13.072 INF API: test ended suite=0 test=126 pass=false
Sep 24 17:06:13.073 INF API: test started suite=0 test=127 name="interop/funding-typed-exact/trace/trace-stateDiff (besu_development)"
Sep 24 17:06:13.080 INF API: test ended suite=0 test=127 pass=false
Sep 24 17:06:13.080 INF API: test started suite=0 test=128 name="interop/funding-typed-exact/trace/trace-vmTrace (besu_development)"
Sep 24 17:06:13.087 INF API: test ended suite=0 test=128 pass=false
Sep 24 17:06:13.088 INF API: test started suite=0 test=129 name="interop/funding-typed-exact/trace/trace (besu_development)"
Sep 24 17:06:13.092 INF API: test ended suite=0 test=129 pass=false
Sep 24 17:06:13.093 INF API: test started suite=0 test=130 name="interop/funding-typed-exact/trace/vmTrace (besu_development)"
Sep 24 17:06:13.097 INF API: test ended suite=0 test=130 pass=false
Sep 24 17:06:13.098 INF API: test started suite=0 test=131 name="interop/funding-typed-free-exact/eth (besu_development)"
Sep 24 17:06:13.101 INF API: test ended suite=0 test=131 pass=false
Sep 24 17:06:13.102 INF API: test started suite=0 test=132 name="interop/funding-typed-free-exact/trace/none (besu_development)"
Sep 24 17:06:13.105 INF API: test ended suite=0 test=132 pass=false
Sep 24 17:06:13.106 INF API: test started suite=0 test=133 name="interop/funding-typed-free-exact/trace/stateDiff-vmTrace (besu_development)"
Sep 24 17:06:13.109 INF API: test ended suite=0 test=133 pass=false
Sep 24 17:06:13.110 INF API: test started suite=0 test=134 name="interop/funding-typed-free-exact/trace/stateDiff (besu_development)"
Sep 24 17:06:13.114 INF API: test ended suite=0 test=134 pass=false
Sep 24 17:06:13.114 INF API: test started suite=0 test=135 name="interop/funding-typed-free-exact/trace/trace-stateDiff-vmTrace (besu_development)"
Sep 24 17:06:13.118 INF API: test ended suite=0 test=135 pass=false
Sep 24 17:06:13.119 INF API: test started suite=0 test=136 name="interop/funding-typed-free-exact/trace/trace-stateDiff (besu_development)"
Sep 24 17:06:13.122 INF API: test ended suite=0 test=136 pass=false
Sep 24 17:06:13.123 INF API: test started suite=0 test=137 name="interop/funding-typed-free-exact/trace/trace-vmTrace (besu_development)"
Sep 24 17:06:13.127 INF API: test ended suite=0 test=137 pass=false
Sep 24 17:06:13.128 INF API: test started suite=0 test=138 name="interop/funding-typed-free-exact/trace/trace (besu_development)"
Sep 24 17:06:13.132 INF API: test ended suite=0 test=138 pass=false
Sep 24 17:06:13.133 INF API: test started suite=0 test=139 name="interop/funding-typed-free-exact/trace/vmTrace (besu_development)"
Sep 24 17:06:13.137 INF API: test ended suite=0 test=139 pass=false
Sep 24 17:06:13.137 INF API: test started suite=0 test=140 name="interop/funding-typed-free-short/eth (besu_development)"
Sep 24 17:06:13.141 INF API: test ended suite=0 test=140 pass=false
Sep 24 17:06:13.142 INF API: test started suite=0 test=141 name="interop/funding-typed-free-short/trace/none (besu_development)"
Sep 24 17:06:13.147 INF API: test ended suite=0 test=141 pass=false
Sep 24 17:06:13.148 INF API: test started suite=0 test=142 name="interop/funding-typed-free-short/trace/stateDiff-vmTrace (besu_development)"
Sep 24 17:06:13.152 INF API: test ended suite=0 test=142 pass=false
Sep 24 17:06:13.153 INF API: test started suite=0 test=143 name="interop/funding-typed-free-short/trace/stateDiff (besu_development)"
Sep 24 17:06:13.157 INF API: test ended suite=0 test=143 pass=false
Sep 24 17:06:13.157 INF API: test started suite=0 test=144 name="interop/funding-typed-free-short/trace/trace-stateDiff-vmTrace (besu_development)"
Sep 24 17:06:13.161 INF API: test ended suite=0 test=144 pass=false
Sep 24 17:06:13.162 INF API: test started suite=0 test=145 name="interop/funding-typed-free-short/trace/trace-stateDiff (besu_development)"
Sep 24 17:06:13.166 INF API: test ended suite=0 test=145 pass=false
Sep 24 17:06:13.167 INF API: test started suite=0 test=146 name="interop/funding-typed-free-short/trace/trace-vmTrace (besu_development)"
Sep 24 17:06:13.170 INF API: test ended suite=0 test=146 pass=false
Sep 24 17:06:13.171 INF API: test started suite=0 test=147 name="interop/funding-typed-free-short/trace/trace (besu_development)"
Sep 24 17:06:13.175 INF API: test ended suite=0 test=147 pass=false
Sep 24 17:06:13.176 INF API: test started suite=0 test=148 name="interop/funding-typed-free-short/trace/vmTrace (besu_development)"
Sep 24 17:06:13.179 INF API: test ended suite=0 test=148 pass=false
Sep 24 17:06:13.180 INF API: test started suite=0 test=149 name="interop/funding-typed-short/eth (besu_development)"
Sep 24 17:06:13.183 INF API: test ended suite=0 test=149 pass=false
Sep 24 17:06:13.184 INF API: test started suite=0 test=150 name="interop/funding-typed-short/trace/none (besu_development)"
Sep 24 17:06:13.187 INF API: test ended suite=0 test=150 pass=false
Sep 24 17:06:13.188 INF API: test started suite=0 test=151 name="interop/funding-typed-short/trace/stateDiff-vmTrace (besu_development)"
Sep 24 17:06:13.192 INF API: test ended suite=0 test=151 pass=false
Sep 24 17:06:13.193 INF API: test started suite=0 test=152 name="interop/funding-typed-short/trace/stateDiff (besu_development)"
Sep 24 17:06:13.196 INF API: test ended suite=0 test=152 pass=false
Sep 24 17:06:13.197 INF API: test started suite=0 test=153 name="interop/funding-typed-short/trace/trace-stateDiff-vmTrace (besu_development)"
Sep 24 17:06:13.200 INF API: test ended suite=0 test=153 pass=false
Sep 24 17:06:13.201 INF API: test started suite=0 test=154 name="interop/funding-typed-short/trace/trace-stateDiff (besu_development)"
Sep 24 17:06:13.205 INF API: test ended suite=0 test=154 pass=false
Sep 24 17:06:13.206 INF API: test started suite=0 test=155 name="interop/funding-typed-short/trace/trace-vmTrace (besu_development)"
Sep 24 17:06:13.209 INF API: test ended suite=0 test=155 pass=false
Sep 24 17:06:13.210 INF API: test started suite=0 test=156 name="interop/funding-typed-short/trace/trace (besu_development)"
Sep 24 17:06:13.214 INF API: test ended suite=0 test=156 pass=false
Sep 24 17:06:13.215 INF API: test started suite=0 test=157 name="interop/funding-typed-short/trace/vmTrace (besu_development)"
Sep 24 17:06:13.219 INF API: test ended suite=0 test=157 pass=false
Sep 24 17:06:13.220 INF API: test started suite=0 test=158 name="interop/legacy-above-base/eth (besu_development)"
Sep 24 17:06:13.224 INF API: test ended suite=0 test=158 pass=false
Sep 24 17:06:13.225 INF API: test started suite=0 test=159 name="interop/legacy-above-base/trace/none (besu_development)"
Sep 24 17:06:13.228 INF API: test ended suite=0 test=159 pass=false
Sep 24 17:06:13.229 INF API: test started suite=0 test=160 name="interop/legacy-above-base/trace/stateDiff-vmTrace (besu_development)"
Sep 24 17:06:13.234 INF API: test ended suite=0 test=160 pass=false
Sep 24 17:06:13.235 INF API: test started suite=0 test=161 name="interop/legacy-above-base/trace/stateDiff (besu_development)"
Sep 24 17:06:13.241 INF API: test ended suite=0 test=161 pass=false
Sep 24 17:06:13.242 INF API: test started suite=0 test=162 name="interop/legacy-above-base/trace/trace-stateDiff-vmTrace (besu_development)"
Sep 24 17:06:13.247 INF API: test ended suite=0 test=162 pass=false
Sep 24 17:06:13.248 INF API: test started suite=0 test=163 name="interop/legacy-above-base/trace/trace-stateDiff (besu_development)"
Sep 24 17:06:13.254 INF API: test ended suite=0 test=163 pass=false
Sep 24 17:06:13.255 INF API: test started suite=0 test=164 name="interop/legacy-above-base/trace/trace-vmTrace (besu_development)"
Sep 24 17:06:13.262 INF API: test ended suite=0 test=164 pass=false
Sep 24 17:06:13.263 INF API: test started suite=0 test=165 name="interop/legacy-above-base/trace/trace (besu_development)"
Sep 24 17:06:13.267 INF API: test ended suite=0 test=165 pass=false
Sep 24 17:06:13.268 INF API: test started suite=0 test=166 name="interop/legacy-above-base/trace/vmTrace (besu_development)"
Sep 24 17:06:13.272 INF API: test ended suite=0 test=166 pass=false
Sep 24 17:06:13.273 INF API: test started suite=0 test=167 name="interop/legacy-at-base/eth (besu_development)"
Sep 24 17:06:13.276 INF API: test ended suite=0 test=167 pass=false
Sep 24 17:06:13.277 INF API: test started suite=0 test=168 name="interop/legacy-at-base/trace/none (besu_development)"
Sep 24 17:06:13.281 INF API: test ended suite=0 test=168 pass=false
Sep 24 17:06:13.282 INF API: test started suite=0 test=169 name="interop/legacy-at-base/trace/stateDiff-vmTrace (besu_development)"
Sep 24 17:06:13.286 INF API: test ended suite=0 test=169 pass=false
Sep 24 17:06:13.287 INF API: test started suite=0 test=170 name="interop/legacy-at-base/trace/stateDiff (besu_development)"
Sep 24 17:06:13.292 INF API: test ended suite=0 test=170 pass=false
Sep 24 17:06:13.292 INF API: test started suite=0 test=171 name="interop/legacy-at-base/trace/trace-stateDiff-vmTrace (besu_development)"
Sep 24 17:06:13.298 INF API: test ended suite=0 test=171 pass=false
Sep 24 17:06:13.299 INF API: test started suite=0 test=172 name="interop/legacy-at-base/trace/trace-stateDiff (besu_development)"
Sep 24 17:06:13.304 INF API: test ended suite=0 test=172 pass=false
Sep 24 17:06:13.305 INF API: test started suite=0 test=173 name="interop/legacy-at-base/trace/trace-vmTrace (besu_development)"
Sep 24 17:06:13.310 INF API: test ended suite=0 test=173 pass=false
Sep 24 17:06:13.312 INF API: test started suite=0 test=174 name="interop/legacy-at-base/trace/trace (besu_development)"
Sep 24 17:06:13.315 INF API: test ended suite=0 test=174 pass=false
Sep 24 17:06:13.316 INF API: test started suite=0 test=175 name="interop/legacy-at-base/trace/vmTrace (besu_development)"
Sep 24 17:06:13.320 INF API: test ended suite=0 test=175 pass=false
Sep 24 17:06:13.321 INF API: test started suite=0 test=176 name="interop/legacy-below-base/eth (besu_development)"
Sep 24 17:06:13.323 INF API: test ended suite=0 test=176 pass=false
Sep 24 17:06:13.324 INF API: test started suite=0 test=177 name="interop/legacy-below-base/trace/none (besu_development)"
Sep 24 17:06:13.327 INF API: test ended suite=0 test=177 pass=false
Sep 24 17:06:13.328 INF API: test started suite=0 test=178 name="interop/legacy-below-base/trace/stateDiff-vmTrace (besu_development)"
Sep 24 17:06:13.332 INF API: test ended suite=0 test=178 pass=false
Sep 24 17:06:13.333 INF API: test started suite=0 test=179 name="interop/legacy-below-base/trace/stateDiff (besu_development)"
Sep 24 17:06:13.335 INF API: test ended suite=0 test=179 pass=false
Sep 24 17:06:13.336 INF API: test started suite=0 test=180 name="interop/legacy-below-base/trace/trace-stateDiff-vmTrace (besu_development)"
Sep 24 17:06:13.339 INF API: test ended suite=0 test=180 pass=false
Sep 24 17:06:13.339 INF API: test started suite=0 test=181 name="interop/legacy-below-base/trace/trace-stateDiff (besu_development)"
Sep 24 17:06:13.342 INF API: test ended suite=0 test=181 pass=false
Sep 24 17:06:13.342 INF API: test started suite=0 test=182 name="interop/legacy-below-base/trace/trace-vmTrace (besu_development)"
Sep 24 17:06:13.345 INF API: test ended suite=0 test=182 pass=false
Sep 24 17:06:13.346 INF API: test started suite=0 test=183 name="interop/legacy-below-base/trace/trace (besu_development)"
Sep 24 17:06:13.349 INF API: test ended suite=0 test=183 pass=false
Sep 24 17:06:13.350 INF API: test started suite=0 test=184 name="interop/legacy-below-base/trace/vmTrace (besu_development)"
Sep 24 17:06:13.353 INF API: test ended suite=0 test=184 pass=false
Sep 24 17:06:13.353 INF API: test started suite=0 test=185 name="interop/legacy-one/eth (besu_development)"
Sep 24 17:06:13.356 INF API: test ended suite=0 test=185 pass=false
Sep 24 17:06:13.357 INF API: test started suite=0 test=186 name="interop/legacy-one/trace/none (besu_development)"
Sep 24 17:06:13.360 INF API: test ended suite=0 test=186 pass=false
Sep 24 17:06:13.360 INF API: test started suite=0 test=187 name="interop/legacy-one/trace/stateDiff-vmTrace (besu_development)"
Sep 24 17:06:13.363 INF API: test ended suite=0 test=187 pass=false
Sep 24 17:06:13.364 INF API: test started suite=0 test=188 name="interop/legacy-one/trace/stateDiff (besu_development)"
Sep 24 17:06:13.366 INF API: test ended suite=0 test=188 pass=false
Sep 24 17:06:13.367 INF API: test started suite=0 test=189 name="interop/legacy-one/trace/trace-stateDiff-vmTrace (besu_development)"
Sep 24 17:06:13.370 INF API: test ended suite=0 test=189 pass=false
Sep 24 17:06:13.371 INF API: test started suite=0 test=190 name="interop/legacy-one/trace/trace-stateDiff (besu_development)"
Sep 24 17:06:13.374 INF API: test ended suite=0 test=190 pass=false
Sep 24 17:06:13.375 INF API: test started suite=0 test=191 name="interop/legacy-one/trace/trace-vmTrace (besu_development)"
Sep 24 17:06:13.379 INF API: test ended suite=0 test=191 pass=false
Sep 24 17:06:13.380 INF API: test started suite=0 test=192 name="interop/legacy-one/trace/trace (besu_development)"
Sep 24 17:06:13.384 INF API: test ended suite=0 test=192 pass=false
Sep 24 17:06:13.384 INF API: test started suite=0 test=193 name="interop/legacy-one/trace/vmTrace (besu_development)"
Sep 24 17:06:13.388 INF API: test ended suite=0 test=193 pass=false
Sep 24 17:06:13.389 INF API: test started suite=0 test=194 name="interop/legacy-zero/eth (besu_development)"
Sep 24 17:06:13.392 INF API: test ended suite=0 test=194 pass=false
Sep 24 17:06:13.393 INF API: test started suite=0 test=195 name="interop/legacy-zero/trace/none (besu_development)"
Sep 24 17:06:13.397 INF API: test ended suite=0 test=195 pass=false
Sep 24 17:06:13.398 INF API: test started suite=0 test=196 name="interop/legacy-zero/trace/stateDiff-vmTrace (besu_development)"
Sep 24 17:06:13.401 INF API: test ended suite=0 test=196 pass=false
Sep 24 17:06:13.402 INF API: test started suite=0 test=197 name="interop/legacy-zero/trace/stateDiff (besu_development)"
Sep 24 17:06:13.404 INF API: test ended suite=0 test=197 pass=false
Sep 24 17:06:13.405 INF API: test started suite=0 test=198 name="interop/legacy-zero/trace/trace-stateDiff-vmTrace (besu_development)"
Sep 24 17:06:13.407 INF API: test ended suite=0 test=198 pass=false
Sep 24 17:06:13.408 INF API: test started suite=0 test=199 name="interop/legacy-zero/trace/trace-stateDiff (besu_development)"
Sep 24 17:06:13.410 INF API: test ended suite=0 test=199 pass=false
Sep 24 17:06:13.412 INF API: test started suite=0 test=200 name="interop/legacy-zero/trace/trace-vmTrace (besu_development)"
Sep 24 17:06:13.414 INF API: test ended suite=0 test=200 pass=false
Sep 24 17:06:13.415 INF API: test started suite=0 test=201 name="interop/legacy-zero/trace/trace (besu_development)"
Sep 24 17:06:13.419 INF API: test ended suite=0 test=201 pass=false
Sep 24 17:06:13.420 INF API: test started suite=0 test=202 name="interop/legacy-zero/trace/vmTrace (besu_development)"
Sep 24 17:06:13.422 INF API: test ended suite=0 test=202 pass=false
Sep 24 17:06:13.423 INF API: test started suite=0 test=203 name="interop/typed-at-base/eth (besu_development)"
Sep 24 17:06:13.425 INF API: test ended suite=0 test=203 pass=false
Sep 24 17:06:13.426 INF API: test started suite=0 test=204 name="interop/typed-at-base/trace/none (besu_development)"
Sep 24 17:06:13.430 INF API: test ended suite=0 test=204 pass=false
Sep 24 17:06:13.431 INF API: test started suite=0 test=205 name="interop/typed-at-base/trace/stateDiff-vmTrace (besu_development)"
Sep 24 17:06:13.436 INF API: test ended suite=0 test=205 pass=false
Sep 24 17:06:13.437 INF API: test started suite=0 test=206 name="interop/typed-at-base/trace/stateDiff (besu_development)"
Sep 24 17:06:13.441 INF API: test ended suite=0 test=206 pass=false
Sep 24 17:06:13.442 INF API: test started suite=0 test=207 name="interop/typed-at-base/trace/trace-stateDiff-vmTrace (besu_development)"
Sep 24 17:06:13.446 INF API: test ended suite=0 test=207 pass=false
Sep 24 17:06:13.447 INF API: test started suite=0 test=208 name="interop/typed-at-base/trace/trace-stateDiff (besu_development)"
Sep 24 17:06:13.451 INF API: test ended suite=0 test=208 pass=false
Sep 24 17:06:13.452 INF API: test started suite=0 test=209 name="interop/typed-at-base/trace/trace-vmTrace (besu_development)"
Sep 24 17:06:13.456 INF API: test ended suite=0 test=209 pass=false
Sep 24 17:06:13.457 INF API: test started suite=0 test=210 name="interop/typed-at-base/trace/trace (besu_development)"
Sep 24 17:06:13.461 INF API: test ended suite=0 test=210 pass=false
Sep 24 17:06:13.461 INF API: test started suite=0 test=211 name="interop/typed-at-base/trace/vmTrace (besu_development)"
Sep 24 17:06:13.466 INF API: test ended suite=0 test=211 pass=false
Sep 24 17:06:13.467 INF API: test started suite=0 test=212 name="interop/typed-below-base/eth (besu_development)"
Sep 24 17:06:13.470 INF API: test ended suite=0 test=212 pass=false
Sep 24 17:06:13.471 INF API: test started suite=0 test=213 name="interop/typed-below-base/trace/none (besu_development)"
Sep 24 17:06:13.474 INF API: test ended suite=0 test=213 pass=false
Sep 24 17:06:13.475 INF API: test started suite=0 test=214 name="interop/typed-below-base/trace/stateDiff-vmTrace (besu_development)"
Sep 24 17:06:13.478 INF API: test ended suite=0 test=214 pass=false
Sep 24 17:06:13.479 INF API: test started suite=0 test=215 name="interop/typed-below-base/trace/stateDiff (besu_development)"
Sep 24 17:06:13.481 INF API: test ended suite=0 test=215 pass=false
Sep 24 17:06:13.482 INF API: test started suite=0 test=216 name="interop/typed-below-base/trace/trace-stateDiff-vmTrace (besu_development)"
Sep 24 17:06:13.485 INF API: test ended suite=0 test=216 pass=false
Sep 24 17:06:13.486 INF API: test started suite=0 test=217 name="interop/typed-below-base/trace/trace-stateDiff (besu_development)"
Sep 24 17:06:13.490 INF API: test ended suite=0 test=217 pass=false
Sep 24 17:06:13.491 INF API: test started suite=0 test=218 name="interop/typed-below-base/trace/trace-vmTrace (besu_development)"
Sep 24 17:06:13.494 INF API: test ended suite=0 test=218 pass=false
Sep 24 17:06:13.495 INF API: test started suite=0 test=219 name="interop/typed-below-base/trace/trace (besu_development)"
Sep 24 17:06:13.498 INF API: test ended suite=0 test=219 pass=false
Sep 24 17:06:13.499 INF API: test started suite=0 test=220 name="interop/typed-below-base/trace/vmTrace (besu_development)"
Sep 24 17:06:13.502 INF API: test ended suite=0 test=220 pass=false
Sep 24 17:06:13.503 INF API: test started suite=0 test=221 name="interop/typed-below-base-positive-tip/eth (besu_development)"
Sep 24 17:06:13.506 INF API: test ended suite=0 test=221 pass=false
Sep 24 17:06:13.506 INF API: test started suite=0 test=222 name="interop/typed-below-base-positive-tip/trace/none (besu_development)"
Sep 24 17:06:13.509 INF API: test ended suite=0 test=222 pass=false
Sep 24 17:06:13.510 INF API: test started suite=0 test=223 name="interop/typed-below-base-positive-tip/trace/stateDiff-vmTrace (besu_development)"
Sep 24 17:06:13.513 INF API: test ended suite=0 test=223 pass=false
Sep 24 17:06:13.514 INF API: test started suite=0 test=224 name="interop/typed-below-base-positive-tip/trace/stateDiff (besu_development)"
Sep 24 17:06:13.517 INF API: test ended suite=0 test=224 pass=false
Sep 24 17:06:13.518 INF API: test started suite=0 test=225 name="interop/typed-below-base-positive-tip/trace/trace-stateDiff-vmTrace (besu_development)"
Sep 24 17:06:13.528 INF API: test ended suite=0 test=225 pass=false
Sep 24 17:06:13.529 INF API: test started suite=0 test=226 name="interop/typed-below-base-positive-tip/trace/trace-stateDiff (besu_development)"
Sep 24 17:06:13.533 INF API: test ended suite=0 test=226 pass=false
Sep 24 17:06:13.533 INF API: test started suite=0 test=227 name="interop/typed-below-base-positive-tip/trace/trace-vmTrace (besu_development)"
Sep 24 17:06:13.537 INF API: test ended suite=0 test=227 pass=false
Sep 24 17:06:13.538 INF API: test started suite=0 test=228 name="interop/typed-below-base-positive-tip/trace/trace (besu_development)"
Sep 24 17:06:13.541 INF API: test ended suite=0 test=228 pass=false
Sep 24 17:06:13.542 INF API: test started suite=0 test=229 name="interop/typed-below-base-positive-tip/trace/vmTrace (besu_development)"
Sep 24 17:06:13.545 INF API: test ended suite=0 test=229 pass=false
Sep 24 17:06:13.546 INF API: test started suite=0 test=230 name="interop/typed-cap-limited/eth (besu_development)"
Sep 24 17:06:13.550 INF API: test ended suite=0 test=230 pass=false
Sep 24 17:06:13.551 INF API: test started suite=0 test=231 name="interop/typed-cap-limited/trace/none (besu_development)"
Sep 24 17:06:13.554 INF API: test ended suite=0 test=231 pass=false
Sep 24 17:06:13.555 INF API: test started suite=0 test=232 name="interop/typed-cap-limited/trace/stateDiff-vmTrace (besu_development)"
Sep 24 17:06:13.560 INF API: test ended suite=0 test=232 pass=false
Sep 24 17:06:13.561 INF API: test started suite=0 test=233 name="interop/typed-cap-limited/trace/stateDiff (besu_development)"
Sep 24 17:06:13.565 INF API: test ended suite=0 test=233 pass=false
Sep 24 17:06:13.566 INF API: test started suite=0 test=234 name="interop/typed-cap-limited/trace/trace-stateDiff-vmTrace (besu_development)"
Sep 24 17:06:13.572 INF API: test ended suite=0 test=234 pass=false
Sep 24 17:06:13.573 INF API: test started suite=0 test=235 name="interop/typed-cap-limited/trace/trace-stateDiff (besu_development)"
Sep 24 17:06:13.578 INF API: test ended suite=0 test=235 pass=false
Sep 24 17:06:13.579 INF API: test started suite=0 test=236 name="interop/typed-cap-limited/trace/trace-vmTrace (besu_development)"
Sep 24 17:06:13.584 INF API: test ended suite=0 test=236 pass=false
Sep 24 17:06:13.585 INF API: test started suite=0 test=237 name="interop/typed-cap-limited/trace/trace (besu_development)"
Sep 24 17:06:13.589 INF API: test ended suite=0 test=237 pass=false
Sep 24 17:06:13.590 INF API: test started suite=0 test=238 name="interop/typed-cap-limited/trace/vmTrace (besu_development)"
Sep 24 17:06:13.595 INF API: test ended suite=0 test=238 pass=false
Sep 24 17:06:13.596 INF API: test started suite=0 test=239 name="interop/typed-one/eth (besu_development)"
Sep 24 17:06:13.599 INF API: test ended suite=0 test=239 pass=false
Sep 24 17:06:13.600 INF API: test started suite=0 test=240 name="interop/typed-one/trace/none (besu_development)"
Sep 24 17:06:13.603 INF API: test ended suite=0 test=240 pass=false
Sep 24 17:06:13.603 INF API: test started suite=0 test=241 name="interop/typed-one/trace/stateDiff-vmTrace (besu_development)"
Sep 24 17:06:13.606 INF API: test ended suite=0 test=241 pass=false
Sep 24 17:06:13.607 INF API: test started suite=0 test=242 name="interop/typed-one/trace/stateDiff (besu_development)"
Sep 24 17:06:13.609 INF API: test ended suite=0 test=242 pass=false
Sep 24 17:06:13.610 INF API: test started suite=0 test=243 name="interop/typed-one/trace/trace-stateDiff-vmTrace (besu_development)"
Sep 24 17:06:13.613 INF API: test ended suite=0 test=243 pass=false
Sep 24 17:06:13.614 INF API: test started suite=0 test=244 name="interop/typed-one/trace/trace-stateDiff (besu_development)"
Sep 24 17:06:13.617 INF API: test ended suite=0 test=244 pass=false
Sep 24 17:06:13.618 INF API: test started suite=0 test=245 name="interop/typed-one/trace/trace-vmTrace (besu_development)"
Sep 24 17:06:13.620 INF API: test ended suite=0 test=245 pass=false
Sep 24 17:06:13.621 INF API: test started suite=0 test=246 name="interop/typed-one/trace/trace (besu_development)"
Sep 24 17:06:13.624 INF API: test ended suite=0 test=246 pass=false
Sep 24 17:06:13.624 INF API: test started suite=0 test=247 name="interop/typed-one/trace/vmTrace (besu_development)"
Sep 24 17:06:13.627 INF API: test ended suite=0 test=247 pass=false
Sep 24 17:06:13.628 INF API: test started suite=0 test=248 name="interop/typed-tip-equals-cap/eth (besu_development)"
Sep 24 17:06:13.631 INF API: test ended suite=0 test=248 pass=false
Sep 24 17:06:13.631 INF API: test started suite=0 test=249 name="interop/typed-tip-equals-cap/trace/none (besu_development)"
Sep 24 17:06:13.635 INF API: test ended suite=0 test=249 pass=false
Sep 24 17:06:13.636 INF API: test started suite=0 test=250 name="interop/typed-tip-equals-cap/trace/stateDiff-vmTrace (besu_development)"
Sep 24 17:06:13.642 INF API: test ended suite=0 test=250 pass=false
Sep 24 17:06:13.643 INF API: test started suite=0 test=251 name="interop/typed-tip-equals-cap/trace/stateDiff (besu_development)"
Sep 24 17:06:13.647 INF API: test ended suite=0 test=251 pass=false
Sep 24 17:06:13.648 INF API: test started suite=0 test=252 name="interop/typed-tip-equals-cap/trace/trace-stateDiff-vmTrace (besu_development)"
Sep 24 17:06:13.654 INF API: test ended suite=0 test=252 pass=false
Sep 24 17:06:13.655 INF API: test started suite=0 test=253 name="interop/typed-tip-equals-cap/trace/trace-stateDiff (besu_development)"
Sep 24 17:06:13.660 INF API: test ended suite=0 test=253 pass=false
Sep 24 17:06:13.661 INF API: test started suite=0 test=254 name="interop/typed-tip-equals-cap/trace/trace-vmTrace (besu_development)"
Sep 24 17:06:13.666 INF API: test ended suite=0 test=254 pass=false
Sep 24 17:06:13.667 INF API: test started suite=0 test=255 name="interop/typed-tip-equals-cap/trace/trace (besu_development)"
Sep 24 17:06:13.673 INF API: test ended suite=0 test=255 pass=false
Sep 24 17:06:13.674 INF API: test started suite=0 test=256 name="interop/typed-tip-equals-cap/trace/vmTrace (besu_development)"
Sep 24 17:06:13.680 INF API: test ended suite=0 test=256 pass=false
Sep 24 17:06:13.681 INF API: test started suite=0 test=257 name="interop/typed-tip-limited/eth (besu_development)"
Sep 24 17:06:13.685 INF API: test ended suite=0 test=257 pass=false
Sep 24 17:06:13.686 INF API: test started suite=0 test=258 name="interop/typed-tip-limited/trace/none (besu_development)"
Sep 24 17:06:13.691 INF API: test ended suite=0 test=258 pass=false
Sep 24 17:06:13.692 INF API: test started suite=0 test=259 name="interop/typed-tip-limited/trace/stateDiff-vmTrace (besu_development)"
Sep 24 17:06:13.697 INF API: test ended suite=0 test=259 pass=false
Sep 24 17:06:13.698 INF API: test started suite=0 test=260 name="interop/typed-tip-limited/trace/stateDiff (besu_development)"
Sep 24 17:06:13.702 INF API: test ended suite=0 test=260 pass=false
Sep 24 17:06:13.703 INF API: test started suite=0 test=261 name="interop/typed-tip-limited/trace/trace-stateDiff-vmTrace (besu_development)"
Sep 24 17:06:13.707 INF API: test ended suite=0 test=261 pass=false
Sep 24 17:06:13.708 INF API: test started suite=0 test=262 name="interop/typed-tip-limited/trace/trace-stateDiff (besu_development)"
Sep 24 17:06:13.713 INF API: test ended suite=0 test=262 pass=false
Sep 24 17:06:13.714 INF API: test started suite=0 test=263 name="interop/typed-tip-limited/trace/trace-vmTrace (besu_development)"
Sep 24 17:06:13.718 INF API: test ended suite=0 test=263 pass=false
Sep 24 17:06:13.719 INF API: test started suite=0 test=264 name="interop/typed-tip-limited/trace/trace (besu_development)"
Sep 24 17:06:13.723 INF API: test ended suite=0 test=264 pass=false
Sep 24 17:06:13.723 INF API: test started suite=0 test=265 name="interop/typed-tip-limited/trace/vmTrace (besu_development)"
Sep 24 17:06:13.728 INF API: test ended suite=0 test=265 pass=false
Sep 24 17:06:13.729 INF API: test started suite=0 test=266 name="interop/typed-tip-over-cap/eth (besu_development)"
Sep 24 17:06:13.731 INF API: test ended suite=0 test=266 pass=false
Sep 24 17:06:13.732 INF API: test started suite=0 test=267 name="interop/typed-tip-over-cap/trace/none (besu_development)"
Sep 24 17:06:13.736 INF API: test ended suite=0 test=267 pass=false
Sep 24 17:06:13.737 INF API: test started suite=0 test=268 name="interop/typed-tip-over-cap/trace/stateDiff-vmTrace (besu_development)"
Sep 24 17:06:13.740 INF API: test ended suite=0 test=268 pass=false
Sep 24 17:06:13.741 INF API: test started suite=0 test=269 name="interop/typed-tip-over-cap/trace/stateDiff (besu_development)"
Sep 24 17:06:13.744 INF API: test ended suite=0 test=269 pass=false
Sep 24 17:06:13.745 INF API: test started suite=0 test=270 name="interop/typed-tip-over-cap/trace/trace-stateDiff-vmTrace (besu_development)"
Sep 24 17:06:13.748 INF API: test ended suite=0 test=270 pass=false
Sep 24 17:06:13.749 INF API: test started suite=0 test=271 name="interop/typed-tip-over-cap/trace/trace-stateDiff (besu_development)"
Sep 24 17:06:13.752 INF API: test ended suite=0 test=271 pass=false
Sep 24 17:06:13.753 INF API: test started suite=0 test=272 name="interop/typed-tip-over-cap/trace/trace-vmTrace (besu_development)"
Sep 24 17:06:13.756 INF API: test ended suite=0 test=272 pass=false
Sep 24 17:06:13.756 INF API: test started suite=0 test=273 name="interop/typed-tip-over-cap/trace/trace (besu_development)"
Sep 24 17:06:13.759 INF API: test ended suite=0 test=273 pass=false
Sep 24 17:06:13.760 INF API: test started suite=0 test=274 name="interop/typed-tip-over-cap/trace/vmTrace (besu_development)"
Sep 24 17:06:13.763 INF API: test ended suite=0 test=274 pass=false
Sep 24 17:06:13.764 INF API: test started suite=0 test=275 name="interop/typed-zero/eth (besu_development)"
Sep 24 17:06:13.767 INF API: test ended suite=0 test=275 pass=false
Sep 24 17:06:13.767 INF API: test started suite=0 test=276 name="interop/typed-zero/trace/none (besu_development)"
Sep 24 17:06:13.770 INF API: test ended suite=0 test=276 pass=false
Sep 24 17:06:13.770 INF API: test started suite=0 test=277 name="interop/typed-zero/trace/stateDiff-vmTrace (besu_development)"
Sep 24 17:06:13.774 INF API: test ended suite=0 test=277 pass=false
Sep 24 17:06:13.775 INF API: test started suite=0 test=278 name="interop/typed-zero/trace/stateDiff (besu_development)"
Sep 24 17:06:13.778 INF API: test ended suite=0 test=278 pass=false
Sep 24 17:06:13.779 INF API: test started suite=0 test=279 name="interop/typed-zero/trace/trace-stateDiff-vmTrace (besu_development)"
Sep 24 17:06:13.783 INF API: test ended suite=0 test=279 pass=false
Sep 24 17:06:13.783 INF API: test started suite=0 test=280 name="interop/typed-zero/trace/trace-stateDiff (besu_development)"
Sep 24 17:06:13.786 INF API: test ended suite=0 test=280 pass=false
Sep 24 17:06:13.787 INF API: test started suite=0 test=281 name="interop/typed-zero/trace/trace-vmTrace (besu_development)"
Sep 24 17:06:13.789 INF API: test ended suite=0 test=281 pass=false
Sep 24 17:06:13.790 INF API: test started suite=0 test=282 name="interop/typed-zero/trace/trace (besu_development)"
Sep 24 17:06:13.793 INF API: test ended suite=0 test=282 pass=false
Sep 24 17:06:13.794 INF API: test started suite=0 test=283 name="interop/typed-zero/trace/vmTrace (besu_development)"
Sep 24 17:06:13.796 INF API: test ended suite=0 test=283 pass=false
Sep 24 17:06:13.797 INF API: test started suite=0 test=284 name="interop/typed-zero-cap-positive-tip/eth (besu_development)"
Sep 24 17:06:13.799 INF API: test ended suite=0 test=284 pass=false
Sep 24 17:06:13.800 INF API: test started suite=0 test=285 name="interop/typed-zero-cap-positive-tip/trace/none (besu_development)"
Sep 24 17:06:13.803 INF API: test ended suite=0 test=285 pass=false
Sep 24 17:06:13.804 INF API: test started suite=0 test=286 name="interop/typed-zero-cap-positive-tip/trace/stateDiff-vmTrace (besu_development)"
Sep 24 17:06:13.807 INF API: test ended suite=0 test=286 pass=false
Sep 24 17:06:13.808 INF API: test started suite=0 test=287 name="interop/typed-zero-cap-positive-tip/trace/stateDiff (besu_development)"
Sep 24 17:06:13.810 INF API: test ended suite=0 test=287 pass=false
Sep 24 17:06:13.811 INF API: test started suite=0 test=288 name="interop/typed-zero-cap-positive-tip/trace/trace-stateDiff-vmTrace (besu_development)"
Sep 24 17:06:13.813 INF API: test ended suite=0 test=288 pass=false
Sep 24 17:06:13.814 INF API: test started suite=0 test=289 name="interop/typed-zero-cap-positive-tip/trace/trace-stateDiff (besu_development)"
Sep 24 17:06:13.817 INF API: test ended suite=0 test=289 pass=false
Sep 24 17:06:13.818 INF API: test started suite=0 test=290 name="interop/typed-zero-cap-positive-tip/trace/trace-vmTrace (besu_development)"
Sep 24 17:06:13.820 INF API: test ended suite=0 test=290 pass=false
Sep 24 17:06:13.821 INF API: test started suite=0 test=291 name="interop/typed-zero-cap-positive-tip/trace/trace (besu_development)"
Sep 24 17:06:13.823 INF API: test ended suite=0 test=291 pass=false
Sep 24 17:06:13.824 INF API: test started suite=0 test=292 name="interop/typed-zero-cap-positive-tip/trace/vmTrace (besu_development)"
Sep 24 17:06:13.827 INF API: test ended suite=0 test=292 pass=false
Sep 24 17:06:13.827 INF API: test started suite=0 test=293 name="interop/typed-zero-tip/eth (besu_development)"
Sep 24 17:06:13.830 INF API: test ended suite=0 test=293 pass=false
Sep 24 17:06:13.831 INF API: test started suite=0 test=294 name="interop/typed-zero-tip/trace/none (besu_development)"
Sep 24 17:06:13.835 INF API: test ended suite=0 test=294 pass=false
Sep 24 17:06:13.836 INF API: test started suite=0 test=295 name="interop/typed-zero-tip/trace/stateDiff-vmTrace (besu_development)"
Sep 24 17:06:13.840 INF API: test ended suite=0 test=295 pass=false
Sep 24 17:06:13.841 INF API: test started suite=0 test=296 name="interop/typed-zero-tip/trace/stateDiff (besu_development)"
Sep 24 17:06:13.844 INF API: test ended suite=0 test=296 pass=false
Sep 24 17:06:13.845 INF API: test started suite=0 test=297 name="interop/typed-zero-tip/trace/trace-stateDiff-vmTrace (besu_development)"
Sep 24 17:06:13.850 INF API: test ended suite=0 test=297 pass=false
Sep 24 17:06:13.851 INF API: test started suite=0 test=298 name="interop/typed-zero-tip/trace/trace-stateDiff (besu_development)"
Sep 24 17:06:13.855 INF API: test ended suite=0 test=298 pass=false
Sep 24 17:06:13.855 INF API: test started suite=0 test=299 name="interop/typed-zero-tip/trace/trace-vmTrace (besu_development)"
Sep 24 17:06:13.860 INF API: test ended suite=0 test=299 pass=false
Sep 24 17:06:13.860 INF API: test started suite=0 test=300 name="interop/typed-zero-tip/trace/trace (besu_development)"
Sep 24 17:06:13.865 INF API: test ended suite=0 test=300 pass=false
Sep 24 17:06:13.866 INF API: test started suite=0 test=301 name="interop/typed-zero-tip/trace/vmTrace (besu_development)"
Sep 24 17:06:13.871 INF API: test ended suite=0 test=301 pass=false
Sep 24 17:06:14.498 INF API: test ended suite=0 test=1 pass=true
Sep 24 17:06:14.500 INF API: test started suite=0 test=302 name="client launch (besu_release)"
Sep 24 17:06:22.604 INF API: client besu_release started suite=0 test=302 container=21ac298e
Sep 24 17:06:22.876 INF API: test started suite=0 test=303 name="interop/_control/empty-balance (besu_release)"
Sep 24 17:06:22.900 INF API: test ended suite=0 test=303 pass=false
Sep 24 17:06:22.901 INF API: test started suite=0 test=304 name="interop/_control/empty-code (besu_release)"
Sep 24 17:06:22.914 INF API: test ended suite=0 test=304 pass=false
Sep 24 17:06:22.915 INF API: test started suite=0 test=305 name="interop/_control/empty-nonce (besu_release)"
Sep 24 17:06:22.929 INF API: test ended suite=0 test=305 pass=false
Sep 24 17:06:22.930 INF API: test started suite=0 test=306 name="interop/_control/head (besu_release)"
Sep 24 17:06:22.944 INF API: test ended suite=0 test=306 pass=false
Sep 24 17:06:22.945 INF API: test started suite=0 test=307 name="interop/_control/latest (besu_release)"
Sep 24 17:06:22.949 INF API: test ended suite=0 test=307 pass=false
Sep 24 17:06:22.950 INF API: test started suite=0 test=308 name="interop/_control/miner-balance (besu_release)"
Sep 24 17:06:22.954 INF API: test ended suite=0 test=308 pass=false
Sep 24 17:06:22.955 INF API: test started suite=0 test=309 name="interop/_control/miner-code (besu_release)"
Sep 24 17:06:22.959 INF API: test ended suite=0 test=309 pass=false
Sep 24 17:06:22.959 INF API: test started suite=0 test=310 name="interop/_control/miner-nonce (besu_release)"
Sep 24 17:06:22.963 INF API: test ended suite=0 test=310 pass=false
Sep 24 17:06:22.964 INF API: test started suite=0 test=311 name="interop/_control/sender-balance (besu_release)"
Sep 24 17:06:22.968 INF API: test ended suite=0 test=311 pass=false
Sep 24 17:06:22.969 INF API: test started suite=0 test=312 name="interop/_control/sender-code (besu_release)"
Sep 24 17:06:22.972 INF API: test ended suite=0 test=312 pass=false
Sep 24 17:06:22.973 INF API: test started suite=0 test=313 name="interop/_control/sender-nonce (besu_release)"
Sep 24 17:06:22.978 INF API: test ended suite=0 test=313 pass=false
Sep 24 17:06:22.979 INF API: test started suite=0 test=314 name="interop/_control/version (besu_release)"
Sep 24 17:06:22.982 INF API: test ended suite=0 test=314 pass=false
Sep 24 17:06:22.983 INF API: test started suite=0 test=315 name="interop/defaults-cap-only-positive/eth (besu_release)"
Sep 24 17:06:23.029 INF API: test ended suite=0 test=315 pass=false
Sep 24 17:06:23.029 INF API: test started suite=0 test=316 name="interop/defaults-cap-only-positive/trace/none (besu_release)"
Sep 24 17:06:23.055 INF API: test ended suite=0 test=316 pass=false
Sep 24 17:06:23.056 INF API: test started suite=0 test=317 name="interop/defaults-cap-only-positive/trace/stateDiff-vmTrace (besu_release)"
Sep 24 17:06:23.083 INF API: test ended suite=0 test=317 pass=false
Sep 24 17:06:23.084 INF API: test started suite=0 test=318 name="interop/defaults-cap-only-positive/trace/stateDiff (besu_release)"
Sep 24 17:06:23.093 INF API: test ended suite=0 test=318 pass=false
Sep 24 17:06:23.094 INF API: test started suite=0 test=319 name="interop/defaults-cap-only-positive/trace/trace-stateDiff-vmTrace (besu_release)"
Sep 24 17:06:23.115 INF API: test ended suite=0 test=319 pass=false
Sep 24 17:06:23.116 INF API: test started suite=0 test=320 name="interop/defaults-cap-only-positive/trace/trace-stateDiff (besu_release)"
Sep 24 17:06:23.125 INF API: test ended suite=0 test=320 pass=false
Sep 24 17:06:23.126 INF API: test started suite=0 test=321 name="interop/defaults-cap-only-positive/trace/trace-vmTrace (besu_release)"
Sep 24 17:06:23.134 INF API: test ended suite=0 test=321 pass=false
Sep 24 17:06:23.135 INF API: test started suite=0 test=322 name="interop/defaults-cap-only-positive/trace/trace (besu_release)"
Sep 24 17:06:23.142 INF API: test ended suite=0 test=322 pass=false
Sep 24 17:06:23.143 INF API: test started suite=0 test=323 name="interop/defaults-cap-only-positive/trace/vmTrace (besu_release)"
Sep 24 17:06:23.152 INF API: test ended suite=0 test=323 pass=false
Sep 24 17:06:23.153 INF API: test started suite=0 test=324 name="interop/defaults-cap-only-zero/eth (besu_release)"
Sep 24 17:06:23.159 INF API: test ended suite=0 test=324 pass=false
Sep 24 17:06:23.160 INF API: test started suite=0 test=325 name="interop/defaults-cap-only-zero/trace/none (besu_release)"
Sep 24 17:06:23.180 INF API: test ended suite=0 test=325 pass=false
Sep 24 17:06:23.181 INF API: test started suite=0 test=326 name="interop/defaults-cap-only-zero/trace/stateDiff-vmTrace (besu_release)"
Sep 24 17:06:23.188 INF API: test ended suite=0 test=326 pass=false
Sep 24 17:06:23.189 INF API: test started suite=0 test=327 name="interop/defaults-cap-only-zero/trace/stateDiff (besu_release)"
Sep 24 17:06:23.196 INF API: test ended suite=0 test=327 pass=false
Sep 24 17:06:23.198 INF API: test started suite=0 test=328 name="interop/defaults-cap-only-zero/trace/trace-stateDiff-vmTrace (besu_release)"
Sep 24 17:06:23.203 INF API: test ended suite=0 test=328 pass=false
Sep 24 17:06:23.204 INF API: test started suite=0 test=329 name="interop/defaults-cap-only-zero/trace/trace-stateDiff (besu_release)"
Sep 24 17:06:23.209 INF API: test ended suite=0 test=329 pass=false
Sep 24 17:06:23.210 INF API: test started suite=0 test=330 name="interop/defaults-cap-only-zero/trace/trace-vmTrace (besu_release)"
Sep 24 17:06:23.216 INF API: test ended suite=0 test=330 pass=false
Sep 24 17:06:23.217 INF API: test started suite=0 test=331 name="interop/defaults-cap-only-zero/trace/trace (besu_release)"
Sep 24 17:06:23.223 INF API: test ended suite=0 test=331 pass=false
Sep 24 17:06:23.224 INF API: test started suite=0 test=332 name="interop/defaults-cap-only-zero/trace/vmTrace (besu_release)"
Sep 24 17:06:23.229 INF API: test ended suite=0 test=332 pass=false
Sep 24 17:06:23.230 INF API: test started suite=0 test=333 name="interop/defaults-omitted/eth (besu_release)"
Sep 24 17:06:23.236 INF API: test ended suite=0 test=333 pass=false
Sep 24 17:06:23.237 INF API: test started suite=0 test=334 name="interop/defaults-omitted/trace/none (besu_release)"
Sep 24 17:06:23.244 INF API: test ended suite=0 test=334 pass=false
Sep 24 17:06:23.245 INF API: test started suite=0 test=335 name="interop/defaults-omitted/trace/stateDiff-vmTrace (besu_release)"
Sep 24 17:06:23.255 INF API: test ended suite=0 test=335 pass=false
Sep 24 17:06:23.256 INF API: test started suite=0 test=336 name="interop/defaults-omitted/trace/stateDiff (besu_release)"
Sep 24 17:06:23.263 INF API: test ended suite=0 test=336 pass=false
Sep 24 17:06:23.264 INF API: test started suite=0 test=337 name="interop/defaults-omitted/trace/trace-stateDiff-vmTrace (besu_release)"
Sep 24 17:06:23.274 INF API: test ended suite=0 test=337 pass=false
Sep 24 17:06:23.275 INF API: test started suite=0 test=338 name="interop/defaults-omitted/trace/trace-stateDiff (besu_release)"
Sep 24 17:06:23.282 INF API: test ended suite=0 test=338 pass=false
Sep 24 17:06:23.283 INF API: test started suite=0 test=339 name="interop/defaults-omitted/trace/trace-vmTrace (besu_release)"
Sep 24 17:06:23.292 INF API: test ended suite=0 test=339 pass=false
Sep 24 17:06:23.293 INF API: test started suite=0 test=340 name="interop/defaults-omitted/trace/trace (besu_release)"
Sep 24 17:06:23.299 INF API: test ended suite=0 test=340 pass=false
Sep 24 17:06:23.300 INF API: test started suite=0 test=341 name="interop/defaults-omitted/trace/vmTrace (besu_release)"
Sep 24 17:06:23.307 INF API: test ended suite=0 test=341 pass=false
Sep 24 17:06:23.308 INF API: test started suite=0 test=342 name="interop/defaults-tip-only-positive/eth (besu_release)"
Sep 24 17:06:23.313 INF API: test ended suite=0 test=342 pass=false
Sep 24 17:06:23.314 INF API: test started suite=0 test=343 name="interop/defaults-tip-only-positive/trace/none (besu_release)"
Sep 24 17:06:23.324 INF API: test ended suite=0 test=343 pass=false
Sep 24 17:06:23.325 INF API: test started suite=0 test=344 name="interop/defaults-tip-only-positive/trace/stateDiff-vmTrace (besu_release)"
Sep 24 17:06:23.335 INF API: test ended suite=0 test=344 pass=false
Sep 24 17:06:23.335 INF API: test started suite=0 test=345 name="interop/defaults-tip-only-positive/trace/stateDiff (besu_release)"
Sep 24 17:06:23.345 INF API: test ended suite=0 test=345 pass=false
Sep 24 17:06:23.346 INF API: test started suite=0 test=346 name="interop/defaults-tip-only-positive/trace/trace-stateDiff-vmTrace (besu_release)"
Sep 24 17:06:23.354 INF API: test ended suite=0 test=346 pass=false
Sep 24 17:06:23.355 INF API: test started suite=0 test=347 name="interop/defaults-tip-only-positive/trace/trace-stateDiff (besu_release)"
Sep 24 17:06:23.369 INF API: test ended suite=0 test=347 pass=false
Sep 24 17:06:23.370 INF API: test started suite=0 test=348 name="interop/defaults-tip-only-positive/trace/trace-vmTrace (besu_release)"
Sep 24 17:06:23.379 INF API: test ended suite=0 test=348 pass=false
Sep 24 17:06:23.380 INF API: test started suite=0 test=349 name="interop/defaults-tip-only-positive/trace/trace (besu_release)"
Sep 24 17:06:23.390 INF API: test ended suite=0 test=349 pass=false
Sep 24 17:06:23.391 INF API: test started suite=0 test=350 name="interop/defaults-tip-only-positive/trace/vmTrace (besu_release)"
Sep 24 17:06:23.401 INF API: test ended suite=0 test=350 pass=false
Sep 24 17:06:23.402 INF API: test started suite=0 test=351 name="interop/defaults-tip-only-zero/eth (besu_release)"
Sep 24 17:06:23.407 INF API: test ended suite=0 test=351 pass=false
Sep 24 17:06:23.408 INF API: test started suite=0 test=352 name="interop/defaults-tip-only-zero/trace/none (besu_release)"
Sep 24 17:06:23.417 INF API: test ended suite=0 test=352 pass=false
Sep 24 17:06:23.418 INF API: test started suite=0 test=353 name="interop/defaults-tip-only-zero/trace/stateDiff-vmTrace (besu_release)"
Sep 24 17:06:23.427 INF API: test ended suite=0 test=353 pass=false
Sep 24 17:06:23.428 INF API: test started suite=0 test=354 name="interop/defaults-tip-only-zero/trace/stateDiff (besu_release)"
Sep 24 17:06:23.438 INF API: test ended suite=0 test=354 pass=false
Sep 24 17:06:23.439 INF API: test started suite=0 test=355 name="interop/defaults-tip-only-zero/trace/trace-stateDiff-vmTrace (besu_release)"
Sep 24 17:06:23.451 INF API: test ended suite=0 test=355 pass=false
Sep 24 17:06:23.452 INF API: test started suite=0 test=356 name="interop/defaults-tip-only-zero/trace/trace-stateDiff (besu_release)"
Sep 24 17:06:23.462 INF API: test ended suite=0 test=356 pass=false
Sep 24 17:06:23.463 INF API: test started suite=0 test=357 name="interop/defaults-tip-only-zero/trace/trace-vmTrace (besu_release)"
Sep 24 17:06:23.472 INF API: test ended suite=0 test=357 pass=false
Sep 24 17:06:23.473 INF API: test started suite=0 test=358 name="interop/defaults-tip-only-zero/trace/trace (besu_release)"
Sep 24 17:06:23.488 INF API: test ended suite=0 test=358 pass=false
Sep 24 17:06:23.489 INF API: test started suite=0 test=359 name="interop/defaults-tip-only-zero/trace/vmTrace (besu_release)"
Sep 24 17:06:23.499 INF API: test ended suite=0 test=359 pass=false
Sep 24 17:06:23.500 INF API: test started suite=0 test=360 name="interop/empty-sender-free/eth (besu_release)"
Sep 24 17:06:23.505 INF API: test ended suite=0 test=360 pass=false
Sep 24 17:06:23.505 INF API: test started suite=0 test=361 name="interop/empty-sender-free/trace/none (besu_release)"
Sep 24 17:06:23.515 INF API: test ended suite=0 test=361 pass=false
Sep 24 17:06:23.516 INF API: test started suite=0 test=362 name="interop/empty-sender-free/trace/stateDiff-vmTrace (besu_release)"
Sep 24 17:06:23.526 INF API: test ended suite=0 test=362 pass=false
Sep 24 17:06:23.527 INF API: test started suite=0 test=363 name="interop/empty-sender-free/trace/stateDiff (besu_release)"
Sep 24 17:06:23.539 INF API: test ended suite=0 test=363 pass=false
Sep 24 17:06:23.540 INF API: test started suite=0 test=364 name="interop/empty-sender-free/trace/trace-stateDiff-vmTrace (besu_release)"
Sep 24 17:06:23.550 INF API: test ended suite=0 test=364 pass=false
Sep 24 17:06:23.550 INF API: test started suite=0 test=365 name="interop/empty-sender-free/trace/trace-stateDiff (besu_release)"
Sep 24 17:06:23.560 INF API: test ended suite=0 test=365 pass=false
Sep 24 17:06:23.561 INF API: test started suite=0 test=366 name="interop/empty-sender-free/trace/trace-vmTrace (besu_release)"
Sep 24 17:06:23.571 INF API: test ended suite=0 test=366 pass=false
Sep 24 17:06:23.572 INF API: test started suite=0 test=367 name="interop/empty-sender-free/trace/trace (besu_release)"
Sep 24 17:06:23.579 INF API: test ended suite=0 test=367 pass=false
Sep 24 17:06:23.580 INF API: test started suite=0 test=368 name="interop/empty-sender-free/trace/vmTrace (besu_release)"
Sep 24 17:06:23.593 INF API: test ended suite=0 test=368 pass=false
Sep 24 17:06:23.594 INF API: test started suite=0 test=369 name="interop/empty-sender-priced/eth (besu_release)"
Sep 24 17:06:23.598 INF API: test ended suite=0 test=369 pass=false
Sep 24 17:06:23.599 INF API: test started suite=0 test=370 name="interop/empty-sender-priced/trace/none (besu_release)"
Sep 24 17:06:23.609 INF API: test ended suite=0 test=370 pass=false
Sep 24 17:06:23.610 INF API: test started suite=0 test=371 name="interop/empty-sender-priced/trace/stateDiff-vmTrace (besu_release)"
Sep 24 17:06:23.622 INF API: test ended suite=0 test=371 pass=false
Sep 24 17:06:23.623 INF API: test started suite=0 test=372 name="interop/empty-sender-priced/trace/stateDiff (besu_release)"
Sep 24 17:06:23.638 INF API: test ended suite=0 test=372 pass=false
Sep 24 17:06:23.640 INF API: test started suite=0 test=373 name="interop/empty-sender-priced/trace/trace-stateDiff-vmTrace (besu_release)"
Sep 24 17:06:23.649 INF API: test ended suite=0 test=373 pass=false
Sep 24 17:06:23.650 INF API: test started suite=0 test=374 name="interop/empty-sender-priced/trace/trace-stateDiff (besu_release)"
Sep 24 17:06:23.660 INF API: test ended suite=0 test=374 pass=false
Sep 24 17:06:23.661 INF API: test started suite=0 test=375 name="interop/empty-sender-priced/trace/trace-vmTrace (besu_release)"
Sep 24 17:06:23.671 INF API: test ended suite=0 test=375 pass=false
Sep 24 17:06:23.672 INF API: test started suite=0 test=376 name="interop/empty-sender-priced/trace/trace (besu_release)"
Sep 24 17:06:23.681 INF API: test ended suite=0 test=376 pass=false
Sep 24 17:06:23.682 INF API: test started suite=0 test=377 name="interop/empty-sender-priced/trace/vmTrace (besu_release)"
Sep 24 17:06:23.692 INF API: test ended suite=0 test=377 pass=false
Sep 24 17:06:23.693 INF API: test started suite=0 test=378 name="interop/funding-free-exact/eth (besu_release)"
Sep 24 17:06:23.697 INF API: test ended suite=0 test=378 pass=false
Sep 24 17:06:23.698 INF API: test started suite=0 test=379 name="interop/funding-free-exact/trace/none (besu_release)"
Sep 24 17:06:23.711 INF API: test ended suite=0 test=379 pass=false
Sep 24 17:06:23.712 INF API: test started suite=0 test=380 name="interop/funding-free-exact/trace/stateDiff-vmTrace (besu_release)"
Sep 24 17:06:23.721 INF API: test ended suite=0 test=380 pass=false
Sep 24 17:06:23.722 INF API: test started suite=0 test=381 name="interop/funding-free-exact/trace/stateDiff (besu_release)"
Sep 24 17:06:23.732 INF API: test ended suite=0 test=381 pass=false
Sep 24 17:06:23.733 INF API: test started suite=0 test=382 name="interop/funding-free-exact/trace/trace-stateDiff-vmTrace (besu_release)"
Sep 24 17:06:23.743 INF API: test ended suite=0 test=382 pass=false
Sep 24 17:06:23.743 INF API: test started suite=0 test=383 name="interop/funding-free-exact/trace/trace-stateDiff (besu_release)"
Sep 24 17:06:23.753 INF API: test ended suite=0 test=383 pass=false
Sep 24 17:06:23.754 INF API: test started suite=0 test=384 name="interop/funding-free-exact/trace/trace-vmTrace (besu_release)"
Sep 24 17:06:23.764 INF API: test ended suite=0 test=384 pass=false
Sep 24 17:06:23.765 INF API: test started suite=0 test=385 name="interop/funding-free-exact/trace/trace (besu_release)"
Sep 24 17:06:23.775 INF API: test ended suite=0 test=385 pass=false
Sep 24 17:06:23.775 INF API: test started suite=0 test=386 name="interop/funding-free-exact/trace/vmTrace (besu_release)"
Sep 24 17:06:23.785 INF API: test ended suite=0 test=386 pass=false
Sep 24 17:06:23.786 INF API: test started suite=0 test=387 name="interop/funding-free-short/eth (besu_release)"
Sep 24 17:06:23.790 INF API: test ended suite=0 test=387 pass=false
Sep 24 17:06:23.791 INF API: test started suite=0 test=388 name="interop/funding-free-short/trace/none (besu_release)"
Sep 24 17:06:23.799 INF API: test ended suite=0 test=388 pass=false
Sep 24 17:06:23.799 INF API: test started suite=0 test=389 name="interop/funding-free-short/trace/stateDiff-vmTrace (besu_release)"
Sep 24 17:06:23.809 INF API: test ended suite=0 test=389 pass=false
Sep 24 17:06:23.810 INF API: test started suite=0 test=390 name="interop/funding-free-short/trace/stateDiff (besu_release)"
Sep 24 17:06:23.820 INF API: test ended suite=0 test=390 pass=false
Sep 24 17:06:23.821 INF API: test started suite=0 test=391 name="interop/funding-free-short/trace/trace-stateDiff-vmTrace (besu_release)"
Sep 24 17:06:23.831 INF API: test ended suite=0 test=391 pass=false
Sep 24 17:06:23.831 INF API: test started suite=0 test=392 name="interop/funding-free-short/trace/trace-stateDiff (besu_release)"
Sep 24 17:06:23.841 INF API: test ended suite=0 test=392 pass=false
Sep 24 17:06:23.842 INF API: test started suite=0 test=393 name="interop/funding-free-short/trace/trace-vmTrace (besu_release)"
Sep 24 17:06:23.852 INF API: test ended suite=0 test=393 pass=false
Sep 24 17:06:23.853 INF API: test started suite=0 test=394 name="interop/funding-free-short/trace/trace (besu_release)"
Sep 24 17:06:23.863 INF API: test ended suite=0 test=394 pass=false
Sep 24 17:06:23.864 INF API: test started suite=0 test=395 name="interop/funding-free-short/trace/vmTrace (besu_release)"
Sep 24 17:06:23.876 INF API: test ended suite=0 test=395 pass=false
Sep 24 17:06:23.877 INF API: test started suite=0 test=396 name="interop/funding-legacy-exact/eth (besu_release)"
Sep 24 17:06:23.881 INF API: test ended suite=0 test=396 pass=false
Sep 24 17:06:23.882 INF API: test started suite=0 test=397 name="interop/funding-legacy-exact/trace/none (besu_release)"
Sep 24 17:06:23.886 INF API: test ended suite=0 test=397 pass=false
Sep 24 17:06:23.886 INF API: test started suite=0 test=398 name="interop/funding-legacy-exact/trace/stateDiff-vmTrace (besu_release)"
Sep 24 17:06:23.894 INF API: test ended suite=0 test=398 pass=false
Sep 24 17:06:23.895 INF API: test started suite=0 test=399 name="interop/funding-legacy-exact/trace/stateDiff (besu_release)"
Sep 24 17:06:23.900 INF API: test ended suite=0 test=399 pass=false
Sep 24 17:06:23.901 INF API: test started suite=0 test=400 name="interop/funding-legacy-exact/trace/trace-stateDiff-vmTrace (besu_release)"
Sep 24 17:06:23.906 INF API: test ended suite=0 test=400 pass=false
Sep 24 17:06:23.907 INF API: test started suite=0 test=401 name="interop/funding-legacy-exact/trace/trace-stateDiff (besu_release)"
Sep 24 17:06:23.913 INF API: test ended suite=0 test=401 pass=false
Sep 24 17:06:23.914 INF API: test started suite=0 test=402 name="interop/funding-legacy-exact/trace/trace-vmTrace (besu_release)"
Sep 24 17:06:23.920 INF API: test ended suite=0 test=402 pass=false
Sep 24 17:06:23.921 INF API: test started suite=0 test=403 name="interop/funding-legacy-exact/trace/trace (besu_release)"
Sep 24 17:06:23.925 INF API: test ended suite=0 test=403 pass=false
Sep 24 17:06:23.926 INF API: test started suite=0 test=404 name="interop/funding-legacy-exact/trace/vmTrace (besu_release)"
Sep 24 17:06:23.931 INF API: test ended suite=0 test=404 pass=false
Sep 24 17:06:23.932 INF API: test started suite=0 test=405 name="interop/funding-legacy-short/eth (besu_release)"
Sep 24 17:06:23.935 INF API: test ended suite=0 test=405 pass=false
Sep 24 17:06:23.936 INF API: test started suite=0 test=406 name="interop/funding-legacy-short/trace/none (besu_release)"
Sep 24 17:06:23.947 INF API: test ended suite=0 test=406 pass=false
Sep 24 17:06:23.947 INF API: test started suite=0 test=407 name="interop/funding-legacy-short/trace/stateDiff-vmTrace (besu_release)"
Sep 24 17:06:23.957 INF API: test ended suite=0 test=407 pass=false
Sep 24 17:06:23.958 INF API: test started suite=0 test=408 name="interop/funding-legacy-short/trace/stateDiff (besu_release)"
Sep 24 17:06:23.971 INF API: test ended suite=0 test=408 pass=false
Sep 24 17:06:23.971 INF API: test started suite=0 test=409 name="interop/funding-legacy-short/trace/trace-stateDiff-vmTrace (besu_release)"
Sep 24 17:06:23.981 INF API: test ended suite=0 test=409 pass=false
Sep 24 17:06:23.982 INF API: test started suite=0 test=410 name="interop/funding-legacy-short/trace/trace-stateDiff (besu_release)"
Sep 24 17:06:23.992 INF API: test ended suite=0 test=410 pass=false
Sep 24 17:06:23.993 INF API: test started suite=0 test=411 name="interop/funding-legacy-short/trace/trace-vmTrace (besu_release)"
Sep 24 17:06:24.003 INF API: test ended suite=0 test=411 pass=false
Sep 24 17:06:24.003 INF API: test started suite=0 test=412 name="interop/funding-legacy-short/trace/trace (besu_release)"
Sep 24 17:06:24.014 INF API: test ended suite=0 test=412 pass=false
Sep 24 17:06:24.014 INF API: test started suite=0 test=413 name="interop/funding-legacy-short/trace/vmTrace (besu_release)"
Sep 24 17:06:24.024 INF API: test ended suite=0 test=413 pass=false
Sep 24 17:06:24.025 INF API: test started suite=0 test=414 name="interop/funding-typed-effective-only/eth (besu_release)"
Sep 24 17:06:24.029 INF API: test ended suite=0 test=414 pass=false
Sep 24 17:06:24.030 INF API: test started suite=0 test=415 name="interop/funding-typed-effective-only/trace/none (besu_release)"
Sep 24 17:06:24.040 INF API: test ended suite=0 test=415 pass=false
Sep 24 17:06:24.041 INF API: test started suite=0 test=416 name="interop/funding-typed-effective-only/trace/stateDiff-vmTrace (besu_release)"
Sep 24 17:06:24.054 INF API: test ended suite=0 test=416 pass=false
Sep 24 17:06:24.054 INF API: test started suite=0 test=417 name="interop/funding-typed-effective-only/trace/stateDiff (besu_release)"
Sep 24 17:06:24.065 INF API: test ended suite=0 test=417 pass=false
Sep 24 17:06:24.065 INF API: test started suite=0 test=418 name="interop/funding-typed-effective-only/trace/trace-stateDiff-vmTrace (besu_release)"
Sep 24 17:06:24.075 INF API: test ended suite=0 test=418 pass=false
Sep 24 17:06:24.076 INF API: test started suite=0 test=419 name="interop/funding-typed-effective-only/trace/trace-stateDiff (besu_release)"
Sep 24 17:06:24.086 INF API: test ended suite=0 test=419 pass=false
Sep 24 17:06:24.087 INF API: test started suite=0 test=420 name="interop/funding-typed-effective-only/trace/trace-vmTrace (besu_release)"
Sep 24 17:06:24.097 INF API: test ended suite=0 test=420 pass=false
Sep 24 17:06:24.097 INF API: test started suite=0 test=421 name="interop/funding-typed-effective-only/trace/trace (besu_release)"
Sep 24 17:06:24.107 INF API: test ended suite=0 test=421 pass=false
Sep 24 17:06:24.108 INF API: test started suite=0 test=422 name="interop/funding-typed-effective-only/trace/vmTrace (besu_release)"
Sep 24 17:06:24.115 INF API: test ended suite=0 test=422 pass=false
Sep 24 17:06:24.116 INF API: test started suite=0 test=423 name="interop/funding-typed-exact/eth (besu_release)"
Sep 24 17:06:24.120 INF API: test ended suite=0 test=423 pass=false
Sep 24 17:06:24.121 INF API: test started suite=0 test=424 name="interop/funding-typed-exact/trace/none (besu_release)"
Sep 24 17:06:24.128 INF API: test ended suite=0 test=424 pass=false
Sep 24 17:06:24.128 INF API: test started suite=0 test=425 name="interop/funding-typed-exact/trace/stateDiff-vmTrace (besu_release)"
Sep 24 17:06:24.136 INF API: test ended suite=0 test=425 pass=false
Sep 24 17:06:24.137 INF API: test started suite=0 test=426 name="interop/funding-typed-exact/trace/stateDiff (besu_release)"
Sep 24 17:06:24.143 INF API: test ended suite=0 test=426 pass=false
Sep 24 17:06:24.144 INF API: test started suite=0 test=427 name="interop/funding-typed-exact/trace/trace-stateDiff-vmTrace (besu_release)"
Sep 24 17:06:24.151 INF API: test ended suite=0 test=427 pass=false
Sep 24 17:06:24.152 INF API: test started suite=0 test=428 name="interop/funding-typed-exact/trace/trace-stateDiff (besu_release)"
Sep 24 17:06:24.159 INF API: test ended suite=0 test=428 pass=false
Sep 24 17:06:24.160 INF API: test started suite=0 test=429 name="interop/funding-typed-exact/trace/trace-vmTrace (besu_release)"
Sep 24 17:06:24.168 INF API: test ended suite=0 test=429 pass=false
Sep 24 17:06:24.169 INF API: test started suite=0 test=430 name="interop/funding-typed-exact/trace/trace (besu_release)"
Sep 24 17:06:24.173 INF API: test ended suite=0 test=430 pass=false
Sep 24 17:06:24.174 INF API: test started suite=0 test=431 name="interop/funding-typed-exact/trace/vmTrace (besu_release)"
Sep 24 17:06:24.182 INF API: test ended suite=0 test=431 pass=false
Sep 24 17:06:24.183 INF API: test started suite=0 test=432 name="interop/funding-typed-free-exact/eth (besu_release)"
Sep 24 17:06:24.189 INF API: test ended suite=0 test=432 pass=false
Sep 24 17:06:24.190 INF API: test started suite=0 test=433 name="interop/funding-typed-free-exact/trace/none (besu_release)"
Sep 24 17:06:24.202 INF API: test ended suite=0 test=433 pass=false
Sep 24 17:06:24.203 INF API: test started suite=0 test=434 name="interop/funding-typed-free-exact/trace/stateDiff-vmTrace (besu_release)"
Sep 24 17:06:24.216 INF API: test ended suite=0 test=434 pass=false
Sep 24 17:06:24.217 INF API: test started suite=0 test=435 name="interop/funding-typed-free-exact/trace/stateDiff (besu_release)"
Sep 24 17:06:24.222 INF API: test ended suite=0 test=435 pass=false
Sep 24 17:06:24.222 INF API: test started suite=0 test=436 name="interop/funding-typed-free-exact/trace/trace-stateDiff-vmTrace (besu_release)"
Sep 24 17:06:24.226 INF API: test ended suite=0 test=436 pass=false
Sep 24 17:06:24.227 INF API: test started suite=0 test=437 name="interop/funding-typed-free-exact/trace/trace-stateDiff (besu_release)"
Sep 24 17:06:24.231 INF API: test ended suite=0 test=437 pass=false
Sep 24 17:06:24.231 INF API: test started suite=0 test=438 name="interop/funding-typed-free-exact/trace/trace-vmTrace (besu_release)"
Sep 24 17:06:24.235 INF API: test ended suite=0 test=438 pass=false
Sep 24 17:06:24.236 INF API: test started suite=0 test=439 name="interop/funding-typed-free-exact/trace/trace (besu_release)"
Sep 24 17:06:24.239 INF API: test ended suite=0 test=439 pass=false
Sep 24 17:06:24.240 INF API: test started suite=0 test=440 name="interop/funding-typed-free-exact/trace/vmTrace (besu_release)"
Sep 24 17:06:24.242 INF API: test ended suite=0 test=440 pass=false
Sep 24 17:06:24.243 INF API: test started suite=0 test=441 name="interop/funding-typed-free-short/eth (besu_release)"
Sep 24 17:06:24.247 INF API: test ended suite=0 test=441 pass=false
Sep 24 17:06:24.248 INF API: test started suite=0 test=442 name="interop/funding-typed-free-short/trace/none (besu_release)"
Sep 24 17:06:24.253 INF API: test ended suite=0 test=442 pass=false
Sep 24 17:06:24.254 INF API: test started suite=0 test=443 name="interop/funding-typed-free-short/trace/stateDiff-vmTrace (besu_release)"
Sep 24 17:06:24.258 INF API: test ended suite=0 test=443 pass=false
Sep 24 17:06:24.259 INF API: test started suite=0 test=444 name="interop/funding-typed-free-short/trace/stateDiff (besu_release)"
Sep 24 17:06:24.263 INF API: test ended suite=0 test=444 pass=false
Sep 24 17:06:24.264 INF API: test started suite=0 test=445 name="interop/funding-typed-free-short/trace/trace-stateDiff-vmTrace (besu_release)"
Sep 24 17:06:24.268 INF API: test ended suite=0 test=445 pass=false
Sep 24 17:06:24.269 INF API: test started suite=0 test=446 name="interop/funding-typed-free-short/trace/trace-stateDiff (besu_release)"
Sep 24 17:06:24.272 INF API: test ended suite=0 test=446 pass=false
Sep 24 17:06:24.272 INF API: test started suite=0 test=447 name="interop/funding-typed-free-short/trace/trace-vmTrace (besu_release)"
Sep 24 17:06:24.275 INF API: test ended suite=0 test=447 pass=false
Sep 24 17:06:24.276 INF API: test started suite=0 test=448 name="interop/funding-typed-free-short/trace/trace (besu_release)"
Sep 24 17:06:24.279 INF API: test ended suite=0 test=448 pass=false
Sep 24 17:06:24.280 INF API: test started suite=0 test=449 name="interop/funding-typed-free-short/trace/vmTrace (besu_release)"
Sep 24 17:06:24.283 INF API: test ended suite=0 test=449 pass=false
Sep 24 17:06:24.284 INF API: test started suite=0 test=450 name="interop/funding-typed-short/eth (besu_release)"
Sep 24 17:06:24.287 INF API: test ended suite=0 test=450 pass=false
Sep 24 17:06:24.288 INF API: test started suite=0 test=451 name="interop/funding-typed-short/trace/none (besu_release)"
Sep 24 17:06:24.291 INF API: test ended suite=0 test=451 pass=false
Sep 24 17:06:24.292 INF API: test started suite=0 test=452 name="interop/funding-typed-short/trace/stateDiff-vmTrace (besu_release)"
Sep 24 17:06:24.296 INF API: test ended suite=0 test=452 pass=false
Sep 24 17:06:24.297 INF API: test started suite=0 test=453 name="interop/funding-typed-short/trace/stateDiff (besu_release)"
Sep 24 17:06:24.300 INF API: test ended suite=0 test=453 pass=false
Sep 24 17:06:24.301 INF API: test started suite=0 test=454 name="interop/funding-typed-short/trace/trace-stateDiff-vmTrace (besu_release)"
Sep 24 17:06:24.304 INF API: test ended suite=0 test=454 pass=false
Sep 24 17:06:24.305 INF API: test started suite=0 test=455 name="interop/funding-typed-short/trace/trace-stateDiff (besu_release)"
Sep 24 17:06:24.308 INF API: test ended suite=0 test=455 pass=false
Sep 24 17:06:24.309 INF API: test started suite=0 test=456 name="interop/funding-typed-short/trace/trace-vmTrace (besu_release)"
Sep 24 17:06:24.313 INF API: test ended suite=0 test=456 pass=false
Sep 24 17:06:24.314 INF API: test started suite=0 test=457 name="interop/funding-typed-short/trace/trace (besu_release)"
Sep 24 17:06:24.317 INF API: test ended suite=0 test=457 pass=false
Sep 24 17:06:24.318 INF API: test started suite=0 test=458 name="interop/funding-typed-short/trace/vmTrace (besu_release)"
Sep 24 17:06:24.322 INF API: test ended suite=0 test=458 pass=false
Sep 24 17:06:24.323 INF API: test started suite=0 test=459 name="interop/legacy-above-base/eth (besu_release)"
Sep 24 17:06:24.326 INF API: test ended suite=0 test=459 pass=false
Sep 24 17:06:24.327 INF API: test started suite=0 test=460 name="interop/legacy-above-base/trace/none (besu_release)"
Sep 24 17:06:24.330 INF API: test ended suite=0 test=460 pass=false
Sep 24 17:06:24.331 INF API: test started suite=0 test=461 name="interop/legacy-above-base/trace/stateDiff-vmTrace (besu_release)"
Sep 24 17:06:24.337 INF API: test ended suite=0 test=461 pass=false
Sep 24 17:06:24.338 INF API: test started suite=0 test=462 name="interop/legacy-above-base/trace/stateDiff (besu_release)"
Sep 24 17:06:24.342 INF API: test ended suite=0 test=462 pass=false
Sep 24 17:06:24.342 INF API: test started suite=0 test=463 name="interop/legacy-above-base/trace/trace-stateDiff-vmTrace (besu_release)"
Sep 24 17:06:24.347 INF API: test ended suite=0 test=463 pass=false
Sep 24 17:06:24.348 INF API: test started suite=0 test=464 name="interop/legacy-above-base/trace/trace-stateDiff (besu_release)"
Sep 24 17:06:24.353 INF API: test ended suite=0 test=464 pass=false
Sep 24 17:06:24.354 INF API: test started suite=0 test=465 name="interop/legacy-above-base/trace/trace-vmTrace (besu_release)"
Sep 24 17:06:24.361 INF API: test ended suite=0 test=465 pass=false
Sep 24 17:06:24.361 INF API: test started suite=0 test=466 name="interop/legacy-above-base/trace/trace (besu_release)"
Sep 24 17:06:24.365 INF API: test ended suite=0 test=466 pass=false
Sep 24 17:06:24.366 INF API: test started suite=0 test=467 name="interop/legacy-above-base/trace/vmTrace (besu_release)"
Sep 24 17:06:24.371 INF API: test ended suite=0 test=467 pass=false
Sep 24 17:06:24.372 INF API: test started suite=0 test=468 name="interop/legacy-at-base/eth (besu_release)"
Sep 24 17:06:24.376 INF API: test ended suite=0 test=468 pass=false
Sep 24 17:06:24.376 INF API: test started suite=0 test=469 name="interop/legacy-at-base/trace/none (besu_release)"
Sep 24 17:06:24.380 INF API: test ended suite=0 test=469 pass=false
Sep 24 17:06:24.380 INF API: test started suite=0 test=470 name="interop/legacy-at-base/trace/stateDiff-vmTrace (besu_release)"
Sep 24 17:06:24.386 INF API: test ended suite=0 test=470 pass=false
Sep 24 17:06:24.387 INF API: test started suite=0 test=471 name="interop/legacy-at-base/trace/stateDiff (besu_release)"
Sep 24 17:06:24.391 INF API: test ended suite=0 test=471 pass=false
Sep 24 17:06:24.391 INF API: test started suite=0 test=472 name="interop/legacy-at-base/trace/trace-stateDiff-vmTrace (besu_release)"
Sep 24 17:06:24.397 INF API: test ended suite=0 test=472 pass=false
Sep 24 17:06:24.398 INF API: test started suite=0 test=473 name="interop/legacy-at-base/trace/trace-stateDiff (besu_release)"
Sep 24 17:06:24.402 INF API: test ended suite=0 test=473 pass=false
Sep 24 17:06:24.403 INF API: test started suite=0 test=474 name="interop/legacy-at-base/trace/trace-vmTrace (besu_release)"
Sep 24 17:06:24.407 INF API: test ended suite=0 test=474 pass=false
Sep 24 17:06:24.408 INF API: test started suite=0 test=475 name="interop/legacy-at-base/trace/trace (besu_release)"
Sep 24 17:06:24.412 INF API: test ended suite=0 test=475 pass=false
Sep 24 17:06:24.412 INF API: test started suite=0 test=476 name="interop/legacy-at-base/trace/vmTrace (besu_release)"
Sep 24 17:06:24.417 INF API: test ended suite=0 test=476 pass=false
Sep 24 17:06:24.418 INF API: test started suite=0 test=477 name="interop/legacy-below-base/eth (besu_release)"
Sep 24 17:06:24.420 INF API: test ended suite=0 test=477 pass=false
Sep 24 17:06:24.421 INF API: test started suite=0 test=478 name="interop/legacy-below-base/trace/none (besu_release)"
Sep 24 17:06:24.425 INF API: test ended suite=0 test=478 pass=false
Sep 24 17:06:24.426 INF API: test started suite=0 test=479 name="interop/legacy-below-base/trace/stateDiff-vmTrace (besu_release)"
Sep 24 17:06:24.429 INF API: test ended suite=0 test=479 pass=false
Sep 24 17:06:24.430 INF API: test started suite=0 test=480 name="interop/legacy-below-base/trace/stateDiff (besu_release)"
Sep 24 17:06:24.433 INF API: test ended suite=0 test=480 pass=false
Sep 24 17:06:24.434 INF API: test started suite=0 test=481 name="interop/legacy-below-base/trace/trace-stateDiff-vmTrace (besu_release)"
Sep 24 17:06:24.437 INF API: test ended suite=0 test=481 pass=false
Sep 24 17:06:24.438 INF API: test started suite=0 test=482 name="interop/legacy-below-base/trace/trace-stateDiff (besu_release)"
Sep 24 17:06:24.441 INF API: test ended suite=0 test=482 pass=false
Sep 24 17:06:24.442 INF API: test started suite=0 test=483 name="interop/legacy-below-base/trace/trace-vmTrace (besu_release)"
Sep 24 17:06:24.444 INF API: test ended suite=0 test=483 pass=false
Sep 24 17:06:24.445 INF API: test started suite=0 test=484 name="interop/legacy-below-base/trace/trace (besu_release)"
Sep 24 17:06:24.448 INF API: test ended suite=0 test=484 pass=false
Sep 24 17:06:24.449 INF API: test started suite=0 test=485 name="interop/legacy-below-base/trace/vmTrace (besu_release)"
Sep 24 17:06:24.452 INF API: test ended suite=0 test=485 pass=false
Sep 24 17:06:24.453 INF API: test started suite=0 test=486 name="interop/legacy-one/eth (besu_release)"
Sep 24 17:06:24.456 INF API: test ended suite=0 test=486 pass=false
Sep 24 17:06:24.457 INF API: test started suite=0 test=487 name="interop/legacy-one/trace/none (besu_release)"
Sep 24 17:06:24.460 INF API: test ended suite=0 test=487 pass=false
Sep 24 17:06:24.461 INF API: test started suite=0 test=488 name="interop/legacy-one/trace/stateDiff-vmTrace (besu_release)"
Sep 24 17:06:24.464 INF API: test ended suite=0 test=488 pass=false
Sep 24 17:06:24.465 INF API: test started suite=0 test=489 name="interop/legacy-one/trace/stateDiff (besu_release)"
Sep 24 17:06:24.468 INF API: test ended suite=0 test=489 pass=false
Sep 24 17:06:24.469 INF API: test started suite=0 test=490 name="interop/legacy-one/trace/trace-stateDiff-vmTrace (besu_release)"
Sep 24 17:06:24.472 INF API: test ended suite=0 test=490 pass=false
Sep 24 17:06:24.473 INF API: test started suite=0 test=491 name="interop/legacy-one/trace/trace-stateDiff (besu_release)"
Sep 24 17:06:24.475 INF API: test ended suite=0 test=491 pass=false
Sep 24 17:06:24.476 INF API: test started suite=0 test=492 name="interop/legacy-one/trace/trace-vmTrace (besu_release)"
Sep 24 17:06:24.480 INF API: test ended suite=0 test=492 pass=false
Sep 24 17:06:24.481 INF API: test started suite=0 test=493 name="interop/legacy-one/trace/trace (besu_release)"
Sep 24 17:06:24.484 INF API: test ended suite=0 test=493 pass=false
Sep 24 17:06:24.485 INF API: test started suite=0 test=494 name="interop/legacy-one/trace/vmTrace (besu_release)"
Sep 24 17:06:24.489 INF API: test ended suite=0 test=494 pass=false
Sep 24 17:06:24.489 INF API: test started suite=0 test=495 name="interop/legacy-zero/eth (besu_release)"
Sep 24 17:06:24.494 INF API: test ended suite=0 test=495 pass=false
Sep 24 17:06:24.494 INF API: test started suite=0 test=496 name="interop/legacy-zero/trace/none (besu_release)"
Sep 24 17:06:24.498 INF API: test ended suite=0 test=496 pass=false
Sep 24 17:06:24.499 INF API: test started suite=0 test=497 name="interop/legacy-zero/trace/stateDiff-vmTrace (besu_release)"
Sep 24 17:06:24.502 INF API: test ended suite=0 test=497 pass=false
Sep 24 17:06:24.503 INF API: test started suite=0 test=498 name="interop/legacy-zero/trace/stateDiff (besu_release)"
Sep 24 17:06:24.506 INF API: test ended suite=0 test=498 pass=false
Sep 24 17:06:24.506 INF API: test started suite=0 test=499 name="interop/legacy-zero/trace/trace-stateDiff-vmTrace (besu_release)"
Sep 24 17:06:24.509 INF API: test ended suite=0 test=499 pass=false
Sep 24 17:06:24.509 INF API: test started suite=0 test=500 name="interop/legacy-zero/trace/trace-stateDiff (besu_release)"
Sep 24 17:06:24.512 INF API: test ended suite=0 test=500 pass=false
Sep 24 17:06:24.513 INF API: test started suite=0 test=501 name="interop/legacy-zero/trace/trace-vmTrace (besu_release)"
Sep 24 17:06:24.516 INF API: test ended suite=0 test=501 pass=false
Sep 24 17:06:24.517 INF API: test started suite=0 test=502 name="interop/legacy-zero/trace/trace (besu_release)"
Sep 24 17:06:24.521 INF API: test ended suite=0 test=502 pass=false
Sep 24 17:06:24.522 INF API: test started suite=0 test=503 name="interop/legacy-zero/trace/vmTrace (besu_release)"
Sep 24 17:06:24.525 INF API: test ended suite=0 test=503 pass=false
Sep 24 17:06:24.526 INF API: test started suite=0 test=504 name="interop/typed-at-base/eth (besu_release)"
Sep 24 17:06:24.530 INF API: test ended suite=0 test=504 pass=false
Sep 24 17:06:24.531 INF API: test started suite=0 test=505 name="interop/typed-at-base/trace/none (besu_release)"
Sep 24 17:06:24.534 INF API: test ended suite=0 test=505 pass=false
Sep 24 17:06:24.535 INF API: test started suite=0 test=506 name="interop/typed-at-base/trace/stateDiff-vmTrace (besu_release)"
Sep 24 17:06:24.540 INF API: test ended suite=0 test=506 pass=false
Sep 24 17:06:24.541 INF API: test started suite=0 test=507 name="interop/typed-at-base/trace/stateDiff (besu_release)"
Sep 24 17:06:24.546 INF API: test ended suite=0 test=507 pass=false
Sep 24 17:06:24.547 INF API: test started suite=0 test=508 name="interop/typed-at-base/trace/trace-stateDiff-vmTrace (besu_release)"
Sep 24 17:06:24.553 INF API: test ended suite=0 test=508 pass=false
Sep 24 17:06:24.554 INF API: test started suite=0 test=509 name="interop/typed-at-base/trace/trace-stateDiff (besu_release)"
Sep 24 17:06:24.558 INF API: test ended suite=0 test=509 pass=false
Sep 24 17:06:24.559 INF API: test started suite=0 test=510 name="interop/typed-at-base/trace/trace-vmTrace (besu_release)"
Sep 24 17:06:24.564 INF API: test ended suite=0 test=510 pass=false
Sep 24 17:06:24.565 INF API: test started suite=0 test=511 name="interop/typed-at-base/trace/trace (besu_release)"
Sep 24 17:06:24.569 INF API: test ended suite=0 test=511 pass=false
Sep 24 17:06:24.570 INF API: test started suite=0 test=512 name="interop/typed-at-base/trace/vmTrace (besu_release)"
Sep 24 17:06:24.574 INF API: test ended suite=0 test=512 pass=false
Sep 24 17:06:24.575 INF API: test started suite=0 test=513 name="interop/typed-below-base/eth (besu_release)"
Sep 24 17:06:24.578 INF API: test ended suite=0 test=513 pass=false
Sep 24 17:06:24.579 INF API: test started suite=0 test=514 name="interop/typed-below-base/trace/none (besu_release)"
Sep 24 17:06:24.583 INF API: test ended suite=0 test=514 pass=false
Sep 24 17:06:24.583 INF API: test started suite=0 test=515 name="interop/typed-below-base/trace/stateDiff-vmTrace (besu_release)"
Sep 24 17:06:24.587 INF API: test ended suite=0 test=515 pass=false
Sep 24 17:06:24.588 INF API: test started suite=0 test=516 name="interop/typed-below-base/trace/stateDiff (besu_release)"
Sep 24 17:06:24.592 INF API: test ended suite=0 test=516 pass=false
Sep 24 17:06:24.593 INF API: test started suite=0 test=517 name="interop/typed-below-base/trace/trace-stateDiff-vmTrace (besu_release)"
Sep 24 17:06:24.597 INF API: test ended suite=0 test=517 pass=false
Sep 24 17:06:24.598 INF API: test started suite=0 test=518 name="interop/typed-below-base/trace/trace-stateDiff (besu_release)"
Sep 24 17:06:24.601 INF API: test ended suite=0 test=518 pass=false
Sep 24 17:06:24.602 INF API: test started suite=0 test=519 name="interop/typed-below-base/trace/trace-vmTrace (besu_release)"
Sep 24 17:06:24.607 INF API: test ended suite=0 test=519 pass=false
Sep 24 17:06:24.608 INF API: test started suite=0 test=520 name="interop/typed-below-base/trace/trace (besu_release)"
Sep 24 17:06:24.613 INF API: test ended suite=0 test=520 pass=false
Sep 24 17:06:24.614 INF API: test started suite=0 test=521 name="interop/typed-below-base/trace/vmTrace (besu_release)"
Sep 24 17:06:24.618 INF API: test ended suite=0 test=521 pass=false
Sep 24 17:06:24.619 INF API: test started suite=0 test=522 name="interop/typed-below-base-positive-tip/eth (besu_release)"
Sep 24 17:06:24.622 INF API: test ended suite=0 test=522 pass=false
Sep 24 17:06:24.623 INF API: test started suite=0 test=523 name="interop/typed-below-base-positive-tip/trace/none (besu_release)"
Sep 24 17:06:24.627 INF API: test ended suite=0 test=523 pass=false
Sep 24 17:06:24.628 INF API: test started suite=0 test=524 name="interop/typed-below-base-positive-tip/trace/stateDiff-vmTrace (besu_release)"
Sep 24 17:06:24.632 INF API: test ended suite=0 test=524 pass=false
Sep 24 17:06:24.633 INF API: test started suite=0 test=525 name="interop/typed-below-base-positive-tip/trace/stateDiff (besu_release)"
Sep 24 17:06:24.637 INF API: test ended suite=0 test=525 pass=false
Sep 24 17:06:24.637 INF API: test started suite=0 test=526 name="interop/typed-below-base-positive-tip/trace/trace-stateDiff-vmTrace (besu_release)"
Sep 24 17:06:24.641 INF API: test ended suite=0 test=526 pass=false
Sep 24 17:06:24.642 INF API: test started suite=0 test=527 name="interop/typed-below-base-positive-tip/trace/trace-stateDiff (besu_release)"
Sep 24 17:06:24.646 INF API: test ended suite=0 test=527 pass=false
Sep 24 17:06:24.647 INF API: test started suite=0 test=528 name="interop/typed-below-base-positive-tip/trace/trace-vmTrace (besu_release)"
Sep 24 17:06:24.651 INF API: test ended suite=0 test=528 pass=false
Sep 24 17:06:24.653 INF API: test started suite=0 test=529 name="interop/typed-below-base-positive-tip/trace/trace (besu_release)"
Sep 24 17:06:24.657 INF API: test ended suite=0 test=529 pass=false
Sep 24 17:06:24.658 INF API: test started suite=0 test=530 name="interop/typed-below-base-positive-tip/trace/vmTrace (besu_release)"
Sep 24 17:06:24.663 INF API: test ended suite=0 test=530 pass=false
Sep 24 17:06:24.664 INF API: test started suite=0 test=531 name="interop/typed-cap-limited/eth (besu_release)"
Sep 24 17:06:24.668 INF API: test ended suite=0 test=531 pass=false
Sep 24 17:06:24.669 INF API: test started suite=0 test=532 name="interop/typed-cap-limited/trace/none (besu_release)"
Sep 24 17:06:24.674 INF API: test ended suite=0 test=532 pass=false
Sep 24 17:06:24.675 INF API: test started suite=0 test=533 name="interop/typed-cap-limited/trace/stateDiff-vmTrace (besu_release)"
Sep 24 17:06:24.682 INF API: test ended suite=0 test=533 pass=false
Sep 24 17:06:24.683 INF API: test started suite=0 test=534 name="interop/typed-cap-limited/trace/stateDiff (besu_release)"
Sep 24 17:06:24.688 INF API: test ended suite=0 test=534 pass=false
Sep 24 17:06:24.689 INF API: test started suite=0 test=535 name="interop/typed-cap-limited/trace/trace-stateDiff-vmTrace (besu_release)"
Sep 24 17:06:24.695 INF API: test ended suite=0 test=535 pass=false
Sep 24 17:06:24.696 INF API: test started suite=0 test=536 name="interop/typed-cap-limited/trace/trace-stateDiff (besu_release)"
Sep 24 17:06:24.702 INF API: test ended suite=0 test=536 pass=false
Sep 24 17:06:24.703 INF API: test started suite=0 test=537 name="interop/typed-cap-limited/trace/trace-vmTrace (besu_release)"
Sep 24 17:06:24.709 INF API: test ended suite=0 test=537 pass=false
Sep 24 17:06:24.710 INF API: test started suite=0 test=538 name="interop/typed-cap-limited/trace/trace (besu_release)"
Sep 24 17:06:24.714 INF API: test ended suite=0 test=538 pass=false
Sep 24 17:06:24.715 INF API: test started suite=0 test=539 name="interop/typed-cap-limited/trace/vmTrace (besu_release)"
Sep 24 17:06:24.721 INF API: test ended suite=0 test=539 pass=false
Sep 24 17:06:24.722 INF API: test started suite=0 test=540 name="interop/typed-one/eth (besu_release)"
Sep 24 17:06:24.726 INF API: test ended suite=0 test=540 pass=false
Sep 24 17:06:24.727 INF API: test started suite=0 test=541 name="interop/typed-one/trace/none (besu_release)"
Sep 24 17:06:24.732 INF API: test ended suite=0 test=541 pass=false
Sep 24 17:06:24.733 INF API: test started suite=0 test=542 name="interop/typed-one/trace/stateDiff-vmTrace (besu_release)"
Sep 24 17:06:24.737 INF API: test ended suite=0 test=542 pass=false
Sep 24 17:06:24.737 INF API: test started suite=0 test=543 name="interop/typed-one/trace/stateDiff (besu_release)"
Sep 24 17:06:24.741 INF API: test ended suite=0 test=543 pass=false
Sep 24 17:06:24.742 INF API: test started suite=0 test=544 name="interop/typed-one/trace/trace-stateDiff-vmTrace (besu_release)"
Sep 24 17:06:24.746 INF API: test ended suite=0 test=544 pass=false
Sep 24 17:06:24.747 INF API: test started suite=0 test=545 name="interop/typed-one/trace/trace-stateDiff (besu_release)"
Sep 24 17:06:24.751 INF API: test ended suite=0 test=545 pass=false
Sep 24 17:06:24.752 INF API: test started suite=0 test=546 name="interop/typed-one/trace/trace-vmTrace (besu_release)"
Sep 24 17:06:24.756 INF API: test ended suite=0 test=546 pass=false
Sep 24 17:06:24.757 INF API: test started suite=0 test=547 name="interop/typed-one/trace/trace (besu_release)"
Sep 24 17:06:24.761 INF API: test ended suite=0 test=547 pass=false
Sep 24 17:06:24.762 INF API: test started suite=0 test=548 name="interop/typed-one/trace/vmTrace (besu_release)"
Sep 24 17:06:24.766 INF API: test ended suite=0 test=548 pass=false
Sep 24 17:06:24.767 INF API: test started suite=0 test=549 name="interop/typed-tip-equals-cap/eth (besu_release)"
Sep 24 17:06:24.771 INF API: test ended suite=0 test=549 pass=false
Sep 24 17:06:24.772 INF API: test started suite=0 test=550 name="interop/typed-tip-equals-cap/trace/none (besu_release)"
Sep 24 17:06:24.777 INF API: test ended suite=0 test=550 pass=false
Sep 24 17:06:24.778 INF API: test started suite=0 test=551 name="interop/typed-tip-equals-cap/trace/stateDiff-vmTrace (besu_release)"
Sep 24 17:06:24.786 INF API: test ended suite=0 test=551 pass=false
Sep 24 17:06:24.787 INF API: test started suite=0 test=552 name="interop/typed-tip-equals-cap/trace/stateDiff (besu_release)"
Sep 24 17:06:24.792 INF API: test ended suite=0 test=552 pass=false
Sep 24 17:06:24.794 INF API: test started suite=0 test=553 name="interop/typed-tip-equals-cap/trace/trace-stateDiff-vmTrace (besu_release)"
Sep 24 17:06:24.801 INF API: test ended suite=0 test=553 pass=false
Sep 24 17:06:24.802 INF API: test started suite=0 test=554 name="interop/typed-tip-equals-cap/trace/trace-stateDiff (besu_release)"
Sep 24 17:06:24.808 INF API: test ended suite=0 test=554 pass=false
Sep 24 17:06:24.809 INF API: test started suite=0 test=555 name="interop/typed-tip-equals-cap/trace/trace-vmTrace (besu_release)"
Sep 24 17:06:24.816 INF API: test ended suite=0 test=555 pass=false
Sep 24 17:06:24.816 INF API: test started suite=0 test=556 name="interop/typed-tip-equals-cap/trace/trace (besu_release)"
Sep 24 17:06:24.822 INF API: test ended suite=0 test=556 pass=false
Sep 24 17:06:24.823 INF API: test started suite=0 test=557 name="interop/typed-tip-equals-cap/trace/vmTrace (besu_release)"
Sep 24 17:06:24.830 INF API: test ended suite=0 test=557 pass=false
Sep 24 17:06:24.831 INF API: test started suite=0 test=558 name="interop/typed-tip-limited/eth (besu_release)"
Sep 24 17:06:24.835 INF API: test ended suite=0 test=558 pass=false
Sep 24 17:06:24.836 INF API: test started suite=0 test=559 name="interop/typed-tip-limited/trace/none (besu_release)"
Sep 24 17:06:24.840 INF API: test ended suite=0 test=559 pass=false
Sep 24 17:06:24.841 INF API: test started suite=0 test=560 name="interop/typed-tip-limited/trace/stateDiff-vmTrace (besu_release)"
Sep 24 17:06:24.846 INF API: test ended suite=0 test=560 pass=false
Sep 24 17:06:24.846 INF API: test started suite=0 test=561 name="interop/typed-tip-limited/trace/stateDiff (besu_release)"
Sep 24 17:06:24.850 INF API: test ended suite=0 test=561 pass=false
Sep 24 17:06:24.851 INF API: test started suite=0 test=562 name="interop/typed-tip-limited/trace/trace-stateDiff-vmTrace (besu_release)"
Sep 24 17:06:24.856 INF API: test ended suite=0 test=562 pass=false
Sep 24 17:06:24.857 INF API: test started suite=0 test=563 name="interop/typed-tip-limited/trace/trace-stateDiff (besu_release)"
Sep 24 17:06:24.860 INF API: test ended suite=0 test=563 pass=false
Sep 24 17:06:24.861 INF API: test started suite=0 test=564 name="interop/typed-tip-limited/trace/trace-vmTrace (besu_release)"
Sep 24 17:06:24.866 INF API: test ended suite=0 test=564 pass=false
Sep 24 17:06:24.867 INF API: test started suite=0 test=565 name="interop/typed-tip-limited/trace/trace (besu_release)"
Sep 24 17:06:24.870 INF API: test ended suite=0 test=565 pass=false
Sep 24 17:06:24.871 INF API: test started suite=0 test=566 name="interop/typed-tip-limited/trace/vmTrace (besu_release)"
Sep 24 17:06:24.875 INF API: test ended suite=0 test=566 pass=false
Sep 24 17:06:24.876 INF API: test started suite=0 test=567 name="interop/typed-tip-over-cap/eth (besu_release)"
Sep 24 17:06:24.879 INF API: test ended suite=0 test=567 pass=false
Sep 24 17:06:24.879 INF API: test started suite=0 test=568 name="interop/typed-tip-over-cap/trace/none (besu_release)"
Sep 24 17:06:24.884 INF API: test ended suite=0 test=568 pass=false
Sep 24 17:06:24.885 INF API: test started suite=0 test=569 name="interop/typed-tip-over-cap/trace/stateDiff-vmTrace (besu_release)"
Sep 24 17:06:24.887 INF API: test ended suite=0 test=569 pass=false
Sep 24 17:06:24.888 INF API: test started suite=0 test=570 name="interop/typed-tip-over-cap/trace/stateDiff (besu_release)"
Sep 24 17:06:24.891 INF API: test ended suite=0 test=570 pass=false
Sep 24 17:06:24.892 INF API: test started suite=0 test=571 name="interop/typed-tip-over-cap/trace/trace-stateDiff-vmTrace (besu_release)"
Sep 24 17:06:24.896 INF API: test ended suite=0 test=571 pass=false
Sep 24 17:06:24.897 INF API: test started suite=0 test=572 name="interop/typed-tip-over-cap/trace/trace-stateDiff (besu_release)"
Sep 24 17:06:24.900 INF API: test ended suite=0 test=572 pass=false
Sep 24 17:06:24.901 INF API: test started suite=0 test=573 name="interop/typed-tip-over-cap/trace/trace-vmTrace (besu_release)"
Sep 24 17:06:24.904 INF API: test ended suite=0 test=573 pass=false
Sep 24 17:06:24.905 INF API: test started suite=0 test=574 name="interop/typed-tip-over-cap/trace/trace (besu_release)"
Sep 24 17:06:24.908 INF API: test ended suite=0 test=574 pass=false
Sep 24 17:06:24.908 INF API: test started suite=0 test=575 name="interop/typed-tip-over-cap/trace/vmTrace (besu_release)"
Sep 24 17:06:24.911 INF API: test ended suite=0 test=575 pass=false
Sep 24 17:06:24.912 INF API: test started suite=0 test=576 name="interop/typed-zero/eth (besu_release)"
Sep 24 17:06:24.915 INF API: test ended suite=0 test=576 pass=false
Sep 24 17:06:24.915 INF API: test started suite=0 test=577 name="interop/typed-zero/trace/none (besu_release)"
Sep 24 17:06:24.918 INF API: test ended suite=0 test=577 pass=false
Sep 24 17:06:24.918 INF API: test started suite=0 test=578 name="interop/typed-zero/trace/stateDiff-vmTrace (besu_release)"
Sep 24 17:06:24.921 INF API: test ended suite=0 test=578 pass=false
Sep 24 17:06:24.922 INF API: test started suite=0 test=579 name="interop/typed-zero/trace/stateDiff (besu_release)"
Sep 24 17:06:24.926 INF API: test ended suite=0 test=579 pass=false
Sep 24 17:06:24.926 INF API: test started suite=0 test=580 name="interop/typed-zero/trace/trace-stateDiff-vmTrace (besu_release)"
Sep 24 17:06:24.929 INF API: test ended suite=0 test=580 pass=false
Sep 24 17:06:24.930 INF API: test started suite=0 test=581 name="interop/typed-zero/trace/trace-stateDiff (besu_release)"
Sep 24 17:06:24.932 INF API: test ended suite=0 test=581 pass=false
Sep 24 17:06:24.933 INF API: test started suite=0 test=582 name="interop/typed-zero/trace/trace-vmTrace (besu_release)"
Sep 24 17:06:24.935 INF API: test ended suite=0 test=582 pass=false
Sep 24 17:06:24.935 INF API: test started suite=0 test=583 name="interop/typed-zero/trace/trace (besu_release)"
Sep 24 17:06:24.938 INF API: test ended suite=0 test=583 pass=false
Sep 24 17:06:24.938 INF API: test started suite=0 test=584 name="interop/typed-zero/trace/vmTrace (besu_release)"
Sep 24 17:06:24.941 INF API: test ended suite=0 test=584 pass=false
Sep 24 17:06:24.942 INF API: test started suite=0 test=585 name="interop/typed-zero-cap-positive-tip/eth (besu_release)"
Sep 24 17:06:24.945 INF API: test ended suite=0 test=585 pass=false
Sep 24 17:06:24.946 INF API: test started suite=0 test=586 name="interop/typed-zero-cap-positive-tip/trace/none (besu_release)"
Sep 24 17:06:24.948 INF API: test ended suite=0 test=586 pass=false
Sep 24 17:06:24.949 INF API: test started suite=0 test=587 name="interop/typed-zero-cap-positive-tip/trace/stateDiff-vmTrace (besu_release)"
Sep 24 17:06:24.951 INF API: test ended suite=0 test=587 pass=false
Sep 24 17:06:24.952 INF API: test started suite=0 test=588 name="interop/typed-zero-cap-positive-tip/trace/stateDiff (besu_release)"
Sep 24 17:06:24.954 INF API: test ended suite=0 test=588 pass=false
Sep 24 17:06:24.955 INF API: test started suite=0 test=589 name="interop/typed-zero-cap-positive-tip/trace/trace-stateDiff-vmTrace (besu_release)"
Sep 24 17:06:24.958 INF API: test ended suite=0 test=589 pass=false
Sep 24 17:06:24.959 INF API: test started suite=0 test=590 name="interop/typed-zero-cap-positive-tip/trace/trace-stateDiff (besu_release)"
Sep 24 17:06:24.962 INF API: test ended suite=0 test=590 pass=false
Sep 24 17:06:24.963 INF API: test started suite=0 test=591 name="interop/typed-zero-cap-positive-tip/trace/trace-vmTrace (besu_release)"
Sep 24 17:06:24.965 INF API: test ended suite=0 test=591 pass=false
Sep 24 17:06:24.965 INF API: test started suite=0 test=592 name="interop/typed-zero-cap-positive-tip/trace/trace (besu_release)"
Sep 24 17:06:24.967 INF API: test ended suite=0 test=592 pass=false
Sep 24 17:06:24.968 INF API: test started suite=0 test=593 name="interop/typed-zero-cap-positive-tip/trace/vmTrace (besu_release)"
Sep 24 17:06:24.970 INF API: test ended suite=0 test=593 pass=false
Sep 24 17:06:24.970 INF API: test started suite=0 test=594 name="interop/typed-zero-tip/eth (besu_release)"
Sep 24 17:06:24.973 INF API: test ended suite=0 test=594 pass=false
Sep 24 17:06:24.973 INF API: test started suite=0 test=595 name="interop/typed-zero-tip/trace/none (besu_release)"
Sep 24 17:06:24.977 INF API: test ended suite=0 test=595 pass=false
Sep 24 17:06:24.978 INF API: test started suite=0 test=596 name="interop/typed-zero-tip/trace/stateDiff-vmTrace (besu_release)"
Sep 24 17:06:24.983 INF API: test ended suite=0 test=596 pass=false
Sep 24 17:06:24.984 INF API: test started suite=0 test=597 name="interop/typed-zero-tip/trace/stateDiff (besu_release)"
Sep 24 17:06:24.987 INF API: test ended suite=0 test=597 pass=false
Sep 24 17:06:24.988 INF API: test started suite=0 test=598 name="interop/typed-zero-tip/trace/trace-stateDiff-vmTrace (besu_release)"
Sep 24 17:06:24.993 INF API: test ended suite=0 test=598 pass=false
Sep 24 17:06:24.993 INF API: test started suite=0 test=599 name="interop/typed-zero-tip/trace/trace-stateDiff (besu_release)"
Sep 24 17:06:24.997 INF API: test ended suite=0 test=599 pass=false
Sep 24 17:06:24.998 INF API: test started suite=0 test=600 name="interop/typed-zero-tip/trace/trace-vmTrace (besu_release)"
Sep 24 17:06:25.002 INF API: test ended suite=0 test=600 pass=false
Sep 24 17:06:25.004 INF API: test started suite=0 test=601 name="interop/typed-zero-tip/trace/trace (besu_release)"
Sep 24 17:06:25.007 INF API: test ended suite=0 test=601 pass=false
Sep 24 17:06:25.008 INF API: test started suite=0 test=602 name="interop/typed-zero-tip/trace/vmTrace (besu_release)"
Sep 24 17:06:25.013 INF API: test ended suite=0 test=602 pass=false
Sep 24 17:06:25.395 INF API: test ended suite=0 test=302 pass=true
Sep 24 17:06:25.397 INF API: test started suite=0 test=603 name="client launch (erigon_development)"
Sep 24 17:06:26.724 INF API: client erigon_development started suite=0 test=603 container=722f4ed6
Sep 24 17:06:26.758 INF API: test started suite=0 test=604 name="interop/_control/empty-balance (erigon_development)"
Sep 24 17:06:26.774 INF API: test ended suite=0 test=604 pass=false
Sep 24 17:06:26.777 INF API: test started suite=0 test=605 name="interop/_control/empty-code (erigon_development)"
Sep 24 17:06:26.779 INF API: test ended suite=0 test=605 pass=false
Sep 24 17:06:26.781 INF API: test started suite=0 test=606 name="interop/_control/empty-nonce (erigon_development)"
Sep 24 17:06:26.785 INF API: test ended suite=0 test=606 pass=false
Sep 24 17:06:26.788 INF API: test started suite=0 test=607 name="interop/_control/head (erigon_development)"
Sep 24 17:06:26.792 INF API: test ended suite=0 test=607 pass=false
Sep 24 17:06:26.795 INF API: test started suite=0 test=608 name="interop/_control/latest (erigon_development)"
Sep 24 17:06:26.799 INF API: test ended suite=0 test=608 pass=false
Sep 24 17:06:26.802 INF API: test started suite=0 test=609 name="interop/_control/miner-balance (erigon_development)"
Sep 24 17:06:26.805 INF API: test ended suite=0 test=609 pass=false
Sep 24 17:06:26.807 INF API: test started suite=0 test=610 name="interop/_control/miner-code (erigon_development)"
Sep 24 17:06:26.813 INF API: test ended suite=0 test=610 pass=false
Sep 24 17:06:26.818 INF API: test started suite=0 test=611 name="interop/_control/miner-nonce (erigon_development)"
Sep 24 17:06:26.822 INF API: test ended suite=0 test=611 pass=false
Sep 24 17:06:26.824 INF API: test started suite=0 test=612 name="interop/_control/sender-balance (erigon_development)"
Sep 24 17:06:26.829 INF API: test ended suite=0 test=612 pass=false
Sep 24 17:06:26.831 INF API: test started suite=0 test=613 name="interop/_control/sender-code (erigon_development)"
Sep 24 17:06:26.835 INF API: test ended suite=0 test=613 pass=false
Sep 24 17:06:26.837 INF API: test started suite=0 test=614 name="interop/_control/sender-nonce (erigon_development)"
Sep 24 17:06:26.841 INF API: test ended suite=0 test=614 pass=false
Sep 24 17:06:26.843 INF API: test started suite=0 test=615 name="interop/_control/version (erigon_development)"
Sep 24 17:06:26.846 INF API: test ended suite=0 test=615 pass=false
Sep 24 17:06:26.850 INF API: test started suite=0 test=616 name="interop/defaults-cap-only-positive/eth (erigon_development)"
Sep 24 17:06:26.853 INF API: test ended suite=0 test=616 pass=false
Sep 24 17:06:26.855 INF API: test started suite=0 test=617 name="interop/defaults-cap-only-positive/trace/none (erigon_development)"
Sep 24 17:06:26.860 INF API: test ended suite=0 test=617 pass=false
Sep 24 17:06:26.866 INF API: test started suite=0 test=618 name="interop/defaults-cap-only-positive/trace/stateDiff-vmTrace (erigon_development)"
Sep 24 17:06:26.879 INF API: test ended suite=0 test=618 pass=false
Sep 24 17:06:26.881 INF API: test started suite=0 test=619 name="interop/defaults-cap-only-positive/trace/stateDiff (erigon_development)"
Sep 24 17:06:26.884 INF API: test ended suite=0 test=619 pass=false
Sep 24 17:06:26.886 INF API: test started suite=0 test=620 name="interop/defaults-cap-only-positive/trace/trace-stateDiff-vmTrace (erigon_development)"
Sep 24 17:06:26.894 INF API: test ended suite=0 test=620 pass=false
Sep 24 17:06:26.896 INF API: test started suite=0 test=621 name="interop/defaults-cap-only-positive/trace/trace-stateDiff (erigon_development)"
Sep 24 17:06:26.905 INF API: test ended suite=0 test=621 pass=false
Sep 24 17:06:26.912 INF API: test started suite=0 test=622 name="interop/defaults-cap-only-positive/trace/trace-vmTrace (erigon_development)"
Sep 24 17:06:26.918 INF API: test ended suite=0 test=622 pass=false
Sep 24 17:06:26.923 INF API: test started suite=0 test=623 name="interop/defaults-cap-only-positive/trace/trace (erigon_development)"
Sep 24 17:06:26.930 INF API: test ended suite=0 test=623 pass=false
Sep 24 17:06:26.935 INF API: test started suite=0 test=624 name="interop/defaults-cap-only-positive/trace/vmTrace (erigon_development)"
Sep 24 17:06:26.942 INF API: test ended suite=0 test=624 pass=false
Sep 24 17:06:26.945 INF API: test started suite=0 test=625 name="interop/defaults-cap-only-zero/eth (erigon_development)"
Sep 24 17:06:26.950 INF API: test ended suite=0 test=625 pass=false
Sep 24 17:06:26.952 INF API: test started suite=0 test=626 name="interop/defaults-cap-only-zero/trace/none (erigon_development)"
Sep 24 17:06:26.957 INF API: test ended suite=0 test=626 pass=false
Sep 24 17:06:26.960 INF API: test started suite=0 test=627 name="interop/defaults-cap-only-zero/trace/stateDiff-vmTrace (erigon_development)"
Sep 24 17:06:26.966 INF API: test ended suite=0 test=627 pass=false
Sep 24 17:06:26.968 INF API: test started suite=0 test=628 name="interop/defaults-cap-only-zero/trace/stateDiff (erigon_development)"
Sep 24 17:06:26.973 INF API: test ended suite=0 test=628 pass=false
Sep 24 17:06:26.975 INF API: test started suite=0 test=629 name="interop/defaults-cap-only-zero/trace/trace-stateDiff-vmTrace (erigon_development)"
Sep 24 17:06:26.983 INF API: test ended suite=0 test=629 pass=false
Sep 24 17:06:26.985 INF API: test started suite=0 test=630 name="interop/defaults-cap-only-zero/trace/trace-stateDiff (erigon_development)"
Sep 24 17:06:26.998 INF API: test ended suite=0 test=630 pass=false
Sep 24 17:06:27.001 INF API: test started suite=0 test=631 name="interop/defaults-cap-only-zero/trace/trace-vmTrace (erigon_development)"
Sep 24 17:06:27.005 INF API: test ended suite=0 test=631 pass=false
Sep 24 17:06:27.008 INF API: test started suite=0 test=632 name="interop/defaults-cap-only-zero/trace/trace (erigon_development)"
Sep 24 17:06:27.012 INF API: test ended suite=0 test=632 pass=false
Sep 24 17:06:27.015 INF API: test started suite=0 test=633 name="interop/defaults-cap-only-zero/trace/vmTrace (erigon_development)"
Sep 24 17:06:27.021 INF API: test ended suite=0 test=633 pass=false
Sep 24 17:06:27.026 INF API: test started suite=0 test=634 name="interop/defaults-omitted/eth (erigon_development)"
Sep 24 17:06:27.029 INF API: test ended suite=0 test=634 pass=false
Sep 24 17:06:27.031 INF API: test started suite=0 test=635 name="interop/defaults-omitted/trace/none (erigon_development)"
Sep 24 17:06:27.036 INF API: test ended suite=0 test=635 pass=false
Sep 24 17:06:27.039 INF API: test started suite=0 test=636 name="interop/defaults-omitted/trace/stateDiff-vmTrace (erigon_development)"
Sep 24 17:06:27.044 INF API: test ended suite=0 test=636 pass=false
Sep 24 17:06:27.047 INF API: test started suite=0 test=637 name="interop/defaults-omitted/trace/stateDiff (erigon_development)"
Sep 24 17:06:27.053 INF API: test ended suite=0 test=637 pass=false
Sep 24 17:06:27.056 INF API: test started suite=0 test=638 name="interop/defaults-omitted/trace/trace-stateDiff-vmTrace (erigon_development)"
Sep 24 17:06:27.065 INF API: test ended suite=0 test=638 pass=false
Sep 24 17:06:27.068 INF API: test started suite=0 test=639 name="interop/defaults-omitted/trace/trace-stateDiff (erigon_development)"
Sep 24 17:06:27.073 INF API: test ended suite=0 test=639 pass=false
Sep 24 17:06:27.077 INF API: test started suite=0 test=640 name="interop/defaults-omitted/trace/trace-vmTrace (erigon_development)"
Sep 24 17:06:27.087 INF API: test ended suite=0 test=640 pass=false
Sep 24 17:06:27.091 INF API: test started suite=0 test=641 name="interop/defaults-omitted/trace/trace (erigon_development)"
Sep 24 17:06:27.094 INF API: test ended suite=0 test=641 pass=false
Sep 24 17:06:27.096 INF API: test started suite=0 test=642 name="interop/defaults-omitted/trace/vmTrace (erigon_development)"
Sep 24 17:06:27.102 INF API: test ended suite=0 test=642 pass=false
Sep 24 17:06:27.105 INF API: test started suite=0 test=643 name="interop/defaults-tip-only-positive/eth (erigon_development)"
Sep 24 17:06:27.114 INF API: test ended suite=0 test=643 pass=false
Sep 24 17:06:27.116 INF API: test started suite=0 test=644 name="interop/defaults-tip-only-positive/trace/none (erigon_development)"
Sep 24 17:06:27.133 INF API: test ended suite=0 test=644 pass=false
Sep 24 17:06:27.137 INF API: test started suite=0 test=645 name="interop/defaults-tip-only-positive/trace/stateDiff-vmTrace (erigon_development)"
Sep 24 17:06:27.143 INF API: test ended suite=0 test=645 pass=false
Sep 24 17:06:27.145 INF API: test started suite=0 test=646 name="interop/defaults-tip-only-positive/trace/stateDiff (erigon_development)"
Sep 24 17:06:27.149 INF API: test ended suite=0 test=646 pass=false
Sep 24 17:06:27.153 INF API: test started suite=0 test=647 name="interop/defaults-tip-only-positive/trace/trace-stateDiff-vmTrace (erigon_development)"
Sep 24 17:06:27.158 INF API: test ended suite=0 test=647 pass=false
Sep 24 17:06:27.161 INF API: test started suite=0 test=648 name="interop/defaults-tip-only-positive/trace/trace-stateDiff (erigon_development)"
Sep 24 17:06:27.163 INF API: test ended suite=0 test=648 pass=false
Sep 24 17:06:27.165 INF API: test started suite=0 test=649 name="interop/defaults-tip-only-positive/trace/trace-vmTrace (erigon_development)"
Sep 24 17:06:27.170 INF API: test ended suite=0 test=649 pass=false
Sep 24 17:06:27.173 INF API: test started suite=0 test=650 name="interop/defaults-tip-only-positive/trace/trace (erigon_development)"
Sep 24 17:06:27.179 INF API: test ended suite=0 test=650 pass=false
Sep 24 17:06:27.183 INF API: test started suite=0 test=651 name="interop/defaults-tip-only-positive/trace/vmTrace (erigon_development)"
Sep 24 17:06:27.189 INF API: test ended suite=0 test=651 pass=false
Sep 24 17:06:27.191 INF API: test started suite=0 test=652 name="interop/defaults-tip-only-zero/eth (erigon_development)"
Sep 24 17:06:27.194 INF API: test ended suite=0 test=652 pass=false
Sep 24 17:06:27.198 INF API: test started suite=0 test=653 name="interop/defaults-tip-only-zero/trace/none (erigon_development)"
Sep 24 17:06:27.201 INF API: test ended suite=0 test=653 pass=false
Sep 24 17:06:27.203 INF API: test started suite=0 test=654 name="interop/defaults-tip-only-zero/trace/stateDiff-vmTrace (erigon_development)"
Sep 24 17:06:27.208 INF API: test ended suite=0 test=654 pass=false
Sep 24 17:06:27.211 INF API: test started suite=0 test=655 name="interop/defaults-tip-only-zero/trace/stateDiff (erigon_development)"
Sep 24 17:06:27.214 INF API: test ended suite=0 test=655 pass=false
Sep 24 17:06:27.216 INF API: test started suite=0 test=656 name="interop/defaults-tip-only-zero/trace/trace-stateDiff-vmTrace (erigon_development)"
Sep 24 17:06:27.222 INF API: test ended suite=0 test=656 pass=false
Sep 24 17:06:27.225 INF API: test started suite=0 test=657 name="interop/defaults-tip-only-zero/trace/trace-stateDiff (erigon_development)"
Sep 24 17:06:27.232 INF API: test ended suite=0 test=657 pass=false
Sep 24 17:06:27.233 INF API: test started suite=0 test=658 name="interop/defaults-tip-only-zero/trace/trace-vmTrace (erigon_development)"
Sep 24 17:06:27.238 INF API: test ended suite=0 test=658 pass=false
Sep 24 17:06:27.242 INF API: test started suite=0 test=659 name="interop/defaults-tip-only-zero/trace/trace (erigon_development)"
Sep 24 17:06:27.246 INF API: test ended suite=0 test=659 pass=false
Sep 24 17:06:27.249 INF API: test started suite=0 test=660 name="interop/defaults-tip-only-zero/trace/vmTrace (erigon_development)"
Sep 24 17:06:27.254 INF API: test ended suite=0 test=660 pass=false
Sep 24 17:06:27.256 INF API: test started suite=0 test=661 name="interop/empty-sender-free/eth (erigon_development)"
Sep 24 17:06:27.259 INF API: test ended suite=0 test=661 pass=false
Sep 24 17:06:27.261 INF API: test started suite=0 test=662 name="interop/empty-sender-free/trace/none (erigon_development)"
Sep 24 17:06:27.263 INF API: test ended suite=0 test=662 pass=false
Sep 24 17:06:27.265 INF API: test started suite=0 test=663 name="interop/empty-sender-free/trace/stateDiff-vmTrace (erigon_development)"
Sep 24 17:06:27.267 INF API: test ended suite=0 test=663 pass=false
Sep 24 17:06:27.268 INF API: test started suite=0 test=664 name="interop/empty-sender-free/trace/stateDiff (erigon_development)"
Sep 24 17:06:27.270 INF API: test ended suite=0 test=664 pass=false
Sep 24 17:06:27.274 INF API: test started suite=0 test=665 name="interop/empty-sender-free/trace/trace-stateDiff-vmTrace (erigon_development)"
Sep 24 17:06:27.276 INF API: test ended suite=0 test=665 pass=false
Sep 24 17:06:27.277 INF API: test started suite=0 test=666 name="interop/empty-sender-free/trace/trace-stateDiff (erigon_development)"
Sep 24 17:06:27.279 INF API: test ended suite=0 test=666 pass=false
Sep 24 17:06:27.280 INF API: test started suite=0 test=667 name="interop/empty-sender-free/trace/trace-vmTrace (erigon_development)"
Sep 24 17:06:27.282 INF API: test ended suite=0 test=667 pass=false
Sep 24 17:06:27.284 INF API: test started suite=0 test=668 name="interop/empty-sender-free/trace/trace (erigon_development)"
Sep 24 17:06:27.286 INF API: test ended suite=0 test=668 pass=false
Sep 24 17:06:27.287 INF API: test started suite=0 test=669 name="interop/empty-sender-free/trace/vmTrace (erigon_development)"
Sep 24 17:06:27.289 INF API: test ended suite=0 test=669 pass=false
Sep 24 17:06:27.291 INF API: test started suite=0 test=670 name="interop/empty-sender-priced/eth (erigon_development)"
Sep 24 17:06:27.294 INF API: test ended suite=0 test=670 pass=false
Sep 24 17:06:27.296 INF API: test started suite=0 test=671 name="interop/empty-sender-priced/trace/none (erigon_development)"
Sep 24 17:06:27.300 INF API: test ended suite=0 test=671 pass=false
Sep 24 17:06:27.301 INF API: test started suite=0 test=672 name="interop/empty-sender-priced/trace/stateDiff-vmTrace (erigon_development)"
Sep 24 17:06:27.305 INF API: test ended suite=0 test=672 pass=false
Sep 24 17:06:27.307 INF API: test started suite=0 test=673 name="interop/empty-sender-priced/trace/stateDiff (erigon_development)"
Sep 24 17:06:27.309 INF API: test ended suite=0 test=673 pass=false
Sep 24 17:06:27.311 INF API: test started suite=0 test=674 name="interop/empty-sender-priced/trace/trace-stateDiff-vmTrace (erigon_development)"
Sep 24 17:06:27.318 INF API: test ended suite=0 test=674 pass=false
Sep 24 17:06:27.321 INF API: test started suite=0 test=675 name="interop/empty-sender-priced/trace/trace-stateDiff (erigon_development)"
Sep 24 17:06:27.324 INF API: test ended suite=0 test=675 pass=false
Sep 24 17:06:27.326 INF API: test started suite=0 test=676 name="interop/empty-sender-priced/trace/trace-vmTrace (erigon_development)"
Sep 24 17:06:27.330 INF API: test ended suite=0 test=676 pass=false
Sep 24 17:06:27.333 INF API: test started suite=0 test=677 name="interop/empty-sender-priced/trace/trace (erigon_development)"
Sep 24 17:06:27.335 INF API: test ended suite=0 test=677 pass=false
Sep 24 17:06:27.337 INF API: test started suite=0 test=678 name="interop/empty-sender-priced/trace/vmTrace (erigon_development)"
Sep 24 17:06:27.341 INF API: test ended suite=0 test=678 pass=false
Sep 24 17:06:27.342 INF API: test started suite=0 test=679 name="interop/funding-free-exact/eth (erigon_development)"
Sep 24 17:06:27.344 INF API: test ended suite=0 test=679 pass=false
Sep 24 17:06:27.345 INF API: test started suite=0 test=680 name="interop/funding-free-exact/trace/none (erigon_development)"
Sep 24 17:06:27.347 INF API: test ended suite=0 test=680 pass=false
Sep 24 17:06:27.348 INF API: test started suite=0 test=681 name="interop/funding-free-exact/trace/stateDiff-vmTrace (erigon_development)"
Sep 24 17:06:27.349 INF API: test ended suite=0 test=681 pass=false
Sep 24 17:06:27.351 INF API: test started suite=0 test=682 name="interop/funding-free-exact/trace/stateDiff (erigon_development)"
Sep 24 17:06:27.353 INF API: test ended suite=0 test=682 pass=false
Sep 24 17:06:27.355 INF API: test started suite=0 test=683 name="interop/funding-free-exact/trace/trace-stateDiff-vmTrace (erigon_development)"
Sep 24 17:06:27.358 INF API: test ended suite=0 test=683 pass=false
Sep 24 17:06:27.360 INF API: test started suite=0 test=684 name="interop/funding-free-exact/trace/trace-stateDiff (erigon_development)"
Sep 24 17:06:27.362 INF API: test ended suite=0 test=684 pass=false
Sep 24 17:06:27.364 INF API: test started suite=0 test=685 name="interop/funding-free-exact/trace/trace-vmTrace (erigon_development)"
Sep 24 17:06:27.366 INF API: test ended suite=0 test=685 pass=false
Sep 24 17:06:27.367 INF API: test started suite=0 test=686 name="interop/funding-free-exact/trace/trace (erigon_development)"
Sep 24 17:06:27.369 INF API: test ended suite=0 test=686 pass=false
Sep 24 17:06:27.371 INF API: test started suite=0 test=687 name="interop/funding-free-exact/trace/vmTrace (erigon_development)"
Sep 24 17:06:27.373 INF API: test ended suite=0 test=687 pass=false
Sep 24 17:06:27.374 INF API: test started suite=0 test=688 name="interop/funding-free-short/eth (erigon_development)"
Sep 24 17:06:27.376 INF API: test ended suite=0 test=688 pass=false
Sep 24 17:06:27.377 INF API: test started suite=0 test=689 name="interop/funding-free-short/trace/none (erigon_development)"
Sep 24 17:06:27.379 INF API: test ended suite=0 test=689 pass=false
Sep 24 17:06:27.380 INF API: test started suite=0 test=690 name="interop/funding-free-short/trace/stateDiff-vmTrace (erigon_development)"
Sep 24 17:06:27.382 INF API: test ended suite=0 test=690 pass=false
Sep 24 17:06:27.384 INF API: test started suite=0 test=691 name="interop/funding-free-short/trace/stateDiff (erigon_development)"
Sep 24 17:06:27.386 INF API: test ended suite=0 test=691 pass=false
Sep 24 17:06:27.388 INF API: test started suite=0 test=692 name="interop/funding-free-short/trace/trace-stateDiff-vmTrace (erigon_development)"
Sep 24 17:06:27.390 INF API: test ended suite=0 test=692 pass=false
Sep 24 17:06:27.391 INF API: test started suite=0 test=693 name="interop/funding-free-short/trace/trace-stateDiff (erigon_development)"
Sep 24 17:06:27.393 INF API: test ended suite=0 test=693 pass=false
Sep 24 17:06:27.395 INF API: test started suite=0 test=694 name="interop/funding-free-short/trace/trace-vmTrace (erigon_development)"
Sep 24 17:06:27.396 INF API: test ended suite=0 test=694 pass=false
Sep 24 17:06:27.397 INF API: test started suite=0 test=695 name="interop/funding-free-short/trace/trace (erigon_development)"
Sep 24 17:06:27.399 INF API: test ended suite=0 test=695 pass=false
Sep 24 17:06:27.400 INF API: test started suite=0 test=696 name="interop/funding-free-short/trace/vmTrace (erigon_development)"
Sep 24 17:06:27.402 INF API: test ended suite=0 test=696 pass=false
Sep 24 17:06:27.404 INF API: test started suite=0 test=697 name="interop/funding-legacy-exact/eth (erigon_development)"
Sep 24 17:06:27.405 INF API: test ended suite=0 test=697 pass=false
Sep 24 17:06:27.406 INF API: test started suite=0 test=698 name="interop/funding-legacy-exact/trace/none (erigon_development)"
Sep 24 17:06:27.408 INF API: test ended suite=0 test=698 pass=false
Sep 24 17:06:27.409 INF API: test started suite=0 test=699 name="interop/funding-legacy-exact/trace/stateDiff-vmTrace (erigon_development)"
Sep 24 17:06:27.411 INF API: test ended suite=0 test=699 pass=false
Sep 24 17:06:27.412 INF API: test started suite=0 test=700 name="interop/funding-legacy-exact/trace/stateDiff (erigon_development)"
Sep 24 17:06:27.415 INF API: test ended suite=0 test=700 pass=false
Sep 24 17:06:27.416 INF API: test started suite=0 test=701 name="interop/funding-legacy-exact/trace/trace-stateDiff-vmTrace (erigon_development)"
Sep 24 17:06:27.419 INF API: test ended suite=0 test=701 pass=false
Sep 24 17:06:27.419 INF API: test started suite=0 test=702 name="interop/funding-legacy-exact/trace/trace-stateDiff (erigon_development)"
Sep 24 17:06:27.422 INF API: test ended suite=0 test=702 pass=false
Sep 24 17:06:27.423 INF API: test started suite=0 test=703 name="interop/funding-legacy-exact/trace/trace-vmTrace (erigon_development)"
Sep 24 17:06:27.425 INF API: test ended suite=0 test=703 pass=false
Sep 24 17:06:27.426 INF API: test started suite=0 test=704 name="interop/funding-legacy-exact/trace/trace (erigon_development)"
Sep 24 17:06:27.428 INF API: test ended suite=0 test=704 pass=false
Sep 24 17:06:27.429 INF API: test started suite=0 test=705 name="interop/funding-legacy-exact/trace/vmTrace (erigon_development)"
Sep 24 17:06:27.432 INF API: test ended suite=0 test=705 pass=false
Sep 24 17:06:27.432 INF API: test started suite=0 test=706 name="interop/funding-legacy-short/eth (erigon_development)"
Sep 24 17:06:27.434 INF API: test ended suite=0 test=706 pass=false
Sep 24 17:06:27.435 INF API: test started suite=0 test=707 name="interop/funding-legacy-short/trace/none (erigon_development)"
Sep 24 17:06:27.436 INF API: test ended suite=0 test=707 pass=false
Sep 24 17:06:27.437 INF API: test started suite=0 test=708 name="interop/funding-legacy-short/trace/stateDiff-vmTrace (erigon_development)"
Sep 24 17:06:27.441 INF API: test ended suite=0 test=708 pass=false
Sep 24 17:06:27.442 INF API: test started suite=0 test=709 name="interop/funding-legacy-short/trace/stateDiff (erigon_development)"
Sep 24 17:06:27.445 INF API: test ended suite=0 test=709 pass=false
Sep 24 17:06:27.446 INF API: test started suite=0 test=710 name="interop/funding-legacy-short/trace/trace-stateDiff-vmTrace (erigon_development)"
Sep 24 17:06:27.449 INF API: test ended suite=0 test=710 pass=false
Sep 24 17:06:27.450 INF API: test started suite=0 test=711 name="interop/funding-legacy-short/trace/trace-stateDiff (erigon_development)"
Sep 24 17:06:27.453 INF API: test ended suite=0 test=711 pass=false
Sep 24 17:06:27.454 INF API: test started suite=0 test=712 name="interop/funding-legacy-short/trace/trace-vmTrace (erigon_development)"
Sep 24 17:06:27.456 INF API: test ended suite=0 test=712 pass=false
Sep 24 17:06:27.457 INF API: test started suite=0 test=713 name="interop/funding-legacy-short/trace/trace (erigon_development)"
Sep 24 17:06:27.459 INF API: test ended suite=0 test=713 pass=false
Sep 24 17:06:27.460 INF API: test started suite=0 test=714 name="interop/funding-legacy-short/trace/vmTrace (erigon_development)"
Sep 24 17:06:27.462 INF API: test ended suite=0 test=714 pass=false
Sep 24 17:06:27.463 INF API: test started suite=0 test=715 name="interop/funding-typed-effective-only/eth (erigon_development)"
Sep 24 17:06:27.465 INF API: test ended suite=0 test=715 pass=false
Sep 24 17:06:27.465 INF API: test started suite=0 test=716 name="interop/funding-typed-effective-only/trace/none (erigon_development)"
Sep 24 17:06:27.467 INF API: test ended suite=0 test=716 pass=false
Sep 24 17:06:27.468 INF API: test started suite=0 test=717 name="interop/funding-typed-effective-only/trace/stateDiff-vmTrace (erigon_development)"
Sep 24 17:06:27.471 INF API: test ended suite=0 test=717 pass=false
Sep 24 17:06:27.472 INF API: test started suite=0 test=718 name="interop/funding-typed-effective-only/trace/stateDiff (erigon_development)"
Sep 24 17:06:27.474 INF API: test ended suite=0 test=718 pass=false
Sep 24 17:06:27.475 INF API: test started suite=0 test=719 name="interop/funding-typed-effective-only/trace/trace-stateDiff-vmTrace (erigon_development)"
Sep 24 17:06:27.478 INF API: test ended suite=0 test=719 pass=false
Sep 24 17:06:27.479 INF API: test started suite=0 test=720 name="interop/funding-typed-effective-only/trace/trace-stateDiff (erigon_development)"
Sep 24 17:06:27.481 INF API: test ended suite=0 test=720 pass=false
Sep 24 17:06:27.482 INF API: test started suite=0 test=721 name="interop/funding-typed-effective-only/trace/trace-vmTrace (erigon_development)"
Sep 24 17:06:27.484 INF API: test ended suite=0 test=721 pass=false
Sep 24 17:06:27.485 INF API: test started suite=0 test=722 name="interop/funding-typed-effective-only/trace/trace (erigon_development)"
Sep 24 17:06:27.487 INF API: test ended suite=0 test=722 pass=false
Sep 24 17:06:27.488 INF API: test started suite=0 test=723 name="interop/funding-typed-effective-only/trace/vmTrace (erigon_development)"
Sep 24 17:06:27.490 INF API: test ended suite=0 test=723 pass=false
Sep 24 17:06:27.491 INF API: test started suite=0 test=724 name="interop/funding-typed-exact/eth (erigon_development)"
Sep 24 17:06:27.492 INF API: test ended suite=0 test=724 pass=false
Sep 24 17:06:27.493 INF API: test started suite=0 test=725 name="interop/funding-typed-exact/trace/none (erigon_development)"
Sep 24 17:06:27.494 INF API: test ended suite=0 test=725 pass=false
Sep 24 17:06:27.495 INF API: test started suite=0 test=726 name="interop/funding-typed-exact/trace/stateDiff-vmTrace (erigon_development)"
Sep 24 17:06:27.498 INF API: test ended suite=0 test=726 pass=false
Sep 24 17:06:27.499 INF API: test started suite=0 test=727 name="interop/funding-typed-exact/trace/stateDiff (erigon_development)"
Sep 24 17:06:27.501 INF API: test ended suite=0 test=727 pass=false
Sep 24 17:06:27.501 INF API: test started suite=0 test=728 name="interop/funding-typed-exact/trace/trace-stateDiff-vmTrace (erigon_development)"
Sep 24 17:06:27.504 INF API: test ended suite=0 test=728 pass=false
Sep 24 17:06:27.505 INF API: test started suite=0 test=729 name="interop/funding-typed-exact/trace/trace-stateDiff (erigon_development)"
Sep 24 17:06:27.507 INF API: test ended suite=0 test=729 pass=false
Sep 24 17:06:27.508 INF API: test started suite=0 test=730 name="interop/funding-typed-exact/trace/trace-vmTrace (erigon_development)"
Sep 24 17:06:27.510 INF API: test ended suite=0 test=730 pass=false
Sep 24 17:06:27.511 INF API: test started suite=0 test=731 name="interop/funding-typed-exact/trace/trace (erigon_development)"
Sep 24 17:06:27.513 INF API: test ended suite=0 test=731 pass=false
Sep 24 17:06:27.514 INF API: test started suite=0 test=732 name="interop/funding-typed-exact/trace/vmTrace (erigon_development)"
Sep 24 17:06:27.516 INF API: test ended suite=0 test=732 pass=false
Sep 24 17:06:27.517 INF API: test started suite=0 test=733 name="interop/funding-typed-free-exact/eth (erigon_development)"
Sep 24 17:06:27.518 INF API: test ended suite=0 test=733 pass=false
Sep 24 17:06:27.519 INF API: test started suite=0 test=734 name="interop/funding-typed-free-exact/trace/none (erigon_development)"
Sep 24 17:06:27.520 INF API: test ended suite=0 test=734 pass=false
Sep 24 17:06:27.521 INF API: test started suite=0 test=735 name="interop/funding-typed-free-exact/trace/stateDiff-vmTrace (erigon_development)"
Sep 24 17:06:27.523 INF API: test ended suite=0 test=735 pass=false
Sep 24 17:06:27.524 INF API: test started suite=0 test=736 name="interop/funding-typed-free-exact/trace/stateDiff (erigon_development)"
Sep 24 17:06:27.526 INF API: test ended suite=0 test=736 pass=false
Sep 24 17:06:27.527 INF API: test started suite=0 test=737 name="interop/funding-typed-free-exact/trace/trace-stateDiff-vmTrace (erigon_development)"
Sep 24 17:06:27.530 INF API: test ended suite=0 test=737 pass=false
Sep 24 17:06:27.531 INF API: test started suite=0 test=738 name="interop/funding-typed-free-exact/trace/trace-stateDiff (erigon_development)"
Sep 24 17:06:27.532 INF API: test ended suite=0 test=738 pass=false
Sep 24 17:06:27.533 INF API: test started suite=0 test=739 name="interop/funding-typed-free-exact/trace/trace-vmTrace (erigon_development)"
Sep 24 17:06:27.536 INF API: test ended suite=0 test=739 pass=false
Sep 24 17:06:27.537 INF API: test started suite=0 test=740 name="interop/funding-typed-free-exact/trace/trace (erigon_development)"
Sep 24 17:06:27.538 INF API: test ended suite=0 test=740 pass=false
Sep 24 17:06:27.539 INF API: test started suite=0 test=741 name="interop/funding-typed-free-exact/trace/vmTrace (erigon_development)"
Sep 24 17:06:27.542 INF API: test ended suite=0 test=741 pass=false
Sep 24 17:06:27.542 INF API: test started suite=0 test=742 name="interop/funding-typed-free-short/eth (erigon_development)"
Sep 24 17:06:27.544 INF API: test ended suite=0 test=742 pass=false
Sep 24 17:06:27.545 INF API: test started suite=0 test=743 name="interop/funding-typed-free-short/trace/none (erigon_development)"
Sep 24 17:06:27.546 INF API: test ended suite=0 test=743 pass=false
Sep 24 17:06:27.547 INF API: test started suite=0 test=744 name="interop/funding-typed-free-short/trace/stateDiff-vmTrace (erigon_development)"
Sep 24 17:06:27.549 INF API: test ended suite=0 test=744 pass=false
Sep 24 17:06:27.550 INF API: test started suite=0 test=745 name="interop/funding-typed-free-short/trace/stateDiff (erigon_development)"
Sep 24 17:06:27.551 INF API: test ended suite=0 test=745 pass=false
Sep 24 17:06:27.552 INF API: test started suite=0 test=746 name="interop/funding-typed-free-short/trace/trace-stateDiff-vmTrace (erigon_development)"
Sep 24 17:06:27.554 INF API: test ended suite=0 test=746 pass=false
Sep 24 17:06:27.555 INF API: test started suite=0 test=747 name="interop/funding-typed-free-short/trace/trace-stateDiff (erigon_development)"
Sep 24 17:06:27.557 INF API: test ended suite=0 test=747 pass=false
Sep 24 17:06:27.558 INF API: test started suite=0 test=748 name="interop/funding-typed-free-short/trace/trace-vmTrace (erigon_development)"
Sep 24 17:06:27.560 INF API: test ended suite=0 test=748 pass=false
Sep 24 17:06:27.561 INF API: test started suite=0 test=749 name="interop/funding-typed-free-short/trace/trace (erigon_development)"
Sep 24 17:06:27.562 INF API: test ended suite=0 test=749 pass=false
Sep 24 17:06:27.563 INF API: test started suite=0 test=750 name="interop/funding-typed-free-short/trace/vmTrace (erigon_development)"
Sep 24 17:06:27.566 INF API: test ended suite=0 test=750 pass=false
Sep 24 17:06:27.567 INF API: test started suite=0 test=751 name="interop/funding-typed-short/eth (erigon_development)"
Sep 24 17:06:27.568 INF API: test ended suite=0 test=751 pass=false
Sep 24 17:06:27.568 INF API: test started suite=0 test=752 name="interop/funding-typed-short/trace/none (erigon_development)"
Sep 24 17:06:27.569 INF API: test ended suite=0 test=752 pass=false
Sep 24 17:06:27.570 INF API: test started suite=0 test=753 name="interop/funding-typed-short/trace/stateDiff-vmTrace (erigon_development)"
Sep 24 17:06:27.573 INF API: test ended suite=0 test=753 pass=false
Sep 24 17:06:27.574 INF API: test started suite=0 test=754 name="interop/funding-typed-short/trace/stateDiff (erigon_development)"
Sep 24 17:06:27.575 INF API: test ended suite=0 test=754 pass=false
Sep 24 17:06:27.576 INF API: test started suite=0 test=755 name="interop/funding-typed-short/trace/trace-stateDiff-vmTrace (erigon_development)"
Sep 24 17:06:27.578 INF API: test ended suite=0 test=755 pass=false
Sep 24 17:06:27.579 INF API: test started suite=0 test=756 name="interop/funding-typed-short/trace/trace-stateDiff (erigon_development)"
Sep 24 17:06:27.581 INF API: test ended suite=0 test=756 pass=false
Sep 24 17:06:27.581 INF API: test started suite=0 test=757 name="interop/funding-typed-short/trace/trace-vmTrace (erigon_development)"
Sep 24 17:06:27.584 INF API: test ended suite=0 test=757 pass=false
Sep 24 17:06:27.585 INF API: test started suite=0 test=758 name="interop/funding-typed-short/trace/trace (erigon_development)"
Sep 24 17:06:27.587 INF API: test ended suite=0 test=758 pass=false
Sep 24 17:06:27.587 INF API: test started suite=0 test=759 name="interop/funding-typed-short/trace/vmTrace (erigon_development)"
Sep 24 17:06:27.590 INF API: test ended suite=0 test=759 pass=false
Sep 24 17:06:27.591 INF API: test started suite=0 test=760 name="interop/legacy-above-base/eth (erigon_development)"
Sep 24 17:06:27.592 INF API: test ended suite=0 test=760 pass=false
Sep 24 17:06:27.593 INF API: test started suite=0 test=761 name="interop/legacy-above-base/trace/none (erigon_development)"
Sep 24 17:06:27.594 INF API: test ended suite=0 test=761 pass=false
Sep 24 17:06:27.595 INF API: test started suite=0 test=762 name="interop/legacy-above-base/trace/stateDiff-vmTrace (erigon_development)"
Sep 24 17:06:27.597 INF API: test ended suite=0 test=762 pass=false
Sep 24 17:06:27.598 INF API: test started suite=0 test=763 name="interop/legacy-above-base/trace/stateDiff (erigon_development)"
Sep 24 17:06:27.600 INF API: test ended suite=0 test=763 pass=false
Sep 24 17:06:27.600 INF API: test started suite=0 test=764 name="interop/legacy-above-base/trace/trace-stateDiff-vmTrace (erigon_development)"
Sep 24 17:06:27.603 INF API: test ended suite=0 test=764 pass=false
Sep 24 17:06:27.604 INF API: test started suite=0 test=765 name="interop/legacy-above-base/trace/trace-stateDiff (erigon_development)"
Sep 24 17:06:27.606 INF API: test ended suite=0 test=765 pass=false
Sep 24 17:06:27.607 INF API: test started suite=0 test=766 name="interop/legacy-above-base/trace/trace-vmTrace (erigon_development)"
Sep 24 17:06:27.609 INF API: test ended suite=0 test=766 pass=false
Sep 24 17:06:27.610 INF API: test started suite=0 test=767 name="interop/legacy-above-base/trace/trace (erigon_development)"
Sep 24 17:06:27.611 INF API: test ended suite=0 test=767 pass=false
Sep 24 17:06:27.612 INF API: test started suite=0 test=768 name="interop/legacy-above-base/trace/vmTrace (erigon_development)"
Sep 24 17:06:27.614 INF API: test ended suite=0 test=768 pass=false
Sep 24 17:06:27.615 INF API: test started suite=0 test=769 name="interop/legacy-at-base/eth (erigon_development)"
Sep 24 17:06:27.616 INF API: test ended suite=0 test=769 pass=false
Sep 24 17:06:27.617 INF API: test started suite=0 test=770 name="interop/legacy-at-base/trace/none (erigon_development)"
Sep 24 17:06:27.618 INF API: test ended suite=0 test=770 pass=false
Sep 24 17:06:27.619 INF API: test started suite=0 test=771 name="interop/legacy-at-base/trace/stateDiff-vmTrace (erigon_development)"
Sep 24 17:06:27.621 INF API: test ended suite=0 test=771 pass=false
Sep 24 17:06:27.622 INF API: test started suite=0 test=772 name="interop/legacy-at-base/trace/stateDiff (erigon_development)"
Sep 24 17:06:27.623 INF API: test ended suite=0 test=772 pass=false
Sep 24 17:06:27.624 INF API: test started suite=0 test=773 name="interop/legacy-at-base/trace/trace-stateDiff-vmTrace (erigon_development)"
Sep 24 17:06:27.627 INF API: test ended suite=0 test=773 pass=false
Sep 24 17:06:27.628 INF API: test started suite=0 test=774 name="interop/legacy-at-base/trace/trace-stateDiff (erigon_development)"
Sep 24 17:06:27.629 INF API: test ended suite=0 test=774 pass=false
Sep 24 17:06:27.630 INF API: test started suite=0 test=775 name="interop/legacy-at-base/trace/trace-vmTrace (erigon_development)"
Sep 24 17:06:27.632 INF API: test ended suite=0 test=775 pass=false
Sep 24 17:06:27.633 INF API: test started suite=0 test=776 name="interop/legacy-at-base/trace/trace (erigon_development)"
Sep 24 17:06:27.635 INF API: test ended suite=0 test=776 pass=false
Sep 24 17:06:27.635 INF API: test started suite=0 test=777 name="interop/legacy-at-base/trace/vmTrace (erigon_development)"
Sep 24 17:06:27.638 INF API: test ended suite=0 test=777 pass=false
Sep 24 17:06:27.639 INF API: test started suite=0 test=778 name="interop/legacy-below-base/eth (erigon_development)"
Sep 24 17:06:27.649 INF API: test ended suite=0 test=778 pass=false
Sep 24 17:06:27.650 INF API: test started suite=0 test=779 name="interop/legacy-below-base/trace/none (erigon_development)"
Sep 24 17:06:27.660 INF API: test ended suite=0 test=779 pass=false
Sep 24 17:06:27.661 INF API: test started suite=0 test=780 name="interop/legacy-below-base/trace/stateDiff-vmTrace (erigon_development)"
Sep 24 17:06:27.673 INF API: test ended suite=0 test=780 pass=false
Sep 24 17:06:27.674 INF API: test started suite=0 test=781 name="interop/legacy-below-base/trace/stateDiff (erigon_development)"
Sep 24 17:06:27.683 INF API: test ended suite=0 test=781 pass=false
Sep 24 17:06:27.684 INF API: test started suite=0 test=782 name="interop/legacy-below-base/trace/trace-stateDiff-vmTrace (erigon_development)"
Sep 24 17:06:27.694 INF API: test ended suite=0 test=782 pass=false
Sep 24 17:06:27.694 INF API: test started suite=0 test=783 name="interop/legacy-below-base/trace/trace-stateDiff (erigon_development)"
Sep 24 17:06:27.704 INF API: test ended suite=0 test=783 pass=false
Sep 24 17:06:27.705 INF API: test started suite=0 test=784 name="interop/legacy-below-base/trace/trace-vmTrace (erigon_development)"
Sep 24 17:06:27.715 INF API: test ended suite=0 test=784 pass=false
Sep 24 17:06:27.716 INF API: test started suite=0 test=785 name="interop/legacy-below-base/trace/trace (erigon_development)"
Sep 24 17:06:27.725 INF API: test ended suite=0 test=785 pass=false
Sep 24 17:06:27.727 INF API: test started suite=0 test=786 name="interop/legacy-below-base/trace/vmTrace (erigon_development)"
Sep 24 17:06:27.736 INF API: test ended suite=0 test=786 pass=false
Sep 24 17:06:27.737 INF API: test started suite=0 test=787 name="interop/legacy-one/eth (erigon_development)"
Sep 24 17:06:27.746 INF API: test ended suite=0 test=787 pass=false
Sep 24 17:06:27.748 INF API: test started suite=0 test=788 name="interop/legacy-one/trace/none (erigon_development)"
Sep 24 17:06:27.760 INF API: test ended suite=0 test=788 pass=false
Sep 24 17:06:27.761 INF API: test started suite=0 test=789 name="interop/legacy-one/trace/stateDiff-vmTrace (erigon_development)"
Sep 24 17:06:27.770 INF API: test ended suite=0 test=789 pass=false
Sep 24 17:06:27.771 INF API: test started suite=0 test=790 name="interop/legacy-one/trace/stateDiff (erigon_development)"
Sep 24 17:06:27.781 INF API: test ended suite=0 test=790 pass=false
Sep 24 17:06:27.782 INF API: test started suite=0 test=791 name="interop/legacy-one/trace/trace-stateDiff-vmTrace (erigon_development)"
Sep 24 17:06:27.791 INF API: test ended suite=0 test=791 pass=false
Sep 24 17:06:27.792 INF API: test started suite=0 test=792 name="interop/legacy-one/trace/trace-stateDiff (erigon_development)"
Sep 24 17:06:27.802 INF API: test ended suite=0 test=792 pass=false
Sep 24 17:06:27.803 INF API: test started suite=0 test=793 name="interop/legacy-one/trace/trace-vmTrace (erigon_development)"
Sep 24 17:06:27.812 INF API: test ended suite=0 test=793 pass=false
Sep 24 17:06:27.813 INF API: test started suite=0 test=794 name="interop/legacy-one/trace/trace (erigon_development)"
Sep 24 17:06:27.823 INF API: test ended suite=0 test=794 pass=false
Sep 24 17:06:27.824 INF API: test started suite=0 test=795 name="interop/legacy-one/trace/vmTrace (erigon_development)"
Sep 24 17:06:27.836 INF API: test ended suite=0 test=795 pass=false
Sep 24 17:06:27.838 INF API: test started suite=0 test=796 name="interop/legacy-zero/eth (erigon_development)"
Sep 24 17:06:27.839 INF API: test ended suite=0 test=796 pass=false
Sep 24 17:06:27.839 INF API: test started suite=0 test=797 name="interop/legacy-zero/trace/none (erigon_development)"
Sep 24 17:06:27.847 INF API: test ended suite=0 test=797 pass=false
Sep 24 17:06:27.848 INF API: test started suite=0 test=798 name="interop/legacy-zero/trace/stateDiff-vmTrace (erigon_development)"
Sep 24 17:06:27.858 INF API: test ended suite=0 test=798 pass=false
Sep 24 17:06:27.859 INF API: test started suite=0 test=799 name="interop/legacy-zero/trace/stateDiff (erigon_development)"
Sep 24 17:06:27.868 INF API: test ended suite=0 test=799 pass=false
Sep 24 17:06:27.869 INF API: test started suite=0 test=800 name="interop/legacy-zero/trace/trace-stateDiff-vmTrace (erigon_development)"
Sep 24 17:06:27.875 INF API: test ended suite=0 test=800 pass=false
Sep 24 17:06:27.876 INF API: test started suite=0 test=801 name="interop/legacy-zero/trace/trace-stateDiff (erigon_development)"
Sep 24 17:06:27.878 INF API: test ended suite=0 test=801 pass=false
Sep 24 17:06:27.878 INF API: test started suite=0 test=802 name="interop/legacy-zero/trace/trace-vmTrace (erigon_development)"
Sep 24 17:06:27.880 INF API: test ended suite=0 test=802 pass=false
Sep 24 17:06:27.881 INF API: test started suite=0 test=803 name="interop/legacy-zero/trace/trace (erigon_development)"
Sep 24 17:06:27.882 INF API: test ended suite=0 test=803 pass=false
Sep 24 17:06:27.882 INF API: test started suite=0 test=804 name="interop/legacy-zero/trace/vmTrace (erigon_development)"
Sep 24 17:06:27.883 INF API: test ended suite=0 test=804 pass=false
Sep 24 17:06:27.884 INF API: test started suite=0 test=805 name="interop/typed-at-base/eth (erigon_development)"
Sep 24 17:06:27.885 INF API: test ended suite=0 test=805 pass=false
Sep 24 17:06:27.886 INF API: test started suite=0 test=806 name="interop/typed-at-base/trace/none (erigon_development)"
Sep 24 17:06:27.887 INF API: test ended suite=0 test=806 pass=false
Sep 24 17:06:27.888 INF API: test started suite=0 test=807 name="interop/typed-at-base/trace/stateDiff-vmTrace (erigon_development)"
Sep 24 17:06:27.890 INF API: test ended suite=0 test=807 pass=false
Sep 24 17:06:27.891 INF API: test started suite=0 test=808 name="interop/typed-at-base/trace/stateDiff (erigon_development)"
Sep 24 17:06:27.893 INF API: test ended suite=0 test=808 pass=false
Sep 24 17:06:27.894 INF API: test started suite=0 test=809 name="interop/typed-at-base/trace/trace-stateDiff-vmTrace (erigon_development)"
Sep 24 17:06:27.896 INF API: test ended suite=0 test=809 pass=false
Sep 24 17:06:27.897 INF API: test started suite=0 test=810 name="interop/typed-at-base/trace/trace-stateDiff (erigon_development)"
Sep 24 17:06:27.899 INF API: test ended suite=0 test=810 pass=false
Sep 24 17:06:27.900 INF API: test started suite=0 test=811 name="interop/typed-at-base/trace/trace-vmTrace (erigon_development)"
Sep 24 17:06:27.906 INF API: test ended suite=0 test=811 pass=false
Sep 24 17:06:27.908 INF API: test started suite=0 test=812 name="interop/typed-at-base/trace/trace (erigon_development)"
Sep 24 17:06:27.910 INF API: test ended suite=0 test=812 pass=false
Sep 24 17:06:27.911 INF API: test started suite=0 test=813 name="interop/typed-at-base/trace/vmTrace (erigon_development)"
Sep 24 17:06:27.916 INF API: test ended suite=0 test=813 pass=false
Sep 24 17:06:27.917 INF API: test started suite=0 test=814 name="interop/typed-below-base/eth (erigon_development)"
Sep 24 17:06:27.918 INF API: test ended suite=0 test=814 pass=false
Sep 24 17:06:27.919 INF API: test started suite=0 test=815 name="interop/typed-below-base/trace/none (erigon_development)"
Sep 24 17:06:27.920 INF API: test ended suite=0 test=815 pass=false
Sep 24 17:06:27.921 INF API: test started suite=0 test=816 name="interop/typed-below-base/trace/stateDiff-vmTrace (erigon_development)"
Sep 24 17:06:27.922 INF API: test ended suite=0 test=816 pass=false
Sep 24 17:06:27.923 INF API: test started suite=0 test=817 name="interop/typed-below-base/trace/stateDiff (erigon_development)"
Sep 24 17:06:27.924 INF API: test ended suite=0 test=817 pass=false
Sep 24 17:06:27.924 INF API: test started suite=0 test=818 name="interop/typed-below-base/trace/trace-stateDiff-vmTrace (erigon_development)"
Sep 24 17:06:27.925 INF API: test ended suite=0 test=818 pass=false
Sep 24 17:06:27.926 INF API: test started suite=0 test=819 name="interop/typed-below-base/trace/trace-stateDiff (erigon_development)"
Sep 24 17:06:27.927 INF API: test ended suite=0 test=819 pass=false
Sep 24 17:06:27.928 INF API: test started suite=0 test=820 name="interop/typed-below-base/trace/trace-vmTrace (erigon_development)"
Sep 24 17:06:27.929 INF API: test ended suite=0 test=820 pass=false
Sep 24 17:06:27.930 INF API: test started suite=0 test=821 name="interop/typed-below-base/trace/trace (erigon_development)"
Sep 24 17:06:27.931 INF API: test ended suite=0 test=821 pass=false
Sep 24 17:06:27.931 INF API: test started suite=0 test=822 name="interop/typed-below-base/trace/vmTrace (erigon_development)"
Sep 24 17:06:27.932 INF API: test ended suite=0 test=822 pass=false
Sep 24 17:06:27.933 INF API: test started suite=0 test=823 name="interop/typed-below-base-positive-tip/eth (erigon_development)"
Sep 24 17:06:27.934 INF API: test ended suite=0 test=823 pass=false
Sep 24 17:06:27.934 INF API: test started suite=0 test=824 name="interop/typed-below-base-positive-tip/trace/none (erigon_development)"
Sep 24 17:06:27.935 INF API: test ended suite=0 test=824 pass=false
Sep 24 17:06:27.936 INF API: test started suite=0 test=825 name="interop/typed-below-base-positive-tip/trace/stateDiff-vmTrace (erigon_development)"
Sep 24 17:06:27.937 INF API: test ended suite=0 test=825 pass=false
Sep 24 17:06:27.938 INF API: test started suite=0 test=826 name="interop/typed-below-base-positive-tip/trace/stateDiff (erigon_development)"
Sep 24 17:06:27.939 INF API: test ended suite=0 test=826 pass=false
Sep 24 17:06:27.939 INF API: test started suite=0 test=827 name="interop/typed-below-base-positive-tip/trace/trace-stateDiff-vmTrace (erigon_development)"
Sep 24 17:06:27.940 INF API: test ended suite=0 test=827 pass=false
Sep 24 17:06:27.941 INF API: test started suite=0 test=828 name="interop/typed-below-base-positive-tip/trace/trace-stateDiff (erigon_development)"
Sep 24 17:06:27.942 INF API: test ended suite=0 test=828 pass=false
Sep 24 17:06:27.943 INF API: test started suite=0 test=829 name="interop/typed-below-base-positive-tip/trace/trace-vmTrace (erigon_development)"
Sep 24 17:06:27.944 INF API: test ended suite=0 test=829 pass=false
Sep 24 17:06:27.945 INF API: test started suite=0 test=830 name="interop/typed-below-base-positive-tip/trace/trace (erigon_development)"
Sep 24 17:06:27.946 INF API: test ended suite=0 test=830 pass=false
Sep 24 17:06:27.947 INF API: test started suite=0 test=831 name="interop/typed-below-base-positive-tip/trace/vmTrace (erigon_development)"
Sep 24 17:06:27.948 INF API: test ended suite=0 test=831 pass=false
Sep 24 17:06:27.949 INF API: test started suite=0 test=832 name="interop/typed-cap-limited/eth (erigon_development)"
Sep 24 17:06:27.950 INF API: test ended suite=0 test=832 pass=false
Sep 24 17:06:27.951 INF API: test started suite=0 test=833 name="interop/typed-cap-limited/trace/none (erigon_development)"
Sep 24 17:06:27.952 INF API: test ended suite=0 test=833 pass=false
Sep 24 17:06:27.953 INF API: test started suite=0 test=834 name="interop/typed-cap-limited/trace/stateDiff-vmTrace (erigon_development)"
Sep 24 17:06:27.955 INF API: test ended suite=0 test=834 pass=false
Sep 24 17:06:27.956 INF API: test started suite=0 test=835 name="interop/typed-cap-limited/trace/stateDiff (erigon_development)"
Sep 24 17:06:27.958 INF API: test ended suite=0 test=835 pass=false
Sep 24 17:06:27.958 INF API: test started suite=0 test=836 name="interop/typed-cap-limited/trace/trace-stateDiff-vmTrace (erigon_development)"
Sep 24 17:06:27.961 INF API: test ended suite=0 test=836 pass=false
Sep 24 17:06:27.962 INF API: test started suite=0 test=837 name="interop/typed-cap-limited/trace/trace-stateDiff (erigon_development)"
Sep 24 17:06:27.963 INF API: test ended suite=0 test=837 pass=false
Sep 24 17:06:27.964 INF API: test started suite=0 test=838 name="interop/typed-cap-limited/trace/trace-vmTrace (erigon_development)"
Sep 24 17:06:27.966 INF API: test ended suite=0 test=838 pass=false
Sep 24 17:06:27.967 INF API: test started suite=0 test=839 name="interop/typed-cap-limited/trace/trace (erigon_development)"
Sep 24 17:06:27.969 INF API: test ended suite=0 test=839 pass=false
Sep 24 17:06:27.970 INF API: test started suite=0 test=840 name="interop/typed-cap-limited/trace/vmTrace (erigon_development)"
Sep 24 17:06:27.972 INF API: test ended suite=0 test=840 pass=false
Sep 24 17:06:27.973 INF API: test started suite=0 test=841 name="interop/typed-one/eth (erigon_development)"
Sep 24 17:06:27.974 INF API: test ended suite=0 test=841 pass=false
Sep 24 17:06:27.975 INF API: test started suite=0 test=842 name="interop/typed-one/trace/none (erigon_development)"
Sep 24 17:06:27.976 INF API: test ended suite=0 test=842 pass=false
Sep 24 17:06:27.977 INF API: test started suite=0 test=843 name="interop/typed-one/trace/stateDiff-vmTrace (erigon_development)"
Sep 24 17:06:27.978 INF API: test ended suite=0 test=843 pass=false
Sep 24 17:06:27.978 INF API: test started suite=0 test=844 name="interop/typed-one/trace/stateDiff (erigon_development)"
Sep 24 17:06:27.980 INF API: test ended suite=0 test=844 pass=false
Sep 24 17:06:27.980 INF API: test started suite=0 test=845 name="interop/typed-one/trace/trace-stateDiff-vmTrace (erigon_development)"
Sep 24 17:06:27.982 INF API: test ended suite=0 test=845 pass=false
Sep 24 17:06:27.982 INF API: test started suite=0 test=846 name="interop/typed-one/trace/trace-stateDiff (erigon_development)"
Sep 24 17:06:27.983 INF API: test ended suite=0 test=846 pass=false
Sep 24 17:06:27.984 INF API: test started suite=0 test=847 name="interop/typed-one/trace/trace-vmTrace (erigon_development)"
Sep 24 17:06:27.985 INF API: test ended suite=0 test=847 pass=false
Sep 24 17:06:27.986 INF API: test started suite=0 test=848 name="interop/typed-one/trace/trace (erigon_development)"
Sep 24 17:06:27.987 INF API: test ended suite=0 test=848 pass=false
Sep 24 17:06:27.988 INF API: test started suite=0 test=849 name="interop/typed-one/trace/vmTrace (erigon_development)"
Sep 24 17:06:27.989 INF API: test ended suite=0 test=849 pass=false
Sep 24 17:06:27.990 INF API: test started suite=0 test=850 name="interop/typed-tip-equals-cap/eth (erigon_development)"
Sep 24 17:06:27.991 INF API: test ended suite=0 test=850 pass=false
Sep 24 17:06:27.991 INF API: test started suite=0 test=851 name="interop/typed-tip-equals-cap/trace/none (erigon_development)"
Sep 24 17:06:27.993 INF API: test ended suite=0 test=851 pass=false
Sep 24 17:06:27.993 INF API: test started suite=0 test=852 name="interop/typed-tip-equals-cap/trace/stateDiff-vmTrace (erigon_development)"
Sep 24 17:06:27.996 INF API: test ended suite=0 test=852 pass=false
Sep 24 17:06:27.997 INF API: test started suite=0 test=853 name="interop/typed-tip-equals-cap/trace/stateDiff (erigon_development)"
Sep 24 17:06:27.998 INF API: test ended suite=0 test=853 pass=false
Sep 24 17:06:27.999 INF API: test started suite=0 test=854 name="interop/typed-tip-equals-cap/trace/trace-stateDiff-vmTrace (erigon_development)"
Sep 24 17:06:28.002 INF API: test ended suite=0 test=854 pass=false
Sep 24 17:06:28.002 INF API: test started suite=0 test=855 name="interop/typed-tip-equals-cap/trace/trace-stateDiff (erigon_development)"
Sep 24 17:06:28.004 INF API: test ended suite=0 test=855 pass=false
Sep 24 17:06:28.004 INF API: test started suite=0 test=856 name="interop/typed-tip-equals-cap/trace/trace-vmTrace (erigon_development)"
Sep 24 17:06:28.006 INF API: test ended suite=0 test=856 pass=false
Sep 24 17:06:28.007 INF API: test started suite=0 test=857 name="interop/typed-tip-equals-cap/trace/trace (erigon_development)"
Sep 24 17:06:28.009 INF API: test ended suite=0 test=857 pass=false
Sep 24 17:06:28.010 INF API: test started suite=0 test=858 name="interop/typed-tip-equals-cap/trace/vmTrace (erigon_development)"
Sep 24 17:06:28.011 INF API: test ended suite=0 test=858 pass=false
Sep 24 17:06:28.013 INF API: test started suite=0 test=859 name="interop/typed-tip-limited/eth (erigon_development)"
Sep 24 17:06:28.014 INF API: test ended suite=0 test=859 pass=false
Sep 24 17:06:28.014 INF API: test started suite=0 test=860 name="interop/typed-tip-limited/trace/none (erigon_development)"
Sep 24 17:06:28.016 INF API: test ended suite=0 test=860 pass=false
Sep 24 17:06:28.016 INF API: test started suite=0 test=861 name="interop/typed-tip-limited/trace/stateDiff-vmTrace (erigon_development)"
Sep 24 17:06:28.019 INF API: test ended suite=0 test=861 pass=false
Sep 24 17:06:28.020 INF API: test started suite=0 test=862 name="interop/typed-tip-limited/trace/stateDiff (erigon_development)"
Sep 24 17:06:28.021 INF API: test ended suite=0 test=862 pass=false
Sep 24 17:06:28.022 INF API: test started suite=0 test=863 name="interop/typed-tip-limited/trace/trace-stateDiff-vmTrace (erigon_development)"
Sep 24 17:06:28.025 INF API: test ended suite=0 test=863 pass=false
Sep 24 17:06:28.026 INF API: test started suite=0 test=864 name="interop/typed-tip-limited/trace/trace-stateDiff (erigon_development)"
Sep 24 17:06:28.028 INF API: test ended suite=0 test=864 pass=false
Sep 24 17:06:28.029 INF API: test started suite=0 test=865 name="interop/typed-tip-limited/trace/trace-vmTrace (erigon_development)"
Sep 24 17:06:28.030 INF API: test ended suite=0 test=865 pass=false
Sep 24 17:06:28.031 INF API: test started suite=0 test=866 name="interop/typed-tip-limited/trace/trace (erigon_development)"
Sep 24 17:06:28.033 INF API: test ended suite=0 test=866 pass=false
Sep 24 17:06:28.033 INF API: test started suite=0 test=867 name="interop/typed-tip-limited/trace/vmTrace (erigon_development)"
Sep 24 17:06:28.036 INF API: test ended suite=0 test=867 pass=false
Sep 24 17:06:28.036 INF API: test started suite=0 test=868 name="interop/typed-tip-over-cap/eth (erigon_development)"
Sep 24 17:06:28.038 INF API: test ended suite=0 test=868 pass=false
Sep 24 17:06:28.039 INF API: test started suite=0 test=869 name="interop/typed-tip-over-cap/trace/none (erigon_development)"
Sep 24 17:06:28.040 INF API: test ended suite=0 test=869 pass=false
Sep 24 17:06:28.041 INF API: test started suite=0 test=870 name="interop/typed-tip-over-cap/trace/stateDiff-vmTrace (erigon_development)"
Sep 24 17:06:28.042 INF API: test ended suite=0 test=870 pass=false
Sep 24 17:06:28.043 INF API: test started suite=0 test=871 name="interop/typed-tip-over-cap/trace/stateDiff (erigon_development)"
Sep 24 17:06:28.044 INF API: test ended suite=0 test=871 pass=false
Sep 24 17:06:28.045 INF API: test started suite=0 test=872 name="interop/typed-tip-over-cap/trace/trace-stateDiff-vmTrace (erigon_development)"
Sep 24 17:06:28.046 INF API: test ended suite=0 test=872 pass=false
Sep 24 17:06:28.046 INF API: test started suite=0 test=873 name="interop/typed-tip-over-cap/trace/trace-stateDiff (erigon_development)"
Sep 24 17:06:28.047 INF API: test ended suite=0 test=873 pass=false
Sep 24 17:06:28.048 INF API: test started suite=0 test=874 name="interop/typed-tip-over-cap/trace/trace-vmTrace (erigon_development)"
Sep 24 17:06:28.049 INF API: test ended suite=0 test=874 pass=false
Sep 24 17:06:28.050 INF API: test started suite=0 test=875 name="interop/typed-tip-over-cap/trace/trace (erigon_development)"
Sep 24 17:06:28.051 INF API: test ended suite=0 test=875 pass=false
Sep 24 17:06:28.052 INF API: test started suite=0 test=876 name="interop/typed-tip-over-cap/trace/vmTrace (erigon_development)"
Sep 24 17:06:28.053 INF API: test ended suite=0 test=876 pass=false
Sep 24 17:06:28.054 INF API: test started suite=0 test=877 name="interop/typed-zero/eth (erigon_development)"
Sep 24 17:06:28.055 INF API: test ended suite=0 test=877 pass=false
Sep 24 17:06:28.056 INF API: test started suite=0 test=878 name="interop/typed-zero/trace/none (erigon_development)"
Sep 24 17:06:28.057 INF API: test ended suite=0 test=878 pass=false
Sep 24 17:06:28.058 INF API: test started suite=0 test=879 name="interop/typed-zero/trace/stateDiff-vmTrace (erigon_development)"
Sep 24 17:06:28.060 INF API: test ended suite=0 test=879 pass=false
Sep 24 17:06:28.061 INF API: test started suite=0 test=880 name="interop/typed-zero/trace/stateDiff (erigon_development)"
Sep 24 17:06:28.062 INF API: test ended suite=0 test=880 pass=false
Sep 24 17:06:28.063 INF API: test started suite=0 test=881 name="interop/typed-zero/trace/trace-stateDiff-vmTrace (erigon_development)"
Sep 24 17:06:28.067 INF API: test ended suite=0 test=881 pass=false
Sep 24 17:06:28.067 INF API: test started suite=0 test=882 name="interop/typed-zero/trace/trace-stateDiff (erigon_development)"
Sep 24 17:06:28.069 INF API: test ended suite=0 test=882 pass=false
Sep 24 17:06:28.070 INF API: test started suite=0 test=883 name="interop/typed-zero/trace/trace-vmTrace (erigon_development)"
Sep 24 17:06:28.073 INF API: test ended suite=0 test=883 pass=false
Sep 24 17:06:28.073 INF API: test started suite=0 test=884 name="interop/typed-zero/trace/trace (erigon_development)"
Sep 24 17:06:28.074 INF API: test ended suite=0 test=884 pass=false
Sep 24 17:06:28.075 INF API: test started suite=0 test=885 name="interop/typed-zero/trace/vmTrace (erigon_development)"
Sep 24 17:06:28.078 INF API: test ended suite=0 test=885 pass=false
Sep 24 17:06:28.079 INF API: test started suite=0 test=886 name="interop/typed-zero-cap-positive-tip/eth (erigon_development)"
Sep 24 17:06:28.080 INF API: test ended suite=0 test=886 pass=false
Sep 24 17:06:28.081 INF API: test started suite=0 test=887 name="interop/typed-zero-cap-positive-tip/trace/none (erigon_development)"
Sep 24 17:06:28.082 INF API: test ended suite=0 test=887 pass=false
Sep 24 17:06:28.083 INF API: test started suite=0 test=888 name="interop/typed-zero-cap-positive-tip/trace/stateDiff-vmTrace (erigon_development)"
Sep 24 17:06:28.084 INF API: test ended suite=0 test=888 pass=false
Sep 24 17:06:28.084 INF API: test started suite=0 test=889 name="interop/typed-zero-cap-positive-tip/trace/stateDiff (erigon_development)"
Sep 24 17:06:28.086 INF API: test ended suite=0 test=889 pass=false
Sep 24 17:06:28.086 INF API: test started suite=0 test=890 name="interop/typed-zero-cap-positive-tip/trace/trace-stateDiff-vmTrace (erigon_development)"
Sep 24 17:06:28.088 INF API: test ended suite=0 test=890 pass=false
Sep 24 17:06:28.088 INF API: test started suite=0 test=891 name="interop/typed-zero-cap-positive-tip/trace/trace-stateDiff (erigon_development)"
Sep 24 17:06:28.089 INF API: test ended suite=0 test=891 pass=false
Sep 24 17:06:28.090 INF API: test started suite=0 test=892 name="interop/typed-zero-cap-positive-tip/trace/trace-vmTrace (erigon_development)"
Sep 24 17:06:28.091 INF API: test ended suite=0 test=892 pass=false
Sep 24 17:06:28.092 INF API: test started suite=0 test=893 name="interop/typed-zero-cap-positive-tip/trace/trace (erigon_development)"
Sep 24 17:06:28.093 INF API: test ended suite=0 test=893 pass=false
Sep 24 17:06:28.094 INF API: test started suite=0 test=894 name="interop/typed-zero-cap-positive-tip/trace/vmTrace (erigon_development)"
Sep 24 17:06:28.095 INF API: test ended suite=0 test=894 pass=false
Sep 24 17:06:28.096 INF API: test started suite=0 test=895 name="interop/typed-zero-tip/eth (erigon_development)"
Sep 24 17:06:28.097 INF API: test ended suite=0 test=895 pass=false
Sep 24 17:06:28.098 INF API: test started suite=0 test=896 name="interop/typed-zero-tip/trace/none (erigon_development)"
Sep 24 17:06:28.099 INF API: test ended suite=0 test=896 pass=false
Sep 24 17:06:28.100 INF API: test started suite=0 test=897 name="interop/typed-zero-tip/trace/stateDiff-vmTrace (erigon_development)"
Sep 24 17:06:28.102 INF API: test ended suite=0 test=897 pass=false
Sep 24 17:06:28.103 INF API: test started suite=0 test=898 name="interop/typed-zero-tip/trace/stateDiff (erigon_development)"
Sep 24 17:06:28.104 INF API: test ended suite=0 test=898 pass=false
Sep 24 17:06:28.105 INF API: test started suite=0 test=899 name="interop/typed-zero-tip/trace/trace-stateDiff-vmTrace (erigon_development)"
Sep 24 17:06:28.107 INF API: test ended suite=0 test=899 pass=false
Sep 24 17:06:28.108 INF API: test started suite=0 test=900 name="interop/typed-zero-tip/trace/trace-stateDiff (erigon_development)"
Sep 24 17:06:28.110 INF API: test ended suite=0 test=900 pass=false
Sep 24 17:06:28.110 INF API: test started suite=0 test=901 name="interop/typed-zero-tip/trace/trace-vmTrace (erigon_development)"
Sep 24 17:06:28.112 INF API: test ended suite=0 test=901 pass=false
Sep 24 17:06:28.113 INF API: test started suite=0 test=902 name="interop/typed-zero-tip/trace/trace (erigon_development)"
Sep 24 17:06:28.114 INF API: test ended suite=0 test=902 pass=false
Sep 24 17:06:28.115 INF API: test started suite=0 test=903 name="interop/typed-zero-tip/trace/vmTrace (erigon_development)"
Sep 24 17:06:28.118 INF API: test ended suite=0 test=903 pass=false
Sep 24 17:06:28.535 INF API: test ended suite=0 test=603 pass=true
Sep 24 17:06:28.537 INF API: test started suite=0 test=904 name="client launch (erigon_release)"
Sep 24 17:06:30.106 INF API: client erigon_release started suite=0 test=904 container=d1922749
Sep 24 17:06:30.126 INF API: test started suite=0 test=905 name="interop/_control/empty-balance (erigon_release)"
Sep 24 17:06:30.141 INF API: test ended suite=0 test=905 pass=false
Sep 24 17:06:30.142 INF API: test started suite=0 test=906 name="interop/_control/empty-code (erigon_release)"
Sep 24 17:06:30.144 INF API: test ended suite=0 test=906 pass=false
Sep 24 17:06:30.144 INF API: test started suite=0 test=907 name="interop/_control/empty-nonce (erigon_release)"
Sep 24 17:06:30.145 INF API: test ended suite=0 test=907 pass=false
Sep 24 17:06:30.146 INF API: test started suite=0 test=908 name="interop/_control/head (erigon_release)"
Sep 24 17:06:30.148 INF API: test ended suite=0 test=908 pass=false
Sep 24 17:06:30.149 INF API: test started suite=0 test=909 name="interop/_control/latest (erigon_release)"
Sep 24 17:06:30.150 INF API: test ended suite=0 test=909 pass=false
Sep 24 17:06:30.150 INF API: test started suite=0 test=910 name="interop/_control/miner-balance (erigon_release)"
Sep 24 17:06:30.152 INF API: test ended suite=0 test=910 pass=false
Sep 24 17:06:30.152 INF API: test started suite=0 test=911 name="interop/_control/miner-code (erigon_release)"
Sep 24 17:06:30.153 INF API: test ended suite=0 test=911 pass=false
Sep 24 17:06:30.154 INF API: test started suite=0 test=912 name="interop/_control/miner-nonce (erigon_release)"
Sep 24 17:06:30.155 INF API: test ended suite=0 test=912 pass=false
Sep 24 17:06:30.156 INF API: test started suite=0 test=913 name="interop/_control/sender-balance (erigon_release)"
Sep 24 17:06:30.157 INF API: test ended suite=0 test=913 pass=false
Sep 24 17:06:30.158 INF API: test started suite=0 test=914 name="interop/_control/sender-code (erigon_release)"
Sep 24 17:06:30.159 INF API: test ended suite=0 test=914 pass=false
Sep 24 17:06:30.160 INF API: test started suite=0 test=915 name="interop/_control/sender-nonce (erigon_release)"
Sep 24 17:06:30.161 INF API: test ended suite=0 test=915 pass=false
Sep 24 17:06:30.162 INF API: test started suite=0 test=916 name="interop/_control/version (erigon_release)"
Sep 24 17:06:30.163 INF API: test ended suite=0 test=916 pass=false
Sep 24 17:06:30.164 INF API: test started suite=0 test=917 name="interop/defaults-cap-only-positive/eth (erigon_release)"
Sep 24 17:06:30.165 INF API: test ended suite=0 test=917 pass=false
Sep 24 17:06:30.166 INF API: test started suite=0 test=918 name="interop/defaults-cap-only-positive/trace/none (erigon_release)"
Sep 24 17:06:30.168 INF API: test ended suite=0 test=918 pass=false
Sep 24 17:06:30.168 INF API: test started suite=0 test=919 name="interop/defaults-cap-only-positive/trace/stateDiff-vmTrace (erigon_release)"
Sep 24 17:06:30.171 INF API: test ended suite=0 test=919 pass=false
Sep 24 17:06:30.172 INF API: test started suite=0 test=920 name="interop/defaults-cap-only-positive/trace/stateDiff (erigon_release)"
Sep 24 17:06:30.173 INF API: test ended suite=0 test=920 pass=false
Sep 24 17:06:30.174 INF API: test started suite=0 test=921 name="interop/defaults-cap-only-positive/trace/trace-stateDiff-vmTrace (erigon_release)"
Sep 24 17:06:30.177 INF API: test ended suite=0 test=921 pass=false
Sep 24 17:06:30.178 INF API: test started suite=0 test=922 name="interop/defaults-cap-only-positive/trace/trace-stateDiff (erigon_release)"
Sep 24 17:06:30.180 INF API: test ended suite=0 test=922 pass=false
Sep 24 17:06:30.180 INF API: test started suite=0 test=923 name="interop/defaults-cap-only-positive/trace/trace-vmTrace (erigon_release)"
Sep 24 17:06:30.183 INF API: test ended suite=0 test=923 pass=false
Sep 24 17:06:30.184 INF API: test started suite=0 test=924 name="interop/defaults-cap-only-positive/trace/trace (erigon_release)"
Sep 24 17:06:30.186 INF API: test ended suite=0 test=924 pass=false
Sep 24 17:06:30.186 INF API: test started suite=0 test=925 name="interop/defaults-cap-only-positive/trace/vmTrace (erigon_release)"
Sep 24 17:06:30.189 INF API: test ended suite=0 test=925 pass=false
Sep 24 17:06:30.189 INF API: test started suite=0 test=926 name="interop/defaults-cap-only-zero/eth (erigon_release)"
Sep 24 17:06:30.190 INF API: test ended suite=0 test=926 pass=false
Sep 24 17:06:30.191 INF API: test started suite=0 test=927 name="interop/defaults-cap-only-zero/trace/none (erigon_release)"
Sep 24 17:06:30.192 INF API: test ended suite=0 test=927 pass=false
Sep 24 17:06:30.193 INF API: test started suite=0 test=928 name="interop/defaults-cap-only-zero/trace/stateDiff-vmTrace (erigon_release)"
Sep 24 17:06:30.195 INF API: test ended suite=0 test=928 pass=false
Sep 24 17:06:30.196 INF API: test started suite=0 test=929 name="interop/defaults-cap-only-zero/trace/stateDiff (erigon_release)"
Sep 24 17:06:30.197 INF API: test ended suite=0 test=929 pass=false
Sep 24 17:06:30.198 INF API: test started suite=0 test=930 name="interop/defaults-cap-only-zero/trace/trace-stateDiff-vmTrace (erigon_release)"
Sep 24 17:06:30.200 INF API: test ended suite=0 test=930 pass=false
Sep 24 17:06:30.201 INF API: test started suite=0 test=931 name="interop/defaults-cap-only-zero/trace/trace-stateDiff (erigon_release)"
Sep 24 17:06:30.203 INF API: test ended suite=0 test=931 pass=false
Sep 24 17:06:30.204 INF API: test started suite=0 test=932 name="interop/defaults-cap-only-zero/trace/trace-vmTrace (erigon_release)"
Sep 24 17:06:30.206 INF API: test ended suite=0 test=932 pass=false
Sep 24 17:06:30.207 INF API: test started suite=0 test=933 name="interop/defaults-cap-only-zero/trace/trace (erigon_release)"
Sep 24 17:06:30.208 INF API: test ended suite=0 test=933 pass=false
Sep 24 17:06:30.209 INF API: test started suite=0 test=934 name="interop/defaults-cap-only-zero/trace/vmTrace (erigon_release)"
Sep 24 17:06:30.211 INF API: test ended suite=0 test=934 pass=false
Sep 24 17:06:30.212 INF API: test started suite=0 test=935 name="interop/defaults-omitted/eth (erigon_release)"
Sep 24 17:06:30.213 INF API: test ended suite=0 test=935 pass=false
Sep 24 17:06:30.214 INF API: test started suite=0 test=936 name="interop/defaults-omitted/trace/none (erigon_release)"
Sep 24 17:06:30.215 INF API: test ended suite=0 test=936 pass=false
Sep 24 17:06:30.216 INF API: test started suite=0 test=937 name="interop/defaults-omitted/trace/stateDiff-vmTrace (erigon_release)"
Sep 24 17:06:30.218 INF API: test ended suite=0 test=937 pass=false
Sep 24 17:06:30.219 INF API: test started suite=0 test=938 name="interop/defaults-omitted/trace/stateDiff (erigon_release)"
Sep 24 17:06:30.220 INF API: test ended suite=0 test=938 pass=false
Sep 24 17:06:30.221 INF API: test started suite=0 test=939 name="interop/defaults-omitted/trace/trace-stateDiff-vmTrace (erigon_release)"
Sep 24 17:06:30.223 INF API: test ended suite=0 test=939 pass=false
Sep 24 17:06:30.224 INF API: test started suite=0 test=940 name="interop/defaults-omitted/trace/trace-stateDiff (erigon_release)"
Sep 24 17:06:30.225 INF API: test ended suite=0 test=940 pass=false
Sep 24 17:06:30.226 INF API: test started suite=0 test=941 name="interop/defaults-omitted/trace/trace-vmTrace (erigon_release)"
Sep 24 17:06:30.228 INF API: test ended suite=0 test=941 pass=false
Sep 24 17:06:30.228 INF API: test started suite=0 test=942 name="interop/defaults-omitted/trace/trace (erigon_release)"
Sep 24 17:06:30.230 INF API: test ended suite=0 test=942 pass=false
Sep 24 17:06:30.230 INF API: test started suite=0 test=943 name="interop/defaults-omitted/trace/vmTrace (erigon_release)"
Sep 24 17:06:30.232 INF API: test ended suite=0 test=943 pass=false
Sep 24 17:06:30.233 INF API: test started suite=0 test=944 name="interop/defaults-tip-only-positive/eth (erigon_release)"
Sep 24 17:06:30.234 INF API: test ended suite=0 test=944 pass=false
Sep 24 17:06:30.234 INF API: test started suite=0 test=945 name="interop/defaults-tip-only-positive/trace/none (erigon_release)"
Sep 24 17:06:30.235 INF API: test ended suite=0 test=945 pass=false
Sep 24 17:06:30.236 INF API: test started suite=0 test=946 name="interop/defaults-tip-only-positive/trace/stateDiff-vmTrace (erigon_release)"
Sep 24 17:06:30.240 INF API: test ended suite=0 test=946 pass=false
Sep 24 17:06:30.241 INF API: test started suite=0 test=947 name="interop/defaults-tip-only-positive/trace/stateDiff (erigon_release)"
Sep 24 17:06:30.242 INF API: test ended suite=0 test=947 pass=false
Sep 24 17:06:30.243 INF API: test started suite=0 test=948 name="interop/defaults-tip-only-positive/trace/trace-stateDiff-vmTrace (erigon_release)"
Sep 24 17:06:30.244 INF API: test ended suite=0 test=948 pass=false
Sep 24 17:06:30.245 INF API: test started suite=0 test=949 name="interop/defaults-tip-only-positive/trace/trace-stateDiff (erigon_release)"
Sep 24 17:06:30.246 INF API: test ended suite=0 test=949 pass=false
Sep 24 17:06:30.247 INF API: test started suite=0 test=950 name="interop/defaults-tip-only-positive/trace/trace-vmTrace (erigon_release)"
Sep 24 17:06:30.248 INF API: test ended suite=0 test=950 pass=false
Sep 24 17:06:30.249 INF API: test started suite=0 test=951 name="interop/defaults-tip-only-positive/trace/trace (erigon_release)"
Sep 24 17:06:30.250 INF API: test ended suite=0 test=951 pass=false
Sep 24 17:06:30.251 INF API: test started suite=0 test=952 name="interop/defaults-tip-only-positive/trace/vmTrace (erigon_release)"
Sep 24 17:06:30.252 INF API: test ended suite=0 test=952 pass=false
Sep 24 17:06:30.252 INF API: test started suite=0 test=953 name="interop/defaults-tip-only-zero/eth (erigon_release)"
Sep 24 17:06:30.253 INF API: test ended suite=0 test=953 pass=false
Sep 24 17:06:30.254 INF API: test started suite=0 test=954 name="interop/defaults-tip-only-zero/trace/none (erigon_release)"
Sep 24 17:06:30.255 INF API: test ended suite=0 test=954 pass=false
Sep 24 17:06:30.256 INF API: test started suite=0 test=955 name="interop/defaults-tip-only-zero/trace/stateDiff-vmTrace (erigon_release)"
Sep 24 17:06:30.259 INF API: test ended suite=0 test=955 pass=false
Sep 24 17:06:30.259 INF API: test started suite=0 test=956 name="interop/defaults-tip-only-zero/trace/stateDiff (erigon_release)"
Sep 24 17:06:30.261 INF API: test ended suite=0 test=956 pass=false
Sep 24 17:06:30.262 INF API: test started suite=0 test=957 name="interop/defaults-tip-only-zero/trace/trace-stateDiff-vmTrace (erigon_release)"
Sep 24 17:06:30.264 INF API: test ended suite=0 test=957 pass=false
Sep 24 17:06:30.265 INF API: test started suite=0 test=958 name="interop/defaults-tip-only-zero/trace/trace-stateDiff (erigon_release)"
Sep 24 17:06:30.267 INF API: test ended suite=0 test=958 pass=false
Sep 24 17:06:30.267 INF API: test started suite=0 test=959 name="interop/defaults-tip-only-zero/trace/trace-vmTrace (erigon_release)"
Sep 24 17:06:30.269 INF API: test ended suite=0 test=959 pass=false
Sep 24 17:06:30.270 INF API: test started suite=0 test=960 name="interop/defaults-tip-only-zero/trace/trace (erigon_release)"
Sep 24 17:06:30.271 INF API: test ended suite=0 test=960 pass=false
Sep 24 17:06:30.272 INF API: test started suite=0 test=961 name="interop/defaults-tip-only-zero/trace/vmTrace (erigon_release)"
Sep 24 17:06:30.275 INF API: test ended suite=0 test=961 pass=false
Sep 24 17:06:30.275 INF API: test started suite=0 test=962 name="interop/empty-sender-free/eth (erigon_release)"
Sep 24 17:06:30.276 INF API: test ended suite=0 test=962 pass=false
Sep 24 17:06:30.277 INF API: test started suite=0 test=963 name="interop/empty-sender-free/trace/none (erigon_release)"
Sep 24 17:06:30.278 INF API: test ended suite=0 test=963 pass=false
Sep 24 17:06:30.279 INF API: test started suite=0 test=964 name="interop/empty-sender-free/trace/stateDiff-vmTrace (erigon_release)"
Sep 24 17:06:30.280 INF API: test ended suite=0 test=964 pass=false
Sep 24 17:06:30.281 INF API: test started suite=0 test=965 name="interop/empty-sender-free/trace/stateDiff (erigon_release)"
Sep 24 17:06:30.282 INF API: test ended suite=0 test=965 pass=false
Sep 24 17:06:30.282 INF API: test started suite=0 test=966 name="interop/empty-sender-free/trace/trace-stateDiff-vmTrace (erigon_release)"
Sep 24 17:06:30.283 INF API: test ended suite=0 test=966 pass=false
Sep 24 17:06:30.284 INF API: test started suite=0 test=967 name="interop/empty-sender-free/trace/trace-stateDiff (erigon_release)"
Sep 24 17:06:30.284 INF API: test ended suite=0 test=967 pass=false
Sep 24 17:06:30.285 INF API: test started suite=0 test=968 name="interop/empty-sender-free/trace/trace-vmTrace (erigon_release)"
Sep 24 17:06:30.286 INF API: test ended suite=0 test=968 pass=false
Sep 24 17:06:30.286 INF API: test started suite=0 test=969 name="interop/empty-sender-free/trace/trace (erigon_release)"
Sep 24 17:06:30.287 INF API: test ended suite=0 test=969 pass=false
Sep 24 17:06:30.288 INF API: test started suite=0 test=970 name="interop/empty-sender-free/trace/vmTrace (erigon_release)"
Sep 24 17:06:30.289 INF API: test ended suite=0 test=970 pass=false
Sep 24 17:06:30.289 INF API: test started suite=0 test=971 name="interop/empty-sender-priced/eth (erigon_release)"
Sep 24 17:06:30.290 INF API: test ended suite=0 test=971 pass=false
Sep 24 17:06:30.291 INF API: test started suite=0 test=972 name="interop/empty-sender-priced/trace/none (erigon_release)"
Sep 24 17:06:30.292 INF API: test ended suite=0 test=972 pass=false
Sep 24 17:06:30.292 INF API: test started suite=0 test=973 name="interop/empty-sender-priced/trace/stateDiff-vmTrace (erigon_release)"
Sep 24 17:06:30.295 INF API: test ended suite=0 test=973 pass=false
Sep 24 17:06:30.295 INF API: test started suite=0 test=974 name="interop/empty-sender-priced/trace/stateDiff (erigon_release)"
Sep 24 17:06:30.297 INF API: test ended suite=0 test=974 pass=false
Sep 24 17:06:30.298 INF API: test started suite=0 test=975 name="interop/empty-sender-priced/trace/trace-stateDiff-vmTrace (erigon_release)"
Sep 24 17:06:30.300 INF API: test ended suite=0 test=975 pass=false
Sep 24 17:06:30.301 INF API: test started suite=0 test=976 name="interop/empty-sender-priced/trace/trace-stateDiff (erigon_release)"
Sep 24 17:06:30.303 INF API: test ended suite=0 test=976 pass=false
Sep 24 17:06:30.304 INF API: test started suite=0 test=977 name="interop/empty-sender-priced/trace/trace-vmTrace (erigon_release)"
Sep 24 17:06:30.306 INF API: test ended suite=0 test=977 pass=false
Sep 24 17:06:30.307 INF API: test started suite=0 test=978 name="interop/empty-sender-priced/trace/trace (erigon_release)"
Sep 24 17:06:30.308 INF API: test ended suite=0 test=978 pass=false
Sep 24 17:06:30.309 INF API: test started suite=0 test=979 name="interop/empty-sender-priced/trace/vmTrace (erigon_release)"
Sep 24 17:06:30.311 INF API: test ended suite=0 test=979 pass=false
Sep 24 17:06:30.311 INF API: test started suite=0 test=980 name="interop/funding-free-exact/eth (erigon_release)"
Sep 24 17:06:30.312 INF API: test ended suite=0 test=980 pass=false
Sep 24 17:06:30.313 INF API: test started suite=0 test=981 name="interop/funding-free-exact/trace/none (erigon_release)"
Sep 24 17:06:30.315 INF API: test ended suite=0 test=981 pass=false
Sep 24 17:06:30.315 INF API: test started suite=0 test=982 name="interop/funding-free-exact/trace/stateDiff-vmTrace (erigon_release)"
Sep 24 17:06:30.317 INF API: test ended suite=0 test=982 pass=false
Sep 24 17:06:30.317 INF API: test started suite=0 test=983 name="interop/funding-free-exact/trace/stateDiff (erigon_release)"
Sep 24 17:06:30.319 INF API: test ended suite=0 test=983 pass=false
Sep 24 17:06:30.319 INF API: test started suite=0 test=984 name="interop/funding-free-exact/trace/trace-stateDiff-vmTrace (erigon_release)"
Sep 24 17:06:30.320 INF API: test ended suite=0 test=984 pass=false
Sep 24 17:06:30.321 INF API: test started suite=0 test=985 name="interop/funding-free-exact/trace/trace-stateDiff (erigon_release)"
Sep 24 17:06:30.322 INF API: test ended suite=0 test=985 pass=false
Sep 24 17:06:30.323 INF API: test started suite=0 test=986 name="interop/funding-free-exact/trace/trace-vmTrace (erigon_release)"
Sep 24 17:06:30.324 INF API: test ended suite=0 test=986 pass=false
Sep 24 17:06:30.325 INF API: test started suite=0 test=987 name="interop/funding-free-exact/trace/trace (erigon_release)"
Sep 24 17:06:30.326 INF API: test ended suite=0 test=987 pass=false
Sep 24 17:06:30.327 INF API: test started suite=0 test=988 name="interop/funding-free-exact/trace/vmTrace (erigon_release)"
Sep 24 17:06:30.328 INF API: test ended suite=0 test=988 pass=false
Sep 24 17:06:30.329 INF API: test started suite=0 test=989 name="interop/funding-free-short/eth (erigon_release)"
Sep 24 17:06:30.330 INF API: test ended suite=0 test=989 pass=false
Sep 24 17:06:30.331 INF API: test started suite=0 test=990 name="interop/funding-free-short/trace/none (erigon_release)"
Sep 24 17:06:30.332 INF API: test ended suite=0 test=990 pass=false
Sep 24 17:06:30.333 INF API: test started suite=0 test=991 name="interop/funding-free-short/trace/stateDiff-vmTrace (erigon_release)"
Sep 24 17:06:30.334 INF API: test ended suite=0 test=991 pass=false
Sep 24 17:06:30.335 INF API: test started suite=0 test=992 name="interop/funding-free-short/trace/stateDiff (erigon_release)"
Sep 24 17:06:30.336 INF API: test ended suite=0 test=992 pass=false
Sep 24 17:06:30.337 INF API: test started suite=0 test=993 name="interop/funding-free-short/trace/trace-stateDiff-vmTrace (erigon_release)"
Sep 24 17:06:30.338 INF API: test ended suite=0 test=993 pass=false
Sep 24 17:06:30.339 INF API: test started suite=0 test=994 name="interop/funding-free-short/trace/trace-stateDiff (erigon_release)"
Sep 24 17:06:30.340 INF API: test ended suite=0 test=994 pass=false
Sep 24 17:06:30.341 INF API: test started suite=0 test=995 name="interop/funding-free-short/trace/trace-vmTrace (erigon_release)"
Sep 24 17:06:30.342 INF API: test ended suite=0 test=995 pass=false
Sep 24 17:06:30.343 INF API: test started suite=0 test=996 name="interop/funding-free-short/trace/trace (erigon_release)"
Sep 24 17:06:30.343 INF API: test ended suite=0 test=996 pass=false
Sep 24 17:06:30.344 INF API: test started suite=0 test=997 name="interop/funding-free-short/trace/vmTrace (erigon_release)"
Sep 24 17:06:30.345 INF API: test ended suite=0 test=997 pass=false
Sep 24 17:06:30.346 INF API: test started suite=0 test=998 name="interop/funding-legacy-exact/eth (erigon_release)"
Sep 24 17:06:30.347 INF API: test ended suite=0 test=998 pass=false
Sep 24 17:06:30.348 INF API: test started suite=0 test=999 name="interop/funding-legacy-exact/trace/none (erigon_release)"
Sep 24 17:06:30.349 INF API: test ended suite=0 test=999 pass=false
Sep 24 17:06:30.350 INF API: test started suite=0 test=1000 name="interop/funding-legacy-exact/trace/stateDiff-vmTrace (erigon_release)"
Sep 24 17:06:30.353 INF API: test ended suite=0 test=1000 pass=false
Sep 24 17:06:30.353 INF API: test started suite=0 test=1001 name="interop/funding-legacy-exact/trace/stateDiff (erigon_release)"
Sep 24 17:06:30.355 INF API: test ended suite=0 test=1001 pass=false
Sep 24 17:06:30.356 INF API: test started suite=0 test=1002 name="interop/funding-legacy-exact/trace/trace-stateDiff-vmTrace (erigon_release)"
Sep 24 17:06:30.358 INF API: test ended suite=0 test=1002 pass=false
Sep 24 17:06:30.359 INF API: test started suite=0 test=1003 name="interop/funding-legacy-exact/trace/trace-stateDiff (erigon_release)"
Sep 24 17:06:30.360 INF API: test ended suite=0 test=1003 pass=false
Sep 24 17:06:30.361 INF API: test started suite=0 test=1004 name="interop/funding-legacy-exact/trace/trace-vmTrace (erigon_release)"
Sep 24 17:06:30.363 INF API: test ended suite=0 test=1004 pass=false
Sep 24 17:06:30.364 INF API: test started suite=0 test=1005 name="interop/funding-legacy-exact/trace/trace (erigon_release)"
Sep 24 17:06:30.365 INF API: test ended suite=0 test=1005 pass=false
Sep 24 17:06:30.366 INF API: test started suite=0 test=1006 name="interop/funding-legacy-exact/trace/vmTrace (erigon_release)"
Sep 24 17:06:30.368 INF API: test ended suite=0 test=1006 pass=false
Sep 24 17:06:30.369 INF API: test started suite=0 test=1007 name="interop/funding-legacy-short/eth (erigon_release)"
Sep 24 17:06:30.370 INF API: test ended suite=0 test=1007 pass=false
Sep 24 17:06:30.371 INF API: test started suite=0 test=1008 name="interop/funding-legacy-short/trace/none (erigon_release)"
Sep 24 17:06:30.372 INF API: test ended suite=0 test=1008 pass=false
Sep 24 17:06:30.373 INF API: test started suite=0 test=1009 name="interop/funding-legacy-short/trace/stateDiff-vmTrace (erigon_release)"
Sep 24 17:06:30.375 INF API: test ended suite=0 test=1009 pass=false
Sep 24 17:06:30.376 INF API: test started suite=0 test=1010 name="interop/funding-legacy-short/trace/stateDiff (erigon_release)"
Sep 24 17:06:30.377 INF API: test ended suite=0 test=1010 pass=false
Sep 24 17:06:30.378 INF API: test started suite=0 test=1011 name="interop/funding-legacy-short/trace/trace-stateDiff-vmTrace (erigon_release)"
Sep 24 17:06:30.381 INF API: test ended suite=0 test=1011 pass=false
Sep 24 17:06:30.382 INF API: test started suite=0 test=1012 name="interop/funding-legacy-short/trace/trace-stateDiff (erigon_release)"
Sep 24 17:06:30.384 INF API: test ended suite=0 test=1012 pass=false
Sep 24 17:06:30.384 INF API: test started suite=0 test=1013 name="interop/funding-legacy-short/trace/trace-vmTrace (erigon_release)"
Sep 24 17:06:30.387 INF API: test ended suite=0 test=1013 pass=false
Sep 24 17:06:30.387 INF API: test started suite=0 test=1014 name="interop/funding-legacy-short/trace/trace (erigon_release)"
Sep 24 17:06:30.389 INF API: test ended suite=0 test=1014 pass=false
Sep 24 17:06:30.390 INF API: test started suite=0 test=1015 name="interop/funding-legacy-short/trace/vmTrace (erigon_release)"
Sep 24 17:06:30.392 INF API: test ended suite=0 test=1015 pass=false
Sep 24 17:06:30.393 INF API: test started suite=0 test=1016 name="interop/funding-typed-effective-only/eth (erigon_release)"
Sep 24 17:06:30.394 INF API: test ended suite=0 test=1016 pass=false
Sep 24 17:06:30.395 INF API: test started suite=0 test=1017 name="interop/funding-typed-effective-only/trace/none (erigon_release)"
Sep 24 17:06:30.396 INF API: test ended suite=0 test=1017 pass=false
Sep 24 17:06:30.397 INF API: test started suite=0 test=1018 name="interop/funding-typed-effective-only/trace/stateDiff-vmTrace (erigon_release)"
Sep 24 17:06:30.399 INF API: test ended suite=0 test=1018 pass=false
Sep 24 17:06:30.400 INF API: test started suite=0 test=1019 name="interop/funding-typed-effective-only/trace/stateDiff (erigon_release)"
Sep 24 17:06:30.402 INF API: test ended suite=0 test=1019 pass=false
Sep 24 17:06:30.403 INF API: test started suite=0 test=1020 name="interop/funding-typed-effective-only/trace/trace-stateDiff-vmTrace (erigon_release)"
Sep 24 17:06:30.406 INF API: test ended suite=0 test=1020 pass=false
Sep 24 17:06:30.406 INF API: test started suite=0 test=1021 name="interop/funding-typed-effective-only/trace/trace-stateDiff (erigon_release)"
Sep 24 17:06:30.408 INF API: test ended suite=0 test=1021 pass=false
Sep 24 17:06:30.409 INF API: test started suite=0 test=1022 name="interop/funding-typed-effective-only/trace/trace-vmTrace (erigon_release)"
Sep 24 17:06:30.411 INF API: test ended suite=0 test=1022 pass=false
Sep 24 17:06:30.412 INF API: test started suite=0 test=1023 name="interop/funding-typed-effective-only/trace/trace (erigon_release)"
Sep 24 17:06:30.413 INF API: test ended suite=0 test=1023 pass=false
Sep 24 17:06:30.414 INF API: test started suite=0 test=1024 name="interop/funding-typed-effective-only/trace/vmTrace (erigon_release)"
Sep 24 17:06:30.416 INF API: test ended suite=0 test=1024 pass=false
Sep 24 17:06:30.417 INF API: test started suite=0 test=1025 name="interop/funding-typed-exact/eth (erigon_release)"
Sep 24 17:06:30.418 INF API: test ended suite=0 test=1025 pass=false
Sep 24 17:06:30.419 INF API: test started suite=0 test=1026 name="interop/funding-typed-exact/trace/none (erigon_release)"
Sep 24 17:06:30.420 INF API: test ended suite=0 test=1026 pass=false
Sep 24 17:06:30.421 INF API: test started suite=0 test=1027 name="interop/funding-typed-exact/trace/stateDiff-vmTrace (erigon_release)"
Sep 24 17:06:30.423 INF API: test ended suite=0 test=1027 pass=false
Sep 24 17:06:30.424 INF API: test started suite=0 test=1028 name="interop/funding-typed-exact/trace/stateDiff (erigon_release)"
Sep 24 17:06:30.425 INF API: test ended suite=0 test=1028 pass=false
Sep 24 17:06:30.426 INF API: test started suite=0 test=1029 name="interop/funding-typed-exact/trace/trace-stateDiff-vmTrace (erigon_release)"
Sep 24 17:06:30.428 INF API: test ended suite=0 test=1029 pass=false
Sep 24 17:06:30.429 INF API: test started suite=0 test=1030 name="interop/funding-typed-exact/trace/trace-stateDiff (erigon_release)"
Sep 24 17:06:30.430 INF API: test ended suite=0 test=1030 pass=false
Sep 24 17:06:30.431 INF API: test started suite=0 test=1031 name="interop/funding-typed-exact/trace/trace-vmTrace (erigon_release)"
Sep 24 17:06:30.433 INF API: test ended suite=0 test=1031 pass=false
Sep 24 17:06:30.434 INF API: test started suite=0 test=1032 name="interop/funding-typed-exact/trace/trace (erigon_release)"
Sep 24 17:06:30.435 INF API: test ended suite=0 test=1032 pass=false
Sep 24 17:06:30.436 INF API: test started suite=0 test=1033 name="interop/funding-typed-exact/trace/vmTrace (erigon_release)"
Sep 24 17:06:30.439 INF API: test ended suite=0 test=1033 pass=false
Sep 24 17:06:30.439 INF API: test started suite=0 test=1034 name="interop/funding-typed-free-exact/eth (erigon_release)"
Sep 24 17:06:30.440 INF API: test ended suite=0 test=1034 pass=false
Sep 24 17:06:30.441 INF API: test started suite=0 test=1035 name="interop/funding-typed-free-exact/trace/none (erigon_release)"
Sep 24 17:06:30.442 INF API: test ended suite=0 test=1035 pass=false
Sep 24 17:06:30.443 INF API: test started suite=0 test=1036 name="interop/funding-typed-free-exact/trace/stateDiff-vmTrace (erigon_release)"
Sep 24 17:06:30.446 INF API: test ended suite=0 test=1036 pass=false
Sep 24 17:06:30.446 INF API: test started suite=0 test=1037 name="interop/funding-typed-free-exact/trace/stateDiff (erigon_release)"
Sep 24 17:06:30.448 INF API: test ended suite=0 test=1037 pass=false
Sep 24 17:06:30.449 INF API: test started suite=0 test=1038 name="interop/funding-typed-free-exact/trace/trace-stateDiff-vmTrace (erigon_release)"
Sep 24 17:06:30.451 INF API: test ended suite=0 test=1038 pass=false
Sep 24 17:06:30.452 INF API: test started suite=0 test=1039 name="interop/funding-typed-free-exact/trace/trace-stateDiff (erigon_release)"
Sep 24 17:06:30.454 INF API: test ended suite=0 test=1039 pass=false
Sep 24 17:06:30.454 INF API: test started suite=0 test=1040 name="interop/funding-typed-free-exact/trace/trace-vmTrace (erigon_release)"
Sep 24 17:06:30.456 INF API: test ended suite=0 test=1040 pass=false
Sep 24 17:06:30.457 INF API: test started suite=0 test=1041 name="interop/funding-typed-free-exact/trace/trace (erigon_release)"
Sep 24 17:06:30.458 INF API: test ended suite=0 test=1041 pass=false
Sep 24 17:06:30.459 INF API: test started suite=0 test=1042 name="interop/funding-typed-free-exact/trace/vmTrace (erigon_release)"
Sep 24 17:06:30.462 INF API: test ended suite=0 test=1042 pass=false
Sep 24 17:06:30.462 INF API: test started suite=0 test=1043 name="interop/funding-typed-free-short/eth (erigon_release)"
Sep 24 17:06:30.464 INF API: test ended suite=0 test=1043 pass=false
Sep 24 17:06:30.464 INF API: test started suite=0 test=1044 name="interop/funding-typed-free-short/trace/none (erigon_release)"
Sep 24 17:06:30.466 INF API: test ended suite=0 test=1044 pass=false
Sep 24 17:06:30.466 INF API: test started suite=0 test=1045 name="interop/funding-typed-free-short/trace/stateDiff-vmTrace (erigon_release)"
Sep 24 17:06:30.469 INF API: test ended suite=0 test=1045 pass=false
Sep 24 17:06:30.470 INF API: test started suite=0 test=1046 name="interop/funding-typed-free-short/trace/stateDiff (erigon_release)"
Sep 24 17:06:30.471 INF API: test ended suite=0 test=1046 pass=false
Sep 24 17:06:30.472 INF API: test started suite=0 test=1047 name="interop/funding-typed-free-short/trace/trace-stateDiff-vmTrace (erigon_release)"
Sep 24 17:06:30.474 INF API: test ended suite=0 test=1047 pass=false
Sep 24 17:06:30.475 INF API: test started suite=0 test=1048 name="interop/funding-typed-free-short/trace/trace-stateDiff (erigon_release)"
Sep 24 17:06:30.476 INF API: test ended suite=0 test=1048 pass=false
Sep 24 17:06:30.477 INF API: test started suite=0 test=1049 name="interop/funding-typed-free-short/trace/trace-vmTrace (erigon_release)"
Sep 24 17:06:30.480 INF API: test ended suite=0 test=1049 pass=false
Sep 24 17:06:30.481 INF API: test started suite=0 test=1050 name="interop/funding-typed-free-short/trace/trace (erigon_release)"
Sep 24 17:06:30.482 INF API: test ended suite=0 test=1050 pass=false
Sep 24 17:06:30.483 INF API: test started suite=0 test=1051 name="interop/funding-typed-free-short/trace/vmTrace (erigon_release)"
Sep 24 17:06:30.485 INF API: test ended suite=0 test=1051 pass=false
Sep 24 17:06:30.486 INF API: test started suite=0 test=1052 name="interop/funding-typed-short/eth (erigon_release)"
Sep 24 17:06:30.488 INF API: test ended suite=0 test=1052 pass=false
Sep 24 17:06:30.488 INF API: test started suite=0 test=1053 name="interop/funding-typed-short/trace/none (erigon_release)"
Sep 24 17:06:30.489 INF API: test ended suite=0 test=1053 pass=false
Sep 24 17:06:30.490 INF API: test started suite=0 test=1054 name="interop/funding-typed-short/trace/stateDiff-vmTrace (erigon_release)"
Sep 24 17:06:30.493 INF API: test ended suite=0 test=1054 pass=false
Sep 24 17:06:30.494 INF API: test started suite=0 test=1055 name="interop/funding-typed-short/trace/stateDiff (erigon_release)"
Sep 24 17:06:30.495 INF API: test ended suite=0 test=1055 pass=false
Sep 24 17:06:30.496 INF API: test started suite=0 test=1056 name="interop/funding-typed-short/trace/trace-stateDiff-vmTrace (erigon_release)"
Sep 24 17:06:30.498 INF API: test ended suite=0 test=1056 pass=false
Sep 24 17:06:30.499 INF API: test started suite=0 test=1057 name="interop/funding-typed-short/trace/trace-stateDiff (erigon_release)"
Sep 24 17:06:30.501 INF API: test ended suite=0 test=1057 pass=false
Sep 24 17:06:30.502 INF API: test started suite=0 test=1058 name="interop/funding-typed-short/trace/trace-vmTrace (erigon_release)"
Sep 24 17:06:30.504 INF API: test ended suite=0 test=1058 pass=false
Sep 24 17:06:30.505 INF API: test started suite=0 test=1059 name="interop/funding-typed-short/trace/trace (erigon_release)"
Sep 24 17:06:30.507 INF API: test ended suite=0 test=1059 pass=false
Sep 24 17:06:30.507 INF API: test started suite=0 test=1060 name="interop/funding-typed-short/trace/vmTrace (erigon_release)"
Sep 24 17:06:30.509 INF API: test ended suite=0 test=1060 pass=false
Sep 24 17:06:30.510 INF API: test started suite=0 test=1061 name="interop/legacy-above-base/eth (erigon_release)"
Sep 24 17:06:30.511 INF API: test ended suite=0 test=1061 pass=false
Sep 24 17:06:30.512 INF API: test started suite=0 test=1062 name="interop/legacy-above-base/trace/none (erigon_release)"
Sep 24 17:06:30.513 INF API: test ended suite=0 test=1062 pass=false
Sep 24 17:06:30.514 INF API: test started suite=0 test=1063 name="interop/legacy-above-base/trace/stateDiff-vmTrace (erigon_release)"
Sep 24 17:06:30.516 INF API: test ended suite=0 test=1063 pass=false
Sep 24 17:06:30.517 INF API: test started suite=0 test=1064 name="interop/legacy-above-base/trace/stateDiff (erigon_release)"
Sep 24 17:06:30.519 INF API: test ended suite=0 test=1064 pass=false
Sep 24 17:06:30.519 INF API: test started suite=0 test=1065 name="interop/legacy-above-base/trace/trace-stateDiff-vmTrace (erigon_release)"
Sep 24 17:06:30.521 INF API: test ended suite=0 test=1065 pass=false
Sep 24 17:06:30.522 INF API: test started suite=0 test=1066 name="interop/legacy-above-base/trace/trace-stateDiff (erigon_release)"
Sep 24 17:06:30.524 INF API: test ended suite=0 test=1066 pass=false
Sep 24 17:06:30.525 INF API: test started suite=0 test=1067 name="interop/legacy-above-base/trace/trace-vmTrace (erigon_release)"
Sep 24 17:06:30.527 INF API: test ended suite=0 test=1067 pass=false
Sep 24 17:06:30.528 INF API: test started suite=0 test=1068 name="interop/legacy-above-base/trace/trace (erigon_release)"
Sep 24 17:06:30.529 INF API: test ended suite=0 test=1068 pass=false
Sep 24 17:06:30.529 INF API: test started suite=0 test=1069 name="interop/legacy-above-base/trace/vmTrace (erigon_release)"
Sep 24 17:06:30.532 INF API: test ended suite=0 test=1069 pass=false
Sep 24 17:06:30.532 INF API: test started suite=0 test=1070 name="interop/legacy-at-base/eth (erigon_release)"
Sep 24 17:06:30.533 INF API: test ended suite=0 test=1070 pass=false
Sep 24 17:06:30.534 INF API: test started suite=0 test=1071 name="interop/legacy-at-base/trace/none (erigon_release)"
Sep 24 17:06:30.535 INF API: test ended suite=0 test=1071 pass=false
Sep 24 17:06:30.536 INF API: test started suite=0 test=1072 name="interop/legacy-at-base/trace/stateDiff-vmTrace (erigon_release)"
Sep 24 17:06:30.540 INF API: test ended suite=0 test=1072 pass=false
Sep 24 17:06:30.541 INF API: test started suite=0 test=1073 name="interop/legacy-at-base/trace/stateDiff (erigon_release)"
Sep 24 17:06:30.542 INF API: test ended suite=0 test=1073 pass=false
Sep 24 17:06:30.543 INF API: test started suite=0 test=1074 name="interop/legacy-at-base/trace/trace-stateDiff-vmTrace (erigon_release)"
Sep 24 17:06:30.545 INF API: test ended suite=0 test=1074 pass=false
Sep 24 17:06:30.546 INF API: test started suite=0 test=1075 name="interop/legacy-at-base/trace/trace-stateDiff (erigon_release)"
Sep 24 17:06:30.548 INF API: test ended suite=0 test=1075 pass=false
Sep 24 17:06:30.549 INF API: test started suite=0 test=1076 name="interop/legacy-at-base/trace/trace-vmTrace (erigon_release)"
Sep 24 17:06:30.552 INF API: test ended suite=0 test=1076 pass=false
Sep 24 17:06:30.552 INF API: test started suite=0 test=1077 name="interop/legacy-at-base/trace/trace (erigon_release)"
Sep 24 17:06:30.554 INF API: test ended suite=0 test=1077 pass=false
Sep 24 17:06:30.555 INF API: test started suite=0 test=1078 name="interop/legacy-at-base/trace/vmTrace (erigon_release)"
Sep 24 17:06:30.558 INF API: test ended suite=0 test=1078 pass=false
Sep 24 17:06:30.558 INF API: test started suite=0 test=1079 name="interop/legacy-below-base/eth (erigon_release)"
Sep 24 17:06:30.560 INF API: test ended suite=0 test=1079 pass=false
Sep 24 17:06:30.560 INF API: test started suite=0 test=1080 name="interop/legacy-below-base/trace/none (erigon_release)"
Sep 24 17:06:30.562 INF API: test ended suite=0 test=1080 pass=false
Sep 24 17:06:30.562 INF API: test started suite=0 test=1081 name="interop/legacy-below-base/trace/stateDiff-vmTrace (erigon_release)"
Sep 24 17:06:30.563 INF API: test ended suite=0 test=1081 pass=false
Sep 24 17:06:30.564 INF API: test started suite=0 test=1082 name="interop/legacy-below-base/trace/stateDiff (erigon_release)"
Sep 24 17:06:30.565 INF API: test ended suite=0 test=1082 pass=false
Sep 24 17:06:30.566 INF API: test started suite=0 test=1083 name="interop/legacy-below-base/trace/trace-stateDiff-vmTrace (erigon_release)"
Sep 24 17:06:30.567 INF API: test ended suite=0 test=1083 pass=false
Sep 24 17:06:30.567 INF API: test started suite=0 test=1084 name="interop/legacy-below-base/trace/trace-stateDiff (erigon_release)"
Sep 24 17:06:30.568 INF API: test ended suite=0 test=1084 pass=false
Sep 24 17:06:30.569 INF API: test started suite=0 test=1085 name="interop/legacy-below-base/trace/trace-vmTrace (erigon_release)"
Sep 24 17:06:30.570 INF API: test ended suite=0 test=1085 pass=false
Sep 24 17:06:30.570 INF API: test started suite=0 test=1086 name="interop/legacy-below-base/trace/trace (erigon_release)"
Sep 24 17:06:30.572 INF API: test ended suite=0 test=1086 pass=false
Sep 24 17:06:30.573 INF API: test started suite=0 test=1087 name="interop/legacy-below-base/trace/vmTrace (erigon_release)"
Sep 24 17:06:30.574 INF API: test ended suite=0 test=1087 pass=false
Sep 24 17:06:30.575 INF API: test started suite=0 test=1088 name="interop/legacy-one/eth (erigon_release)"
Sep 24 17:06:30.576 INF API: test ended suite=0 test=1088 pass=false
Sep 24 17:06:30.577 INF API: test started suite=0 test=1089 name="interop/legacy-one/trace/none (erigon_release)"
Sep 24 17:06:30.578 INF API: test ended suite=0 test=1089 pass=false
Sep 24 17:06:30.579 INF API: test started suite=0 test=1090 name="interop/legacy-one/trace/stateDiff-vmTrace (erigon_release)"
Sep 24 17:06:30.580 INF API: test ended suite=0 test=1090 pass=false
Sep 24 17:06:30.581 INF API: test started suite=0 test=1091 name="interop/legacy-one/trace/stateDiff (erigon_release)"
Sep 24 17:06:30.582 INF API: test ended suite=0 test=1091 pass=false
Sep 24 17:06:30.583 INF API: test started suite=0 test=1092 name="interop/legacy-one/trace/trace-stateDiff-vmTrace (erigon_release)"
Sep 24 17:06:30.584 INF API: test ended suite=0 test=1092 pass=false
Sep 24 17:06:30.585 INF API: test started suite=0 test=1093 name="interop/legacy-one/trace/trace-stateDiff (erigon_release)"
Sep 24 17:06:30.586 INF API: test ended suite=0 test=1093 pass=false
Sep 24 17:06:30.586 INF API: test started suite=0 test=1094 name="interop/legacy-one/trace/trace-vmTrace (erigon_release)"
Sep 24 17:06:30.588 INF API: test ended suite=0 test=1094 pass=false
Sep 24 17:06:30.588 INF API: test started suite=0 test=1095 name="interop/legacy-one/trace/trace (erigon_release)"
Sep 24 17:06:30.589 INF API: test ended suite=0 test=1095 pass=false
Sep 24 17:06:30.590 INF API: test started suite=0 test=1096 name="interop/legacy-one/trace/vmTrace (erigon_release)"
Sep 24 17:06:30.591 INF API: test ended suite=0 test=1096 pass=false
Sep 24 17:06:30.592 INF API: test started suite=0 test=1097 name="interop/legacy-zero/eth (erigon_release)"
Sep 24 17:06:30.593 INF API: test ended suite=0 test=1097 pass=false
Sep 24 17:06:30.594 INF API: test started suite=0 test=1098 name="interop/legacy-zero/trace/none (erigon_release)"
Sep 24 17:06:30.595 INF API: test ended suite=0 test=1098 pass=false
Sep 24 17:06:30.596 INF API: test started suite=0 test=1099 name="interop/legacy-zero/trace/stateDiff-vmTrace (erigon_release)"
Sep 24 17:06:30.597 INF API: test ended suite=0 test=1099 pass=false
Sep 24 17:06:30.598 INF API: test started suite=0 test=1100 name="interop/legacy-zero/trace/stateDiff (erigon_release)"
Sep 24 17:06:30.599 INF API: test ended suite=0 test=1100 pass=false
Sep 24 17:06:30.600 INF API: test started suite=0 test=1101 name="interop/legacy-zero/trace/trace-stateDiff-vmTrace (erigon_release)"
Sep 24 17:06:30.600 INF API: test ended suite=0 test=1101 pass=false
Sep 24 17:06:30.601 INF API: test started suite=0 test=1102 name="interop/legacy-zero/trace/trace-stateDiff (erigon_release)"
Sep 24 17:06:30.602 INF API: test ended suite=0 test=1102 pass=false
Sep 24 17:06:30.602 INF API: test started suite=0 test=1103 name="interop/legacy-zero/trace/trace-vmTrace (erigon_release)"
Sep 24 17:06:30.604 INF API: test ended suite=0 test=1103 pass=false
Sep 24 17:06:30.604 INF API: test started suite=0 test=1104 name="interop/legacy-zero/trace/trace (erigon_release)"
Sep 24 17:06:30.606 INF API: test ended suite=0 test=1104 pass=false
Sep 24 17:06:30.606 INF API: test started suite=0 test=1105 name="interop/legacy-zero/trace/vmTrace (erigon_release)"
Sep 24 17:06:30.607 INF API: test ended suite=0 test=1105 pass=false
Sep 24 17:06:30.608 INF API: test started suite=0 test=1106 name="interop/typed-at-base/eth (erigon_release)"
Sep 24 17:06:30.609 INF API: test ended suite=0 test=1106 pass=false
Sep 24 17:06:30.610 INF API: test started suite=0 test=1107 name="interop/typed-at-base/trace/none (erigon_release)"
Sep 24 17:06:30.611 INF API: test ended suite=0 test=1107 pass=false
Sep 24 17:06:30.612 INF API: test started suite=0 test=1108 name="interop/typed-at-base/trace/stateDiff-vmTrace (erigon_release)"
Sep 24 17:06:30.615 INF API: test ended suite=0 test=1108 pass=false
Sep 24 17:06:30.616 INF API: test started suite=0 test=1109 name="interop/typed-at-base/trace/stateDiff (erigon_release)"
Sep 24 17:06:30.617 INF API: test ended suite=0 test=1109 pass=false
Sep 24 17:06:30.618 INF API: test started suite=0 test=1110 name="interop/typed-at-base/trace/trace-stateDiff-vmTrace (erigon_release)"
Sep 24 17:06:30.814 INF API: test ended suite=0 test=1110 pass=false
Sep 24 17:06:30.815 INF API: test started suite=0 test=1111 name="interop/typed-at-base/trace/trace-stateDiff (erigon_release)"
Sep 24 17:06:30.817 INF API: test ended suite=0 test=1111 pass=false
Sep 24 17:06:30.818 INF API: test started suite=0 test=1112 name="interop/typed-at-base/trace/trace-vmTrace (erigon_release)"
Sep 24 17:06:30.821 INF API: test ended suite=0 test=1112 pass=false
Sep 24 17:06:30.822 INF API: test started suite=0 test=1113 name="interop/typed-at-base/trace/trace (erigon_release)"
Sep 24 17:06:30.824 INF API: test ended suite=0 test=1113 pass=false
Sep 24 17:06:30.824 INF API: test started suite=0 test=1114 name="interop/typed-at-base/trace/vmTrace (erigon_release)"
Sep 24 17:06:30.826 INF API: test ended suite=0 test=1114 pass=false
Sep 24 17:06:30.827 INF API: test started suite=0 test=1115 name="interop/typed-below-base/eth (erigon_release)"
Sep 24 17:06:30.828 INF API: test ended suite=0 test=1115 pass=false
Sep 24 17:06:30.828 INF API: test started suite=0 test=1116 name="interop/typed-below-base/trace/none (erigon_release)"
Sep 24 17:06:30.830 INF API: test ended suite=0 test=1116 pass=false
Sep 24 17:06:30.831 INF API: test started suite=0 test=1117 name="interop/typed-below-base/trace/stateDiff-vmTrace (erigon_release)"
Sep 24 17:06:30.832 INF API: test ended suite=0 test=1117 pass=false
Sep 24 17:06:30.832 INF API: test started suite=0 test=1118 name="interop/typed-below-base/trace/stateDiff (erigon_release)"
Sep 24 17:06:30.833 INF API: test ended suite=0 test=1118 pass=false
Sep 24 17:06:30.834 INF API: test started suite=0 test=1119 name="interop/typed-below-base/trace/trace-stateDiff-vmTrace (erigon_release)"
Sep 24 17:06:30.835 INF API: test ended suite=0 test=1119 pass=false
Sep 24 17:06:30.836 INF API: test started suite=0 test=1120 name="interop/typed-below-base/trace/trace-stateDiff (erigon_release)"
Sep 24 17:06:30.836 INF API: test ended suite=0 test=1120 pass=false
Sep 24 17:06:30.837 INF API: test started suite=0 test=1121 name="interop/typed-below-base/trace/trace-vmTrace (erigon_release)"
Sep 24 17:06:30.838 INF API: test ended suite=0 test=1121 pass=false
Sep 24 17:06:30.839 INF API: test started suite=0 test=1122 name="interop/typed-below-base/trace/trace (erigon_release)"
Sep 24 17:06:30.840 INF API: test ended suite=0 test=1122 pass=false
Sep 24 17:06:30.841 INF API: test started suite=0 test=1123 name="interop/typed-below-base/trace/vmTrace (erigon_release)"
Sep 24 17:06:30.842 INF API: test ended suite=0 test=1123 pass=false
Sep 24 17:06:30.842 INF API: test started suite=0 test=1124 name="interop/typed-below-base-positive-tip/eth (erigon_release)"
Sep 24 17:06:30.843 INF API: test ended suite=0 test=1124 pass=false
Sep 24 17:06:30.844 INF API: test started suite=0 test=1125 name="interop/typed-below-base-positive-tip/trace/none (erigon_release)"
Sep 24 17:06:30.845 INF API: test ended suite=0 test=1125 pass=false
Sep 24 17:06:30.846 INF API: test started suite=0 test=1126 name="interop/typed-below-base-positive-tip/trace/stateDiff-vmTrace (erigon_release)"
Sep 24 17:06:30.847 INF API: test ended suite=0 test=1126 pass=false
Sep 24 17:06:30.848 INF API: test started suite=0 test=1127 name="interop/typed-below-base-positive-tip/trace/stateDiff (erigon_release)"
Sep 24 17:06:30.849 INF API: test ended suite=0 test=1127 pass=false
Sep 24 17:06:30.850 INF API: test started suite=0 test=1128 name="interop/typed-below-base-positive-tip/trace/trace-stateDiff-vmTrace (erigon_release)"
Sep 24 17:06:30.851 INF API: test ended suite=0 test=1128 pass=false
Sep 24 17:06:30.851 INF API: test started suite=0 test=1129 name="interop/typed-below-base-positive-tip/trace/trace-stateDiff (erigon_release)"
Sep 24 17:06:30.852 INF API: test ended suite=0 test=1129 pass=false
Sep 24 17:06:30.853 INF API: test started suite=0 test=1130 name="interop/typed-below-base-positive-tip/trace/trace-vmTrace (erigon_release)"
Sep 24 17:06:30.854 INF API: test ended suite=0 test=1130 pass=false
Sep 24 17:06:30.854 INF API: test started suite=0 test=1131 name="interop/typed-below-base-positive-tip/trace/trace (erigon_release)"
Sep 24 17:06:30.856 INF API: test ended suite=0 test=1131 pass=false
Sep 24 17:06:30.856 INF API: test started suite=0 test=1132 name="interop/typed-below-base-positive-tip/trace/vmTrace (erigon_release)"
Sep 24 17:06:30.858 INF API: test ended suite=0 test=1132 pass=false
Sep 24 17:06:30.858 INF API: test started suite=0 test=1133 name="interop/typed-cap-limited/eth (erigon_release)"
Sep 24 17:06:30.859 INF API: test ended suite=0 test=1133 pass=false
Sep 24 17:06:30.860 INF API: test started suite=0 test=1134 name="interop/typed-cap-limited/trace/none (erigon_release)"
Sep 24 17:06:30.862 INF API: test ended suite=0 test=1134 pass=false
Sep 24 17:06:30.862 INF API: test started suite=0 test=1135 name="interop/typed-cap-limited/trace/stateDiff-vmTrace (erigon_release)"
Sep 24 17:06:30.865 INF API: test ended suite=0 test=1135 pass=false
Sep 24 17:06:30.865 INF API: test started suite=0 test=1136 name="interop/typed-cap-limited/trace/stateDiff (erigon_release)"
Sep 24 17:06:30.867 INF API: test ended suite=0 test=1136 pass=false
Sep 24 17:06:30.867 INF API: test started suite=0 test=1137 name="interop/typed-cap-limited/trace/trace-stateDiff-vmTrace (erigon_release)"
Sep 24 17:06:30.870 INF API: test ended suite=0 test=1137 pass=false
Sep 24 17:06:30.870 INF API: test started suite=0 test=1138 name="interop/typed-cap-limited/trace/trace-stateDiff (erigon_release)"
Sep 24 17:06:30.872 INF API: test ended suite=0 test=1138 pass=false
Sep 24 17:06:30.872 INF API: test started suite=0 test=1139 name="interop/typed-cap-limited/trace/trace-vmTrace (erigon_release)"
Sep 24 17:06:30.874 INF API: test ended suite=0 test=1139 pass=false
Sep 24 17:06:30.875 INF API: test started suite=0 test=1140 name="interop/typed-cap-limited/trace/trace (erigon_release)"
Sep 24 17:06:30.876 INF API: test ended suite=0 test=1140 pass=false
Sep 24 17:06:30.876 INF API: test started suite=0 test=1141 name="interop/typed-cap-limited/trace/vmTrace (erigon_release)"
Sep 24 17:06:30.878 INF API: test ended suite=0 test=1141 pass=false
Sep 24 17:06:30.878 INF API: test started suite=0 test=1142 name="interop/typed-one/eth (erigon_release)"
Sep 24 17:06:30.879 INF API: test ended suite=0 test=1142 pass=false
Sep 24 17:06:30.880 INF API: test started suite=0 test=1143 name="interop/typed-one/trace/none (erigon_release)"
Sep 24 17:06:30.881 INF API: test ended suite=0 test=1143 pass=false
Sep 24 17:06:30.882 INF API: test started suite=0 test=1144 name="interop/typed-one/trace/stateDiff-vmTrace (erigon_release)"
Sep 24 17:06:30.883 INF API: test ended suite=0 test=1144 pass=false
Sep 24 17:06:30.883 INF API: test started suite=0 test=1145 name="interop/typed-one/trace/stateDiff (erigon_release)"
Sep 24 17:06:30.885 INF API: test ended suite=0 test=1145 pass=false
Sep 24 17:06:30.886 INF API: test started suite=0 test=1146 name="interop/typed-one/trace/trace-stateDiff-vmTrace (erigon_release)"
Sep 24 17:06:30.887 INF API: test ended suite=0 test=1146 pass=false
Sep 24 17:06:30.888 INF API: test started suite=0 test=1147 name="interop/typed-one/trace/trace-stateDiff (erigon_release)"
Sep 24 17:06:30.889 INF API: test ended suite=0 test=1147 pass=false
Sep 24 17:06:30.890 INF API: test started suite=0 test=1148 name="interop/typed-one/trace/trace-vmTrace (erigon_release)"
Sep 24 17:06:30.891 INF API: test ended suite=0 test=1148 pass=false
Sep 24 17:06:30.892 INF API: test started suite=0 test=1149 name="interop/typed-one/trace/trace (erigon_release)"
Sep 24 17:06:30.893 INF API: test ended suite=0 test=1149 pass=false
Sep 24 17:06:30.894 INF API: test started suite=0 test=1150 name="interop/typed-one/trace/vmTrace (erigon_release)"
Sep 24 17:06:30.895 INF API: test ended suite=0 test=1150 pass=false
Sep 24 17:06:30.896 INF API: test started suite=0 test=1151 name="interop/typed-tip-equals-cap/eth (erigon_release)"
Sep 24 17:06:30.897 INF API: test ended suite=0 test=1151 pass=false
Sep 24 17:06:30.898 INF API: test started suite=0 test=1152 name="interop/typed-tip-equals-cap/trace/none (erigon_release)"
Sep 24 17:06:30.899 INF API: test ended suite=0 test=1152 pass=false
Sep 24 17:06:30.900 INF API: test started suite=0 test=1153 name="interop/typed-tip-equals-cap/trace/stateDiff-vmTrace (erigon_release)"
Sep 24 17:06:30.902 INF API: test ended suite=0 test=1153 pass=false
Sep 24 17:06:30.903 INF API: test started suite=0 test=1154 name="interop/typed-tip-equals-cap/trace/stateDiff (erigon_release)"
Sep 24 17:06:30.904 INF API: test ended suite=0 test=1154 pass=false
Sep 24 17:06:30.905 INF API: test started suite=0 test=1155 name="interop/typed-tip-equals-cap/trace/trace-stateDiff-vmTrace (erigon_release)"
Sep 24 17:06:30.907 INF API: test ended suite=0 test=1155 pass=false
Sep 24 17:06:30.908 INF API: test started suite=0 test=1156 name="interop/typed-tip-equals-cap/trace/trace-stateDiff (erigon_release)"
Sep 24 17:06:30.909 INF API: test ended suite=0 test=1156 pass=false
Sep 24 17:06:30.910 INF API: test started suite=0 test=1157 name="interop/typed-tip-equals-cap/trace/trace-vmTrace (erigon_release)"
Sep 24 17:06:30.913 INF API: test ended suite=0 test=1157 pass=false
Sep 24 17:06:30.914 INF API: test started suite=0 test=1158 name="interop/typed-tip-equals-cap/trace/trace (erigon_release)"
Sep 24 17:06:30.915 INF API: test ended suite=0 test=1158 pass=false
Sep 24 17:06:30.916 INF API: test started suite=0 test=1159 name="interop/typed-tip-equals-cap/trace/vmTrace (erigon_release)"
Sep 24 17:06:30.918 INF API: test ended suite=0 test=1159 pass=false
Sep 24 17:06:30.919 INF API: test started suite=0 test=1160 name="interop/typed-tip-limited/eth (erigon_release)"
Sep 24 17:06:30.920 INF API: test ended suite=0 test=1160 pass=false
Sep 24 17:06:30.920 INF API: test started suite=0 test=1161 name="interop/typed-tip-limited/trace/none (erigon_release)"
Sep 24 17:06:30.922 INF API: test ended suite=0 test=1161 pass=false
Sep 24 17:06:30.922 INF API: test started suite=0 test=1162 name="interop/typed-tip-limited/trace/stateDiff-vmTrace (erigon_release)"
Sep 24 17:06:30.926 INF API: test ended suite=0 test=1162 pass=false
Sep 24 17:06:30.927 INF API: test started suite=0 test=1163 name="interop/typed-tip-limited/trace/stateDiff (erigon_release)"
Sep 24 17:06:30.928 INF API: test ended suite=0 test=1163 pass=false
Sep 24 17:06:30.929 INF API: test started suite=0 test=1164 name="interop/typed-tip-limited/trace/trace-stateDiff-vmTrace (erigon_release)"
Sep 24 17:06:30.931 INF API: test ended suite=0 test=1164 pass=false
Sep 24 17:06:30.932 INF API: test started suite=0 test=1165 name="interop/typed-tip-limited/trace/trace-stateDiff (erigon_release)"
Sep 24 17:06:30.934 INF API: test ended suite=0 test=1165 pass=false
Sep 24 17:06:30.934 INF API: test started suite=0 test=1166 name="interop/typed-tip-limited/trace/trace-vmTrace (erigon_release)"
Sep 24 17:06:30.937 INF API: test ended suite=0 test=1166 pass=false
Sep 24 17:06:30.937 INF API: test started suite=0 test=1167 name="interop/typed-tip-limited/trace/trace (erigon_release)"
Sep 24 17:06:30.939 INF API: test ended suite=0 test=1167 pass=false
Sep 24 17:06:30.939 INF API: test started suite=0 test=1168 name="interop/typed-tip-limited/trace/vmTrace (erigon_release)"
Sep 24 17:06:30.942 INF API: test ended suite=0 test=1168 pass=false
Sep 24 17:06:30.943 INF API: test started suite=0 test=1169 name="interop/typed-tip-over-cap/eth (erigon_release)"
Sep 24 17:06:30.944 INF API: test ended suite=0 test=1169 pass=false
Sep 24 17:06:30.945 INF API: test started suite=0 test=1170 name="interop/typed-tip-over-cap/trace/none (erigon_release)"
Sep 24 17:06:30.946 INF API: test ended suite=0 test=1170 pass=false
Sep 24 17:06:30.947 INF API: test started suite=0 test=1171 name="interop/typed-tip-over-cap/trace/stateDiff-vmTrace (erigon_release)"
Sep 24 17:06:30.948 INF API: test ended suite=0 test=1171 pass=false
Sep 24 17:06:30.949 INF API: test started suite=0 test=1172 name="interop/typed-tip-over-cap/trace/stateDiff (erigon_release)"
Sep 24 17:06:30.950 INF API: test ended suite=0 test=1172 pass=false
Sep 24 17:06:30.951 INF API: test started suite=0 test=1173 name="interop/typed-tip-over-cap/trace/trace-stateDiff-vmTrace (erigon_release)"
Sep 24 17:06:30.952 INF API: test ended suite=0 test=1173 pass=false
Sep 24 17:06:30.953 INF API: test started suite=0 test=1174 name="interop/typed-tip-over-cap/trace/trace-stateDiff (erigon_release)"
Sep 24 17:06:30.953 INF API: test ended suite=0 test=1174 pass=false
Sep 24 17:06:30.954 INF API: test started suite=0 test=1175 name="interop/typed-tip-over-cap/trace/trace-vmTrace (erigon_release)"
Sep 24 17:06:30.955 INF API: test ended suite=0 test=1175 pass=false
Sep 24 17:06:30.956 INF API: test started suite=0 test=1176 name="interop/typed-tip-over-cap/trace/trace (erigon_release)"
Sep 24 17:06:30.957 INF API: test ended suite=0 test=1176 pass=false
Sep 24 17:06:30.958 INF API: test started suite=0 test=1177 name="interop/typed-tip-over-cap/trace/vmTrace (erigon_release)"
Sep 24 17:06:30.959 INF API: test ended suite=0 test=1177 pass=false
Sep 24 17:06:30.959 INF API: test started suite=0 test=1178 name="interop/typed-zero/eth (erigon_release)"
Sep 24 17:06:30.960 INF API: test ended suite=0 test=1178 pass=false
Sep 24 17:06:30.961 INF API: test started suite=0 test=1179 name="interop/typed-zero/trace/none (erigon_release)"
Sep 24 17:06:30.962 INF API: test ended suite=0 test=1179 pass=false
Sep 24 17:06:30.963 INF API: test started suite=0 test=1180 name="interop/typed-zero/trace/stateDiff-vmTrace (erigon_release)"
Sep 24 17:06:30.966 INF API: test ended suite=0 test=1180 pass=false
Sep 24 17:06:30.966 INF API: test started suite=0 test=1181 name="interop/typed-zero/trace/stateDiff (erigon_release)"
Sep 24 17:06:30.968 INF API: test ended suite=0 test=1181 pass=false
Sep 24 17:06:30.969 INF API: test started suite=0 test=1182 name="interop/typed-zero/trace/trace-stateDiff-vmTrace (erigon_release)"
Sep 24 17:06:30.972 INF API: test ended suite=0 test=1182 pass=false
Sep 24 17:06:30.973 INF API: test started suite=0 test=1183 name="interop/typed-zero/trace/trace-stateDiff (erigon_release)"
Sep 24 17:06:30.974 INF API: test ended suite=0 test=1183 pass=false
Sep 24 17:06:30.975 INF API: test started suite=0 test=1184 name="interop/typed-zero/trace/trace-vmTrace (erigon_release)"
Sep 24 17:06:30.977 INF API: test ended suite=0 test=1184 pass=false
Sep 24 17:06:30.977 INF API: test started suite=0 test=1185 name="interop/typed-zero/trace/trace (erigon_release)"
Sep 24 17:06:30.979 INF API: test ended suite=0 test=1185 pass=false
Sep 24 17:06:30.980 INF API: test started suite=0 test=1186 name="interop/typed-zero/trace/vmTrace (erigon_release)"
Sep 24 17:06:30.982 INF API: test ended suite=0 test=1186 pass=false
Sep 24 17:06:30.983 INF API: test started suite=0 test=1187 name="interop/typed-zero-cap-positive-tip/eth (erigon_release)"
Sep 24 17:06:30.984 INF API: test ended suite=0 test=1187 pass=false
Sep 24 17:06:30.985 INF API: test started suite=0 test=1188 name="interop/typed-zero-cap-positive-tip/trace/none (erigon_release)"
Sep 24 17:06:30.986 INF API: test ended suite=0 test=1188 pass=false
Sep 24 17:06:30.987 INF API: test started suite=0 test=1189 name="interop/typed-zero-cap-positive-tip/trace/stateDiff-vmTrace (erigon_release)"
Sep 24 17:06:30.988 INF API: test ended suite=0 test=1189 pass=false
Sep 24 17:06:30.989 INF API: test started suite=0 test=1190 name="interop/typed-zero-cap-positive-tip/trace/stateDiff (erigon_release)"
Sep 24 17:06:30.991 INF API: test ended suite=0 test=1190 pass=false
Sep 24 17:06:30.991 INF API: test started suite=0 test=1191 name="interop/typed-zero-cap-positive-tip/trace/trace-stateDiff-vmTrace (erigon_release)"
Sep 24 17:06:30.993 INF API: test ended suite=0 test=1191 pass=false
Sep 24 17:06:30.993 INF API: test started suite=0 test=1192 name="interop/typed-zero-cap-positive-tip/trace/trace-stateDiff (erigon_release)"
Sep 24 17:06:30.994 INF API: test ended suite=0 test=1192 pass=false
Sep 24 17:06:30.995 INF API: test started suite=0 test=1193 name="interop/typed-zero-cap-positive-tip/trace/trace-vmTrace (erigon_release)"
Sep 24 17:06:30.996 INF API: test ended suite=0 test=1193 pass=false
Sep 24 17:06:30.997 INF API: test started suite=0 test=1194 name="interop/typed-zero-cap-positive-tip/trace/trace (erigon_release)"
Sep 24 17:06:30.998 INF API: test ended suite=0 test=1194 pass=false
Sep 24 17:06:30.999 INF API: test started suite=0 test=1195 name="interop/typed-zero-cap-positive-tip/trace/vmTrace (erigon_release)"
Sep 24 17:06:31.000 INF API: test ended suite=0 test=1195 pass=false
Sep 24 17:06:31.001 INF API: test started suite=0 test=1196 name="interop/typed-zero-tip/eth (erigon_release)"
Sep 24 17:06:31.002 INF API: test ended suite=0 test=1196 pass=false
Sep 24 17:06:31.002 INF API: test started suite=0 test=1197 name="interop/typed-zero-tip/trace/none (erigon_release)"
Sep 24 17:06:31.004 INF API: test ended suite=0 test=1197 pass=false
Sep 24 17:06:31.004 INF API: test started suite=0 test=1198 name="interop/typed-zero-tip/trace/stateDiff-vmTrace (erigon_release)"
Sep 24 17:06:31.007 INF API: test ended suite=0 test=1198 pass=false
Sep 24 17:06:31.007 INF API: test started suite=0 test=1199 name="interop/typed-zero-tip/trace/stateDiff (erigon_release)"
Sep 24 17:06:31.009 INF API: test ended suite=0 test=1199 pass=false
Sep 24 17:06:31.010 INF API: test started suite=0 test=1200 name="interop/typed-zero-tip/trace/trace-stateDiff-vmTrace (erigon_release)"
Sep 24 17:06:31.012 INF API: test ended suite=0 test=1200 pass=false
Sep 24 17:06:31.013 INF API: test started suite=0 test=1201 name="interop/typed-zero-tip/trace/trace-stateDiff (erigon_release)"
Sep 24 17:06:31.015 INF API: test ended suite=0 test=1201 pass=false
Sep 24 17:06:31.016 INF API: test started suite=0 test=1202 name="interop/typed-zero-tip/trace/trace-vmTrace (erigon_release)"
Sep 24 17:06:31.017 INF API: test ended suite=0 test=1202 pass=false
Sep 24 17:06:31.018 INF API: test started suite=0 test=1203 name="interop/typed-zero-tip/trace/trace (erigon_release)"
Sep 24 17:06:31.019 INF API: test ended suite=0 test=1203 pass=false
Sep 24 17:06:31.020 INF API: test started suite=0 test=1204 name="interop/typed-zero-tip/trace/vmTrace (erigon_release)"
Sep 24 17:06:31.022 INF API: test ended suite=0 test=1204 pass=false
Sep 24 17:06:31.696 INF API: test ended suite=0 test=904 pass=true
Sep 24 17:06:31.698 INF API: test started suite=0 test=1205 name="client launch (go-ethereum_trace)"
Sep 24 17:06:33.484 INF API: client go-ethereum_trace started suite=0 test=1205 container=7a8c8cdd
Sep 24 17:06:33.516 INF API: test started suite=0 test=1206 name="interop/_control/empty-balance (go-ethereum_trace)"
Sep 24 17:06:33.531 INF API: test ended suite=0 test=1206 pass=false
Sep 24 17:06:33.533 INF API: test started suite=0 test=1207 name="interop/_control/empty-code (go-ethereum_trace)"
Sep 24 17:06:33.535 INF API: test ended suite=0 test=1207 pass=false
Sep 24 17:06:33.536 INF API: test started suite=0 test=1208 name="interop/_control/empty-nonce (go-ethereum_trace)"
Sep 24 17:06:33.537 INF API: test ended suite=0 test=1208 pass=false
Sep 24 17:06:33.538 INF API: test started suite=0 test=1209 name="interop/_control/head (go-ethereum_trace)"
Sep 24 17:06:33.539 INF API: test ended suite=0 test=1209 pass=false
Sep 24 17:06:33.540 INF API: test started suite=0 test=1210 name="interop/_control/latest (go-ethereum_trace)"
Sep 24 17:06:33.542 INF API: test ended suite=0 test=1210 pass=false
Sep 24 17:06:33.543 INF API: test started suite=0 test=1211 name="interop/_control/miner-balance (go-ethereum_trace)"
Sep 24 17:06:33.545 INF API: test ended suite=0 test=1211 pass=false
Sep 24 17:06:33.545 INF API: test started suite=0 test=1212 name="interop/_control/miner-code (go-ethereum_trace)"
Sep 24 17:06:33.547 INF API: test ended suite=0 test=1212 pass=false
Sep 24 17:06:33.548 INF API: test started suite=0 test=1213 name="interop/_control/miner-nonce (go-ethereum_trace)"
Sep 24 17:06:33.549 INF API: test ended suite=0 test=1213 pass=false
Sep 24 17:06:33.550 INF API: test started suite=0 test=1214 name="interop/_control/sender-balance (go-ethereum_trace)"
Sep 24 17:06:33.551 INF API: test ended suite=0 test=1214 pass=false
Sep 24 17:06:33.552 INF API: test started suite=0 test=1215 name="interop/_control/sender-code (go-ethereum_trace)"
Sep 24 17:06:33.554 INF API: test ended suite=0 test=1215 pass=false
Sep 24 17:06:33.555 INF API: test started suite=0 test=1216 name="interop/_control/sender-nonce (go-ethereum_trace)"
Sep 24 17:06:33.556 INF API: test ended suite=0 test=1216 pass=false
Sep 24 17:06:33.557 INF API: test started suite=0 test=1217 name="interop/_control/version (go-ethereum_trace)"
Sep 24 17:06:33.558 INF API: test ended suite=0 test=1217 pass=false
Sep 24 17:06:33.559 INF API: test started suite=0 test=1218 name="interop/defaults-cap-only-positive/eth (go-ethereum_trace)"
Sep 24 17:06:33.560 INF API: test ended suite=0 test=1218 pass=false
Sep 24 17:06:33.561 INF API: test started suite=0 test=1219 name="interop/defaults-cap-only-positive/trace/none (go-ethereum_trace)"
Sep 24 17:06:33.562 INF API: test ended suite=0 test=1219 pass=false
Sep 24 17:06:33.563 INF API: test started suite=0 test=1220 name="interop/defaults-cap-only-positive/trace/stateDiff-vmTrace (go-ethereum_trace)"
Sep 24 17:06:33.566 INF API: test ended suite=0 test=1220 pass=false
Sep 24 17:06:33.567 INF API: test started suite=0 test=1221 name="interop/defaults-cap-only-positive/trace/stateDiff (go-ethereum_trace)"
Sep 24 17:06:33.568 INF API: test ended suite=0 test=1221 pass=false
Sep 24 17:06:33.569 INF API: test started suite=0 test=1222 name="interop/defaults-cap-only-positive/trace/trace-stateDiff-vmTrace (go-ethereum_trace)"
Sep 24 17:06:33.571 INF API: test ended suite=0 test=1222 pass=false
Sep 24 17:06:33.572 INF API: test started suite=0 test=1223 name="interop/defaults-cap-only-positive/trace/trace-stateDiff (go-ethereum_trace)"
Sep 24 17:06:33.574 INF API: test ended suite=0 test=1223 pass=false
Sep 24 17:06:33.574 INF API: test started suite=0 test=1224 name="interop/defaults-cap-only-positive/trace/trace-vmTrace (go-ethereum_trace)"
Sep 24 17:06:33.579 INF API: test ended suite=0 test=1224 pass=false
Sep 24 17:06:33.579 INF API: test started suite=0 test=1225 name="interop/defaults-cap-only-positive/trace/trace (go-ethereum_trace)"
Sep 24 17:06:33.581 INF API: test ended suite=0 test=1225 pass=false
Sep 24 17:06:33.582 INF API: test started suite=0 test=1226 name="interop/defaults-cap-only-positive/trace/vmTrace (go-ethereum_trace)"
Sep 24 17:06:33.585 INF API: test ended suite=0 test=1226 pass=false
Sep 24 17:06:33.586 INF API: test started suite=0 test=1227 name="interop/defaults-cap-only-zero/eth (go-ethereum_trace)"
Sep 24 17:06:33.587 INF API: test ended suite=0 test=1227 pass=false
Sep 24 17:06:33.588 INF API: test started suite=0 test=1228 name="interop/defaults-cap-only-zero/trace/none (go-ethereum_trace)"
Sep 24 17:06:33.589 INF API: test ended suite=0 test=1228 pass=false
Sep 24 17:06:33.590 INF API: test started suite=0 test=1229 name="interop/defaults-cap-only-zero/trace/stateDiff-vmTrace (go-ethereum_trace)"
Sep 24 17:06:33.592 INF API: test ended suite=0 test=1229 pass=false
Sep 24 17:06:33.593 INF API: test started suite=0 test=1230 name="interop/defaults-cap-only-zero/trace/stateDiff (go-ethereum_trace)"
Sep 24 17:06:33.595 INF API: test ended suite=0 test=1230 pass=false
Sep 24 17:06:33.596 INF API: test started suite=0 test=1231 name="interop/defaults-cap-only-zero/trace/trace-stateDiff-vmTrace (go-ethereum_trace)"
Sep 24 17:06:33.598 INF API: test ended suite=0 test=1231 pass=false
Sep 24 17:06:33.598 INF API: test started suite=0 test=1232 name="interop/defaults-cap-only-zero/trace/trace-stateDiff (go-ethereum_trace)"
Sep 24 17:06:33.600 INF API: test ended suite=0 test=1232 pass=false
Sep 24 17:06:33.600 INF API: test started suite=0 test=1233 name="interop/defaults-cap-only-zero/trace/trace-vmTrace (go-ethereum_trace)"
Sep 24 17:06:33.603 INF API: test ended suite=0 test=1233 pass=false
Sep 24 17:06:33.604 INF API: test started suite=0 test=1234 name="interop/defaults-cap-only-zero/trace/trace (go-ethereum_trace)"
Sep 24 17:06:33.605 INF API: test ended suite=0 test=1234 pass=false
Sep 24 17:06:33.606 INF API: test started suite=0 test=1235 name="interop/defaults-cap-only-zero/trace/vmTrace (go-ethereum_trace)"
Sep 24 17:06:33.608 INF API: test ended suite=0 test=1235 pass=false
Sep 24 17:06:33.609 INF API: test started suite=0 test=1236 name="interop/defaults-omitted/eth (go-ethereum_trace)"
Sep 24 17:06:33.610 INF API: test ended suite=0 test=1236 pass=false
Sep 24 17:06:33.611 INF API: test started suite=0 test=1237 name="interop/defaults-omitted/trace/none (go-ethereum_trace)"
Sep 24 17:06:33.612 INF API: test ended suite=0 test=1237 pass=false
Sep 24 17:06:33.613 INF API: test started suite=0 test=1238 name="interop/defaults-omitted/trace/stateDiff-vmTrace (go-ethereum_trace)"
Sep 24 17:06:33.616 INF API: test ended suite=0 test=1238 pass=false
Sep 24 17:06:33.617 INF API: test started suite=0 test=1239 name="interop/defaults-omitted/trace/stateDiff (go-ethereum_trace)"
Sep 24 17:06:33.620 INF API: test ended suite=0 test=1239 pass=false
Sep 24 17:06:33.620 INF API: test started suite=0 test=1240 name="interop/defaults-omitted/trace/trace-stateDiff-vmTrace (go-ethereum_trace)"
Sep 24 17:06:33.623 INF API: test ended suite=0 test=1240 pass=false
Sep 24 17:06:33.624 INF API: test started suite=0 test=1241 name="interop/defaults-omitted/trace/trace-stateDiff (go-ethereum_trace)"
Sep 24 17:06:33.626 INF API: test ended suite=0 test=1241 pass=false
Sep 24 17:06:33.626 INF API: test started suite=0 test=1242 name="interop/defaults-omitted/trace/trace-vmTrace (go-ethereum_trace)"
Sep 24 17:06:33.628 INF API: test ended suite=0 test=1242 pass=false
Sep 24 17:06:33.629 INF API: test started suite=0 test=1243 name="interop/defaults-omitted/trace/trace (go-ethereum_trace)"
Sep 24 17:06:33.630 INF API: test ended suite=0 test=1243 pass=false
Sep 24 17:06:33.631 INF API: test started suite=0 test=1244 name="interop/defaults-omitted/trace/vmTrace (go-ethereum_trace)"
Sep 24 17:06:33.633 INF API: test ended suite=0 test=1244 pass=false
Sep 24 17:06:33.634 INF API: test started suite=0 test=1245 name="interop/defaults-tip-only-positive/eth (go-ethereum_trace)"
Sep 24 17:06:33.644 INF API: test ended suite=0 test=1245 pass=false
Sep 24 17:06:33.645 INF API: test started suite=0 test=1246 name="interop/defaults-tip-only-positive/trace/none (go-ethereum_trace)"
Sep 24 17:06:33.655 INF API: test ended suite=0 test=1246 pass=false
Sep 24 17:06:33.655 INF API: test started suite=0 test=1247 name="interop/defaults-tip-only-positive/trace/stateDiff-vmTrace (go-ethereum_trace)"
Sep 24 17:06:33.665 INF API: test ended suite=0 test=1247 pass=false
Sep 24 17:06:33.666 INF API: test started suite=0 test=1248 name="interop/defaults-tip-only-positive/trace/stateDiff (go-ethereum_trace)"
Sep 24 17:06:33.676 INF API: test ended suite=0 test=1248 pass=false
Sep 24 17:06:33.677 INF API: test started suite=0 test=1249 name="interop/defaults-tip-only-positive/trace/trace-stateDiff-vmTrace (go-ethereum_trace)"
Sep 24 17:06:33.689 INF API: test ended suite=0 test=1249 pass=false
Sep 24 17:06:33.690 INF API: test started suite=0 test=1250 name="interop/defaults-tip-only-positive/trace/trace-stateDiff (go-ethereum_trace)"
Sep 24 17:06:33.700 INF API: test ended suite=0 test=1250 pass=false
Sep 24 17:06:33.701 INF API: test started suite=0 test=1251 name="interop/defaults-tip-only-positive/trace/trace-vmTrace (go-ethereum_trace)"
Sep 24 17:06:33.711 INF API: test ended suite=0 test=1251 pass=false
Sep 24 17:06:33.712 INF API: test started suite=0 test=1252 name="interop/defaults-tip-only-positive/trace/trace (go-ethereum_trace)"
Sep 24 17:06:33.721 INF API: test ended suite=0 test=1252 pass=false
Sep 24 17:06:33.722 INF API: test started suite=0 test=1253 name="interop/defaults-tip-only-positive/trace/vmTrace (go-ethereum_trace)"
Sep 24 17:06:33.727 INF API: test ended suite=0 test=1253 pass=false
Sep 24 17:06:33.728 INF API: test started suite=0 test=1254 name="interop/defaults-tip-only-zero/eth (go-ethereum_trace)"
Sep 24 17:06:33.729 INF API: test ended suite=0 test=1254 pass=false
Sep 24 17:06:33.729 INF API: test started suite=0 test=1255 name="interop/defaults-tip-only-zero/trace/none (go-ethereum_trace)"
Sep 24 17:06:33.731 INF API: test ended suite=0 test=1255 pass=false
Sep 24 17:06:33.731 INF API: test started suite=0 test=1256 name="interop/defaults-tip-only-zero/trace/stateDiff-vmTrace (go-ethereum_trace)"
Sep 24 17:06:33.733 INF API: test ended suite=0 test=1256 pass=false
Sep 24 17:06:33.734 INF API: test started suite=0 test=1257 name="interop/defaults-tip-only-zero/trace/stateDiff (go-ethereum_trace)"
Sep 24 17:06:33.735 INF API: test ended suite=0 test=1257 pass=false
Sep 24 17:06:33.736 INF API: test started suite=0 test=1258 name="interop/defaults-tip-only-zero/trace/trace-stateDiff-vmTrace (go-ethereum_trace)"
Sep 24 17:06:33.738 INF API: test ended suite=0 test=1258 pass=false
Sep 24 17:06:33.739 INF API: test started suite=0 test=1259 name="interop/defaults-tip-only-zero/trace/trace-stateDiff (go-ethereum_trace)"
Sep 24 17:06:33.741 INF API: test ended suite=0 test=1259 pass=false
Sep 24 17:06:33.742 INF API: test started suite=0 test=1260 name="interop/defaults-tip-only-zero/trace/trace-vmTrace (go-ethereum_trace)"
Sep 24 17:06:33.744 INF API: test ended suite=0 test=1260 pass=false
Sep 24 17:06:33.745 INF API: test started suite=0 test=1261 name="interop/defaults-tip-only-zero/trace/trace (go-ethereum_trace)"
Sep 24 17:06:33.747 INF API: test ended suite=0 test=1261 pass=false
Sep 24 17:06:33.748 INF API: test started suite=0 test=1262 name="interop/defaults-tip-only-zero/trace/vmTrace (go-ethereum_trace)"
Sep 24 17:06:33.751 INF API: test ended suite=0 test=1262 pass=false
Sep 24 17:06:33.751 INF API: test started suite=0 test=1263 name="interop/empty-sender-free/eth (go-ethereum_trace)"
Sep 24 17:06:33.753 INF API: test ended suite=0 test=1263 pass=false
Sep 24 17:06:33.754 INF API: test started suite=0 test=1264 name="interop/empty-sender-free/trace/none (go-ethereum_trace)"
Sep 24 17:06:33.755 INF API: test ended suite=0 test=1264 pass=false
Sep 24 17:06:33.756 INF API: test started suite=0 test=1265 name="interop/empty-sender-free/trace/stateDiff-vmTrace (go-ethereum_trace)"
Sep 24 17:06:33.758 INF API: test ended suite=0 test=1265 pass=false
Sep 24 17:06:33.759 INF API: test started suite=0 test=1266 name="interop/empty-sender-free/trace/stateDiff (go-ethereum_trace)"
Sep 24 17:06:33.761 INF API: test ended suite=0 test=1266 pass=false
Sep 24 17:06:33.761 INF API: test started suite=0 test=1267 name="interop/empty-sender-free/trace/trace-stateDiff-vmTrace (go-ethereum_trace)"
Sep 24 17:06:33.764 INF API: test ended suite=0 test=1267 pass=false
Sep 24 17:06:33.765 INF API: test started suite=0 test=1268 name="interop/empty-sender-free/trace/trace-stateDiff (go-ethereum_trace)"
Sep 24 17:06:33.766 INF API: test ended suite=0 test=1268 pass=false
Sep 24 17:06:33.767 INF API: test started suite=0 test=1269 name="interop/empty-sender-free/trace/trace-vmTrace (go-ethereum_trace)"
Sep 24 17:06:33.769 INF API: test ended suite=0 test=1269 pass=false
Sep 24 17:06:33.770 INF API: test started suite=0 test=1270 name="interop/empty-sender-free/trace/trace (go-ethereum_trace)"
Sep 24 17:06:33.771 INF API: test ended suite=0 test=1270 pass=false
Sep 24 17:06:33.771 INF API: test started suite=0 test=1271 name="interop/empty-sender-free/trace/vmTrace (go-ethereum_trace)"
Sep 24 17:06:33.774 INF API: test ended suite=0 test=1271 pass=false
Sep 24 17:06:33.775 INF API: test started suite=0 test=1272 name="interop/empty-sender-priced/eth (go-ethereum_trace)"
Sep 24 17:06:33.782 INF API: test ended suite=0 test=1272 pass=false
Sep 24 17:06:33.783 INF API: test started suite=0 test=1273 name="interop/empty-sender-priced/trace/none (go-ethereum_trace)"
Sep 24 17:06:33.793 INF API: test ended suite=0 test=1273 pass=false
Sep 24 17:06:33.794 INF API: test started suite=0 test=1274 name="interop/empty-sender-priced/trace/stateDiff-vmTrace (go-ethereum_trace)"
Sep 24 17:06:33.803 INF API: test ended suite=0 test=1274 pass=false
Sep 24 17:06:33.804 INF API: test started suite=0 test=1275 name="interop/empty-sender-priced/trace/stateDiff (go-ethereum_trace)"
Sep 24 17:06:33.814 INF API: test ended suite=0 test=1275 pass=false
Sep 24 17:06:33.815 INF API: test started suite=0 test=1276 name="interop/empty-sender-priced/trace/trace-stateDiff-vmTrace (go-ethereum_trace)"
Sep 24 17:06:33.824 INF API: test ended suite=0 test=1276 pass=false
Sep 24 17:06:33.825 INF API: test started suite=0 test=1277 name="interop/empty-sender-priced/trace/trace-stateDiff (go-ethereum_trace)"
Sep 24 17:06:33.835 INF API: test ended suite=0 test=1277 pass=false
Sep 24 17:06:33.836 INF API: test started suite=0 test=1278 name="interop/empty-sender-priced/trace/trace-vmTrace (go-ethereum_trace)"
Sep 24 17:06:33.846 INF API: test ended suite=0 test=1278 pass=false
Sep 24 17:06:33.847 INF API: test started suite=0 test=1279 name="interop/empty-sender-priced/trace/trace (go-ethereum_trace)"
Sep 24 17:06:33.859 INF API: test ended suite=0 test=1279 pass=false
Sep 24 17:06:33.860 INF API: test started suite=0 test=1280 name="interop/empty-sender-priced/trace/vmTrace (go-ethereum_trace)"
Sep 24 17:06:33.870 INF API: test ended suite=0 test=1280 pass=false
Sep 24 17:06:33.870 INF API: test started suite=0 test=1281 name="interop/funding-free-exact/eth (go-ethereum_trace)"
Sep 24 17:06:33.872 INF API: test ended suite=0 test=1281 pass=false
Sep 24 17:06:33.872 INF API: test started suite=0 test=1282 name="interop/funding-free-exact/trace/none (go-ethereum_trace)"
Sep 24 17:06:33.874 INF API: test ended suite=0 test=1282 pass=false
Sep 24 17:06:33.874 INF API: test started suite=0 test=1283 name="interop/funding-free-exact/trace/stateDiff-vmTrace (go-ethereum_trace)"
Sep 24 17:06:33.877 INF API: test ended suite=0 test=1283 pass=false
Sep 24 17:06:33.878 INF API: test started suite=0 test=1284 name="interop/funding-free-exact/trace/stateDiff (go-ethereum_trace)"
Sep 24 17:06:33.880 INF API: test ended suite=0 test=1284 pass=false
Sep 24 17:06:33.881 INF API: test started suite=0 test=1285 name="interop/funding-free-exact/trace/trace-stateDiff-vmTrace (go-ethereum_trace)"
Sep 24 17:06:33.883 INF API: test ended suite=0 test=1285 pass=false
Sep 24 17:06:33.884 INF API: test started suite=0 test=1286 name="interop/funding-free-exact/trace/trace-stateDiff (go-ethereum_trace)"
Sep 24 17:06:33.886 INF API: test ended suite=0 test=1286 pass=false
Sep 24 17:06:33.886 INF API: test started suite=0 test=1287 name="interop/funding-free-exact/trace/trace-vmTrace (go-ethereum_trace)"
Sep 24 17:06:33.888 INF API: test ended suite=0 test=1287 pass=false
Sep 24 17:06:33.889 INF API: test started suite=0 test=1288 name="interop/funding-free-exact/trace/trace (go-ethereum_trace)"
Sep 24 17:06:33.891 INF API: test ended suite=0 test=1288 pass=false
Sep 24 17:06:33.891 INF API: test started suite=0 test=1289 name="interop/funding-free-exact/trace/vmTrace (go-ethereum_trace)"
Sep 24 17:06:33.893 INF API: test ended suite=0 test=1289 pass=false
Sep 24 17:06:33.894 INF API: test started suite=0 test=1290 name="interop/funding-free-short/eth (go-ethereum_trace)"
Sep 24 17:06:33.902 INF API: test ended suite=0 test=1290 pass=false
Sep 24 17:06:33.902 INF API: test started suite=0 test=1291 name="interop/funding-free-short/trace/none (go-ethereum_trace)"
Sep 24 17:06:33.910 INF API: test ended suite=0 test=1291 pass=false
Sep 24 17:06:33.911 INF API: test started suite=0 test=1292 name="interop/funding-free-short/trace/stateDiff-vmTrace (go-ethereum_trace)"
Sep 24 17:06:33.912 INF API: test ended suite=0 test=1292 pass=false
Sep 24 17:06:33.913 INF API: test started suite=0 test=1293 name="interop/funding-free-short/trace/stateDiff (go-ethereum_trace)"
Sep 24 17:06:33.914 INF API: test ended suite=0 test=1293 pass=false
Sep 24 17:06:33.915 INF API: test started suite=0 test=1294 name="interop/funding-free-short/trace/trace-stateDiff-vmTrace (go-ethereum_trace)"
Sep 24 17:06:33.916 INF API: test ended suite=0 test=1294 pass=false
Sep 24 17:06:33.916 INF API: test started suite=0 test=1295 name="interop/funding-free-short/trace/trace-stateDiff (go-ethereum_trace)"
Sep 24 17:06:33.918 INF API: test ended suite=0 test=1295 pass=false
Sep 24 17:06:33.918 INF API: test started suite=0 test=1296 name="interop/funding-free-short/trace/trace-vmTrace (go-ethereum_trace)"
Sep 24 17:06:33.919 INF API: test ended suite=0 test=1296 pass=false
Sep 24 17:06:33.920 INF API: test started suite=0 test=1297 name="interop/funding-free-short/trace/trace (go-ethereum_trace)"
Sep 24 17:06:33.921 INF API: test ended suite=0 test=1297 pass=false
Sep 24 17:06:33.922 INF API: test started suite=0 test=1298 name="interop/funding-free-short/trace/vmTrace (go-ethereum_trace)"
Sep 24 17:06:33.923 INF API: test ended suite=0 test=1298 pass=false
Sep 24 17:06:33.924 INF API: test started suite=0 test=1299 name="interop/funding-legacy-exact/eth (go-ethereum_trace)"
Sep 24 17:06:33.925 INF API: test ended suite=0 test=1299 pass=false
Sep 24 17:06:33.926 INF API: test started suite=0 test=1300 name="interop/funding-legacy-exact/trace/none (go-ethereum_trace)"
Sep 24 17:06:33.927 INF API: test ended suite=0 test=1300 pass=false
Sep 24 17:06:33.927 INF API: test started suite=0 test=1301 name="interop/funding-legacy-exact/trace/stateDiff-vmTrace (go-ethereum_trace)"
Sep 24 17:06:33.929 INF API: test ended suite=0 test=1301 pass=false
Sep 24 17:06:33.930 INF API: test started suite=0 test=1302 name="interop/funding-legacy-exact/trace/stateDiff (go-ethereum_trace)"
Sep 24 17:06:33.932 INF API: test ended suite=0 test=1302 pass=false
Sep 24 17:06:33.932 INF API: test started suite=0 test=1303 name="interop/funding-legacy-exact/trace/trace-stateDiff-vmTrace (go-ethereum_trace)"
Sep 24 17:06:33.935 INF API: test ended suite=0 test=1303 pass=false
Sep 24 17:06:33.936 INF API: test started suite=0 test=1304 name="interop/funding-legacy-exact/trace/trace-stateDiff (go-ethereum_trace)"
Sep 24 17:06:33.938 INF API: test ended suite=0 test=1304 pass=false
Sep 24 17:06:33.938 INF API: test started suite=0 test=1305 name="interop/funding-legacy-exact/trace/trace-vmTrace (go-ethereum_trace)"
Sep 24 17:06:33.940 INF API: test ended suite=0 test=1305 pass=false
Sep 24 17:06:33.941 INF API: test started suite=0 test=1306 name="interop/funding-legacy-exact/trace/trace (go-ethereum_trace)"
Sep 24 17:06:33.942 INF API: test ended suite=0 test=1306 pass=false
Sep 24 17:06:33.943 INF API: test started suite=0 test=1307 name="interop/funding-legacy-exact/trace/vmTrace (go-ethereum_trace)"
Sep 24 17:06:33.945 INF API: test ended suite=0 test=1307 pass=false
Sep 24 17:06:33.946 INF API: test started suite=0 test=1308 name="interop/funding-legacy-short/eth (go-ethereum_trace)"
Sep 24 17:06:33.947 INF API: test ended suite=0 test=1308 pass=false
Sep 24 17:06:33.948 INF API: test started suite=0 test=1309 name="interop/funding-legacy-short/trace/none (go-ethereum_trace)"
Sep 24 17:06:33.949 INF API: test ended suite=0 test=1309 pass=false
Sep 24 17:06:33.950 INF API: test started suite=0 test=1310 name="interop/funding-legacy-short/trace/stateDiff-vmTrace (go-ethereum_trace)"
Sep 24 17:06:33.951 INF API: test ended suite=0 test=1310 pass=false
Sep 24 17:06:33.952 INF API: test started suite=0 test=1311 name="interop/funding-legacy-short/trace/stateDiff (go-ethereum_trace)"
Sep 24 17:06:33.953 INF API: test ended suite=0 test=1311 pass=false
Sep 24 17:06:33.953 INF API: test started suite=0 test=1312 name="interop/funding-legacy-short/trace/trace-stateDiff-vmTrace (go-ethereum_trace)"
Sep 24 17:06:33.954 INF API: test ended suite=0 test=1312 pass=false
Sep 24 17:06:33.955 INF API: test started suite=0 test=1313 name="interop/funding-legacy-short/trace/trace-stateDiff (go-ethereum_trace)"
Sep 24 17:06:33.956 INF API: test ended suite=0 test=1313 pass=false
Sep 24 17:06:33.957 INF API: test started suite=0 test=1314 name="interop/funding-legacy-short/trace/trace-vmTrace (go-ethereum_trace)"
Sep 24 17:06:33.959 INF API: test ended suite=0 test=1314 pass=false
Sep 24 17:06:33.959 INF API: test started suite=0 test=1315 name="interop/funding-legacy-short/trace/trace (go-ethereum_trace)"
Sep 24 17:06:33.961 INF API: test ended suite=0 test=1315 pass=false
Sep 24 17:06:33.961 INF API: test started suite=0 test=1316 name="interop/funding-legacy-short/trace/vmTrace (go-ethereum_trace)"
Sep 24 17:06:33.963 INF API: test ended suite=0 test=1316 pass=false
Sep 24 17:06:33.964 INF API: test started suite=0 test=1317 name="interop/funding-typed-effective-only/eth (go-ethereum_trace)"
Sep 24 17:06:33.965 INF API: test ended suite=0 test=1317 pass=false
Sep 24 17:06:33.966 INF API: test started suite=0 test=1318 name="interop/funding-typed-effective-only/trace/none (go-ethereum_trace)"
Sep 24 17:06:33.967 INF API: test ended suite=0 test=1318 pass=false
Sep 24 17:06:33.967 INF API: test started suite=0 test=1319 name="interop/funding-typed-effective-only/trace/stateDiff-vmTrace (go-ethereum_trace)"
Sep 24 17:06:33.969 INF API: test ended suite=0 test=1319 pass=false
Sep 24 17:06:33.969 INF API: test started suite=0 test=1320 name="interop/funding-typed-effective-only/trace/stateDiff (go-ethereum_trace)"
Sep 24 17:06:33.971 INF API: test ended suite=0 test=1320 pass=false
Sep 24 17:06:33.971 INF API: test started suite=0 test=1321 name="interop/funding-typed-effective-only/trace/trace-stateDiff-vmTrace (go-ethereum_trace)"
Sep 24 17:06:33.972 INF API: test ended suite=0 test=1321 pass=false
Sep 24 17:06:33.973 INF API: test started suite=0 test=1322 name="interop/funding-typed-effective-only/trace/trace-stateDiff (go-ethereum_trace)"
Sep 24 17:06:33.975 INF API: test ended suite=0 test=1322 pass=false
Sep 24 17:06:33.975 INF API: test started suite=0 test=1323 name="interop/funding-typed-effective-only/trace/trace-vmTrace (go-ethereum_trace)"
Sep 24 17:06:33.977 INF API: test ended suite=0 test=1323 pass=false
Sep 24 17:06:33.978 INF API: test started suite=0 test=1324 name="interop/funding-typed-effective-only/trace/trace (go-ethereum_trace)"
Sep 24 17:06:33.980 INF API: test ended suite=0 test=1324 pass=false
Sep 24 17:06:33.980 INF API: test started suite=0 test=1325 name="interop/funding-typed-effective-only/trace/vmTrace (go-ethereum_trace)"
Sep 24 17:06:33.982 INF API: test ended suite=0 test=1325 pass=false
Sep 24 17:06:33.983 INF API: test started suite=0 test=1326 name="interop/funding-typed-exact/eth (go-ethereum_trace)"
Sep 24 17:06:33.984 INF API: test ended suite=0 test=1326 pass=false
Sep 24 17:06:33.985 INF API: test started suite=0 test=1327 name="interop/funding-typed-exact/trace/none (go-ethereum_trace)"
Sep 24 17:06:33.986 INF API: test ended suite=0 test=1327 pass=false
Sep 24 17:06:33.987 INF API: test started suite=0 test=1328 name="interop/funding-typed-exact/trace/stateDiff-vmTrace (go-ethereum_trace)"
Sep 24 17:06:33.990 INF API: test ended suite=0 test=1328 pass=false
Sep 24 17:06:33.991 INF API: test started suite=0 test=1329 name="interop/funding-typed-exact/trace/stateDiff (go-ethereum_trace)"
Sep 24 17:06:33.993 INF API: test ended suite=0 test=1329 pass=false
Sep 24 17:06:33.993 INF API: test started suite=0 test=1330 name="interop/funding-typed-exact/trace/trace-stateDiff-vmTrace (go-ethereum_trace)"
Sep 24 17:06:33.997 INF API: test ended suite=0 test=1330 pass=false
Sep 24 17:06:33.997 INF API: test started suite=0 test=1331 name="interop/funding-typed-exact/trace/trace-stateDiff (go-ethereum_trace)"
Sep 24 17:06:33.999 INF API: test ended suite=0 test=1331 pass=false
Sep 24 17:06:34.000 INF API: test started suite=0 test=1332 name="interop/funding-typed-exact/trace/trace-vmTrace (go-ethereum_trace)"
Sep 24 17:06:34.002 INF API: test ended suite=0 test=1332 pass=false
Sep 24 17:06:34.003 INF API: test started suite=0 test=1333 name="interop/funding-typed-exact/trace/trace (go-ethereum_trace)"
Sep 24 17:06:34.004 INF API: test ended suite=0 test=1333 pass=false
Sep 24 17:06:34.005 INF API: test started suite=0 test=1334 name="interop/funding-typed-exact/trace/vmTrace (go-ethereum_trace)"
Sep 24 17:06:34.007 INF API: test ended suite=0 test=1334 pass=false
Sep 24 17:06:34.008 INF API: test started suite=0 test=1335 name="interop/funding-typed-free-exact/eth (go-ethereum_trace)"
Sep 24 17:06:34.010 INF API: test ended suite=0 test=1335 pass=false
Sep 24 17:06:34.011 INF API: test started suite=0 test=1336 name="interop/funding-typed-free-exact/trace/none (go-ethereum_trace)"
Sep 24 17:06:34.012 INF API: test ended suite=0 test=1336 pass=false
Sep 24 17:06:34.013 INF API: test started suite=0 test=1337 name="interop/funding-typed-free-exact/trace/stateDiff-vmTrace (go-ethereum_trace)"
Sep 24 17:06:34.016 INF API: test ended suite=0 test=1337 pass=false
Sep 24 17:06:34.016 INF API: test started suite=0 test=1338 name="interop/funding-typed-free-exact/trace/stateDiff (go-ethereum_trace)"
Sep 24 17:06:34.018 INF API: test ended suite=0 test=1338 pass=false
Sep 24 17:06:34.019 INF API: test started suite=0 test=1339 name="interop/funding-typed-free-exact/trace/trace-stateDiff-vmTrace (go-ethereum_trace)"
Sep 24 17:06:34.021 INF API: test ended suite=0 test=1339 pass=false
Sep 24 17:06:34.022 INF API: test started suite=0 test=1340 name="interop/funding-typed-free-exact/trace/trace-stateDiff (go-ethereum_trace)"
Sep 24 17:06:34.023 INF API: test ended suite=0 test=1340 pass=false
Sep 24 17:06:34.025 INF API: test started suite=0 test=1341 name="interop/funding-typed-free-exact/trace/trace-vmTrace (go-ethereum_trace)"
Sep 24 17:06:34.027 INF API: test ended suite=0 test=1341 pass=false
Sep 24 17:06:34.028 INF API: test started suite=0 test=1342 name="interop/funding-typed-free-exact/trace/trace (go-ethereum_trace)"
Sep 24 17:06:34.029 INF API: test ended suite=0 test=1342 pass=false
Sep 24 17:06:34.029 INF API: test started suite=0 test=1343 name="interop/funding-typed-free-exact/trace/vmTrace (go-ethereum_trace)"
Sep 24 17:06:34.032 INF API: test ended suite=0 test=1343 pass=false
Sep 24 17:06:34.033 INF API: test started suite=0 test=1344 name="interop/funding-typed-free-short/eth (go-ethereum_trace)"
Sep 24 17:06:34.034 INF API: test ended suite=0 test=1344 pass=false
Sep 24 17:06:34.034 INF API: test started suite=0 test=1345 name="interop/funding-typed-free-short/trace/none (go-ethereum_trace)"
Sep 24 17:06:34.036 INF API: test ended suite=0 test=1345 pass=false
Sep 24 17:06:34.036 INF API: test started suite=0 test=1346 name="interop/funding-typed-free-short/trace/stateDiff-vmTrace (go-ethereum_trace)"
Sep 24 17:06:34.038 INF API: test ended suite=0 test=1346 pass=false
Sep 24 17:06:34.039 INF API: test started suite=0 test=1347 name="interop/funding-typed-free-short/trace/stateDiff (go-ethereum_trace)"
Sep 24 17:06:34.040 INF API: test ended suite=0 test=1347 pass=false
Sep 24 17:06:34.041 INF API: test started suite=0 test=1348 name="interop/funding-typed-free-short/trace/trace-stateDiff-vmTrace (go-ethereum_trace)"
Sep 24 17:06:34.043 INF API: test ended suite=0 test=1348 pass=false
Sep 24 17:06:34.043 INF API: test started suite=0 test=1349 name="interop/funding-typed-free-short/trace/trace-stateDiff (go-ethereum_trace)"
Sep 24 17:06:34.045 INF API: test ended suite=0 test=1349 pass=false
Sep 24 17:06:34.046 INF API: test started suite=0 test=1350 name="interop/funding-typed-free-short/trace/trace-vmTrace (go-ethereum_trace)"
Sep 24 17:06:34.047 INF API: test ended suite=0 test=1350 pass=false
Sep 24 17:06:34.048 INF API: test started suite=0 test=1351 name="interop/funding-typed-free-short/trace/trace (go-ethereum_trace)"
Sep 24 17:06:34.049 INF API: test ended suite=0 test=1351 pass=false
Sep 24 17:06:34.050 INF API: test started suite=0 test=1352 name="interop/funding-typed-free-short/trace/vmTrace (go-ethereum_trace)"
Sep 24 17:06:34.051 INF API: test ended suite=0 test=1352 pass=false
Sep 24 17:06:34.052 INF API: test started suite=0 test=1353 name="interop/funding-typed-short/eth (go-ethereum_trace)"
Sep 24 17:06:34.053 INF API: test ended suite=0 test=1353 pass=false
Sep 24 17:06:34.053 INF API: test started suite=0 test=1354 name="interop/funding-typed-short/trace/none (go-ethereum_trace)"
Sep 24 17:06:34.055 INF API: test ended suite=0 test=1354 pass=false
Sep 24 17:06:34.055 INF API: test started suite=0 test=1355 name="interop/funding-typed-short/trace/stateDiff-vmTrace (go-ethereum_trace)"
Sep 24 17:06:34.057 INF API: test ended suite=0 test=1355 pass=false
Sep 24 17:06:34.058 INF API: test started suite=0 test=1356 name="interop/funding-typed-short/trace/stateDiff (go-ethereum_trace)"
Sep 24 17:06:34.059 INF API: test ended suite=0 test=1356 pass=false
Sep 24 17:06:34.060 INF API: test started suite=0 test=1357 name="interop/funding-typed-short/trace/trace-stateDiff-vmTrace (go-ethereum_trace)"
Sep 24 17:06:34.061 INF API: test ended suite=0 test=1357 pass=false
Sep 24 17:06:34.062 INF API: test started suite=0 test=1358 name="interop/funding-typed-short/trace/trace-stateDiff (go-ethereum_trace)"
Sep 24 17:06:34.063 INF API: test ended suite=0 test=1358 pass=false
Sep 24 17:06:34.064 INF API: test started suite=0 test=1359 name="interop/funding-typed-short/trace/trace-vmTrace (go-ethereum_trace)"
Sep 24 17:06:34.065 INF API: test ended suite=0 test=1359 pass=false
Sep 24 17:06:34.066 INF API: test started suite=0 test=1360 name="interop/funding-typed-short/trace/trace (go-ethereum_trace)"
Sep 24 17:06:34.067 INF API: test ended suite=0 test=1360 pass=false
Sep 24 17:06:34.068 INF API: test started suite=0 test=1361 name="interop/funding-typed-short/trace/vmTrace (go-ethereum_trace)"
Sep 24 17:06:34.069 INF API: test ended suite=0 test=1361 pass=false
Sep 24 17:06:34.069 INF API: test started suite=0 test=1362 name="interop/legacy-above-base/eth (go-ethereum_trace)"
Sep 24 17:06:34.071 INF API: test ended suite=0 test=1362 pass=false
Sep 24 17:06:34.071 INF API: test started suite=0 test=1363 name="interop/legacy-above-base/trace/none (go-ethereum_trace)"
Sep 24 17:06:34.073 INF API: test ended suite=0 test=1363 pass=false
Sep 24 17:06:34.074 INF API: test started suite=0 test=1364 name="interop/legacy-above-base/trace/stateDiff-vmTrace (go-ethereum_trace)"
Sep 24 17:06:34.077 INF API: test ended suite=0 test=1364 pass=false
Sep 24 17:06:34.077 INF API: test started suite=0 test=1365 name="interop/legacy-above-base/trace/stateDiff (go-ethereum_trace)"
Sep 24 17:06:34.079 INF API: test ended suite=0 test=1365 pass=false
Sep 24 17:06:34.080 INF API: test started suite=0 test=1366 name="interop/legacy-above-base/trace/trace-stateDiff-vmTrace (go-ethereum_trace)"
Sep 24 17:06:34.082 INF API: test ended suite=0 test=1366 pass=false
Sep 24 17:06:34.083 INF API: test started suite=0 test=1367 name="interop/legacy-above-base/trace/trace-stateDiff (go-ethereum_trace)"
Sep 24 17:06:34.084 INF API: test ended suite=0 test=1367 pass=false
Sep 24 17:06:34.085 INF API: test started suite=0 test=1368 name="interop/legacy-above-base/trace/trace-vmTrace (go-ethereum_trace)"
Sep 24 17:06:34.087 INF API: test ended suite=0 test=1368 pass=false
Sep 24 17:06:34.088 INF API: test started suite=0 test=1369 name="interop/legacy-above-base/trace/trace (go-ethereum_trace)"
Sep 24 17:06:34.089 INF API: test ended suite=0 test=1369 pass=false
Sep 24 17:06:34.090 INF API: test started suite=0 test=1370 name="interop/legacy-above-base/trace/vmTrace (go-ethereum_trace)"
Sep 24 17:06:34.092 INF API: test ended suite=0 test=1370 pass=false
Sep 24 17:06:34.093 INF API: test started suite=0 test=1371 name="interop/legacy-at-base/eth (go-ethereum_trace)"
Sep 24 17:06:34.094 INF API: test ended suite=0 test=1371 pass=false
Sep 24 17:06:34.095 INF API: test started suite=0 test=1372 name="interop/legacy-at-base/trace/none (go-ethereum_trace)"
Sep 24 17:06:34.096 INF API: test ended suite=0 test=1372 pass=false
Sep 24 17:06:34.097 INF API: test started suite=0 test=1373 name="interop/legacy-at-base/trace/stateDiff-vmTrace (go-ethereum_trace)"
Sep 24 17:06:34.099 INF API: test ended suite=0 test=1373 pass=false
Sep 24 17:06:34.100 INF API: test started suite=0 test=1374 name="interop/legacy-at-base/trace/stateDiff (go-ethereum_trace)"
Sep 24 17:06:34.102 INF API: test ended suite=0 test=1374 pass=false
Sep 24 17:06:34.102 INF API: test started suite=0 test=1375 name="interop/legacy-at-base/trace/trace-stateDiff-vmTrace (go-ethereum_trace)"
Sep 24 17:06:34.104 INF API: test ended suite=0 test=1375 pass=false
Sep 24 17:06:34.105 INF API: test started suite=0 test=1376 name="interop/legacy-at-base/trace/trace-stateDiff (go-ethereum_trace)"
Sep 24 17:06:34.107 INF API: test ended suite=0 test=1376 pass=false
Sep 24 17:06:34.108 INF API: test started suite=0 test=1377 name="interop/legacy-at-base/trace/trace-vmTrace (go-ethereum_trace)"
Sep 24 17:06:34.110 INF API: test ended suite=0 test=1377 pass=false
Sep 24 17:06:34.110 INF API: test started suite=0 test=1378 name="interop/legacy-at-base/trace/trace (go-ethereum_trace)"
Sep 24 17:06:34.112 INF API: test ended suite=0 test=1378 pass=false
Sep 24 17:06:34.113 INF API: test started suite=0 test=1379 name="interop/legacy-at-base/trace/vmTrace (go-ethereum_trace)"
Sep 24 17:06:34.115 INF API: test ended suite=0 test=1379 pass=false
Sep 24 17:06:34.116 INF API: test started suite=0 test=1380 name="interop/legacy-below-base/eth (go-ethereum_trace)"
Sep 24 17:06:34.117 INF API: test ended suite=0 test=1380 pass=false
Sep 24 17:06:34.117 INF API: test started suite=0 test=1381 name="interop/legacy-below-base/trace/none (go-ethereum_trace)"
Sep 24 17:06:34.118 INF API: test ended suite=0 test=1381 pass=false
Sep 24 17:06:34.119 INF API: test started suite=0 test=1382 name="interop/legacy-below-base/trace/stateDiff-vmTrace (go-ethereum_trace)"
Sep 24 17:06:34.120 INF API: test ended suite=0 test=1382 pass=false
Sep 24 17:06:34.121 INF API: test started suite=0 test=1383 name="interop/legacy-below-base/trace/stateDiff (go-ethereum_trace)"
Sep 24 17:06:34.122 INF API: test ended suite=0 test=1383 pass=false
Sep 24 17:06:34.123 INF API: test started suite=0 test=1384 name="interop/legacy-below-base/trace/trace-stateDiff-vmTrace (go-ethereum_trace)"
Sep 24 17:06:34.124 INF API: test ended suite=0 test=1384 pass=false
Sep 24 17:06:34.124 INF API: test started suite=0 test=1385 name="interop/legacy-below-base/trace/trace-stateDiff (go-ethereum_trace)"
Sep 24 17:06:34.126 INF API: test ended suite=0 test=1385 pass=false
Sep 24 17:06:34.126 INF API: test started suite=0 test=1386 name="interop/legacy-below-base/trace/trace-vmTrace (go-ethereum_trace)"
Sep 24 17:06:34.127 INF API: test ended suite=0 test=1386 pass=false
Sep 24 17:06:34.128 INF API: test started suite=0 test=1387 name="interop/legacy-below-base/trace/trace (go-ethereum_trace)"
Sep 24 17:06:34.129 INF API: test ended suite=0 test=1387 pass=false
Sep 24 17:06:34.130 INF API: test started suite=0 test=1388 name="interop/legacy-below-base/trace/vmTrace (go-ethereum_trace)"
Sep 24 17:06:34.131 INF API: test ended suite=0 test=1388 pass=false
Sep 24 17:06:34.131 INF API: test started suite=0 test=1389 name="interop/legacy-one/eth (go-ethereum_trace)"
Sep 24 17:06:34.132 INF API: test ended suite=0 test=1389 pass=false
Sep 24 17:06:34.133 INF API: test started suite=0 test=1390 name="interop/legacy-one/trace/none (go-ethereum_trace)"
Sep 24 17:06:34.135 INF API: test ended suite=0 test=1390 pass=false
Sep 24 17:06:34.136 INF API: test started suite=0 test=1391 name="interop/legacy-one/trace/stateDiff-vmTrace (go-ethereum_trace)"
Sep 24 17:06:34.137 INF API: test ended suite=0 test=1391 pass=false
Sep 24 17:06:34.138 INF API: test started suite=0 test=1392 name="interop/legacy-one/trace/stateDiff (go-ethereum_trace)"
Sep 24 17:06:34.139 INF API: test ended suite=0 test=1392 pass=false
Sep 24 17:06:34.140 INF API: test started suite=0 test=1393 name="interop/legacy-one/trace/trace-stateDiff-vmTrace (go-ethereum_trace)"
Sep 24 17:06:34.141 INF API: test ended suite=0 test=1393 pass=false
Sep 24 17:06:34.142 INF API: test started suite=0 test=1394 name="interop/legacy-one/trace/trace-stateDiff (go-ethereum_trace)"
Sep 24 17:06:34.143 INF API: test ended suite=0 test=1394 pass=false
Sep 24 17:06:34.143 INF API: test started suite=0 test=1395 name="interop/legacy-one/trace/trace-vmTrace (go-ethereum_trace)"
Sep 24 17:06:34.144 INF API: test ended suite=0 test=1395 pass=false
Sep 24 17:06:34.145 INF API: test started suite=0 test=1396 name="interop/legacy-one/trace/trace (go-ethereum_trace)"
Sep 24 17:06:34.146 INF API: test ended suite=0 test=1396 pass=false
Sep 24 17:06:34.147 INF API: test started suite=0 test=1397 name="interop/legacy-one/trace/vmTrace (go-ethereum_trace)"
Sep 24 17:06:34.149 INF API: test ended suite=0 test=1397 pass=false
Sep 24 17:06:34.150 INF API: test started suite=0 test=1398 name="interop/legacy-zero/eth (go-ethereum_trace)"
Sep 24 17:06:34.151 INF API: test ended suite=0 test=1398 pass=false
Sep 24 17:06:34.152 INF API: test started suite=0 test=1399 name="interop/legacy-zero/trace/none (go-ethereum_trace)"
Sep 24 17:06:34.153 INF API: test ended suite=0 test=1399 pass=false
Sep 24 17:06:34.154 INF API: test started suite=0 test=1400 name="interop/legacy-zero/trace/stateDiff-vmTrace (go-ethereum_trace)"
Sep 24 17:06:34.156 INF API: test ended suite=0 test=1400 pass=false
Sep 24 17:06:34.157 INF API: test started suite=0 test=1401 name="interop/legacy-zero/trace/stateDiff (go-ethereum_trace)"
Sep 24 17:06:34.159 INF API: test ended suite=0 test=1401 pass=false
Sep 24 17:06:34.159 INF API: test started suite=0 test=1402 name="interop/legacy-zero/trace/trace-stateDiff-vmTrace (go-ethereum_trace)"
Sep 24 17:06:34.162 INF API: test ended suite=0 test=1402 pass=false
Sep 24 17:06:34.163 INF API: test started suite=0 test=1403 name="interop/legacy-zero/trace/trace-stateDiff (go-ethereum_trace)"
Sep 24 17:06:34.165 INF API: test ended suite=0 test=1403 pass=false
Sep 24 17:06:34.165 INF API: test started suite=0 test=1404 name="interop/legacy-zero/trace/trace-vmTrace (go-ethereum_trace)"
Sep 24 17:06:34.168 INF API: test ended suite=0 test=1404 pass=false
Sep 24 17:06:34.168 INF API: test started suite=0 test=1405 name="interop/legacy-zero/trace/trace (go-ethereum_trace)"
Sep 24 17:06:34.170 INF API: test ended suite=0 test=1405 pass=false
Sep 24 17:06:34.171 INF API: test started suite=0 test=1406 name="interop/legacy-zero/trace/vmTrace (go-ethereum_trace)"
Sep 24 17:06:34.172 INF API: test ended suite=0 test=1406 pass=false
Sep 24 17:06:34.173 INF API: test started suite=0 test=1407 name="interop/typed-at-base/eth (go-ethereum_trace)"
Sep 24 17:06:34.174 INF API: test ended suite=0 test=1407 pass=false
Sep 24 17:06:34.175 INF API: test started suite=0 test=1408 name="interop/typed-at-base/trace/none (go-ethereum_trace)"
Sep 24 17:06:34.176 INF API: test ended suite=0 test=1408 pass=false
Sep 24 17:06:34.177 INF API: test started suite=0 test=1409 name="interop/typed-at-base/trace/stateDiff-vmTrace (go-ethereum_trace)"
Sep 24 17:06:34.180 INF API: test ended suite=0 test=1409 pass=false
Sep 24 17:06:34.180 INF API: test started suite=0 test=1410 name="interop/typed-at-base/trace/stateDiff (go-ethereum_trace)"
Sep 24 17:06:34.182 INF API: test ended suite=0 test=1410 pass=false
Sep 24 17:06:34.183 INF API: test started suite=0 test=1411 name="interop/typed-at-base/trace/trace-stateDiff-vmTrace (go-ethereum_trace)"
Sep 24 17:06:34.186 INF API: test ended suite=0 test=1411 pass=false
Sep 24 17:06:34.187 INF API: test started suite=0 test=1412 name="interop/typed-at-base/trace/trace-stateDiff (go-ethereum_trace)"
Sep 24 17:06:34.188 INF API: test ended suite=0 test=1412 pass=false
Sep 24 17:06:34.189 INF API: test started suite=0 test=1413 name="interop/typed-at-base/trace/trace-vmTrace (go-ethereum_trace)"
Sep 24 17:06:34.191 INF API: test ended suite=0 test=1413 pass=false
Sep 24 17:06:34.192 INF API: test started suite=0 test=1414 name="interop/typed-at-base/trace/trace (go-ethereum_trace)"
Sep 24 17:06:34.193 INF API: test ended suite=0 test=1414 pass=false
Sep 24 17:06:34.194 INF API: test started suite=0 test=1415 name="interop/typed-at-base/trace/vmTrace (go-ethereum_trace)"
Sep 24 17:06:34.196 INF API: test ended suite=0 test=1415 pass=false
Sep 24 17:06:34.197 INF API: test started suite=0 test=1416 name="interop/typed-below-base/eth (go-ethereum_trace)"
Sep 24 17:06:34.198 INF API: test ended suite=0 test=1416 pass=false
Sep 24 17:06:34.199 INF API: test started suite=0 test=1417 name="interop/typed-below-base/trace/none (go-ethereum_trace)"
Sep 24 17:06:34.200 INF API: test ended suite=0 test=1417 pass=false
Sep 24 17:06:34.201 INF API: test started suite=0 test=1418 name="interop/typed-below-base/trace/stateDiff-vmTrace (go-ethereum_trace)"
Sep 24 17:06:34.202 INF API: test ended suite=0 test=1418 pass=false
Sep 24 17:06:34.203 INF API: test started suite=0 test=1419 name="interop/typed-below-base/trace/stateDiff (go-ethereum_trace)"
Sep 24 17:06:34.204 INF API: test ended suite=0 test=1419 pass=false
Sep 24 17:06:34.205 INF API: test started suite=0 test=1420 name="interop/typed-below-base/trace/trace-stateDiff-vmTrace (go-ethereum_trace)"
Sep 24 17:06:34.206 INF API: test ended suite=0 test=1420 pass=false
Sep 24 17:06:34.207 INF API: test started suite=0 test=1421 name="interop/typed-below-base/trace/trace-stateDiff (go-ethereum_trace)"
Sep 24 17:06:34.208 INF API: test ended suite=0 test=1421 pass=false
Sep 24 17:06:34.209 INF API: test started suite=0 test=1422 name="interop/typed-below-base/trace/trace-vmTrace (go-ethereum_trace)"
Sep 24 17:06:34.210 INF API: test ended suite=0 test=1422 pass=false
Sep 24 17:06:34.210 INF API: test started suite=0 test=1423 name="interop/typed-below-base/trace/trace (go-ethereum_trace)"
Sep 24 17:06:34.212 INF API: test ended suite=0 test=1423 pass=false
Sep 24 17:06:34.212 INF API: test started suite=0 test=1424 name="interop/typed-below-base/trace/vmTrace (go-ethereum_trace)"
Sep 24 17:06:34.213 INF API: test ended suite=0 test=1424 pass=false
Sep 24 17:06:34.214 INF API: test started suite=0 test=1425 name="interop/typed-below-base-positive-tip/eth (go-ethereum_trace)"
Sep 24 17:06:34.215 INF API: test ended suite=0 test=1425 pass=false
Sep 24 17:06:34.216 INF API: test started suite=0 test=1426 name="interop/typed-below-base-positive-tip/trace/none (go-ethereum_trace)"
Sep 24 17:06:34.217 INF API: test ended suite=0 test=1426 pass=false
Sep 24 17:06:34.217 INF API: test started suite=0 test=1427 name="interop/typed-below-base-positive-tip/trace/stateDiff-vmTrace (go-ethereum_trace)"
Sep 24 17:06:34.218 INF API: test ended suite=0 test=1427 pass=false
Sep 24 17:06:34.219 INF API: test started suite=0 test=1428 name="interop/typed-below-base-positive-tip/trace/stateDiff (go-ethereum_trace)"
Sep 24 17:06:34.220 INF API: test ended suite=0 test=1428 pass=false
Sep 24 17:06:34.220 INF API: test started suite=0 test=1429 name="interop/typed-below-base-positive-tip/trace/trace-stateDiff-vmTrace (go-ethereum_trace)"
Sep 24 17:06:34.221 INF API: test ended suite=0 test=1429 pass=false
Sep 24 17:06:34.222 INF API: test started suite=0 test=1430 name="interop/typed-below-base-positive-tip/trace/trace-stateDiff (go-ethereum_trace)"
Sep 24 17:06:34.223 INF API: test ended suite=0 test=1430 pass=false
Sep 24 17:06:34.224 INF API: test started suite=0 test=1431 name="interop/typed-below-base-positive-tip/trace/trace-vmTrace (go-ethereum_trace)"
Sep 24 17:06:34.225 INF API: test ended suite=0 test=1431 pass=false
Sep 24 17:06:34.226 INF API: test started suite=0 test=1432 name="interop/typed-below-base-positive-tip/trace/trace (go-ethereum_trace)"
Sep 24 17:06:34.227 INF API: test ended suite=0 test=1432 pass=false
Sep 24 17:06:34.228 INF API: test started suite=0 test=1433 name="interop/typed-below-base-positive-tip/trace/vmTrace (go-ethereum_trace)"
Sep 24 17:06:34.230 INF API: test ended suite=0 test=1433 pass=false
Sep 24 17:06:34.230 INF API: test started suite=0 test=1434 name="interop/typed-cap-limited/eth (go-ethereum_trace)"
Sep 24 17:06:34.232 INF API: test ended suite=0 test=1434 pass=false
Sep 24 17:06:34.233 INF API: test started suite=0 test=1435 name="interop/typed-cap-limited/trace/none (go-ethereum_trace)"
Sep 24 17:06:34.235 INF API: test ended suite=0 test=1435 pass=false
Sep 24 17:06:34.235 INF API: test started suite=0 test=1436 name="interop/typed-cap-limited/trace/stateDiff-vmTrace (go-ethereum_trace)"
Sep 24 17:06:34.238 INF API: test ended suite=0 test=1436 pass=false
Sep 24 17:06:34.239 INF API: test started suite=0 test=1437 name="interop/typed-cap-limited/trace/stateDiff (go-ethereum_trace)"
Sep 24 17:06:34.241 INF API: test ended suite=0 test=1437 pass=false
Sep 24 17:06:34.241 INF API: test started suite=0 test=1438 name="interop/typed-cap-limited/trace/trace-stateDiff-vmTrace (go-ethereum_trace)"
Sep 24 17:06:34.244 INF API: test ended suite=0 test=1438 pass=false
Sep 24 17:06:34.245 INF API: test started suite=0 test=1439 name="interop/typed-cap-limited/trace/trace-stateDiff (go-ethereum_trace)"
Sep 24 17:06:34.247 INF API: test ended suite=0 test=1439 pass=false
Sep 24 17:06:34.248 INF API: test started suite=0 test=1440 name="interop/typed-cap-limited/trace/trace-vmTrace (go-ethereum_trace)"
Sep 24 17:06:34.250 INF API: test ended suite=0 test=1440 pass=false
Sep 24 17:06:34.250 INF API: test started suite=0 test=1441 name="interop/typed-cap-limited/trace/trace (go-ethereum_trace)"
Sep 24 17:06:34.252 INF API: test ended suite=0 test=1441 pass=false
Sep 24 17:06:34.252 INF API: test started suite=0 test=1442 name="interop/typed-cap-limited/trace/vmTrace (go-ethereum_trace)"
Sep 24 17:06:34.255 INF API: test ended suite=0 test=1442 pass=false
Sep 24 17:06:34.256 INF API: test started suite=0 test=1443 name="interop/typed-one/eth (go-ethereum_trace)"
Sep 24 17:06:34.257 INF API: test ended suite=0 test=1443 pass=false
Sep 24 17:06:34.257 INF API: test started suite=0 test=1444 name="interop/typed-one/trace/none (go-ethereum_trace)"
Sep 24 17:06:34.259 INF API: test ended suite=0 test=1444 pass=false
Sep 24 17:06:34.260 INF API: test started suite=0 test=1445 name="interop/typed-one/trace/stateDiff-vmTrace (go-ethereum_trace)"
Sep 24 17:06:34.261 INF API: test ended suite=0 test=1445 pass=false
Sep 24 17:06:34.262 INF API: test started suite=0 test=1446 name="interop/typed-one/trace/stateDiff (go-ethereum_trace)"
Sep 24 17:06:34.263 INF API: test ended suite=0 test=1446 pass=false
Sep 24 17:06:34.264 INF API: test started suite=0 test=1447 name="interop/typed-one/trace/trace-stateDiff-vmTrace (go-ethereum_trace)"
Sep 24 17:06:34.265 INF API: test ended suite=0 test=1447 pass=false
Sep 24 17:06:34.266 INF API: test started suite=0 test=1448 name="interop/typed-one/trace/trace-stateDiff (go-ethereum_trace)"
Sep 24 17:06:34.267 INF API: test ended suite=0 test=1448 pass=false
Sep 24 17:06:34.267 INF API: test started suite=0 test=1449 name="interop/typed-one/trace/trace-vmTrace (go-ethereum_trace)"
Sep 24 17:06:34.268 INF API: test ended suite=0 test=1449 pass=false
Sep 24 17:06:34.269 INF API: test started suite=0 test=1450 name="interop/typed-one/trace/trace (go-ethereum_trace)"
Sep 24 17:06:34.270 INF API: test ended suite=0 test=1450 pass=false
Sep 24 17:06:34.271 INF API: test started suite=0 test=1451 name="interop/typed-one/trace/vmTrace (go-ethereum_trace)"
Sep 24 17:06:34.272 INF API: test ended suite=0 test=1451 pass=false
Sep 24 17:06:34.273 INF API: test started suite=0 test=1452 name="interop/typed-tip-equals-cap/eth (go-ethereum_trace)"
Sep 24 17:06:34.274 INF API: test ended suite=0 test=1452 pass=false
Sep 24 17:06:34.275 INF API: test started suite=0 test=1453 name="interop/typed-tip-equals-cap/trace/none (go-ethereum_trace)"
Sep 24 17:06:34.277 INF API: test ended suite=0 test=1453 pass=false
Sep 24 17:06:34.277 INF API: test started suite=0 test=1454 name="interop/typed-tip-equals-cap/trace/stateDiff-vmTrace (go-ethereum_trace)"
Sep 24 17:06:34.280 INF API: test ended suite=0 test=1454 pass=false
Sep 24 17:06:34.280 INF API: test started suite=0 test=1455 name="interop/typed-tip-equals-cap/trace/stateDiff (go-ethereum_trace)"
Sep 24 17:06:34.282 INF API: test ended suite=0 test=1455 pass=false
Sep 24 17:06:34.282 INF API: test started suite=0 test=1456 name="interop/typed-tip-equals-cap/trace/trace-stateDiff-vmTrace (go-ethereum_trace)"
Sep 24 17:06:34.284 INF API: test ended suite=0 test=1456 pass=false
Sep 24 17:06:34.285 INF API: test started suite=0 test=1457 name="interop/typed-tip-equals-cap/trace/trace-stateDiff (go-ethereum_trace)"
Sep 24 17:06:34.287 INF API: test ended suite=0 test=1457 pass=false
Sep 24 17:06:34.287 INF API: test started suite=0 test=1458 name="interop/typed-tip-equals-cap/trace/trace-vmTrace (go-ethereum_trace)"
Sep 24 17:06:34.290 INF API: test ended suite=0 test=1458 pass=false
Sep 24 17:06:34.291 INF API: test started suite=0 test=1459 name="interop/typed-tip-equals-cap/trace/trace (go-ethereum_trace)"
Sep 24 17:06:34.293 INF API: test ended suite=0 test=1459 pass=false
Sep 24 17:06:34.294 INF API: test started suite=0 test=1460 name="interop/typed-tip-equals-cap/trace/vmTrace (go-ethereum_trace)"
Sep 24 17:06:34.295 INF API: test ended suite=0 test=1460 pass=false
Sep 24 17:06:34.296 INF API: test started suite=0 test=1461 name="interop/typed-tip-limited/eth (go-ethereum_trace)"
Sep 24 17:06:34.297 INF API: test ended suite=0 test=1461 pass=false
Sep 24 17:06:34.298 INF API: test started suite=0 test=1462 name="interop/typed-tip-limited/trace/none (go-ethereum_trace)"
Sep 24 17:06:34.299 INF API: test ended suite=0 test=1462 pass=false
Sep 24 17:06:34.300 INF API: test started suite=0 test=1463 name="interop/typed-tip-limited/trace/stateDiff-vmTrace (go-ethereum_trace)"
Sep 24 17:06:34.303 INF API: test ended suite=0 test=1463 pass=false
Sep 24 17:06:34.303 INF API: test started suite=0 test=1464 name="interop/typed-tip-limited/trace/stateDiff (go-ethereum_trace)"
Sep 24 17:06:34.305 INF API: test ended suite=0 test=1464 pass=false
Sep 24 17:06:34.306 INF API: test started suite=0 test=1465 name="interop/typed-tip-limited/trace/trace-stateDiff-vmTrace (go-ethereum_trace)"
Sep 24 17:06:34.308 INF API: test ended suite=0 test=1465 pass=false
Sep 24 17:06:34.308 INF API: test started suite=0 test=1466 name="interop/typed-tip-limited/trace/trace-stateDiff (go-ethereum_trace)"
Sep 24 17:06:34.311 INF API: test ended suite=0 test=1466 pass=false
Sep 24 17:06:34.311 INF API: test started suite=0 test=1467 name="interop/typed-tip-limited/trace/trace-vmTrace (go-ethereum_trace)"
Sep 24 17:06:34.313 INF API: test ended suite=0 test=1467 pass=false
Sep 24 17:06:34.314 INF API: test started suite=0 test=1468 name="interop/typed-tip-limited/trace/trace (go-ethereum_trace)"
Sep 24 17:06:34.315 INF API: test ended suite=0 test=1468 pass=false
Sep 24 17:06:34.316 INF API: test started suite=0 test=1469 name="interop/typed-tip-limited/trace/vmTrace (go-ethereum_trace)"
Sep 24 17:06:34.318 INF API: test ended suite=0 test=1469 pass=false
Sep 24 17:06:34.318 INF API: test started suite=0 test=1470 name="interop/typed-tip-over-cap/eth (go-ethereum_trace)"
Sep 24 17:06:34.319 INF API: test ended suite=0 test=1470 pass=false
Sep 24 17:06:34.320 INF API: test started suite=0 test=1471 name="interop/typed-tip-over-cap/trace/none (go-ethereum_trace)"
Sep 24 17:06:34.321 INF API: test ended suite=0 test=1471 pass=false
Sep 24 17:06:34.321 INF API: test started suite=0 test=1472 name="interop/typed-tip-over-cap/trace/stateDiff-vmTrace (go-ethereum_trace)"
Sep 24 17:06:34.322 INF API: test ended suite=0 test=1472 pass=false
Sep 24 17:06:34.323 INF API: test started suite=0 test=1473 name="interop/typed-tip-over-cap/trace/stateDiff (go-ethereum_trace)"
Sep 24 17:06:34.324 INF API: test ended suite=0 test=1473 pass=false
Sep 24 17:06:34.325 INF API: test started suite=0 test=1474 name="interop/typed-tip-over-cap/trace/trace-stateDiff-vmTrace (go-ethereum_trace)"
Sep 24 17:06:34.326 INF API: test ended suite=0 test=1474 pass=false
Sep 24 17:06:34.326 INF API: test started suite=0 test=1475 name="interop/typed-tip-over-cap/trace/trace-stateDiff (go-ethereum_trace)"
Sep 24 17:06:34.327 INF API: test ended suite=0 test=1475 pass=false
Sep 24 17:06:34.328 INF API: test started suite=0 test=1476 name="interop/typed-tip-over-cap/trace/trace-vmTrace (go-ethereum_trace)"
Sep 24 17:06:34.329 INF API: test ended suite=0 test=1476 pass=false
Sep 24 17:06:34.330 INF API: test started suite=0 test=1477 name="interop/typed-tip-over-cap/trace/trace (go-ethereum_trace)"
Sep 24 17:06:34.331 INF API: test ended suite=0 test=1477 pass=false
Sep 24 17:06:34.332 INF API: test started suite=0 test=1478 name="interop/typed-tip-over-cap/trace/vmTrace (go-ethereum_trace)"
Sep 24 17:06:34.333 INF API: test ended suite=0 test=1478 pass=false
Sep 24 17:06:34.334 INF API: test started suite=0 test=1479 name="interop/typed-zero/eth (go-ethereum_trace)"
Sep 24 17:06:34.334 INF API: test ended suite=0 test=1479 pass=false
Sep 24 17:06:34.335 INF API: test started suite=0 test=1480 name="interop/typed-zero/trace/none (go-ethereum_trace)"
Sep 24 17:06:34.336 INF API: test ended suite=0 test=1480 pass=false
Sep 24 17:06:34.337 INF API: test started suite=0 test=1481 name="interop/typed-zero/trace/stateDiff-vmTrace (go-ethereum_trace)"
Sep 24 17:06:34.340 INF API: test ended suite=0 test=1481 pass=false
Sep 24 17:06:34.341 INF API: test started suite=0 test=1482 name="interop/typed-zero/trace/stateDiff (go-ethereum_trace)"
Sep 24 17:06:34.342 INF API: test ended suite=0 test=1482 pass=false
Sep 24 17:06:34.343 INF API: test started suite=0 test=1483 name="interop/typed-zero/trace/trace-stateDiff-vmTrace (go-ethereum_trace)"
Sep 24 17:06:34.345 INF API: test ended suite=0 test=1483 pass=false
Sep 24 17:06:34.345 INF API: test started suite=0 test=1484 name="interop/typed-zero/trace/trace-stateDiff (go-ethereum_trace)"
Sep 24 17:06:34.347 INF API: test ended suite=0 test=1484 pass=false
Sep 24 17:06:34.347 INF API: test started suite=0 test=1485 name="interop/typed-zero/trace/trace-vmTrace (go-ethereum_trace)"
Sep 24 17:06:34.350 INF API: test ended suite=0 test=1485 pass=false
Sep 24 17:06:34.351 INF API: test started suite=0 test=1486 name="interop/typed-zero/trace/trace (go-ethereum_trace)"
Sep 24 17:06:34.352 INF API: test ended suite=0 test=1486 pass=false
Sep 24 17:06:34.353 INF API: test started suite=0 test=1487 name="interop/typed-zero/trace/vmTrace (go-ethereum_trace)"
Sep 24 17:06:34.355 INF API: test ended suite=0 test=1487 pass=false
Sep 24 17:06:34.356 INF API: test started suite=0 test=1488 name="interop/typed-zero-cap-positive-tip/eth (go-ethereum_trace)"
Sep 24 17:06:34.357 INF API: test ended suite=0 test=1488 pass=false
Sep 24 17:06:34.357 INF API: test started suite=0 test=1489 name="interop/typed-zero-cap-positive-tip/trace/none (go-ethereum_trace)"
Sep 24 17:06:34.358 INF API: test ended suite=0 test=1489 pass=false
Sep 24 17:06:34.359 INF API: test started suite=0 test=1490 name="interop/typed-zero-cap-positive-tip/trace/stateDiff-vmTrace (go-ethereum_trace)"
Sep 24 17:06:34.361 INF API: test ended suite=0 test=1490 pass=false
Sep 24 17:06:34.361 INF API: test started suite=0 test=1491 name="interop/typed-zero-cap-positive-tip/trace/stateDiff (go-ethereum_trace)"
Sep 24 17:06:34.363 INF API: test ended suite=0 test=1491 pass=false
Sep 24 17:06:34.364 INF API: test started suite=0 test=1492 name="interop/typed-zero-cap-positive-tip/trace/trace-stateDiff-vmTrace (go-ethereum_trace)"
Sep 24 17:06:34.365 INF API: test ended suite=0 test=1492 pass=false
Sep 24 17:06:34.366 INF API: test started suite=0 test=1493 name="interop/typed-zero-cap-positive-tip/trace/trace-stateDiff (go-ethereum_trace)"
Sep 24 17:06:34.367 INF API: test ended suite=0 test=1493 pass=false
Sep 24 17:06:34.368 INF API: test started suite=0 test=1494 name="interop/typed-zero-cap-positive-tip/trace/trace-vmTrace (go-ethereum_trace)"
Sep 24 17:06:34.369 INF API: test ended suite=0 test=1494 pass=false
Sep 24 17:06:34.370 INF API: test started suite=0 test=1495 name="interop/typed-zero-cap-positive-tip/trace/trace (go-ethereum_trace)"
Sep 24 17:06:34.371 INF API: test ended suite=0 test=1495 pass=false
Sep 24 17:06:34.372 INF API: test started suite=0 test=1496 name="interop/typed-zero-cap-positive-tip/trace/vmTrace (go-ethereum_trace)"
Sep 24 17:06:34.373 INF API: test ended suite=0 test=1496 pass=false
Sep 24 17:06:34.373 INF API: test started suite=0 test=1497 name="interop/typed-zero-tip/eth (go-ethereum_trace)"
Sep 24 17:06:34.374 INF API: test ended suite=0 test=1497 pass=false
Sep 24 17:06:34.375 INF API: test started suite=0 test=1498 name="interop/typed-zero-tip/trace/none (go-ethereum_trace)"
Sep 24 17:06:34.376 INF API: test ended suite=0 test=1498 pass=false
Sep 24 17:06:34.377 INF API: test started suite=0 test=1499 name="interop/typed-zero-tip/trace/stateDiff-vmTrace (go-ethereum_trace)"
Sep 24 17:06:34.379 INF API: test ended suite=0 test=1499 pass=false
Sep 24 17:06:34.379 INF API: test started suite=0 test=1500 name="interop/typed-zero-tip/trace/stateDiff (go-ethereum_trace)"
Sep 24 17:06:34.381 INF API: test ended suite=0 test=1500 pass=false
Sep 24 17:06:34.382 INF API: test started suite=0 test=1501 name="interop/typed-zero-tip/trace/trace-stateDiff-vmTrace (go-ethereum_trace)"
Sep 24 17:06:34.384 INF API: test ended suite=0 test=1501 pass=false
Sep 24 17:06:34.385 INF API: test started suite=0 test=1502 name="interop/typed-zero-tip/trace/trace-stateDiff (go-ethereum_trace)"
Sep 24 17:06:34.386 INF API: test ended suite=0 test=1502 pass=false
Sep 24 17:06:34.387 INF API: test started suite=0 test=1503 name="interop/typed-zero-tip/trace/trace-vmTrace (go-ethereum_trace)"
Sep 24 17:06:34.389 INF API: test ended suite=0 test=1503 pass=false
Sep 24 17:06:34.390 INF API: test started suite=0 test=1504 name="interop/typed-zero-tip/trace/trace (go-ethereum_trace)"
Sep 24 17:06:34.391 INF API: test ended suite=0 test=1504 pass=false
Sep 24 17:06:34.392 INF API: test started suite=0 test=1505 name="interop/typed-zero-tip/trace/vmTrace (go-ethereum_trace)"
Sep 24 17:06:34.394 INF API: test ended suite=0 test=1505 pass=false
Sep 24 17:06:35.041 INF API: test ended suite=0 test=1205 pass=true
Sep 24 17:06:35.042 INF API: test started suite=0 test=1506 name="client launch (nethermind_development)"
Sep 24 17:06:42.657 INF API: client nethermind_development started suite=0 test=1506 container=0fe1daeb
Sep 24 17:06:42.811 INF API: test started suite=0 test=1507 name="interop/_control/empty-balance (nethermind_development)"
Sep 24 17:06:42.823 INF API: test ended suite=0 test=1507 pass=false
Sep 24 17:06:42.827 INF API: test started suite=0 test=1508 name="interop/_control/empty-code (nethermind_development)"
Sep 24 17:06:42.840 INF API: test ended suite=0 test=1508 pass=false
Sep 24 17:06:42.842 INF API: test started suite=0 test=1509 name="interop/_control/empty-nonce (nethermind_development)"
Sep 24 17:06:42.855 INF API: test ended suite=0 test=1509 pass=false
Sep 24 17:06:42.858 INF API: test started suite=0 test=1510 name="interop/_control/head (nethermind_development)"
Sep 24 17:06:42.875 INF API: test ended suite=0 test=1510 pass=false
Sep 24 17:06:42.877 INF API: test started suite=0 test=1511 name="interop/_control/latest (nethermind_development)"
Sep 24 17:06:42.879 INF API: test ended suite=0 test=1511 pass=false
Sep 24 17:06:42.881 INF API: test started suite=0 test=1512 name="interop/_control/miner-balance (nethermind_development)"
Sep 24 17:06:42.884 INF API: test ended suite=0 test=1512 pass=false
Sep 24 17:06:42.886 INF API: test started suite=0 test=1513 name="interop/_control/miner-code (nethermind_development)"
Sep 24 17:06:42.887 INF API: test ended suite=0 test=1513 pass=false
Sep 24 17:06:42.889 INF API: test started suite=0 test=1514 name="interop/_control/miner-nonce (nethermind_development)"
Sep 24 17:06:42.891 INF API: test ended suite=0 test=1514 pass=false
Sep 24 17:06:42.892 INF API: test started suite=0 test=1515 name="interop/_control/sender-balance (nethermind_development)"
Sep 24 17:06:42.895 INF API: test ended suite=0 test=1515 pass=false
Sep 24 17:06:42.896 INF API: test started suite=0 test=1516 name="interop/_control/sender-code (nethermind_development)"
Sep 24 17:06:42.899 INF API: test ended suite=0 test=1516 pass=false
Sep 24 17:06:42.902 INF API: test started suite=0 test=1517 name="interop/_control/sender-nonce (nethermind_development)"
Sep 24 17:06:42.904 INF API: test ended suite=0 test=1517 pass=false
Sep 24 17:06:42.905 INF API: test started suite=0 test=1518 name="interop/_control/version (nethermind_development)"
Sep 24 17:06:42.911 INF API: test ended suite=0 test=1518 pass=false
Sep 24 17:06:42.913 INF API: test started suite=0 test=1519 name="interop/defaults-cap-only-positive/eth (nethermind_development)"
Sep 24 17:06:43.084 INF API: test ended suite=0 test=1519 pass=false
Sep 24 17:06:43.088 INF API: test started suite=0 test=1520 name="interop/defaults-cap-only-positive/trace/none (nethermind_development)"
Sep 24 17:06:43.252 INF API: test ended suite=0 test=1520 pass=false
Sep 24 17:06:43.256 INF API: test started suite=0 test=1521 name="interop/defaults-cap-only-positive/trace/stateDiff-vmTrace (nethermind_development)"
Sep 24 17:06:43.400 INF API: test ended suite=0 test=1521 pass=false
Sep 24 17:06:43.401 INF API: test started suite=0 test=1522 name="interop/defaults-cap-only-positive/trace/stateDiff (nethermind_development)"
Sep 24 17:06:43.414 INF API: test ended suite=0 test=1522 pass=false
Sep 24 17:06:43.415 INF API: test started suite=0 test=1523 name="interop/defaults-cap-only-positive/trace/trace-stateDiff-vmTrace (nethermind_development)"
Sep 24 17:06:43.425 INF API: test ended suite=0 test=1523 pass=false
Sep 24 17:06:43.426 INF API: test started suite=0 test=1524 name="interop/defaults-cap-only-positive/trace/trace-stateDiff (nethermind_development)"
Sep 24 17:06:43.430 INF API: test ended suite=0 test=1524 pass=false
Sep 24 17:06:43.431 INF API: test started suite=0 test=1525 name="interop/defaults-cap-only-positive/trace/trace-vmTrace (nethermind_development)"
Sep 24 17:06:43.435 INF API: test ended suite=0 test=1525 pass=false
Sep 24 17:06:43.436 INF API: test started suite=0 test=1526 name="interop/defaults-cap-only-positive/trace/trace (nethermind_development)"
Sep 24 17:06:43.438 INF API: test ended suite=0 test=1526 pass=false
Sep 24 17:06:43.439 INF API: test started suite=0 test=1527 name="interop/defaults-cap-only-positive/trace/vmTrace (nethermind_development)"
Sep 24 17:06:43.442 INF API: test ended suite=0 test=1527 pass=false
Sep 24 17:06:43.443 INF API: test started suite=0 test=1528 name="interop/defaults-cap-only-zero/eth (nethermind_development)"
Sep 24 17:06:43.446 INF API: test ended suite=0 test=1528 pass=false
Sep 24 17:06:43.447 INF API: test started suite=0 test=1529 name="interop/defaults-cap-only-zero/trace/none (nethermind_development)"
Sep 24 17:06:43.450 INF API: test ended suite=0 test=1529 pass=false
Sep 24 17:06:43.451 INF API: test started suite=0 test=1530 name="interop/defaults-cap-only-zero/trace/stateDiff-vmTrace (nethermind_development)"
Sep 24 17:06:43.455 INF API: test ended suite=0 test=1530 pass=false
Sep 24 17:06:43.456 INF API: test started suite=0 test=1531 name="interop/defaults-cap-only-zero/trace/stateDiff (nethermind_development)"
Sep 24 17:06:43.459 INF API: test ended suite=0 test=1531 pass=false
Sep 24 17:06:43.460 INF API: test started suite=0 test=1532 name="interop/defaults-cap-only-zero/trace/trace-stateDiff-vmTrace (nethermind_development)"
Sep 24 17:06:43.464 INF API: test ended suite=0 test=1532 pass=false
Sep 24 17:06:43.464 INF API: test started suite=0 test=1533 name="interop/defaults-cap-only-zero/trace/trace-stateDiff (nethermind_development)"
Sep 24 17:06:43.468 INF API: test ended suite=0 test=1533 pass=false
Sep 24 17:06:43.468 INF API: test started suite=0 test=1534 name="interop/defaults-cap-only-zero/trace/trace-vmTrace (nethermind_development)"
Sep 24 17:06:43.472 INF API: test ended suite=0 test=1534 pass=false
Sep 24 17:06:43.473 INF API: test started suite=0 test=1535 name="interop/defaults-cap-only-zero/trace/trace (nethermind_development)"
Sep 24 17:06:43.476 INF API: test ended suite=0 test=1535 pass=false
Sep 24 17:06:43.477 INF API: test started suite=0 test=1536 name="interop/defaults-cap-only-zero/trace/vmTrace (nethermind_development)"
Sep 24 17:06:43.481 INF API: test ended suite=0 test=1536 pass=false
Sep 24 17:06:43.482 INF API: test started suite=0 test=1537 name="interop/defaults-omitted/eth (nethermind_development)"
Sep 24 17:06:43.484 INF API: test ended suite=0 test=1537 pass=false
Sep 24 17:06:43.485 INF API: test started suite=0 test=1538 name="interop/defaults-omitted/trace/none (nethermind_development)"
Sep 24 17:06:43.488 INF API: test ended suite=0 test=1538 pass=false
Sep 24 17:06:43.489 INF API: test started suite=0 test=1539 name="interop/defaults-omitted/trace/stateDiff-vmTrace (nethermind_development)"
Sep 24 17:06:43.493 INF API: test ended suite=0 test=1539 pass=false
Sep 24 17:06:43.493 INF API: test started suite=0 test=1540 name="interop/defaults-omitted/trace/stateDiff (nethermind_development)"
Sep 24 17:06:43.496 INF API: test ended suite=0 test=1540 pass=false
Sep 24 17:06:43.497 INF API: test started suite=0 test=1541 name="interop/defaults-omitted/trace/trace-stateDiff-vmTrace (nethermind_development)"
Sep 24 17:06:43.501 INF API: test ended suite=0 test=1541 pass=false
Sep 24 17:06:43.501 INF API: test started suite=0 test=1542 name="interop/defaults-omitted/trace/trace-stateDiff (nethermind_development)"
Sep 24 17:06:43.504 INF API: test ended suite=0 test=1542 pass=false
Sep 24 17:06:43.505 INF API: test started suite=0 test=1543 name="interop/defaults-omitted/trace/trace-vmTrace (nethermind_development)"
Sep 24 17:06:43.509 INF API: test ended suite=0 test=1543 pass=false
Sep 24 17:06:43.510 INF API: test started suite=0 test=1544 name="interop/defaults-omitted/trace/trace (nethermind_development)"
Sep 24 17:06:43.513 INF API: test ended suite=0 test=1544 pass=false
Sep 24 17:06:43.514 INF API: test started suite=0 test=1545 name="interop/defaults-omitted/trace/vmTrace (nethermind_development)"
Sep 24 17:06:43.518 INF API: test ended suite=0 test=1545 pass=false
Sep 24 17:06:43.519 INF API: test started suite=0 test=1546 name="interop/defaults-tip-only-positive/eth (nethermind_development)"
Sep 24 17:06:43.526 INF API: test ended suite=0 test=1546 pass=false
Sep 24 17:06:43.527 INF API: test started suite=0 test=1547 name="interop/defaults-tip-only-positive/trace/none (nethermind_development)"
Sep 24 17:06:43.532 INF API: test ended suite=0 test=1547 pass=false
Sep 24 17:06:43.533 INF API: test started suite=0 test=1548 name="interop/defaults-tip-only-positive/trace/stateDiff-vmTrace (nethermind_development)"
Sep 24 17:06:43.551 INF API: test ended suite=0 test=1548 pass=false
Sep 24 17:06:43.566 INF API: test started suite=0 test=1549 name="interop/defaults-tip-only-positive/trace/stateDiff (nethermind_development)"
Sep 24 17:06:43.569 INF API: test ended suite=0 test=1549 pass=false
Sep 24 17:06:43.570 INF API: test started suite=0 test=1550 name="interop/defaults-tip-only-positive/trace/trace-stateDiff-vmTrace (nethermind_development)"
Sep 24 17:06:43.573 INF API: test ended suite=0 test=1550 pass=false
Sep 24 17:06:43.574 INF API: test started suite=0 test=1551 name="interop/defaults-tip-only-positive/trace/trace-stateDiff (nethermind_development)"
Sep 24 17:06:43.576 INF API: test ended suite=0 test=1551 pass=false
Sep 24 17:06:43.577 INF API: test started suite=0 test=1552 name="interop/defaults-tip-only-positive/trace/trace-vmTrace (nethermind_development)"
Sep 24 17:06:43.578 INF API: test ended suite=0 test=1552 pass=false
Sep 24 17:06:43.579 INF API: test started suite=0 test=1553 name="interop/defaults-tip-only-positive/trace/trace (nethermind_development)"
Sep 24 17:06:43.581 INF API: test ended suite=0 test=1553 pass=false
Sep 24 17:06:43.582 INF API: test started suite=0 test=1554 name="interop/defaults-tip-only-positive/trace/vmTrace (nethermind_development)"
Sep 24 17:06:43.584 INF API: test ended suite=0 test=1554 pass=false
Sep 24 17:06:43.585 INF API: test started suite=0 test=1555 name="interop/defaults-tip-only-zero/eth (nethermind_development)"
Sep 24 17:06:43.587 INF API: test ended suite=0 test=1555 pass=false
Sep 24 17:06:43.587 INF API: test started suite=0 test=1556 name="interop/defaults-tip-only-zero/trace/none (nethermind_development)"
Sep 24 17:06:43.590 INF API: test ended suite=0 test=1556 pass=false
Sep 24 17:06:43.591 INF API: test started suite=0 test=1557 name="interop/defaults-tip-only-zero/trace/stateDiff-vmTrace (nethermind_development)"
Sep 24 17:06:43.595 INF API: test ended suite=0 test=1557 pass=false
Sep 24 17:06:43.595 INF API: test started suite=0 test=1558 name="interop/defaults-tip-only-zero/trace/stateDiff (nethermind_development)"
Sep 24 17:06:43.598 INF API: test ended suite=0 test=1558 pass=false
Sep 24 17:06:43.599 INF API: test started suite=0 test=1559 name="interop/defaults-tip-only-zero/trace/trace-stateDiff-vmTrace (nethermind_development)"
Sep 24 17:06:43.602 INF API: test ended suite=0 test=1559 pass=false
Sep 24 17:06:43.602 INF API: test started suite=0 test=1560 name="interop/defaults-tip-only-zero/trace/trace-stateDiff (nethermind_development)"
Sep 24 17:06:43.605 INF API: test ended suite=0 test=1560 pass=false
Sep 24 17:06:43.605 INF API: test started suite=0 test=1561 name="interop/defaults-tip-only-zero/trace/trace-vmTrace (nethermind_development)"
Sep 24 17:06:43.608 INF API: test ended suite=0 test=1561 pass=false
Sep 24 17:06:43.609 INF API: test started suite=0 test=1562 name="interop/defaults-tip-only-zero/trace/trace (nethermind_development)"
Sep 24 17:06:43.611 INF API: test ended suite=0 test=1562 pass=false
Sep 24 17:06:43.612 INF API: test started suite=0 test=1563 name="interop/defaults-tip-only-zero/trace/vmTrace (nethermind_development)"
Sep 24 17:06:43.615 INF API: test ended suite=0 test=1563 pass=false
Sep 24 17:06:43.616 INF API: test started suite=0 test=1564 name="interop/empty-sender-free/eth (nethermind_development)"
Sep 24 17:06:43.621 INF API: test ended suite=0 test=1564 pass=false
Sep 24 17:06:43.621 INF API: test started suite=0 test=1565 name="interop/empty-sender-free/trace/none (nethermind_development)"
Sep 24 17:06:43.624 INF API: test ended suite=0 test=1565 pass=false
Sep 24 17:06:43.625 INF API: test started suite=0 test=1566 name="interop/empty-sender-free/trace/stateDiff-vmTrace (nethermind_development)"
Sep 24 17:06:43.628 INF API: test ended suite=0 test=1566 pass=false
Sep 24 17:06:43.629 INF API: test started suite=0 test=1567 name="interop/empty-sender-free/trace/stateDiff (nethermind_development)"
Sep 24 17:06:43.632 INF API: test ended suite=0 test=1567 pass=false
Sep 24 17:06:43.632 INF API: test started suite=0 test=1568 name="interop/empty-sender-free/trace/trace-stateDiff-vmTrace (nethermind_development)"
Sep 24 17:06:43.635 INF API: test ended suite=0 test=1568 pass=false
Sep 24 17:06:43.636 INF API: test started suite=0 test=1569 name="interop/empty-sender-free/trace/trace-stateDiff (nethermind_development)"
Sep 24 17:06:43.638 INF API: test ended suite=0 test=1569 pass=false
Sep 24 17:06:43.639 INF API: test started suite=0 test=1570 name="interop/empty-sender-free/trace/trace-vmTrace (nethermind_development)"
Sep 24 17:06:43.642 INF API: test ended suite=0 test=1570 pass=false
Sep 24 17:06:43.643 INF API: test started suite=0 test=1571 name="interop/empty-sender-free/trace/trace (nethermind_development)"
Sep 24 17:06:43.645 INF API: test ended suite=0 test=1571 pass=false
Sep 24 17:06:43.646 INF API: test started suite=0 test=1572 name="interop/empty-sender-free/trace/vmTrace (nethermind_development)"
Sep 24 17:06:43.649 INF API: test ended suite=0 test=1572 pass=false
Sep 24 17:06:43.650 INF API: test started suite=0 test=1573 name="interop/empty-sender-priced/eth (nethermind_development)"
Sep 24 17:06:43.652 INF API: test ended suite=0 test=1573 pass=false
Sep 24 17:06:43.653 INF API: test started suite=0 test=1574 name="interop/empty-sender-priced/trace/none (nethermind_development)"
Sep 24 17:06:43.655 INF API: test ended suite=0 test=1574 pass=false
Sep 24 17:06:43.656 INF API: test started suite=0 test=1575 name="interop/empty-sender-priced/trace/stateDiff-vmTrace (nethermind_development)"
Sep 24 17:06:43.658 INF API: test ended suite=0 test=1575 pass=false
Sep 24 17:06:43.659 INF API: test started suite=0 test=1576 name="interop/empty-sender-priced/trace/stateDiff (nethermind_development)"
Sep 24 17:06:43.660 INF API: test ended suite=0 test=1576 pass=false
Sep 24 17:06:43.661 INF API: test started suite=0 test=1577 name="interop/empty-sender-priced/trace/trace-stateDiff-vmTrace (nethermind_development)"
Sep 24 17:06:43.663 INF API: test ended suite=0 test=1577 pass=false
Sep 24 17:06:43.663 INF API: test started suite=0 test=1578 name="interop/empty-sender-priced/trace/trace-stateDiff (nethermind_development)"
Sep 24 17:06:43.665 INF API: test ended suite=0 test=1578 pass=false
Sep 24 17:06:43.666 INF API: test started suite=0 test=1579 name="interop/empty-sender-priced/trace/trace-vmTrace (nethermind_development)"
Sep 24 17:06:43.667 INF API: test ended suite=0 test=1579 pass=false
Sep 24 17:06:43.668 INF API: test started suite=0 test=1580 name="interop/empty-sender-priced/trace/trace (nethermind_development)"
Sep 24 17:06:43.670 INF API: test ended suite=0 test=1580 pass=false
Sep 24 17:06:43.670 INF API: test started suite=0 test=1581 name="interop/empty-sender-priced/trace/vmTrace (nethermind_development)"
Sep 24 17:06:43.673 INF API: test ended suite=0 test=1581 pass=false
Sep 24 17:06:43.674 INF API: test started suite=0 test=1582 name="interop/funding-free-exact/eth (nethermind_development)"
Sep 24 17:06:43.675 INF API: test ended suite=0 test=1582 pass=false
Sep 24 17:06:43.676 INF API: test started suite=0 test=1583 name="interop/funding-free-exact/trace/none (nethermind_development)"
Sep 24 17:06:43.680 INF API: test ended suite=0 test=1583 pass=false
Sep 24 17:06:43.681 INF API: test started suite=0 test=1584 name="interop/funding-free-exact/trace/stateDiff-vmTrace (nethermind_development)"
Sep 24 17:06:43.684 INF API: test ended suite=0 test=1584 pass=false
Sep 24 17:06:43.685 INF API: test started suite=0 test=1585 name="interop/funding-free-exact/trace/stateDiff (nethermind_development)"
Sep 24 17:06:43.688 INF API: test ended suite=0 test=1585 pass=false
Sep 24 17:06:43.688 INF API: test started suite=0 test=1586 name="interop/funding-free-exact/trace/trace-stateDiff-vmTrace (nethermind_development)"
Sep 24 17:06:43.693 INF API: test ended suite=0 test=1586 pass=false
Sep 24 17:06:43.694 INF API: test started suite=0 test=1587 name="interop/funding-free-exact/trace/trace-stateDiff (nethermind_development)"
Sep 24 17:06:43.697 INF API: test ended suite=0 test=1587 pass=false
Sep 24 17:06:43.698 INF API: test started suite=0 test=1588 name="interop/funding-free-exact/trace/trace-vmTrace (nethermind_development)"
Sep 24 17:06:43.701 INF API: test ended suite=0 test=1588 pass=false
Sep 24 17:06:43.701 INF API: test started suite=0 test=1589 name="interop/funding-free-exact/trace/trace (nethermind_development)"
Sep 24 17:06:43.704 INF API: test ended suite=0 test=1589 pass=false
Sep 24 17:06:43.705 INF API: test started suite=0 test=1590 name="interop/funding-free-exact/trace/vmTrace (nethermind_development)"
Sep 24 17:06:43.710 INF API: test ended suite=0 test=1590 pass=false
Sep 24 17:06:43.711 INF API: test started suite=0 test=1591 name="interop/funding-free-short/eth (nethermind_development)"
Sep 24 17:06:43.712 INF API: test ended suite=0 test=1591 pass=false
Sep 24 17:06:43.713 INF API: test started suite=0 test=1592 name="interop/funding-free-short/trace/none (nethermind_development)"
Sep 24 17:06:43.715 INF API: test ended suite=0 test=1592 pass=false
Sep 24 17:06:43.715 INF API: test started suite=0 test=1593 name="interop/funding-free-short/trace/stateDiff-vmTrace (nethermind_development)"
Sep 24 17:06:43.717 INF API: test ended suite=0 test=1593 pass=false
Sep 24 17:06:43.718 INF API: test started suite=0 test=1594 name="interop/funding-free-short/trace/stateDiff (nethermind_development)"
Sep 24 17:06:43.720 INF API: test ended suite=0 test=1594 pass=false
Sep 24 17:06:43.721 INF API: test started suite=0 test=1595 name="interop/funding-free-short/trace/trace-stateDiff-vmTrace (nethermind_development)"
Sep 24 17:06:43.723 INF API: test ended suite=0 test=1595 pass=false
Sep 24 17:06:43.723 INF API: test started suite=0 test=1596 name="interop/funding-free-short/trace/trace-stateDiff (nethermind_development)"
Sep 24 17:06:43.725 INF API: test ended suite=0 test=1596 pass=false
Sep 24 17:06:43.726 INF API: test started suite=0 test=1597 name="interop/funding-free-short/trace/trace-vmTrace (nethermind_development)"
Sep 24 17:06:43.727 INF API: test ended suite=0 test=1597 pass=false
Sep 24 17:06:43.728 INF API: test started suite=0 test=1598 name="interop/funding-free-short/trace/trace (nethermind_development)"
Sep 24 17:06:43.730 INF API: test ended suite=0 test=1598 pass=false
Sep 24 17:06:43.730 INF API: test started suite=0 test=1599 name="interop/funding-free-short/trace/vmTrace (nethermind_development)"
Sep 24 17:06:43.732 INF API: test ended suite=0 test=1599 pass=false
Sep 24 17:06:43.733 INF API: test started suite=0 test=1600 name="interop/funding-legacy-exact/eth (nethermind_development)"
Sep 24 17:06:43.734 INF API: test ended suite=0 test=1600 pass=false
Sep 24 17:06:43.735 INF API: test started suite=0 test=1601 name="interop/funding-legacy-exact/trace/none (nethermind_development)"
Sep 24 17:06:43.737 INF API: test ended suite=0 test=1601 pass=false
Sep 24 17:06:43.738 INF API: test started suite=0 test=1602 name="interop/funding-legacy-exact/trace/stateDiff-vmTrace (nethermind_development)"
Sep 24 17:06:43.742 INF API: test ended suite=0 test=1602 pass=false
Sep 24 17:06:43.743 INF API: test started suite=0 test=1603 name="interop/funding-legacy-exact/trace/stateDiff (nethermind_development)"
Sep 24 17:06:43.745 INF API: test ended suite=0 test=1603 pass=false
Sep 24 17:06:43.746 INF API: test started suite=0 test=1604 name="interop/funding-legacy-exact/trace/trace-stateDiff-vmTrace (nethermind_development)"
Sep 24 17:06:43.750 INF API: test ended suite=0 test=1604 pass=false
Sep 24 17:06:43.751 INF API: test started suite=0 test=1605 name="interop/funding-legacy-exact/trace/trace-stateDiff (nethermind_development)"
Sep 24 17:06:43.754 INF API: test ended suite=0 test=1605 pass=false
Sep 24 17:06:43.754 INF API: test started suite=0 test=1606 name="interop/funding-legacy-exact/trace/trace-vmTrace (nethermind_development)"
Sep 24 17:06:43.757 INF API: test ended suite=0 test=1606 pass=false
Sep 24 17:06:43.758 INF API: test started suite=0 test=1607 name="interop/funding-legacy-exact/trace/trace (nethermind_development)"
Sep 24 17:06:43.761 INF API: test ended suite=0 test=1607 pass=false
Sep 24 17:06:43.762 INF API: test started suite=0 test=1608 name="interop/funding-legacy-exact/trace/vmTrace (nethermind_development)"
Sep 24 17:06:43.764 INF API: test ended suite=0 test=1608 pass=false
Sep 24 17:06:43.765 INF API: test started suite=0 test=1609 name="interop/funding-legacy-short/eth (nethermind_development)"
Sep 24 17:06:43.767 INF API: test ended suite=0 test=1609 pass=false
Sep 24 17:06:43.767 INF API: test started suite=0 test=1610 name="interop/funding-legacy-short/trace/none (nethermind_development)"
Sep 24 17:06:43.769 INF API: test ended suite=0 test=1610 pass=false
Sep 24 17:06:43.770 INF API: test started suite=0 test=1611 name="interop/funding-legacy-short/trace/stateDiff-vmTrace (nethermind_development)"
Sep 24 17:06:43.772 INF API: test ended suite=0 test=1611 pass=false
Sep 24 17:06:43.773 INF API: test started suite=0 test=1612 name="interop/funding-legacy-short/trace/stateDiff (nethermind_development)"
Sep 24 17:06:43.775 INF API: test ended suite=0 test=1612 pass=false
Sep 24 17:06:43.775 INF API: test started suite=0 test=1613 name="interop/funding-legacy-short/trace/trace-stateDiff-vmTrace (nethermind_development)"
Sep 24 17:06:43.777 INF API: test ended suite=0 test=1613 pass=false
Sep 24 17:06:43.777 INF API: test started suite=0 test=1614 name="interop/funding-legacy-short/trace/trace-stateDiff (nethermind_development)"
Sep 24 17:06:43.779 INF API: test ended suite=0 test=1614 pass=false
Sep 24 17:06:43.780 INF API: test started suite=0 test=1615 name="interop/funding-legacy-short/trace/trace-vmTrace (nethermind_development)"
Sep 24 17:06:43.782 INF API: test ended suite=0 test=1615 pass=false
Sep 24 17:06:43.783 INF API: test started suite=0 test=1616 name="interop/funding-legacy-short/trace/trace (nethermind_development)"
Sep 24 17:06:43.784 INF API: test ended suite=0 test=1616 pass=false
Sep 24 17:06:43.785 INF API: test started suite=0 test=1617 name="interop/funding-legacy-short/trace/vmTrace (nethermind_development)"
Sep 24 17:06:43.787 INF API: test ended suite=0 test=1617 pass=false
Sep 24 17:06:43.788 INF API: test started suite=0 test=1618 name="interop/funding-typed-effective-only/eth (nethermind_development)"
Sep 24 17:06:43.789 INF API: test ended suite=0 test=1618 pass=false
Sep 24 17:06:43.790 INF API: test started suite=0 test=1619 name="interop/funding-typed-effective-only/trace/none (nethermind_development)"
Sep 24 17:06:43.792 INF API: test ended suite=0 test=1619 pass=false
Sep 24 17:06:43.792 INF API: test started suite=0 test=1620 name="interop/funding-typed-effective-only/trace/stateDiff-vmTrace (nethermind_development)"
Sep 24 17:06:43.794 INF API: test ended suite=0 test=1620 pass=false
Sep 24 17:06:43.794 INF API: test started suite=0 test=1621 name="interop/funding-typed-effective-only/trace/stateDiff (nethermind_development)"
Sep 24 17:06:43.796 INF API: test ended suite=0 test=1621 pass=false
Sep 24 17:06:43.797 INF API: test started suite=0 test=1622 name="interop/funding-typed-effective-only/trace/trace-stateDiff-vmTrace (nethermind_development)"
Sep 24 17:06:43.799 INF API: test ended suite=0 test=1622 pass=false
Sep 24 17:06:43.800 INF API: test started suite=0 test=1623 name="interop/funding-typed-effective-only/trace/trace-stateDiff (nethermind_development)"
Sep 24 17:06:43.802 INF API: test ended suite=0 test=1623 pass=false
Sep 24 17:06:43.803 INF API: test started suite=0 test=1624 name="interop/funding-typed-effective-only/trace/trace-vmTrace (nethermind_development)"
Sep 24 17:06:43.805 INF API: test ended suite=0 test=1624 pass=false
Sep 24 17:06:43.806 INF API: test started suite=0 test=1625 name="interop/funding-typed-effective-only/trace/trace (nethermind_development)"
Sep 24 17:06:43.807 INF API: test ended suite=0 test=1625 pass=false
Sep 24 17:06:43.808 INF API: test started suite=0 test=1626 name="interop/funding-typed-effective-only/trace/vmTrace (nethermind_development)"
Sep 24 17:06:43.811 INF API: test ended suite=0 test=1626 pass=false
Sep 24 17:06:43.811 INF API: test started suite=0 test=1627 name="interop/funding-typed-exact/eth (nethermind_development)"
Sep 24 17:06:43.813 INF API: test ended suite=0 test=1627 pass=false
Sep 24 17:06:43.814 INF API: test started suite=0 test=1628 name="interop/funding-typed-exact/trace/none (nethermind_development)"
Sep 24 17:06:43.816 INF API: test ended suite=0 test=1628 pass=false
Sep 24 17:06:43.817 INF API: test started suite=0 test=1629 name="interop/funding-typed-exact/trace/stateDiff-vmTrace (nethermind_development)"
Sep 24 17:06:43.821 INF API: test ended suite=0 test=1629 pass=false
Sep 24 17:06:43.822 INF API: test started suite=0 test=1630 name="interop/funding-typed-exact/trace/stateDiff (nethermind_development)"
Sep 24 17:06:43.825 INF API: test ended suite=0 test=1630 pass=false
Sep 24 17:06:43.826 INF API: test started suite=0 test=1631 name="interop/funding-typed-exact/trace/trace-stateDiff-vmTrace (nethermind_development)"
Sep 24 17:06:43.830 INF API: test ended suite=0 test=1631 pass=false
Sep 24 17:06:43.831 INF API: test started suite=0 test=1632 name="interop/funding-typed-exact/trace/trace-stateDiff (nethermind_development)"
Sep 24 17:06:43.834 INF API: test ended suite=0 test=1632 pass=false
Sep 24 17:06:43.835 INF API: test started suite=0 test=1633 name="interop/funding-typed-exact/trace/trace-vmTrace (nethermind_development)"
Sep 24 17:06:43.838 INF API: test ended suite=0 test=1633 pass=false
Sep 24 17:06:43.839 INF API: test started suite=0 test=1634 name="interop/funding-typed-exact/trace/trace (nethermind_development)"
Sep 24 17:06:43.841 INF API: test ended suite=0 test=1634 pass=false
Sep 24 17:06:43.842 INF API: test started suite=0 test=1635 name="interop/funding-typed-exact/trace/vmTrace (nethermind_development)"
Sep 24 17:06:43.845 INF API: test ended suite=0 test=1635 pass=false
Sep 24 17:06:43.846 INF API: test started suite=0 test=1636 name="interop/funding-typed-free-exact/eth (nethermind_development)"
Sep 24 17:06:43.870 INF API: test ended suite=0 test=1636 pass=false
Sep 24 17:06:43.871 INF API: test started suite=0 test=1637 name="interop/funding-typed-free-exact/trace/none (nethermind_development)"
Sep 24 17:06:43.874 INF API: test ended suite=0 test=1637 pass=false
Sep 24 17:06:43.875 INF API: test started suite=0 test=1638 name="interop/funding-typed-free-exact/trace/stateDiff-vmTrace (nethermind_development)"
Sep 24 17:06:43.880 INF API: test ended suite=0 test=1638 pass=false
Sep 24 17:06:43.881 INF API: test started suite=0 test=1639 name="interop/funding-typed-free-exact/trace/stateDiff (nethermind_development)"
Sep 24 17:06:43.884 INF API: test ended suite=0 test=1639 pass=false
Sep 24 17:06:43.885 INF API: test started suite=0 test=1640 name="interop/funding-typed-free-exact/trace/trace-stateDiff-vmTrace (nethermind_development)"
Sep 24 17:06:43.888 INF API: test ended suite=0 test=1640 pass=false
Sep 24 17:06:43.889 INF API: test started suite=0 test=1641 name="interop/funding-typed-free-exact/trace/trace-stateDiff (nethermind_development)"
Sep 24 17:06:43.892 INF API: test ended suite=0 test=1641 pass=false
Sep 24 17:06:43.893 INF API: test started suite=0 test=1642 name="interop/funding-typed-free-exact/trace/trace-vmTrace (nethermind_development)"
Sep 24 17:06:43.896 INF API: test ended suite=0 test=1642 pass=false
Sep 24 17:06:43.897 INF API: test started suite=0 test=1643 name="interop/funding-typed-free-exact/trace/trace (nethermind_development)"
Sep 24 17:06:43.899 INF API: test ended suite=0 test=1643 pass=false
Sep 24 17:06:43.900 INF API: test started suite=0 test=1644 name="interop/funding-typed-free-exact/trace/vmTrace (nethermind_development)"
Sep 24 17:06:43.903 INF API: test ended suite=0 test=1644 pass=false
Sep 24 17:06:43.904 INF API: test started suite=0 test=1645 name="interop/funding-typed-free-short/eth (nethermind_development)"
Sep 24 17:06:43.905 INF API: test ended suite=0 test=1645 pass=false
Sep 24 17:06:43.906 INF API: test started suite=0 test=1646 name="interop/funding-typed-free-short/trace/none (nethermind_development)"
Sep 24 17:06:43.908 INF API: test ended suite=0 test=1646 pass=false
Sep 24 17:06:43.909 INF API: test started suite=0 test=1647 name="interop/funding-typed-free-short/trace/stateDiff-vmTrace (nethermind_development)"
Sep 24 17:06:43.910 INF API: test ended suite=0 test=1647 pass=false
Sep 24 17:06:43.911 INF API: test started suite=0 test=1648 name="interop/funding-typed-free-short/trace/stateDiff (nethermind_development)"
Sep 24 17:06:43.914 INF API: test ended suite=0 test=1648 pass=false
Sep 24 17:06:43.914 INF API: test started suite=0 test=1649 name="interop/funding-typed-free-short/trace/trace-stateDiff-vmTrace (nethermind_development)"
Sep 24 17:06:43.916 INF API: test ended suite=0 test=1649 pass=false
Sep 24 17:06:43.917 INF API: test started suite=0 test=1650 name="interop/funding-typed-free-short/trace/trace-stateDiff (nethermind_development)"
Sep 24 17:06:43.919 INF API: test ended suite=0 test=1650 pass=false
Sep 24 17:06:43.920 INF API: test started suite=0 test=1651 name="interop/funding-typed-free-short/trace/trace-vmTrace (nethermind_development)"
Sep 24 17:06:43.921 INF API: test ended suite=0 test=1651 pass=false
Sep 24 17:06:43.922 INF API: test started suite=0 test=1652 name="interop/funding-typed-free-short/trace/trace (nethermind_development)"
Sep 24 17:06:43.925 INF API: test ended suite=0 test=1652 pass=false
Sep 24 17:06:43.925 INF API: test started suite=0 test=1653 name="interop/funding-typed-free-short/trace/vmTrace (nethermind_development)"
Sep 24 17:06:43.927 INF API: test ended suite=0 test=1653 pass=false
Sep 24 17:06:43.928 INF API: test started suite=0 test=1654 name="interop/funding-typed-short/eth (nethermind_development)"
Sep 24 17:06:43.930 INF API: test ended suite=0 test=1654 pass=false
Sep 24 17:06:43.931 INF API: test started suite=0 test=1655 name="interop/funding-typed-short/trace/none (nethermind_development)"
Sep 24 17:06:43.933 INF API: test ended suite=0 test=1655 pass=false
Sep 24 17:06:43.933 INF API: test started suite=0 test=1656 name="interop/funding-typed-short/trace/stateDiff-vmTrace (nethermind_development)"
Sep 24 17:06:43.935 INF API: test ended suite=0 test=1656 pass=false
Sep 24 17:06:43.936 INF API: test started suite=0 test=1657 name="interop/funding-typed-short/trace/stateDiff (nethermind_development)"
Sep 24 17:06:43.937 INF API: test ended suite=0 test=1657 pass=false
Sep 24 17:06:43.938 INF API: test started suite=0 test=1658 name="interop/funding-typed-short/trace/trace-stateDiff-vmTrace (nethermind_development)"
Sep 24 17:06:43.940 INF API: test ended suite=0 test=1658 pass=false
Sep 24 17:06:43.941 INF API: test started suite=0 test=1659 name="interop/funding-typed-short/trace/trace-stateDiff (nethermind_development)"
Sep 24 17:06:43.942 INF API: test ended suite=0 test=1659 pass=false
Sep 24 17:06:43.943 INF API: test started suite=0 test=1660 name="interop/funding-typed-short/trace/trace-vmTrace (nethermind_development)"
Sep 24 17:06:43.945 INF API: test ended suite=0 test=1660 pass=false
Sep 24 17:06:43.946 INF API: test started suite=0 test=1661 name="interop/funding-typed-short/trace/trace (nethermind_development)"
Sep 24 17:06:43.947 INF API: test ended suite=0 test=1661 pass=false
Sep 24 17:06:43.948 INF API: test started suite=0 test=1662 name="interop/funding-typed-short/trace/vmTrace (nethermind_development)"
Sep 24 17:06:43.949 INF API: test ended suite=0 test=1662 pass=false
Sep 24 17:06:43.950 INF API: test started suite=0 test=1663 name="interop/legacy-above-base/eth (nethermind_development)"
Sep 24 17:06:43.952 INF API: test ended suite=0 test=1663 pass=false
Sep 24 17:06:43.953 INF API: test started suite=0 test=1664 name="interop/legacy-above-base/trace/none (nethermind_development)"
Sep 24 17:06:43.955 INF API: test ended suite=0 test=1664 pass=false
Sep 24 17:06:43.956 INF API: test started suite=0 test=1665 name="interop/legacy-above-base/trace/stateDiff-vmTrace (nethermind_development)"
Sep 24 17:06:43.960 INF API: test ended suite=0 test=1665 pass=false
Sep 24 17:06:43.961 INF API: test started suite=0 test=1666 name="interop/legacy-above-base/trace/stateDiff (nethermind_development)"
Sep 24 17:06:43.963 INF API: test ended suite=0 test=1666 pass=false
Sep 24 17:06:43.964 INF API: test started suite=0 test=1667 name="interop/legacy-above-base/trace/trace-stateDiff-vmTrace (nethermind_development)"
Sep 24 17:06:43.968 INF API: test ended suite=0 test=1667 pass=false
Sep 24 17:06:43.969 INF API: test started suite=0 test=1668 name="interop/legacy-above-base/trace/trace-stateDiff (nethermind_development)"
Sep 24 17:06:43.971 INF API: test ended suite=0 test=1668 pass=false
Sep 24 17:06:43.972 INF API: test started suite=0 test=1669 name="interop/legacy-above-base/trace/trace-vmTrace (nethermind_development)"
Sep 24 17:06:43.976 INF API: test ended suite=0 test=1669 pass=false
Sep 24 17:06:43.977 INF API: test started suite=0 test=1670 name="interop/legacy-above-base/trace/trace (nethermind_development)"
Sep 24 17:06:43.979 INF API: test ended suite=0 test=1670 pass=false
Sep 24 17:06:43.980 INF API: test started suite=0 test=1671 name="interop/legacy-above-base/trace/vmTrace (nethermind_development)"
Sep 24 17:06:43.983 INF API: test ended suite=0 test=1671 pass=false
Sep 24 17:06:43.984 INF API: test started suite=0 test=1672 name="interop/legacy-at-base/eth (nethermind_development)"
Sep 24 17:06:43.985 INF API: test ended suite=0 test=1672 pass=false
Sep 24 17:06:43.986 INF API: test started suite=0 test=1673 name="interop/legacy-at-base/trace/none (nethermind_development)"
Sep 24 17:06:43.988 INF API: test ended suite=0 test=1673 pass=false
Sep 24 17:06:43.989 INF API: test started suite=0 test=1674 name="interop/legacy-at-base/trace/stateDiff-vmTrace (nethermind_development)"
Sep 24 17:06:43.992 INF API: test ended suite=0 test=1674 pass=false
Sep 24 17:06:43.993 INF API: test started suite=0 test=1675 name="interop/legacy-at-base/trace/stateDiff (nethermind_development)"
Sep 24 17:06:43.995 INF API: test ended suite=0 test=1675 pass=false
Sep 24 17:06:43.996 INF API: test started suite=0 test=1676 name="interop/legacy-at-base/trace/trace-stateDiff-vmTrace (nethermind_development)"
Sep 24 17:06:44.000 INF API: test ended suite=0 test=1676 pass=false
Sep 24 17:06:44.001 INF API: test started suite=0 test=1677 name="interop/legacy-at-base/trace/trace-stateDiff (nethermind_development)"
Sep 24 17:06:44.003 INF API: test ended suite=0 test=1677 pass=false
Sep 24 17:06:44.004 INF API: test started suite=0 test=1678 name="interop/legacy-at-base/trace/trace-vmTrace (nethermind_development)"
Sep 24 17:06:44.007 INF API: test ended suite=0 test=1678 pass=false
Sep 24 17:06:44.007 INF API: test started suite=0 test=1679 name="interop/legacy-at-base/trace/trace (nethermind_development)"
Sep 24 17:06:44.009 INF API: test ended suite=0 test=1679 pass=false
Sep 24 17:06:44.010 INF API: test started suite=0 test=1680 name="interop/legacy-at-base/trace/vmTrace (nethermind_development)"
Sep 24 17:06:44.013 INF API: test ended suite=0 test=1680 pass=false
Sep 24 17:06:44.014 INF API: test started suite=0 test=1681 name="interop/legacy-below-base/eth (nethermind_development)"
Sep 24 17:06:44.015 INF API: test ended suite=0 test=1681 pass=false
Sep 24 17:06:44.016 INF API: test started suite=0 test=1682 name="interop/legacy-below-base/trace/none (nethermind_development)"
Sep 24 17:06:44.017 INF API: test ended suite=0 test=1682 pass=false
Sep 24 17:06:44.018 INF API: test started suite=0 test=1683 name="interop/legacy-below-base/trace/stateDiff-vmTrace (nethermind_development)"
Sep 24 17:06:44.020 INF API: test ended suite=0 test=1683 pass=false
Sep 24 17:06:44.021 INF API: test started suite=0 test=1684 name="interop/legacy-below-base/trace/stateDiff (nethermind_development)"
Sep 24 17:06:44.022 INF API: test ended suite=0 test=1684 pass=false
Sep 24 17:06:44.023 INF API: test started suite=0 test=1685 name="interop/legacy-below-base/trace/trace-stateDiff-vmTrace (nethermind_development)"
Sep 24 17:06:44.025 INF API: test ended suite=0 test=1685 pass=false
Sep 24 17:06:44.026 INF API: test started suite=0 test=1686 name="interop/legacy-below-base/trace/trace-stateDiff (nethermind_development)"
Sep 24 17:06:44.027 INF API: test ended suite=0 test=1686 pass=false
Sep 24 17:06:44.028 INF API: test started suite=0 test=1687 name="interop/legacy-below-base/trace/trace-vmTrace (nethermind_development)"
Sep 24 17:06:44.029 INF API: test ended suite=0 test=1687 pass=false
Sep 24 17:06:44.030 INF API: test started suite=0 test=1688 name="interop/legacy-below-base/trace/trace (nethermind_development)"
Sep 24 17:06:44.031 INF API: test ended suite=0 test=1688 pass=false
Sep 24 17:06:44.032 INF API: test started suite=0 test=1689 name="interop/legacy-below-base/trace/vmTrace (nethermind_development)"
Sep 24 17:06:44.034 INF API: test ended suite=0 test=1689 pass=false
Sep 24 17:06:44.034 INF API: test started suite=0 test=1690 name="interop/legacy-one/eth (nethermind_development)"
Sep 24 17:06:44.036 INF API: test ended suite=0 test=1690 pass=false
Sep 24 17:06:44.036 INF API: test started suite=0 test=1691 name="interop/legacy-one/trace/none (nethermind_development)"
Sep 24 17:06:44.038 INF API: test ended suite=0 test=1691 pass=false
Sep 24 17:06:44.038 INF API: test started suite=0 test=1692 name="interop/legacy-one/trace/stateDiff-vmTrace (nethermind_development)"
Sep 24 17:06:44.040 INF API: test ended suite=0 test=1692 pass=false
Sep 24 17:06:44.041 INF API: test started suite=0 test=1693 name="interop/legacy-one/trace/stateDiff (nethermind_development)"
Sep 24 17:06:44.043 INF API: test ended suite=0 test=1693 pass=false
Sep 24 17:06:44.044 INF API: test started suite=0 test=1694 name="interop/legacy-one/trace/trace-stateDiff-vmTrace (nethermind_development)"
Sep 24 17:06:44.045 INF API: test ended suite=0 test=1694 pass=false
Sep 24 17:06:44.046 INF API: test started suite=0 test=1695 name="interop/legacy-one/trace/trace-stateDiff (nethermind_development)"
Sep 24 17:06:44.048 INF API: test ended suite=0 test=1695 pass=false
Sep 24 17:06:44.048 INF API: test started suite=0 test=1696 name="interop/legacy-one/trace/trace-vmTrace (nethermind_development)"
Sep 24 17:06:44.050 INF API: test ended suite=0 test=1696 pass=false
Sep 24 17:06:44.051 INF API: test started suite=0 test=1697 name="interop/legacy-one/trace/trace (nethermind_development)"
Sep 24 17:06:44.053 INF API: test ended suite=0 test=1697 pass=false
Sep 24 17:06:44.053 INF API: test started suite=0 test=1698 name="interop/legacy-one/trace/vmTrace (nethermind_development)"
Sep 24 17:06:44.055 INF API: test ended suite=0 test=1698 pass=false
Sep 24 17:06:44.056 INF API: test started suite=0 test=1699 name="interop/legacy-zero/eth (nethermind_development)"
Sep 24 17:06:44.057 INF API: test ended suite=0 test=1699 pass=false
Sep 24 17:06:44.058 INF API: test started suite=0 test=1700 name="interop/legacy-zero/trace/none (nethermind_development)"
Sep 24 17:06:44.060 INF API: test ended suite=0 test=1700 pass=false
Sep 24 17:06:44.061 INF API: test started suite=0 test=1701 name="interop/legacy-zero/trace/stateDiff-vmTrace (nethermind_development)"
Sep 24 17:06:44.065 INF API: test ended suite=0 test=1701 pass=false
Sep 24 17:06:44.065 INF API: test started suite=0 test=1702 name="interop/legacy-zero/trace/stateDiff (nethermind_development)"
Sep 24 17:06:44.068 INF API: test ended suite=0 test=1702 pass=false
Sep 24 17:06:44.069 INF API: test started suite=0 test=1703 name="interop/legacy-zero/trace/trace-stateDiff-vmTrace (nethermind_development)"
Sep 24 17:06:44.072 INF API: test ended suite=0 test=1703 pass=false
Sep 24 17:06:44.073 INF API: test started suite=0 test=1704 name="interop/legacy-zero/trace/trace-stateDiff (nethermind_development)"
Sep 24 17:06:44.075 INF API: test ended suite=0 test=1704 pass=false
Sep 24 17:06:44.076 INF API: test started suite=0 test=1705 name="interop/legacy-zero/trace/trace-vmTrace (nethermind_development)"
Sep 24 17:06:44.080 INF API: test ended suite=0 test=1705 pass=false
Sep 24 17:06:44.081 INF API: test started suite=0 test=1706 name="interop/legacy-zero/trace/trace (nethermind_development)"
Sep 24 17:06:44.084 INF API: test ended suite=0 test=1706 pass=false
Sep 24 17:06:44.085 INF API: test started suite=0 test=1707 name="interop/legacy-zero/trace/vmTrace (nethermind_development)"
Sep 24 17:06:44.088 INF API: test ended suite=0 test=1707 pass=false
Sep 24 17:06:44.089 INF API: test started suite=0 test=1708 name="interop/typed-at-base/eth (nethermind_development)"
Sep 24 17:06:44.091 INF API: test ended suite=0 test=1708 pass=false
Sep 24 17:06:44.092 INF API: test started suite=0 test=1709 name="interop/typed-at-base/trace/none (nethermind_development)"
Sep 24 17:06:44.094 INF API: test ended suite=0 test=1709 pass=false
Sep 24 17:06:44.095 INF API: test started suite=0 test=1710 name="interop/typed-at-base/trace/stateDiff-vmTrace (nethermind_development)"
Sep 24 17:06:44.099 INF API: test ended suite=0 test=1710 pass=false
Sep 24 17:06:44.099 INF API: test started suite=0 test=1711 name="interop/typed-at-base/trace/stateDiff (nethermind_development)"
Sep 24 17:06:44.102 INF API: test ended suite=0 test=1711 pass=false
Sep 24 17:06:44.103 INF API: test started suite=0 test=1712 name="interop/typed-at-base/trace/trace-stateDiff-vmTrace (nethermind_development)"
Sep 24 17:06:44.106 INF API: test ended suite=0 test=1712 pass=false
Sep 24 17:06:44.107 INF API: test started suite=0 test=1713 name="interop/typed-at-base/trace/trace-stateDiff (nethermind_development)"
Sep 24 17:06:44.109 INF API: test ended suite=0 test=1713 pass=false
Sep 24 17:06:44.110 INF API: test started suite=0 test=1714 name="interop/typed-at-base/trace/trace-vmTrace (nethermind_development)"
Sep 24 17:06:44.113 INF API: test ended suite=0 test=1714 pass=false
Sep 24 17:06:44.114 INF API: test started suite=0 test=1715 name="interop/typed-at-base/trace/trace (nethermind_development)"
Sep 24 17:06:44.116 INF API: test ended suite=0 test=1715 pass=false
Sep 24 17:06:44.117 INF API: test started suite=0 test=1716 name="interop/typed-at-base/trace/vmTrace (nethermind_development)"
Sep 24 17:06:44.119 INF API: test ended suite=0 test=1716 pass=false
Sep 24 17:06:44.120 INF API: test started suite=0 test=1717 name="interop/typed-below-base/eth (nethermind_development)"
Sep 24 17:06:44.121 INF API: test ended suite=0 test=1717 pass=false
Sep 24 17:06:44.122 INF API: test started suite=0 test=1718 name="interop/typed-below-base/trace/none (nethermind_development)"
Sep 24 17:06:44.123 INF API: test ended suite=0 test=1718 pass=false
Sep 24 17:06:44.124 INF API: test started suite=0 test=1719 name="interop/typed-below-base/trace/stateDiff-vmTrace (nethermind_development)"
Sep 24 17:06:44.126 INF API: test ended suite=0 test=1719 pass=false
Sep 24 17:06:44.127 INF API: test started suite=0 test=1720 name="interop/typed-below-base/trace/stateDiff (nethermind_development)"
Sep 24 17:06:44.128 INF API: test ended suite=0 test=1720 pass=false
Sep 24 17:06:44.129 INF API: test started suite=0 test=1721 name="interop/typed-below-base/trace/trace-stateDiff-vmTrace (nethermind_development)"
Sep 24 17:06:44.131 INF API: test ended suite=0 test=1721 pass=false
Sep 24 17:06:44.131 INF API: test started suite=0 test=1722 name="interop/typed-below-base/trace/trace-stateDiff (nethermind_development)"
Sep 24 17:06:44.133 INF API: test ended suite=0 test=1722 pass=false
Sep 24 17:06:44.134 INF API: test started suite=0 test=1723 name="interop/typed-below-base/trace/trace-vmTrace (nethermind_development)"
Sep 24 17:06:44.135 INF API: test ended suite=0 test=1723 pass=false
Sep 24 17:06:44.136 INF API: test started suite=0 test=1724 name="interop/typed-below-base/trace/trace (nethermind_development)"
Sep 24 17:06:44.138 INF API: test ended suite=0 test=1724 pass=false
Sep 24 17:06:44.139 INF API: test started suite=0 test=1725 name="interop/typed-below-base/trace/vmTrace (nethermind_development)"
Sep 24 17:06:44.141 INF API: test ended suite=0 test=1725 pass=false
Sep 24 17:06:44.142 INF API: test started suite=0 test=1726 name="interop/typed-below-base-positive-tip/eth (nethermind_development)"
Sep 24 17:06:44.144 INF API: test ended suite=0 test=1726 pass=false
Sep 24 17:06:44.144 INF API: test started suite=0 test=1727 name="interop/typed-below-base-positive-tip/trace/none (nethermind_development)"
Sep 24 17:06:44.147 INF API: test ended suite=0 test=1727 pass=false
Sep 24 17:06:44.148 INF API: test started suite=0 test=1728 name="interop/typed-below-base-positive-tip/trace/stateDiff-vmTrace (nethermind_development)"
Sep 24 17:06:44.149 INF API: test ended suite=0 test=1728 pass=false
Sep 24 17:06:44.150 INF API: test started suite=0 test=1729 name="interop/typed-below-base-positive-tip/trace/stateDiff (nethermind_development)"
Sep 24 17:06:44.152 INF API: test ended suite=0 test=1729 pass=false
Sep 24 17:06:44.153 INF API: test started suite=0 test=1730 name="interop/typed-below-base-positive-tip/trace/trace-stateDiff-vmTrace (nethermind_development)"
Sep 24 17:06:44.154 INF API: test ended suite=0 test=1730 pass=false
Sep 24 17:06:44.155 INF API: test started suite=0 test=1731 name="interop/typed-below-base-positive-tip/trace/trace-stateDiff (nethermind_development)"
Sep 24 17:06:44.156 INF API: test ended suite=0 test=1731 pass=false
Sep 24 17:06:44.157 INF API: test started suite=0 test=1732 name="interop/typed-below-base-positive-tip/trace/trace-vmTrace (nethermind_development)"
Sep 24 17:06:44.158 INF API: test ended suite=0 test=1732 pass=false
Sep 24 17:06:44.159 INF API: test started suite=0 test=1733 name="interop/typed-below-base-positive-tip/trace/trace (nethermind_development)"
Sep 24 17:06:44.160 INF API: test ended suite=0 test=1733 pass=false
Sep 24 17:06:44.161 INF API: test started suite=0 test=1734 name="interop/typed-below-base-positive-tip/trace/vmTrace (nethermind_development)"
Sep 24 17:06:44.162 INF API: test ended suite=0 test=1734 pass=false
Sep 24 17:06:44.163 INF API: test started suite=0 test=1735 name="interop/typed-cap-limited/eth (nethermind_development)"
Sep 24 17:06:44.164 INF API: test ended suite=0 test=1735 pass=false
Sep 24 17:06:44.165 INF API: test started suite=0 test=1736 name="interop/typed-cap-limited/trace/none (nethermind_development)"
Sep 24 17:06:44.167 INF API: test ended suite=0 test=1736 pass=false
Sep 24 17:06:44.168 INF API: test started suite=0 test=1737 name="interop/typed-cap-limited/trace/stateDiff-vmTrace (nethermind_development)"
Sep 24 17:06:44.170 INF API: test ended suite=0 test=1737 pass=false
Sep 24 17:06:44.171 INF API: test started suite=0 test=1738 name="interop/typed-cap-limited/trace/stateDiff (nethermind_development)"
Sep 24 17:06:44.173 INF API: test ended suite=0 test=1738 pass=false
Sep 24 17:06:44.174 INF API: test started suite=0 test=1739 name="interop/typed-cap-limited/trace/trace-stateDiff-vmTrace (nethermind_development)"
Sep 24 17:06:44.176 INF API: test ended suite=0 test=1739 pass=false
Sep 24 17:06:44.177 INF API: test started suite=0 test=1740 name="interop/typed-cap-limited/trace/trace-stateDiff (nethermind_development)"
Sep 24 17:06:44.179 INF API: test ended suite=0 test=1740 pass=false
Sep 24 17:06:44.180 INF API: test started suite=0 test=1741 name="interop/typed-cap-limited/trace/trace-vmTrace (nethermind_development)"
Sep 24 17:06:44.183 INF API: test ended suite=0 test=1741 pass=false
Sep 24 17:06:44.184 INF API: test started suite=0 test=1742 name="interop/typed-cap-limited/trace/trace (nethermind_development)"
Sep 24 17:06:44.186 INF API: test ended suite=0 test=1742 pass=false
Sep 24 17:06:44.187 INF API: test started suite=0 test=1743 name="interop/typed-cap-limited/trace/vmTrace (nethermind_development)"
Sep 24 17:06:44.189 INF API: test ended suite=0 test=1743 pass=false
Sep 24 17:06:44.190 INF API: test started suite=0 test=1744 name="interop/typed-one/eth (nethermind_development)"
Sep 24 17:06:44.192 INF API: test ended suite=0 test=1744 pass=false
Sep 24 17:06:44.192 INF API: test started suite=0 test=1745 name="interop/typed-one/trace/none (nethermind_development)"
Sep 24 17:06:44.194 INF API: test ended suite=0 test=1745 pass=false
Sep 24 17:06:44.195 INF API: test started suite=0 test=1746 name="interop/typed-one/trace/stateDiff-vmTrace (nethermind_development)"
Sep 24 17:06:44.196 INF API: test ended suite=0 test=1746 pass=false
Sep 24 17:06:44.197 INF API: test started suite=0 test=1747 name="interop/typed-one/trace/stateDiff (nethermind_development)"
Sep 24 17:06:44.199 INF API: test ended suite=0 test=1747 pass=false
Sep 24 17:06:44.199 INF API: test started suite=0 test=1748 name="interop/typed-one/trace/trace-stateDiff-vmTrace (nethermind_development)"
Sep 24 17:06:44.201 INF API: test ended suite=0 test=1748 pass=false
Sep 24 17:06:44.201 INF API: test started suite=0 test=1749 name="interop/typed-one/trace/trace-stateDiff (nethermind_development)"
Sep 24 17:06:44.203 INF API: test ended suite=0 test=1749 pass=false
Sep 24 17:06:44.203 INF API: test started suite=0 test=1750 name="interop/typed-one/trace/trace-vmTrace (nethermind_development)"
Sep 24 17:06:44.205 INF API: test ended suite=0 test=1750 pass=false
Sep 24 17:06:44.206 INF API: test started suite=0 test=1751 name="interop/typed-one/trace/trace (nethermind_development)"
Sep 24 17:06:44.207 INF API: test ended suite=0 test=1751 pass=false
Sep 24 17:06:44.208 INF API: test started suite=0 test=1752 name="interop/typed-one/trace/vmTrace (nethermind_development)"
Sep 24 17:06:44.209 INF API: test ended suite=0 test=1752 pass=false
Sep 24 17:06:44.210 INF API: test started suite=0 test=1753 name="interop/typed-tip-equals-cap/eth (nethermind_development)"
Sep 24 17:06:44.211 INF API: test ended suite=0 test=1753 pass=false
Sep 24 17:06:44.212 INF API: test started suite=0 test=1754 name="interop/typed-tip-equals-cap/trace/none (nethermind_development)"
Sep 24 17:06:44.214 INF API: test ended suite=0 test=1754 pass=false
Sep 24 17:06:44.214 INF API: test started suite=0 test=1755 name="interop/typed-tip-equals-cap/trace/stateDiff-vmTrace (nethermind_development)"
Sep 24 17:06:44.218 INF API: test ended suite=0 test=1755 pass=false
Sep 24 17:06:44.218 INF API: test started suite=0 test=1756 name="interop/typed-tip-equals-cap/trace/stateDiff (nethermind_development)"
Sep 24 17:06:44.220 INF API: test ended suite=0 test=1756 pass=false
Sep 24 17:06:44.221 INF API: test started suite=0 test=1757 name="interop/typed-tip-equals-cap/trace/trace-stateDiff-vmTrace (nethermind_development)"
Sep 24 17:06:44.224 INF API: test ended suite=0 test=1757 pass=false
Sep 24 17:06:44.224 INF API: test started suite=0 test=1758 name="interop/typed-tip-equals-cap/trace/trace-stateDiff (nethermind_development)"
Sep 24 17:06:44.226 INF API: test ended suite=0 test=1758 pass=false
Sep 24 17:06:44.227 INF API: test started suite=0 test=1759 name="interop/typed-tip-equals-cap/trace/trace-vmTrace (nethermind_development)"
Sep 24 17:06:44.230 INF API: test ended suite=0 test=1759 pass=false
Sep 24 17:06:44.231 INF API: test started suite=0 test=1760 name="interop/typed-tip-equals-cap/trace/trace (nethermind_development)"
Sep 24 17:06:44.233 INF API: test ended suite=0 test=1760 pass=false
Sep 24 17:06:44.233 INF API: test started suite=0 test=1761 name="interop/typed-tip-equals-cap/trace/vmTrace (nethermind_development)"
Sep 24 17:06:44.235 INF API: test ended suite=0 test=1761 pass=false
Sep 24 17:06:44.236 INF API: test started suite=0 test=1762 name="interop/typed-tip-limited/eth (nethermind_development)"
Sep 24 17:06:44.237 INF API: test ended suite=0 test=1762 pass=false
Sep 24 17:06:44.238 INF API: test started suite=0 test=1763 name="interop/typed-tip-limited/trace/none (nethermind_development)"
Sep 24 17:06:44.240 INF API: test ended suite=0 test=1763 pass=false
Sep 24 17:06:44.240 INF API: test started suite=0 test=1764 name="interop/typed-tip-limited/trace/stateDiff-vmTrace (nethermind_development)"
Sep 24 17:06:44.244 INF API: test ended suite=0 test=1764 pass=false
Sep 24 17:06:44.245 INF API: test started suite=0 test=1765 name="interop/typed-tip-limited/trace/stateDiff (nethermind_development)"
Sep 24 17:06:44.247 INF API: test ended suite=0 test=1765 pass=false
Sep 24 17:06:44.248 INF API: test started suite=0 test=1766 name="interop/typed-tip-limited/trace/trace-stateDiff-vmTrace (nethermind_development)"
Sep 24 17:06:44.251 INF API: test ended suite=0 test=1766 pass=false
Sep 24 17:06:44.252 INF API: test started suite=0 test=1767 name="interop/typed-tip-limited/trace/trace-stateDiff (nethermind_development)"
Sep 24 17:06:44.254 INF API: test ended suite=0 test=1767 pass=false
Sep 24 17:06:44.255 INF API: test started suite=0 test=1768 name="interop/typed-tip-limited/trace/trace-vmTrace (nethermind_development)"
Sep 24 17:06:44.258 INF API: test ended suite=0 test=1768 pass=false
Sep 24 17:06:44.258 INF API: test started suite=0 test=1769 name="interop/typed-tip-limited/trace/trace (nethermind_development)"
Sep 24 17:06:44.260 INF API: test ended suite=0 test=1769 pass=false
Sep 24 17:06:44.261 INF API: test started suite=0 test=1770 name="interop/typed-tip-limited/trace/vmTrace (nethermind_development)"
Sep 24 17:06:44.264 INF API: test ended suite=0 test=1770 pass=false
Sep 24 17:06:44.265 INF API: test started suite=0 test=1771 name="interop/typed-tip-over-cap/eth (nethermind_development)"
Sep 24 17:06:44.267 INF API: test ended suite=0 test=1771 pass=false
Sep 24 17:06:44.267 INF API: test started suite=0 test=1772 name="interop/typed-tip-over-cap/trace/none (nethermind_development)"
Sep 24 17:06:44.269 INF API: test ended suite=0 test=1772 pass=false
Sep 24 17:06:44.270 INF API: test started suite=0 test=1773 name="interop/typed-tip-over-cap/trace/stateDiff-vmTrace (nethermind_development)"
Sep 24 17:06:44.271 INF API: test ended suite=0 test=1773 pass=false
Sep 24 17:06:44.272 INF API: test started suite=0 test=1774 name="interop/typed-tip-over-cap/trace/stateDiff (nethermind_development)"
Sep 24 17:06:44.273 INF API: test ended suite=0 test=1774 pass=false
Sep 24 17:06:44.274 INF API: test started suite=0 test=1775 name="interop/typed-tip-over-cap/trace/trace-stateDiff-vmTrace (nethermind_development)"
Sep 24 17:06:44.275 INF API: test ended suite=0 test=1775 pass=false
Sep 24 17:06:44.276 INF API: test started suite=0 test=1776 name="interop/typed-tip-over-cap/trace/trace-stateDiff (nethermind_development)"
Sep 24 17:06:44.277 INF API: test ended suite=0 test=1776 pass=false
Sep 24 17:06:44.278 INF API: test started suite=0 test=1777 name="interop/typed-tip-over-cap/trace/trace-vmTrace (nethermind_development)"
Sep 24 17:06:44.279 INF API: test ended suite=0 test=1777 pass=false
Sep 24 17:06:44.279 INF API: test started suite=0 test=1778 name="interop/typed-tip-over-cap/trace/trace (nethermind_development)"
Sep 24 17:06:44.280 INF API: test ended suite=0 test=1778 pass=false
Sep 24 17:06:44.281 INF API: test started suite=0 test=1779 name="interop/typed-tip-over-cap/trace/vmTrace (nethermind_development)"
Sep 24 17:06:44.283 INF API: test ended suite=0 test=1779 pass=false
Sep 24 17:06:44.283 INF API: test started suite=0 test=1780 name="interop/typed-zero/eth (nethermind_development)"
Sep 24 17:06:44.285 INF API: test ended suite=0 test=1780 pass=false
Sep 24 17:06:44.286 INF API: test started suite=0 test=1781 name="interop/typed-zero/trace/none (nethermind_development)"
Sep 24 17:06:44.288 INF API: test ended suite=0 test=1781 pass=false
Sep 24 17:06:44.289 INF API: test started suite=0 test=1782 name="interop/typed-zero/trace/stateDiff-vmTrace (nethermind_development)"
Sep 24 17:06:44.293 INF API: test ended suite=0 test=1782 pass=false
Sep 24 17:06:44.294 INF API: test started suite=0 test=1783 name="interop/typed-zero/trace/stateDiff (nethermind_development)"
Sep 24 17:06:44.296 INF API: test ended suite=0 test=1783 pass=false
Sep 24 17:06:44.297 INF API: test started suite=0 test=1784 name="interop/typed-zero/trace/trace-stateDiff-vmTrace (nethermind_development)"
Sep 24 17:06:44.300 INF API: test ended suite=0 test=1784 pass=false
Sep 24 17:06:44.301 INF API: test started suite=0 test=1785 name="interop/typed-zero/trace/trace-stateDiff (nethermind_development)"
Sep 24 17:06:44.303 INF API: test ended suite=0 test=1785 pass=false
Sep 24 17:06:44.304 INF API: test started suite=0 test=1786 name="interop/typed-zero/trace/trace-vmTrace (nethermind_development)"
Sep 24 17:06:44.307 INF API: test ended suite=0 test=1786 pass=false
Sep 24 17:06:44.308 INF API: test started suite=0 test=1787 name="interop/typed-zero/trace/trace (nethermind_development)"
Sep 24 17:06:44.310 INF API: test ended suite=0 test=1787 pass=false
Sep 24 17:06:44.310 INF API: test started suite=0 test=1788 name="interop/typed-zero/trace/vmTrace (nethermind_development)"
Sep 24 17:06:44.313 INF API: test ended suite=0 test=1788 pass=false
Sep 24 17:06:44.314 INF API: test started suite=0 test=1789 name="interop/typed-zero-cap-positive-tip/eth (nethermind_development)"
Sep 24 17:06:44.315 INF API: test ended suite=0 test=1789 pass=false
Sep 24 17:06:44.316 INF API: test started suite=0 test=1790 name="interop/typed-zero-cap-positive-tip/trace/none (nethermind_development)"
Sep 24 17:06:44.317 INF API: test ended suite=0 test=1790 pass=false
Sep 24 17:06:44.318 INF API: test started suite=0 test=1791 name="interop/typed-zero-cap-positive-tip/trace/stateDiff-vmTrace (nethermind_development)"
Sep 24 17:06:44.319 INF API: test ended suite=0 test=1791 pass=false
Sep 24 17:06:44.320 INF API: test started suite=0 test=1792 name="interop/typed-zero-cap-positive-tip/trace/stateDiff (nethermind_development)"
Sep 24 17:06:44.321 INF API: test ended suite=0 test=1792 pass=false
Sep 24 17:06:44.322 INF API: test started suite=0 test=1793 name="interop/typed-zero-cap-positive-tip/trace/trace-stateDiff-vmTrace (nethermind_development)"
Sep 24 17:06:44.323 INF API: test ended suite=0 test=1793 pass=false
Sep 24 17:06:44.324 INF API: test started suite=0 test=1794 name="interop/typed-zero-cap-positive-tip/trace/trace-stateDiff (nethermind_development)"
Sep 24 17:06:44.325 INF API: test ended suite=0 test=1794 pass=false
Sep 24 17:06:44.326 INF API: test started suite=0 test=1795 name="interop/typed-zero-cap-positive-tip/trace/trace-vmTrace (nethermind_development)"
Sep 24 17:06:44.327 INF API: test ended suite=0 test=1795 pass=false
Sep 24 17:06:44.328 INF API: test started suite=0 test=1796 name="interop/typed-zero-cap-positive-tip/trace/trace (nethermind_development)"
Sep 24 17:06:44.329 INF API: test ended suite=0 test=1796 pass=false
Sep 24 17:06:44.329 INF API: test started suite=0 test=1797 name="interop/typed-zero-cap-positive-tip/trace/vmTrace (nethermind_development)"
Sep 24 17:06:44.331 INF API: test ended suite=0 test=1797 pass=false
Sep 24 17:06:44.331 INF API: test started suite=0 test=1798 name="interop/typed-zero-tip/eth (nethermind_development)"
Sep 24 17:06:44.333 INF API: test ended suite=0 test=1798 pass=false
Sep 24 17:06:44.334 INF API: test started suite=0 test=1799 name="interop/typed-zero-tip/trace/none (nethermind_development)"
Sep 24 17:06:44.337 INF API: test ended suite=0 test=1799 pass=false
Sep 24 17:06:44.337 INF API: test started suite=0 test=1800 name="interop/typed-zero-tip/trace/stateDiff-vmTrace (nethermind_development)"
Sep 24 17:06:44.340 INF API: test ended suite=0 test=1800 pass=false
Sep 24 17:06:44.341 INF API: test started suite=0 test=1801 name="interop/typed-zero-tip/trace/stateDiff (nethermind_development)"
Sep 24 17:06:44.343 INF API: test ended suite=0 test=1801 pass=false
Sep 24 17:06:44.344 INF API: test started suite=0 test=1802 name="interop/typed-zero-tip/trace/trace-stateDiff-vmTrace (nethermind_development)"
Sep 24 17:06:44.346 INF API: test ended suite=0 test=1802 pass=false
Sep 24 17:06:44.347 INF API: test started suite=0 test=1803 name="interop/typed-zero-tip/trace/trace-stateDiff (nethermind_development)"
Sep 24 17:06:44.349 INF API: test ended suite=0 test=1803 pass=false
Sep 24 17:06:44.350 INF API: test started suite=0 test=1804 name="interop/typed-zero-tip/trace/trace-vmTrace (nethermind_development)"
Sep 24 17:06:44.353 INF API: test ended suite=0 test=1804 pass=false
Sep 24 17:06:44.354 INF API: test started suite=0 test=1805 name="interop/typed-zero-tip/trace/trace (nethermind_development)"
Sep 24 17:06:44.356 INF API: test ended suite=0 test=1805 pass=false
Sep 24 17:06:44.356 INF API: test started suite=0 test=1806 name="interop/typed-zero-tip/trace/vmTrace (nethermind_development)"
Sep 24 17:06:44.359 INF API: test ended suite=0 test=1806 pass=false
Sep 24 17:06:44.698 INF API: test ended suite=0 test=1506 pass=true
Sep 24 17:06:44.700 INF API: test started suite=0 test=1807 name="client launch (nethermind_release)"
Sep 24 17:06:52.201 INF API: client nethermind_release started suite=0 test=1807 container=2b92b4e1
Sep 24 17:06:52.346 INF API: test started suite=0 test=1808 name="interop/_control/empty-balance (nethermind_release)"
Sep 24 17:06:52.358 INF API: test ended suite=0 test=1808 pass=false
Sep 24 17:06:52.359 INF API: test started suite=0 test=1809 name="interop/_control/empty-code (nethermind_release)"
Sep 24 17:06:52.361 INF API: test ended suite=0 test=1809 pass=false
Sep 24 17:06:52.362 INF API: test started suite=0 test=1810 name="interop/_control/empty-nonce (nethermind_release)"
Sep 24 17:06:52.366 INF API: test ended suite=0 test=1810 pass=false
Sep 24 17:06:52.366 INF API: test started suite=0 test=1811 name="interop/_control/head (nethermind_release)"
Sep 24 17:06:52.369 INF API: test ended suite=0 test=1811 pass=false
Sep 24 17:06:52.369 INF API: test started suite=0 test=1812 name="interop/_control/latest (nethermind_release)"
Sep 24 17:06:52.370 INF API: test ended suite=0 test=1812 pass=false
Sep 24 17:06:52.371 INF API: test started suite=0 test=1813 name="interop/_control/miner-balance (nethermind_release)"
Sep 24 17:06:52.372 INF API: test ended suite=0 test=1813 pass=false
Sep 24 17:06:52.373 INF API: test started suite=0 test=1814 name="interop/_control/miner-code (nethermind_release)"
Sep 24 17:06:52.374 INF API: test ended suite=0 test=1814 pass=false
Sep 24 17:06:52.375 INF API: test started suite=0 test=1815 name="interop/_control/miner-nonce (nethermind_release)"
Sep 24 17:06:52.376 INF API: test ended suite=0 test=1815 pass=false
Sep 24 17:06:52.377 INF API: test started suite=0 test=1816 name="interop/_control/sender-balance (nethermind_release)"
Sep 24 17:06:52.379 INF API: test ended suite=0 test=1816 pass=false
Sep 24 17:06:52.379 INF API: test started suite=0 test=1817 name="interop/_control/sender-code (nethermind_release)"
Sep 24 17:06:52.381 INF API: test ended suite=0 test=1817 pass=false
Sep 24 17:06:52.382 INF API: test started suite=0 test=1818 name="interop/_control/sender-nonce (nethermind_release)"
Sep 24 17:06:52.382 INF API: test ended suite=0 test=1818 pass=false
Sep 24 17:06:52.383 INF API: test started suite=0 test=1819 name="interop/_control/version (nethermind_release)"
Sep 24 17:06:52.385 INF API: test ended suite=0 test=1819 pass=false
Sep 24 17:06:52.386 INF API: test started suite=0 test=1820 name="interop/defaults-cap-only-positive/eth (nethermind_release)"
Sep 24 17:06:52.426 INF API: test ended suite=0 test=1820 pass=false
Sep 24 17:06:52.427 INF API: test started suite=0 test=1821 name="interop/defaults-cap-only-positive/trace/none (nethermind_release)"
Sep 24 17:06:52.506 INF API: test ended suite=0 test=1821 pass=false
Sep 24 17:06:52.507 INF API: test started suite=0 test=1822 name="interop/defaults-cap-only-positive/trace/stateDiff-vmTrace (nethermind_release)"
Sep 24 17:06:52.575 INF API: test ended suite=0 test=1822 pass=false
Sep 24 17:06:52.577 INF API: test started suite=0 test=1823 name="interop/defaults-cap-only-positive/trace/stateDiff (nethermind_release)"
Sep 24 17:06:52.580 INF API: test ended suite=0 test=1823 pass=false
Sep 24 17:06:52.581 INF API: test started suite=0 test=1824 name="interop/defaults-cap-only-positive/trace/trace-stateDiff-vmTrace (nethermind_release)"
Sep 24 17:06:52.589 INF API: test ended suite=0 test=1824 pass=false
Sep 24 17:06:52.590 INF API: test started suite=0 test=1825 name="interop/defaults-cap-only-positive/trace/trace-stateDiff (nethermind_release)"
Sep 24 17:06:52.593 INF API: test ended suite=0 test=1825 pass=false
Sep 24 17:06:52.594 INF API: test started suite=0 test=1826 name="interop/defaults-cap-only-positive/trace/trace-vmTrace (nethermind_release)"
Sep 24 17:06:52.597 INF API: test ended suite=0 test=1826 pass=false
Sep 24 17:06:52.598 INF API: test started suite=0 test=1827 name="interop/defaults-cap-only-positive/trace/trace (nethermind_release)"
Sep 24 17:06:52.600 INF API: test ended suite=0 test=1827 pass=false
Sep 24 17:06:52.601 INF API: test started suite=0 test=1828 name="interop/defaults-cap-only-positive/trace/vmTrace (nethermind_release)"
Sep 24 17:06:52.604 INF API: test ended suite=0 test=1828 pass=false
Sep 24 17:06:52.605 INF API: test started suite=0 test=1829 name="interop/defaults-cap-only-zero/eth (nethermind_release)"
Sep 24 17:06:52.606 INF API: test ended suite=0 test=1829 pass=false
Sep 24 17:06:52.607 INF API: test started suite=0 test=1830 name="interop/defaults-cap-only-zero/trace/none (nethermind_release)"
Sep 24 17:06:52.609 INF API: test ended suite=0 test=1830 pass=false
Sep 24 17:06:52.609 INF API: test started suite=0 test=1831 name="interop/defaults-cap-only-zero/trace/stateDiff-vmTrace (nethermind_release)"
Sep 24 17:06:52.613 INF API: test ended suite=0 test=1831 pass=false
Sep 24 17:06:52.614 INF API: test started suite=0 test=1832 name="interop/defaults-cap-only-zero/trace/stateDiff (nethermind_release)"
Sep 24 17:06:52.616 INF API: test ended suite=0 test=1832 pass=false
Sep 24 17:06:52.617 INF API: test started suite=0 test=1833 name="interop/defaults-cap-only-zero/trace/trace-stateDiff-vmTrace (nethermind_release)"
Sep 24 17:06:52.620 INF API: test ended suite=0 test=1833 pass=false
Sep 24 17:06:52.621 INF API: test started suite=0 test=1834 name="interop/defaults-cap-only-zero/trace/trace-stateDiff (nethermind_release)"
Sep 24 17:06:52.623 INF API: test ended suite=0 test=1834 pass=false
Sep 24 17:06:52.624 INF API: test started suite=0 test=1835 name="interop/defaults-cap-only-zero/trace/trace-vmTrace (nethermind_release)"
Sep 24 17:06:52.627 INF API: test ended suite=0 test=1835 pass=false
Sep 24 17:06:52.628 INF API: test started suite=0 test=1836 name="interop/defaults-cap-only-zero/trace/trace (nethermind_release)"
Sep 24 17:06:52.630 INF API: test ended suite=0 test=1836 pass=false
Sep 24 17:06:52.631 INF API: test started suite=0 test=1837 name="interop/defaults-cap-only-zero/trace/vmTrace (nethermind_release)"
Sep 24 17:06:52.634 INF API: test ended suite=0 test=1837 pass=false
Sep 24 17:06:52.635 INF API: test started suite=0 test=1838 name="interop/defaults-omitted/eth (nethermind_release)"
Sep 24 17:06:52.636 INF API: test ended suite=0 test=1838 pass=false
Sep 24 17:06:52.636 INF API: test started suite=0 test=1839 name="interop/defaults-omitted/trace/none (nethermind_release)"
Sep 24 17:06:52.638 INF API: test ended suite=0 test=1839 pass=false
Sep 24 17:06:52.639 INF API: test started suite=0 test=1840 name="interop/defaults-omitted/trace/stateDiff-vmTrace (nethermind_release)"
Sep 24 17:06:52.644 INF API: test ended suite=0 test=1840 pass=false
Sep 24 17:06:52.645 INF API: test started suite=0 test=1841 name="interop/defaults-omitted/trace/stateDiff (nethermind_release)"
Sep 24 17:06:52.647 INF API: test ended suite=0 test=1841 pass=false
Sep 24 17:06:52.648 INF API: test started suite=0 test=1842 name="interop/defaults-omitted/trace/trace-stateDiff-vmTrace (nethermind_release)"
Sep 24 17:06:52.651 INF API: test ended suite=0 test=1842 pass=false
Sep 24 17:06:52.652 INF API: test started suite=0 test=1843 name="interop/defaults-omitted/trace/trace-stateDiff (nethermind_release)"
Sep 24 17:06:52.654 INF API: test ended suite=0 test=1843 pass=false
Sep 24 17:06:52.655 INF API: test started suite=0 test=1844 name="interop/defaults-omitted/trace/trace-vmTrace (nethermind_release)"
Sep 24 17:06:52.658 INF API: test ended suite=0 test=1844 pass=false
Sep 24 17:06:52.659 INF API: test started suite=0 test=1845 name="interop/defaults-omitted/trace/trace (nethermind_release)"
Sep 24 17:06:52.662 INF API: test ended suite=0 test=1845 pass=false
Sep 24 17:06:52.662 INF API: test started suite=0 test=1846 name="interop/defaults-omitted/trace/vmTrace (nethermind_release)"
Sep 24 17:06:52.665 INF API: test ended suite=0 test=1846 pass=false
Sep 24 17:06:52.666 INF API: test started suite=0 test=1847 name="interop/defaults-tip-only-positive/eth (nethermind_release)"
Sep 24 17:06:52.671 INF API: test ended suite=0 test=1847 pass=false
Sep 24 17:06:52.680 INF API: test started suite=0 test=1848 name="interop/defaults-tip-only-positive/trace/none (nethermind_release)"
Sep 24 17:06:52.682 INF API: test ended suite=0 test=1848 pass=false
Sep 24 17:06:52.683 INF API: test started suite=0 test=1849 name="interop/defaults-tip-only-positive/trace/stateDiff-vmTrace (nethermind_release)"
Sep 24 17:06:52.686 INF API: test ended suite=0 test=1849 pass=false
Sep 24 17:06:52.687 INF API: test started suite=0 test=1850 name="interop/defaults-tip-only-positive/trace/stateDiff (nethermind_release)"
Sep 24 17:06:52.692 INF API: test ended suite=0 test=1850 pass=false
Sep 24 17:06:52.693 INF API: test started suite=0 test=1851 name="interop/defaults-tip-only-positive/trace/trace-stateDiff-vmTrace (nethermind_release)"
Sep 24 17:06:52.695 INF API: test ended suite=0 test=1851 pass=false
Sep 24 17:06:52.695 INF API: test started suite=0 test=1852 name="interop/defaults-tip-only-positive/trace/trace-stateDiff (nethermind_release)"
Sep 24 17:06:52.697 INF API: test ended suite=0 test=1852 pass=false
Sep 24 17:06:52.698 INF API: test started suite=0 test=1853 name="interop/defaults-tip-only-positive/trace/trace-vmTrace (nethermind_release)"
Sep 24 17:06:52.700 INF API: test ended suite=0 test=1853 pass=false
Sep 24 17:06:52.700 INF API: test started suite=0 test=1854 name="interop/defaults-tip-only-positive/trace/trace (nethermind_release)"
Sep 24 17:06:52.702 INF API: test ended suite=0 test=1854 pass=false
Sep 24 17:06:52.703 INF API: test started suite=0 test=1855 name="interop/defaults-tip-only-positive/trace/vmTrace (nethermind_release)"
Sep 24 17:06:52.704 INF API: test ended suite=0 test=1855 pass=false
Sep 24 17:06:52.705 INF API: test started suite=0 test=1856 name="interop/defaults-tip-only-zero/eth (nethermind_release)"
Sep 24 17:06:52.706 INF API: test ended suite=0 test=1856 pass=false
Sep 24 17:06:52.707 INF API: test started suite=0 test=1857 name="interop/defaults-tip-only-zero/trace/none (nethermind_release)"
Sep 24 17:06:52.709 INF API: test ended suite=0 test=1857 pass=false
Sep 24 17:06:52.709 INF API: test started suite=0 test=1858 name="interop/defaults-tip-only-zero/trace/stateDiff-vmTrace (nethermind_release)"
Sep 24 17:06:52.713 INF API: test ended suite=0 test=1858 pass=false
Sep 24 17:06:52.714 INF API: test started suite=0 test=1859 name="interop/defaults-tip-only-zero/trace/stateDiff (nethermind_release)"
Sep 24 17:06:52.716 INF API: test ended suite=0 test=1859 pass=false
Sep 24 17:06:52.717 INF API: test started suite=0 test=1860 name="interop/defaults-tip-only-zero/trace/trace-stateDiff-vmTrace (nethermind_release)"
Sep 24 17:06:52.720 INF API: test ended suite=0 test=1860 pass=false
Sep 24 17:06:52.721 INF API: test started suite=0 test=1861 name="interop/defaults-tip-only-zero/trace/trace-stateDiff (nethermind_release)"
Sep 24 17:06:52.724 INF API: test ended suite=0 test=1861 pass=false
Sep 24 17:06:52.725 INF API: test started suite=0 test=1862 name="interop/defaults-tip-only-zero/trace/trace-vmTrace (nethermind_release)"
Sep 24 17:06:52.728 INF API: test ended suite=0 test=1862 pass=false
Sep 24 17:06:52.728 INF API: test started suite=0 test=1863 name="interop/defaults-tip-only-zero/trace/trace (nethermind_release)"
Sep 24 17:06:52.731 INF API: test ended suite=0 test=1863 pass=false
Sep 24 17:06:52.731 INF API: test started suite=0 test=1864 name="interop/defaults-tip-only-zero/trace/vmTrace (nethermind_release)"
Sep 24 17:06:52.735 INF API: test ended suite=0 test=1864 pass=false
Sep 24 17:06:52.736 INF API: test started suite=0 test=1865 name="interop/empty-sender-free/eth (nethermind_release)"
Sep 24 17:06:52.741 INF API: test ended suite=0 test=1865 pass=false
Sep 24 17:06:52.741 INF API: test started suite=0 test=1866 name="interop/empty-sender-free/trace/none (nethermind_release)"
Sep 24 17:06:52.743 INF API: test ended suite=0 test=1866 pass=false
Sep 24 17:06:52.744 INF API: test started suite=0 test=1867 name="interop/empty-sender-free/trace/stateDiff-vmTrace (nethermind_release)"
Sep 24 17:06:52.747 INF API: test ended suite=0 test=1867 pass=false
Sep 24 17:06:52.748 INF API: test started suite=0 test=1868 name="interop/empty-sender-free/trace/stateDiff (nethermind_release)"
Sep 24 17:06:52.750 INF API: test ended suite=0 test=1868 pass=false
Sep 24 17:06:52.750 INF API: test started suite=0 test=1869 name="interop/empty-sender-free/trace/trace-stateDiff-vmTrace (nethermind_release)"
Sep 24 17:06:52.754 INF API: test ended suite=0 test=1869 pass=false
Sep 24 17:06:52.755 INF API: test started suite=0 test=1870 name="interop/empty-sender-free/trace/trace-stateDiff (nethermind_release)"
Sep 24 17:06:52.757 INF API: test ended suite=0 test=1870 pass=false
Sep 24 17:06:52.758 INF API: test started suite=0 test=1871 name="interop/empty-sender-free/trace/trace-vmTrace (nethermind_release)"
Sep 24 17:06:52.761 INF API: test ended suite=0 test=1871 pass=false
Sep 24 17:06:52.762 INF API: test started suite=0 test=1872 name="interop/empty-sender-free/trace/trace (nethermind_release)"
Sep 24 17:06:52.764 INF API: test ended suite=0 test=1872 pass=false
Sep 24 17:06:52.765 INF API: test started suite=0 test=1873 name="interop/empty-sender-free/trace/vmTrace (nethermind_release)"
Sep 24 17:06:52.768 INF API: test ended suite=0 test=1873 pass=false
Sep 24 17:06:52.768 INF API: test started suite=0 test=1874 name="interop/empty-sender-priced/eth (nethermind_release)"
Sep 24 17:06:52.771 INF API: test ended suite=0 test=1874 pass=false
Sep 24 17:06:52.771 INF API: test started suite=0 test=1875 name="interop/empty-sender-priced/trace/none (nethermind_release)"
Sep 24 17:06:52.773 INF API: test ended suite=0 test=1875 pass=false
Sep 24 17:06:52.774 INF API: test started suite=0 test=1876 name="interop/empty-sender-priced/trace/stateDiff-vmTrace (nethermind_release)"
Sep 24 17:06:52.776 INF API: test ended suite=0 test=1876 pass=false
Sep 24 17:06:52.776 INF API: test started suite=0 test=1877 name="interop/empty-sender-priced/trace/stateDiff (nethermind_release)"
Sep 24 17:06:52.778 INF API: test ended suite=0 test=1877 pass=false
Sep 24 17:06:52.779 INF API: test started suite=0 test=1878 name="interop/empty-sender-priced/trace/trace-stateDiff-vmTrace (nethermind_release)"
Sep 24 17:06:52.780 INF API: test ended suite=0 test=1878 pass=false
Sep 24 17:06:52.781 INF API: test started suite=0 test=1879 name="interop/empty-sender-priced/trace/trace-stateDiff (nethermind_release)"
Sep 24 17:06:52.783 INF API: test ended suite=0 test=1879 pass=false
Sep 24 17:06:52.783 INF API: test started suite=0 test=1880 name="interop/empty-sender-priced/trace/trace-vmTrace (nethermind_release)"
Sep 24 17:06:52.785 INF API: test ended suite=0 test=1880 pass=false
Sep 24 17:06:52.786 INF API: test started suite=0 test=1881 name="interop/empty-sender-priced/trace/trace (nethermind_release)"
Sep 24 17:06:52.787 INF API: test ended suite=0 test=1881 pass=false
Sep 24 17:06:52.788 INF API: test started suite=0 test=1882 name="interop/empty-sender-priced/trace/vmTrace (nethermind_release)"
Sep 24 17:06:52.789 INF API: test ended suite=0 test=1882 pass=false
Sep 24 17:06:52.790 INF API: test started suite=0 test=1883 name="interop/funding-free-exact/eth (nethermind_release)"
Sep 24 17:06:52.792 INF API: test ended suite=0 test=1883 pass=false
Sep 24 17:06:52.792 INF API: test started suite=0 test=1884 name="interop/funding-free-exact/trace/none (nethermind_release)"
Sep 24 17:06:52.794 INF API: test ended suite=0 test=1884 pass=false
Sep 24 17:06:52.794 INF API: test started suite=0 test=1885 name="interop/funding-free-exact/trace/stateDiff-vmTrace (nethermind_release)"
Sep 24 17:06:52.797 INF API: test ended suite=0 test=1885 pass=false
Sep 24 17:06:52.798 INF API: test started suite=0 test=1886 name="interop/funding-free-exact/trace/stateDiff (nethermind_release)"
Sep 24 17:06:52.800 INF API: test ended suite=0 test=1886 pass=false
Sep 24 17:06:52.801 INF API: test started suite=0 test=1887 name="interop/funding-free-exact/trace/trace-stateDiff-vmTrace (nethermind_release)"
Sep 24 17:06:52.804 INF API: test ended suite=0 test=1887 pass=false
Sep 24 17:06:52.805 INF API: test started suite=0 test=1888 name="interop/funding-free-exact/trace/trace-stateDiff (nethermind_release)"
Sep 24 17:06:52.807 INF API: test ended suite=0 test=1888 pass=false
Sep 24 17:06:52.808 INF API: test started suite=0 test=1889 name="interop/funding-free-exact/trace/trace-vmTrace (nethermind_release)"
Sep 24 17:06:52.811 INF API: test ended suite=0 test=1889 pass=false
Sep 24 17:06:52.812 INF API: test started suite=0 test=1890 name="interop/funding-free-exact/trace/trace (nethermind_release)"
Sep 24 17:06:52.814 INF API: test ended suite=0 test=1890 pass=false
Sep 24 17:06:52.815 INF API: test started suite=0 test=1891 name="interop/funding-free-exact/trace/vmTrace (nethermind_release)"
Sep 24 17:06:52.817 INF API: test ended suite=0 test=1891 pass=false
Sep 24 17:06:52.818 INF API: test started suite=0 test=1892 name="interop/funding-free-short/eth (nethermind_release)"
Sep 24 17:06:52.820 INF API: test ended suite=0 test=1892 pass=false
Sep 24 17:06:52.820 INF API: test started suite=0 test=1893 name="interop/funding-free-short/trace/none (nethermind_release)"
Sep 24 17:06:52.822 INF API: test ended suite=0 test=1893 pass=false
Sep 24 17:06:52.823 INF API: test started suite=0 test=1894 name="interop/funding-free-short/trace/stateDiff-vmTrace (nethermind_release)"
Sep 24 17:06:52.824 INF API: test ended suite=0 test=1894 pass=false
Sep 24 17:06:52.825 INF API: test started suite=0 test=1895 name="interop/funding-free-short/trace/stateDiff (nethermind_release)"
Sep 24 17:06:52.827 INF API: test ended suite=0 test=1895 pass=false
Sep 24 17:06:52.828 INF API: test started suite=0 test=1896 name="interop/funding-free-short/trace/trace-stateDiff-vmTrace (nethermind_release)"
Sep 24 17:06:52.829 INF API: test ended suite=0 test=1896 pass=false
Sep 24 17:06:52.830 INF API: test started suite=0 test=1897 name="interop/funding-free-short/trace/trace-stateDiff (nethermind_release)"
Sep 24 17:06:52.832 INF API: test ended suite=0 test=1897 pass=false
Sep 24 17:06:52.833 INF API: test started suite=0 test=1898 name="interop/funding-free-short/trace/trace-vmTrace (nethermind_release)"
Sep 24 17:06:52.834 INF API: test ended suite=0 test=1898 pass=false
Sep 24 17:06:52.835 INF API: test started suite=0 test=1899 name="interop/funding-free-short/trace/trace (nethermind_release)"
Sep 24 17:06:52.837 INF API: test ended suite=0 test=1899 pass=false
Sep 24 17:06:52.837 INF API: test started suite=0 test=1900 name="interop/funding-free-short/trace/vmTrace (nethermind_release)"
Sep 24 17:06:52.839 INF API: test ended suite=0 test=1900 pass=false
Sep 24 17:06:52.840 INF API: test started suite=0 test=1901 name="interop/funding-legacy-exact/eth (nethermind_release)"
Sep 24 17:06:52.841 INF API: test ended suite=0 test=1901 pass=false
Sep 24 17:06:52.842 INF API: test started suite=0 test=1902 name="interop/funding-legacy-exact/trace/none (nethermind_release)"
Sep 24 17:06:52.845 INF API: test ended suite=0 test=1902 pass=false
Sep 24 17:06:52.846 INF API: test started suite=0 test=1903 name="interop/funding-legacy-exact/trace/stateDiff-vmTrace (nethermind_release)"
Sep 24 17:06:52.849 INF API: test ended suite=0 test=1903 pass=false
Sep 24 17:06:52.850 INF API: test started suite=0 test=1904 name="interop/funding-legacy-exact/trace/stateDiff (nethermind_release)"
Sep 24 17:06:52.852 INF API: test ended suite=0 test=1904 pass=false
Sep 24 17:06:52.853 INF API: test started suite=0 test=1905 name="interop/funding-legacy-exact/trace/trace-stateDiff-vmTrace (nethermind_release)"
Sep 24 17:06:52.857 INF API: test ended suite=0 test=1905 pass=false
Sep 24 17:06:52.858 INF API: test started suite=0 test=1906 name="interop/funding-legacy-exact/trace/trace-stateDiff (nethermind_release)"
Sep 24 17:06:52.860 INF API: test ended suite=0 test=1906 pass=false
Sep 24 17:06:52.861 INF API: test started suite=0 test=1907 name="interop/funding-legacy-exact/trace/trace-vmTrace (nethermind_release)"
Sep 24 17:06:52.864 INF API: test ended suite=0 test=1907 pass=false
Sep 24 17:06:52.865 INF API: test started suite=0 test=1908 name="interop/funding-legacy-exact/trace/trace (nethermind_release)"
Sep 24 17:06:52.867 INF API: test ended suite=0 test=1908 pass=false
Sep 24 17:06:52.867 INF API: test started suite=0 test=1909 name="interop/funding-legacy-exact/trace/vmTrace (nethermind_release)"
Sep 24 17:06:52.870 INF API: test ended suite=0 test=1909 pass=false
Sep 24 17:06:52.871 INF API: test started suite=0 test=1910 name="interop/funding-legacy-short/eth (nethermind_release)"
Sep 24 17:06:52.873 INF API: test ended suite=0 test=1910 pass=false
Sep 24 17:06:52.873 INF API: test started suite=0 test=1911 name="interop/funding-legacy-short/trace/none (nethermind_release)"
Sep 24 17:06:52.875 INF API: test ended suite=0 test=1911 pass=false
Sep 24 17:06:52.876 INF API: test started suite=0 test=1912 name="interop/funding-legacy-short/trace/stateDiff-vmTrace (nethermind_release)"
Sep 24 17:06:52.877 INF API: test ended suite=0 test=1912 pass=false
Sep 24 17:06:52.878 INF API: test started suite=0 test=1913 name="interop/funding-legacy-short/trace/stateDiff (nethermind_release)"
Sep 24 17:06:52.880 INF API: test ended suite=0 test=1913 pass=false
Sep 24 17:06:52.881 INF API: test started suite=0 test=1914 name="interop/funding-legacy-short/trace/trace-stateDiff-vmTrace (nethermind_release)"
Sep 24 17:06:52.882 INF API: test ended suite=0 test=1914 pass=false
Sep 24 17:06:52.883 INF API: test started suite=0 test=1915 name="interop/funding-legacy-short/trace/trace-stateDiff (nethermind_release)"
Sep 24 17:06:52.885 INF API: test ended suite=0 test=1915 pass=false
Sep 24 17:06:52.885 INF API: test started suite=0 test=1916 name="interop/funding-legacy-short/trace/trace-vmTrace (nethermind_release)"
Sep 24 17:06:52.887 INF API: test ended suite=0 test=1916 pass=false
Sep 24 17:06:52.888 INF API: test started suite=0 test=1917 name="interop/funding-legacy-short/trace/trace (nethermind_release)"
Sep 24 17:06:52.889 INF API: test ended suite=0 test=1917 pass=false
Sep 24 17:06:52.890 INF API: test started suite=0 test=1918 name="interop/funding-legacy-short/trace/vmTrace (nethermind_release)"
Sep 24 17:06:52.892 INF API: test ended suite=0 test=1918 pass=false
Sep 24 17:06:52.892 INF API: test started suite=0 test=1919 name="interop/funding-typed-effective-only/eth (nethermind_release)"
Sep 24 17:06:52.894 INF API: test ended suite=0 test=1919 pass=false
Sep 24 17:06:52.895 INF API: test started suite=0 test=1920 name="interop/funding-typed-effective-only/trace/none (nethermind_release)"
Sep 24 17:06:52.896 INF API: test ended suite=0 test=1920 pass=false
Sep 24 17:06:52.897 INF API: test started suite=0 test=1921 name="interop/funding-typed-effective-only/trace/stateDiff-vmTrace (nethermind_release)"
Sep 24 17:06:52.898 INF API: test ended suite=0 test=1921 pass=false
Sep 24 17:06:52.899 INF API: test started suite=0 test=1922 name="interop/funding-typed-effective-only/trace/stateDiff (nethermind_release)"
Sep 24 17:06:52.901 INF API: test ended suite=0 test=1922 pass=false
Sep 24 17:06:52.901 INF API: test started suite=0 test=1923 name="interop/funding-typed-effective-only/trace/trace-stateDiff-vmTrace (nethermind_release)"
Sep 24 17:06:52.903 INF API: test ended suite=0 test=1923 pass=false
Sep 24 17:06:52.904 INF API: test started suite=0 test=1924 name="interop/funding-typed-effective-only/trace/trace-stateDiff (nethermind_release)"
Sep 24 17:06:52.905 INF API: test ended suite=0 test=1924 pass=false
Sep 24 17:06:52.906 INF API: test started suite=0 test=1925 name="interop/funding-typed-effective-only/trace/trace-vmTrace (nethermind_release)"
Sep 24 17:06:52.908 INF API: test ended suite=0 test=1925 pass=false
Sep 24 17:06:52.908 INF API: test started suite=0 test=1926 name="interop/funding-typed-effective-only/trace/trace (nethermind_release)"
Sep 24 17:06:52.910 INF API: test ended suite=0 test=1926 pass=false
Sep 24 17:06:52.911 INF API: test started suite=0 test=1927 name="interop/funding-typed-effective-only/trace/vmTrace (nethermind_release)"
Sep 24 17:06:52.912 INF API: test ended suite=0 test=1927 pass=false
Sep 24 17:06:52.913 INF API: test started suite=0 test=1928 name="interop/funding-typed-exact/eth (nethermind_release)"
Sep 24 17:06:52.914 INF API: test ended suite=0 test=1928 pass=false
Sep 24 17:06:52.915 INF API: test started suite=0 test=1929 name="interop/funding-typed-exact/trace/none (nethermind_release)"
Sep 24 17:06:52.916 INF API: test ended suite=0 test=1929 pass=false
Sep 24 17:06:52.917 INF API: test started suite=0 test=1930 name="interop/funding-typed-exact/trace/stateDiff-vmTrace (nethermind_release)"
Sep 24 17:06:52.920 INF API: test ended suite=0 test=1930 pass=false
Sep 24 17:06:52.921 INF API: test started suite=0 test=1931 name="interop/funding-typed-exact/trace/stateDiff (nethermind_release)"
Sep 24 17:06:52.923 INF API: test ended suite=0 test=1931 pass=false
Sep 24 17:06:52.924 INF API: test started suite=0 test=1932 name="interop/funding-typed-exact/trace/trace-stateDiff-vmTrace (nethermind_release)"
Sep 24 17:06:52.927 INF API: test ended suite=0 test=1932 pass=false
Sep 24 17:06:52.928 INF API: test started suite=0 test=1933 name="interop/funding-typed-exact/trace/trace-stateDiff (nethermind_release)"
Sep 24 17:06:52.930 INF API: test ended suite=0 test=1933 pass=false
Sep 24 17:06:52.931 INF API: test started suite=0 test=1934 name="interop/funding-typed-exact/trace/trace-vmTrace (nethermind_release)"
Sep 24 17:06:52.934 INF API: test ended suite=0 test=1934 pass=false
Sep 24 17:06:52.935 INF API: test started suite=0 test=1935 name="interop/funding-typed-exact/trace/trace (nethermind_release)"
Sep 24 17:06:52.937 INF API: test ended suite=0 test=1935 pass=false
Sep 24 17:06:52.938 INF API: test started suite=0 test=1936 name="interop/funding-typed-exact/trace/vmTrace (nethermind_release)"
Sep 24 17:06:52.941 INF API: test ended suite=0 test=1936 pass=false
Sep 24 17:06:52.942 INF API: test started suite=0 test=1937 name="interop/funding-typed-free-exact/eth (nethermind_release)"
Sep 24 17:06:52.943 INF API: test ended suite=0 test=1937 pass=false
Sep 24 17:06:52.944 INF API: test started suite=0 test=1938 name="interop/funding-typed-free-exact/trace/none (nethermind_release)"
Sep 24 17:06:52.946 INF API: test ended suite=0 test=1938 pass=false
Sep 24 17:06:52.947 INF API: test started suite=0 test=1939 name="interop/funding-typed-free-exact/trace/stateDiff-vmTrace (nethermind_release)"
Sep 24 17:06:52.950 INF API: test ended suite=0 test=1939 pass=false
Sep 24 17:06:52.950 INF API: test started suite=0 test=1940 name="interop/funding-typed-free-exact/trace/stateDiff (nethermind_release)"
Sep 24 17:06:52.952 INF API: test ended suite=0 test=1940 pass=false
Sep 24 17:06:52.953 INF API: test started suite=0 test=1941 name="interop/funding-typed-free-exact/trace/trace-stateDiff-vmTrace (nethermind_release)"
Sep 24 17:06:52.956 INF API: test ended suite=0 test=1941 pass=false
Sep 24 17:06:52.957 INF API: test started suite=0 test=1942 name="interop/funding-typed-free-exact/trace/trace-stateDiff (nethermind_release)"
Sep 24 17:06:52.959 INF API: test ended suite=0 test=1942 pass=false
Sep 24 17:06:52.960 INF API: test started suite=0 test=1943 name="interop/funding-typed-free-exact/trace/trace-vmTrace (nethermind_release)"
Sep 24 17:06:52.963 INF API: test ended suite=0 test=1943 pass=false
Sep 24 17:06:52.964 INF API: test started suite=0 test=1944 name="interop/funding-typed-free-exact/trace/trace (nethermind_release)"
Sep 24 17:06:52.966 INF API: test ended suite=0 test=1944 pass=false
Sep 24 17:06:52.967 INF API: test started suite=0 test=1945 name="interop/funding-typed-free-exact/trace/vmTrace (nethermind_release)"
Sep 24 17:06:52.970 INF API: test ended suite=0 test=1945 pass=false
Sep 24 17:06:52.971 INF API: test started suite=0 test=1946 name="interop/funding-typed-free-short/eth (nethermind_release)"
Sep 24 17:06:52.972 INF API: test ended suite=0 test=1946 pass=false
Sep 24 17:06:52.973 INF API: test started suite=0 test=1947 name="interop/funding-typed-free-short/trace/none (nethermind_release)"
Sep 24 17:06:52.974 INF API: test ended suite=0 test=1947 pass=false
Sep 24 17:06:52.975 INF API: test started suite=0 test=1948 name="interop/funding-typed-free-short/trace/stateDiff-vmTrace (nethermind_release)"
Sep 24 17:06:52.976 INF API: test ended suite=0 test=1948 pass=false
Sep 24 17:06:52.977 INF API: test started suite=0 test=1949 name="interop/funding-typed-free-short/trace/stateDiff (nethermind_release)"
Sep 24 17:06:52.978 INF API: test ended suite=0 test=1949 pass=false
Sep 24 17:06:52.979 INF API: test started suite=0 test=1950 name="interop/funding-typed-free-short/trace/trace-stateDiff-vmTrace (nethermind_release)"
Sep 24 17:06:52.980 INF API: test ended suite=0 test=1950 pass=false
Sep 24 17:06:52.981 INF API: test started suite=0 test=1951 name="interop/funding-typed-free-short/trace/trace-stateDiff (nethermind_release)"
Sep 24 17:06:52.983 INF API: test ended suite=0 test=1951 pass=false
Sep 24 17:06:52.984 INF API: test started suite=0 test=1952 name="interop/funding-typed-free-short/trace/trace-vmTrace (nethermind_release)"
Sep 24 17:06:52.985 INF API: test ended suite=0 test=1952 pass=false
Sep 24 17:06:52.986 INF API: test started suite=0 test=1953 name="interop/funding-typed-free-short/trace/trace (nethermind_release)"
Sep 24 17:06:52.987 INF API: test ended suite=0 test=1953 pass=false
Sep 24 17:06:52.988 INF API: test started suite=0 test=1954 name="interop/funding-typed-free-short/trace/vmTrace (nethermind_release)"
Sep 24 17:06:52.989 INF API: test ended suite=0 test=1954 pass=false
Sep 24 17:06:52.990 INF API: test started suite=0 test=1955 name="interop/funding-typed-short/eth (nethermind_release)"
Sep 24 17:06:52.991 INF API: test ended suite=0 test=1955 pass=false
Sep 24 17:06:52.992 INF API: test started suite=0 test=1956 name="interop/funding-typed-short/trace/none (nethermind_release)"
Sep 24 17:06:52.994 INF API: test ended suite=0 test=1956 pass=false
Sep 24 17:06:52.995 INF API: test started suite=0 test=1957 name="interop/funding-typed-short/trace/stateDiff-vmTrace (nethermind_release)"
Sep 24 17:06:52.996 INF API: test ended suite=0 test=1957 pass=false
Sep 24 17:06:52.997 INF API: test started suite=0 test=1958 name="interop/funding-typed-short/trace/stateDiff (nethermind_release)"
Sep 24 17:06:52.999 INF API: test ended suite=0 test=1958 pass=false
Sep 24 17:06:52.999 INF API: test started suite=0 test=1959 name="interop/funding-typed-short/trace/trace-stateDiff-vmTrace (nethermind_release)"
Sep 24 17:06:53.001 INF API: test ended suite=0 test=1959 pass=false
Sep 24 17:06:53.002 INF API: test started suite=0 test=1960 name="interop/funding-typed-short/trace/trace-stateDiff (nethermind_release)"
Sep 24 17:06:53.004 INF API: test ended suite=0 test=1960 pass=false
Sep 24 17:06:53.004 INF API: test started suite=0 test=1961 name="interop/funding-typed-short/trace/trace-vmTrace (nethermind_release)"
Sep 24 17:06:53.006 INF API: test ended suite=0 test=1961 pass=false
Sep 24 17:06:53.007 INF API: test started suite=0 test=1962 name="interop/funding-typed-short/trace/trace (nethermind_release)"
Sep 24 17:06:53.008 INF API: test ended suite=0 test=1962 pass=false
Sep 24 17:06:53.009 INF API: test started suite=0 test=1963 name="interop/funding-typed-short/trace/vmTrace (nethermind_release)"
Sep 24 17:06:53.011 INF API: test ended suite=0 test=1963 pass=false
Sep 24 17:06:53.011 INF API: test started suite=0 test=1964 name="interop/legacy-above-base/eth (nethermind_release)"
Sep 24 17:06:53.013 INF API: test ended suite=0 test=1964 pass=false
Sep 24 17:06:53.013 INF API: test started suite=0 test=1965 name="interop/legacy-above-base/trace/none (nethermind_release)"
Sep 24 17:06:53.015 INF API: test ended suite=0 test=1965 pass=false
Sep 24 17:06:53.015 INF API: test started suite=0 test=1966 name="interop/legacy-above-base/trace/stateDiff-vmTrace (nethermind_release)"
Sep 24 17:06:53.019 INF API: test ended suite=0 test=1966 pass=false
Sep 24 17:06:53.020 INF API: test started suite=0 test=1967 name="interop/legacy-above-base/trace/stateDiff (nethermind_release)"
Sep 24 17:06:53.022 INF API: test ended suite=0 test=1967 pass=false
Sep 24 17:06:53.023 INF API: test started suite=0 test=1968 name="interop/legacy-above-base/trace/trace-stateDiff-vmTrace (nethermind_release)"
Sep 24 17:06:53.026 INF API: test ended suite=0 test=1968 pass=false
Sep 24 17:06:53.027 INF API: test started suite=0 test=1969 name="interop/legacy-above-base/trace/trace-stateDiff (nethermind_release)"
Sep 24 17:06:53.029 INF API: test ended suite=0 test=1969 pass=false
Sep 24 17:06:53.030 INF API: test started suite=0 test=1970 name="interop/legacy-above-base/trace/trace-vmTrace (nethermind_release)"
Sep 24 17:06:53.032 INF API: test ended suite=0 test=1970 pass=false
Sep 24 17:06:53.033 INF API: test started suite=0 test=1971 name="interop/legacy-above-base/trace/trace (nethermind_release)"
Sep 24 17:06:53.035 INF API: test ended suite=0 test=1971 pass=false
Sep 24 17:06:53.035 INF API: test started suite=0 test=1972 name="interop/legacy-above-base/trace/vmTrace (nethermind_release)"
Sep 24 17:06:53.039 INF API: test ended suite=0 test=1972 pass=false
Sep 24 17:06:53.040 INF API: test started suite=0 test=1973 name="interop/legacy-at-base/eth (nethermind_release)"
Sep 24 17:06:53.042 INF API: test ended suite=0 test=1973 pass=false
Sep 24 17:06:53.043 INF API: test started suite=0 test=1974 name="interop/legacy-at-base/trace/none (nethermind_release)"
Sep 24 17:06:53.044 INF API: test ended suite=0 test=1974 pass=false
Sep 24 17:06:53.045 INF API: test started suite=0 test=1975 name="interop/legacy-at-base/trace/stateDiff-vmTrace (nethermind_release)"
Sep 24 17:06:53.049 INF API: test ended suite=0 test=1975 pass=false
Sep 24 17:06:53.049 INF API: test started suite=0 test=1976 name="interop/legacy-at-base/trace/stateDiff (nethermind_release)"
Sep 24 17:06:53.051 INF API: test ended suite=0 test=1976 pass=false
Sep 24 17:06:53.052 INF API: test started suite=0 test=1977 name="interop/legacy-at-base/trace/trace-stateDiff-vmTrace (nethermind_release)"
Sep 24 17:06:53.055 INF API: test ended suite=0 test=1977 pass=false
Sep 24 17:06:53.055 INF API: test started suite=0 test=1978 name="interop/legacy-at-base/trace/trace-stateDiff (nethermind_release)"
Sep 24 17:06:53.057 INF API: test ended suite=0 test=1978 pass=false
Sep 24 17:06:53.058 INF API: test started suite=0 test=1979 name="interop/legacy-at-base/trace/trace-vmTrace (nethermind_release)"
Sep 24 17:06:53.062 INF API: test ended suite=0 test=1979 pass=false
Sep 24 17:06:53.062 INF API: test started suite=0 test=1980 name="interop/legacy-at-base/trace/trace (nethermind_release)"
Sep 24 17:06:53.065 INF API: test ended suite=0 test=1980 pass=false
Sep 24 17:06:53.065 INF API: test started suite=0 test=1981 name="interop/legacy-at-base/trace/vmTrace (nethermind_release)"
Sep 24 17:06:53.068 INF API: test ended suite=0 test=1981 pass=false
Sep 24 17:06:53.069 INF API: test started suite=0 test=1982 name="interop/legacy-below-base/eth (nethermind_release)"
Sep 24 17:06:53.070 INF API: test ended suite=0 test=1982 pass=false
Sep 24 17:06:53.071 INF API: test started suite=0 test=1983 name="interop/legacy-below-base/trace/none (nethermind_release)"
Sep 24 17:06:53.072 INF API: test ended suite=0 test=1983 pass=false
Sep 24 17:06:53.073 INF API: test started suite=0 test=1984 name="interop/legacy-below-base/trace/stateDiff-vmTrace (nethermind_release)"
Sep 24 17:06:53.075 INF API: test ended suite=0 test=1984 pass=false
Sep 24 17:06:53.075 INF API: test started suite=0 test=1985 name="interop/legacy-below-base/trace/stateDiff (nethermind_release)"
Sep 24 17:06:53.077 INF API: test ended suite=0 test=1985 pass=false
Sep 24 17:06:53.078 INF API: test started suite=0 test=1986 name="interop/legacy-below-base/trace/trace-stateDiff-vmTrace (nethermind_release)"
Sep 24 17:06:53.079 INF API: test ended suite=0 test=1986 pass=false
Sep 24 17:06:53.080 INF API: test started suite=0 test=1987 name="interop/legacy-below-base/trace/trace-stateDiff (nethermind_release)"
Sep 24 17:06:53.081 INF API: test ended suite=0 test=1987 pass=false
Sep 24 17:06:53.082 INF API: test started suite=0 test=1988 name="interop/legacy-below-base/trace/trace-vmTrace (nethermind_release)"
Sep 24 17:06:53.083 INF API: test ended suite=0 test=1988 pass=false
Sep 24 17:06:53.084 INF API: test started suite=0 test=1989 name="interop/legacy-below-base/trace/trace (nethermind_release)"
Sep 24 17:06:53.086 INF API: test ended suite=0 test=1989 pass=false
Sep 24 17:06:53.087 INF API: test started suite=0 test=1990 name="interop/legacy-below-base/trace/vmTrace (nethermind_release)"
Sep 24 17:06:53.089 INF API: test ended suite=0 test=1990 pass=false
Sep 24 17:06:53.090 INF API: test started suite=0 test=1991 name="interop/legacy-one/eth (nethermind_release)"
Sep 24 17:06:53.091 INF API: test ended suite=0 test=1991 pass=false
Sep 24 17:06:53.092 INF API: test started suite=0 test=1992 name="interop/legacy-one/trace/none (nethermind_release)"
Sep 24 17:06:53.093 INF API: test ended suite=0 test=1992 pass=false
Sep 24 17:06:53.094 INF API: test started suite=0 test=1993 name="interop/legacy-one/trace/stateDiff-vmTrace (nethermind_release)"
Sep 24 17:06:53.096 INF API: test ended suite=0 test=1993 pass=false
Sep 24 17:06:53.096 INF API: test started suite=0 test=1994 name="interop/legacy-one/trace/stateDiff (nethermind_release)"
Sep 24 17:06:53.098 INF API: test ended suite=0 test=1994 pass=false
Sep 24 17:06:53.099 INF API: test started suite=0 test=1995 name="interop/legacy-one/trace/trace-stateDiff-vmTrace (nethermind_release)"
Sep 24 17:06:53.100 INF API: test ended suite=0 test=1995 pass=false
Sep 24 17:06:53.101 INF API: test started suite=0 test=1996 name="interop/legacy-one/trace/trace-stateDiff (nethermind_release)"
Sep 24 17:06:53.103 INF API: test ended suite=0 test=1996 pass=false
Sep 24 17:06:53.103 INF API: test started suite=0 test=1997 name="interop/legacy-one/trace/trace-vmTrace (nethermind_release)"
Sep 24 17:06:53.105 INF API: test ended suite=0 test=1997 pass=false
Sep 24 17:06:53.105 INF API: test started suite=0 test=1998 name="interop/legacy-one/trace/trace (nethermind_release)"
Sep 24 17:06:53.107 INF API: test ended suite=0 test=1998 pass=false
Sep 24 17:06:53.107 INF API: test started suite=0 test=1999 name="interop/legacy-one/trace/vmTrace (nethermind_release)"
Sep 24 17:06:53.109 INF API: test ended suite=0 test=1999 pass=false
Sep 24 17:06:53.110 INF API: test started suite=0 test=2000 name="interop/legacy-zero/eth (nethermind_release)"
Sep 24 17:06:53.111 INF API: test ended suite=0 test=2000 pass=false
Sep 24 17:06:53.111 INF API: test started suite=0 test=2001 name="interop/legacy-zero/trace/none (nethermind_release)"
Sep 24 17:06:53.113 INF API: test ended suite=0 test=2001 pass=false
Sep 24 17:06:53.113 INF API: test started suite=0 test=2002 name="interop/legacy-zero/trace/stateDiff-vmTrace (nethermind_release)"
Sep 24 17:06:53.116 INF API: test ended suite=0 test=2002 pass=false
Sep 24 17:06:53.117 INF API: test started suite=0 test=2003 name="interop/legacy-zero/trace/stateDiff (nethermind_release)"
Sep 24 17:06:53.119 INF API: test ended suite=0 test=2003 pass=false
Sep 24 17:06:53.120 INF API: test started suite=0 test=2004 name="interop/legacy-zero/trace/trace-stateDiff-vmTrace (nethermind_release)"
Sep 24 17:06:53.123 INF API: test ended suite=0 test=2004 pass=false
Sep 24 17:06:53.123 INF API: test started suite=0 test=2005 name="interop/legacy-zero/trace/trace-stateDiff (nethermind_release)"
Sep 24 17:06:53.126 INF API: test ended suite=0 test=2005 pass=false
Sep 24 17:06:53.126 INF API: test started suite=0 test=2006 name="interop/legacy-zero/trace/trace-vmTrace (nethermind_release)"
Sep 24 17:06:53.129 INF API: test ended suite=0 test=2006 pass=false
Sep 24 17:06:53.130 INF API: test started suite=0 test=2007 name="interop/legacy-zero/trace/trace (nethermind_release)"
Sep 24 17:06:53.132 INF API: test ended suite=0 test=2007 pass=false
Sep 24 17:06:53.133 INF API: test started suite=0 test=2008 name="interop/legacy-zero/trace/vmTrace (nethermind_release)"
Sep 24 17:06:53.136 INF API: test ended suite=0 test=2008 pass=false
Sep 24 17:06:53.137 INF API: test started suite=0 test=2009 name="interop/typed-at-base/eth (nethermind_release)"
Sep 24 17:06:53.138 INF API: test ended suite=0 test=2009 pass=false
Sep 24 17:06:53.139 INF API: test started suite=0 test=2010 name="interop/typed-at-base/trace/none (nethermind_release)"
Sep 24 17:06:53.140 INF API: test ended suite=0 test=2010 pass=false
Sep 24 17:06:53.141 INF API: test started suite=0 test=2011 name="interop/typed-at-base/trace/stateDiff-vmTrace (nethermind_release)"
Sep 24 17:06:53.144 INF API: test ended suite=0 test=2011 pass=false
Sep 24 17:06:53.145 INF API: test started suite=0 test=2012 name="interop/typed-at-base/trace/stateDiff (nethermind_release)"
Sep 24 17:06:53.147 INF API: test ended suite=0 test=2012 pass=false
Sep 24 17:06:53.148 INF API: test started suite=0 test=2013 name="interop/typed-at-base/trace/trace-stateDiff-vmTrace (nethermind_release)"
Sep 24 17:06:53.150 INF API: test ended suite=0 test=2013 pass=false
Sep 24 17:06:53.151 INF API: test started suite=0 test=2014 name="interop/typed-at-base/trace/trace-stateDiff (nethermind_release)"
Sep 24 17:06:53.153 INF API: test ended suite=0 test=2014 pass=false
Sep 24 17:06:53.154 INF API: test started suite=0 test=2015 name="interop/typed-at-base/trace/trace-vmTrace (nethermind_release)"
Sep 24 17:06:53.158 INF API: test ended suite=0 test=2015 pass=false
Sep 24 17:06:53.158 INF API: test started suite=0 test=2016 name="interop/typed-at-base/trace/trace (nethermind_release)"
Sep 24 17:06:53.160 INF API: test ended suite=0 test=2016 pass=false
Sep 24 17:06:53.161 INF API: test started suite=0 test=2017 name="interop/typed-at-base/trace/vmTrace (nethermind_release)"
Sep 24 17:06:53.165 INF API: test ended suite=0 test=2017 pass=false
Sep 24 17:06:53.166 INF API: test started suite=0 test=2018 name="interop/typed-below-base/eth (nethermind_release)"
Sep 24 17:06:53.168 INF API: test ended suite=0 test=2018 pass=false
Sep 24 17:06:53.169 INF API: test started suite=0 test=2019 name="interop/typed-below-base/trace/none (nethermind_release)"
Sep 24 17:06:53.170 INF API: test ended suite=0 test=2019 pass=false
Sep 24 17:06:53.171 INF API: test started suite=0 test=2020 name="interop/typed-below-base/trace/stateDiff-vmTrace (nethermind_release)"
Sep 24 17:06:53.172 INF API: test ended suite=0 test=2020 pass=false
Sep 24 17:06:53.173 INF API: test started suite=0 test=2021 name="interop/typed-below-base/trace/stateDiff (nethermind_release)"
Sep 24 17:06:53.175 INF API: test ended suite=0 test=2021 pass=false
Sep 24 17:06:53.176 INF API: test started suite=0 test=2022 name="interop/typed-below-base/trace/trace-stateDiff-vmTrace (nethermind_release)"
Sep 24 17:06:53.177 INF API: test ended suite=0 test=2022 pass=false
Sep 24 17:06:53.178 INF API: test started suite=0 test=2023 name="interop/typed-below-base/trace/trace-stateDiff (nethermind_release)"
Sep 24 17:06:53.179 INF API: test ended suite=0 test=2023 pass=false
Sep 24 17:06:53.180 INF API: test started suite=0 test=2024 name="interop/typed-below-base/trace/trace-vmTrace (nethermind_release)"
Sep 24 17:06:53.182 INF API: test ended suite=0 test=2024 pass=false
Sep 24 17:06:53.183 INF API: test started suite=0 test=2025 name="interop/typed-below-base/trace/trace (nethermind_release)"
Sep 24 17:06:53.184 INF API: test ended suite=0 test=2025 pass=false
Sep 24 17:06:53.185 INF API: test started suite=0 test=2026 name="interop/typed-below-base/trace/vmTrace (nethermind_release)"
Sep 24 17:06:53.186 INF API: test ended suite=0 test=2026 pass=false
Sep 24 17:06:53.187 INF API: test started suite=0 test=2027 name="interop/typed-below-base-positive-tip/eth (nethermind_release)"
Sep 24 17:06:53.188 INF API: test ended suite=0 test=2027 pass=false
Sep 24 17:06:53.188 INF API: test started suite=0 test=2028 name="interop/typed-below-base-positive-tip/trace/none (nethermind_release)"
Sep 24 17:06:53.190 INF API: test ended suite=0 test=2028 pass=false
Sep 24 17:06:53.190 INF API: test started suite=0 test=2029 name="interop/typed-below-base-positive-tip/trace/stateDiff-vmTrace (nethermind_release)"
Sep 24 17:06:53.191 INF API: test ended suite=0 test=2029 pass=false
Sep 24 17:06:53.192 INF API: test started suite=0 test=2030 name="interop/typed-below-base-positive-tip/trace/stateDiff (nethermind_release)"
Sep 24 17:06:53.194 INF API: test ended suite=0 test=2030 pass=false
Sep 24 17:06:53.194 INF API: test started suite=0 test=2031 name="interop/typed-below-base-positive-tip/trace/trace-stateDiff-vmTrace (nethermind_release)"
Sep 24 17:06:53.196 INF API: test ended suite=0 test=2031 pass=false
Sep 24 17:06:53.196 INF API: test started suite=0 test=2032 name="interop/typed-below-base-positive-tip/trace/trace-stateDiff (nethermind_release)"
Sep 24 17:06:53.198 INF API: test ended suite=0 test=2032 pass=false
Sep 24 17:06:53.199 INF API: test started suite=0 test=2033 name="interop/typed-below-base-positive-tip/trace/trace-vmTrace (nethermind_release)"
Sep 24 17:06:53.200 INF API: test ended suite=0 test=2033 pass=false
Sep 24 17:06:53.201 INF API: test started suite=0 test=2034 name="interop/typed-below-base-positive-tip/trace/trace (nethermind_release)"
Sep 24 17:06:53.202 INF API: test ended suite=0 test=2034 pass=false
Sep 24 17:06:53.203 INF API: test started suite=0 test=2035 name="interop/typed-below-base-positive-tip/trace/vmTrace (nethermind_release)"
Sep 24 17:06:53.205 INF API: test ended suite=0 test=2035 pass=false
Sep 24 17:06:53.205 INF API: test started suite=0 test=2036 name="interop/typed-cap-limited/eth (nethermind_release)"
Sep 24 17:06:53.207 INF API: test ended suite=0 test=2036 pass=false
Sep 24 17:06:53.208 INF API: test started suite=0 test=2037 name="interop/typed-cap-limited/trace/none (nethermind_release)"
Sep 24 17:06:53.209 INF API: test ended suite=0 test=2037 pass=false
Sep 24 17:06:53.210 INF API: test started suite=0 test=2038 name="interop/typed-cap-limited/trace/stateDiff-vmTrace (nethermind_release)"
Sep 24 17:06:53.213 INF API: test ended suite=0 test=2038 pass=false
Sep 24 17:06:53.213 INF API: test started suite=0 test=2039 name="interop/typed-cap-limited/trace/stateDiff (nethermind_release)"
Sep 24 17:06:53.216 INF API: test ended suite=0 test=2039 pass=false
Sep 24 17:06:53.217 INF API: test started suite=0 test=2040 name="interop/typed-cap-limited/trace/trace-stateDiff-vmTrace (nethermind_release)"
Sep 24 17:06:53.220 INF API: test ended suite=0 test=2040 pass=false
Sep 24 17:06:53.221 INF API: test started suite=0 test=2041 name="interop/typed-cap-limited/trace/trace-stateDiff (nethermind_release)"
Sep 24 17:06:53.223 INF API: test ended suite=0 test=2041 pass=false
Sep 24 17:06:53.224 INF API: test started suite=0 test=2042 name="interop/typed-cap-limited/trace/trace-vmTrace (nethermind_release)"
Sep 24 17:06:53.227 INF API: test ended suite=0 test=2042 pass=false
Sep 24 17:06:53.228 INF API: test started suite=0 test=2043 name="interop/typed-cap-limited/trace/trace (nethermind_release)"
Sep 24 17:06:53.230 INF API: test ended suite=0 test=2043 pass=false
Sep 24 17:06:53.231 INF API: test started suite=0 test=2044 name="interop/typed-cap-limited/trace/vmTrace (nethermind_release)"
Sep 24 17:06:53.233 INF API: test ended suite=0 test=2044 pass=false
Sep 24 17:06:53.234 INF API: test started suite=0 test=2045 name="interop/typed-one/eth (nethermind_release)"
Sep 24 17:06:53.236 INF API: test ended suite=0 test=2045 pass=false
Sep 24 17:06:53.236 INF API: test started suite=0 test=2046 name="interop/typed-one/trace/none (nethermind_release)"
Sep 24 17:06:53.238 INF API: test ended suite=0 test=2046 pass=false
Sep 24 17:06:53.238 INF API: test started suite=0 test=2047 name="interop/typed-one/trace/stateDiff-vmTrace (nethermind_release)"
Sep 24 17:06:53.240 INF API: test ended suite=0 test=2047 pass=false
Sep 24 17:06:53.241 INF API: test started suite=0 test=2048 name="interop/typed-one/trace/stateDiff (nethermind_release)"
Sep 24 17:06:53.242 INF API: test ended suite=0 test=2048 pass=false
Sep 24 17:06:53.243 INF API: test started suite=0 test=2049 name="interop/typed-one/trace/trace-stateDiff-vmTrace (nethermind_release)"
Sep 24 17:06:53.245 INF API: test ended suite=0 test=2049 pass=false
Sep 24 17:06:53.245 INF API: test started suite=0 test=2050 name="interop/typed-one/trace/trace-stateDiff (nethermind_release)"
Sep 24 17:06:53.247 INF API: test ended suite=0 test=2050 pass=false
Sep 24 17:06:53.248 INF API: test started suite=0 test=2051 name="interop/typed-one/trace/trace-vmTrace (nethermind_release)"
Sep 24 17:06:53.249 INF API: test ended suite=0 test=2051 pass=false
Sep 24 17:06:53.250 INF API: test started suite=0 test=2052 name="interop/typed-one/trace/trace (nethermind_release)"
Sep 24 17:06:53.251 INF API: test ended suite=0 test=2052 pass=false
Sep 24 17:06:53.252 INF API: test started suite=0 test=2053 name="interop/typed-one/trace/vmTrace (nethermind_release)"
Sep 24 17:06:53.253 INF API: test ended suite=0 test=2053 pass=false
Sep 24 17:06:53.254 INF API: test started suite=0 test=2054 name="interop/typed-tip-equals-cap/eth (nethermind_release)"
Sep 24 17:06:53.255 INF API: test ended suite=0 test=2054 pass=false
Sep 24 17:06:53.256 INF API: test started suite=0 test=2055 name="interop/typed-tip-equals-cap/trace/none (nethermind_release)"
Sep 24 17:06:53.257 INF API: test ended suite=0 test=2055 pass=false
Sep 24 17:06:53.258 INF API: test started suite=0 test=2056 name="interop/typed-tip-equals-cap/trace/stateDiff-vmTrace (nethermind_release)"
Sep 24 17:06:53.261 INF API: test ended suite=0 test=2056 pass=false
Sep 24 17:06:53.262 INF API: test started suite=0 test=2057 name="interop/typed-tip-equals-cap/trace/stateDiff (nethermind_release)"
Sep 24 17:06:53.279 INF API: test ended suite=0 test=2057 pass=false
Sep 24 17:06:53.280 INF API: test started suite=0 test=2058 name="interop/typed-tip-equals-cap/trace/trace-stateDiff-vmTrace (nethermind_release)"
Sep 24 17:06:53.284 INF API: test ended suite=0 test=2058 pass=false
Sep 24 17:06:53.285 INF API: test started suite=0 test=2059 name="interop/typed-tip-equals-cap/trace/trace-stateDiff (nethermind_release)"
Sep 24 17:06:53.287 INF API: test ended suite=0 test=2059 pass=false
Sep 24 17:06:53.288 INF API: test started suite=0 test=2060 name="interop/typed-tip-equals-cap/trace/trace-vmTrace (nethermind_release)"
Sep 24 17:06:53.291 INF API: test ended suite=0 test=2060 pass=false
Sep 24 17:06:53.292 INF API: test started suite=0 test=2061 name="interop/typed-tip-equals-cap/trace/trace (nethermind_release)"
Sep 24 17:06:53.294 INF API: test ended suite=0 test=2061 pass=false
Sep 24 17:06:53.295 INF API: test started suite=0 test=2062 name="interop/typed-tip-equals-cap/trace/vmTrace (nethermind_release)"
Sep 24 17:06:53.298 INF API: test ended suite=0 test=2062 pass=false
Sep 24 17:06:53.299 INF API: test started suite=0 test=2063 name="interop/typed-tip-limited/eth (nethermind_release)"
Sep 24 17:06:53.301 INF API: test ended suite=0 test=2063 pass=false
Sep 24 17:06:53.301 INF API: test started suite=0 test=2064 name="interop/typed-tip-limited/trace/none (nethermind_release)"
Sep 24 17:06:53.303 INF API: test ended suite=0 test=2064 pass=false
Sep 24 17:06:53.304 INF API: test started suite=0 test=2065 name="interop/typed-tip-limited/trace/stateDiff-vmTrace (nethermind_release)"
Sep 24 17:06:53.307 INF API: test ended suite=0 test=2065 pass=false
Sep 24 17:06:53.307 INF API: test started suite=0 test=2066 name="interop/typed-tip-limited/trace/stateDiff (nethermind_release)"
Sep 24 17:06:53.310 INF API: test ended suite=0 test=2066 pass=false
Sep 24 17:06:53.311 INF API: test started suite=0 test=2067 name="interop/typed-tip-limited/trace/trace-stateDiff-vmTrace (nethermind_release)"
Sep 24 17:06:53.313 INF API: test ended suite=0 test=2067 pass=false
Sep 24 17:06:53.314 INF API: test started suite=0 test=2068 name="interop/typed-tip-limited/trace/trace-stateDiff (nethermind_release)"
Sep 24 17:06:53.316 INF API: test ended suite=0 test=2068 pass=false
Sep 24 17:06:53.317 INF API: test started suite=0 test=2069 name="interop/typed-tip-limited/trace/trace-vmTrace (nethermind_release)"
Sep 24 17:06:53.320 INF API: test ended suite=0 test=2069 pass=false
Sep 24 17:06:53.320 INF API: test started suite=0 test=2070 name="interop/typed-tip-limited/trace/trace (nethermind_release)"
Sep 24 17:06:53.322 INF API: test ended suite=0 test=2070 pass=false
Sep 24 17:06:53.323 INF API: test started suite=0 test=2071 name="interop/typed-tip-limited/trace/vmTrace (nethermind_release)"
Sep 24 17:06:53.325 INF API: test ended suite=0 test=2071 pass=false
Sep 24 17:06:53.326 INF API: test started suite=0 test=2072 name="interop/typed-tip-over-cap/eth (nethermind_release)"
Sep 24 17:06:53.328 INF API: test ended suite=0 test=2072 pass=false
Sep 24 17:06:53.328 INF API: test started suite=0 test=2073 name="interop/typed-tip-over-cap/trace/none (nethermind_release)"
Sep 24 17:06:53.330 INF API: test ended suite=0 test=2073 pass=false
Sep 24 17:06:53.331 INF API: test started suite=0 test=2074 name="interop/typed-tip-over-cap/trace/stateDiff-vmTrace (nethermind_release)"
Sep 24 17:06:53.332 INF API: test ended suite=0 test=2074 pass=false
Sep 24 17:06:53.333 INF API: test started suite=0 test=2075 name="interop/typed-tip-over-cap/trace/stateDiff (nethermind_release)"
Sep 24 17:06:53.334 INF API: test ended suite=0 test=2075 pass=false
Sep 24 17:06:53.335 INF API: test started suite=0 test=2076 name="interop/typed-tip-over-cap/trace/trace-stateDiff-vmTrace (nethermind_release)"
Sep 24 17:06:53.336 INF API: test ended suite=0 test=2076 pass=false
Sep 24 17:06:53.336 INF API: test started suite=0 test=2077 name="interop/typed-tip-over-cap/trace/trace-stateDiff (nethermind_release)"
Sep 24 17:06:53.338 INF API: test ended suite=0 test=2077 pass=false
Sep 24 17:06:53.339 INF API: test started suite=0 test=2078 name="interop/typed-tip-over-cap/trace/trace-vmTrace (nethermind_release)"
Sep 24 17:06:53.340 INF API: test ended suite=0 test=2078 pass=false
Sep 24 17:06:53.341 INF API: test started suite=0 test=2079 name="interop/typed-tip-over-cap/trace/trace (nethermind_release)"
Sep 24 17:06:53.342 INF API: test ended suite=0 test=2079 pass=false
Sep 24 17:06:53.342 INF API: test started suite=0 test=2080 name="interop/typed-tip-over-cap/trace/vmTrace (nethermind_release)"
Sep 24 17:06:53.343 INF API: test ended suite=0 test=2080 pass=false
Sep 24 17:06:53.344 INF API: test started suite=0 test=2081 name="interop/typed-zero/eth (nethermind_release)"
Sep 24 17:06:53.345 INF API: test ended suite=0 test=2081 pass=false
Sep 24 17:06:53.346 INF API: test started suite=0 test=2082 name="interop/typed-zero/trace/none (nethermind_release)"
Sep 24 17:06:53.347 INF API: test ended suite=0 test=2082 pass=false
Sep 24 17:06:53.348 INF API: test started suite=0 test=2083 name="interop/typed-zero/trace/stateDiff-vmTrace (nethermind_release)"
Sep 24 17:06:53.351 INF API: test ended suite=0 test=2083 pass=false
Sep 24 17:06:53.351 INF API: test started suite=0 test=2084 name="interop/typed-zero/trace/stateDiff (nethermind_release)"
Sep 24 17:06:53.354 INF API: test ended suite=0 test=2084 pass=false
Sep 24 17:06:53.354 INF API: test started suite=0 test=2085 name="interop/typed-zero/trace/trace-stateDiff-vmTrace (nethermind_release)"
Sep 24 17:06:53.357 INF API: test ended suite=0 test=2085 pass=false
Sep 24 17:06:53.358 INF API: test started suite=0 test=2086 name="interop/typed-zero/trace/trace-stateDiff (nethermind_release)"
Sep 24 17:06:53.361 INF API: test ended suite=0 test=2086 pass=false
Sep 24 17:06:53.361 INF API: test started suite=0 test=2087 name="interop/typed-zero/trace/trace-vmTrace (nethermind_release)"
Sep 24 17:06:53.364 INF API: test ended suite=0 test=2087 pass=false
Sep 24 17:06:53.365 INF API: test started suite=0 test=2088 name="interop/typed-zero/trace/trace (nethermind_release)"
Sep 24 17:06:53.366 INF API: test ended suite=0 test=2088 pass=false
Sep 24 17:06:53.367 INF API: test started suite=0 test=2089 name="interop/typed-zero/trace/vmTrace (nethermind_release)"
Sep 24 17:06:53.377 INF API: test ended suite=0 test=2089 pass=false
Sep 24 17:06:53.377 INF API: test started suite=0 test=2090 name="interop/typed-zero-cap-positive-tip/eth (nethermind_release)"
Sep 24 17:06:53.379 INF API: test ended suite=0 test=2090 pass=false
Sep 24 17:06:53.380 INF API: test started suite=0 test=2091 name="interop/typed-zero-cap-positive-tip/trace/none (nethermind_release)"
Sep 24 17:06:53.381 INF API: test ended suite=0 test=2091 pass=false
Sep 24 17:06:53.382 INF API: test started suite=0 test=2092 name="interop/typed-zero-cap-positive-tip/trace/stateDiff-vmTrace (nethermind_release)"
Sep 24 17:06:53.383 INF API: test ended suite=0 test=2092 pass=false
Sep 24 17:06:53.384 INF API: test started suite=0 test=2093 name="interop/typed-zero-cap-positive-tip/trace/stateDiff (nethermind_release)"
Sep 24 17:06:53.385 INF API: test ended suite=0 test=2093 pass=false
Sep 24 17:06:53.386 INF API: test started suite=0 test=2094 name="interop/typed-zero-cap-positive-tip/trace/trace-stateDiff-vmTrace (nethermind_release)"
Sep 24 17:06:53.387 INF API: test ended suite=0 test=2094 pass=false
Sep 24 17:06:53.387 INF API: test started suite=0 test=2095 name="interop/typed-zero-cap-positive-tip/trace/trace-stateDiff (nethermind_release)"
Sep 24 17:06:53.389 INF API: test ended suite=0 test=2095 pass=false
Sep 24 17:06:53.389 INF API: test started suite=0 test=2096 name="interop/typed-zero-cap-positive-tip/trace/trace-vmTrace (nethermind_release)"
Sep 24 17:06:53.390 INF API: test ended suite=0 test=2096 pass=false
Sep 24 17:06:53.391 INF API: test started suite=0 test=2097 name="interop/typed-zero-cap-positive-tip/trace/trace (nethermind_release)"
Sep 24 17:06:53.392 INF API: test ended suite=0 test=2097 pass=false
Sep 24 17:06:53.393 INF API: test started suite=0 test=2098 name="interop/typed-zero-cap-positive-tip/trace/vmTrace (nethermind_release)"
Sep 24 17:06:53.394 INF API: test ended suite=0 test=2098 pass=false
Sep 24 17:06:53.394 INF API: test started suite=0 test=2099 name="interop/typed-zero-tip/eth (nethermind_release)"
Sep 24 17:06:53.396 INF API: test ended suite=0 test=2099 pass=false
Sep 24 17:06:53.397 INF API: test started suite=0 test=2100 name="interop/typed-zero-tip/trace/none (nethermind_release)"
Sep 24 17:06:53.399 INF API: test ended suite=0 test=2100 pass=false
Sep 24 17:06:53.399 INF API: test started suite=0 test=2101 name="interop/typed-zero-tip/trace/stateDiff-vmTrace (nethermind_release)"
Sep 24 17:06:53.403 INF API: test ended suite=0 test=2101 pass=false
Sep 24 17:06:53.403 INF API: test started suite=0 test=2102 name="interop/typed-zero-tip/trace/stateDiff (nethermind_release)"
Sep 24 17:06:53.405 INF API: test ended suite=0 test=2102 pass=false
Sep 24 17:06:53.406 INF API: test started suite=0 test=2103 name="interop/typed-zero-tip/trace/trace-stateDiff-vmTrace (nethermind_release)"
Sep 24 17:06:53.409 INF API: test ended suite=0 test=2103 pass=false
Sep 24 17:06:53.409 INF API: test started suite=0 test=2104 name="interop/typed-zero-tip/trace/trace-stateDiff (nethermind_release)"
Sep 24 17:06:53.412 INF API: test ended suite=0 test=2104 pass=false
Sep 24 17:06:53.412 INF API: test started suite=0 test=2105 name="interop/typed-zero-tip/trace/trace-vmTrace (nethermind_release)"
Sep 24 17:06:53.415 INF API: test ended suite=0 test=2105 pass=false
Sep 24 17:06:53.416 INF API: test started suite=0 test=2106 name="interop/typed-zero-tip/trace/trace (nethermind_release)"
Sep 24 17:06:53.418 INF API: test ended suite=0 test=2106 pass=false
Sep 24 17:06:53.418 INF API: test started suite=0 test=2107 name="interop/typed-zero-tip/trace/vmTrace (nethermind_release)"
Sep 24 17:06:53.421 INF API: test ended suite=0 test=2107 pass=false
Sep 24 17:06:53.954 INF API: test ended suite=0 test=1807 pass=true
Sep 24 17:06:53.955 INF API: test started suite=0 test=2108 name="client launch (reth_development)"
Sep 24 17:06:55.920 INF API: client reth_development started suite=0 test=2108 container=99e7a075
Sep 24 17:06:55.938 INF API: test started suite=0 test=2109 name="interop/_control/empty-balance (reth_development)"
Sep 24 17:06:55.952 INF API: test ended suite=0 test=2109 pass=false
Sep 24 17:06:55.953 INF API: test started suite=0 test=2110 name="interop/_control/empty-code (reth_development)"
Sep 24 17:06:55.955 INF API: test ended suite=0 test=2110 pass=false
Sep 24 17:06:55.956 INF API: test started suite=0 test=2111 name="interop/_control/empty-nonce (reth_development)"
Sep 24 17:06:55.957 INF API: test ended suite=0 test=2111 pass=false
Sep 24 17:06:55.958 INF API: test started suite=0 test=2112 name="interop/_control/head (reth_development)"
Sep 24 17:06:55.959 INF API: test ended suite=0 test=2112 pass=false
Sep 24 17:06:55.960 INF API: test started suite=0 test=2113 name="interop/_control/latest (reth_development)"
Sep 24 17:06:55.961 INF API: test ended suite=0 test=2113 pass=false
Sep 24 17:06:55.962 INF API: test started suite=0 test=2114 name="interop/_control/miner-balance (reth_development)"
Sep 24 17:06:55.963 INF API: test ended suite=0 test=2114 pass=false
Sep 24 17:06:55.964 INF API: test started suite=0 test=2115 name="interop/_control/miner-code (reth_development)"
Sep 24 17:06:55.965 INF API: test ended suite=0 test=2115 pass=false
Sep 24 17:06:55.966 INF API: test started suite=0 test=2116 name="interop/_control/miner-nonce (reth_development)"
Sep 24 17:06:55.967 INF API: test ended suite=0 test=2116 pass=false
Sep 24 17:06:55.968 INF API: test started suite=0 test=2117 name="interop/_control/sender-balance (reth_development)"
Sep 24 17:06:55.969 INF API: test ended suite=0 test=2117 pass=false
Sep 24 17:06:55.969 INF API: test started suite=0 test=2118 name="interop/_control/sender-code (reth_development)"
Sep 24 17:06:55.970 INF API: test ended suite=0 test=2118 pass=false
Sep 24 17:06:55.971 INF API: test started suite=0 test=2119 name="interop/_control/sender-nonce (reth_development)"
Sep 24 17:06:55.972 INF API: test ended suite=0 test=2119 pass=false
Sep 24 17:06:55.973 INF API: test started suite=0 test=2120 name="interop/_control/version (reth_development)"
Sep 24 17:06:55.974 INF API: test ended suite=0 test=2120 pass=false
Sep 24 17:06:55.975 INF API: test started suite=0 test=2121 name="interop/defaults-cap-only-positive/eth (reth_development)"
Sep 24 17:06:55.976 INF API: test ended suite=0 test=2121 pass=false
Sep 24 17:06:55.977 INF API: test started suite=0 test=2122 name="interop/defaults-cap-only-positive/trace/none (reth_development)"
Sep 24 17:06:55.979 INF API: test ended suite=0 test=2122 pass=false
Sep 24 17:06:55.979 INF API: test started suite=0 test=2123 name="interop/defaults-cap-only-positive/trace/stateDiff-vmTrace (reth_development)"
Sep 24 17:06:55.983 INF API: test ended suite=0 test=2123 pass=false
Sep 24 17:06:55.983 INF API: test started suite=0 test=2124 name="interop/defaults-cap-only-positive/trace/stateDiff (reth_development)"
Sep 24 17:06:55.985 INF API: test ended suite=0 test=2124 pass=false
Sep 24 17:06:55.986 INF API: test started suite=0 test=2125 name="interop/defaults-cap-only-positive/trace/trace-stateDiff-vmTrace (reth_development)"
Sep 24 17:06:55.988 INF API: test ended suite=0 test=2125 pass=false
Sep 24 17:06:55.989 INF API: test started suite=0 test=2126 name="interop/defaults-cap-only-positive/trace/trace-stateDiff (reth_development)"
Sep 24 17:06:55.991 INF API: test ended suite=0 test=2126 pass=false
Sep 24 17:06:55.991 INF API: test started suite=0 test=2127 name="interop/defaults-cap-only-positive/trace/trace-vmTrace (reth_development)"
Sep 24 17:06:55.995 INF API: test ended suite=0 test=2127 pass=false
Sep 24 17:06:55.996 INF API: test started suite=0 test=2128 name="interop/defaults-cap-only-positive/trace/trace (reth_development)"
Sep 24 17:06:55.998 INF API: test ended suite=0 test=2128 pass=false
Sep 24 17:06:55.999 INF API: test started suite=0 test=2129 name="interop/defaults-cap-only-positive/trace/vmTrace (reth_development)"
Sep 24 17:06:56.001 INF API: test ended suite=0 test=2129 pass=false
Sep 24 17:06:56.002 INF API: test started suite=0 test=2130 name="interop/defaults-cap-only-zero/eth (reth_development)"
Sep 24 17:06:56.003 INF API: test ended suite=0 test=2130 pass=false
Sep 24 17:06:56.004 INF API: test started suite=0 test=2131 name="interop/defaults-cap-only-zero/trace/none (reth_development)"
Sep 24 17:06:56.006 INF API: test ended suite=0 test=2131 pass=false
Sep 24 17:06:56.006 INF API: test started suite=0 test=2132 name="interop/defaults-cap-only-zero/trace/stateDiff-vmTrace (reth_development)"
Sep 24 17:06:56.010 INF API: test ended suite=0 test=2132 pass=false
Sep 24 17:06:56.011 INF API: test started suite=0 test=2133 name="interop/defaults-cap-only-zero/trace/stateDiff (reth_development)"
Sep 24 17:06:56.012 INF API: test ended suite=0 test=2133 pass=false
Sep 24 17:06:56.013 INF API: test started suite=0 test=2134 name="interop/defaults-cap-only-zero/trace/trace-stateDiff-vmTrace (reth_development)"
Sep 24 17:06:56.016 INF API: test ended suite=0 test=2134 pass=false
Sep 24 17:06:56.017 INF API: test started suite=0 test=2135 name="interop/defaults-cap-only-zero/trace/trace-stateDiff (reth_development)"
Sep 24 17:06:56.018 INF API: test ended suite=0 test=2135 pass=false
Sep 24 17:06:56.018 INF API: test started suite=0 test=2136 name="interop/defaults-cap-only-zero/trace/trace-vmTrace (reth_development)"
Sep 24 17:06:56.021 INF API: test ended suite=0 test=2136 pass=false
Sep 24 17:06:56.022 INF API: test started suite=0 test=2137 name="interop/defaults-cap-only-zero/trace/trace (reth_development)"
Sep 24 17:06:56.024 INF API: test ended suite=0 test=2137 pass=false
Sep 24 17:06:56.024 INF API: test started suite=0 test=2138 name="interop/defaults-cap-only-zero/trace/vmTrace (reth_development)"
Sep 24 17:06:56.027 INF API: test ended suite=0 test=2138 pass=false
Sep 24 17:06:56.027 INF API: test started suite=0 test=2139 name="interop/defaults-omitted/eth (reth_development)"
Sep 24 17:06:56.029 INF API: test ended suite=0 test=2139 pass=false
Sep 24 17:06:56.029 INF API: test started suite=0 test=2140 name="interop/defaults-omitted/trace/none (reth_development)"
Sep 24 17:06:56.031 INF API: test ended suite=0 test=2140 pass=false
Sep 24 17:06:56.032 INF API: test started suite=0 test=2141 name="interop/defaults-omitted/trace/stateDiff-vmTrace (reth_development)"
Sep 24 17:06:56.034 INF API: test ended suite=0 test=2141 pass=false
Sep 24 17:06:56.035 INF API: test started suite=0 test=2142 name="interop/defaults-omitted/trace/stateDiff (reth_development)"
Sep 24 17:06:56.037 INF API: test ended suite=0 test=2142 pass=false
Sep 24 17:06:56.038 INF API: test started suite=0 test=2143 name="interop/defaults-omitted/trace/trace-stateDiff-vmTrace (reth_development)"
Sep 24 17:06:56.041 INF API: test ended suite=0 test=2143 pass=false
Sep 24 17:06:56.042 INF API: test started suite=0 test=2144 name="interop/defaults-omitted/trace/trace-stateDiff (reth_development)"
Sep 24 17:06:56.044 INF API: test ended suite=0 test=2144 pass=false
Sep 24 17:06:56.045 INF API: test started suite=0 test=2145 name="interop/defaults-omitted/trace/trace-vmTrace (reth_development)"
Sep 24 17:06:56.048 INF API: test ended suite=0 test=2145 pass=false
Sep 24 17:06:56.049 INF API: test started suite=0 test=2146 name="interop/defaults-omitted/trace/trace (reth_development)"
Sep 24 17:06:56.050 INF API: test ended suite=0 test=2146 pass=false
Sep 24 17:06:56.051 INF API: test started suite=0 test=2147 name="interop/defaults-omitted/trace/vmTrace (reth_development)"
Sep 24 17:06:56.054 INF API: test ended suite=0 test=2147 pass=false
Sep 24 17:06:56.055 INF API: test started suite=0 test=2148 name="interop/defaults-tip-only-positive/eth (reth_development)"
Sep 24 17:06:56.056 INF API: test ended suite=0 test=2148 pass=false
Sep 24 17:06:56.056 INF API: test started suite=0 test=2149 name="interop/defaults-tip-only-positive/trace/none (reth_development)"
Sep 24 17:06:56.057 INF API: test ended suite=0 test=2149 pass=false
Sep 24 17:06:56.058 INF API: test started suite=0 test=2150 name="interop/defaults-tip-only-positive/trace/stateDiff-vmTrace (reth_development)"
Sep 24 17:06:56.060 INF API: test ended suite=0 test=2150 pass=false
Sep 24 17:06:56.061 INF API: test started suite=0 test=2151 name="interop/defaults-tip-only-positive/trace/stateDiff (reth_development)"
Sep 24 17:06:56.063 INF API: test ended suite=0 test=2151 pass=false
Sep 24 17:06:56.064 INF API: test started suite=0 test=2152 name="interop/defaults-tip-only-positive/trace/trace-stateDiff-vmTrace (reth_development)"
Sep 24 17:06:56.066 INF API: test ended suite=0 test=2152 pass=false
Sep 24 17:06:56.067 INF API: test started suite=0 test=2153 name="interop/defaults-tip-only-positive/trace/trace-stateDiff (reth_development)"
Sep 24 17:06:56.068 INF API: test ended suite=0 test=2153 pass=false
Sep 24 17:06:56.069 INF API: test started suite=0 test=2154 name="interop/defaults-tip-only-positive/trace/trace-vmTrace (reth_development)"
Sep 24 17:06:56.072 INF API: test ended suite=0 test=2154 pass=false
Sep 24 17:06:56.072 INF API: test started suite=0 test=2155 name="interop/defaults-tip-only-positive/trace/trace (reth_development)"
Sep 24 17:06:56.074 INF API: test ended suite=0 test=2155 pass=false
Sep 24 17:06:56.074 INF API: test started suite=0 test=2156 name="interop/defaults-tip-only-positive/trace/vmTrace (reth_development)"
Sep 24 17:06:56.076 INF API: test ended suite=0 test=2156 pass=false
Sep 24 17:06:56.077 INF API: test started suite=0 test=2157 name="interop/defaults-tip-only-zero/eth (reth_development)"
Sep 24 17:06:56.078 INF API: test ended suite=0 test=2157 pass=false
Sep 24 17:06:56.079 INF API: test started suite=0 test=2158 name="interop/defaults-tip-only-zero/trace/none (reth_development)"
Sep 24 17:06:56.080 INF API: test ended suite=0 test=2158 pass=false
Sep 24 17:06:56.080 INF API: test started suite=0 test=2159 name="interop/defaults-tip-only-zero/trace/stateDiff-vmTrace (reth_development)"
Sep 24 17:06:56.083 INF API: test ended suite=0 test=2159 pass=false
Sep 24 17:06:56.084 INF API: test started suite=0 test=2160 name="interop/defaults-tip-only-zero/trace/stateDiff (reth_development)"
Sep 24 17:06:56.085 INF API: test ended suite=0 test=2160 pass=false
Sep 24 17:06:56.086 INF API: test started suite=0 test=2161 name="interop/defaults-tip-only-zero/trace/trace-stateDiff-vmTrace (reth_development)"
Sep 24 17:06:56.089 INF API: test ended suite=0 test=2161 pass=false
Sep 24 17:06:56.090 INF API: test started suite=0 test=2162 name="interop/defaults-tip-only-zero/trace/trace-stateDiff (reth_development)"
Sep 24 17:06:56.092 INF API: test ended suite=0 test=2162 pass=false
Sep 24 17:06:56.092 INF API: test started suite=0 test=2163 name="interop/defaults-tip-only-zero/trace/trace-vmTrace (reth_development)"
Sep 24 17:06:56.095 INF API: test ended suite=0 test=2163 pass=false
Sep 24 17:06:56.096 INF API: test started suite=0 test=2164 name="interop/defaults-tip-only-zero/trace/trace (reth_development)"
Sep 24 17:06:56.097 INF API: test ended suite=0 test=2164 pass=false
Sep 24 17:06:56.098 INF API: test started suite=0 test=2165 name="interop/defaults-tip-only-zero/trace/vmTrace (reth_development)"
Sep 24 17:06:56.102 INF API: test ended suite=0 test=2165 pass=false
Sep 24 17:06:56.102 INF API: test started suite=0 test=2166 name="interop/empty-sender-free/eth (reth_development)"
Sep 24 17:06:56.104 INF API: test ended suite=0 test=2166 pass=false
Sep 24 17:06:56.104 INF API: test started suite=0 test=2167 name="interop/empty-sender-free/trace/none (reth_development)"
Sep 24 17:06:56.106 INF API: test ended suite=0 test=2167 pass=false
Sep 24 17:06:56.106 INF API: test started suite=0 test=2168 name="interop/empty-sender-free/trace/stateDiff-vmTrace (reth_development)"
Sep 24 17:06:56.109 INF API: test ended suite=0 test=2168 pass=false
Sep 24 17:06:56.110 INF API: test started suite=0 test=2169 name="interop/empty-sender-free/trace/stateDiff (reth_development)"
Sep 24 17:06:56.111 INF API: test ended suite=0 test=2169 pass=false
Sep 24 17:06:56.112 INF API: test started suite=0 test=2170 name="interop/empty-sender-free/trace/trace-stateDiff-vmTrace (reth_development)"
Sep 24 17:06:56.115 INF API: test ended suite=0 test=2170 pass=false
Sep 24 17:06:56.116 INF API: test started suite=0 test=2171 name="interop/empty-sender-free/trace/trace-stateDiff (reth_development)"
Sep 24 17:06:56.117 INF API: test ended suite=0 test=2171 pass=false
Sep 24 17:06:56.118 INF API: test started suite=0 test=2172 name="interop/empty-sender-free/trace/trace-vmTrace (reth_development)"
Sep 24 17:06:56.120 INF API: test ended suite=0 test=2172 pass=false
Sep 24 17:06:56.121 INF API: test started suite=0 test=2173 name="interop/empty-sender-free/trace/trace (reth_development)"
Sep 24 17:06:56.122 INF API: test ended suite=0 test=2173 pass=false
Sep 24 17:06:56.123 INF API: test started suite=0 test=2174 name="interop/empty-sender-free/trace/vmTrace (reth_development)"
Sep 24 17:06:56.125 INF API: test ended suite=0 test=2174 pass=false
Sep 24 17:06:56.126 INF API: test started suite=0 test=2175 name="interop/empty-sender-priced/eth (reth_development)"
Sep 24 17:06:56.127 INF API: test ended suite=0 test=2175 pass=false
Sep 24 17:06:56.128 INF API: test started suite=0 test=2176 name="interop/empty-sender-priced/trace/none (reth_development)"
Sep 24 17:06:56.129 INF API: test ended suite=0 test=2176 pass=false
Sep 24 17:06:56.130 INF API: test started suite=0 test=2177 name="interop/empty-sender-priced/trace/stateDiff-vmTrace (reth_development)"
Sep 24 17:06:56.132 INF API: test ended suite=0 test=2177 pass=false
Sep 24 17:06:56.133 INF API: test started suite=0 test=2178 name="interop/empty-sender-priced/trace/stateDiff (reth_development)"
Sep 24 17:06:56.134 INF API: test ended suite=0 test=2178 pass=false
Sep 24 17:06:56.135 INF API: test started suite=0 test=2179 name="interop/empty-sender-priced/trace/trace-stateDiff-vmTrace (reth_development)"
Sep 24 17:06:56.138 INF API: test ended suite=0 test=2179 pass=false
Sep 24 17:06:56.139 INF API: test started suite=0 test=2180 name="interop/empty-sender-priced/trace/trace-stateDiff (reth_development)"
Sep 24 17:06:56.140 INF API: test ended suite=0 test=2180 pass=false
Sep 24 17:06:56.141 INF API: test started suite=0 test=2181 name="interop/empty-sender-priced/trace/trace-vmTrace (reth_development)"
Sep 24 17:06:56.143 INF API: test ended suite=0 test=2181 pass=false
Sep 24 17:06:56.144 INF API: test started suite=0 test=2182 name="interop/empty-sender-priced/trace/trace (reth_development)"
Sep 24 17:06:56.146 INF API: test ended suite=0 test=2182 pass=false
Sep 24 17:06:56.146 INF API: test started suite=0 test=2183 name="interop/empty-sender-priced/trace/vmTrace (reth_development)"
Sep 24 17:06:56.149 INF API: test ended suite=0 test=2183 pass=false
Sep 24 17:06:56.150 INF API: test started suite=0 test=2184 name="interop/funding-free-exact/eth (reth_development)"
Sep 24 17:06:56.151 INF API: test ended suite=0 test=2184 pass=false
Sep 24 17:06:56.152 INF API: test started suite=0 test=2185 name="interop/funding-free-exact/trace/none (reth_development)"
Sep 24 17:06:56.153 INF API: test ended suite=0 test=2185 pass=false
Sep 24 17:06:56.153 INF API: test started suite=0 test=2186 name="interop/funding-free-exact/trace/stateDiff-vmTrace (reth_development)"
Sep 24 17:06:56.156 INF API: test ended suite=0 test=2186 pass=false
Sep 24 17:06:56.157 INF API: test started suite=0 test=2187 name="interop/funding-free-exact/trace/stateDiff (reth_development)"
Sep 24 17:06:56.158 INF API: test ended suite=0 test=2187 pass=false
Sep 24 17:06:56.159 INF API: test started suite=0 test=2188 name="interop/funding-free-exact/trace/trace-stateDiff-vmTrace (reth_development)"
Sep 24 17:06:56.161 INF API: test ended suite=0 test=2188 pass=false
Sep 24 17:06:56.162 INF API: test started suite=0 test=2189 name="interop/funding-free-exact/trace/trace-stateDiff (reth_development)"
Sep 24 17:06:56.164 INF API: test ended suite=0 test=2189 pass=false
Sep 24 17:06:56.164 INF API: test started suite=0 test=2190 name="interop/funding-free-exact/trace/trace-vmTrace (reth_development)"
Sep 24 17:06:56.166 INF API: test ended suite=0 test=2190 pass=false
Sep 24 17:06:56.167 INF API: test started suite=0 test=2191 name="interop/funding-free-exact/trace/trace (reth_development)"
Sep 24 17:06:56.168 INF API: test ended suite=0 test=2191 pass=false
Sep 24 17:06:56.169 INF API: test started suite=0 test=2192 name="interop/funding-free-exact/trace/vmTrace (reth_development)"
Sep 24 17:06:56.172 INF API: test ended suite=0 test=2192 pass=false
Sep 24 17:06:56.173 INF API: test started suite=0 test=2193 name="interop/funding-free-short/eth (reth_development)"
Sep 24 17:06:56.174 INF API: test ended suite=0 test=2193 pass=false
Sep 24 17:06:56.175 INF API: test started suite=0 test=2194 name="interop/funding-free-short/trace/none (reth_development)"
Sep 24 17:06:56.176 INF API: test ended suite=0 test=2194 pass=false
Sep 24 17:06:56.176 INF API: test started suite=0 test=2195 name="interop/funding-free-short/trace/stateDiff-vmTrace (reth_development)"
Sep 24 17:06:56.178 INF API: test ended suite=0 test=2195 pass=false
Sep 24 17:06:56.178 INF API: test started suite=0 test=2196 name="interop/funding-free-short/trace/stateDiff (reth_development)"
Sep 24 17:06:56.179 INF API: test ended suite=0 test=2196 pass=false
Sep 24 17:06:56.180 INF API: test started suite=0 test=2197 name="interop/funding-free-short/trace/trace-stateDiff-vmTrace (reth_development)"
Sep 24 17:06:56.181 INF API: test ended suite=0 test=2197 pass=false
Sep 24 17:06:56.182 INF API: test started suite=0 test=2198 name="interop/funding-free-short/trace/trace-stateDiff (reth_development)"
Sep 24 17:06:56.183 INF API: test ended suite=0 test=2198 pass=false
Sep 24 17:06:56.184 INF API: test started suite=0 test=2199 name="interop/funding-free-short/trace/trace-vmTrace (reth_development)"
Sep 24 17:06:56.185 INF API: test ended suite=0 test=2199 pass=false
Sep 24 17:06:56.186 INF API: test started suite=0 test=2200 name="interop/funding-free-short/trace/trace (reth_development)"
Sep 24 17:06:56.187 INF API: test ended suite=0 test=2200 pass=false
Sep 24 17:06:56.188 INF API: test started suite=0 test=2201 name="interop/funding-free-short/trace/vmTrace (reth_development)"
Sep 24 17:06:56.190 INF API: test ended suite=0 test=2201 pass=false
Sep 24 17:06:56.191 INF API: test started suite=0 test=2202 name="interop/funding-legacy-exact/eth (reth_development)"
Sep 24 17:06:56.192 INF API: test ended suite=0 test=2202 pass=false
Sep 24 17:06:56.193 INF API: test started suite=0 test=2203 name="interop/funding-legacy-exact/trace/none (reth_development)"
Sep 24 17:06:56.194 INF API: test ended suite=0 test=2203 pass=false
Sep 24 17:06:56.194 INF API: test started suite=0 test=2204 name="interop/funding-legacy-exact/trace/stateDiff-vmTrace (reth_development)"
Sep 24 17:06:56.197 INF API: test ended suite=0 test=2204 pass=false
Sep 24 17:06:56.198 INF API: test started suite=0 test=2205 name="interop/funding-legacy-exact/trace/stateDiff (reth_development)"
Sep 24 17:06:56.199 INF API: test ended suite=0 test=2205 pass=false
Sep 24 17:06:56.200 INF API: test started suite=0 test=2206 name="interop/funding-legacy-exact/trace/trace-stateDiff-vmTrace (reth_development)"
Sep 24 17:06:56.202 INF API: test ended suite=0 test=2206 pass=false
Sep 24 17:06:56.203 INF API: test started suite=0 test=2207 name="interop/funding-legacy-exact/trace/trace-stateDiff (reth_development)"
Sep 24 17:06:56.205 INF API: test ended suite=0 test=2207 pass=false
Sep 24 17:06:56.206 INF API: test started suite=0 test=2208 name="interop/funding-legacy-exact/trace/trace-vmTrace (reth_development)"
Sep 24 17:06:56.208 INF API: test ended suite=0 test=2208 pass=false
Sep 24 17:06:56.209 INF API: test started suite=0 test=2209 name="interop/funding-legacy-exact/trace/trace (reth_development)"
Sep 24 17:06:56.210 INF API: test ended suite=0 test=2209 pass=false
Sep 24 17:06:56.211 INF API: test started suite=0 test=2210 name="interop/funding-legacy-exact/trace/vmTrace (reth_development)"
Sep 24 17:06:56.214 INF API: test ended suite=0 test=2210 pass=false
Sep 24 17:06:56.215 INF API: test started suite=0 test=2211 name="interop/funding-legacy-short/eth (reth_development)"
Sep 24 17:06:56.216 INF API: test ended suite=0 test=2211 pass=false
Sep 24 17:06:56.216 INF API: test started suite=0 test=2212 name="interop/funding-legacy-short/trace/none (reth_development)"
Sep 24 17:06:56.217 INF API: test ended suite=0 test=2212 pass=false
Sep 24 17:06:56.218 INF API: test started suite=0 test=2213 name="interop/funding-legacy-short/trace/stateDiff-vmTrace (reth_development)"
Sep 24 17:06:56.221 INF API: test ended suite=0 test=2213 pass=false
Sep 24 17:06:56.221 INF API: test started suite=0 test=2214 name="interop/funding-legacy-short/trace/stateDiff (reth_development)"
Sep 24 17:06:56.223 INF API: test ended suite=0 test=2214 pass=false
Sep 24 17:06:56.224 INF API: test started suite=0 test=2215 name="interop/funding-legacy-short/trace/trace-stateDiff-vmTrace (reth_development)"
Sep 24 17:06:56.227 INF API: test ended suite=0 test=2215 pass=false
Sep 24 17:06:56.227 INF API: test started suite=0 test=2216 name="interop/funding-legacy-short/trace/trace-stateDiff (reth_development)"
Sep 24 17:06:56.229 INF API: test ended suite=0 test=2216 pass=false
Sep 24 17:06:56.230 INF API: test started suite=0 test=2217 name="interop/funding-legacy-short/trace/trace-vmTrace (reth_development)"
Sep 24 17:06:56.233 INF API: test ended suite=0 test=2217 pass=false
Sep 24 17:06:56.233 INF API: test started suite=0 test=2218 name="interop/funding-legacy-short/trace/trace (reth_development)"
Sep 24 17:06:56.235 INF API: test ended suite=0 test=2218 pass=false
Sep 24 17:06:56.236 INF API: test started suite=0 test=2219 name="interop/funding-legacy-short/trace/vmTrace (reth_development)"
Sep 24 17:06:56.238 INF API: test ended suite=0 test=2219 pass=false
Sep 24 17:06:56.239 INF API: test started suite=0 test=2220 name="interop/funding-typed-effective-only/eth (reth_development)"
Sep 24 17:06:56.240 INF API: test ended suite=0 test=2220 pass=false
Sep 24 17:06:56.241 INF API: test started suite=0 test=2221 name="interop/funding-typed-effective-only/trace/none (reth_development)"
Sep 24 17:06:56.242 INF API: test ended suite=0 test=2221 pass=false
Sep 24 17:06:56.242 INF API: test started suite=0 test=2222 name="interop/funding-typed-effective-only/trace/stateDiff-vmTrace (reth_development)"
Sep 24 17:06:56.246 INF API: test ended suite=0 test=2222 pass=false
Sep 24 17:06:56.246 INF API: test started suite=0 test=2223 name="interop/funding-typed-effective-only/trace/stateDiff (reth_development)"
Sep 24 17:06:56.377 INF API: test ended suite=0 test=2223 pass=false
Sep 24 17:06:56.378 INF API: test started suite=0 test=2224 name="interop/funding-typed-effective-only/trace/trace-stateDiff-vmTrace (reth_development)"
Sep 24 17:06:56.381 INF API: test ended suite=0 test=2224 pass=false
Sep 24 17:06:56.382 INF API: test started suite=0 test=2225 name="interop/funding-typed-effective-only/trace/trace-stateDiff (reth_development)"
Sep 24 17:06:56.384 INF API: test ended suite=0 test=2225 pass=false
Sep 24 17:06:56.384 INF API: test started suite=0 test=2226 name="interop/funding-typed-effective-only/trace/trace-vmTrace (reth_development)"
Sep 24 17:06:56.387 INF API: test ended suite=0 test=2226 pass=false
Sep 24 17:06:56.388 INF API: test started suite=0 test=2227 name="interop/funding-typed-effective-only/trace/trace (reth_development)"
Sep 24 17:06:56.390 INF API: test ended suite=0 test=2227 pass=false
Sep 24 17:06:56.390 INF API: test started suite=0 test=2228 name="interop/funding-typed-effective-only/trace/vmTrace (reth_development)"
Sep 24 17:06:56.393 INF API: test ended suite=0 test=2228 pass=false
Sep 24 17:06:56.393 INF API: test started suite=0 test=2229 name="interop/funding-typed-exact/eth (reth_development)"
Sep 24 17:06:56.395 INF API: test ended suite=0 test=2229 pass=false
Sep 24 17:06:56.395 INF API: test started suite=0 test=2230 name="interop/funding-typed-exact/trace/none (reth_development)"
Sep 24 17:06:56.396 INF API: test ended suite=0 test=2230 pass=false
Sep 24 17:06:56.397 INF API: test started suite=0 test=2231 name="interop/funding-typed-exact/trace/stateDiff-vmTrace (reth_development)"
Sep 24 17:06:56.400 INF API: test ended suite=0 test=2231 pass=false
Sep 24 17:06:56.401 INF API: test started suite=0 test=2232 name="interop/funding-typed-exact/trace/stateDiff (reth_development)"
Sep 24 17:06:56.402 INF API: test ended suite=0 test=2232 pass=false
Sep 24 17:06:56.403 INF API: test started suite=0 test=2233 name="interop/funding-typed-exact/trace/trace-stateDiff-vmTrace (reth_development)"
Sep 24 17:06:56.405 INF API: test ended suite=0 test=2233 pass=false
Sep 24 17:06:56.406 INF API: test started suite=0 test=2234 name="interop/funding-typed-exact/trace/trace-stateDiff (reth_development)"
Sep 24 17:06:56.408 INF API: test ended suite=0 test=2234 pass=false
Sep 24 17:06:56.409 INF API: test started suite=0 test=2235 name="interop/funding-typed-exact/trace/trace-vmTrace (reth_development)"
Sep 24 17:06:56.411 INF API: test ended suite=0 test=2235 pass=false
Sep 24 17:06:56.412 INF API: test started suite=0 test=2236 name="interop/funding-typed-exact/trace/trace (reth_development)"
Sep 24 17:06:56.413 INF API: test ended suite=0 test=2236 pass=false
Sep 24 17:06:56.414 INF API: test started suite=0 test=2237 name="interop/funding-typed-exact/trace/vmTrace (reth_development)"
Sep 24 17:06:56.417 INF API: test ended suite=0 test=2237 pass=false
Sep 24 17:06:56.417 INF API: test started suite=0 test=2238 name="interop/funding-typed-free-exact/eth (reth_development)"
Sep 24 17:06:56.419 INF API: test ended suite=0 test=2238 pass=false
Sep 24 17:06:56.419 INF API: test started suite=0 test=2239 name="interop/funding-typed-free-exact/trace/none (reth_development)"
Sep 24 17:06:56.420 INF API: test ended suite=0 test=2239 pass=false
Sep 24 17:06:56.421 INF API: test started suite=0 test=2240 name="interop/funding-typed-free-exact/trace/stateDiff-vmTrace (reth_development)"
Sep 24 17:06:56.424 INF API: test ended suite=0 test=2240 pass=false
Sep 24 17:06:56.425 INF API: test started suite=0 test=2241 name="interop/funding-typed-free-exact/trace/stateDiff (reth_development)"
Sep 24 17:06:56.426 INF API: test ended suite=0 test=2241 pass=false
Sep 24 17:06:56.427 INF API: test started suite=0 test=2242 name="interop/funding-typed-free-exact/trace/trace-stateDiff-vmTrace (reth_development)"
Sep 24 17:06:56.430 INF API: test ended suite=0 test=2242 pass=false
Sep 24 17:06:56.431 INF API: test started suite=0 test=2243 name="interop/funding-typed-free-exact/trace/trace-stateDiff (reth_development)"
Sep 24 17:06:56.432 INF API: test ended suite=0 test=2243 pass=false
Sep 24 17:06:56.433 INF API: test started suite=0 test=2244 name="interop/funding-typed-free-exact/trace/trace-vmTrace (reth_development)"
Sep 24 17:06:56.436 INF API: test ended suite=0 test=2244 pass=false
Sep 24 17:06:56.437 INF API: test started suite=0 test=2245 name="interop/funding-typed-free-exact/trace/trace (reth_development)"
Sep 24 17:06:56.438 INF API: test ended suite=0 test=2245 pass=false
Sep 24 17:06:56.439 INF API: test started suite=0 test=2246 name="interop/funding-typed-free-exact/trace/vmTrace (reth_development)"
Sep 24 17:06:56.441 INF API: test ended suite=0 test=2246 pass=false
Sep 24 17:06:56.442 INF API: test started suite=0 test=2247 name="interop/funding-typed-free-short/eth (reth_development)"
Sep 24 17:06:56.443 INF API: test ended suite=0 test=2247 pass=false
Sep 24 17:06:56.444 INF API: test started suite=0 test=2248 name="interop/funding-typed-free-short/trace/none (reth_development)"
Sep 24 17:06:56.445 INF API: test ended suite=0 test=2248 pass=false
Sep 24 17:06:56.446 INF API: test started suite=0 test=2249 name="interop/funding-typed-free-short/trace/stateDiff-vmTrace (reth_development)"
Sep 24 17:06:56.447 INF API: test ended suite=0 test=2249 pass=false
Sep 24 17:06:56.448 INF API: test started suite=0 test=2250 name="interop/funding-typed-free-short/trace/stateDiff (reth_development)"
Sep 24 17:06:56.449 INF API: test ended suite=0 test=2250 pass=false
Sep 24 17:06:56.449 INF API: test started suite=0 test=2251 name="interop/funding-typed-free-short/trace/trace-stateDiff-vmTrace (reth_development)"
Sep 24 17:06:56.451 INF API: test ended suite=0 test=2251 pass=false
Sep 24 17:06:56.451 INF API: test started suite=0 test=2252 name="interop/funding-typed-free-short/trace/trace-stateDiff (reth_development)"
Sep 24 17:06:56.453 INF API: test ended suite=0 test=2252 pass=false
Sep 24 17:06:56.453 INF API: test started suite=0 test=2253 name="interop/funding-typed-free-short/trace/trace-vmTrace (reth_development)"
Sep 24 17:06:56.454 INF API: test ended suite=0 test=2253 pass=false
Sep 24 17:06:56.455 INF API: test started suite=0 test=2254 name="interop/funding-typed-free-short/trace/trace (reth_development)"
Sep 24 17:06:56.456 INF API: test ended suite=0 test=2254 pass=false
Sep 24 17:06:56.457 INF API: test started suite=0 test=2255 name="interop/funding-typed-free-short/trace/vmTrace (reth_development)"
Sep 24 17:06:56.458 INF API: test ended suite=0 test=2255 pass=false
Sep 24 17:06:56.459 INF API: test started suite=0 test=2256 name="interop/funding-typed-short/eth (reth_development)"
Sep 24 17:06:56.460 INF API: test ended suite=0 test=2256 pass=false
Sep 24 17:06:56.460 INF API: test started suite=0 test=2257 name="interop/funding-typed-short/trace/none (reth_development)"
Sep 24 17:06:56.462 INF API: test ended suite=0 test=2257 pass=false
Sep 24 17:06:56.463 INF API: test started suite=0 test=2258 name="interop/funding-typed-short/trace/stateDiff-vmTrace (reth_development)"
Sep 24 17:06:56.466 INF API: test ended suite=0 test=2258 pass=false
Sep 24 17:06:56.467 INF API: test started suite=0 test=2259 name="interop/funding-typed-short/trace/stateDiff (reth_development)"
Sep 24 17:06:56.469 INF API: test ended suite=0 test=2259 pass=false
Sep 24 17:06:56.469 INF API: test started suite=0 test=2260 name="interop/funding-typed-short/trace/trace-stateDiff-vmTrace (reth_development)"
Sep 24 17:06:56.472 INF API: test ended suite=0 test=2260 pass=false
Sep 24 17:06:56.473 INF API: test started suite=0 test=2261 name="interop/funding-typed-short/trace/trace-stateDiff (reth_development)"
Sep 24 17:06:56.475 INF API: test ended suite=0 test=2261 pass=false
Sep 24 17:06:56.476 INF API: test started suite=0 test=2262 name="interop/funding-typed-short/trace/trace-vmTrace (reth_development)"
Sep 24 17:06:56.478 INF API: test ended suite=0 test=2262 pass=false
Sep 24 17:06:56.479 INF API: test started suite=0 test=2263 name="interop/funding-typed-short/trace/trace (reth_development)"
Sep 24 17:06:56.481 INF API: test ended suite=0 test=2263 pass=false
Sep 24 17:06:56.481 INF API: test started suite=0 test=2264 name="interop/funding-typed-short/trace/vmTrace (reth_development)"
Sep 24 17:06:56.484 INF API: test ended suite=0 test=2264 pass=false
Sep 24 17:06:56.484 INF API: test started suite=0 test=2265 name="interop/legacy-above-base/eth (reth_development)"
Sep 24 17:06:56.486 INF API: test ended suite=0 test=2265 pass=false
Sep 24 17:06:56.486 INF API: test started suite=0 test=2266 name="interop/legacy-above-base/trace/none (reth_development)"
Sep 24 17:06:56.488 INF API: test ended suite=0 test=2266 pass=false
Sep 24 17:06:56.489 INF API: test started suite=0 test=2267 name="interop/legacy-above-base/trace/stateDiff-vmTrace (reth_development)"
Sep 24 17:06:56.491 INF API: test ended suite=0 test=2267 pass=false
Sep 24 17:06:56.492 INF API: test started suite=0 test=2268 name="interop/legacy-above-base/trace/stateDiff (reth_development)"
Sep 24 17:06:56.494 INF API: test ended suite=0 test=2268 pass=false
Sep 24 17:06:56.494 INF API: test started suite=0 test=2269 name="interop/legacy-above-base/trace/trace-stateDiff-vmTrace (reth_development)"
Sep 24 17:06:56.498 INF API: test ended suite=0 test=2269 pass=false
Sep 24 17:06:56.498 INF API: test started suite=0 test=2270 name="interop/legacy-above-base/trace/trace-stateDiff (reth_development)"
Sep 24 17:06:56.500 INF API: test ended suite=0 test=2270 pass=false
Sep 24 17:06:56.501 INF API: test started suite=0 test=2271 name="interop/legacy-above-base/trace/trace-vmTrace (reth_development)"
Sep 24 17:06:56.504 INF API: test ended suite=0 test=2271 pass=false
Sep 24 17:06:56.505 INF API: test started suite=0 test=2272 name="interop/legacy-above-base/trace/trace (reth_development)"
Sep 24 17:06:56.506 INF API: test ended suite=0 test=2272 pass=false
Sep 24 17:06:56.507 INF API: test started suite=0 test=2273 name="interop/legacy-above-base/trace/vmTrace (reth_development)"
Sep 24 17:06:56.509 INF API: test ended suite=0 test=2273 pass=false
Sep 24 17:06:56.510 INF API: test started suite=0 test=2274 name="interop/legacy-at-base/eth (reth_development)"
Sep 24 17:06:56.511 INF API: test ended suite=0 test=2274 pass=false
Sep 24 17:06:56.512 INF API: test started suite=0 test=2275 name="interop/legacy-at-base/trace/none (reth_development)"
Sep 24 17:06:56.513 INF API: test ended suite=0 test=2275 pass=false
Sep 24 17:06:56.513 INF API: test started suite=0 test=2276 name="interop/legacy-at-base/trace/stateDiff-vmTrace (reth_development)"
Sep 24 17:06:56.516 INF API: test ended suite=0 test=2276 pass=false
Sep 24 17:06:56.516 INF API: test started suite=0 test=2277 name="interop/legacy-at-base/trace/stateDiff (reth_development)"
Sep 24 17:06:56.518 INF API: test ended suite=0 test=2277 pass=false
Sep 24 17:06:56.519 INF API: test started suite=0 test=2278 name="interop/legacy-at-base/trace/trace-stateDiff-vmTrace (reth_development)"
Sep 24 17:06:56.521 INF API: test ended suite=0 test=2278 pass=false
Sep 24 17:06:56.522 INF API: test started suite=0 test=2279 name="interop/legacy-at-base/trace/trace-stateDiff (reth_development)"
Sep 24 17:06:56.524 INF API: test ended suite=0 test=2279 pass=false
Sep 24 17:06:56.525 INF API: test started suite=0 test=2280 name="interop/legacy-at-base/trace/trace-vmTrace (reth_development)"
Sep 24 17:06:56.527 INF API: test ended suite=0 test=2280 pass=false
Sep 24 17:06:56.528 INF API: test started suite=0 test=2281 name="interop/legacy-at-base/trace/trace (reth_development)"
Sep 24 17:06:56.529 INF API: test ended suite=0 test=2281 pass=false
Sep 24 17:06:56.529 INF API: test started suite=0 test=2282 name="interop/legacy-at-base/trace/vmTrace (reth_development)"
Sep 24 17:06:56.532 INF API: test ended suite=0 test=2282 pass=false
Sep 24 17:06:56.533 INF API: test started suite=0 test=2283 name="interop/legacy-below-base/eth (reth_development)"
Sep 24 17:06:56.534 INF API: test ended suite=0 test=2283 pass=false
Sep 24 17:06:56.534 INF API: test started suite=0 test=2284 name="interop/legacy-below-base/trace/none (reth_development)"
Sep 24 17:06:56.535 INF API: test ended suite=0 test=2284 pass=false
Sep 24 17:06:56.536 INF API: test started suite=0 test=2285 name="interop/legacy-below-base/trace/stateDiff-vmTrace (reth_development)"
Sep 24 17:06:56.539 INF API: test ended suite=0 test=2285 pass=false
Sep 24 17:06:56.540 INF API: test started suite=0 test=2286 name="interop/legacy-below-base/trace/stateDiff (reth_development)"
Sep 24 17:06:56.542 INF API: test ended suite=0 test=2286 pass=false
Sep 24 17:06:56.542 INF API: test started suite=0 test=2287 name="interop/legacy-below-base/trace/trace-stateDiff-vmTrace (reth_development)"
Sep 24 17:06:56.546 INF API: test ended suite=0 test=2287 pass=false
Sep 24 17:06:56.546 INF API: test started suite=0 test=2288 name="interop/legacy-below-base/trace/trace-stateDiff (reth_development)"
Sep 24 17:06:56.548 INF API: test ended suite=0 test=2288 pass=false
Sep 24 17:06:56.548 INF API: test started suite=0 test=2289 name="interop/legacy-below-base/trace/trace-vmTrace (reth_development)"
Sep 24 17:06:56.551 INF API: test ended suite=0 test=2289 pass=false
Sep 24 17:06:56.552 INF API: test started suite=0 test=2290 name="interop/legacy-below-base/trace/trace (reth_development)"
Sep 24 17:06:56.553 INF API: test ended suite=0 test=2290 pass=false
Sep 24 17:06:56.554 INF API: test started suite=0 test=2291 name="interop/legacy-below-base/trace/vmTrace (reth_development)"
Sep 24 17:06:56.557 INF API: test ended suite=0 test=2291 pass=false
Sep 24 17:06:56.558 INF API: test started suite=0 test=2292 name="interop/legacy-one/eth (reth_development)"
Sep 24 17:06:56.559 INF API: test ended suite=0 test=2292 pass=false
Sep 24 17:06:56.559 INF API: test started suite=0 test=2293 name="interop/legacy-one/trace/none (reth_development)"
Sep 24 17:06:56.561 INF API: test ended suite=0 test=2293 pass=false
Sep 24 17:06:56.561 INF API: test started suite=0 test=2294 name="interop/legacy-one/trace/stateDiff-vmTrace (reth_development)"
Sep 24 17:06:56.564 INF API: test ended suite=0 test=2294 pass=false
Sep 24 17:06:56.564 INF API: test started suite=0 test=2295 name="interop/legacy-one/trace/stateDiff (reth_development)"
Sep 24 17:06:56.566 INF API: test ended suite=0 test=2295 pass=false
Sep 24 17:06:56.566 INF API: test started suite=0 test=2296 name="interop/legacy-one/trace/trace-stateDiff-vmTrace (reth_development)"
Sep 24 17:06:56.569 INF API: test ended suite=0 test=2296 pass=false
Sep 24 17:06:56.570 INF API: test started suite=0 test=2297 name="interop/legacy-one/trace/trace-stateDiff (reth_development)"
Sep 24 17:06:56.572 INF API: test ended suite=0 test=2297 pass=false
Sep 24 17:06:56.572 INF API: test started suite=0 test=2298 name="interop/legacy-one/trace/trace-vmTrace (reth_development)"
Sep 24 17:06:56.574 INF API: test ended suite=0 test=2298 pass=false
Sep 24 17:06:56.575 INF API: test started suite=0 test=2299 name="interop/legacy-one/trace/trace (reth_development)"
Sep 24 17:06:56.576 INF API: test ended suite=0 test=2299 pass=false
Sep 24 17:06:56.577 INF API: test started suite=0 test=2300 name="interop/legacy-one/trace/vmTrace (reth_development)"
Sep 24 17:06:56.617 INF API: test ended suite=0 test=2300 pass=false
Sep 24 17:06:56.618 INF API: test started suite=0 test=2301 name="interop/legacy-zero/eth (reth_development)"
Sep 24 17:06:56.619 INF API: test ended suite=0 test=2301 pass=false
Sep 24 17:06:56.620 INF API: test started suite=0 test=2302 name="interop/legacy-zero/trace/none (reth_development)"
Sep 24 17:06:56.621 INF API: test ended suite=0 test=2302 pass=false
Sep 24 17:06:56.622 INF API: test started suite=0 test=2303 name="interop/legacy-zero/trace/stateDiff-vmTrace (reth_development)"
Sep 24 17:06:56.624 INF API: test ended suite=0 test=2303 pass=false
Sep 24 17:06:56.625 INF API: test started suite=0 test=2304 name="interop/legacy-zero/trace/stateDiff (reth_development)"
Sep 24 17:06:56.626 INF API: test ended suite=0 test=2304 pass=false
Sep 24 17:06:56.627 INF API: test started suite=0 test=2305 name="interop/legacy-zero/trace/trace-stateDiff-vmTrace (reth_development)"
Sep 24 17:06:56.630 INF API: test ended suite=0 test=2305 pass=false
Sep 24 17:06:56.631 INF API: test started suite=0 test=2306 name="interop/legacy-zero/trace/trace-stateDiff (reth_development)"
Sep 24 17:06:56.633 INF API: test ended suite=0 test=2306 pass=false
Sep 24 17:06:56.633 INF API: test started suite=0 test=2307 name="interop/legacy-zero/trace/trace-vmTrace (reth_development)"
Sep 24 17:06:56.636 INF API: test ended suite=0 test=2307 pass=false
Sep 24 17:06:56.636 INF API: test started suite=0 test=2308 name="interop/legacy-zero/trace/trace (reth_development)"
Sep 24 17:06:56.638 INF API: test ended suite=0 test=2308 pass=false
Sep 24 17:06:56.639 INF API: test started suite=0 test=2309 name="interop/legacy-zero/trace/vmTrace (reth_development)"
Sep 24 17:06:56.642 INF API: test ended suite=0 test=2309 pass=false
Sep 24 17:06:56.642 INF API: test started suite=0 test=2310 name="interop/typed-at-base/eth (reth_development)"
Sep 24 17:06:56.644 INF API: test ended suite=0 test=2310 pass=false
Sep 24 17:06:56.644 INF API: test started suite=0 test=2311 name="interop/typed-at-base/trace/none (reth_development)"
Sep 24 17:06:56.645 INF API: test ended suite=0 test=2311 pass=false
Sep 24 17:06:56.646 INF API: test started suite=0 test=2312 name="interop/typed-at-base/trace/stateDiff-vmTrace (reth_development)"
Sep 24 17:06:56.649 INF API: test ended suite=0 test=2312 pass=false
Sep 24 17:06:56.649 INF API: test started suite=0 test=2313 name="interop/typed-at-base/trace/stateDiff (reth_development)"
Sep 24 17:06:56.651 INF API: test ended suite=0 test=2313 pass=false
Sep 24 17:06:56.651 INF API: test started suite=0 test=2314 name="interop/typed-at-base/trace/trace-stateDiff-vmTrace (reth_development)"
Sep 24 17:06:56.654 INF API: test ended suite=0 test=2314 pass=false
Sep 24 17:06:56.655 INF API: test started suite=0 test=2315 name="interop/typed-at-base/trace/trace-stateDiff (reth_development)"
Sep 24 17:06:56.656 INF API: test ended suite=0 test=2315 pass=false
Sep 24 17:06:56.656 INF API: test started suite=0 test=2316 name="interop/typed-at-base/trace/trace-vmTrace (reth_development)"
Sep 24 17:06:56.659 INF API: test ended suite=0 test=2316 pass=false
Sep 24 17:06:56.660 INF API: test started suite=0 test=2317 name="interop/typed-at-base/trace/trace (reth_development)"
Sep 24 17:06:56.661 INF API: test ended suite=0 test=2317 pass=false
Sep 24 17:06:56.662 INF API: test started suite=0 test=2318 name="interop/typed-at-base/trace/vmTrace (reth_development)"
Sep 24 17:06:56.665 INF API: test ended suite=0 test=2318 pass=false
Sep 24 17:06:56.666 INF API: test started suite=0 test=2319 name="interop/typed-below-base/eth (reth_development)"
Sep 24 17:06:56.668 INF API: test ended suite=0 test=2319 pass=false
Sep 24 17:06:56.669 INF API: test started suite=0 test=2320 name="interop/typed-below-base/trace/none (reth_development)"
Sep 24 17:06:56.670 INF API: test ended suite=0 test=2320 pass=false
Sep 24 17:06:56.671 INF API: test started suite=0 test=2321 name="interop/typed-below-base/trace/stateDiff-vmTrace (reth_development)"
Sep 24 17:06:56.672 INF API: test ended suite=0 test=2321 pass=false
Sep 24 17:06:56.673 INF API: test started suite=0 test=2322 name="interop/typed-below-base/trace/stateDiff (reth_development)"
Sep 24 17:06:56.674 INF API: test ended suite=0 test=2322 pass=false
Sep 24 17:06:56.675 INF API: test started suite=0 test=2323 name="interop/typed-below-base/trace/trace-stateDiff-vmTrace (reth_development)"
Sep 24 17:06:56.676 INF API: test ended suite=0 test=2323 pass=false
Sep 24 17:06:56.677 INF API: test started suite=0 test=2324 name="interop/typed-below-base/trace/trace-stateDiff (reth_development)"
Sep 24 17:06:56.678 INF API: test ended suite=0 test=2324 pass=false
Sep 24 17:06:56.679 INF API: test started suite=0 test=2325 name="interop/typed-below-base/trace/trace-vmTrace (reth_development)"
Sep 24 17:06:56.680 INF API: test ended suite=0 test=2325 pass=false
Sep 24 17:06:56.681 INF API: test started suite=0 test=2326 name="interop/typed-below-base/trace/trace (reth_development)"
Sep 24 17:06:56.682 INF API: test ended suite=0 test=2326 pass=false
Sep 24 17:06:56.683 INF API: test started suite=0 test=2327 name="interop/typed-below-base/trace/vmTrace (reth_development)"
Sep 24 17:06:56.684 INF API: test ended suite=0 test=2327 pass=false
Sep 24 17:06:56.685 INF API: test started suite=0 test=2328 name="interop/typed-below-base-positive-tip/eth (reth_development)"
Sep 24 17:06:56.686 INF API: test ended suite=0 test=2328 pass=false
Sep 24 17:06:56.687 INF API: test started suite=0 test=2329 name="interop/typed-below-base-positive-tip/trace/none (reth_development)"
Sep 24 17:06:56.688 INF API: test ended suite=0 test=2329 pass=false
Sep 24 17:06:56.689 INF API: test started suite=0 test=2330 name="interop/typed-below-base-positive-tip/trace/stateDiff-vmTrace (reth_development)"
Sep 24 17:06:56.690 INF API: test ended suite=0 test=2330 pass=false
Sep 24 17:06:56.691 INF API: test started suite=0 test=2331 name="interop/typed-below-base-positive-tip/trace/stateDiff (reth_development)"
Sep 24 17:06:56.692 INF API: test ended suite=0 test=2331 pass=false
Sep 24 17:06:56.693 INF API: test started suite=0 test=2332 name="interop/typed-below-base-positive-tip/trace/trace-stateDiff-vmTrace (reth_development)"
Sep 24 17:06:56.694 INF API: test ended suite=0 test=2332 pass=false
Sep 24 17:06:56.694 INF API: test started suite=0 test=2333 name="interop/typed-below-base-positive-tip/trace/trace-stateDiff (reth_development)"
Sep 24 17:06:56.696 INF API: test ended suite=0 test=2333 pass=false
Sep 24 17:06:56.696 INF API: test started suite=0 test=2334 name="interop/typed-below-base-positive-tip/trace/trace-vmTrace (reth_development)"
Sep 24 17:06:56.697 INF API: test ended suite=0 test=2334 pass=false
Sep 24 17:06:56.698 INF API: test started suite=0 test=2335 name="interop/typed-below-base-positive-tip/trace/trace (reth_development)"
Sep 24 17:06:56.699 INF API: test ended suite=0 test=2335 pass=false
Sep 24 17:06:56.700 INF API: test started suite=0 test=2336 name="interop/typed-below-base-positive-tip/trace/vmTrace (reth_development)"
Sep 24 17:06:56.701 INF API: test ended suite=0 test=2336 pass=false
Sep 24 17:06:56.702 INF API: test started suite=0 test=2337 name="interop/typed-cap-limited/eth (reth_development)"
Sep 24 17:06:56.703 INF API: test ended suite=0 test=2337 pass=false
Sep 24 17:06:56.703 INF API: test started suite=0 test=2338 name="interop/typed-cap-limited/trace/none (reth_development)"
Sep 24 17:06:56.704 INF API: test ended suite=0 test=2338 pass=false
Sep 24 17:06:56.705 INF API: test started suite=0 test=2339 name="interop/typed-cap-limited/trace/stateDiff-vmTrace (reth_development)"
Sep 24 17:06:56.708 INF API: test ended suite=0 test=2339 pass=false
Sep 24 17:06:56.709 INF API: test started suite=0 test=2340 name="interop/typed-cap-limited/trace/stateDiff (reth_development)"
Sep 24 17:06:56.710 INF API: test ended suite=0 test=2340 pass=false
Sep 24 17:06:56.711 INF API: test started suite=0 test=2341 name="interop/typed-cap-limited/trace/trace-stateDiff-vmTrace (reth_development)"
Sep 24 17:06:56.713 INF API: test ended suite=0 test=2341 pass=false
Sep 24 17:06:56.714 INF API: test started suite=0 test=2342 name="interop/typed-cap-limited/trace/trace-stateDiff (reth_development)"
Sep 24 17:06:56.716 INF API: test ended suite=0 test=2342 pass=false
Sep 24 17:06:56.717 INF API: test started suite=0 test=2343 name="interop/typed-cap-limited/trace/trace-vmTrace (reth_development)"
Sep 24 17:06:56.719 INF API: test ended suite=0 test=2343 pass=false
Sep 24 17:06:56.720 INF API: test started suite=0 test=2344 name="interop/typed-cap-limited/trace/trace (reth_development)"
Sep 24 17:06:56.721 INF API: test ended suite=0 test=2344 pass=false
Sep 24 17:06:56.722 INF API: test started suite=0 test=2345 name="interop/typed-cap-limited/trace/vmTrace (reth_development)"
Sep 24 17:06:56.724 INF API: test ended suite=0 test=2345 pass=false
Sep 24 17:06:56.725 INF API: test started suite=0 test=2346 name="interop/typed-one/eth (reth_development)"
Sep 24 17:06:56.726 INF API: test ended suite=0 test=2346 pass=false
Sep 24 17:06:56.726 INF API: test started suite=0 test=2347 name="interop/typed-one/trace/none (reth_development)"
Sep 24 17:06:56.727 INF API: test ended suite=0 test=2347 pass=false
Sep 24 17:06:56.728 INF API: test started suite=0 test=2348 name="interop/typed-one/trace/stateDiff-vmTrace (reth_development)"
Sep 24 17:06:56.729 INF API: test ended suite=0 test=2348 pass=false
Sep 24 17:06:56.730 INF API: test started suite=0 test=2349 name="interop/typed-one/trace/stateDiff (reth_development)"
Sep 24 17:06:56.731 INF API: test ended suite=0 test=2349 pass=false
Sep 24 17:06:56.731 INF API: test started suite=0 test=2350 name="interop/typed-one/trace/trace-stateDiff-vmTrace (reth_development)"
Sep 24 17:06:56.732 INF API: test ended suite=0 test=2350 pass=false
Sep 24 17:06:56.733 INF API: test started suite=0 test=2351 name="interop/typed-one/trace/trace-stateDiff (reth_development)"
Sep 24 17:06:56.733 INF API: test ended suite=0 test=2351 pass=false
Sep 24 17:06:56.734 INF API: test started suite=0 test=2352 name="interop/typed-one/trace/trace-vmTrace (reth_development)"
Sep 24 17:06:56.735 INF API: test ended suite=0 test=2352 pass=false
Sep 24 17:06:56.736 INF API: test started suite=0 test=2353 name="interop/typed-one/trace/trace (reth_development)"
Sep 24 17:06:56.737 INF API: test ended suite=0 test=2353 pass=false
Sep 24 17:06:56.737 INF API: test started suite=0 test=2354 name="interop/typed-one/trace/vmTrace (reth_development)"
Sep 24 17:06:56.738 INF API: test ended suite=0 test=2354 pass=false
Sep 24 17:06:56.739 INF API: test started suite=0 test=2355 name="interop/typed-tip-equals-cap/eth (reth_development)"
Sep 24 17:06:56.740 INF API: test ended suite=0 test=2355 pass=false
Sep 24 17:06:56.741 INF API: test started suite=0 test=2356 name="interop/typed-tip-equals-cap/trace/none (reth_development)"
Sep 24 17:06:56.742 INF API: test ended suite=0 test=2356 pass=false
Sep 24 17:06:56.742 INF API: test started suite=0 test=2357 name="interop/typed-tip-equals-cap/trace/stateDiff-vmTrace (reth_development)"
Sep 24 17:06:56.746 INF API: test ended suite=0 test=2357 pass=false
Sep 24 17:06:56.746 INF API: test started suite=0 test=2358 name="interop/typed-tip-equals-cap/trace/stateDiff (reth_development)"
Sep 24 17:06:56.748 INF API: test ended suite=0 test=2358 pass=false
Sep 24 17:06:56.748 INF API: test started suite=0 test=2359 name="interop/typed-tip-equals-cap/trace/trace-stateDiff-vmTrace (reth_development)"
Sep 24 17:06:56.752 INF API: test ended suite=0 test=2359 pass=false
Sep 24 17:06:56.752 INF API: test started suite=0 test=2360 name="interop/typed-tip-equals-cap/trace/trace-stateDiff (reth_development)"
Sep 24 17:06:56.754 INF API: test ended suite=0 test=2360 pass=false
Sep 24 17:06:56.755 INF API: test started suite=0 test=2361 name="interop/typed-tip-equals-cap/trace/trace-vmTrace (reth_development)"
Sep 24 17:06:56.758 INF API: test ended suite=0 test=2361 pass=false
Sep 24 17:06:56.759 INF API: test started suite=0 test=2362 name="interop/typed-tip-equals-cap/trace/trace (reth_development)"
Sep 24 17:06:56.761 INF API: test ended suite=0 test=2362 pass=false
Sep 24 17:06:56.761 INF API: test started suite=0 test=2363 name="interop/typed-tip-equals-cap/trace/vmTrace (reth_development)"
Sep 24 17:06:56.764 INF API: test ended suite=0 test=2363 pass=false
Sep 24 17:06:56.765 INF API: test started suite=0 test=2364 name="interop/typed-tip-limited/eth (reth_development)"
Sep 24 17:06:56.766 INF API: test ended suite=0 test=2364 pass=false
Sep 24 17:06:56.767 INF API: test started suite=0 test=2365 name="interop/typed-tip-limited/trace/none (reth_development)"
Sep 24 17:06:56.768 INF API: test ended suite=0 test=2365 pass=false
Sep 24 17:06:56.769 INF API: test started suite=0 test=2366 name="interop/typed-tip-limited/trace/stateDiff-vmTrace (reth_development)"
Sep 24 17:06:56.772 INF API: test ended suite=0 test=2366 pass=false
Sep 24 17:06:56.773 INF API: test started suite=0 test=2367 name="interop/typed-tip-limited/trace/stateDiff (reth_development)"
Sep 24 17:06:56.774 INF API: test ended suite=0 test=2367 pass=false
Sep 24 17:06:56.775 INF API: test started suite=0 test=2368 name="interop/typed-tip-limited/trace/trace-stateDiff-vmTrace (reth_development)"
Sep 24 17:06:56.777 INF API: test ended suite=0 test=2368 pass=false
Sep 24 17:06:56.778 INF API: test started suite=0 test=2369 name="interop/typed-tip-limited/trace/trace-stateDiff (reth_development)"
Sep 24 17:06:56.780 INF API: test ended suite=0 test=2369 pass=false
Sep 24 17:06:56.781 INF API: test started suite=0 test=2370 name="interop/typed-tip-limited/trace/trace-vmTrace (reth_development)"
Sep 24 17:06:56.783 INF API: test ended suite=0 test=2370 pass=false
Sep 24 17:06:56.784 INF API: test started suite=0 test=2371 name="interop/typed-tip-limited/trace/trace (reth_development)"
Sep 24 17:06:56.785 INF API: test ended suite=0 test=2371 pass=false
Sep 24 17:06:56.786 INF API: test started suite=0 test=2372 name="interop/typed-tip-limited/trace/vmTrace (reth_development)"
Sep 24 17:06:56.790 INF API: test ended suite=0 test=2372 pass=false
Sep 24 17:06:56.790 INF API: test started suite=0 test=2373 name="interop/typed-tip-over-cap/eth (reth_development)"
Sep 24 17:06:56.791 INF API: test ended suite=0 test=2373 pass=false
Sep 24 17:06:56.792 INF API: test started suite=0 test=2374 name="interop/typed-tip-over-cap/trace/none (reth_development)"
Sep 24 17:06:56.793 INF API: test ended suite=0 test=2374 pass=false
Sep 24 17:06:56.794 INF API: test started suite=0 test=2375 name="interop/typed-tip-over-cap/trace/stateDiff-vmTrace (reth_development)"
Sep 24 17:06:56.795 INF API: test ended suite=0 test=2375 pass=false
Sep 24 17:06:56.796 INF API: test started suite=0 test=2376 name="interop/typed-tip-over-cap/trace/stateDiff (reth_development)"
Sep 24 17:06:56.797 INF API: test ended suite=0 test=2376 pass=false
Sep 24 17:06:56.798 INF API: test started suite=0 test=2377 name="interop/typed-tip-over-cap/trace/trace-stateDiff-vmTrace (reth_development)"
Sep 24 17:06:56.799 INF API: test ended suite=0 test=2377 pass=false
Sep 24 17:06:56.800 INF API: test started suite=0 test=2378 name="interop/typed-tip-over-cap/trace/trace-stateDiff (reth_development)"
Sep 24 17:06:56.801 INF API: test ended suite=0 test=2378 pass=false
Sep 24 17:06:56.802 INF API: test started suite=0 test=2379 name="interop/typed-tip-over-cap/trace/trace-vmTrace (reth_development)"
Sep 24 17:06:56.803 INF API: test ended suite=0 test=2379 pass=false
Sep 24 17:06:56.804 INF API: test started suite=0 test=2380 name="interop/typed-tip-over-cap/trace/trace (reth_development)"
Sep 24 17:06:56.805 INF API: test ended suite=0 test=2380 pass=false
Sep 24 17:06:56.806 INF API: test started suite=0 test=2381 name="interop/typed-tip-over-cap/trace/vmTrace (reth_development)"
Sep 24 17:06:56.807 INF API: test ended suite=0 test=2381 pass=false
Sep 24 17:06:56.808 INF API: test started suite=0 test=2382 name="interop/typed-zero/eth (reth_development)"
Sep 24 17:06:56.809 INF API: test ended suite=0 test=2382 pass=false
Sep 24 17:06:56.809 INF API: test started suite=0 test=2383 name="interop/typed-zero/trace/none (reth_development)"
Sep 24 17:06:56.811 INF API: test ended suite=0 test=2383 pass=false
Sep 24 17:06:56.811 INF API: test started suite=0 test=2384 name="interop/typed-zero/trace/stateDiff-vmTrace (reth_development)"
Sep 24 17:06:56.814 INF API: test ended suite=0 test=2384 pass=false
Sep 24 17:06:56.815 INF API: test started suite=0 test=2385 name="interop/typed-zero/trace/stateDiff (reth_development)"
Sep 24 17:06:56.816 INF API: test ended suite=0 test=2385 pass=false
Sep 24 17:06:56.817 INF API: test started suite=0 test=2386 name="interop/typed-zero/trace/trace-stateDiff-vmTrace (reth_development)"
Sep 24 17:06:56.820 INF API: test ended suite=0 test=2386 pass=false
Sep 24 17:06:56.821 INF API: test started suite=0 test=2387 name="interop/typed-zero/trace/trace-stateDiff (reth_development)"
Sep 24 17:06:56.823 INF API: test ended suite=0 test=2387 pass=false
Sep 24 17:06:56.823 INF API: test started suite=0 test=2388 name="interop/typed-zero/trace/trace-vmTrace (reth_development)"
Sep 24 17:06:56.826 INF API: test ended suite=0 test=2388 pass=false
Sep 24 17:06:56.827 INF API: test started suite=0 test=2389 name="interop/typed-zero/trace/trace (reth_development)"
Sep 24 17:06:56.828 INF API: test ended suite=0 test=2389 pass=false
Sep 24 17:06:56.829 INF API: test started suite=0 test=2390 name="interop/typed-zero/trace/vmTrace (reth_development)"
Sep 24 17:06:56.832 INF API: test ended suite=0 test=2390 pass=false
Sep 24 17:06:56.833 INF API: test started suite=0 test=2391 name="interop/typed-zero-cap-positive-tip/eth (reth_development)"
Sep 24 17:06:56.834 INF API: test ended suite=0 test=2391 pass=false
Sep 24 17:06:56.835 INF API: test started suite=0 test=2392 name="interop/typed-zero-cap-positive-tip/trace/none (reth_development)"
Sep 24 17:06:56.836 INF API: test ended suite=0 test=2392 pass=false
Sep 24 17:06:56.837 INF API: test started suite=0 test=2393 name="interop/typed-zero-cap-positive-tip/trace/stateDiff-vmTrace (reth_development)"
Sep 24 17:06:56.838 INF API: test ended suite=0 test=2393 pass=false
Sep 24 17:06:56.839 INF API: test started suite=0 test=2394 name="interop/typed-zero-cap-positive-tip/trace/stateDiff (reth_development)"
Sep 24 17:06:56.840 INF API: test ended suite=0 test=2394 pass=false
Sep 24 17:06:56.841 INF API: test started suite=0 test=2395 name="interop/typed-zero-cap-positive-tip/trace/trace-stateDiff-vmTrace (reth_development)"
Sep 24 17:06:56.842 INF API: test ended suite=0 test=2395 pass=false
Sep 24 17:06:56.843 INF API: test started suite=0 test=2396 name="interop/typed-zero-cap-positive-tip/trace/trace-stateDiff (reth_development)"
Sep 24 17:06:56.844 INF API: test ended suite=0 test=2396 pass=false
Sep 24 17:06:56.845 INF API: test started suite=0 test=2397 name="interop/typed-zero-cap-positive-tip/trace/trace-vmTrace (reth_development)"
Sep 24 17:06:56.846 INF API: test ended suite=0 test=2397 pass=false
Sep 24 17:06:56.847 INF API: test started suite=0 test=2398 name="interop/typed-zero-cap-positive-tip/trace/trace (reth_development)"
Sep 24 17:06:56.848 INF API: test ended suite=0 test=2398 pass=false
Sep 24 17:06:56.849 INF API: test started suite=0 test=2399 name="interop/typed-zero-cap-positive-tip/trace/vmTrace (reth_development)"
Sep 24 17:06:56.850 INF API: test ended suite=0 test=2399 pass=false
Sep 24 17:06:56.850 INF API: test started suite=0 test=2400 name="interop/typed-zero-tip/eth (reth_development)"
Sep 24 17:06:56.851 INF API: test ended suite=0 test=2400 pass=false
Sep 24 17:06:56.852 INF API: test started suite=0 test=2401 name="interop/typed-zero-tip/trace/none (reth_development)"
Sep 24 17:06:56.853 INF API: test ended suite=0 test=2401 pass=false
Sep 24 17:06:56.854 INF API: test started suite=0 test=2402 name="interop/typed-zero-tip/trace/stateDiff-vmTrace (reth_development)"
Sep 24 17:06:56.858 INF API: test ended suite=0 test=2402 pass=false
Sep 24 17:06:56.858 INF API: test started suite=0 test=2403 name="interop/typed-zero-tip/trace/stateDiff (reth_development)"
Sep 24 17:06:56.860 INF API: test ended suite=0 test=2403 pass=false
Sep 24 17:06:56.861 INF API: test started suite=0 test=2404 name="interop/typed-zero-tip/trace/trace-stateDiff-vmTrace (reth_development)"
Sep 24 17:06:56.864 INF API: test ended suite=0 test=2404 pass=false
Sep 24 17:06:56.864 INF API: test started suite=0 test=2405 name="interop/typed-zero-tip/trace/trace-stateDiff (reth_development)"
Sep 24 17:06:56.866 INF API: test ended suite=0 test=2405 pass=false
Sep 24 17:06:56.867 INF API: test started suite=0 test=2406 name="interop/typed-zero-tip/trace/trace-vmTrace (reth_development)"
Sep 24 17:06:56.870 INF API: test ended suite=0 test=2406 pass=false
Sep 24 17:06:56.871 INF API: test started suite=0 test=2407 name="interop/typed-zero-tip/trace/trace (reth_development)"
Sep 24 17:06:56.872 INF API: test ended suite=0 test=2407 pass=false
Sep 24 17:06:56.873 INF API: test started suite=0 test=2408 name="interop/typed-zero-tip/trace/vmTrace (reth_development)"
Sep 24 17:06:56.875 INF API: test ended suite=0 test=2408 pass=false
Sep 24 17:06:57.120 INF API: test ended suite=0 test=2108 pass=true
Sep 24 17:06:57.122 INF API: test started suite=0 test=2409 name="client launch (reth_release)"
Sep 24 17:06:59.125 INF API: client reth_release started suite=0 test=2409 container=d17ab3ad
Sep 24 17:06:59.164 INF API: test started suite=0 test=2410 name="interop/_control/empty-balance (reth_release)"
Sep 24 17:06:59.177 INF API: test ended suite=0 test=2410 pass=false
Sep 24 17:06:59.181 INF API: test started suite=0 test=2411 name="interop/_control/empty-code (reth_release)"
Sep 24 17:06:59.184 INF API: test ended suite=0 test=2411 pass=false
Sep 24 17:06:59.186 INF API: test started suite=0 test=2412 name="interop/_control/empty-nonce (reth_release)"
Sep 24 17:06:59.188 INF API: test ended suite=0 test=2412 pass=false
Sep 24 17:06:59.191 INF API: test started suite=0 test=2413 name="interop/_control/head (reth_release)"
Sep 24 17:06:59.194 INF API: test ended suite=0 test=2413 pass=false
Sep 24 17:06:59.196 INF API: test started suite=0 test=2414 name="interop/_control/latest (reth_release)"
Sep 24 17:06:59.199 INF API: test ended suite=0 test=2414 pass=false
Sep 24 17:06:59.200 INF API: test started suite=0 test=2415 name="interop/_control/miner-balance (reth_release)"
Sep 24 17:06:59.203 INF API: test ended suite=0 test=2415 pass=false
Sep 24 17:06:59.204 INF API: test started suite=0 test=2416 name="interop/_control/miner-code (reth_release)"
Sep 24 17:06:59.206 INF API: test ended suite=0 test=2416 pass=false
Sep 24 17:06:59.208 INF API: test started suite=0 test=2417 name="interop/_control/miner-nonce (reth_release)"
Sep 24 17:06:59.209 INF API: test ended suite=0 test=2417 pass=false
Sep 24 17:06:59.212 INF API: test started suite=0 test=2418 name="interop/_control/sender-balance (reth_release)"
Sep 24 17:06:59.214 INF API: test ended suite=0 test=2418 pass=false
Sep 24 17:06:59.216 INF API: test started suite=0 test=2419 name="interop/_control/sender-code (reth_release)"
Sep 24 17:06:59.220 INF API: test ended suite=0 test=2419 pass=false
Sep 24 17:06:59.223 INF API: test started suite=0 test=2420 name="interop/_control/sender-nonce (reth_release)"
Sep 24 17:06:59.226 INF API: test ended suite=0 test=2420 pass=false
Sep 24 17:06:59.227 INF API: test started suite=0 test=2421 name="interop/_control/version (reth_release)"
Sep 24 17:06:59.229 INF API: test ended suite=0 test=2421 pass=false
Sep 24 17:06:59.233 INF API: test started suite=0 test=2422 name="interop/defaults-cap-only-positive/eth (reth_release)"
Sep 24 17:06:59.236 INF API: test ended suite=0 test=2422 pass=false
Sep 24 17:06:59.238 INF API: test started suite=0 test=2423 name="interop/defaults-cap-only-positive/trace/none (reth_release)"
Sep 24 17:06:59.241 INF API: test ended suite=0 test=2423 pass=false
Sep 24 17:06:59.242 INF API: test started suite=0 test=2424 name="interop/defaults-cap-only-positive/trace/stateDiff-vmTrace (reth_release)"
Sep 24 17:06:59.247 INF API: test ended suite=0 test=2424 pass=false
Sep 24 17:06:59.249 INF API: test started suite=0 test=2425 name="interop/defaults-cap-only-positive/trace/stateDiff (reth_release)"
Sep 24 17:06:59.253 INF API: test ended suite=0 test=2425 pass=false
Sep 24 17:06:59.255 INF API: test started suite=0 test=2426 name="interop/defaults-cap-only-positive/trace/trace-stateDiff-vmTrace (reth_release)"
Sep 24 17:06:59.262 INF API: test ended suite=0 test=2426 pass=false
Sep 24 17:06:59.263 INF API: test started suite=0 test=2427 name="interop/defaults-cap-only-positive/trace/trace-stateDiff (reth_release)"
Sep 24 17:06:59.268 INF API: test ended suite=0 test=2427 pass=false
Sep 24 17:06:59.269 INF API: test started suite=0 test=2428 name="interop/defaults-cap-only-positive/trace/trace-vmTrace (reth_release)"
Sep 24 17:06:59.276 INF API: test ended suite=0 test=2428 pass=false
Sep 24 17:06:59.281 INF API: test started suite=0 test=2429 name="interop/defaults-cap-only-positive/trace/trace (reth_release)"
Sep 24 17:06:59.283 INF API: test ended suite=0 test=2429 pass=false
Sep 24 17:06:59.286 INF API: test started suite=0 test=2430 name="interop/defaults-cap-only-positive/trace/vmTrace (reth_release)"
Sep 24 17:06:59.294 INF API: test ended suite=0 test=2430 pass=false
Sep 24 17:06:59.298 INF API: test started suite=0 test=2431 name="interop/defaults-cap-only-zero/eth (reth_release)"
Sep 24 17:06:59.301 INF API: test ended suite=0 test=2431 pass=false
Sep 24 17:06:59.303 INF API: test started suite=0 test=2432 name="interop/defaults-cap-only-zero/trace/none (reth_release)"
Sep 24 17:06:59.305 INF API: test ended suite=0 test=2432 pass=false
Sep 24 17:06:59.307 INF API: test started suite=0 test=2433 name="interop/defaults-cap-only-zero/trace/stateDiff-vmTrace (reth_release)"
Sep 24 17:06:59.315 INF API: test ended suite=0 test=2433 pass=false
Sep 24 17:06:59.316 INF API: test started suite=0 test=2434 name="interop/defaults-cap-only-zero/trace/stateDiff (reth_release)"
Sep 24 17:06:59.319 INF API: test ended suite=0 test=2434 pass=false
Sep 24 17:06:59.322 INF API: test started suite=0 test=2435 name="interop/defaults-cap-only-zero/trace/trace-stateDiff-vmTrace (reth_release)"
Sep 24 17:06:59.330 INF API: test ended suite=0 test=2435 pass=false
Sep 24 17:06:59.332 INF API: test started suite=0 test=2436 name="interop/defaults-cap-only-zero/trace/trace-stateDiff (reth_release)"
Sep 24 17:06:59.339 INF API: test ended suite=0 test=2436 pass=false
Sep 24 17:06:59.341 INF API: test started suite=0 test=2437 name="interop/defaults-cap-only-zero/trace/trace-vmTrace (reth_release)"
Sep 24 17:06:59.347 INF API: test ended suite=0 test=2437 pass=false
Sep 24 17:06:59.350 INF API: test started suite=0 test=2438 name="interop/defaults-cap-only-zero/trace/trace (reth_release)"
Sep 24 17:06:59.353 INF API: test ended suite=0 test=2438 pass=false
Sep 24 17:06:59.356 INF API: test started suite=0 test=2439 name="interop/defaults-cap-only-zero/trace/vmTrace (reth_release)"
Sep 24 17:06:59.362 INF API: test ended suite=0 test=2439 pass=false
Sep 24 17:06:59.364 INF API: test started suite=0 test=2440 name="interop/defaults-omitted/eth (reth_release)"
Sep 24 17:06:59.366 INF API: test ended suite=0 test=2440 pass=false
Sep 24 17:06:59.368 INF API: test started suite=0 test=2441 name="interop/defaults-omitted/trace/none (reth_release)"
Sep 24 17:06:59.371 INF API: test ended suite=0 test=2441 pass=false
Sep 24 17:06:59.374 INF API: test started suite=0 test=2442 name="interop/defaults-omitted/trace/stateDiff-vmTrace (reth_release)"
Sep 24 17:06:59.381 INF API: test ended suite=0 test=2442 pass=false
Sep 24 17:06:59.384 INF API: test started suite=0 test=2443 name="interop/defaults-omitted/trace/stateDiff (reth_release)"
Sep 24 17:06:59.387 INF API: test ended suite=0 test=2443 pass=false
Sep 24 17:06:59.388 INF API: test started suite=0 test=2444 name="interop/defaults-omitted/trace/trace-stateDiff-vmTrace (reth_release)"
Sep 24 17:06:59.395 INF API: test ended suite=0 test=2444 pass=false
Sep 24 17:06:59.400 INF API: test started suite=0 test=2445 name="interop/defaults-omitted/trace/trace-stateDiff (reth_release)"
Sep 24 17:06:59.406 INF API: test ended suite=0 test=2445 pass=false
Sep 24 17:06:59.408 INF API: test started suite=0 test=2446 name="interop/defaults-omitted/trace/trace-vmTrace (reth_release)"
Sep 24 17:06:59.416 INF API: test ended suite=0 test=2446 pass=false
Sep 24 17:06:59.418 INF API: test started suite=0 test=2447 name="interop/defaults-omitted/trace/trace (reth_release)"
Sep 24 17:06:59.422 INF API: test ended suite=0 test=2447 pass=false
Sep 24 17:06:59.424 INF API: test started suite=0 test=2448 name="interop/defaults-omitted/trace/vmTrace (reth_release)"
Sep 24 17:06:59.430 INF API: test ended suite=0 test=2448 pass=false
Sep 24 17:06:59.432 INF API: test started suite=0 test=2449 name="interop/defaults-tip-only-positive/eth (reth_release)"
Sep 24 17:06:59.434 INF API: test ended suite=0 test=2449 pass=false
Sep 24 17:06:59.436 INF API: test started suite=0 test=2450 name="interop/defaults-tip-only-positive/trace/none (reth_release)"
Sep 24 17:06:59.439 INF API: test ended suite=0 test=2450 pass=false
Sep 24 17:06:59.440 INF API: test started suite=0 test=2451 name="interop/defaults-tip-only-positive/trace/stateDiff-vmTrace (reth_release)"
Sep 24 17:06:59.449 INF API: test ended suite=0 test=2451 pass=false
Sep 24 17:06:59.451 INF API: test started suite=0 test=2452 name="interop/defaults-tip-only-positive/trace/stateDiff (reth_release)"
Sep 24 17:06:59.454 INF API: test ended suite=0 test=2452 pass=false
Sep 24 17:06:59.456 INF API: test started suite=0 test=2453 name="interop/defaults-tip-only-positive/trace/trace-stateDiff-vmTrace (reth_release)"
Sep 24 17:06:59.462 INF API: test ended suite=0 test=2453 pass=false
Sep 24 17:06:59.465 INF API: test started suite=0 test=2454 name="interop/defaults-tip-only-positive/trace/trace-stateDiff (reth_release)"
Sep 24 17:06:59.470 INF API: test ended suite=0 test=2454 pass=false
Sep 24 17:06:59.472 INF API: test started suite=0 test=2455 name="interop/defaults-tip-only-positive/trace/trace-vmTrace (reth_release)"
Sep 24 17:06:59.478 INF API: test ended suite=0 test=2455 pass=false
Sep 24 17:06:59.481 INF API: test started suite=0 test=2456 name="interop/defaults-tip-only-positive/trace/trace (reth_release)"
Sep 24 17:06:59.484 INF API: test ended suite=0 test=2456 pass=false
Sep 24 17:06:59.486 INF API: test started suite=0 test=2457 name="interop/defaults-tip-only-positive/trace/vmTrace (reth_release)"
Sep 24 17:06:59.492 INF API: test ended suite=0 test=2457 pass=false
Sep 24 17:06:59.494 INF API: test started suite=0 test=2458 name="interop/defaults-tip-only-zero/eth (reth_release)"
Sep 24 17:06:59.499 INF API: test ended suite=0 test=2458 pass=false
Sep 24 17:06:59.502 INF API: test started suite=0 test=2459 name="interop/defaults-tip-only-zero/trace/none (reth_release)"
Sep 24 17:06:59.507 INF API: test ended suite=0 test=2459 pass=false
Sep 24 17:06:59.509 INF API: test started suite=0 test=2460 name="interop/defaults-tip-only-zero/trace/stateDiff-vmTrace (reth_release)"
Sep 24 17:06:59.516 INF API: test ended suite=0 test=2460 pass=false
Sep 24 17:06:59.519 INF API: test started suite=0 test=2461 name="interop/defaults-tip-only-zero/trace/stateDiff (reth_release)"
Sep 24 17:06:59.527 INF API: test ended suite=0 test=2461 pass=false
Sep 24 17:06:59.529 INF API: test started suite=0 test=2462 name="interop/defaults-tip-only-zero/trace/trace-stateDiff-vmTrace (reth_release)"
Sep 24 17:06:59.534 INF API: test ended suite=0 test=2462 pass=false
Sep 24 17:06:59.536 INF API: test started suite=0 test=2463 name="interop/defaults-tip-only-zero/trace/trace-stateDiff (reth_release)"
Sep 24 17:06:59.539 INF API: test ended suite=0 test=2463 pass=false
Sep 24 17:06:59.542 INF API: test started suite=0 test=2464 name="interop/defaults-tip-only-zero/trace/trace-vmTrace (reth_release)"
Sep 24 17:06:59.547 INF API: test ended suite=0 test=2464 pass=false
Sep 24 17:06:59.552 INF API: test started suite=0 test=2465 name="interop/defaults-tip-only-zero/trace/trace (reth_release)"
Sep 24 17:06:59.556 INF API: test ended suite=0 test=2465 pass=false
Sep 24 17:06:59.559 INF API: test started suite=0 test=2466 name="interop/defaults-tip-only-zero/trace/vmTrace (reth_release)"
Sep 24 17:06:59.564 INF API: test ended suite=0 test=2466 pass=false
Sep 24 17:06:59.566 INF API: test started suite=0 test=2467 name="interop/empty-sender-free/eth (reth_release)"
Sep 24 17:06:59.568 INF API: test ended suite=0 test=2467 pass=false
Sep 24 17:06:59.570 INF API: test started suite=0 test=2468 name="interop/empty-sender-free/trace/none (reth_release)"
Sep 24 17:06:59.573 INF API: test ended suite=0 test=2468 pass=false
Sep 24 17:06:59.574 INF API: test started suite=0 test=2469 name="interop/empty-sender-free/trace/stateDiff-vmTrace (reth_release)"
Sep 24 17:06:59.580 INF API: test ended suite=0 test=2469 pass=false
Sep 24 17:06:59.582 INF API: test started suite=0 test=2470 name="interop/empty-sender-free/trace/stateDiff (reth_release)"
Sep 24 17:06:59.588 INF API: test ended suite=0 test=2470 pass=false
Sep 24 17:06:59.590 INF API: test started suite=0 test=2471 name="interop/empty-sender-free/trace/trace-stateDiff-vmTrace (reth_release)"
Sep 24 17:06:59.597 INF API: test ended suite=0 test=2471 pass=false
Sep 24 17:06:59.599 INF API: test started suite=0 test=2472 name="interop/empty-sender-free/trace/trace-stateDiff (reth_release)"
Sep 24 17:06:59.602 INF API: test ended suite=0 test=2472 pass=false
Sep 24 17:06:59.605 INF API: test started suite=0 test=2473 name="interop/empty-sender-free/trace/trace-vmTrace (reth_release)"
Sep 24 17:06:59.608 INF API: test ended suite=0 test=2473 pass=false
Sep 24 17:06:59.611 INF API: test started suite=0 test=2474 name="interop/empty-sender-free/trace/trace (reth_release)"
Sep 24 17:06:59.613 INF API: test ended suite=0 test=2474 pass=false
Sep 24 17:06:59.614 INF API: test started suite=0 test=2475 name="interop/empty-sender-free/trace/vmTrace (reth_release)"
Sep 24 17:06:59.622 INF API: test ended suite=0 test=2475 pass=false
Sep 24 17:06:59.624 INF API: test started suite=0 test=2476 name="interop/empty-sender-priced/eth (reth_release)"
Sep 24 17:06:59.627 INF API: test ended suite=0 test=2476 pass=false
Sep 24 17:06:59.628 INF API: test started suite=0 test=2477 name="interop/empty-sender-priced/trace/none (reth_release)"
Sep 24 17:06:59.631 INF API: test ended suite=0 test=2477 pass=false
Sep 24 17:06:59.633 INF API: test started suite=0 test=2478 name="interop/empty-sender-priced/trace/stateDiff-vmTrace (reth_release)"
Sep 24 17:06:59.636 INF API: test ended suite=0 test=2478 pass=false
Sep 24 17:06:59.638 INF API: test started suite=0 test=2479 name="interop/empty-sender-priced/trace/stateDiff (reth_release)"
Sep 24 17:06:59.640 INF API: test ended suite=0 test=2479 pass=false
Sep 24 17:06:59.642 INF API: test started suite=0 test=2480 name="interop/empty-sender-priced/trace/trace-stateDiff-vmTrace (reth_release)"
Sep 24 17:06:59.646 INF API: test ended suite=0 test=2480 pass=false
Sep 24 17:06:59.648 INF API: test started suite=0 test=2481 name="interop/empty-sender-priced/trace/trace-stateDiff (reth_release)"
Sep 24 17:06:59.650 INF API: test ended suite=0 test=2481 pass=false
Sep 24 17:06:59.652 INF API: test started suite=0 test=2482 name="interop/empty-sender-priced/trace/trace-vmTrace (reth_release)"
Sep 24 17:06:59.656 INF API: test ended suite=0 test=2482 pass=false
Sep 24 17:06:59.658 INF API: test started suite=0 test=2483 name="interop/empty-sender-priced/trace/trace (reth_release)"
Sep 24 17:06:59.660 INF API: test ended suite=0 test=2483 pass=false
Sep 24 17:06:59.661 INF API: test started suite=0 test=2484 name="interop/empty-sender-priced/trace/vmTrace (reth_release)"
Sep 24 17:06:59.667 INF API: test ended suite=0 test=2484 pass=false
Sep 24 17:06:59.669 INF API: test started suite=0 test=2485 name="interop/funding-free-exact/eth (reth_release)"
Sep 24 17:06:59.671 INF API: test ended suite=0 test=2485 pass=false
Sep 24 17:06:59.673 INF API: test started suite=0 test=2486 name="interop/funding-free-exact/trace/none (reth_release)"
Sep 24 17:06:59.675 INF API: test ended suite=0 test=2486 pass=false
Sep 24 17:06:59.677 INF API: test started suite=0 test=2487 name="interop/funding-free-exact/trace/stateDiff-vmTrace (reth_release)"
Sep 24 17:06:59.683 INF API: test ended suite=0 test=2487 pass=false
Sep 24 17:06:59.685 INF API: test started suite=0 test=2488 name="interop/funding-free-exact/trace/stateDiff (reth_release)"
Sep 24 17:06:59.687 INF API: test ended suite=0 test=2488 pass=false
Sep 24 17:06:59.688 INF API: test started suite=0 test=2489 name="interop/funding-free-exact/trace/trace-stateDiff-vmTrace (reth_release)"
Sep 24 17:06:59.692 INF API: test ended suite=0 test=2489 pass=false
Sep 24 17:06:59.693 INF API: test started suite=0 test=2490 name="interop/funding-free-exact/trace/trace-stateDiff (reth_release)"
Sep 24 17:06:59.695 INF API: test ended suite=0 test=2490 pass=false
Sep 24 17:06:59.697 INF API: test started suite=0 test=2491 name="interop/funding-free-exact/trace/trace-vmTrace (reth_release)"
Sep 24 17:06:59.701 INF API: test ended suite=0 test=2491 pass=false
Sep 24 17:06:59.702 INF API: test started suite=0 test=2492 name="interop/funding-free-exact/trace/trace (reth_release)"
Sep 24 17:06:59.704 INF API: test ended suite=0 test=2492 pass=false
Sep 24 17:06:59.705 INF API: test started suite=0 test=2493 name="interop/funding-free-exact/trace/vmTrace (reth_release)"
Sep 24 17:06:59.710 INF API: test ended suite=0 test=2493 pass=false
Sep 24 17:06:59.711 INF API: test started suite=0 test=2494 name="interop/funding-free-short/eth (reth_release)"
Sep 24 17:06:59.713 INF API: test ended suite=0 test=2494 pass=false
Sep 24 17:06:59.714 INF API: test started suite=0 test=2495 name="interop/funding-free-short/trace/none (reth_release)"
Sep 24 17:06:59.716 INF API: test ended suite=0 test=2495 pass=false
Sep 24 17:06:59.717 INF API: test started suite=0 test=2496 name="interop/funding-free-short/trace/stateDiff-vmTrace (reth_release)"
Sep 24 17:06:59.718 INF API: test ended suite=0 test=2496 pass=false
Sep 24 17:06:59.719 INF API: test started suite=0 test=2497 name="interop/funding-free-short/trace/stateDiff (reth_release)"
Sep 24 17:06:59.720 INF API: test ended suite=0 test=2497 pass=false
Sep 24 17:06:59.722 INF API: test started suite=0 test=2498 name="interop/funding-free-short/trace/trace-stateDiff-vmTrace (reth_release)"
Sep 24 17:06:59.723 INF API: test ended suite=0 test=2498 pass=false
Sep 24 17:06:59.724 INF API: test started suite=0 test=2499 name="interop/funding-free-short/trace/trace-stateDiff (reth_release)"
Sep 24 17:06:59.726 INF API: test ended suite=0 test=2499 pass=false
Sep 24 17:06:59.727 INF API: test started suite=0 test=2500 name="interop/funding-free-short/trace/trace-vmTrace (reth_release)"
Sep 24 17:06:59.728 INF API: test ended suite=0 test=2500 pass=false
Sep 24 17:06:59.729 INF API: test started suite=0 test=2501 name="interop/funding-free-short/trace/trace (reth_release)"
Sep 24 17:06:59.730 INF API: test ended suite=0 test=2501 pass=false
Sep 24 17:06:59.731 INF API: test started suite=0 test=2502 name="interop/funding-free-short/trace/vmTrace (reth_release)"
Sep 24 17:06:59.734 INF API: test ended suite=0 test=2502 pass=false
Sep 24 17:06:59.735 INF API: test started suite=0 test=2503 name="interop/funding-legacy-exact/eth (reth_release)"
Sep 24 17:06:59.737 INF API: test ended suite=0 test=2503 pass=false
Sep 24 17:06:59.738 INF API: test started suite=0 test=2504 name="interop/funding-legacy-exact/trace/none (reth_release)"
Sep 24 17:06:59.740 INF API: test ended suite=0 test=2504 pass=false
Sep 24 17:06:59.741 INF API: test started suite=0 test=2505 name="interop/funding-legacy-exact/trace/stateDiff-vmTrace (reth_release)"
Sep 24 17:06:59.744 INF API: test ended suite=0 test=2505 pass=false
Sep 24 17:06:59.745 INF API: test started suite=0 test=2506 name="interop/funding-legacy-exact/trace/stateDiff (reth_release)"
Sep 24 17:06:59.747 INF API: test ended suite=0 test=2506 pass=false
Sep 24 17:06:59.748 INF API: test started suite=0 test=2507 name="interop/funding-legacy-exact/trace/trace-stateDiff-vmTrace (reth_release)"
Sep 24 17:06:59.753 INF API: test ended suite=0 test=2507 pass=false
Sep 24 17:06:59.755 INF API: test started suite=0 test=2508 name="interop/funding-legacy-exact/trace/trace-stateDiff (reth_release)"
Sep 24 17:06:59.757 INF API: test ended suite=0 test=2508 pass=false
Sep 24 17:06:59.758 INF API: test started suite=0 test=2509 name="interop/funding-legacy-exact/trace/trace-vmTrace (reth_release)"
Sep 24 17:06:59.762 INF API: test ended suite=0 test=2509 pass=false
Sep 24 17:06:59.763 INF API: test started suite=0 test=2510 name="interop/funding-legacy-exact/trace/trace (reth_release)"
Sep 24 17:06:59.765 INF API: test ended suite=0 test=2510 pass=false
Sep 24 17:06:59.765 INF API: test started suite=0 test=2511 name="interop/funding-legacy-exact/trace/vmTrace (reth_release)"
Sep 24 17:06:59.770 INF API: test ended suite=0 test=2511 pass=false
Sep 24 17:06:59.771 INF API: test started suite=0 test=2512 name="interop/funding-legacy-short/eth (reth_release)"
Sep 24 17:06:59.772 INF API: test ended suite=0 test=2512 pass=false
Sep 24 17:06:59.773 INF API: test started suite=0 test=2513 name="interop/funding-legacy-short/trace/none (reth_release)"
Sep 24 17:06:59.775 INF API: test ended suite=0 test=2513 pass=false
Sep 24 17:06:59.776 INF API: test started suite=0 test=2514 name="interop/funding-legacy-short/trace/stateDiff-vmTrace (reth_release)"
Sep 24 17:06:59.778 INF API: test ended suite=0 test=2514 pass=false
Sep 24 17:06:59.779 INF API: test started suite=0 test=2515 name="interop/funding-legacy-short/trace/stateDiff (reth_release)"
Sep 24 17:06:59.781 INF API: test ended suite=0 test=2515 pass=false
Sep 24 17:06:59.782 INF API: test started suite=0 test=2516 name="interop/funding-legacy-short/trace/trace-stateDiff-vmTrace (reth_release)"
Sep 24 17:06:59.786 INF API: test ended suite=0 test=2516 pass=false
Sep 24 17:06:59.787 INF API: test started suite=0 test=2517 name="interop/funding-legacy-short/trace/trace-stateDiff (reth_release)"
Sep 24 17:06:59.789 INF API: test ended suite=0 test=2517 pass=false
Sep 24 17:06:59.790 INF API: test started suite=0 test=2518 name="interop/funding-legacy-short/trace/trace-vmTrace (reth_release)"
Sep 24 17:06:59.794 INF API: test ended suite=0 test=2518 pass=false
Sep 24 17:06:59.795 INF API: test started suite=0 test=2519 name="interop/funding-legacy-short/trace/trace (reth_release)"
Sep 24 17:06:59.796 INF API: test ended suite=0 test=2519 pass=false
Sep 24 17:06:59.797 INF API: test started suite=0 test=2520 name="interop/funding-legacy-short/trace/vmTrace (reth_release)"
Sep 24 17:06:59.800 INF API: test ended suite=0 test=2520 pass=false
Sep 24 17:06:59.801 INF API: test started suite=0 test=2521 name="interop/funding-typed-effective-only/eth (reth_release)"
Sep 24 17:06:59.803 INF API: test ended suite=0 test=2521 pass=false
Sep 24 17:06:59.805 INF API: test started suite=0 test=2522 name="interop/funding-typed-effective-only/trace/none (reth_release)"
Sep 24 17:06:59.806 INF API: test ended suite=0 test=2522 pass=false
Sep 24 17:06:59.807 INF API: test started suite=0 test=2523 name="interop/funding-typed-effective-only/trace/stateDiff-vmTrace (reth_release)"
Sep 24 17:06:59.811 INF API: test ended suite=0 test=2523 pass=false
Sep 24 17:06:59.812 INF API: test started suite=0 test=2524 name="interop/funding-typed-effective-only/trace/stateDiff (reth_release)"
Sep 24 17:06:59.814 INF API: test ended suite=0 test=2524 pass=false
Sep 24 17:06:59.816 INF API: test started suite=0 test=2525 name="interop/funding-typed-effective-only/trace/trace-stateDiff-vmTrace (reth_release)"
Sep 24 17:06:59.820 INF API: test ended suite=0 test=2525 pass=false
Sep 24 17:06:59.821 INF API: test started suite=0 test=2526 name="interop/funding-typed-effective-only/trace/trace-stateDiff (reth_release)"
Sep 24 17:06:59.823 INF API: test ended suite=0 test=2526 pass=false
Sep 24 17:06:59.825 INF API: test started suite=0 test=2527 name="interop/funding-typed-effective-only/trace/trace-vmTrace (reth_release)"
Sep 24 17:06:59.829 INF API: test ended suite=0 test=2527 pass=false
Sep 24 17:06:59.831 INF API: test started suite=0 test=2528 name="interop/funding-typed-effective-only/trace/trace (reth_release)"
Sep 24 17:06:59.833 INF API: test ended suite=0 test=2528 pass=false
Sep 24 17:06:59.835 INF API: test started suite=0 test=2529 name="interop/funding-typed-effective-only/trace/vmTrace (reth_release)"
Sep 24 17:06:59.838 INF API: test ended suite=0 test=2529 pass=false
Sep 24 17:06:59.840 INF API: test started suite=0 test=2530 name="interop/funding-typed-exact/eth (reth_release)"
Sep 24 17:06:59.842 INF API: test ended suite=0 test=2530 pass=false
Sep 24 17:06:59.844 INF API: test started suite=0 test=2531 name="interop/funding-typed-exact/trace/none (reth_release)"
Sep 24 17:06:59.845 INF API: test ended suite=0 test=2531 pass=false
Sep 24 17:06:59.846 INF API: test started suite=0 test=2532 name="interop/funding-typed-exact/trace/stateDiff-vmTrace (reth_release)"
Sep 24 17:06:59.850 INF API: test ended suite=0 test=2532 pass=false
Sep 24 17:06:59.851 INF API: test started suite=0 test=2533 name="interop/funding-typed-exact/trace/stateDiff (reth_release)"
Sep 24 17:06:59.853 INF API: test ended suite=0 test=2533 pass=false
Sep 24 17:06:59.854 INF API: test started suite=0 test=2534 name="interop/funding-typed-exact/trace/trace-stateDiff-vmTrace (reth_release)"
Sep 24 17:06:59.858 INF API: test ended suite=0 test=2534 pass=false
Sep 24 17:06:59.859 INF API: test started suite=0 test=2535 name="interop/funding-typed-exact/trace/trace-stateDiff (reth_release)"
Sep 24 17:06:59.861 INF API: test ended suite=0 test=2535 pass=false
Sep 24 17:06:59.862 INF API: test started suite=0 test=2536 name="interop/funding-typed-exact/trace/trace-vmTrace (reth_release)"
Sep 24 17:06:59.865 INF API: test ended suite=0 test=2536 pass=false
Sep 24 17:06:59.867 INF API: test started suite=0 test=2537 name="interop/funding-typed-exact/trace/trace (reth_release)"
Sep 24 17:06:59.869 INF API: test ended suite=0 test=2537 pass=false
Sep 24 17:06:59.870 INF API: test started suite=0 test=2538 name="interop/funding-typed-exact/trace/vmTrace (reth_release)"
Sep 24 17:06:59.873 INF API: test ended suite=0 test=2538 pass=false
Sep 24 17:06:59.874 INF API: test started suite=0 test=2539 name="interop/funding-typed-free-exact/eth (reth_release)"
Sep 24 17:06:59.876 INF API: test ended suite=0 test=2539 pass=false
Sep 24 17:06:59.877 INF API: test started suite=0 test=2540 name="interop/funding-typed-free-exact/trace/none (reth_release)"
Sep 24 17:06:59.879 INF API: test ended suite=0 test=2540 pass=false
Sep 24 17:06:59.880 INF API: test started suite=0 test=2541 name="interop/funding-typed-free-exact/trace/stateDiff-vmTrace (reth_release)"
Sep 24 17:06:59.882 INF API: test ended suite=0 test=2541 pass=false
Sep 24 17:06:59.883 INF API: test started suite=0 test=2542 name="interop/funding-typed-free-exact/trace/stateDiff (reth_release)"
Sep 24 17:06:59.885 INF API: test ended suite=0 test=2542 pass=false
Sep 24 17:06:59.886 INF API: test started suite=0 test=2543 name="interop/funding-typed-free-exact/trace/trace-stateDiff-vmTrace (reth_release)"
Sep 24 17:06:59.889 INF API: test ended suite=0 test=2543 pass=false
Sep 24 17:06:59.890 INF API: test started suite=0 test=2544 name="interop/funding-typed-free-exact/trace/trace-stateDiff (reth_release)"
Sep 24 17:06:59.892 INF API: test ended suite=0 test=2544 pass=false
Sep 24 17:06:59.893 INF API: test started suite=0 test=2545 name="interop/funding-typed-free-exact/trace/trace-vmTrace (reth_release)"
Sep 24 17:06:59.896 INF API: test ended suite=0 test=2545 pass=false
Sep 24 17:06:59.897 INF API: test started suite=0 test=2546 name="interop/funding-typed-free-exact/trace/trace (reth_release)"
Sep 24 17:06:59.899 INF API: test ended suite=0 test=2546 pass=false
Sep 24 17:06:59.899 INF API: test started suite=0 test=2547 name="interop/funding-typed-free-exact/trace/vmTrace (reth_release)"
Sep 24 17:06:59.902 INF API: test ended suite=0 test=2547 pass=false
Sep 24 17:06:59.903 INF API: test started suite=0 test=2548 name="interop/funding-typed-free-short/eth (reth_release)"
Sep 24 17:06:59.904 INF API: test ended suite=0 test=2548 pass=false
Sep 24 17:06:59.905 INF API: test started suite=0 test=2549 name="interop/funding-typed-free-short/trace/none (reth_release)"
Sep 24 17:06:59.907 INF API: test ended suite=0 test=2549 pass=false
Sep 24 17:06:59.907 INF API: test started suite=0 test=2550 name="interop/funding-typed-free-short/trace/stateDiff-vmTrace (reth_release)"
Sep 24 17:06:59.909 INF API: test ended suite=0 test=2550 pass=false
Sep 24 17:06:59.910 INF API: test started suite=0 test=2551 name="interop/funding-typed-free-short/trace/stateDiff (reth_release)"
Sep 24 17:06:59.911 INF API: test ended suite=0 test=2551 pass=false
Sep 24 17:06:59.912 INF API: test started suite=0 test=2552 name="interop/funding-typed-free-short/trace/trace-stateDiff-vmTrace (reth_release)"
Sep 24 17:06:59.914 INF API: test ended suite=0 test=2552 pass=false
Sep 24 17:06:59.914 INF API: test started suite=0 test=2553 name="interop/funding-typed-free-short/trace/trace-stateDiff (reth_release)"
Sep 24 17:06:59.916 INF API: test ended suite=0 test=2553 pass=false
Sep 24 17:06:59.917 INF API: test started suite=0 test=2554 name="interop/funding-typed-free-short/trace/trace-vmTrace (reth_release)"
Sep 24 17:06:59.918 INF API: test ended suite=0 test=2554 pass=false
Sep 24 17:06:59.919 INF API: test started suite=0 test=2555 name="interop/funding-typed-free-short/trace/trace (reth_release)"
Sep 24 17:06:59.920 INF API: test ended suite=0 test=2555 pass=false
Sep 24 17:06:59.921 INF API: test started suite=0 test=2556 name="interop/funding-typed-free-short/trace/vmTrace (reth_release)"
Sep 24 17:06:59.922 INF API: test ended suite=0 test=2556 pass=false
Sep 24 17:06:59.923 INF API: test started suite=0 test=2557 name="interop/funding-typed-short/eth (reth_release)"
Sep 24 17:06:59.924 INF API: test ended suite=0 test=2557 pass=false
Sep 24 17:06:59.925 INF API: test started suite=0 test=2558 name="interop/funding-typed-short/trace/none (reth_release)"
Sep 24 17:06:59.926 INF API: test ended suite=0 test=2558 pass=false
Sep 24 17:06:59.927 INF API: test started suite=0 test=2559 name="interop/funding-typed-short/trace/stateDiff-vmTrace (reth_release)"
Sep 24 17:06:59.930 INF API: test ended suite=0 test=2559 pass=false
Sep 24 17:06:59.930 INF API: test started suite=0 test=2560 name="interop/funding-typed-short/trace/stateDiff (reth_release)"
Sep 24 17:06:59.932 INF API: test ended suite=0 test=2560 pass=false
Sep 24 17:06:59.933 INF API: test started suite=0 test=2561 name="interop/funding-typed-short/trace/trace-stateDiff-vmTrace (reth_release)"
Sep 24 17:06:59.936 INF API: test ended suite=0 test=2561 pass=false
Sep 24 17:06:59.937 INF API: test started suite=0 test=2562 name="interop/funding-typed-short/trace/trace-stateDiff (reth_release)"
Sep 24 17:06:59.939 INF API: test ended suite=0 test=2562 pass=false
Sep 24 17:06:59.940 INF API: test started suite=0 test=2563 name="interop/funding-typed-short/trace/trace-vmTrace (reth_release)"
Sep 24 17:06:59.943 INF API: test ended suite=0 test=2563 pass=false
Sep 24 17:06:59.944 INF API: test started suite=0 test=2564 name="interop/funding-typed-short/trace/trace (reth_release)"
Sep 24 17:06:59.946 INF API: test ended suite=0 test=2564 pass=false
Sep 24 17:06:59.947 INF API: test started suite=0 test=2565 name="interop/funding-typed-short/trace/vmTrace (reth_release)"
Sep 24 17:06:59.950 INF API: test ended suite=0 test=2565 pass=false
Sep 24 17:06:59.951 INF API: test started suite=0 test=2566 name="interop/legacy-above-base/eth (reth_release)"
Sep 24 17:06:59.952 INF API: test ended suite=0 test=2566 pass=false
Sep 24 17:06:59.953 INF API: test started suite=0 test=2567 name="interop/legacy-above-base/trace/none (reth_release)"
Sep 24 17:06:59.955 INF API: test ended suite=0 test=2567 pass=false
Sep 24 17:06:59.956 INF API: test started suite=0 test=2568 name="interop/legacy-above-base/trace/stateDiff-vmTrace (reth_release)"
Sep 24 17:06:59.958 INF API: test ended suite=0 test=2568 pass=false
Sep 24 17:06:59.959 INF API: test started suite=0 test=2569 name="interop/legacy-above-base/trace/stateDiff (reth_release)"
Sep 24 17:06:59.960 INF API: test ended suite=0 test=2569 pass=false
Sep 24 17:06:59.961 INF API: test started suite=0 test=2570 name="interop/legacy-above-base/trace/trace-stateDiff-vmTrace (reth_release)"
Sep 24 17:06:59.963 INF API: test ended suite=0 test=2570 pass=false
Sep 24 17:06:59.964 INF API: test started suite=0 test=2571 name="interop/legacy-above-base/trace/trace-stateDiff (reth_release)"
Sep 24 17:06:59.966 INF API: test ended suite=0 test=2571 pass=false
Sep 24 17:06:59.967 INF API: test started suite=0 test=2572 name="interop/legacy-above-base/trace/trace-vmTrace (reth_release)"
Sep 24 17:06:59.969 INF API: test ended suite=0 test=2572 pass=false
Sep 24 17:06:59.970 INF API: test started suite=0 test=2573 name="interop/legacy-above-base/trace/trace (reth_release)"
Sep 24 17:06:59.972 INF API: test ended suite=0 test=2573 pass=false
Sep 24 17:06:59.972 INF API: test started suite=0 test=2574 name="interop/legacy-above-base/trace/vmTrace (reth_release)"
Sep 24 17:06:59.975 INF API: test ended suite=0 test=2574 pass=false
Sep 24 17:06:59.976 INF API: test started suite=0 test=2575 name="interop/legacy-at-base/eth (reth_release)"
Sep 24 17:06:59.977 INF API: test ended suite=0 test=2575 pass=false
Sep 24 17:06:59.978 INF API: test started suite=0 test=2576 name="interop/legacy-at-base/trace/none (reth_release)"
Sep 24 17:06:59.979 INF API: test ended suite=0 test=2576 pass=false
Sep 24 17:06:59.980 INF API: test started suite=0 test=2577 name="interop/legacy-at-base/trace/stateDiff-vmTrace (reth_release)"
Sep 24 17:06:59.983 INF API: test ended suite=0 test=2577 pass=false
Sep 24 17:06:59.983 INF API: test started suite=0 test=2578 name="interop/legacy-at-base/trace/stateDiff (reth_release)"
Sep 24 17:06:59.985 INF API: test ended suite=0 test=2578 pass=false
Sep 24 17:06:59.986 INF API: test started suite=0 test=2579 name="interop/legacy-at-base/trace/trace-stateDiff-vmTrace (reth_release)"
Sep 24 17:06:59.989 INF API: test ended suite=0 test=2579 pass=false
Sep 24 17:06:59.990 INF API: test started suite=0 test=2580 name="interop/legacy-at-base/trace/trace-stateDiff (reth_release)"
Sep 24 17:06:59.991 INF API: test ended suite=0 test=2580 pass=false
Sep 24 17:06:59.992 INF API: test started suite=0 test=2581 name="interop/legacy-at-base/trace/trace-vmTrace (reth_release)"
Sep 24 17:06:59.994 INF API: test ended suite=0 test=2581 pass=false
Sep 24 17:06:59.995 INF API: test started suite=0 test=2582 name="interop/legacy-at-base/trace/trace (reth_release)"
Sep 24 17:06:59.997 INF API: test ended suite=0 test=2582 pass=false
Sep 24 17:06:59.998 INF API: test started suite=0 test=2583 name="interop/legacy-at-base/trace/vmTrace (reth_release)"
Sep 24 17:07:00.001 INF API: test ended suite=0 test=2583 pass=false
Sep 24 17:07:00.002 INF API: test started suite=0 test=2584 name="interop/legacy-below-base/eth (reth_release)"
Sep 24 17:07:00.003 INF API: test ended suite=0 test=2584 pass=false
Sep 24 17:07:00.004 INF API: test started suite=0 test=2585 name="interop/legacy-below-base/trace/none (reth_release)"
Sep 24 17:07:00.005 INF API: test ended suite=0 test=2585 pass=false
Sep 24 17:07:00.006 INF API: test started suite=0 test=2586 name="interop/legacy-below-base/trace/stateDiff-vmTrace (reth_release)"
Sep 24 17:07:00.009 INF API: test ended suite=0 test=2586 pass=false
Sep 24 17:07:00.010 INF API: test started suite=0 test=2587 name="interop/legacy-below-base/trace/stateDiff (reth_release)"
Sep 24 17:07:00.012 INF API: test ended suite=0 test=2587 pass=false
Sep 24 17:07:00.012 INF API: test started suite=0 test=2588 name="interop/legacy-below-base/trace/trace-stateDiff-vmTrace (reth_release)"
Sep 24 17:07:00.015 INF API: test ended suite=0 test=2588 pass=false
Sep 24 17:07:00.016 INF API: test started suite=0 test=2589 name="interop/legacy-below-base/trace/trace-stateDiff (reth_release)"
Sep 24 17:07:00.018 INF API: test ended suite=0 test=2589 pass=false
Sep 24 17:07:00.018 INF API: test started suite=0 test=2590 name="interop/legacy-below-base/trace/trace-vmTrace (reth_release)"
Sep 24 17:07:00.022 INF API: test ended suite=0 test=2590 pass=false
Sep 24 17:07:00.023 INF API: test started suite=0 test=2591 name="interop/legacy-below-base/trace/trace (reth_release)"
Sep 24 17:07:00.024 INF API: test ended suite=0 test=2591 pass=false
Sep 24 17:07:00.025 INF API: test started suite=0 test=2592 name="interop/legacy-below-base/trace/vmTrace (reth_release)"
Sep 24 17:07:00.027 INF API: test ended suite=0 test=2592 pass=false
Sep 24 17:07:00.028 INF API: test started suite=0 test=2593 name="interop/legacy-one/eth (reth_release)"
Sep 24 17:07:00.029 INF API: test ended suite=0 test=2593 pass=false
Sep 24 17:07:00.030 INF API: test started suite=0 test=2594 name="interop/legacy-one/trace/none (reth_release)"
Sep 24 17:07:00.032 INF API: test ended suite=0 test=2594 pass=false
Sep 24 17:07:00.032 INF API: test started suite=0 test=2595 name="interop/legacy-one/trace/stateDiff-vmTrace (reth_release)"
Sep 24 17:07:00.036 INF API: test ended suite=0 test=2595 pass=false
Sep 24 17:07:00.037 INF API: test started suite=0 test=2596 name="interop/legacy-one/trace/stateDiff (reth_release)"
Sep 24 17:07:00.039 INF API: test ended suite=0 test=2596 pass=false
Sep 24 17:07:00.040 INF API: test started suite=0 test=2597 name="interop/legacy-one/trace/trace-stateDiff-vmTrace (reth_release)"
Sep 24 17:07:00.042 INF API: test ended suite=0 test=2597 pass=false
Sep 24 17:07:00.043 INF API: test started suite=0 test=2598 name="interop/legacy-one/trace/trace-stateDiff (reth_release)"
Sep 24 17:07:00.045 INF API: test ended suite=0 test=2598 pass=false
Sep 24 17:07:00.046 INF API: test started suite=0 test=2599 name="interop/legacy-one/trace/trace-vmTrace (reth_release)"
Sep 24 17:07:00.049 INF API: test ended suite=0 test=2599 pass=false
Sep 24 17:07:00.049 INF API: test started suite=0 test=2600 name="interop/legacy-one/trace/trace (reth_release)"
Sep 24 17:07:00.051 INF API: test ended suite=0 test=2600 pass=false
Sep 24 17:07:00.052 INF API: test started suite=0 test=2601 name="interop/legacy-one/trace/vmTrace (reth_release)"
Sep 24 17:07:00.055 INF API: test ended suite=0 test=2601 pass=false
Sep 24 17:07:00.055 INF API: test started suite=0 test=2602 name="interop/legacy-zero/eth (reth_release)"
Sep 24 17:07:00.057 INF API: test ended suite=0 test=2602 pass=false
Sep 24 17:07:00.057 INF API: test started suite=0 test=2603 name="interop/legacy-zero/trace/none (reth_release)"
Sep 24 17:07:00.059 INF API: test ended suite=0 test=2603 pass=false
Sep 24 17:07:00.060 INF API: test started suite=0 test=2604 name="interop/legacy-zero/trace/stateDiff-vmTrace (reth_release)"
Sep 24 17:07:00.063 INF API: test ended suite=0 test=2604 pass=false
Sep 24 17:07:00.064 INF API: test started suite=0 test=2605 name="interop/legacy-zero/trace/stateDiff (reth_release)"
Sep 24 17:07:00.066 INF API: test ended suite=0 test=2605 pass=false
Sep 24 17:07:00.066 INF API: test started suite=0 test=2606 name="interop/legacy-zero/trace/trace-stateDiff-vmTrace (reth_release)"
Sep 24 17:07:00.069 INF API: test ended suite=0 test=2606 pass=false
Sep 24 17:07:00.070 INF API: test started suite=0 test=2607 name="interop/legacy-zero/trace/trace-stateDiff (reth_release)"
Sep 24 17:07:00.072 INF API: test ended suite=0 test=2607 pass=false
Sep 24 17:07:00.073 INF API: test started suite=0 test=2608 name="interop/legacy-zero/trace/trace-vmTrace (reth_release)"
Sep 24 17:07:00.076 INF API: test ended suite=0 test=2608 pass=false
Sep 24 17:07:00.077 INF API: test started suite=0 test=2609 name="interop/legacy-zero/trace/trace (reth_release)"
Sep 24 17:07:00.078 INF API: test ended suite=0 test=2609 pass=false
Sep 24 17:07:00.079 INF API: test started suite=0 test=2610 name="interop/legacy-zero/trace/vmTrace (reth_release)"
Sep 24 17:07:00.082 INF API: test ended suite=0 test=2610 pass=false
Sep 24 17:07:00.083 INF API: test started suite=0 test=2611 name="interop/typed-at-base/eth (reth_release)"
Sep 24 17:07:00.084 INF API: test ended suite=0 test=2611 pass=false
Sep 24 17:07:00.085 INF API: test started suite=0 test=2612 name="interop/typed-at-base/trace/none (reth_release)"
Sep 24 17:07:00.086 INF API: test ended suite=0 test=2612 pass=false
Sep 24 17:07:00.087 INF API: test started suite=0 test=2613 name="interop/typed-at-base/trace/stateDiff-vmTrace (reth_release)"
Sep 24 17:07:00.089 INF API: test ended suite=0 test=2613 pass=false
Sep 24 17:07:00.090 INF API: test started suite=0 test=2614 name="interop/typed-at-base/trace/stateDiff (reth_release)"
Sep 24 17:07:00.092 INF API: test ended suite=0 test=2614 pass=false
Sep 24 17:07:00.093 INF API: test started suite=0 test=2615 name="interop/typed-at-base/trace/trace-stateDiff-vmTrace (reth_release)"
Sep 24 17:07:00.096 INF API: test ended suite=0 test=2615 pass=false
Sep 24 17:07:00.097 INF API: test started suite=0 test=2616 name="interop/typed-at-base/trace/trace-stateDiff (reth_release)"
Sep 24 17:07:00.098 INF API: test ended suite=0 test=2616 pass=false
Sep 24 17:07:00.099 INF API: test started suite=0 test=2617 name="interop/typed-at-base/trace/trace-vmTrace (reth_release)"
Sep 24 17:07:00.101 INF API: test ended suite=0 test=2617 pass=false
Sep 24 17:07:00.102 INF API: test started suite=0 test=2618 name="interop/typed-at-base/trace/trace (reth_release)"
Sep 24 17:07:00.104 INF API: test ended suite=0 test=2618 pass=false
Sep 24 17:07:00.104 INF API: test started suite=0 test=2619 name="interop/typed-at-base/trace/vmTrace (reth_release)"
Sep 24 17:07:00.107 INF API: test ended suite=0 test=2619 pass=false
Sep 24 17:07:00.108 INF API: test started suite=0 test=2620 name="interop/typed-below-base/eth (reth_release)"
Sep 24 17:07:00.109 INF API: test ended suite=0 test=2620 pass=false
Sep 24 17:07:00.110 INF API: test started suite=0 test=2621 name="interop/typed-below-base/trace/none (reth_release)"
Sep 24 17:07:00.111 INF API: test ended suite=0 test=2621 pass=false
Sep 24 17:07:00.112 INF API: test started suite=0 test=2622 name="interop/typed-below-base/trace/stateDiff-vmTrace (reth_release)"
Sep 24 17:07:00.113 INF API: test ended suite=0 test=2622 pass=false
Sep 24 17:07:00.114 INF API: test started suite=0 test=2623 name="interop/typed-below-base/trace/stateDiff (reth_release)"
Sep 24 17:07:00.115 INF API: test ended suite=0 test=2623 pass=false
Sep 24 17:07:00.116 INF API: test started suite=0 test=2624 name="interop/typed-below-base/trace/trace-stateDiff-vmTrace (reth_release)"
Sep 24 17:07:00.117 INF API: test ended suite=0 test=2624 pass=false
Sep 24 17:07:00.118 INF API: test started suite=0 test=2625 name="interop/typed-below-base/trace/trace-stateDiff (reth_release)"
Sep 24 17:07:00.119 INF API: test ended suite=0 test=2625 pass=false
Sep 24 17:07:00.120 INF API: test started suite=0 test=2626 name="interop/typed-below-base/trace/trace-vmTrace (reth_release)"
Sep 24 17:07:00.122 INF API: test ended suite=0 test=2626 pass=false
Sep 24 17:07:00.122 INF API: test started suite=0 test=2627 name="interop/typed-below-base/trace/trace (reth_release)"
Sep 24 17:07:00.124 INF API: test ended suite=0 test=2627 pass=false
Sep 24 17:07:00.124 INF API: test started suite=0 test=2628 name="interop/typed-below-base/trace/vmTrace (reth_release)"
Sep 24 17:07:00.126 INF API: test ended suite=0 test=2628 pass=false
Sep 24 17:07:00.126 INF API: test started suite=0 test=2629 name="interop/typed-below-base-positive-tip/eth (reth_release)"
Sep 24 17:07:00.127 INF API: test ended suite=0 test=2629 pass=false
Sep 24 17:07:00.128 INF API: test started suite=0 test=2630 name="interop/typed-below-base-positive-tip/trace/none (reth_release)"
Sep 24 17:07:00.129 INF API: test ended suite=0 test=2630 pass=false
Sep 24 17:07:00.130 INF API: test started suite=0 test=2631 name="interop/typed-below-base-positive-tip/trace/stateDiff-vmTrace (reth_release)"
Sep 24 17:07:00.131 INF API: test ended suite=0 test=2631 pass=false
Sep 24 17:07:00.132 INF API: test started suite=0 test=2632 name="interop/typed-below-base-positive-tip/trace/stateDiff (reth_release)"
Sep 24 17:07:00.133 INF API: test ended suite=0 test=2632 pass=false
Sep 24 17:07:00.134 INF API: test started suite=0 test=2633 name="interop/typed-below-base-positive-tip/trace/trace-stateDiff-vmTrace (reth_release)"
Sep 24 17:07:00.135 INF API: test ended suite=0 test=2633 pass=false
Sep 24 17:07:00.136 INF API: test started suite=0 test=2634 name="interop/typed-below-base-positive-tip/trace/trace-stateDiff (reth_release)"
Sep 24 17:07:00.137 INF API: test ended suite=0 test=2634 pass=false
Sep 24 17:07:00.138 INF API: test started suite=0 test=2635 name="interop/typed-below-base-positive-tip/trace/trace-vmTrace (reth_release)"
Sep 24 17:07:00.139 INF API: test ended suite=0 test=2635 pass=false
Sep 24 17:07:00.140 INF API: test started suite=0 test=2636 name="interop/typed-below-base-positive-tip/trace/trace (reth_release)"
Sep 24 17:07:00.141 INF API: test ended suite=0 test=2636 pass=false
Sep 24 17:07:00.141 INF API: test started suite=0 test=2637 name="interop/typed-below-base-positive-tip/trace/vmTrace (reth_release)"
Sep 24 17:07:00.142 INF API: test ended suite=0 test=2637 pass=false
Sep 24 17:07:00.143 INF API: test started suite=0 test=2638 name="interop/typed-cap-limited/eth (reth_release)"
Sep 24 17:07:00.144 INF API: test ended suite=0 test=2638 pass=false
Sep 24 17:07:00.145 INF API: test started suite=0 test=2639 name="interop/typed-cap-limited/trace/none (reth_release)"
Sep 24 17:07:00.146 INF API: test ended suite=0 test=2639 pass=false
Sep 24 17:07:00.147 INF API: test started suite=0 test=2640 name="interop/typed-cap-limited/trace/stateDiff-vmTrace (reth_release)"
Sep 24 17:07:00.150 INF API: test ended suite=0 test=2640 pass=false
Sep 24 17:07:00.151 INF API: test started suite=0 test=2641 name="interop/typed-cap-limited/trace/stateDiff (reth_release)"
Sep 24 17:07:00.153 INF API: test ended suite=0 test=2641 pass=false
Sep 24 17:07:00.153 INF API: test started suite=0 test=2642 name="interop/typed-cap-limited/trace/trace-stateDiff-vmTrace (reth_release)"
Sep 24 17:07:00.157 INF API: test ended suite=0 test=2642 pass=false
Sep 24 17:07:00.157 INF API: test started suite=0 test=2643 name="interop/typed-cap-limited/trace/trace-stateDiff (reth_release)"
Sep 24 17:07:00.159 INF API: test ended suite=0 test=2643 pass=false
Sep 24 17:07:00.160 INF API: test started suite=0 test=2644 name="interop/typed-cap-limited/trace/trace-vmTrace (reth_release)"
Sep 24 17:07:00.162 INF API: test ended suite=0 test=2644 pass=false
Sep 24 17:07:00.163 INF API: test started suite=0 test=2645 name="interop/typed-cap-limited/trace/trace (reth_release)"
Sep 24 17:07:00.164 INF API: test ended suite=0 test=2645 pass=false
Sep 24 17:07:00.165 INF API: test started suite=0 test=2646 name="interop/typed-cap-limited/trace/vmTrace (reth_release)"
Sep 24 17:07:00.168 INF API: test ended suite=0 test=2646 pass=false
Sep 24 17:07:00.169 INF API: test started suite=0 test=2647 name="interop/typed-one/eth (reth_release)"
Sep 24 17:07:00.170 INF API: test ended suite=0 test=2647 pass=false
Sep 24 17:07:00.171 INF API: test started suite=0 test=2648 name="interop/typed-one/trace/none (reth_release)"
Sep 24 17:07:00.172 INF API: test ended suite=0 test=2648 pass=false
Sep 24 17:07:00.173 INF API: test started suite=0 test=2649 name="interop/typed-one/trace/stateDiff-vmTrace (reth_release)"
Sep 24 17:07:00.174 INF API: test ended suite=0 test=2649 pass=false
Sep 24 17:07:00.174 INF API: test started suite=0 test=2650 name="interop/typed-one/trace/stateDiff (reth_release)"
Sep 24 17:07:00.175 INF API: test ended suite=0 test=2650 pass=false
Sep 24 17:07:00.176 INF API: test started suite=0 test=2651 name="interop/typed-one/trace/trace-stateDiff-vmTrace (reth_release)"
Sep 24 17:07:00.177 INF API: test ended suite=0 test=2651 pass=false
Sep 24 17:07:00.178 INF API: test started suite=0 test=2652 name="interop/typed-one/trace/trace-stateDiff (reth_release)"
Sep 24 17:07:00.179 INF API: test ended suite=0 test=2652 pass=false
Sep 24 17:07:00.180 INF API: test started suite=0 test=2653 name="interop/typed-one/trace/trace-vmTrace (reth_release)"
Sep 24 17:07:00.181 INF API: test ended suite=0 test=2653 pass=false
Sep 24 17:07:00.182 INF API: test started suite=0 test=2654 name="interop/typed-one/trace/trace (reth_release)"
Sep 24 17:07:00.183 INF API: test ended suite=0 test=2654 pass=false
Sep 24 17:07:00.184 INF API: test started suite=0 test=2655 name="interop/typed-one/trace/vmTrace (reth_release)"
Sep 24 17:07:00.185 INF API: test ended suite=0 test=2655 pass=false
Sep 24 17:07:00.185 INF API: test started suite=0 test=2656 name="interop/typed-tip-equals-cap/eth (reth_release)"
Sep 24 17:07:00.187 INF API: test ended suite=0 test=2656 pass=false
Sep 24 17:07:00.187 INF API: test started suite=0 test=2657 name="interop/typed-tip-equals-cap/trace/none (reth_release)"
Sep 24 17:07:00.189 INF API: test ended suite=0 test=2657 pass=false
Sep 24 17:07:00.189 INF API: test started suite=0 test=2658 name="interop/typed-tip-equals-cap/trace/stateDiff-vmTrace (reth_release)"
Sep 24 17:07:00.192 INF API: test ended suite=0 test=2658 pass=false
Sep 24 17:07:00.193 INF API: test started suite=0 test=2659 name="interop/typed-tip-equals-cap/trace/stateDiff (reth_release)"
Sep 24 17:07:00.194 INF API: test ended suite=0 test=2659 pass=false
Sep 24 17:07:00.195 INF API: test started suite=0 test=2660 name="interop/typed-tip-equals-cap/trace/trace-stateDiff-vmTrace (reth_release)"
Sep 24 17:07:00.197 INF API: test ended suite=0 test=2660 pass=false
Sep 24 17:07:00.198 INF API: test started suite=0 test=2661 name="interop/typed-tip-equals-cap/trace/trace-stateDiff (reth_release)"
Sep 24 17:07:00.199 INF API: test ended suite=0 test=2661 pass=false
Sep 24 17:07:00.200 INF API: test started suite=0 test=2662 name="interop/typed-tip-equals-cap/trace/trace-vmTrace (reth_release)"
Sep 24 17:07:00.204 INF API: test ended suite=0 test=2662 pass=false
Sep 24 17:07:00.204 INF API: test started suite=0 test=2663 name="interop/typed-tip-equals-cap/trace/trace (reth_release)"
Sep 24 17:07:00.206 INF API: test ended suite=0 test=2663 pass=false
Sep 24 17:07:00.207 INF API: test started suite=0 test=2664 name="interop/typed-tip-equals-cap/trace/vmTrace (reth_release)"
Sep 24 17:07:00.209 INF API: test ended suite=0 test=2664 pass=false
Sep 24 17:07:00.210 INF API: test started suite=0 test=2665 name="interop/typed-tip-limited/eth (reth_release)"
Sep 24 17:07:00.211 INF API: test ended suite=0 test=2665 pass=false
Sep 24 17:07:00.212 INF API: test started suite=0 test=2666 name="interop/typed-tip-limited/trace/none (reth_release)"
Sep 24 17:07:00.213 INF API: test ended suite=0 test=2666 pass=false
Sep 24 17:07:00.214 INF API: test started suite=0 test=2667 name="interop/typed-tip-limited/trace/stateDiff-vmTrace (reth_release)"
Sep 24 17:07:00.217 INF API: test ended suite=0 test=2667 pass=false
Sep 24 17:07:00.218 INF API: test started suite=0 test=2668 name="interop/typed-tip-limited/trace/stateDiff (reth_release)"
Sep 24 17:07:00.220 INF API: test ended suite=0 test=2668 pass=false
Sep 24 17:07:00.220 INF API: test started suite=0 test=2669 name="interop/typed-tip-limited/trace/trace-stateDiff-vmTrace (reth_release)"
Sep 24 17:07:00.223 INF API: test ended suite=0 test=2669 pass=false
Sep 24 17:07:00.224 INF API: test started suite=0 test=2670 name="interop/typed-tip-limited/trace/trace-stateDiff (reth_release)"
Sep 24 17:07:00.225 INF API: test ended suite=0 test=2670 pass=false
Sep 24 17:07:00.226 INF API: test started suite=0 test=2671 name="interop/typed-tip-limited/trace/trace-vmTrace (reth_release)"
Sep 24 17:07:00.229 INF API: test ended suite=0 test=2671 pass=false
Sep 24 17:07:00.229 INF API: test started suite=0 test=2672 name="interop/typed-tip-limited/trace/trace (reth_release)"
Sep 24 17:07:00.231 INF API: test ended suite=0 test=2672 pass=false
Sep 24 17:07:00.231 INF API: test started suite=0 test=2673 name="interop/typed-tip-limited/trace/vmTrace (reth_release)"
Sep 24 17:07:00.234 INF API: test ended suite=0 test=2673 pass=false
Sep 24 17:07:00.234 INF API: test started suite=0 test=2674 name="interop/typed-tip-over-cap/eth (reth_release)"
Sep 24 17:07:00.236 INF API: test ended suite=0 test=2674 pass=false
Sep 24 17:07:00.236 INF API: test started suite=0 test=2675 name="interop/typed-tip-over-cap/trace/none (reth_release)"
Sep 24 17:07:00.237 INF API: test ended suite=0 test=2675 pass=false
Sep 24 17:07:00.238 INF API: test started suite=0 test=2676 name="interop/typed-tip-over-cap/trace/stateDiff-vmTrace (reth_release)"
Sep 24 17:07:00.239 INF API: test ended suite=0 test=2676 pass=false
Sep 24 17:07:00.240 INF API: test started suite=0 test=2677 name="interop/typed-tip-over-cap/trace/stateDiff (reth_release)"
Sep 24 17:07:00.241 INF API: test ended suite=0 test=2677 pass=false
Sep 24 17:07:00.242 INF API: test started suite=0 test=2678 name="interop/typed-tip-over-cap/trace/trace-stateDiff-vmTrace (reth_release)"
Sep 24 17:07:00.243 INF API: test ended suite=0 test=2678 pass=false
Sep 24 17:07:00.244 INF API: test started suite=0 test=2679 name="interop/typed-tip-over-cap/trace/trace-stateDiff (reth_release)"
Sep 24 17:07:00.245 INF API: test ended suite=0 test=2679 pass=false
Sep 24 17:07:00.246 INF API: test started suite=0 test=2680 name="interop/typed-tip-over-cap/trace/trace-vmTrace (reth_release)"
Sep 24 17:07:00.247 INF API: test ended suite=0 test=2680 pass=false
Sep 24 17:07:00.248 INF API: test started suite=0 test=2681 name="interop/typed-tip-over-cap/trace/trace (reth_release)"
Sep 24 17:07:00.249 INF API: test ended suite=0 test=2681 pass=false
Sep 24 17:07:00.249 INF API: test started suite=0 test=2682 name="interop/typed-tip-over-cap/trace/vmTrace (reth_release)"
Sep 24 17:07:00.251 INF API: test ended suite=0 test=2682 pass=false
Sep 24 17:07:00.252 INF API: test started suite=0 test=2683 name="interop/typed-zero/eth (reth_release)"
Sep 24 17:07:00.253 INF API: test ended suite=0 test=2683 pass=false
Sep 24 17:07:00.254 INF API: test started suite=0 test=2684 name="interop/typed-zero/trace/none (reth_release)"
Sep 24 17:07:00.255 INF API: test ended suite=0 test=2684 pass=false
Sep 24 17:07:00.256 INF API: test started suite=0 test=2685 name="interop/typed-zero/trace/stateDiff-vmTrace (reth_release)"
Sep 24 17:07:00.258 INF API: test ended suite=0 test=2685 pass=false
Sep 24 17:07:00.259 INF API: test started suite=0 test=2686 name="interop/typed-zero/trace/stateDiff (reth_release)"
Sep 24 17:07:00.261 INF API: test ended suite=0 test=2686 pass=false
Sep 24 17:07:00.261 INF API: test started suite=0 test=2687 name="interop/typed-zero/trace/trace-stateDiff-vmTrace (reth_release)"
Sep 24 17:07:00.264 INF API: test ended suite=0 test=2687 pass=false
Sep 24 17:07:00.265 INF API: test started suite=0 test=2688 name="interop/typed-zero/trace/trace-stateDiff (reth_release)"
Sep 24 17:07:00.266 INF API: test ended suite=0 test=2688 pass=false
Sep 24 17:07:00.267 INF API: test started suite=0 test=2689 name="interop/typed-zero/trace/trace-vmTrace (reth_release)"
Sep 24 17:07:00.270 INF API: test ended suite=0 test=2689 pass=false
Sep 24 17:07:00.271 INF API: test started suite=0 test=2690 name="interop/typed-zero/trace/trace (reth_release)"
Sep 24 17:07:00.272 INF API: test ended suite=0 test=2690 pass=false
Sep 24 17:07:00.273 INF API: test started suite=0 test=2691 name="interop/typed-zero/trace/vmTrace (reth_release)"
Sep 24 17:07:00.276 INF API: test ended suite=0 test=2691 pass=false
Sep 24 17:07:00.277 INF API: test started suite=0 test=2692 name="interop/typed-zero-cap-positive-tip/eth (reth_release)"
Sep 24 17:07:00.278 INF API: test ended suite=0 test=2692 pass=false
Sep 24 17:07:00.279 INF API: test started suite=0 test=2693 name="interop/typed-zero-cap-positive-tip/trace/none (reth_release)"
Sep 24 17:07:00.280 INF API: test ended suite=0 test=2693 pass=false
Sep 24 17:07:00.281 INF API: test started suite=0 test=2694 name="interop/typed-zero-cap-positive-tip/trace/stateDiff-vmTrace (reth_release)"
Sep 24 17:07:00.282 INF API: test ended suite=0 test=2694 pass=false
Sep 24 17:07:00.283 INF API: test started suite=0 test=2695 name="interop/typed-zero-cap-positive-tip/trace/stateDiff (reth_release)"
Sep 24 17:07:00.284 INF API: test ended suite=0 test=2695 pass=false
Sep 24 17:07:00.285 INF API: test started suite=0 test=2696 name="interop/typed-zero-cap-positive-tip/trace/trace-stateDiff-vmTrace (reth_release)"
Sep 24 17:07:00.286 INF API: test ended suite=0 test=2696 pass=false
Sep 24 17:07:00.287 INF API: test started suite=0 test=2697 name="interop/typed-zero-cap-positive-tip/trace/trace-stateDiff (reth_release)"
Sep 24 17:07:00.288 INF API: test ended suite=0 test=2697 pass=false
Sep 24 17:07:00.289 INF API: test started suite=0 test=2698 name="interop/typed-zero-cap-positive-tip/trace/trace-vmTrace (reth_release)"
Sep 24 17:07:00.290 INF API: test ended suite=0 test=2698 pass=false
Sep 24 17:07:00.291 INF API: test started suite=0 test=2699 name="interop/typed-zero-cap-positive-tip/trace/trace (reth_release)"
Sep 24 17:07:00.292 INF API: test ended suite=0 test=2699 pass=false
Sep 24 17:07:00.293 INF API: test started suite=0 test=2700 name="interop/typed-zero-cap-positive-tip/trace/vmTrace (reth_release)"
Sep 24 17:07:00.294 INF API: test ended suite=0 test=2700 pass=false
Sep 24 17:07:00.295 INF API: test started suite=0 test=2701 name="interop/typed-zero-tip/eth (reth_release)"
Sep 24 17:07:00.296 INF API: test ended suite=0 test=2701 pass=false
Sep 24 17:07:00.297 INF API: test started suite=0 test=2702 name="interop/typed-zero-tip/trace/none (reth_release)"
Sep 24 17:07:00.298 INF API: test ended suite=0 test=2702 pass=false
Sep 24 17:07:00.299 INF API: test started suite=0 test=2703 name="interop/typed-zero-tip/trace/stateDiff-vmTrace (reth_release)"
Sep 24 17:07:00.301 INF API: test ended suite=0 test=2703 pass=false
Sep 24 17:07:00.301 INF API: test started suite=0 test=2704 name="interop/typed-zero-tip/trace/stateDiff (reth_release)"
Sep 24 17:07:00.303 INF API: test ended suite=0 test=2704 pass=false
Sep 24 17:07:00.304 INF API: test started suite=0 test=2705 name="interop/typed-zero-tip/trace/trace-stateDiff-vmTrace (reth_release)"
Sep 24 17:07:00.306 INF API: test ended suite=0 test=2705 pass=false
Sep 24 17:07:00.307 INF API: test started suite=0 test=2706 name="interop/typed-zero-tip/trace/trace-stateDiff (reth_release)"
Sep 24 17:07:00.308 INF API: test ended suite=0 test=2706 pass=false
Sep 24 17:07:00.309 INF API: test started suite=0 test=2707 name="interop/typed-zero-tip/trace/trace-vmTrace (reth_release)"
Sep 24 17:07:00.311 INF API: test ended suite=0 test=2707 pass=false
Sep 24 17:07:00.312 INF API: test started suite=0 test=2708 name="interop/typed-zero-tip/trace/trace (reth_release)"
Sep 24 17:07:00.313 INF API: test ended suite=0 test=2708 pass=false
Sep 24 17:07:00.314 INF API: test started suite=0 test=2709 name="interop/typed-zero-tip/trace/vmTrace (reth_release)"
Sep 24 17:07:00.317 INF API: test ended suite=0 test=2709 pass=false
Sep 24 17:07:00.612 INF API: test ended suite=0 test=2409 pass=true
Sep 24 17:07:00.629 INF API: suite ended suite=0
Sep 24 17:07:01.034 INF simulation ethereum/rpc-compat finished suites=1 tests=2709 failed=2700
2700 tests failed
